pais,producto,metrica,valor,unidad,periodo_referencia,fuente,url,fecha_publicacion,tramo_importe,plazo_fijacion,criterio_segmentacion,tipo_de_dato,ponderacion,notas
Espana,linea_credito_circulante,tipo (revolving y descubiertos) | Bank interest rates - revolving loans & overdrafts to corporations,4.06,pct_anual,2025-01,"BCE, ECB Data Portal, dataset MIR",https://data.ecb.europa.eu/data/datasets/MIR/MIR.MIR.M.ES.B.A2Z1.A.R.A.2240.EUR.N,2026-09-16,Total,Total original maturity,tamano_prestamo,nivel,media_ponderada_volumen,serie MIR.M.ES.B.A2Z1.A.R.A.2240.EUR.N
Espana,linea_credito_circulante,tipo (revolving y descubiertos) | Bank interest rates - revolving loans & overdrafts to corporations,3.92,pct_anual,2025-02,"BCE, ECB Data Portal, dataset MIR",https://data.ecb.europa.eu/data/datasets/MIR/MIR.MIR.M.ES.B.A2Z1.A.R.A.2240.EUR.N,2026-09-16,Total,Total original maturity,tamano_prestamo,nivel,media_ponderada_volumen,serie MIR.M.ES.B.A2Z1.A.R.A.2240.EUR.N
Espana,linea_credito_circulante,tipo (revolving y descubiertos) | Bank interest rates - revolving loans & overdrafts to corporations,3.87,pct_anual,2025-03,"BCE, ECB Data Portal, dataset MIR",https://data.ecb.europa.eu/data/datasets/MIR/MIR.MIR.M.ES.B.A2Z1.A.R.A.2240.EUR.N,2026-09-16,Total,Total original maturity,tamano_prestamo,nivel,media_ponderada_volumen,serie MIR.M.ES.B.A2Z1.A.R.A.2240.EUR.N
Espana,linea_credito_circulante,tipo (revolving y descubiertos) | Bank interest rates - revolving loans & overdrafts to corporations,3.79,pct_anual,2025-04,"BCE, ECB Data Portal, dataset MIR",https://data.ecb.europa.eu/data/datasets/MIR/MIR.MIR.M.ES.B.A2Z1.A.R.A.2240.EUR.N,2026-09-16,Total,Total original maturity,tamano_prestamo,nivel,media_ponderada_volumen,serie MIR.M.ES.B.A2Z1.A.R.A.2240.EUR.N
Espana,linea_credito_circulante,tipo (revolving y descubiertos) | Bank interest rates - revolving loans & overdrafts to corporations,3.74,pct_anual,2025-05,"BCE, ECB Data Portal, dataset MIR",https://data.ecb.europa.eu/data/datasets/MIR/MIR.MIR.M.ES.B.A2Z1.A.R.A.2240.EUR.N,2026-09-16,Total,Total original maturity,tamano_prestamo,nivel,media_ponderada_volumen,serie MIR.M.ES.B.A2Z1.A.R.A.2240.EUR.N
Espana,linea_credito_circulante,tipo (revolving y descubiertos) | Bank interest rates - revolving loans & overdrafts to corporations,3.68,pct_anual,2025-06,"BCE, ECB Data Portal, dataset MIR",https://data.ecb.europa.eu/data/datasets/MIR/MIR.MIR.M.ES.B.A2Z1.A.R.A.2240.EUR.N,2026-09-16,Total,Total original maturity,tamano_prestamo,nivel,media_ponderada_volumen,serie MIR.M.ES.B.A2Z1.A.R.A.2240.EUR.N
Espana,linea_credito_circulante,tipo (revolving y descubiertos) | Bank interest rates - revolving loans & overdrafts to corporations,3.54,pct_anual,2025-07,"BCE, ECB Data Portal, dataset MIR",https://data.ecb.europa.eu/data/datasets/MIR/MIR.MIR.M.ES.B.A2Z1.A.R.A.2240.EUR.N,2026-09-16,Total,Total original maturity,tamano_prestamo,nivel,media_ponderada_volumen,serie MIR.M.ES.B.A2Z1.A.R.A.2240.EUR.N
Espana,linea_credito_circulante,tipo (revolving y descubiertos) | Bank interest rates - revolving loans & overdrafts to corporations,3.52,pct_anual,2025-08,"BCE, ECB Data Portal, dataset MIR",https://data.ecb.europa.eu/data/datasets/MIR/MIR.MIR.M.ES.B.A2Z1.A.R.A.2240.EUR.N,2026-09-16,Total,Total original maturity,tamano_prestamo,nivel,media_ponderada_volumen,serie MIR.M.ES.B.A2Z1.A.R.A.2240.EUR.N
Espana,linea_credito_circulante,tipo (revolving y descubiertos) | Bank interest rates - revolving loans & overdrafts to corporations,3.5,pct_anual,2025-09,"BCE, ECB Data Portal, dataset MIR",https://data.ecb.europa.eu/data/datasets/MIR/MIR.MIR.M.ES.B.A2Z1.A.R.A.2240.EUR.N,2026-09-16,Total,Total original maturity,tamano_prestamo,nivel,media_ponderada_volumen,serie MIR.M.ES.B.A2Z1.A.R.A.2240.EUR.N
Espana,linea_credito_circulante,tipo (revolving y descubiertos) | Bank interest rates - revolving loans & overdrafts to corporations,3.57,pct_anual,2025-10,"BCE, ECB Data Portal, dataset MIR",https://data.ecb.europa.eu/data/datasets/MIR/MIR.MIR.M.ES.B.A2Z1.A.R.A.2240.EUR.N,2026-09-16,Total,Total original maturity,tamano_prestamo,nivel,media_ponderada_volumen,serie MIR.M.ES.B.A2Z1.A.R.A.2240.EUR.N
Espana,linea_credito_circulante,tipo (revolving y descubiertos) | Bank interest rates - revolving loans & overdrafts to corporations,3.51,pct_anual,2025-11,"BCE, ECB Data Portal, dataset MIR",https://data.ecb.europa.eu/data/datasets/MIR/MIR.MIR.M.ES.B.A2Z1.A.R.A.2240.EUR.N,2026-09-16,Total,Total original maturity,tamano_prestamo,nivel,media_ponderada_volumen,serie MIR.M.ES.B.A2Z1.A.R.A.2240.EUR.N
Espana,linea_credito_circulante,tipo (revolving y descubiertos) | Bank interest rates - revolving loans & overdrafts to corporations,3.51,pct_anual,2025-12,"BCE, ECB Data Portal, dataset MIR",https://data.ecb.europa.eu/data/datasets/MIR/MIR.MIR.M.ES.B.A2Z1.A.R.A.2240.EUR.N,2026-09-16,Total,Total original maturity,tamano_prestamo,nivel,media_ponderada_volumen,serie MIR.M.ES.B.A2Z1.A.R.A.2240.EUR.N
Espana,linea_credito_circulante,tipo (revolving y descubiertos) | Bank interest rates - revolving loans & overdrafts to corporations,3.46,pct_anual,2026-01,"BCE, ECB Data Portal, dataset MIR",https://data.ecb.europa.eu/data/datasets/MIR/MIR.MIR.M.ES.B.A2Z1.A.R.A.2240.EUR.N,2026-09-16,Total,Total original maturity,tamano_prestamo,nivel,media_ponderada_volumen,serie MIR.M.ES.B.A2Z1.A.R.A.2240.EUR.N
Espana,linea_credito_circulante,tipo (revolving y descubiertos) | Bank interest rates - revolving loans & overdrafts to corporations,3.44,pct_anual,2026-02,"BCE, ECB Data Portal, dataset MIR",https://data.ecb.europa.eu/data/datasets/MIR/MIR.MIR.M.ES.B.A2Z1.A.R.A.2240.EUR.N,2026-09-16,Total,Total original maturity,tamano_prestamo,nivel,media_ponderada_volumen,serie MIR.M.ES.B.A2Z1.A.R.A.2240.EUR.N
Espana,linea_credito_circulante,tipo (revolving y descubiertos) | Bank interest rates - revolving loans & overdrafts to corporations,3.5,pct_anual,2026-03,"BCE, ECB Data Portal, dataset MIR",https://data.ecb.europa.eu/data/datasets/MIR/MIR.MIR.M.ES.B.A2Z1.A.R.A.2240.EUR.N,2026-09-16,Total,Total original maturity,tamano_prestamo,nivel,media_ponderada_volumen,serie MIR.M.ES.B.A2Z1.A.R.A.2240.EUR.N
Espana,linea_credito_circulante,tipo (revolving y descubiertos) | Bank interest rates - revolving loans & overdrafts to corporations,3.57,pct_anual,2026-04,"BCE, ECB Data Portal, dataset MIR",https://data.ecb.europa.eu/data/datasets/MIR/MIR.MIR.M.ES.B.A2Z1.A.R.A.2240.EUR.N,2026-09-16,Total,Total original maturity,tamano_prestamo,nivel,media_ponderada_volumen,serie MIR.M.ES.B.A2Z1.A.R.A.2240.EUR.N
Espana,linea_credito_circulante,tipo (revolving y descubiertos) | Bank interest rates - revolving loans & overdrafts to corporations,3.6,pct_anual,2026-05,"BCE, ECB Data Portal, dataset MIR",https://data.ecb.europa.eu/data/datasets/MIR/MIR.MIR.M.ES.B.A2Z1.A.R.A.2240.EUR.N,2026-09-16,Total,Total original maturity,tamano_prestamo,nivel,media_ponderada_volumen,serie MIR.M.ES.B.A2Z1.A.R.A.2240.EUR.N
Espana,linea_credito_circulante,tipo (revolving y descubiertos) | Bank interest rates - revolving loans & overdrafts to corporations,3.71,pct_anual,2026-06,"BCE, ECB Data Portal, dataset MIR",https://data.ecb.europa.eu/data/datasets/MIR/MIR.MIR.M.ES.B.A2Z1.A.R.A.2240.EUR.N,2026-09-16,Total,Total original maturity,tamano_prestamo,nivel,media_ponderada_volumen,serie MIR.M.ES.B.A2Z1.A.R.A.2240.EUR.N
Espana,linea_credito_circulante,tipo (revolving y descubiertos) | Bank interest rates - revolving loans & overdrafts to corporations,3.75,pct_anual,2026-07,"BCE, ECB Data Portal, dataset MIR",https://data.ecb.europa.eu/data/datasets/MIR/MIR.MIR.M.ES.B.A2Z1.A.R.A.2240.EUR.N,2026-09-16,Total,Total original maturity,tamano_prestamo,nivel,media_ponderada_volumen,serie MIR.M.ES.B.A2Z1.A.R.A.2240.EUR.N; OBS_STATUS=P (no definitivo)
Espana,linea_credito_circulante,"tipo (revolving, descubiertos y tarjeta) | Bank interest rates - revolving loans & overdrafts, convenience & extended credit card credit to corporations",4.06,pct_anual,2025-01,"BCE, ECB Data Portal, dataset MIR",https://data.ecb.europa.eu/data/datasets/MIR/MIR.MIR.M.ES.B.A2Z.A.R.A.2240.EUR.N,2026-09-16,Total,Total original maturity,tamano_prestamo,nivel,media_ponderada_volumen,serie MIR.M.ES.B.A2Z.A.R.A.2240.EUR.N
Espana,linea_credito_circulante,"tipo (revolving, descubiertos y tarjeta) | Bank interest rates - revolving loans & overdrafts, convenience & extended credit card credit to corporations",3.93,pct_anual,2025-02,"BCE, ECB Data Portal, dataset MIR",https://data.ecb.europa.eu/data/datasets/MIR/MIR.MIR.M.ES.B.A2Z.A.R.A.2240.EUR.N,2026-09-16,Total,Total original maturity,tamano_prestamo,nivel,media_ponderada_volumen,serie MIR.M.ES.B.A2Z.A.R.A.2240.EUR.N
Espana,linea_credito_circulante,"tipo (revolving, descubiertos y tarjeta) | Bank interest rates - revolving loans & overdrafts, convenience & extended credit card credit to corporations",3.87,pct_anual,2025-03,"BCE, ECB Data Portal, dataset MIR",https://data.ecb.europa.eu/data/datasets/MIR/MIR.MIR.M.ES.B.A2Z.A.R.A.2240.EUR.N,2026-09-16,Total,Total original maturity,tamano_prestamo,nivel,media_ponderada_volumen,serie MIR.M.ES.B.A2Z.A.R.A.2240.EUR.N
Espana,linea_credito_circulante,"tipo (revolving, descubiertos y tarjeta) | Bank interest rates - revolving loans & overdrafts, convenience & extended credit card credit to corporations",3.8,pct_anual,2025-04,"BCE, ECB Data Portal, dataset MIR",https://data.ecb.europa.eu/data/datasets/MIR/MIR.MIR.M.ES.B.A2Z.A.R.A.2240.EUR.N,2026-09-16,Total,Total original maturity,tamano_prestamo,nivel,media_ponderada_volumen,serie MIR.M.ES.B.A2Z.A.R.A.2240.EUR.N
Espana,linea_credito_circulante,"tipo (revolving, descubiertos y tarjeta) | Bank interest rates - revolving loans & overdrafts, convenience & extended credit card credit to corporations",3.75,pct_anual,2025-05,"BCE, ECB Data Portal, dataset MIR",https://data.ecb.europa.eu/data/datasets/MIR/MIR.MIR.M.ES.B.A2Z.A.R.A.2240.EUR.N,2026-09-16,Total,Total original maturity,tamano_prestamo,nivel,media_ponderada_volumen,serie MIR.M.ES.B.A2Z.A.R.A.2240.EUR.N
Espana,linea_credito_circulante,"tipo (revolving, descubiertos y tarjeta) | Bank interest rates - revolving loans & overdrafts, convenience & extended credit card credit to corporations",3.69,pct_anual,2025-06,"BCE, ECB Data Portal, dataset MIR",https://data.ecb.europa.eu/data/datasets/MIR/MIR.MIR.M.ES.B.A2Z.A.R.A.2240.EUR.N,2026-09-16,Total,Total original maturity,tamano_prestamo,nivel,media_ponderada_volumen,serie MIR.M.ES.B.A2Z.A.R.A.2240.EUR.N
Espana,linea_credito_circulante,"tipo (revolving, descubiertos y tarjeta) | Bank interest rates - revolving loans & overdrafts, convenience & extended credit card credit to corporations",3.55,pct_anual,2025-07,"BCE, ECB Data Portal, dataset MIR",https://data.ecb.europa.eu/data/datasets/MIR/MIR.MIR.M.ES.B.A2Z.A.R.A.2240.EUR.N,2026-09-16,Total,Total original maturity,tamano_prestamo,nivel,media_ponderada_volumen,serie MIR.M.ES.B.A2Z.A.R.A.2240.EUR.N
Espana,linea_credito_circulante,"tipo (revolving, descubiertos y tarjeta) | Bank interest rates - revolving loans & overdrafts, convenience & extended credit card credit to corporations",3.53,pct_anual,2025-08,"BCE, ECB Data Portal, dataset MIR",https://data.ecb.europa.eu/data/datasets/MIR/MIR.MIR.M.ES.B.A2Z.A.R.A.2240.EUR.N,2026-09-16,Total,Total original maturity,tamano_prestamo,nivel,media_ponderada_volumen,serie MIR.M.ES.B.A2Z.A.R.A.2240.EUR.N
Espana,linea_credito_circulante,"tipo (revolving, descubiertos y tarjeta) | Bank interest rates - revolving loans & overdrafts, convenience & extended credit card credit to corporations",3.51,pct_anual,2025-09,"BCE, ECB Data Portal, dataset MIR",https://data.ecb.europa.eu/data/datasets/MIR/MIR.MIR.M.ES.B.A2Z.A.R.A.2240.EUR.N,2026-09-16,Total,Total original maturity,tamano_prestamo,nivel,media_ponderada_volumen,serie MIR.M.ES.B.A2Z.A.R.A.2240.EUR.N
Espana,linea_credito_circulante,"tipo (revolving, descubiertos y tarjeta) | Bank interest rates - revolving loans & overdrafts, convenience & extended credit card credit to corporations",3.57,pct_anual,2025-10,"BCE, ECB Data Portal, dataset MIR",https://data.ecb.europa.eu/data/datasets/MIR/MIR.MIR.M.ES.B.A2Z.A.R.A.2240.EUR.N,2026-09-16,Total,Total original maturity,tamano_prestamo,nivel,media_ponderada_volumen,serie MIR.M.ES.B.A2Z.A.R.A.2240.EUR.N
Espana,linea_credito_circulante,"tipo (revolving, descubiertos y tarjeta) | Bank interest rates - revolving loans & overdrafts, convenience & extended credit card credit to corporations",3.51,pct_anual,2025-11,"BCE, ECB Data Portal, dataset MIR",https://data.ecb.europa.eu/data/datasets/MIR/MIR.MIR.M.ES.B.A2Z.A.R.A.2240.EUR.N,2026-09-16,Total,Total original maturity,tamano_prestamo,nivel,media_ponderada_volumen,serie MIR.M.ES.B.A2Z.A.R.A.2240.EUR.N
Espana,linea_credito_circulante,"tipo (revolving, descubiertos y tarjeta) | Bank interest rates - revolving loans & overdrafts, convenience & extended credit card credit to corporations",3.51,pct_anual,2025-12,"BCE, ECB Data Portal, dataset MIR",https://data.ecb.europa.eu/data/datasets/MIR/MIR.MIR.M.ES.B.A2Z.A.R.A.2240.EUR.N,2026-09-16,Total,Total original maturity,tamano_prestamo,nivel,media_ponderada_volumen,serie MIR.M.ES.B.A2Z.A.R.A.2240.EUR.N
Espana,linea_credito_circulante,"tipo (revolving, descubiertos y tarjeta) | Bank interest rates - revolving loans & overdrafts, convenience & extended credit card credit to corporations",3.47,pct_anual,2026-01,"BCE, ECB Data Portal, dataset MIR",https://data.ecb.europa.eu/data/datasets/MIR/MIR.MIR.M.ES.B.A2Z.A.R.A.2240.EUR.N,2026-09-16,Total,Total original maturity,tamano_prestamo,nivel,media_ponderada_volumen,serie MIR.M.ES.B.A2Z.A.R.A.2240.EUR.N
Espana,linea_credito_circulante,"tipo (revolving, descubiertos y tarjeta) | Bank interest rates - revolving loans & overdrafts, convenience & extended credit card credit to corporations",3.44,pct_anual,2026-02,"BCE, ECB Data Portal, dataset MIR",https://data.ecb.europa.eu/data/datasets/MIR/MIR.MIR.M.ES.B.A2Z.A.R.A.2240.EUR.N,2026-09-16,Total,Total original maturity,tamano_prestamo,nivel,media_ponderada_volumen,serie MIR.M.ES.B.A2Z.A.R.A.2240.EUR.N
Espana,linea_credito_circulante,"tipo (revolving, descubiertos y tarjeta) | Bank interest rates - revolving loans & overdrafts, convenience & extended credit card credit to corporations",3.5,pct_anual,2026-03,"BCE, ECB Data Portal, dataset MIR",https://data.ecb.europa.eu/data/datasets/MIR/MIR.MIR.M.ES.B.A2Z.A.R.A.2240.EUR.N,2026-09-16,Total,Total original maturity,tamano_prestamo,nivel,media_ponderada_volumen,serie MIR.M.ES.B.A2Z.A.R.A.2240.EUR.N
Espana,linea_credito_circulante,"tipo (revolving, descubiertos y tarjeta) | Bank interest rates - revolving loans & overdrafts, convenience & extended credit card credit to corporations",3.57,pct_anual,2026-04,"BCE, ECB Data Portal, dataset MIR",https://data.ecb.europa.eu/data/datasets/MIR/MIR.MIR.M.ES.B.A2Z.A.R.A.2240.EUR.N,2026-09-16,Total,Total original maturity,tamano_prestamo,nivel,media_ponderada_volumen,serie MIR.M.ES.B.A2Z.A.R.A.2240.EUR.N
Espana,linea_credito_circulante,"tipo (revolving, descubiertos y tarjeta) | Bank interest rates - revolving loans & overdrafts, convenience & extended credit card credit to corporations",3.6,pct_anual,2026-05,"BCE, ECB Data Portal, dataset MIR",https://data.ecb.europa.eu/data/datasets/MIR/MIR.MIR.M.ES.B.A2Z.A.R.A.2240.EUR.N,2026-09-16,Total,Total original maturity,tamano_prestamo,nivel,media_ponderada_volumen,serie MIR.M.ES.B.A2Z.A.R.A.2240.EUR.N
Espana,linea_credito_circulante,"tipo (revolving, descubiertos y tarjeta) | Bank interest rates - revolving loans & overdrafts, convenience & extended credit card credit to corporations",3.7,pct_anual,2026-06,"BCE, ECB Data Portal, dataset MIR",https://data.ecb.europa.eu/data/datasets/MIR/MIR.MIR.M.ES.B.A2Z.A.R.A.2240.EUR.N,2026-09-16,Total,Total original maturity,tamano_prestamo,nivel,media_ponderada_volumen,serie MIR.M.ES.B.A2Z.A.R.A.2240.EUR.N
Espana,linea_credito_circulante,"tipo (revolving, descubiertos y tarjeta) | Bank interest rates - revolving loans & overdrafts, convenience & extended credit card credit to corporations",3.74,pct_anual,2026-07,"BCE, ECB Data Portal, dataset MIR",https://data.ecb.europa.eu/data/datasets/MIR/MIR.MIR.M.ES.B.A2Z.A.R.A.2240.EUR.N,2026-09-16,Total,Total original maturity,tamano_prestamo,nivel,media_ponderada_volumen,serie MIR.M.ES.B.A2Z.A.R.A.2240.EUR.N; OBS_STATUS=P (no definitivo)
Alemania,linea_credito_circulante,tipo (revolving y descubiertos) | Bank interest rates - revolving loans & overdrafts to corporations,5.66,pct_anual,2025-01,"BCE, ECB Data Portal, dataset MIR",https://data.ecb.europa.eu/data/datasets/MIR/MIR.MIR.M.DE.B.A2Z1.A.R.A.2240.EUR.N,2026-09-16,Total,Total original maturity,tamano_prestamo,nivel,media_ponderada_volumen,serie MIR.M.DE.B.A2Z1.A.R.A.2240.EUR.N
Alemania,linea_credito_circulante,tipo (revolving y descubiertos) | Bank interest rates - revolving loans & overdrafts to corporations,5.54,pct_anual,2025-02,"BCE, ECB Data Portal, dataset MIR",https://data.ecb.europa.eu/data/datasets/MIR/MIR.MIR.M.DE.B.A2Z1.A.R.A.2240.EUR.N,2026-09-16,Total,Total original maturity,tamano_prestamo,nivel,media_ponderada_volumen,serie MIR.M.DE.B.A2Z1.A.R.A.2240.EUR.N
Alemania,linea_credito_circulante,tipo (revolving y descubiertos) | Bank interest rates - revolving loans & overdrafts to corporations,5.43,pct_anual,2025-03,"BCE, ECB Data Portal, dataset MIR",https://data.ecb.europa.eu/data/datasets/MIR/MIR.MIR.M.DE.B.A2Z1.A.R.A.2240.EUR.N,2026-09-16,Total,Total original maturity,tamano_prestamo,nivel,media_ponderada_volumen,serie MIR.M.DE.B.A2Z1.A.R.A.2240.EUR.N
Alemania,linea_credito_circulante,tipo (revolving y descubiertos) | Bank interest rates - revolving loans & overdrafts to corporations,5.18,pct_anual,2025-04,"BCE, ECB Data Portal, dataset MIR",https://data.ecb.europa.eu/data/datasets/MIR/MIR.MIR.M.DE.B.A2Z1.A.R.A.2240.EUR.N,2026-09-16,Total,Total original maturity,tamano_prestamo,nivel,media_ponderada_volumen,serie MIR.M.DE.B.A2Z1.A.R.A.2240.EUR.N
Alemania,linea_credito_circulante,tipo (revolving y descubiertos) | Bank interest rates - revolving loans & overdrafts to corporations,5.09,pct_anual,2025-05,"BCE, ECB Data Portal, dataset MIR",https://data.ecb.europa.eu/data/datasets/MIR/MIR.MIR.M.DE.B.A2Z1.A.R.A.2240.EUR.N,2026-09-16,Total,Total original maturity,tamano_prestamo,nivel,media_ponderada_volumen,serie MIR.M.DE.B.A2Z1.A.R.A.2240.EUR.N
Alemania,linea_credito_circulante,tipo (revolving y descubiertos) | Bank interest rates - revolving loans & overdrafts to corporations,5.06,pct_anual,2025-06,"BCE, ECB Data Portal, dataset MIR",https://data.ecb.europa.eu/data/datasets/MIR/MIR.MIR.M.DE.B.A2Z1.A.R.A.2240.EUR.N,2026-09-16,Total,Total original maturity,tamano_prestamo,nivel,media_ponderada_volumen,serie MIR.M.DE.B.A2Z1.A.R.A.2240.EUR.N
Alemania,linea_credito_circulante,tipo (revolving y descubiertos) | Bank interest rates - revolving loans & overdrafts to corporations,4.83,pct_anual,2025-07,"BCE, ECB Data Portal, dataset MIR",https://data.ecb.europa.eu/data/datasets/MIR/MIR.MIR.M.DE.B.A2Z1.A.R.A.2240.EUR.N,2026-09-16,Total,Total original maturity,tamano_prestamo,nivel,media_ponderada_volumen,serie MIR.M.DE.B.A2Z1.A.R.A.2240.EUR.N
Alemania,linea_credito_circulante,tipo (revolving y descubiertos) | Bank interest rates - revolving loans & overdrafts to corporations,4.77,pct_anual,2025-08,"BCE, ECB Data Portal, dataset MIR",https://data.ecb.europa.eu/data/datasets/MIR/MIR.MIR.M.DE.B.A2Z1.A.R.A.2240.EUR.N,2026-09-16,Total,Total original maturity,tamano_prestamo,nivel,media_ponderada_volumen,serie MIR.M.DE.B.A2Z1.A.R.A.2240.EUR.N
Alemania,linea_credito_circulante,tipo (revolving y descubiertos) | Bank interest rates - revolving loans & overdrafts to corporations,4.88,pct_anual,2025-09,"BCE, ECB Data Portal, dataset MIR",https://data.ecb.europa.eu/data/datasets/MIR/MIR.MIR.M.DE.B.A2Z1.A.R.A.2240.EUR.N,2026-09-16,Total,Total original maturity,tamano_prestamo,nivel,media_ponderada_volumen,serie MIR.M.DE.B.A2Z1.A.R.A.2240.EUR.N
Alemania,linea_credito_circulante,tipo (revolving y descubiertos) | Bank interest rates - revolving loans & overdrafts to corporations,4.87,pct_anual,2025-10,"BCE, ECB Data Portal, dataset MIR",https://data.ecb.europa.eu/data/datasets/MIR/MIR.MIR.M.DE.B.A2Z1.A.R.A.2240.EUR.N,2026-09-16,Total,Total original maturity,tamano_prestamo,nivel,media_ponderada_volumen,serie MIR.M.DE.B.A2Z1.A.R.A.2240.EUR.N
Alemania,linea_credito_circulante,tipo (revolving y descubiertos) | Bank interest rates - revolving loans & overdrafts to corporations,4.86,pct_anual,2025-11,"BCE, ECB Data Portal, dataset MIR",https://data.ecb.europa.eu/data/datasets/MIR/MIR.MIR.M.DE.B.A2Z1.A.R.A.2240.EUR.N,2026-09-16,Total,Total original maturity,tamano_prestamo,nivel,media_ponderada_volumen,serie MIR.M.DE.B.A2Z1.A.R.A.2240.EUR.N
Alemania,linea_credito_circulante,tipo (revolving y descubiertos) | Bank interest rates - revolving loans & overdrafts to corporations,4.88,pct_anual,2025-12,"BCE, ECB Data Portal, dataset MIR",https://data.ecb.europa.eu/data/datasets/MIR/MIR.MIR.M.DE.B.A2Z1.A.R.A.2240.EUR.N,2026-09-16,Total,Total original maturity,tamano_prestamo,nivel,media_ponderada_volumen,serie MIR.M.DE.B.A2Z1.A.R.A.2240.EUR.N
Alemania,linea_credito_circulante,tipo (revolving y descubiertos) | Bank interest rates - revolving loans & overdrafts to corporations,4.91,pct_anual,2026-01,"BCE, ECB Data Portal, dataset MIR",https://data.ecb.europa.eu/data/datasets/MIR/MIR.MIR.M.DE.B.A2Z1.A.R.A.2240.EUR.N,2026-09-16,Total,Total original maturity,tamano_prestamo,nivel,media_ponderada_volumen,serie MIR.M.DE.B.A2Z1.A.R.A.2240.EUR.N
Alemania,linea_credito_circulante,tipo (revolving y descubiertos) | Bank interest rates - revolving loans & overdrafts to corporations,4.92,pct_anual,2026-02,"BCE, ECB Data Portal, dataset MIR",https://data.ecb.europa.eu/data/datasets/MIR/MIR.MIR.M.DE.B.A2Z1.A.R.A.2240.EUR.N,2026-09-16,Total,Total original maturity,tamano_prestamo,nivel,media_ponderada_volumen,serie MIR.M.DE.B.A2Z1.A.R.A.2240.EUR.N
Alemania,linea_credito_circulante,tipo (revolving y descubiertos) | Bank interest rates - revolving loans & overdrafts to corporations,4.93,pct_anual,2026-03,"BCE, ECB Data Portal, dataset MIR",https://data.ecb.europa.eu/data/datasets/MIR/MIR.MIR.M.DE.B.A2Z1.A.R.A.2240.EUR.N,2026-09-16,Total,Total original maturity,tamano_prestamo,nivel,media_ponderada_volumen,serie MIR.M.DE.B.A2Z1.A.R.A.2240.EUR.N
Alemania,linea_credito_circulante,tipo (revolving y descubiertos) | Bank interest rates - revolving loans & overdrafts to corporations,4.91,pct_anual,2026-04,"BCE, ECB Data Portal, dataset MIR",https://data.ecb.europa.eu/data/datasets/MIR/MIR.MIR.M.DE.B.A2Z1.A.R.A.2240.EUR.N,2026-09-16,Total,Total original maturity,tamano_prestamo,nivel,media_ponderada_volumen,serie MIR.M.DE.B.A2Z1.A.R.A.2240.EUR.N
Alemania,linea_credito_circulante,tipo (revolving y descubiertos) | Bank interest rates - revolving loans & overdrafts to corporations,4.9,pct_anual,2026-05,"BCE, ECB Data Portal, dataset MIR",https://data.ecb.europa.eu/data/datasets/MIR/MIR.MIR.M.DE.B.A2Z1.A.R.A.2240.EUR.N,2026-09-16,Total,Total original maturity,tamano_prestamo,nivel,media_ponderada_volumen,serie MIR.M.DE.B.A2Z1.A.R.A.2240.EUR.N
Alemania,linea_credito_circulante,tipo (revolving y descubiertos) | Bank interest rates - revolving loans & overdrafts to corporations,5.06,pct_anual,2026-06,"BCE, ECB Data Portal, dataset MIR",https://data.ecb.europa.eu/data/datasets/MIR/MIR.MIR.M.DE.B.A2Z1.A.R.A.2240.EUR.N,2026-09-16,Total,Total original maturity,tamano_prestamo,nivel,media_ponderada_volumen,serie MIR.M.DE.B.A2Z1.A.R.A.2240.EUR.N
Alemania,linea_credito_circulante,tipo (revolving y descubiertos) | Bank interest rates - revolving loans & overdrafts to corporations,5.01,pct_anual,2026-07,"BCE, ECB Data Portal, dataset MIR",https://data.ecb.europa.eu/data/datasets/MIR/MIR.MIR.M.DE.B.A2Z1.A.R.A.2240.EUR.N,2026-09-16,Total,Total original maturity,tamano_prestamo,nivel,media_ponderada_volumen,serie MIR.M.DE.B.A2Z1.A.R.A.2240.EUR.N; OBS_STATUS=P (no definitivo)
Alemania,linea_credito_circulante,"tipo (revolving, descubiertos y tarjeta) | Bank interest rates - revolving loans & overdrafts, convenience & extended credit card credit to corporations",5.63,pct_anual,2025-01,"BCE, ECB Data Portal, dataset MIR",https://data.ecb.europa.eu/data/datasets/MIR/MIR.MIR.M.DE.B.A2Z.A.R.A.2240.EUR.N,2026-09-16,Total,Total original maturity,tamano_prestamo,nivel,media_ponderada_volumen,serie MIR.M.DE.B.A2Z.A.R.A.2240.EUR.N
Alemania,linea_credito_circulante,"tipo (revolving, descubiertos y tarjeta) | Bank interest rates - revolving loans & overdrafts, convenience & extended credit card credit to corporations",5.51,pct_anual,2025-02,"BCE, ECB Data Portal, dataset MIR",https://data.ecb.europa.eu/data/datasets/MIR/MIR.MIR.M.DE.B.A2Z.A.R.A.2240.EUR.N,2026-09-16,Total,Total original maturity,tamano_prestamo,nivel,media_ponderada_volumen,serie MIR.M.DE.B.A2Z.A.R.A.2240.EUR.N
Alemania,linea_credito_circulante,"tipo (revolving, descubiertos y tarjeta) | Bank interest rates - revolving loans & overdrafts, convenience & extended credit card credit to corporations",5.4,pct_anual,2025-03,"BCE, ECB Data Portal, dataset MIR",https://data.ecb.europa.eu/data/datasets/MIR/MIR.MIR.M.DE.B.A2Z.A.R.A.2240.EUR.N,2026-09-16,Total,Total original maturity,tamano_prestamo,nivel,media_ponderada_volumen,serie MIR.M.DE.B.A2Z.A.R.A.2240.EUR.N
Alemania,linea_credito_circulante,"tipo (revolving, descubiertos y tarjeta) | Bank interest rates - revolving loans & overdrafts, convenience & extended credit card credit to corporations",5.15,pct_anual,2025-04,"BCE, ECB Data Portal, dataset MIR",https://data.ecb.europa.eu/data/datasets/MIR/MIR.MIR.M.DE.B.A2Z.A.R.A.2240.EUR.N,2026-09-16,Total,Total original maturity,tamano_prestamo,nivel,media_ponderada_volumen,serie MIR.M.DE.B.A2Z.A.R.A.2240.EUR.N
Alemania,linea_credito_circulante,"tipo (revolving, descubiertos y tarjeta) | Bank interest rates - revolving loans & overdrafts, convenience & extended credit card credit to corporations",5.06,pct_anual,2025-05,"BCE, ECB Data Portal, dataset MIR",https://data.ecb.europa.eu/data/datasets/MIR/MIR.MIR.M.DE.B.A2Z.A.R.A.2240.EUR.N,2026-09-16,Total,Total original maturity,tamano_prestamo,nivel,media_ponderada_volumen,serie MIR.M.DE.B.A2Z.A.R.A.2240.EUR.N
Alemania,linea_credito_circulante,"tipo (revolving, descubiertos y tarjeta) | Bank interest rates - revolving loans & overdrafts, convenience & extended credit card credit to corporations",5.03,pct_anual,2025-06,"BCE, ECB Data Portal, dataset MIR",https://data.ecb.europa.eu/data/datasets/MIR/MIR.MIR.M.DE.B.A2Z.A.R.A.2240.EUR.N,2026-09-16,Total,Total original maturity,tamano_prestamo,nivel,media_ponderada_volumen,serie MIR.M.DE.B.A2Z.A.R.A.2240.EUR.N
Alemania,linea_credito_circulante,"tipo (revolving, descubiertos y tarjeta) | Bank interest rates - revolving loans & overdrafts, convenience & extended credit card credit to corporations",4.81,pct_anual,2025-07,"BCE, ECB Data Portal, dataset MIR",https://data.ecb.europa.eu/data/datasets/MIR/MIR.MIR.M.DE.B.A2Z.A.R.A.2240.EUR.N,2026-09-16,Total,Total original maturity,tamano_prestamo,nivel,media_ponderada_volumen,serie MIR.M.DE.B.A2Z.A.R.A.2240.EUR.N
Alemania,linea_credito_circulante,"tipo (revolving, descubiertos y tarjeta) | Bank interest rates - revolving loans & overdrafts, convenience & extended credit card credit to corporations",4.75,pct_anual,2025-08,"BCE, ECB Data Portal, dataset MIR",https://data.ecb.europa.eu/data/datasets/MIR/MIR.MIR.M.DE.B.A2Z.A.R.A.2240.EUR.N,2026-09-16,Total,Total original maturity,tamano_prestamo,nivel,media_ponderada_volumen,serie MIR.M.DE.B.A2Z.A.R.A.2240.EUR.N
Alemania,linea_credito_circulante,"tipo (revolving, descubiertos y tarjeta) | Bank interest rates - revolving loans & overdrafts, convenience & extended credit card credit to corporations",4.85,pct_anual,2025-09,"BCE, ECB Data Portal, dataset MIR",https://data.ecb.europa.eu/data/datasets/MIR/MIR.MIR.M.DE.B.A2Z.A.R.A.2240.EUR.N,2026-09-16,Total,Total original maturity,tamano_prestamo,nivel,media_ponderada_volumen,serie MIR.M.DE.B.A2Z.A.R.A.2240.EUR.N
Alemania,linea_credito_circulante,"tipo (revolving, descubiertos y tarjeta) | Bank interest rates - revolving loans & overdrafts, convenience & extended credit card credit to corporations",4.84,pct_anual,2025-10,"BCE, ECB Data Portal, dataset MIR",https://data.ecb.europa.eu/data/datasets/MIR/MIR.MIR.M.DE.B.A2Z.A.R.A.2240.EUR.N,2026-09-16,Total,Total original maturity,tamano_prestamo,nivel,media_ponderada_volumen,serie MIR.M.DE.B.A2Z.A.R.A.2240.EUR.N
Alemania,linea_credito_circulante,"tipo (revolving, descubiertos y tarjeta) | Bank interest rates - revolving loans & overdrafts, convenience & extended credit card credit to corporations",4.84,pct_anual,2025-11,"BCE, ECB Data Portal, dataset MIR",https://data.ecb.europa.eu/data/datasets/MIR/MIR.MIR.M.DE.B.A2Z.A.R.A.2240.EUR.N,2026-09-16,Total,Total original maturity,tamano_prestamo,nivel,media_ponderada_volumen,serie MIR.M.DE.B.A2Z.A.R.A.2240.EUR.N
Alemania,linea_credito_circulante,"tipo (revolving, descubiertos y tarjeta) | Bank interest rates - revolving loans & overdrafts, convenience & extended credit card credit to corporations",4.86,pct_anual,2025-12,"BCE, ECB Data Portal, dataset MIR",https://data.ecb.europa.eu/data/datasets/MIR/MIR.MIR.M.DE.B.A2Z.A.R.A.2240.EUR.N,2026-09-16,Total,Total original maturity,tamano_prestamo,nivel,media_ponderada_volumen,serie MIR.M.DE.B.A2Z.A.R.A.2240.EUR.N
Alemania,linea_credito_circulante,"tipo (revolving, descubiertos y tarjeta) | Bank interest rates - revolving loans & overdrafts, convenience & extended credit card credit to corporations",4.89,pct_anual,2026-01,"BCE, ECB Data Portal, dataset MIR",https://data.ecb.europa.eu/data/datasets/MIR/MIR.MIR.M.DE.B.A2Z.A.R.A.2240.EUR.N,2026-09-16,Total,Total original maturity,tamano_prestamo,nivel,media_ponderada_volumen,serie MIR.M.DE.B.A2Z.A.R.A.2240.EUR.N
Alemania,linea_credito_circulante,"tipo (revolving, descubiertos y tarjeta) | Bank interest rates - revolving loans & overdrafts, convenience & extended credit card credit to corporations",4.9,pct_anual,2026-02,"BCE, ECB Data Portal, dataset MIR",https://data.ecb.europa.eu/data/datasets/MIR/MIR.MIR.M.DE.B.A2Z.A.R.A.2240.EUR.N,2026-09-16,Total,Total original maturity,tamano_prestamo,nivel,media_ponderada_volumen,serie MIR.M.DE.B.A2Z.A.R.A.2240.EUR.N
Alemania,linea_credito_circulante,"tipo (revolving, descubiertos y tarjeta) | Bank interest rates - revolving loans & overdrafts, convenience & extended credit card credit to corporations",4.9,pct_anual,2026-03,"BCE, ECB Data Portal, dataset MIR",https://data.ecb.europa.eu/data/datasets/MIR/MIR.MIR.M.DE.B.A2Z.A.R.A.2240.EUR.N,2026-09-16,Total,Total original maturity,tamano_prestamo,nivel,media_ponderada_volumen,serie MIR.M.DE.B.A2Z.A.R.A.2240.EUR.N
Alemania,linea_credito_circulante,"tipo (revolving, descubiertos y tarjeta) | Bank interest rates - revolving loans & overdrafts, convenience & extended credit card credit to corporations",4.89,pct_anual,2026-04,"BCE, ECB Data Portal, dataset MIR",https://data.ecb.europa.eu/data/datasets/MIR/MIR.MIR.M.DE.B.A2Z.A.R.A.2240.EUR.N,2026-09-16,Total,Total original maturity,tamano_prestamo,nivel,media_ponderada_volumen,serie MIR.M.DE.B.A2Z.A.R.A.2240.EUR.N
Alemania,linea_credito_circulante,"tipo (revolving, descubiertos y tarjeta) | Bank interest rates - revolving loans & overdrafts, convenience & extended credit card credit to corporations",4.88,pct_anual,2026-05,"BCE, ECB Data Portal, dataset MIR",https://data.ecb.europa.eu/data/datasets/MIR/MIR.MIR.M.DE.B.A2Z.A.R.A.2240.EUR.N,2026-09-16,Total,Total original maturity,tamano_prestamo,nivel,media_ponderada_volumen,serie MIR.M.DE.B.A2Z.A.R.A.2240.EUR.N
Alemania,linea_credito_circulante,"tipo (revolving, descubiertos y tarjeta) | Bank interest rates - revolving loans & overdrafts, convenience & extended credit card credit to corporations",5.03,pct_anual,2026-06,"BCE, ECB Data Portal, dataset MIR",https://data.ecb.europa.eu/data/datasets/MIR/MIR.MIR.M.DE.B.A2Z.A.R.A.2240.EUR.N,2026-09-16,Total,Total original maturity,tamano_prestamo,nivel,media_ponderada_volumen,serie MIR.M.DE.B.A2Z.A.R.A.2240.EUR.N
Alemania,linea_credito_circulante,"tipo (revolving, descubiertos y tarjeta) | Bank interest rates - revolving loans & overdrafts, convenience & extended credit card credit to corporations",4.99,pct_anual,2026-07,"BCE, ECB Data Portal, dataset MIR",https://data.ecb.europa.eu/data/datasets/MIR/MIR.MIR.M.DE.B.A2Z.A.R.A.2240.EUR.N,2026-09-16,Total,Total original maturity,tamano_prestamo,nivel,media_ponderada_volumen,serie MIR.M.DE.B.A2Z.A.R.A.2240.EUR.N; OBS_STATUS=P (no definitivo)
Francia,linea_credito_circulante,tipo (revolving y descubiertos) | Bank interest rates - revolving loans & overdrafts to corporations,4.02,pct_anual,2025-01,"BCE, ECB Data Portal, dataset MIR",https://data.ecb.europa.eu/data/datasets/MIR/MIR.MIR.M.FR.B.A2Z1.A.R.A.2240.EUR.N,2026-09-16,Total,Total original maturity,tamano_prestamo,nivel,media_ponderada_volumen,serie MIR.M.FR.B.A2Z1.A.R.A.2240.EUR.N
Francia,linea_credito_circulante,tipo (revolving y descubiertos) | Bank interest rates - revolving loans & overdrafts to corporations,3.81,pct_anual,2025-02,"BCE, ECB Data Portal, dataset MIR",https://data.ecb.europa.eu/data/datasets/MIR/MIR.MIR.M.FR.B.A2Z1.A.R.A.2240.EUR.N,2026-09-16,Total,Total original maturity,tamano_prestamo,nivel,media_ponderada_volumen,serie MIR.M.FR.B.A2Z1.A.R.A.2240.EUR.N
Francia,linea_credito_circulante,tipo (revolving y descubiertos) | Bank interest rates - revolving loans & overdrafts to corporations,3.71,pct_anual,2025-03,"BCE, ECB Data Portal, dataset MIR",https://data.ecb.europa.eu/data/datasets/MIR/MIR.MIR.M.FR.B.A2Z1.A.R.A.2240.EUR.N,2026-09-16,Total,Total original maturity,tamano_prestamo,nivel,media_ponderada_volumen,serie MIR.M.FR.B.A2Z1.A.R.A.2240.EUR.N
Francia,linea_credito_circulante,tipo (revolving y descubiertos) | Bank interest rates - revolving loans & overdrafts to corporations,3.52,pct_anual,2025-04,"BCE, ECB Data Portal, dataset MIR",https://data.ecb.europa.eu/data/datasets/MIR/MIR.MIR.M.FR.B.A2Z1.A.R.A.2240.EUR.N,2026-09-16,Total,Total original maturity,tamano_prestamo,nivel,media_ponderada_volumen,serie MIR.M.FR.B.A2Z1.A.R.A.2240.EUR.N
Francia,linea_credito_circulante,tipo (revolving y descubiertos) | Bank interest rates - revolving loans & overdrafts to corporations,3.42,pct_anual,2025-05,"BCE, ECB Data Portal, dataset MIR",https://data.ecb.europa.eu/data/datasets/MIR/MIR.MIR.M.FR.B.A2Z1.A.R.A.2240.EUR.N,2026-09-16,Total,Total original maturity,tamano_prestamo,nivel,media_ponderada_volumen,serie MIR.M.FR.B.A2Z1.A.R.A.2240.EUR.N
Francia,linea_credito_circulante,tipo (revolving y descubiertos) | Bank interest rates - revolving loans & overdrafts to corporations,3.3,pct_anual,2025-06,"BCE, ECB Data Portal, dataset MIR",https://data.ecb.europa.eu/data/datasets/MIR/MIR.MIR.M.FR.B.A2Z1.A.R.A.2240.EUR.N,2026-09-16,Total,Total original maturity,tamano_prestamo,nivel,media_ponderada_volumen,serie MIR.M.FR.B.A2Z1.A.R.A.2240.EUR.N
Francia,linea_credito_circulante,tipo (revolving y descubiertos) | Bank interest rates - revolving loans & overdrafts to corporations,3.25,pct_anual,2025-07,"BCE, ECB Data Portal, dataset MIR",https://data.ecb.europa.eu/data/datasets/MIR/MIR.MIR.M.FR.B.A2Z1.A.R.A.2240.EUR.N,2026-09-16,Total,Total original maturity,tamano_prestamo,nivel,media_ponderada_volumen,serie MIR.M.FR.B.A2Z1.A.R.A.2240.EUR.N
Francia,linea_credito_circulante,tipo (revolving y descubiertos) | Bank interest rates - revolving loans & overdrafts to corporations,3.22,pct_anual,2025-08,"BCE, ECB Data Portal, dataset MIR",https://data.ecb.europa.eu/data/datasets/MIR/MIR.MIR.M.FR.B.A2Z1.A.R.A.2240.EUR.N,2026-09-16,Total,Total original maturity,tamano_prestamo,nivel,media_ponderada_volumen,serie MIR.M.FR.B.A2Z1.A.R.A.2240.EUR.N
Francia,linea_credito_circulante,tipo (revolving y descubiertos) | Bank interest rates - revolving loans & overdrafts to corporations,3.23,pct_anual,2025-09,"BCE, ECB Data Portal, dataset MIR",https://data.ecb.europa.eu/data/datasets/MIR/MIR.MIR.M.FR.B.A2Z1.A.R.A.2240.EUR.N,2026-09-16,Total,Total original maturity,tamano_prestamo,nivel,media_ponderada_volumen,serie MIR.M.FR.B.A2Z1.A.R.A.2240.EUR.N
Francia,linea_credito_circulante,tipo (revolving y descubiertos) | Bank interest rates - revolving loans & overdrafts to corporations,3.17,pct_anual,2025-10,"BCE, ECB Data Portal, dataset MIR",https://data.ecb.europa.eu/data/datasets/MIR/MIR.MIR.M.FR.B.A2Z1.A.R.A.2240.EUR.N,2026-09-16,Total,Total original maturity,tamano_prestamo,nivel,media_ponderada_volumen,serie MIR.M.FR.B.A2Z1.A.R.A.2240.EUR.N
Francia,linea_credito_circulante,tipo (revolving y descubiertos) | Bank interest rates - revolving loans & overdrafts to corporations,3.23,pct_anual,2025-11,"BCE, ECB Data Portal, dataset MIR",https://data.ecb.europa.eu/data/datasets/MIR/MIR.MIR.M.FR.B.A2Z1.A.R.A.2240.EUR.N,2026-09-16,Total,Total original maturity,tamano_prestamo,nivel,media_ponderada_volumen,serie MIR.M.FR.B.A2Z1.A.R.A.2240.EUR.N
Francia,linea_credito_circulante,tipo (revolving y descubiertos) | Bank interest rates - revolving loans & overdrafts to corporations,3.24,pct_anual,2025-12,"BCE, ECB Data Portal, dataset MIR",https://data.ecb.europa.eu/data/datasets/MIR/MIR.MIR.M.FR.B.A2Z1.A.R.A.2240.EUR.N,2026-09-16,Total,Total original maturity,tamano_prestamo,nivel,media_ponderada_volumen,serie MIR.M.FR.B.A2Z1.A.R.A.2240.EUR.N
Francia,linea_credito_circulante,tipo (revolving y descubiertos) | Bank interest rates - revolving loans & overdrafts to corporations,3.29,pct_anual,2026-01,"BCE, ECB Data Portal, dataset MIR",https://data.ecb.europa.eu/data/datasets/MIR/MIR.MIR.M.FR.B.A2Z1.A.R.A.2240.EUR.N,2026-09-16,Total,Total original maturity,tamano_prestamo,nivel,media_ponderada_volumen,serie MIR.M.FR.B.A2Z1.A.R.A.2240.EUR.N
Francia,linea_credito_circulante,tipo (revolving y descubiertos) | Bank interest rates - revolving loans & overdrafts to corporations,3.28,pct_anual,2026-02,"BCE, ECB Data Portal, dataset MIR",https://data.ecb.europa.eu/data/datasets/MIR/MIR.MIR.M.FR.B.A2Z1.A.R.A.2240.EUR.N,2026-09-16,Total,Total original maturity,tamano_prestamo,nivel,media_ponderada_volumen,serie MIR.M.FR.B.A2Z1.A.R.A.2240.EUR.N
Francia,linea_credito_circulante,tipo (revolving y descubiertos) | Bank interest rates - revolving loans & overdrafts to corporations,3.26,pct_anual,2026-03,"BCE, ECB Data Portal, dataset MIR",https://data.ecb.europa.eu/data/datasets/MIR/MIR.MIR.M.FR.B.A2Z1.A.R.A.2240.EUR.N,2026-09-16,Total,Total original maturity,tamano_prestamo,nivel,media_ponderada_volumen,serie MIR.M.FR.B.A2Z1.A.R.A.2240.EUR.N
Francia,linea_credito_circulante,tipo (revolving y descubiertos) | Bank interest rates - revolving loans & overdrafts to corporations,3.39,pct_anual,2026-04,"BCE, ECB Data Portal, dataset MIR",https://data.ecb.europa.eu/data/datasets/MIR/MIR.MIR.M.FR.B.A2Z1.A.R.A.2240.EUR.N,2026-09-16,Total,Total original maturity,tamano_prestamo,nivel,media_ponderada_volumen,serie MIR.M.FR.B.A2Z1.A.R.A.2240.EUR.N
Francia,linea_credito_circulante,tipo (revolving y descubiertos) | Bank interest rates - revolving loans & overdrafts to corporations,3.46,pct_anual,2026-05,"BCE, ECB Data Portal, dataset MIR",https://data.ecb.europa.eu/data/datasets/MIR/MIR.MIR.M.FR.B.A2Z1.A.R.A.2240.EUR.N,2026-09-16,Total,Total original maturity,tamano_prestamo,nivel,media_ponderada_volumen,serie MIR.M.FR.B.A2Z1.A.R.A.2240.EUR.N
Francia,linea_credito_circulante,tipo (revolving y descubiertos) | Bank interest rates - revolving loans & overdrafts to corporations,3.46,pct_anual,2026-06,"BCE, ECB Data Portal, dataset MIR",https://data.ecb.europa.eu/data/datasets/MIR/MIR.MIR.M.FR.B.A2Z1.A.R.A.2240.EUR.N,2026-09-16,Total,Total original maturity,tamano_prestamo,nivel,media_ponderada_volumen,serie MIR.M.FR.B.A2Z1.A.R.A.2240.EUR.N
Francia,linea_credito_circulante,tipo (revolving y descubiertos) | Bank interest rates - revolving loans & overdrafts to corporations,3.57,pct_anual,2026-07,"BCE, ECB Data Portal, dataset MIR",https://data.ecb.europa.eu/data/datasets/MIR/MIR.MIR.M.FR.B.A2Z1.A.R.A.2240.EUR.N,2026-09-16,Total,Total original maturity,tamano_prestamo,nivel,media_ponderada_volumen,serie MIR.M.FR.B.A2Z1.A.R.A.2240.EUR.N; OBS_STATUS=P (no definitivo)
Francia,linea_credito_circulante,"tipo (revolving, descubiertos y tarjeta) | Bank interest rates - revolving loans & overdrafts, convenience & extended credit card credit to corporations",3.99,pct_anual,2025-01,"BCE, ECB Data Portal, dataset MIR",https://data.ecb.europa.eu/data/datasets/MIR/MIR.MIR.M.FR.B.A2Z.A.R.A.2240.EUR.N,2026-09-16,Total,Total original maturity,tamano_prestamo,nivel,media_ponderada_volumen,serie MIR.M.FR.B.A2Z.A.R.A.2240.EUR.N
Francia,linea_credito_circulante,"tipo (revolving, descubiertos y tarjeta) | Bank interest rates - revolving loans & overdrafts, convenience & extended credit card credit to corporations",3.77,pct_anual,2025-02,"BCE, ECB Data Portal, dataset MIR",https://data.ecb.europa.eu/data/datasets/MIR/MIR.MIR.M.FR.B.A2Z.A.R.A.2240.EUR.N,2026-09-16,Total,Total original maturity,tamano_prestamo,nivel,media_ponderada_volumen,serie MIR.M.FR.B.A2Z.A.R.A.2240.EUR.N
Francia,linea_credito_circulante,"tipo (revolving, descubiertos y tarjeta) | Bank interest rates - revolving loans & overdrafts, convenience & extended credit card credit to corporations",3.67,pct_anual,2025-03,"BCE, ECB Data Portal, dataset MIR",https://data.ecb.europa.eu/data/datasets/MIR/MIR.MIR.M.FR.B.A2Z.A.R.A.2240.EUR.N,2026-09-16,Total,Total original maturity,tamano_prestamo,nivel,media_ponderada_volumen,serie MIR.M.FR.B.A2Z.A.R.A.2240.EUR.N
Francia,linea_credito_circulante,"tipo (revolving, descubiertos y tarjeta) | Bank interest rates - revolving loans & overdrafts, convenience & extended credit card credit to corporations",3.49,pct_anual,2025-04,"BCE, ECB Data Portal, dataset MIR",https://data.ecb.europa.eu/data/datasets/MIR/MIR.MIR.M.FR.B.A2Z.A.R.A.2240.EUR.N,2026-09-16,Total,Total original maturity,tamano_prestamo,nivel,media_ponderada_volumen,serie MIR.M.FR.B.A2Z.A.R.A.2240.EUR.N
Francia,linea_credito_circulante,"tipo (revolving, descubiertos y tarjeta) | Bank interest rates - revolving loans & overdrafts, convenience & extended credit card credit to corporations",3.39,pct_anual,2025-05,"BCE, ECB Data Portal, dataset MIR",https://data.ecb.europa.eu/data/datasets/MIR/MIR.MIR.M.FR.B.A2Z.A.R.A.2240.EUR.N,2026-09-16,Total,Total original maturity,tamano_prestamo,nivel,media_ponderada_volumen,serie MIR.M.FR.B.A2Z.A.R.A.2240.EUR.N
Francia,linea_credito_circulante,"tipo (revolving, descubiertos y tarjeta) | Bank interest rates - revolving loans & overdrafts, convenience & extended credit card credit to corporations",3.26,pct_anual,2025-06,"BCE, ECB Data Portal, dataset MIR",https://data.ecb.europa.eu/data/datasets/MIR/MIR.MIR.M.FR.B.A2Z.A.R.A.2240.EUR.N,2026-09-16,Total,Total original maturity,tamano_prestamo,nivel,media_ponderada_volumen,serie MIR.M.FR.B.A2Z.A.R.A.2240.EUR.N
Francia,linea_credito_circulante,"tipo (revolving, descubiertos y tarjeta) | Bank interest rates - revolving loans & overdrafts, convenience & extended credit card credit to corporations",3.22,pct_anual,2025-07,"BCE, ECB Data Portal, dataset MIR",https://data.ecb.europa.eu/data/datasets/MIR/MIR.MIR.M.FR.B.A2Z.A.R.A.2240.EUR.N,2026-09-16,Total,Total original maturity,tamano_prestamo,nivel,media_ponderada_volumen,serie MIR.M.FR.B.A2Z.A.R.A.2240.EUR.N
Francia,linea_credito_circulante,"tipo (revolving, descubiertos y tarjeta) | Bank interest rates - revolving loans & overdrafts, convenience & extended credit card credit to corporations",3.2,pct_anual,2025-08,"BCE, ECB Data Portal, dataset MIR",https://data.ecb.europa.eu/data/datasets/MIR/MIR.MIR.M.FR.B.A2Z.A.R.A.2240.EUR.N,2026-09-16,Total,Total original maturity,tamano_prestamo,nivel,media_ponderada_volumen,serie MIR.M.FR.B.A2Z.A.R.A.2240.EUR.N
Francia,linea_credito_circulante,"tipo (revolving, descubiertos y tarjeta) | Bank interest rates - revolving loans & overdrafts, convenience & extended credit card credit to corporations",3.2,pct_anual,2025-09,"BCE, ECB Data Portal, dataset MIR",https://data.ecb.europa.eu/data/datasets/MIR/MIR.MIR.M.FR.B.A2Z.A.R.A.2240.EUR.N,2026-09-16,Total,Total original maturity,tamano_prestamo,nivel,media_ponderada_volumen,serie MIR.M.FR.B.A2Z.A.R.A.2240.EUR.N
Francia,linea_credito_circulante,"tipo (revolving, descubiertos y tarjeta) | Bank interest rates - revolving loans & overdrafts, convenience & extended credit card credit to corporations",3.14,pct_anual,2025-10,"BCE, ECB Data Portal, dataset MIR",https://data.ecb.europa.eu/data/datasets/MIR/MIR.MIR.M.FR.B.A2Z.A.R.A.2240.EUR.N,2026-09-16,Total,Total original maturity,tamano_prestamo,nivel,media_ponderada_volumen,serie MIR.M.FR.B.A2Z.A.R.A.2240.EUR.N
Francia,linea_credito_circulante,"tipo (revolving, descubiertos y tarjeta) | Bank interest rates - revolving loans & overdrafts, convenience & extended credit card credit to corporations",3.2,pct_anual,2025-11,"BCE, ECB Data Portal, dataset MIR",https://data.ecb.europa.eu/data/datasets/MIR/MIR.MIR.M.FR.B.A2Z.A.R.A.2240.EUR.N,2026-09-16,Total,Total original maturity,tamano_prestamo,nivel,media_ponderada_volumen,serie MIR.M.FR.B.A2Z.A.R.A.2240.EUR.N
Francia,linea_credito_circulante,"tipo (revolving, descubiertos y tarjeta) | Bank interest rates - revolving loans & overdrafts, convenience & extended credit card credit to corporations",3.21,pct_anual,2025-12,"BCE, ECB Data Portal, dataset MIR",https://data.ecb.europa.eu/data/datasets/MIR/MIR.MIR.M.FR.B.A2Z.A.R.A.2240.EUR.N,2026-09-16,Total,Total original maturity,tamano_prestamo,nivel,media_ponderada_volumen,serie MIR.M.FR.B.A2Z.A.R.A.2240.EUR.N
Francia,linea_credito_circulante,"tipo (revolving, descubiertos y tarjeta) | Bank interest rates - revolving loans & overdrafts, convenience & extended credit card credit to corporations",3.26,pct_anual,2026-01,"BCE, ECB Data Portal, dataset MIR",https://data.ecb.europa.eu/data/datasets/MIR/MIR.MIR.M.FR.B.A2Z.A.R.A.2240.EUR.N,2026-09-16,Total,Total original maturity,tamano_prestamo,nivel,media_ponderada_volumen,serie MIR.M.FR.B.A2Z.A.R.A.2240.EUR.N
Francia,linea_credito_circulante,"tipo (revolving, descubiertos y tarjeta) | Bank interest rates - revolving loans & overdrafts, convenience & extended credit card credit to corporations",3.25,pct_anual,2026-02,"BCE, ECB Data Portal, dataset MIR",https://data.ecb.europa.eu/data/datasets/MIR/MIR.MIR.M.FR.B.A2Z.A.R.A.2240.EUR.N,2026-09-16,Total,Total original maturity,tamano_prestamo,nivel,media_ponderada_volumen,serie MIR.M.FR.B.A2Z.A.R.A.2240.EUR.N
Francia,linea_credito_circulante,"tipo (revolving, descubiertos y tarjeta) | Bank interest rates - revolving loans & overdrafts, convenience & extended credit card credit to corporations",3.23,pct_anual,2026-03,"BCE, ECB Data Portal, dataset MIR",https://data.ecb.europa.eu/data/datasets/MIR/MIR.MIR.M.FR.B.A2Z.A.R.A.2240.EUR.N,2026-09-16,Total,Total original maturity,tamano_prestamo,nivel,media_ponderada_volumen,serie MIR.M.FR.B.A2Z.A.R.A.2240.EUR.N
Francia,linea_credito_circulante,"tipo (revolving, descubiertos y tarjeta) | Bank interest rates - revolving loans & overdrafts, convenience & extended credit card credit to corporations",3.36,pct_anual,2026-04,"BCE, ECB Data Portal, dataset MIR",https://data.ecb.europa.eu/data/datasets/MIR/MIR.MIR.M.FR.B.A2Z.A.R.A.2240.EUR.N,2026-09-16,Total,Total original maturity,tamano_prestamo,nivel,media_ponderada_volumen,serie MIR.M.FR.B.A2Z.A.R.A.2240.EUR.N
Francia,linea_credito_circulante,"tipo (revolving, descubiertos y tarjeta) | Bank interest rates - revolving loans & overdrafts, convenience & extended credit card credit to corporations",3.43,pct_anual,2026-05,"BCE, ECB Data Portal, dataset MIR",https://data.ecb.europa.eu/data/datasets/MIR/MIR.MIR.M.FR.B.A2Z.A.R.A.2240.EUR.N,2026-09-16,Total,Total original maturity,tamano_prestamo,nivel,media_ponderada_volumen,serie MIR.M.FR.B.A2Z.A.R.A.2240.EUR.N
Francia,linea_credito_circulante,"tipo (revolving, descubiertos y tarjeta) | Bank interest rates - revolving loans & overdrafts, convenience & extended credit card credit to corporations",3.43,pct_anual,2026-06,"BCE, ECB Data Portal, dataset MIR",https://data.ecb.europa.eu/data/datasets/MIR/MIR.MIR.M.FR.B.A2Z.A.R.A.2240.EUR.N,2026-09-16,Total,Total original maturity,tamano_prestamo,nivel,media_ponderada_volumen,serie MIR.M.FR.B.A2Z.A.R.A.2240.EUR.N
Francia,linea_credito_circulante,"tipo (revolving, descubiertos y tarjeta) | Bank interest rates - revolving loans & overdrafts, convenience & extended credit card credit to corporations",3.53,pct_anual,2026-07,"BCE, ECB Data Portal, dataset MIR",https://data.ecb.europa.eu/data/datasets/MIR/MIR.MIR.M.FR.B.A2Z.A.R.A.2240.EUR.N,2026-09-16,Total,Total original maturity,tamano_prestamo,nivel,media_ponderada_volumen,serie MIR.M.FR.B.A2Z.A.R.A.2240.EUR.N; OBS_STATUS=P (no definitivo)
Italia,linea_credito_circulante,tipo (revolving y descubiertos) | Bank interest rates - revolving loans & overdrafts to corporations,4.94,pct_anual,2025-01,"BCE, ECB Data Portal, dataset MIR",https://data.ecb.europa.eu/data/datasets/MIR/MIR.MIR.M.IT.B.A2Z1.A.R.A.2240.EUR.N,2026-09-16,Total,Total original maturity,tamano_prestamo,nivel,media_ponderada_volumen,serie MIR.M.IT.B.A2Z1.A.R.A.2240.EUR.N
Italia,linea_credito_circulante,tipo (revolving y descubiertos) | Bank interest rates - revolving loans & overdrafts to corporations,4.8,pct_anual,2025-02,"BCE, ECB Data Portal, dataset MIR",https://data.ecb.europa.eu/data/datasets/MIR/MIR.MIR.M.IT.B.A2Z1.A.R.A.2240.EUR.N,2026-09-16,Total,Total original maturity,tamano_prestamo,nivel,media_ponderada_volumen,serie MIR.M.IT.B.A2Z1.A.R.A.2240.EUR.N
Italia,linea_credito_circulante,tipo (revolving y descubiertos) | Bank interest rates - revolving loans & overdrafts to corporations,4.68,pct_anual,2025-03,"BCE, ECB Data Portal, dataset MIR",https://data.ecb.europa.eu/data/datasets/MIR/MIR.MIR.M.IT.B.A2Z1.A.R.A.2240.EUR.N,2026-09-16,Total,Total original maturity,tamano_prestamo,nivel,media_ponderada_volumen,serie MIR.M.IT.B.A2Z1.A.R.A.2240.EUR.N
Italia,linea_credito_circulante,tipo (revolving y descubiertos) | Bank interest rates - revolving loans & overdrafts to corporations,4.5,pct_anual,2025-04,"BCE, ECB Data Portal, dataset MIR",https://data.ecb.europa.eu/data/datasets/MIR/MIR.MIR.M.IT.B.A2Z1.A.R.A.2240.EUR.N,2026-09-16,Total,Total original maturity,tamano_prestamo,nivel,media_ponderada_volumen,serie MIR.M.IT.B.A2Z1.A.R.A.2240.EUR.N
Italia,linea_credito_circulante,tipo (revolving y descubiertos) | Bank interest rates - revolving loans & overdrafts to corporations,4.32,pct_anual,2025-05,"BCE, ECB Data Portal, dataset MIR",https://data.ecb.europa.eu/data/datasets/MIR/MIR.MIR.M.IT.B.A2Z1.A.R.A.2240.EUR.N,2026-09-16,Total,Total original maturity,tamano_prestamo,nivel,media_ponderada_volumen,serie MIR.M.IT.B.A2Z1.A.R.A.2240.EUR.N
Italia,linea_credito_circulante,tipo (revolving y descubiertos) | Bank interest rates - revolving loans & overdrafts to corporations,4.22,pct_anual,2025-06,"BCE, ECB Data Portal, dataset MIR",https://data.ecb.europa.eu/data/datasets/MIR/MIR.MIR.M.IT.B.A2Z1.A.R.A.2240.EUR.N,2026-09-16,Total,Total original maturity,tamano_prestamo,nivel,media_ponderada_volumen,serie MIR.M.IT.B.A2Z1.A.R.A.2240.EUR.N
Italia,linea_credito_circulante,tipo (revolving y descubiertos) | Bank interest rates - revolving loans & overdrafts to corporations,4.12,pct_anual,2025-07,"BCE, ECB Data Portal, dataset MIR",https://data.ecb.europa.eu/data/datasets/MIR/MIR.MIR.M.IT.B.A2Z1.A.R.A.2240.EUR.N,2026-09-16,Total,Total original maturity,tamano_prestamo,nivel,media_ponderada_volumen,serie MIR.M.IT.B.A2Z1.A.R.A.2240.EUR.N
Italia,linea_credito_circulante,tipo (revolving y descubiertos) | Bank interest rates - revolving loans & overdrafts to corporations,4.05,pct_anual,2025-08,"BCE, ECB Data Portal, dataset MIR",https://data.ecb.europa.eu/data/datasets/MIR/MIR.MIR.M.IT.B.A2Z1.A.R.A.2240.EUR.N,2026-09-16,Total,Total original maturity,tamano_prestamo,nivel,media_ponderada_volumen,serie MIR.M.IT.B.A2Z1.A.R.A.2240.EUR.N
Italia,linea_credito_circulante,tipo (revolving y descubiertos) | Bank interest rates - revolving loans & overdrafts to corporations,4.13,pct_anual,2025-09,"BCE, ECB Data Portal, dataset MIR",https://data.ecb.europa.eu/data/datasets/MIR/MIR.MIR.M.IT.B.A2Z1.A.R.A.2240.EUR.N,2026-09-16,Total,Total original maturity,tamano_prestamo,nivel,media_ponderada_volumen,serie MIR.M.IT.B.A2Z1.A.R.A.2240.EUR.N
Italia,linea_credito_circulante,tipo (revolving y descubiertos) | Bank interest rates - revolving loans & overdrafts to corporations,4.13,pct_anual,2025-10,"BCE, ECB Data Portal, dataset MIR",https://data.ecb.europa.eu/data/datasets/MIR/MIR.MIR.M.IT.B.A2Z1.A.R.A.2240.EUR.N,2026-09-16,Total,Total original maturity,tamano_prestamo,nivel,media_ponderada_volumen,serie MIR.M.IT.B.A2Z1.A.R.A.2240.EUR.N
Italia,linea_credito_circulante,tipo (revolving y descubiertos) | Bank interest rates - revolving loans & overdrafts to corporations,4.05,pct_anual,2025-11,"BCE, ECB Data Portal, dataset MIR",https://data.ecb.europa.eu/data/datasets/MIR/MIR.MIR.M.IT.B.A2Z1.A.R.A.2240.EUR.N,2026-09-16,Total,Total original maturity,tamano_prestamo,nivel,media_ponderada_volumen,serie MIR.M.IT.B.A2Z1.A.R.A.2240.EUR.N
Italia,linea_credito_circulante,tipo (revolving y descubiertos) | Bank interest rates - revolving loans & overdrafts to corporations,4.07,pct_anual,2025-12,"BCE, ECB Data Portal, dataset MIR",https://data.ecb.europa.eu/data/datasets/MIR/MIR.MIR.M.IT.B.A2Z1.A.R.A.2240.EUR.N,2026-09-16,Total,Total original maturity,tamano_prestamo,nivel,media_ponderada_volumen,serie MIR.M.IT.B.A2Z1.A.R.A.2240.EUR.N
Italia,linea_credito_circulante,tipo (revolving y descubiertos) | Bank interest rates - revolving loans & overdrafts to corporations,4.11,pct_anual,2026-01,"BCE, ECB Data Portal, dataset MIR",https://data.ecb.europa.eu/data/datasets/MIR/MIR.MIR.M.IT.B.A2Z1.A.R.A.2240.EUR.N,2026-09-16,Total,Total original maturity,tamano_prestamo,nivel,media_ponderada_volumen,serie MIR.M.IT.B.A2Z1.A.R.A.2240.EUR.N
Italia,linea_credito_circulante,tipo (revolving y descubiertos) | Bank interest rates - revolving loans & overdrafts to corporations,4.07,pct_anual,2026-02,"BCE, ECB Data Portal, dataset MIR",https://data.ecb.europa.eu/data/datasets/MIR/MIR.MIR.M.IT.B.A2Z1.A.R.A.2240.EUR.N,2026-09-16,Total,Total original maturity,tamano_prestamo,nivel,media_ponderada_volumen,serie MIR.M.IT.B.A2Z1.A.R.A.2240.EUR.N
Italia,linea_credito_circulante,tipo (revolving y descubiertos) | Bank interest rates - revolving loans & overdrafts to corporations,4.04,pct_anual,2026-03,"BCE, ECB Data Portal, dataset MIR",https://data.ecb.europa.eu/data/datasets/MIR/MIR.MIR.M.IT.B.A2Z1.A.R.A.2240.EUR.N,2026-09-16,Total,Total original maturity,tamano_prestamo,nivel,media_ponderada_volumen,serie MIR.M.IT.B.A2Z1.A.R.A.2240.EUR.N
Italia,linea_credito_circulante,tipo (revolving y descubiertos) | Bank interest rates - revolving loans & overdrafts to corporations,4.09,pct_anual,2026-04,"BCE, ECB Data Portal, dataset MIR",https://data.ecb.europa.eu/data/datasets/MIR/MIR.MIR.M.IT.B.A2Z1.A.R.A.2240.EUR.N,2026-09-16,Total,Total original maturity,tamano_prestamo,nivel,media_ponderada_volumen,serie MIR.M.IT.B.A2Z1.A.R.A.2240.EUR.N
Italia,linea_credito_circulante,tipo (revolving y descubiertos) | Bank interest rates - revolving loans & overdrafts to corporations,4.05,pct_anual,2026-05,"BCE, ECB Data Portal, dataset MIR",https://data.ecb.europa.eu/data/datasets/MIR/MIR.MIR.M.IT.B.A2Z1.A.R.A.2240.EUR.N,2026-09-16,Total,Total original maturity,tamano_prestamo,nivel,media_ponderada_volumen,serie MIR.M.IT.B.A2Z1.A.R.A.2240.EUR.N
Italia,linea_credito_circulante,tipo (revolving y descubiertos) | Bank interest rates - revolving loans & overdrafts to corporations,4.11,pct_anual,2026-06,"BCE, ECB Data Portal, dataset MIR",https://data.ecb.europa.eu/data/datasets/MIR/MIR.MIR.M.IT.B.A2Z1.A.R.A.2240.EUR.N,2026-09-16,Total,Total original maturity,tamano_prestamo,nivel,media_ponderada_volumen,serie MIR.M.IT.B.A2Z1.A.R.A.2240.EUR.N
Italia,linea_credito_circulante,tipo (revolving y descubiertos) | Bank interest rates - revolving loans & overdrafts to corporations,4.28,pct_anual,2026-07,"BCE, ECB Data Portal, dataset MIR",https://data.ecb.europa.eu/data/datasets/MIR/MIR.MIR.M.IT.B.A2Z1.A.R.A.2240.EUR.N,2026-09-16,Total,Total original maturity,tamano_prestamo,nivel,media_ponderada_volumen,serie MIR.M.IT.B.A2Z1.A.R.A.2240.EUR.N; OBS_STATUS=P (no definitivo)
Italia,linea_credito_circulante,"tipo (revolving, descubiertos y tarjeta) | Bank interest rates - revolving loans & overdrafts, convenience & extended credit card credit to corporations",4.9,pct_anual,2025-01,"BCE, ECB Data Portal, dataset MIR",https://data.ecb.europa.eu/data/datasets/MIR/MIR.MIR.M.IT.B.A2Z.A.R.A.2240.EUR.N,2026-09-16,Total,Total original maturity,tamano_prestamo,nivel,media_ponderada_volumen,serie MIR.M.IT.B.A2Z.A.R.A.2240.EUR.N
Italia,linea_credito_circulante,"tipo (revolving, descubiertos y tarjeta) | Bank interest rates - revolving loans & overdrafts, convenience & extended credit card credit to corporations",4.76,pct_anual,2025-02,"BCE, ECB Data Portal, dataset MIR",https://data.ecb.europa.eu/data/datasets/MIR/MIR.MIR.M.IT.B.A2Z.A.R.A.2240.EUR.N,2026-09-16,Total,Total original maturity,tamano_prestamo,nivel,media_ponderada_volumen,serie MIR.M.IT.B.A2Z.A.R.A.2240.EUR.N
Italia,linea_credito_circulante,"tipo (revolving, descubiertos y tarjeta) | Bank interest rates - revolving loans & overdrafts, convenience & extended credit card credit to corporations",4.64,pct_anual,2025-03,"BCE, ECB Data Portal, dataset MIR",https://data.ecb.europa.eu/data/datasets/MIR/MIR.MIR.M.IT.B.A2Z.A.R.A.2240.EUR.N,2026-09-16,Total,Total original maturity,tamano_prestamo,nivel,media_ponderada_volumen,serie MIR.M.IT.B.A2Z.A.R.A.2240.EUR.N
Italia,linea_credito_circulante,"tipo (revolving, descubiertos y tarjeta) | Bank interest rates - revolving loans & overdrafts, convenience & extended credit card credit to corporations",4.47,pct_anual,2025-04,"BCE, ECB Data Portal, dataset MIR",https://data.ecb.europa.eu/data/datasets/MIR/MIR.MIR.M.IT.B.A2Z.A.R.A.2240.EUR.N,2026-09-16,Total,Total original maturity,tamano_prestamo,nivel,media_ponderada_volumen,serie MIR.M.IT.B.A2Z.A.R.A.2240.EUR.N
Italia,linea_credito_circulante,"tipo (revolving, descubiertos y tarjeta) | Bank interest rates - revolving loans & overdrafts, convenience & extended credit card credit to corporations",4.28,pct_anual,2025-05,"BCE, ECB Data Portal, dataset MIR",https://data.ecb.europa.eu/data/datasets/MIR/MIR.MIR.M.IT.B.A2Z.A.R.A.2240.EUR.N,2026-09-16,Total,Total original maturity,tamano_prestamo,nivel,media_ponderada_volumen,serie MIR.M.IT.B.A2Z.A.R.A.2240.EUR.N
Italia,linea_credito_circulante,"tipo (revolving, descubiertos y tarjeta) | Bank interest rates - revolving loans & overdrafts, convenience & extended credit card credit to corporations",4.18,pct_anual,2025-06,"BCE, ECB Data Portal, dataset MIR",https://data.ecb.europa.eu/data/datasets/MIR/MIR.MIR.M.IT.B.A2Z.A.R.A.2240.EUR.N,2026-09-16,Total,Total original maturity,tamano_prestamo,nivel,media_ponderada_volumen,serie MIR.M.IT.B.A2Z.A.R.A.2240.EUR.N
Italia,linea_credito_circulante,"tipo (revolving, descubiertos y tarjeta) | Bank interest rates - revolving loans & overdrafts, convenience & extended credit card credit to corporations",4.09,pct_anual,2025-07,"BCE, ECB Data Portal, dataset MIR",https://data.ecb.europa.eu/data/datasets/MIR/MIR.MIR.M.IT.B.A2Z.A.R.A.2240.EUR.N,2026-09-16,Total,Total original maturity,tamano_prestamo,nivel,media_ponderada_volumen,serie MIR.M.IT.B.A2Z.A.R.A.2240.EUR.N
Italia,linea_credito_circulante,"tipo (revolving, descubiertos y tarjeta) | Bank interest rates - revolving loans & overdrafts, convenience & extended credit card credit to corporations",4.03,pct_anual,2025-08,"BCE, ECB Data Portal, dataset MIR",https://data.ecb.europa.eu/data/datasets/MIR/MIR.MIR.M.IT.B.A2Z.A.R.A.2240.EUR.N,2026-09-16,Total,Total original maturity,tamano_prestamo,nivel,media_ponderada_volumen,serie MIR.M.IT.B.A2Z.A.R.A.2240.EUR.N
Italia,linea_credito_circulante,"tipo (revolving, descubiertos y tarjeta) | Bank interest rates - revolving loans & overdrafts, convenience & extended credit card credit to corporations",4.1,pct_anual,2025-09,"BCE, ECB Data Portal, dataset MIR",https://data.ecb.europa.eu/data/datasets/MIR/MIR.MIR.M.IT.B.A2Z.A.R.A.2240.EUR.N,2026-09-16,Total,Total original maturity,tamano_prestamo,nivel,media_ponderada_volumen,serie MIR.M.IT.B.A2Z.A.R.A.2240.EUR.N
Italia,linea_credito_circulante,"tipo (revolving, descubiertos y tarjeta) | Bank interest rates - revolving loans & overdrafts, convenience & extended credit card credit to corporations",4.09,pct_anual,2025-10,"BCE, ECB Data Portal, dataset MIR",https://data.ecb.europa.eu/data/datasets/MIR/MIR.MIR.M.IT.B.A2Z.A.R.A.2240.EUR.N,2026-09-16,Total,Total original maturity,tamano_prestamo,nivel,media_ponderada_volumen,serie MIR.M.IT.B.A2Z.A.R.A.2240.EUR.N
Italia,linea_credito_circulante,"tipo (revolving, descubiertos y tarjeta) | Bank interest rates - revolving loans & overdrafts, convenience & extended credit card credit to corporations",4.01,pct_anual,2025-11,"BCE, ECB Data Portal, dataset MIR",https://data.ecb.europa.eu/data/datasets/MIR/MIR.MIR.M.IT.B.A2Z.A.R.A.2240.EUR.N,2026-09-16,Total,Total original maturity,tamano_prestamo,nivel,media_ponderada_volumen,serie MIR.M.IT.B.A2Z.A.R.A.2240.EUR.N
Italia,linea_credito_circulante,"tipo (revolving, descubiertos y tarjeta) | Bank interest rates - revolving loans & overdrafts, convenience & extended credit card credit to corporations",4.03,pct_anual,2025-12,"BCE, ECB Data Portal, dataset MIR",https://data.ecb.europa.eu/data/datasets/MIR/MIR.MIR.M.IT.B.A2Z.A.R.A.2240.EUR.N,2026-09-16,Total,Total original maturity,tamano_prestamo,nivel,media_ponderada_volumen,serie MIR.M.IT.B.A2Z.A.R.A.2240.EUR.N
Italia,linea_credito_circulante,"tipo (revolving, descubiertos y tarjeta) | Bank interest rates - revolving loans & overdrafts, convenience & extended credit card credit to corporations",4.08,pct_anual,2026-01,"BCE, ECB Data Portal, dataset MIR",https://data.ecb.europa.eu/data/datasets/MIR/MIR.MIR.M.IT.B.A2Z.A.R.A.2240.EUR.N,2026-09-16,Total,Total original maturity,tamano_prestamo,nivel,media_ponderada_volumen,serie MIR.M.IT.B.A2Z.A.R.A.2240.EUR.N
Italia,linea_credito_circulante,"tipo (revolving, descubiertos y tarjeta) | Bank interest rates - revolving loans & overdrafts, convenience & extended credit card credit to corporations",4.04,pct_anual,2026-02,"BCE, ECB Data Portal, dataset MIR",https://data.ecb.europa.eu/data/datasets/MIR/MIR.MIR.M.IT.B.A2Z.A.R.A.2240.EUR.N,2026-09-16,Total,Total original maturity,tamano_prestamo,nivel,media_ponderada_volumen,serie MIR.M.IT.B.A2Z.A.R.A.2240.EUR.N
Italia,linea_credito_circulante,"tipo (revolving, descubiertos y tarjeta) | Bank interest rates - revolving loans & overdrafts, convenience & extended credit card credit to corporations",4.01,pct_anual,2026-03,"BCE, ECB Data Portal, dataset MIR",https://data.ecb.europa.eu/data/datasets/MIR/MIR.MIR.M.IT.B.A2Z.A.R.A.2240.EUR.N,2026-09-16,Total,Total original maturity,tamano_prestamo,nivel,media_ponderada_volumen,serie MIR.M.IT.B.A2Z.A.R.A.2240.EUR.N
Italia,linea_credito_circulante,"tipo (revolving, descubiertos y tarjeta) | Bank interest rates - revolving loans & overdrafts, convenience & extended credit card credit to corporations",4.06,pct_anual,2026-04,"BCE, ECB Data Portal, dataset MIR",https://data.ecb.europa.eu/data/datasets/MIR/MIR.MIR.M.IT.B.A2Z.A.R.A.2240.EUR.N,2026-09-16,Total,Total original maturity,tamano_prestamo,nivel,media_ponderada_volumen,serie MIR.M.IT.B.A2Z.A.R.A.2240.EUR.N
Italia,linea_credito_circulante,"tipo (revolving, descubiertos y tarjeta) | Bank interest rates - revolving loans & overdrafts, convenience & extended credit card credit to corporations",4.02,pct_anual,2026-05,"BCE, ECB Data Portal, dataset MIR",https://data.ecb.europa.eu/data/datasets/MIR/MIR.MIR.M.IT.B.A2Z.A.R.A.2240.EUR.N,2026-09-16,Total,Total original maturity,tamano_prestamo,nivel,media_ponderada_volumen,serie MIR.M.IT.B.A2Z.A.R.A.2240.EUR.N
Italia,linea_credito_circulante,"tipo (revolving, descubiertos y tarjeta) | Bank interest rates - revolving loans & overdrafts, convenience & extended credit card credit to corporations",4.07,pct_anual,2026-06,"BCE, ECB Data Portal, dataset MIR",https://data.ecb.europa.eu/data/datasets/MIR/MIR.MIR.M.IT.B.A2Z.A.R.A.2240.EUR.N,2026-09-16,Total,Total original maturity,tamano_prestamo,nivel,media_ponderada_volumen,serie MIR.M.IT.B.A2Z.A.R.A.2240.EUR.N
Italia,linea_credito_circulante,"tipo (revolving, descubiertos y tarjeta) | Bank interest rates - revolving loans & overdrafts, convenience & extended credit card credit to corporations",4.25,pct_anual,2026-07,"BCE, ECB Data Portal, dataset MIR",https://data.ecb.europa.eu/data/datasets/MIR/MIR.MIR.M.IT.B.A2Z.A.R.A.2240.EUR.N,2026-09-16,Total,Total original maturity,tamano_prestamo,nivel,media_ponderada_volumen,serie MIR.M.IT.B.A2Z.A.R.A.2240.EUR.N; OBS_STATUS=P (no definitivo)
Portugal,linea_credito_circulante,tipo (revolving y descubiertos) | Bank interest rates - revolving loans & overdrafts to corporations,5.23,pct_anual,2025-01,"BCE, ECB Data Portal, dataset MIR",https://data.ecb.europa.eu/data/datasets/MIR/MIR.MIR.M.PT.B.A2Z1.A.R.A.2240.EUR.N,2026-09-16,Total,Total original maturity,tamano_prestamo,nivel,media_ponderada_volumen,serie MIR.M.PT.B.A2Z1.A.R.A.2240.EUR.N
Portugal,linea_credito_circulante,tipo (revolving y descubiertos) | Bank interest rates - revolving loans & overdrafts to corporations,5.11,pct_anual,2025-02,"BCE, ECB Data Portal, dataset MIR",https://data.ecb.europa.eu/data/datasets/MIR/MIR.MIR.M.PT.B.A2Z1.A.R.A.2240.EUR.N,2026-09-16,Total,Total original maturity,tamano_prestamo,nivel,media_ponderada_volumen,serie MIR.M.PT.B.A2Z1.A.R.A.2240.EUR.N
Portugal,linea_credito_circulante,tipo (revolving y descubiertos) | Bank interest rates - revolving loans & overdrafts to corporations,5,pct_anual,2025-03,"BCE, ECB Data Portal, dataset MIR",https://data.ecb.europa.eu/data/datasets/MIR/MIR.MIR.M.PT.B.A2Z1.A.R.A.2240.EUR.N,2026-09-16,Total,Total original maturity,tamano_prestamo,nivel,media_ponderada_volumen,serie MIR.M.PT.B.A2Z1.A.R.A.2240.EUR.N
Portugal,linea_credito_circulante,tipo (revolving y descubiertos) | Bank interest rates - revolving loans & overdrafts to corporations,4.91,pct_anual,2025-04,"BCE, ECB Data Portal, dataset MIR",https://data.ecb.europa.eu/data/datasets/MIR/MIR.MIR.M.PT.B.A2Z1.A.R.A.2240.EUR.N,2026-09-16,Total,Total original maturity,tamano_prestamo,nivel,media_ponderada_volumen,serie MIR.M.PT.B.A2Z1.A.R.A.2240.EUR.N
Portugal,linea_credito_circulante,tipo (revolving y descubiertos) | Bank interest rates - revolving loans & overdrafts to corporations,4.74,pct_anual,2025-05,"BCE, ECB Data Portal, dataset MIR",https://data.ecb.europa.eu/data/datasets/MIR/MIR.MIR.M.PT.B.A2Z1.A.R.A.2240.EUR.N,2026-09-16,Total,Total original maturity,tamano_prestamo,nivel,media_ponderada_volumen,serie MIR.M.PT.B.A2Z1.A.R.A.2240.EUR.N
Portugal,linea_credito_circulante,tipo (revolving y descubiertos) | Bank interest rates - revolving loans & overdrafts to corporations,4.68,pct_anual,2025-06,"BCE, ECB Data Portal, dataset MIR",https://data.ecb.europa.eu/data/datasets/MIR/MIR.MIR.M.PT.B.A2Z1.A.R.A.2240.EUR.N,2026-09-16,Total,Total original maturity,tamano_prestamo,nivel,media_ponderada_volumen,serie MIR.M.PT.B.A2Z1.A.R.A.2240.EUR.N
Portugal,linea_credito_circulante,tipo (revolving y descubiertos) | Bank interest rates - revolving loans & overdrafts to corporations,4.45,pct_anual,2025-07,"BCE, ECB Data Portal, dataset MIR",https://data.ecb.europa.eu/data/datasets/MIR/MIR.MIR.M.PT.B.A2Z1.A.R.A.2240.EUR.N,2026-09-16,Total,Total original maturity,tamano_prestamo,nivel,media_ponderada_volumen,serie MIR.M.PT.B.A2Z1.A.R.A.2240.EUR.N
Portugal,linea_credito_circulante,tipo (revolving y descubiertos) | Bank interest rates - revolving loans & overdrafts to corporations,4.39,pct_anual,2025-08,"BCE, ECB Data Portal, dataset MIR",https://data.ecb.europa.eu/data/datasets/MIR/MIR.MIR.M.PT.B.A2Z1.A.R.A.2240.EUR.N,2026-09-16,Total,Total original maturity,tamano_prestamo,nivel,media_ponderada_volumen,serie MIR.M.PT.B.A2Z1.A.R.A.2240.EUR.N
Portugal,linea_credito_circulante,tipo (revolving y descubiertos) | Bank interest rates - revolving loans & overdrafts to corporations,4.35,pct_anual,2025-09,"BCE, ECB Data Portal, dataset MIR",https://data.ecb.europa.eu/data/datasets/MIR/MIR.MIR.M.PT.B.A2Z1.A.R.A.2240.EUR.N,2026-09-16,Total,Total original maturity,tamano_prestamo,nivel,media_ponderada_volumen,serie MIR.M.PT.B.A2Z1.A.R.A.2240.EUR.N
Portugal,linea_credito_circulante,tipo (revolving y descubiertos) | Bank interest rates - revolving loans & overdrafts to corporations,4.32,pct_anual,2025-10,"BCE, ECB Data Portal, dataset MIR",https://data.ecb.europa.eu/data/datasets/MIR/MIR.MIR.M.PT.B.A2Z1.A.R.A.2240.EUR.N,2026-09-16,Total,Total original maturity,tamano_prestamo,nivel,media_ponderada_volumen,serie MIR.M.PT.B.A2Z1.A.R.A.2240.EUR.N
Portugal,linea_credito_circulante,tipo (revolving y descubiertos) | Bank interest rates - revolving loans & overdrafts to corporations,4.33,pct_anual,2025-11,"BCE, ECB Data Portal, dataset MIR",https://data.ecb.europa.eu/data/datasets/MIR/MIR.MIR.M.PT.B.A2Z1.A.R.A.2240.EUR.N,2026-09-16,Total,Total original maturity,tamano_prestamo,nivel,media_ponderada_volumen,serie MIR.M.PT.B.A2Z1.A.R.A.2240.EUR.N
Portugal,linea_credito_circulante,tipo (revolving y descubiertos) | Bank interest rates - revolving loans & overdrafts to corporations,4.36,pct_anual,2025-12,"BCE, ECB Data Portal, dataset MIR",https://data.ecb.europa.eu/data/datasets/MIR/MIR.MIR.M.PT.B.A2Z1.A.R.A.2240.EUR.N,2026-09-16,Total,Total original maturity,tamano_prestamo,nivel,media_ponderada_volumen,serie MIR.M.PT.B.A2Z1.A.R.A.2240.EUR.N
Portugal,linea_credito_circulante,tipo (revolving y descubiertos) | Bank interest rates - revolving loans & overdrafts to corporations,4.3,pct_anual,2026-01,"BCE, ECB Data Portal, dataset MIR",https://data.ecb.europa.eu/data/datasets/MIR/MIR.MIR.M.PT.B.A2Z1.A.R.A.2240.EUR.N,2026-09-16,Total,Total original maturity,tamano_prestamo,nivel,media_ponderada_volumen,serie MIR.M.PT.B.A2Z1.A.R.A.2240.EUR.N
Portugal,linea_credito_circulante,tipo (revolving y descubiertos) | Bank interest rates - revolving loans & overdrafts to corporations,4.28,pct_anual,2026-02,"BCE, ECB Data Portal, dataset MIR",https://data.ecb.europa.eu/data/datasets/MIR/MIR.MIR.M.PT.B.A2Z1.A.R.A.2240.EUR.N,2026-09-16,Total,Total original maturity,tamano_prestamo,nivel,media_ponderada_volumen,serie MIR.M.PT.B.A2Z1.A.R.A.2240.EUR.N
Portugal,linea_credito_circulante,tipo (revolving y descubiertos) | Bank interest rates - revolving loans & overdrafts to corporations,4.35,pct_anual,2026-03,"BCE, ECB Data Portal, dataset MIR",https://data.ecb.europa.eu/data/datasets/MIR/MIR.MIR.M.PT.B.A2Z1.A.R.A.2240.EUR.N,2026-09-16,Total,Total original maturity,tamano_prestamo,nivel,media_ponderada_volumen,serie MIR.M.PT.B.A2Z1.A.R.A.2240.EUR.N
Portugal,linea_credito_circulante,tipo (revolving y descubiertos) | Bank interest rates - revolving loans & overdrafts to corporations,4.3,pct_anual,2026-04,"BCE, ECB Data Portal, dataset MIR",https://data.ecb.europa.eu/data/datasets/MIR/MIR.MIR.M.PT.B.A2Z1.A.R.A.2240.EUR.N,2026-09-16,Total,Total original maturity,tamano_prestamo,nivel,media_ponderada_volumen,serie MIR.M.PT.B.A2Z1.A.R.A.2240.EUR.N
Portugal,linea_credito_circulante,tipo (revolving y descubiertos) | Bank interest rates - revolving loans & overdrafts to corporations,4.5,pct_anual,2026-05,"BCE, ECB Data Portal, dataset MIR",https://data.ecb.europa.eu/data/datasets/MIR/MIR.MIR.M.PT.B.A2Z1.A.R.A.2240.EUR.N,2026-09-16,Total,Total original maturity,tamano_prestamo,nivel,media_ponderada_volumen,serie MIR.M.PT.B.A2Z1.A.R.A.2240.EUR.N
Portugal,linea_credito_circulante,tipo (revolving y descubiertos) | Bank interest rates - revolving loans & overdrafts to corporations,4.53,pct_anual,2026-06,"BCE, ECB Data Portal, dataset MIR",https://data.ecb.europa.eu/data/datasets/MIR/MIR.MIR.M.PT.B.A2Z1.A.R.A.2240.EUR.N,2026-09-16,Total,Total original maturity,tamano_prestamo,nivel,media_ponderada_volumen,serie MIR.M.PT.B.A2Z1.A.R.A.2240.EUR.N
Portugal,linea_credito_circulante,tipo (revolving y descubiertos) | Bank interest rates - revolving loans & overdrafts to corporations,4.58,pct_anual,2026-07,"BCE, ECB Data Portal, dataset MIR",https://data.ecb.europa.eu/data/datasets/MIR/MIR.MIR.M.PT.B.A2Z1.A.R.A.2240.EUR.N,2026-09-16,Total,Total original maturity,tamano_prestamo,nivel,media_ponderada_volumen,serie MIR.M.PT.B.A2Z1.A.R.A.2240.EUR.N
Portugal,linea_credito_circulante,"tipo (revolving, descubiertos y tarjeta) | Bank interest rates - revolving loans & overdrafts, convenience & extended credit card credit to corporations",5.23,pct_anual,2025-01,"BCE, ECB Data Portal, dataset MIR",https://data.ecb.europa.eu/data/datasets/MIR/MIR.MIR.M.PT.B.A2Z.A.R.A.2240.EUR.N,2026-09-16,Total,Total original maturity,tamano_prestamo,nivel,media_ponderada_volumen,serie MIR.M.PT.B.A2Z.A.R.A.2240.EUR.N
Portugal,linea_credito_circulante,"tipo (revolving, descubiertos y tarjeta) | Bank interest rates - revolving loans & overdrafts, convenience & extended credit card credit to corporations",5.11,pct_anual,2025-02,"BCE, ECB Data Portal, dataset MIR",https://data.ecb.europa.eu/data/datasets/MIR/MIR.MIR.M.PT.B.A2Z.A.R.A.2240.EUR.N,2026-09-16,Total,Total original maturity,tamano_prestamo,nivel,media_ponderada_volumen,serie MIR.M.PT.B.A2Z.A.R.A.2240.EUR.N
Portugal,linea_credito_circulante,"tipo (revolving, descubiertos y tarjeta) | Bank interest rates - revolving loans & overdrafts, convenience & extended credit card credit to corporations",5,pct_anual,2025-03,"BCE, ECB Data Portal, dataset MIR",https://data.ecb.europa.eu/data/datasets/MIR/MIR.MIR.M.PT.B.A2Z.A.R.A.2240.EUR.N,2026-09-16,Total,Total original maturity,tamano_prestamo,nivel,media_ponderada_volumen,serie MIR.M.PT.B.A2Z.A.R.A.2240.EUR.N
Portugal,linea_credito_circulante,"tipo (revolving, descubiertos y tarjeta) | Bank interest rates - revolving loans & overdrafts, convenience & extended credit card credit to corporations",4.91,pct_anual,2025-04,"BCE, ECB Data Portal, dataset MIR",https://data.ecb.europa.eu/data/datasets/MIR/MIR.MIR.M.PT.B.A2Z.A.R.A.2240.EUR.N,2026-09-16,Total,Total original maturity,tamano_prestamo,nivel,media_ponderada_volumen,serie MIR.M.PT.B.A2Z.A.R.A.2240.EUR.N
Portugal,linea_credito_circulante,"tipo (revolving, descubiertos y tarjeta) | Bank interest rates - revolving loans & overdrafts, convenience & extended credit card credit to corporations",4.74,pct_anual,2025-05,"BCE, ECB Data Portal, dataset MIR",https://data.ecb.europa.eu/data/datasets/MIR/MIR.MIR.M.PT.B.A2Z.A.R.A.2240.EUR.N,2026-09-16,Total,Total original maturity,tamano_prestamo,nivel,media_ponderada_volumen,serie MIR.M.PT.B.A2Z.A.R.A.2240.EUR.N
Portugal,linea_credito_circulante,"tipo (revolving, descubiertos y tarjeta) | Bank interest rates - revolving loans & overdrafts, convenience & extended credit card credit to corporations",4.68,pct_anual,2025-06,"BCE, ECB Data Portal, dataset MIR",https://data.ecb.europa.eu/data/datasets/MIR/MIR.MIR.M.PT.B.A2Z.A.R.A.2240.EUR.N,2026-09-16,Total,Total original maturity,tamano_prestamo,nivel,media_ponderada_volumen,serie MIR.M.PT.B.A2Z.A.R.A.2240.EUR.N
Portugal,linea_credito_circulante,"tipo (revolving, descubiertos y tarjeta) | Bank interest rates - revolving loans & overdrafts, convenience & extended credit card credit to corporations",4.45,pct_anual,2025-07,"BCE, ECB Data Portal, dataset MIR",https://data.ecb.europa.eu/data/datasets/MIR/MIR.MIR.M.PT.B.A2Z.A.R.A.2240.EUR.N,2026-09-16,Total,Total original maturity,tamano_prestamo,nivel,media_ponderada_volumen,serie MIR.M.PT.B.A2Z.A.R.A.2240.EUR.N
Portugal,linea_credito_circulante,"tipo (revolving, descubiertos y tarjeta) | Bank interest rates - revolving loans & overdrafts, convenience & extended credit card credit to corporations",4.41,pct_anual,2025-08,"BCE, ECB Data Portal, dataset MIR",https://data.ecb.europa.eu/data/datasets/MIR/MIR.MIR.M.PT.B.A2Z.A.R.A.2240.EUR.N,2026-09-16,Total,Total original maturity,tamano_prestamo,nivel,media_ponderada_volumen,serie MIR.M.PT.B.A2Z.A.R.A.2240.EUR.N
Portugal,linea_credito_circulante,"tipo (revolving, descubiertos y tarjeta) | Bank interest rates - revolving loans & overdrafts, convenience & extended credit card credit to corporations",4.36,pct_anual,2025-09,"BCE, ECB Data Portal, dataset MIR",https://data.ecb.europa.eu/data/datasets/MIR/MIR.MIR.M.PT.B.A2Z.A.R.A.2240.EUR.N,2026-09-16,Total,Total original maturity,tamano_prestamo,nivel,media_ponderada_volumen,serie MIR.M.PT.B.A2Z.A.R.A.2240.EUR.N
Portugal,linea_credito_circulante,"tipo (revolving, descubiertos y tarjeta) | Bank interest rates - revolving loans & overdrafts, convenience & extended credit card credit to corporations",4.32,pct_anual,2025-10,"BCE, ECB Data Portal, dataset MIR",https://data.ecb.europa.eu/data/datasets/MIR/MIR.MIR.M.PT.B.A2Z.A.R.A.2240.EUR.N,2026-09-16,Total,Total original maturity,tamano_prestamo,nivel,media_ponderada_volumen,serie MIR.M.PT.B.A2Z.A.R.A.2240.EUR.N
Portugal,linea_credito_circulante,"tipo (revolving, descubiertos y tarjeta) | Bank interest rates - revolving loans & overdrafts, convenience & extended credit card credit to corporations",4.34,pct_anual,2025-11,"BCE, ECB Data Portal, dataset MIR",https://data.ecb.europa.eu/data/datasets/MIR/MIR.MIR.M.PT.B.A2Z.A.R.A.2240.EUR.N,2026-09-16,Total,Total original maturity,tamano_prestamo,nivel,media_ponderada_volumen,serie MIR.M.PT.B.A2Z.A.R.A.2240.EUR.N
Portugal,linea_credito_circulante,"tipo (revolving, descubiertos y tarjeta) | Bank interest rates - revolving loans & overdrafts, convenience & extended credit card credit to corporations",4.36,pct_anual,2025-12,"BCE, ECB Data Portal, dataset MIR",https://data.ecb.europa.eu/data/datasets/MIR/MIR.MIR.M.PT.B.A2Z.A.R.A.2240.EUR.N,2026-09-16,Total,Total original maturity,tamano_prestamo,nivel,media_ponderada_volumen,serie MIR.M.PT.B.A2Z.A.R.A.2240.EUR.N
Portugal,linea_credito_circulante,"tipo (revolving, descubiertos y tarjeta) | Bank interest rates - revolving loans & overdrafts, convenience & extended credit card credit to corporations",4.31,pct_anual,2026-01,"BCE, ECB Data Portal, dataset MIR",https://data.ecb.europa.eu/data/datasets/MIR/MIR.MIR.M.PT.B.A2Z.A.R.A.2240.EUR.N,2026-09-16,Total,Total original maturity,tamano_prestamo,nivel,media_ponderada_volumen,serie MIR.M.PT.B.A2Z.A.R.A.2240.EUR.N
Portugal,linea_credito_circulante,"tipo (revolving, descubiertos y tarjeta) | Bank interest rates - revolving loans & overdrafts, convenience & extended credit card credit to corporations",4.28,pct_anual,2026-02,"BCE, ECB Data Portal, dataset MIR",https://data.ecb.europa.eu/data/datasets/MIR/MIR.MIR.M.PT.B.A2Z.A.R.A.2240.EUR.N,2026-09-16,Total,Total original maturity,tamano_prestamo,nivel,media_ponderada_volumen,serie MIR.M.PT.B.A2Z.A.R.A.2240.EUR.N
Portugal,linea_credito_circulante,"tipo (revolving, descubiertos y tarjeta) | Bank interest rates - revolving loans & overdrafts, convenience & extended credit card credit to corporations",4.35,pct_anual,2026-03,"BCE, ECB Data Portal, dataset MIR",https://data.ecb.europa.eu/data/datasets/MIR/MIR.MIR.M.PT.B.A2Z.A.R.A.2240.EUR.N,2026-09-16,Total,Total original maturity,tamano_prestamo,nivel,media_ponderada_volumen,serie MIR.M.PT.B.A2Z.A.R.A.2240.EUR.N
Portugal,linea_credito_circulante,"tipo (revolving, descubiertos y tarjeta) | Bank interest rates - revolving loans & overdrafts, convenience & extended credit card credit to corporations",4.3,pct_anual,2026-04,"BCE, ECB Data Portal, dataset MIR",https://data.ecb.europa.eu/data/datasets/MIR/MIR.MIR.M.PT.B.A2Z.A.R.A.2240.EUR.N,2026-09-16,Total,Total original maturity,tamano_prestamo,nivel,media_ponderada_volumen,serie MIR.M.PT.B.A2Z.A.R.A.2240.EUR.N
Portugal,linea_credito_circulante,"tipo (revolving, descubiertos y tarjeta) | Bank interest rates - revolving loans & overdrafts, convenience & extended credit card credit to corporations",4.5,pct_anual,2026-05,"BCE, ECB Data Portal, dataset MIR",https://data.ecb.europa.eu/data/datasets/MIR/MIR.MIR.M.PT.B.A2Z.A.R.A.2240.EUR.N,2026-09-16,Total,Total original maturity,tamano_prestamo,nivel,media_ponderada_volumen,serie MIR.M.PT.B.A2Z.A.R.A.2240.EUR.N
Portugal,linea_credito_circulante,"tipo (revolving, descubiertos y tarjeta) | Bank interest rates - revolving loans & overdrafts, convenience & extended credit card credit to corporations",4.52,pct_anual,2026-06,"BCE, ECB Data Portal, dataset MIR",https://data.ecb.europa.eu/data/datasets/MIR/MIR.MIR.M.PT.B.A2Z.A.R.A.2240.EUR.N,2026-09-16,Total,Total original maturity,tamano_prestamo,nivel,media_ponderada_volumen,serie MIR.M.PT.B.A2Z.A.R.A.2240.EUR.N
Portugal,linea_credito_circulante,"tipo (revolving, descubiertos y tarjeta) | Bank interest rates - revolving loans & overdrafts, convenience & extended credit card credit to corporations",4.56,pct_anual,2026-07,"BCE, ECB Data Portal, dataset MIR",https://data.ecb.europa.eu/data/datasets/MIR/MIR.MIR.M.PT.B.A2Z.A.R.A.2240.EUR.N,2026-09-16,Total,Total original maturity,tamano_prestamo,nivel,media_ponderada_volumen,serie MIR.M.PT.B.A2Z.A.R.A.2240.EUR.N
Paises Bajos,linea_credito_circulante,tipo (revolving y descubiertos) | Bank interest rates - revolving loans & overdrafts to corporations,3.38,pct_anual,2025-01,"BCE, ECB Data Portal, dataset MIR",https://data.ecb.europa.eu/data/datasets/MIR/MIR.MIR.M.NL.B.A2Z1.A.R.A.2240.EUR.N,2026-09-16,Total,Total original maturity,tamano_prestamo,nivel,media_ponderada_volumen,serie MIR.M.NL.B.A2Z1.A.R.A.2240.EUR.N
Paises Bajos,linea_credito_circulante,tipo (revolving y descubiertos) | Bank interest rates - revolving loans & overdrafts to corporations,3.15,pct_anual,2025-02,"BCE, ECB Data Portal, dataset MIR",https://data.ecb.europa.eu/data/datasets/MIR/MIR.MIR.M.NL.B.A2Z1.A.R.A.2240.EUR.N,2026-09-16,Total,Total original maturity,tamano_prestamo,nivel,media_ponderada_volumen,serie MIR.M.NL.B.A2Z1.A.R.A.2240.EUR.N
Paises Bajos,linea_credito_circulante,tipo (revolving y descubiertos) | Bank interest rates - revolving loans & overdrafts to corporations,2.94,pct_anual,2025-03,"BCE, ECB Data Portal, dataset MIR",https://data.ecb.europa.eu/data/datasets/MIR/MIR.MIR.M.NL.B.A2Z1.A.R.A.2240.EUR.N,2026-09-16,Total,Total original maturity,tamano_prestamo,nivel,media_ponderada_volumen,serie MIR.M.NL.B.A2Z1.A.R.A.2240.EUR.N
Paises Bajos,linea_credito_circulante,tipo (revolving y descubiertos) | Bank interest rates - revolving loans & overdrafts to corporations,2.85,pct_anual,2025-04,"BCE, ECB Data Portal, dataset MIR",https://data.ecb.europa.eu/data/datasets/MIR/MIR.MIR.M.NL.B.A2Z1.A.R.A.2240.EUR.N,2026-09-16,Total,Total original maturity,tamano_prestamo,nivel,media_ponderada_volumen,serie MIR.M.NL.B.A2Z1.A.R.A.2240.EUR.N
Paises Bajos,linea_credito_circulante,tipo (revolving y descubiertos) | Bank interest rates - revolving loans & overdrafts to corporations,2.68,pct_anual,2025-05,"BCE, ECB Data Portal, dataset MIR",https://data.ecb.europa.eu/data/datasets/MIR/MIR.MIR.M.NL.B.A2Z1.A.R.A.2240.EUR.N,2026-09-16,Total,Total original maturity,tamano_prestamo,nivel,media_ponderada_volumen,serie MIR.M.NL.B.A2Z1.A.R.A.2240.EUR.N
Paises Bajos,linea_credito_circulante,tipo (revolving y descubiertos) | Bank interest rates - revolving loans & overdrafts to corporations,2.48,pct_anual,2025-06,"BCE, ECB Data Portal, dataset MIR",https://data.ecb.europa.eu/data/datasets/MIR/MIR.MIR.M.NL.B.A2Z1.A.R.A.2240.EUR.N,2026-09-16,Total,Total original maturity,tamano_prestamo,nivel,media_ponderada_volumen,serie MIR.M.NL.B.A2Z1.A.R.A.2240.EUR.N
Paises Bajos,linea_credito_circulante,tipo (revolving y descubiertos) | Bank interest rates - revolving loans & overdrafts to corporations,2.41,pct_anual,2025-07,"BCE, ECB Data Portal, dataset MIR",https://data.ecb.europa.eu/data/datasets/MIR/MIR.MIR.M.NL.B.A2Z1.A.R.A.2240.EUR.N,2026-09-16,Total,Total original maturity,tamano_prestamo,nivel,media_ponderada_volumen,serie MIR.M.NL.B.A2Z1.A.R.A.2240.EUR.N
Paises Bajos,linea_credito_circulante,tipo (revolving y descubiertos) | Bank interest rates - revolving loans & overdrafts to corporations,2.39,pct_anual,2025-08,"BCE, ECB Data Portal, dataset MIR",https://data.ecb.europa.eu/data/datasets/MIR/MIR.MIR.M.NL.B.A2Z1.A.R.A.2240.EUR.N,2026-09-16,Total,Total original maturity,tamano_prestamo,nivel,media_ponderada_volumen,serie MIR.M.NL.B.A2Z1.A.R.A.2240.EUR.N
Paises Bajos,linea_credito_circulante,tipo (revolving y descubiertos) | Bank interest rates - revolving loans & overdrafts to corporations,2.41,pct_anual,2025-09,"BCE, ECB Data Portal, dataset MIR",https://data.ecb.europa.eu/data/datasets/MIR/MIR.MIR.M.NL.B.A2Z1.A.R.A.2240.EUR.N,2026-09-16,Total,Total original maturity,tamano_prestamo,nivel,media_ponderada_volumen,serie MIR.M.NL.B.A2Z1.A.R.A.2240.EUR.N
Paises Bajos,linea_credito_circulante,tipo (revolving y descubiertos) | Bank interest rates - revolving loans & overdrafts to corporations,2.38,pct_anual,2025-10,"BCE, ECB Data Portal, dataset MIR",https://data.ecb.europa.eu/data/datasets/MIR/MIR.MIR.M.NL.B.A2Z1.A.R.A.2240.EUR.N,2026-09-16,Total,Total original maturity,tamano_prestamo,nivel,media_ponderada_volumen,serie MIR.M.NL.B.A2Z1.A.R.A.2240.EUR.N
Paises Bajos,linea_credito_circulante,tipo (revolving y descubiertos) | Bank interest rates - revolving loans & overdrafts to corporations,2.36,pct_anual,2025-11,"BCE, ECB Data Portal, dataset MIR",https://data.ecb.europa.eu/data/datasets/MIR/MIR.MIR.M.NL.B.A2Z1.A.R.A.2240.EUR.N,2026-09-16,Total,Total original maturity,tamano_prestamo,nivel,media_ponderada_volumen,serie MIR.M.NL.B.A2Z1.A.R.A.2240.EUR.N
Paises Bajos,linea_credito_circulante,tipo (revolving y descubiertos) | Bank interest rates - revolving loans & overdrafts to corporations,2.45,pct_anual,2025-12,"BCE, ECB Data Portal, dataset MIR",https://data.ecb.europa.eu/data/datasets/MIR/MIR.MIR.M.NL.B.A2Z1.A.R.A.2240.EUR.N,2026-09-16,Total,Total original maturity,tamano_prestamo,nivel,media_ponderada_volumen,serie MIR.M.NL.B.A2Z1.A.R.A.2240.EUR.N
Paises Bajos,linea_credito_circulante,tipo (revolving y descubiertos) | Bank interest rates - revolving loans & overdrafts to corporations,2.41,pct_anual,2026-01,"BCE, ECB Data Portal, dataset MIR",https://data.ecb.europa.eu/data/datasets/MIR/MIR.MIR.M.NL.B.A2Z1.A.R.A.2240.EUR.N,2026-09-16,Total,Total original maturity,tamano_prestamo,nivel,media_ponderada_volumen,serie MIR.M.NL.B.A2Z1.A.R.A.2240.EUR.N
Paises Bajos,linea_credito_circulante,tipo (revolving y descubiertos) | Bank interest rates - revolving loans & overdrafts to corporations,2.39,pct_anual,2026-02,"BCE, ECB Data Portal, dataset MIR",https://data.ecb.europa.eu/data/datasets/MIR/MIR.MIR.M.NL.B.A2Z1.A.R.A.2240.EUR.N,2026-09-16,Total,Total original maturity,tamano_prestamo,nivel,media_ponderada_volumen,serie MIR.M.NL.B.A2Z1.A.R.A.2240.EUR.N
Paises Bajos,linea_credito_circulante,tipo (revolving y descubiertos) | Bank interest rates - revolving loans & overdrafts to corporations,2.43,pct_anual,2026-03,"BCE, ECB Data Portal, dataset MIR",https://data.ecb.europa.eu/data/datasets/MIR/MIR.MIR.M.NL.B.A2Z1.A.R.A.2240.EUR.N,2026-09-16,Total,Total original maturity,tamano_prestamo,nivel,media_ponderada_volumen,serie MIR.M.NL.B.A2Z1.A.R.A.2240.EUR.N
Paises Bajos,linea_credito_circulante,tipo (revolving y descubiertos) | Bank interest rates - revolving loans & overdrafts to corporations,2.39,pct_anual,2026-04,"BCE, ECB Data Portal, dataset MIR",https://data.ecb.europa.eu/data/datasets/MIR/MIR.MIR.M.NL.B.A2Z1.A.R.A.2240.EUR.N,2026-09-16,Total,Total original maturity,tamano_prestamo,nivel,media_ponderada_volumen,serie MIR.M.NL.B.A2Z1.A.R.A.2240.EUR.N
Paises Bajos,linea_credito_circulante,tipo (revolving y descubiertos) | Bank interest rates - revolving loans & overdrafts to corporations,2.39,pct_anual,2026-05,"BCE, ECB Data Portal, dataset MIR",https://data.ecb.europa.eu/data/datasets/MIR/MIR.MIR.M.NL.B.A2Z1.A.R.A.2240.EUR.N,2026-09-16,Total,Total original maturity,tamano_prestamo,nivel,media_ponderada_volumen,serie MIR.M.NL.B.A2Z1.A.R.A.2240.EUR.N
Paises Bajos,linea_credito_circulante,tipo (revolving y descubiertos) | Bank interest rates - revolving loans & overdrafts to corporations,2.64,pct_anual,2026-06,"BCE, ECB Data Portal, dataset MIR",https://data.ecb.europa.eu/data/datasets/MIR/MIR.MIR.M.NL.B.A2Z1.A.R.A.2240.EUR.N,2026-09-16,Total,Total original maturity,tamano_prestamo,nivel,media_ponderada_volumen,serie MIR.M.NL.B.A2Z1.A.R.A.2240.EUR.N
Paises Bajos,linea_credito_circulante,tipo (revolving y descubiertos) | Bank interest rates - revolving loans & overdrafts to corporations,2.6,pct_anual,2026-07,"BCE, ECB Data Portal, dataset MIR",https://data.ecb.europa.eu/data/datasets/MIR/MIR.MIR.M.NL.B.A2Z1.A.R.A.2240.EUR.N,2026-09-16,Total,Total original maturity,tamano_prestamo,nivel,media_ponderada_volumen,serie MIR.M.NL.B.A2Z1.A.R.A.2240.EUR.N
Paises Bajos,linea_credito_circulante,"tipo (revolving, descubiertos y tarjeta) | Bank interest rates - revolving loans & overdrafts, convenience & extended credit card credit to corporations",3.38,pct_anual,2025-01,"BCE, ECB Data Portal, dataset MIR",https://data.ecb.europa.eu/data/datasets/MIR/MIR.MIR.M.NL.B.A2Z.A.R.A.2240.EUR.N,2026-09-16,Total,Total original maturity,tamano_prestamo,nivel,media_ponderada_volumen,serie MIR.M.NL.B.A2Z.A.R.A.2240.EUR.N
Paises Bajos,linea_credito_circulante,"tipo (revolving, descubiertos y tarjeta) | Bank interest rates - revolving loans & overdrafts, convenience & extended credit card credit to corporations",3.14,pct_anual,2025-02,"BCE, ECB Data Portal, dataset MIR",https://data.ecb.europa.eu/data/datasets/MIR/MIR.MIR.M.NL.B.A2Z.A.R.A.2240.EUR.N,2026-09-16,Total,Total original maturity,tamano_prestamo,nivel,media_ponderada_volumen,serie MIR.M.NL.B.A2Z.A.R.A.2240.EUR.N
Paises Bajos,linea_credito_circulante,"tipo (revolving, descubiertos y tarjeta) | Bank interest rates - revolving loans & overdrafts, convenience & extended credit card credit to corporations",2.93,pct_anual,2025-03,"BCE, ECB Data Portal, dataset MIR",https://data.ecb.europa.eu/data/datasets/MIR/MIR.MIR.M.NL.B.A2Z.A.R.A.2240.EUR.N,2026-09-16,Total,Total original maturity,tamano_prestamo,nivel,media_ponderada_volumen,serie MIR.M.NL.B.A2Z.A.R.A.2240.EUR.N
Paises Bajos,linea_credito_circulante,"tipo (revolving, descubiertos y tarjeta) | Bank interest rates - revolving loans & overdrafts, convenience & extended credit card credit to corporations",2.85,pct_anual,2025-04,"BCE, ECB Data Portal, dataset MIR",https://data.ecb.europa.eu/data/datasets/MIR/MIR.MIR.M.NL.B.A2Z.A.R.A.2240.EUR.N,2026-09-16,Total,Total original maturity,tamano_prestamo,nivel,media_ponderada_volumen,serie MIR.M.NL.B.A2Z.A.R.A.2240.EUR.N
Paises Bajos,linea_credito_circulante,"tipo (revolving, descubiertos y tarjeta) | Bank interest rates - revolving loans & overdrafts, convenience & extended credit card credit to corporations",2.67,pct_anual,2025-05,"BCE, ECB Data Portal, dataset MIR",https://data.ecb.europa.eu/data/datasets/MIR/MIR.MIR.M.NL.B.A2Z.A.R.A.2240.EUR.N,2026-09-16,Total,Total original maturity,tamano_prestamo,nivel,media_ponderada_volumen,serie MIR.M.NL.B.A2Z.A.R.A.2240.EUR.N
Paises Bajos,linea_credito_circulante,"tipo (revolving, descubiertos y tarjeta) | Bank interest rates - revolving loans & overdrafts, convenience & extended credit card credit to corporations",2.47,pct_anual,2025-06,"BCE, ECB Data Portal, dataset MIR",https://data.ecb.europa.eu/data/datasets/MIR/MIR.MIR.M.NL.B.A2Z.A.R.A.2240.EUR.N,2026-09-16,Total,Total original maturity,tamano_prestamo,nivel,media_ponderada_volumen,serie MIR.M.NL.B.A2Z.A.R.A.2240.EUR.N
Paises Bajos,linea_credito_circulante,"tipo (revolving, descubiertos y tarjeta) | Bank interest rates - revolving loans & overdrafts, convenience & extended credit card credit to corporations",2.4,pct_anual,2025-07,"BCE, ECB Data Portal, dataset MIR",https://data.ecb.europa.eu/data/datasets/MIR/MIR.MIR.M.NL.B.A2Z.A.R.A.2240.EUR.N,2026-09-16,Total,Total original maturity,tamano_prestamo,nivel,media_ponderada_volumen,serie MIR.M.NL.B.A2Z.A.R.A.2240.EUR.N
Paises Bajos,linea_credito_circulante,"tipo (revolving, descubiertos y tarjeta) | Bank interest rates - revolving loans & overdrafts, convenience & extended credit card credit to corporations",2.39,pct_anual,2025-08,"BCE, ECB Data Portal, dataset MIR",https://data.ecb.europa.eu/data/datasets/MIR/MIR.MIR.M.NL.B.A2Z.A.R.A.2240.EUR.N,2026-09-16,Total,Total original maturity,tamano_prestamo,nivel,media_ponderada_volumen,serie MIR.M.NL.B.A2Z.A.R.A.2240.EUR.N
Paises Bajos,linea_credito_circulante,"tipo (revolving, descubiertos y tarjeta) | Bank interest rates - revolving loans & overdrafts, convenience & extended credit card credit to corporations",2.4,pct_anual,2025-09,"BCE, ECB Data Portal, dataset MIR",https://data.ecb.europa.eu/data/datasets/MIR/MIR.MIR.M.NL.B.A2Z.A.R.A.2240.EUR.N,2026-09-16,Total,Total original maturity,tamano_prestamo,nivel,media_ponderada_volumen,serie MIR.M.NL.B.A2Z.A.R.A.2240.EUR.N
Paises Bajos,linea_credito_circulante,"tipo (revolving, descubiertos y tarjeta) | Bank interest rates - revolving loans & overdrafts, convenience & extended credit card credit to corporations",2.37,pct_anual,2025-10,"BCE, ECB Data Portal, dataset MIR",https://data.ecb.europa.eu/data/datasets/MIR/MIR.MIR.M.NL.B.A2Z.A.R.A.2240.EUR.N,2026-09-16,Total,Total original maturity,tamano_prestamo,nivel,media_ponderada_volumen,serie MIR.M.NL.B.A2Z.A.R.A.2240.EUR.N
Paises Bajos,linea_credito_circulante,"tipo (revolving, descubiertos y tarjeta) | Bank interest rates - revolving loans & overdrafts, convenience & extended credit card credit to corporations",2.35,pct_anual,2025-11,"BCE, ECB Data Portal, dataset MIR",https://data.ecb.europa.eu/data/datasets/MIR/MIR.MIR.M.NL.B.A2Z.A.R.A.2240.EUR.N,2026-09-16,Total,Total original maturity,tamano_prestamo,nivel,media_ponderada_volumen,serie MIR.M.NL.B.A2Z.A.R.A.2240.EUR.N
Paises Bajos,linea_credito_circulante,"tipo (revolving, descubiertos y tarjeta) | Bank interest rates - revolving loans & overdrafts, convenience & extended credit card credit to corporations",2.44,pct_anual,2025-12,"BCE, ECB Data Portal, dataset MIR",https://data.ecb.europa.eu/data/datasets/MIR/MIR.MIR.M.NL.B.A2Z.A.R.A.2240.EUR.N,2026-09-16,Total,Total original maturity,tamano_prestamo,nivel,media_ponderada_volumen,serie MIR.M.NL.B.A2Z.A.R.A.2240.EUR.N
Paises Bajos,linea_credito_circulante,"tipo (revolving, descubiertos y tarjeta) | Bank interest rates - revolving loans & overdrafts, convenience & extended credit card credit to corporations",2.4,pct_anual,2026-01,"BCE, ECB Data Portal, dataset MIR",https://data.ecb.europa.eu/data/datasets/MIR/MIR.MIR.M.NL.B.A2Z.A.R.A.2240.EUR.N,2026-09-16,Total,Total original maturity,tamano_prestamo,nivel,media_ponderada_volumen,serie MIR.M.NL.B.A2Z.A.R.A.2240.EUR.N
Paises Bajos,linea_credito_circulante,"tipo (revolving, descubiertos y tarjeta) | Bank interest rates - revolving loans & overdrafts, convenience & extended credit card credit to corporations",2.39,pct_anual,2026-02,"BCE, ECB Data Portal, dataset MIR",https://data.ecb.europa.eu/data/datasets/MIR/MIR.MIR.M.NL.B.A2Z.A.R.A.2240.EUR.N,2026-09-16,Total,Total original maturity,tamano_prestamo,nivel,media_ponderada_volumen,serie MIR.M.NL.B.A2Z.A.R.A.2240.EUR.N
Paises Bajos,linea_credito_circulante,"tipo (revolving, descubiertos y tarjeta) | Bank interest rates - revolving loans & overdrafts, convenience & extended credit card credit to corporations",2.42,pct_anual,2026-03,"BCE, ECB Data Portal, dataset MIR",https://data.ecb.europa.eu/data/datasets/MIR/MIR.MIR.M.NL.B.A2Z.A.R.A.2240.EUR.N,2026-09-16,Total,Total original maturity,tamano_prestamo,nivel,media_ponderada_volumen,serie MIR.M.NL.B.A2Z.A.R.A.2240.EUR.N
Paises Bajos,linea_credito_circulante,"tipo (revolving, descubiertos y tarjeta) | Bank interest rates - revolving loans & overdrafts, convenience & extended credit card credit to corporations",2.38,pct_anual,2026-04,"BCE, ECB Data Portal, dataset MIR",https://data.ecb.europa.eu/data/datasets/MIR/MIR.MIR.M.NL.B.A2Z.A.R.A.2240.EUR.N,2026-09-16,Total,Total original maturity,tamano_prestamo,nivel,media_ponderada_volumen,serie MIR.M.NL.B.A2Z.A.R.A.2240.EUR.N
Paises Bajos,linea_credito_circulante,"tipo (revolving, descubiertos y tarjeta) | Bank interest rates - revolving loans & overdrafts, convenience & extended credit card credit to corporations",2.38,pct_anual,2026-05,"BCE, ECB Data Portal, dataset MIR",https://data.ecb.europa.eu/data/datasets/MIR/MIR.MIR.M.NL.B.A2Z.A.R.A.2240.EUR.N,2026-09-16,Total,Total original maturity,tamano_prestamo,nivel,media_ponderada_volumen,serie MIR.M.NL.B.A2Z.A.R.A.2240.EUR.N
Paises Bajos,linea_credito_circulante,"tipo (revolving, descubiertos y tarjeta) | Bank interest rates - revolving loans & overdrafts, convenience & extended credit card credit to corporations",2.64,pct_anual,2026-06,"BCE, ECB Data Portal, dataset MIR",https://data.ecb.europa.eu/data/datasets/MIR/MIR.MIR.M.NL.B.A2Z.A.R.A.2240.EUR.N,2026-09-16,Total,Total original maturity,tamano_prestamo,nivel,media_ponderada_volumen,serie MIR.M.NL.B.A2Z.A.R.A.2240.EUR.N
Paises Bajos,linea_credito_circulante,"tipo (revolving, descubiertos y tarjeta) | Bank interest rates - revolving loans & overdrafts, convenience & extended credit card credit to corporations",2.6,pct_anual,2026-07,"BCE, ECB Data Portal, dataset MIR",https://data.ecb.europa.eu/data/datasets/MIR/MIR.MIR.M.NL.B.A2Z.A.R.A.2240.EUR.N,2026-09-16,Total,Total original maturity,tamano_prestamo,nivel,media_ponderada_volumen,serie MIR.M.NL.B.A2Z.A.R.A.2240.EUR.N
Zona euro (referencia),linea_credito_circulante,tipo (revolving y descubiertos) | Bank interest rates - revolving loans & overdrafts to corporations,4.48,pct_anual,2025-01,"BCE, ECB Data Portal, dataset MIR",https://data.ecb.europa.eu/data/datasets/MIR/MIR.MIR.M.U2.B.A2Z1.A.R.A.2240.EUR.N,2026-09-16,Total,Total original maturity,tamano_prestamo,nivel,media_ponderada_volumen,serie MIR.M.U2.B.A2Z1.A.R.A.2240.EUR.N
Zona euro (referencia),linea_credito_circulante,tipo (revolving y descubiertos) | Bank interest rates - revolving loans & overdrafts to corporations,4.33,pct_anual,2025-02,"BCE, ECB Data Portal, dataset MIR",https://data.ecb.europa.eu/data/datasets/MIR/MIR.MIR.M.U2.B.A2Z1.A.R.A.2240.EUR.N,2026-09-16,Total,Total original maturity,tamano_prestamo,nivel,media_ponderada_volumen,serie MIR.M.U2.B.A2Z1.A.R.A.2240.EUR.N
Zona euro (referencia),linea_credito_circulante,tipo (revolving y descubiertos) | Bank interest rates - revolving loans & overdrafts to corporations,4.21,pct_anual,2025-03,"BCE, ECB Data Portal, dataset MIR",https://data.ecb.europa.eu/data/datasets/MIR/MIR.MIR.M.U2.B.A2Z1.A.R.A.2240.EUR.N,2026-09-16,Total,Total original maturity,tamano_prestamo,nivel,media_ponderada_volumen,serie MIR.M.U2.B.A2Z1.A.R.A.2240.EUR.N
Zona euro (referencia),linea_credito_circulante,tipo (revolving y descubiertos) | Bank interest rates - revolving loans & overdrafts to corporations,4.03,pct_anual,2025-04,"BCE, ECB Data Portal, dataset MIR",https://data.ecb.europa.eu/data/datasets/MIR/MIR.MIR.M.U2.B.A2Z1.A.R.A.2240.EUR.N,2026-09-16,Total,Total original maturity,tamano_prestamo,nivel,media_ponderada_volumen,serie MIR.M.U2.B.A2Z1.A.R.A.2240.EUR.N
Zona euro (referencia),linea_credito_circulante,tipo (revolving y descubiertos) | Bank interest rates - revolving loans & overdrafts to corporations,3.91,pct_anual,2025-05,"BCE, ECB Data Portal, dataset MIR",https://data.ecb.europa.eu/data/datasets/MIR/MIR.MIR.M.U2.B.A2Z1.A.R.A.2240.EUR.N,2026-09-16,Total,Total original maturity,tamano_prestamo,nivel,media_ponderada_volumen,serie MIR.M.U2.B.A2Z1.A.R.A.2240.EUR.N
Zona euro (referencia),linea_credito_circulante,tipo (revolving y descubiertos) | Bank interest rates - revolving loans & overdrafts to corporations,3.82,pct_anual,2025-06,"BCE, ECB Data Portal, dataset MIR",https://data.ecb.europa.eu/data/datasets/MIR/MIR.MIR.M.U2.B.A2Z1.A.R.A.2240.EUR.N,2026-09-16,Total,Total original maturity,tamano_prestamo,nivel,media_ponderada_volumen,serie MIR.M.U2.B.A2Z1.A.R.A.2240.EUR.N
Zona euro (referencia),linea_credito_circulante,tipo (revolving y descubiertos) | Bank interest rates - revolving loans & overdrafts to corporations,3.68,pct_anual,2025-07,"BCE, ECB Data Portal, dataset MIR",https://data.ecb.europa.eu/data/datasets/MIR/MIR.MIR.M.U2.B.A2Z1.A.R.A.2240.EUR.N,2026-09-16,Total,Total original maturity,tamano_prestamo,nivel,media_ponderada_volumen,serie MIR.M.U2.B.A2Z1.A.R.A.2240.EUR.N
Zona euro (referencia),linea_credito_circulante,tipo (revolving y descubiertos) | Bank interest rates - revolving loans & overdrafts to corporations,3.65,pct_anual,2025-08,"BCE, ECB Data Portal, dataset MIR",https://data.ecb.europa.eu/data/datasets/MIR/MIR.MIR.M.U2.B.A2Z1.A.R.A.2240.EUR.N,2026-09-16,Total,Total original maturity,tamano_prestamo,nivel,media_ponderada_volumen,serie MIR.M.U2.B.A2Z1.A.R.A.2240.EUR.N
Zona euro (referencia),linea_credito_circulante,tipo (revolving y descubiertos) | Bank interest rates - revolving loans & overdrafts to corporations,3.69,pct_anual,2025-09,"BCE, ECB Data Portal, dataset MIR",https://data.ecb.europa.eu/data/datasets/MIR/MIR.MIR.M.U2.B.A2Z1.A.R.A.2240.EUR.N,2026-09-16,Total,Total original maturity,tamano_prestamo,nivel,media_ponderada_volumen,serie MIR.M.U2.B.A2Z1.A.R.A.2240.EUR.N
Zona euro (referencia),linea_credito_circulante,tipo (revolving y descubiertos) | Bank interest rates - revolving loans & overdrafts to corporations,3.66,pct_anual,2025-10,"BCE, ECB Data Portal, dataset MIR",https://data.ecb.europa.eu/data/datasets/MIR/MIR.MIR.M.U2.B.A2Z1.A.R.A.2240.EUR.N,2026-09-16,Total,Total original maturity,tamano_prestamo,nivel,media_ponderada_volumen,serie MIR.M.U2.B.A2Z1.A.R.A.2240.EUR.N
Zona euro (referencia),linea_credito_circulante,tipo (revolving y descubiertos) | Bank interest rates - revolving loans & overdrafts to corporations,3.64,pct_anual,2025-11,"BCE, ECB Data Portal, dataset MIR",https://data.ecb.europa.eu/data/datasets/MIR/MIR.MIR.M.U2.B.A2Z1.A.R.A.2240.EUR.N,2026-09-16,Total,Total original maturity,tamano_prestamo,nivel,media_ponderada_volumen,serie MIR.M.U2.B.A2Z1.A.R.A.2240.EUR.N
Zona euro (referencia),linea_credito_circulante,tipo (revolving y descubiertos) | Bank interest rates - revolving loans & overdrafts to corporations,3.68,pct_anual,2025-12,"BCE, ECB Data Portal, dataset MIR",https://data.ecb.europa.eu/data/datasets/MIR/MIR.MIR.M.U2.B.A2Z1.A.R.A.2240.EUR.N,2026-09-16,Total,Total original maturity,tamano_prestamo,nivel,media_ponderada_volumen,serie MIR.M.U2.B.A2Z1.A.R.A.2240.EUR.N
Zona euro (referencia),linea_credito_circulante,tipo (revolving y descubiertos) | Bank interest rates - revolving loans & overdrafts to corporations,3.68,pct_anual,2026-01,"BCE, ECB Data Portal, dataset MIR",https://data.ecb.europa.eu/data/datasets/MIR/MIR.MIR.M.U2.B.A2Z1.A.R.A.2240.EUR.N,2026-09-16,Total,Total original maturity,tamano_prestamo,nivel,media_ponderada_volumen,serie MIR.M.U2.B.A2Z1.A.R.A.2240.EUR.N
Zona euro (referencia),linea_credito_circulante,tipo (revolving y descubiertos) | Bank interest rates - revolving loans & overdrafts to corporations,3.66,pct_anual,2026-02,"BCE, ECB Data Portal, dataset MIR",https://data.ecb.europa.eu/data/datasets/MIR/MIR.MIR.M.U2.B.A2Z1.A.R.A.2240.EUR.N,2026-09-16,Total,Total original maturity,tamano_prestamo,nivel,media_ponderada_volumen,serie MIR.M.U2.B.A2Z1.A.R.A.2240.EUR.N
Zona euro (referencia),linea_credito_circulante,tipo (revolving y descubiertos) | Bank interest rates - revolving loans & overdrafts to corporations,3.67,pct_anual,2026-03,"BCE, ECB Data Portal, dataset MIR",https://data.ecb.europa.eu/data/datasets/MIR/MIR.MIR.M.U2.B.A2Z1.A.R.A.2240.EUR.N,2026-09-16,Total,Total original maturity,tamano_prestamo,nivel,media_ponderada_volumen,serie MIR.M.U2.B.A2Z1.A.R.A.2240.EUR.N
Zona euro (referencia),linea_credito_circulante,tipo (revolving y descubiertos) | Bank interest rates - revolving loans & overdrafts to corporations,3.7,pct_anual,2026-04,"BCE, ECB Data Portal, dataset MIR",https://data.ecb.europa.eu/data/datasets/MIR/MIR.MIR.M.U2.B.A2Z1.A.R.A.2240.EUR.N,2026-09-16,Total,Total original maturity,tamano_prestamo,nivel,media_ponderada_volumen,serie MIR.M.U2.B.A2Z1.A.R.A.2240.EUR.N
Zona euro (referencia),linea_credito_circulante,tipo (revolving y descubiertos) | Bank interest rates - revolving loans & overdrafts to corporations,3.71,pct_anual,2026-05,"BCE, ECB Data Portal, dataset MIR",https://data.ecb.europa.eu/data/datasets/MIR/MIR.MIR.M.U2.B.A2Z1.A.R.A.2240.EUR.N,2026-09-16,Total,Total original maturity,tamano_prestamo,nivel,media_ponderada_volumen,serie MIR.M.U2.B.A2Z1.A.R.A.2240.EUR.N
Zona euro (referencia),linea_credito_circulante,tipo (revolving y descubiertos) | Bank interest rates - revolving loans & overdrafts to corporations,3.83,pct_anual,2026-06,"BCE, ECB Data Portal, dataset MIR",https://data.ecb.europa.eu/data/datasets/MIR/MIR.MIR.M.U2.B.A2Z1.A.R.A.2240.EUR.N,2026-09-16,Total,Total original maturity,tamano_prestamo,nivel,media_ponderada_volumen,serie MIR.M.U2.B.A2Z1.A.R.A.2240.EUR.N
Zona euro (referencia),linea_credito_circulante,tipo (revolving y descubiertos) | Bank interest rates - revolving loans & overdrafts to corporations,3.87,pct_anual,2026-07,"BCE, ECB Data Portal, dataset MIR",https://data.ecb.europa.eu/data/datasets/MIR/MIR.MIR.M.U2.B.A2Z1.A.R.A.2240.EUR.N,2026-09-16,Total,Total original maturity,tamano_prestamo,nivel,media_ponderada_volumen,serie MIR.M.U2.B.A2Z1.A.R.A.2240.EUR.N; OBS_STATUS=P (no definitivo)
Zona euro (referencia),linea_credito_circulante,"tipo (revolving, descubiertos y tarjeta) | Bank interest rates - revolving loans & overdrafts, convenience & extended credit card credit to corporations",4.43,pct_anual,2025-01,"BCE, ECB Data Portal, dataset MIR",https://data.ecb.europa.eu/data/datasets/MIR/MIR.MIR.M.U2.B.A2Z.A.R.A.2240.EUR.N,2026-09-16,Total,Total original maturity,tamano_prestamo,nivel,media_ponderada_volumen,serie MIR.M.U2.B.A2Z.A.R.A.2240.EUR.N
Zona euro (referencia),linea_credito_circulante,"tipo (revolving, descubiertos y tarjeta) | Bank interest rates - revolving loans & overdrafts, convenience & extended credit card credit to corporations",4.28,pct_anual,2025-02,"BCE, ECB Data Portal, dataset MIR",https://data.ecb.europa.eu/data/datasets/MIR/MIR.MIR.M.U2.B.A2Z.A.R.A.2240.EUR.N,2026-09-16,Total,Total original maturity,tamano_prestamo,nivel,media_ponderada_volumen,serie MIR.M.U2.B.A2Z.A.R.A.2240.EUR.N
Zona euro (referencia),linea_credito_circulante,"tipo (revolving, descubiertos y tarjeta) | Bank interest rates - revolving loans & overdrafts, convenience & extended credit card credit to corporations",4.16,pct_anual,2025-03,"BCE, ECB Data Portal, dataset MIR",https://data.ecb.europa.eu/data/datasets/MIR/MIR.MIR.M.U2.B.A2Z.A.R.A.2240.EUR.N,2026-09-16,Total,Total original maturity,tamano_prestamo,nivel,media_ponderada_volumen,serie MIR.M.U2.B.A2Z.A.R.A.2240.EUR.N
Zona euro (referencia),linea_credito_circulante,"tipo (revolving, descubiertos y tarjeta) | Bank interest rates - revolving loans & overdrafts, convenience & extended credit card credit to corporations",3.98,pct_anual,2025-04,"BCE, ECB Data Portal, dataset MIR",https://data.ecb.europa.eu/data/datasets/MIR/MIR.MIR.M.U2.B.A2Z.A.R.A.2240.EUR.N,2026-09-16,Total,Total original maturity,tamano_prestamo,nivel,media_ponderada_volumen,serie MIR.M.U2.B.A2Z.A.R.A.2240.EUR.N
Zona euro (referencia),linea_credito_circulante,"tipo (revolving, descubiertos y tarjeta) | Bank interest rates - revolving loans & overdrafts, convenience & extended credit card credit to corporations",3.86,pct_anual,2025-05,"BCE, ECB Data Portal, dataset MIR",https://data.ecb.europa.eu/data/datasets/MIR/MIR.MIR.M.U2.B.A2Z.A.R.A.2240.EUR.N,2026-09-16,Total,Total original maturity,tamano_prestamo,nivel,media_ponderada_volumen,serie MIR.M.U2.B.A2Z.A.R.A.2240.EUR.N
Zona euro (referencia),linea_credito_circulante,"tipo (revolving, descubiertos y tarjeta) | Bank interest rates - revolving loans & overdrafts, convenience & extended credit card credit to corporations",3.78,pct_anual,2025-06,"BCE, ECB Data Portal, dataset MIR",https://data.ecb.europa.eu/data/datasets/MIR/MIR.MIR.M.U2.B.A2Z.A.R.A.2240.EUR.N,2026-09-16,Total,Total original maturity,tamano_prestamo,nivel,media_ponderada_volumen,serie MIR.M.U2.B.A2Z.A.R.A.2240.EUR.N
Zona euro (referencia),linea_credito_circulante,"tipo (revolving, descubiertos y tarjeta) | Bank interest rates - revolving loans & overdrafts, convenience & extended credit card credit to corporations",3.64,pct_anual,2025-07,"BCE, ECB Data Portal, dataset MIR",https://data.ecb.europa.eu/data/datasets/MIR/MIR.MIR.M.U2.B.A2Z.A.R.A.2240.EUR.N,2026-09-16,Total,Total original maturity,tamano_prestamo,nivel,media_ponderada_volumen,serie MIR.M.U2.B.A2Z.A.R.A.2240.EUR.N
Zona euro (referencia),linea_credito_circulante,"tipo (revolving, descubiertos y tarjeta) | Bank interest rates - revolving loans & overdrafts, convenience & extended credit card credit to corporations",3.61,pct_anual,2025-08,"BCE, ECB Data Portal, dataset MIR",https://data.ecb.europa.eu/data/datasets/MIR/MIR.MIR.M.U2.B.A2Z.A.R.A.2240.EUR.N,2026-09-16,Total,Total original maturity,tamano_prestamo,nivel,media_ponderada_volumen,serie MIR.M.U2.B.A2Z.A.R.A.2240.EUR.N
Zona euro (referencia),linea_credito_circulante,"tipo (revolving, descubiertos y tarjeta) | Bank interest rates - revolving loans & overdrafts, convenience & extended credit card credit to corporations",3.64,pct_anual,2025-09,"BCE, ECB Data Portal, dataset MIR",https://data.ecb.europa.eu/data/datasets/MIR/MIR.MIR.M.U2.B.A2Z.A.R.A.2240.EUR.N,2026-09-16,Total,Total original maturity,tamano_prestamo,nivel,media_ponderada_volumen,serie MIR.M.U2.B.A2Z.A.R.A.2240.EUR.N
Zona euro (referencia),linea_credito_circulante,"tipo (revolving, descubiertos y tarjeta) | Bank interest rates - revolving loans & overdrafts, convenience & extended credit card credit to corporations",3.62,pct_anual,2025-10,"BCE, ECB Data Portal, dataset MIR",https://data.ecb.europa.eu/data/datasets/MIR/MIR.MIR.M.U2.B.A2Z.A.R.A.2240.EUR.N,2026-09-16,Total,Total original maturity,tamano_prestamo,nivel,media_ponderada_volumen,serie MIR.M.U2.B.A2Z.A.R.A.2240.EUR.N
Zona euro (referencia),linea_credito_circulante,"tipo (revolving, descubiertos y tarjeta) | Bank interest rates - revolving loans & overdrafts, convenience & extended credit card credit to corporations",3.6,pct_anual,2025-11,"BCE, ECB Data Portal, dataset MIR",https://data.ecb.europa.eu/data/datasets/MIR/MIR.MIR.M.U2.B.A2Z.A.R.A.2240.EUR.N,2026-09-16,Total,Total original maturity,tamano_prestamo,nivel,media_ponderada_volumen,serie MIR.M.U2.B.A2Z.A.R.A.2240.EUR.N
Zona euro (referencia),linea_credito_circulante,"tipo (revolving, descubiertos y tarjeta) | Bank interest rates - revolving loans & overdrafts, convenience & extended credit card credit to corporations",3.64,pct_anual,2025-12,"BCE, ECB Data Portal, dataset MIR",https://data.ecb.europa.eu/data/datasets/MIR/MIR.MIR.M.U2.B.A2Z.A.R.A.2240.EUR.N,2026-09-16,Total,Total original maturity,tamano_prestamo,nivel,media_ponderada_volumen,serie MIR.M.U2.B.A2Z.A.R.A.2240.EUR.N
Zona euro (referencia),linea_credito_circulante,"tipo (revolving, descubiertos y tarjeta) | Bank interest rates - revolving loans & overdrafts, convenience & extended credit card credit to corporations",3.64,pct_anual,2026-01,"BCE, ECB Data Portal, dataset MIR",https://data.ecb.europa.eu/data/datasets/MIR/MIR.MIR.M.U2.B.A2Z.A.R.A.2240.EUR.N,2026-09-16,Total,Total original maturity,tamano_prestamo,nivel,media_ponderada_volumen,serie MIR.M.U2.B.A2Z.A.R.A.2240.EUR.N
Zona euro (referencia),linea_credito_circulante,"tipo (revolving, descubiertos y tarjeta) | Bank interest rates - revolving loans & overdrafts, convenience & extended credit card credit to corporations",3.63,pct_anual,2026-02,"BCE, ECB Data Portal, dataset MIR",https://data.ecb.europa.eu/data/datasets/MIR/MIR.MIR.M.U2.B.A2Z.A.R.A.2240.EUR.N,2026-09-16,Total,Total original maturity,tamano_prestamo,nivel,media_ponderada_volumen,serie MIR.M.U2.B.A2Z.A.R.A.2240.EUR.N
Zona euro (referencia),linea_credito_circulante,"tipo (revolving, descubiertos y tarjeta) | Bank interest rates - revolving loans & overdrafts, convenience & extended credit card credit to corporations",3.64,pct_anual,2026-03,"BCE, ECB Data Portal, dataset MIR",https://data.ecb.europa.eu/data/datasets/MIR/MIR.MIR.M.U2.B.A2Z.A.R.A.2240.EUR.N,2026-09-16,Total,Total original maturity,tamano_prestamo,nivel,media_ponderada_volumen,serie MIR.M.U2.B.A2Z.A.R.A.2240.EUR.N
Zona euro (referencia),linea_credito_circulante,"tipo (revolving, descubiertos y tarjeta) | Bank interest rates - revolving loans & overdrafts, convenience & extended credit card credit to corporations",3.67,pct_anual,2026-04,"BCE, ECB Data Portal, dataset MIR",https://data.ecb.europa.eu/data/datasets/MIR/MIR.MIR.M.U2.B.A2Z.A.R.A.2240.EUR.N,2026-09-16,Total,Total original maturity,tamano_prestamo,nivel,media_ponderada_volumen,serie MIR.M.U2.B.A2Z.A.R.A.2240.EUR.N
Zona euro (referencia),linea_credito_circulante,"tipo (revolving, descubiertos y tarjeta) | Bank interest rates - revolving loans & overdrafts, convenience & extended credit card credit to corporations",3.68,pct_anual,2026-05,"BCE, ECB Data Portal, dataset MIR",https://data.ecb.europa.eu/data/datasets/MIR/MIR.MIR.M.U2.B.A2Z.A.R.A.2240.EUR.N,2026-09-16,Total,Total original maturity,tamano_prestamo,nivel,media_ponderada_volumen,serie MIR.M.U2.B.A2Z.A.R.A.2240.EUR.N
Zona euro (referencia),linea_credito_circulante,"tipo (revolving, descubiertos y tarjeta) | Bank interest rates - revolving loans & overdrafts, convenience & extended credit card credit to corporations",3.79,pct_anual,2026-06,"BCE, ECB Data Portal, dataset MIR",https://data.ecb.europa.eu/data/datasets/MIR/MIR.MIR.M.U2.B.A2Z.A.R.A.2240.EUR.N,2026-09-16,Total,Total original maturity,tamano_prestamo,nivel,media_ponderada_volumen,serie MIR.M.U2.B.A2Z.A.R.A.2240.EUR.N
Zona euro (referencia),linea_credito_circulante,"tipo (revolving, descubiertos y tarjeta) | Bank interest rates - revolving loans & overdrafts, convenience & extended credit card credit to corporations",3.83,pct_anual,2026-07,"BCE, ECB Data Portal, dataset MIR",https://data.ecb.europa.eu/data/datasets/MIR/MIR.MIR.M.U2.B.A2Z.A.R.A.2240.EUR.N,2026-09-16,Total,Total original maturity,tamano_prestamo,nivel,media_ponderada_volumen,serie MIR.M.U2.B.A2Z.A.R.A.2240.EUR.N; OBS_STATUS=P (no definitivo)
Zona euro (referencia),linea_credito_circulante,"volumen (revolving, descubiertos y tarjeta) | Bank business volumes - revolving loans & overdrafts, convenience & extended credit card credit to corporations",561854.85,eur_millones,2025-01,"BCE, ECB Data Portal, dataset MIR",https://data.ecb.europa.eu/data/datasets/MIR/MIR.MIR.M.U2.B.A2Z.A.B.A.2240.EUR.N,2026-09-16,Total,Total original maturity,tamano_prestamo,volumen,dato_unico,serie MIR.M.U2.B.A2Z.A.B.A.2240.EUR.N
Zona euro (referencia),linea_credito_circulante,"volumen (revolving, descubiertos y tarjeta) | Bank business volumes - revolving loans & overdrafts, convenience & extended credit card credit to corporations",562541.9,eur_millones,2025-02,"BCE, ECB Data Portal, dataset MIR",https://data.ecb.europa.eu/data/datasets/MIR/MIR.MIR.M.U2.B.A2Z.A.B.A.2240.EUR.N,2026-09-16,Total,Total original maturity,tamano_prestamo,volumen,dato_unico,serie MIR.M.U2.B.A2Z.A.B.A.2240.EUR.N
Zona euro (referencia),linea_credito_circulante,"volumen (revolving, descubiertos y tarjeta) | Bank business volumes - revolving loans & overdrafts, convenience & extended credit card credit to corporations",569220.1,eur_millones,2025-03,"BCE, ECB Data Portal, dataset MIR",https://data.ecb.europa.eu/data/datasets/MIR/MIR.MIR.M.U2.B.A2Z.A.B.A.2240.EUR.N,2026-09-16,Total,Total original maturity,tamano_prestamo,volumen,dato_unico,serie MIR.M.U2.B.A2Z.A.B.A.2240.EUR.N
Zona euro (referencia),linea_credito_circulante,"volumen (revolving, descubiertos y tarjeta) | Bank business volumes - revolving loans & overdrafts, convenience & extended credit card credit to corporations",576106.39,eur_millones,2025-04,"BCE, ECB Data Portal, dataset MIR",https://data.ecb.europa.eu/data/datasets/MIR/MIR.MIR.M.U2.B.A2Z.A.B.A.2240.EUR.N,2026-09-16,Total,Total original maturity,tamano_prestamo,volumen,dato_unico,serie MIR.M.U2.B.A2Z.A.B.A.2240.EUR.N
Zona euro (referencia),linea_credito_circulante,"volumen (revolving, descubiertos y tarjeta) | Bank business volumes - revolving loans & overdrafts, convenience & extended credit card credit to corporations",575272.18,eur_millones,2025-05,"BCE, ECB Data Portal, dataset MIR",https://data.ecb.europa.eu/data/datasets/MIR/MIR.MIR.M.U2.B.A2Z.A.B.A.2240.EUR.N,2026-09-16,Total,Total original maturity,tamano_prestamo,volumen,dato_unico,serie MIR.M.U2.B.A2Z.A.B.A.2240.EUR.N
Zona euro (referencia),linea_credito_circulante,"volumen (revolving, descubiertos y tarjeta) | Bank business volumes - revolving loans & overdrafts, convenience & extended credit card credit to corporations",581794.07,eur_millones,2025-06,"BCE, ECB Data Portal, dataset MIR",https://data.ecb.europa.eu/data/datasets/MIR/MIR.MIR.M.U2.B.A2Z.A.B.A.2240.EUR.N,2026-09-16,Total,Total original maturity,tamano_prestamo,volumen,dato_unico,serie MIR.M.U2.B.A2Z.A.B.A.2240.EUR.N
Zona euro (referencia),linea_credito_circulante,"volumen (revolving, descubiertos y tarjeta) | Bank business volumes - revolving loans & overdrafts, convenience & extended credit card credit to corporations",583342.88,eur_millones,2025-07,"BCE, ECB Data Portal, dataset MIR",https://data.ecb.europa.eu/data/datasets/MIR/MIR.MIR.M.U2.B.A2Z.A.B.A.2240.EUR.N,2026-09-16,Total,Total original maturity,tamano_prestamo,volumen,dato_unico,serie MIR.M.U2.B.A2Z.A.B.A.2240.EUR.N
Zona euro (referencia),linea_credito_circulante,"volumen (revolving, descubiertos y tarjeta) | Bank business volumes - revolving loans & overdrafts, convenience & extended credit card credit to corporations",573816.41,eur_millones,2025-08,"BCE, ECB Data Portal, dataset MIR",https://data.ecb.europa.eu/data/datasets/MIR/MIR.MIR.M.U2.B.A2Z.A.B.A.2240.EUR.N,2026-09-16,Total,Total original maturity,tamano_prestamo,volumen,dato_unico,serie MIR.M.U2.B.A2Z.A.B.A.2240.EUR.N
Zona euro (referencia),linea_credito_circulante,"volumen (revolving, descubiertos y tarjeta) | Bank business volumes - revolving loans & overdrafts, convenience & extended credit card credit to corporations",575254.74,eur_millones,2025-09,"BCE, ECB Data Portal, dataset MIR",https://data.ecb.europa.eu/data/datasets/MIR/MIR.MIR.M.U2.B.A2Z.A.B.A.2240.EUR.N,2026-09-16,Total,Total original maturity,tamano_prestamo,volumen,dato_unico,serie MIR.M.U2.B.A2Z.A.B.A.2240.EUR.N
Zona euro (referencia),linea_credito_circulante,"volumen (revolving, descubiertos y tarjeta) | Bank business volumes - revolving loans & overdrafts, convenience & extended credit card credit to corporations",572127.66,eur_millones,2025-10,"BCE, ECB Data Portal, dataset MIR",https://data.ecb.europa.eu/data/datasets/MIR/MIR.MIR.M.U2.B.A2Z.A.B.A.2240.EUR.N,2026-09-16,Total,Total original maturity,tamano_prestamo,volumen,dato_unico,serie MIR.M.U2.B.A2Z.A.B.A.2240.EUR.N
Zona euro (referencia),linea_credito_circulante,"volumen (revolving, descubiertos y tarjeta) | Bank business volumes - revolving loans & overdrafts, convenience & extended credit card credit to corporations",572699.67,eur_millones,2025-11,"BCE, ECB Data Portal, dataset MIR",https://data.ecb.europa.eu/data/datasets/MIR/MIR.MIR.M.U2.B.A2Z.A.B.A.2240.EUR.N,2026-09-16,Total,Total original maturity,tamano_prestamo,volumen,dato_unico,serie MIR.M.U2.B.A2Z.A.B.A.2240.EUR.N
Zona euro (referencia),linea_credito_circulante,"volumen (revolving, descubiertos y tarjeta) | Bank business volumes - revolving loans & overdrafts, convenience & extended credit card credit to corporations",558559.11,eur_millones,2025-12,"BCE, ECB Data Portal, dataset MIR",https://data.ecb.europa.eu/data/datasets/MIR/MIR.MIR.M.U2.B.A2Z.A.B.A.2240.EUR.N,2026-09-16,Total,Total original maturity,tamano_prestamo,volumen,dato_unico,serie MIR.M.U2.B.A2Z.A.B.A.2240.EUR.N
Zona euro (referencia),linea_credito_circulante,"volumen (revolving, descubiertos y tarjeta) | Bank business volumes - revolving loans & overdrafts, convenience & extended credit card credit to corporations",578055.1,eur_millones,2026-01,"BCE, ECB Data Portal, dataset MIR",https://data.ecb.europa.eu/data/datasets/MIR/MIR.MIR.M.U2.B.A2Z.A.B.A.2240.EUR.N,2026-09-16,Total,Total original maturity,tamano_prestamo,volumen,dato_unico,serie MIR.M.U2.B.A2Z.A.B.A.2240.EUR.N
Zona euro (referencia),linea_credito_circulante,"volumen (revolving, descubiertos y tarjeta) | Bank business volumes - revolving loans & overdrafts, convenience & extended credit card credit to corporations",571457.82,eur_millones,2026-02,"BCE, ECB Data Portal, dataset MIR",https://data.ecb.europa.eu/data/datasets/MIR/MIR.MIR.M.U2.B.A2Z.A.B.A.2240.EUR.N,2026-09-16,Total,Total original maturity,tamano_prestamo,volumen,dato_unico,serie MIR.M.U2.B.A2Z.A.B.A.2240.EUR.N
Zona euro (referencia),linea_credito_circulante,"volumen (revolving, descubiertos y tarjeta) | Bank business volumes - revolving loans & overdrafts, convenience & extended credit card credit to corporations",580876.95,eur_millones,2026-03,"BCE, ECB Data Portal, dataset MIR",https://data.ecb.europa.eu/data/datasets/MIR/MIR.MIR.M.U2.B.A2Z.A.B.A.2240.EUR.N,2026-09-16,Total,Total original maturity,tamano_prestamo,volumen,dato_unico,serie MIR.M.U2.B.A2Z.A.B.A.2240.EUR.N
Zona euro (referencia),linea_credito_circulante,"volumen (revolving, descubiertos y tarjeta) | Bank business volumes - revolving loans & overdrafts, convenience & extended credit card credit to corporations",591019.49,eur_millones,2026-04,"BCE, ECB Data Portal, dataset MIR",https://data.ecb.europa.eu/data/datasets/MIR/MIR.MIR.M.U2.B.A2Z.A.B.A.2240.EUR.N,2026-09-16,Total,Total original maturity,tamano_prestamo,volumen,dato_unico,serie MIR.M.U2.B.A2Z.A.B.A.2240.EUR.N
Zona euro (referencia),linea_credito_circulante,"volumen (revolving, descubiertos y tarjeta) | Bank business volumes - revolving loans & overdrafts, convenience & extended credit card credit to corporations",595473.33,eur_millones,2026-05,"BCE, ECB Data Portal, dataset MIR",https://data.ecb.europa.eu/data/datasets/MIR/MIR.MIR.M.U2.B.A2Z.A.B.A.2240.EUR.N,2026-09-16,Total,Total original maturity,tamano_prestamo,volumen,dato_unico,serie MIR.M.U2.B.A2Z.A.B.A.2240.EUR.N
Zona euro (referencia),linea_credito_circulante,"volumen (revolving, descubiertos y tarjeta) | Bank business volumes - revolving loans & overdrafts, convenience & extended credit card credit to corporations",602211.05,eur_millones,2026-06,"BCE, ECB Data Portal, dataset MIR",https://data.ecb.europa.eu/data/datasets/MIR/MIR.MIR.M.U2.B.A2Z.A.B.A.2240.EUR.N,2026-09-16,Total,Total original maturity,tamano_prestamo,volumen,dato_unico,serie MIR.M.U2.B.A2Z.A.B.A.2240.EUR.N
Zona euro (referencia),linea_credito_circulante,"volumen (revolving, descubiertos y tarjeta) | Bank business volumes - revolving loans & overdrafts, convenience & extended credit card credit to corporations",609968.72,eur_millones,2026-07,"BCE, ECB Data Portal, dataset MIR",https://data.ecb.europa.eu/data/datasets/MIR/MIR.MIR.M.U2.B.A2Z.A.B.A.2240.EUR.N,2026-09-16,Total,Total original maturity,tamano_prestamo,volumen,dato_unico,serie MIR.M.U2.B.A2Z.A.B.A.2240.EUR.N; OBS_STATUS=P (no definitivo)
