pais,producto,metrica,valor,unidad,periodo_referencia,fuente,url,fecha_publicacion,tramo_importe,plazo_fijacion,criterio_segmentacion,tipo_de_dato,ponderacion,notas
Espana,linea_credito_circulante,Q8B. Tipo cobrado por la linea de credito o descubierto | PYME (<250 empleados) | n respuestas (sin ponderar),246,pct_anual,2014-S1,"BCE, encuesta SAFE (ECB Data Portal, dataset SAFE)",https://data.ecb.europa.eu/data/datasets/SAFE/SAFE.SAFE.H.ES.SME.A.0.0.0.Q8B.ZZZZ.NT.AL.UN,2026-09-16,,,tamano_empresa_empleados,importe,dato_unico,"TAMANO DE MUESTRA, no es una magnitud economica; serie SAFE.H.ES.SME.A.0.0.0.Q8B.ZZZZ.NT.AL.UN"
Espana,linea_credito_circulante,Q8B. Tipo cobrado por la linea de credito o descubierto | PYME (<250 empleados) | n respuestas (sin ponderar),279,pct_anual,2014-S2,"BCE, encuesta SAFE (ECB Data Portal, dataset SAFE)",https://data.ecb.europa.eu/data/datasets/SAFE/SAFE.SAFE.H.ES.SME.A.0.0.0.Q8B.ZZZZ.NT.AL.UN,2026-09-16,,,tamano_empresa_empleados,importe,dato_unico,"TAMANO DE MUESTRA, no es una magnitud economica; serie SAFE.H.ES.SME.A.0.0.0.Q8B.ZZZZ.NT.AL.UN"
Espana,linea_credito_circulante,Q8B. Tipo cobrado por la linea de credito o descubierto | PYME (<250 empleados) | n respuestas (sin ponderar),250,pct_anual,2015-S1,"BCE, encuesta SAFE (ECB Data Portal, dataset SAFE)",https://data.ecb.europa.eu/data/datasets/SAFE/SAFE.SAFE.H.ES.SME.A.0.0.0.Q8B.ZZZZ.NT.AL.UN,2026-09-16,,,tamano_empresa_empleados,importe,dato_unico,"TAMANO DE MUESTRA, no es una magnitud economica; serie SAFE.H.ES.SME.A.0.0.0.Q8B.ZZZZ.NT.AL.UN"
Espana,linea_credito_circulante,Q8B. Tipo cobrado por la linea de credito o descubierto | PYME (<250 empleados) | n respuestas (sin ponderar),300,pct_anual,2015-S2,"BCE, encuesta SAFE (ECB Data Portal, dataset SAFE)",https://data.ecb.europa.eu/data/datasets/SAFE/SAFE.SAFE.H.ES.SME.A.0.0.0.Q8B.ZZZZ.NT.AL.UN,2026-09-16,,,tamano_empresa_empleados,importe,dato_unico,"TAMANO DE MUESTRA, no es una magnitud economica; serie SAFE.H.ES.SME.A.0.0.0.Q8B.ZZZZ.NT.AL.UN"
Espana,linea_credito_circulante,Q8B. Tipo cobrado por la linea de credito o descubierto | PYME (<250 empleados) | n respuestas (sin ponderar),232,pct_anual,2016-S1,"BCE, encuesta SAFE (ECB Data Portal, dataset SAFE)",https://data.ecb.europa.eu/data/datasets/SAFE/SAFE.SAFE.H.ES.SME.A.0.0.0.Q8B.ZZZZ.NT.AL.UN,2026-09-16,,,tamano_empresa_empleados,importe,dato_unico,"TAMANO DE MUESTRA, no es una magnitud economica; serie SAFE.H.ES.SME.A.0.0.0.Q8B.ZZZZ.NT.AL.UN"
Espana,linea_credito_circulante,Q8B. Tipo cobrado por la linea de credito o descubierto | PYME (<250 empleados) | n respuestas (sin ponderar),311,pct_anual,2016-S2,"BCE, encuesta SAFE (ECB Data Portal, dataset SAFE)",https://data.ecb.europa.eu/data/datasets/SAFE/SAFE.SAFE.H.ES.SME.A.0.0.0.Q8B.ZZZZ.NT.AL.UN,2026-09-16,,,tamano_empresa_empleados,importe,dato_unico,"TAMANO DE MUESTRA, no es una magnitud economica; serie SAFE.H.ES.SME.A.0.0.0.Q8B.ZZZZ.NT.AL.UN"
Espana,linea_credito_circulante,Q8B. Tipo cobrado por la linea de credito o descubierto | PYME (<250 empleados) | n respuestas (sin ponderar),216,pct_anual,2017-S1,"BCE, encuesta SAFE (ECB Data Portal, dataset SAFE)",https://data.ecb.europa.eu/data/datasets/SAFE/SAFE.SAFE.H.ES.SME.A.0.0.0.Q8B.ZZZZ.NT.AL.UN,2026-09-16,,,tamano_empresa_empleados,importe,dato_unico,"TAMANO DE MUESTRA, no es una magnitud economica; serie SAFE.H.ES.SME.A.0.0.0.Q8B.ZZZZ.NT.AL.UN"
Espana,linea_credito_circulante,Q8B. Tipo cobrado por la linea de credito o descubierto | PYME (<250 empleados) | n respuestas (sin ponderar),262,pct_anual,2017-S2,"BCE, encuesta SAFE (ECB Data Portal, dataset SAFE)",https://data.ecb.europa.eu/data/datasets/SAFE/SAFE.SAFE.H.ES.SME.A.0.0.0.Q8B.ZZZZ.NT.AL.UN,2026-09-16,,,tamano_empresa_empleados,importe,dato_unico,"TAMANO DE MUESTRA, no es una magnitud economica; serie SAFE.H.ES.SME.A.0.0.0.Q8B.ZZZZ.NT.AL.UN"
Espana,linea_credito_circulante,Q8B. Tipo cobrado por la linea de credito o descubierto | PYME (<250 empleados) | n respuestas (sin ponderar),233,pct_anual,2018-S1,"BCE, encuesta SAFE (ECB Data Portal, dataset SAFE)",https://data.ecb.europa.eu/data/datasets/SAFE/SAFE.SAFE.H.ES.SME.A.0.0.0.Q8B.ZZZZ.NT.AL.UN,2026-09-16,,,tamano_empresa_empleados,importe,dato_unico,"TAMANO DE MUESTRA, no es una magnitud economica; serie SAFE.H.ES.SME.A.0.0.0.Q8B.ZZZZ.NT.AL.UN"
Espana,linea_credito_circulante,Q8B. Tipo cobrado por la linea de credito o descubierto | PYME (<250 empleados) | n respuestas (sin ponderar),236,pct_anual,2018-S2,"BCE, encuesta SAFE (ECB Data Portal, dataset SAFE)",https://data.ecb.europa.eu/data/datasets/SAFE/SAFE.SAFE.H.ES.SME.A.0.0.0.Q8B.ZZZZ.NT.AL.UN,2026-09-16,,,tamano_empresa_empleados,importe,dato_unico,"TAMANO DE MUESTRA, no es una magnitud economica; serie SAFE.H.ES.SME.A.0.0.0.Q8B.ZZZZ.NT.AL.UN"
Espana,linea_credito_circulante,Q8B. Tipo cobrado por la linea de credito o descubierto | PYME (<250 empleados) | n respuestas (sin ponderar),221,pct_anual,2019-S1,"BCE, encuesta SAFE (ECB Data Portal, dataset SAFE)",https://data.ecb.europa.eu/data/datasets/SAFE/SAFE.SAFE.H.ES.SME.A.0.0.0.Q8B.ZZZZ.NT.AL.UN,2026-09-16,,,tamano_empresa_empleados,importe,dato_unico,"TAMANO DE MUESTRA, no es una magnitud economica; serie SAFE.H.ES.SME.A.0.0.0.Q8B.ZZZZ.NT.AL.UN"
Espana,linea_credito_circulante,Q8B. Tipo cobrado por la linea de credito o descubierto | PYME (<250 empleados) | n respuestas (sin ponderar),265,pct_anual,2019-S2,"BCE, encuesta SAFE (ECB Data Portal, dataset SAFE)",https://data.ecb.europa.eu/data/datasets/SAFE/SAFE.SAFE.H.ES.SME.A.0.0.0.Q8B.ZZZZ.NT.AL.UN,2026-09-16,,,tamano_empresa_empleados,importe,dato_unico,"TAMANO DE MUESTRA, no es una magnitud economica; serie SAFE.H.ES.SME.A.0.0.0.Q8B.ZZZZ.NT.AL.UN"
Espana,linea_credito_circulante,Q8B. Tipo cobrado por la linea de credito o descubierto | PYME (<250 empleados) | n respuestas (sin ponderar),279,pct_anual,2020-S1,"BCE, encuesta SAFE (ECB Data Portal, dataset SAFE)",https://data.ecb.europa.eu/data/datasets/SAFE/SAFE.SAFE.H.ES.SME.A.0.0.0.Q8B.ZZZZ.NT.AL.UN,2026-09-16,,,tamano_empresa_empleados,importe,dato_unico,"TAMANO DE MUESTRA, no es una magnitud economica; serie SAFE.H.ES.SME.A.0.0.0.Q8B.ZZZZ.NT.AL.UN"
Espana,linea_credito_circulante,Q8B. Tipo cobrado por la linea de credito o descubierto | PYME (<250 empleados) | n respuestas (sin ponderar),233,pct_anual,2020-S2,"BCE, encuesta SAFE (ECB Data Portal, dataset SAFE)",https://data.ecb.europa.eu/data/datasets/SAFE/SAFE.SAFE.H.ES.SME.A.0.0.0.Q8B.ZZZZ.NT.AL.UN,2026-09-16,,,tamano_empresa_empleados,importe,dato_unico,"TAMANO DE MUESTRA, no es una magnitud economica; serie SAFE.H.ES.SME.A.0.0.0.Q8B.ZZZZ.NT.AL.UN"
Espana,linea_credito_circulante,Q8B. Tipo cobrado por la linea de credito o descubierto | PYME (<250 empleados) | n respuestas (sin ponderar),159,pct_anual,2021-S1,"BCE, encuesta SAFE (ECB Data Portal, dataset SAFE)",https://data.ecb.europa.eu/data/datasets/SAFE/SAFE.SAFE.H.ES.SME.A.0.0.0.Q8B.ZZZZ.NT.AL.UN,2026-09-16,,,tamano_empresa_empleados,importe,dato_unico,"TAMANO DE MUESTRA, no es una magnitud economica; serie SAFE.H.ES.SME.A.0.0.0.Q8B.ZZZZ.NT.AL.UN"
Espana,linea_credito_circulante,Q8B. Tipo cobrado por la linea de credito o descubierto | PYME (<250 empleados) | n respuestas (sin ponderar),186,pct_anual,2021-S2,"BCE, encuesta SAFE (ECB Data Portal, dataset SAFE)",https://data.ecb.europa.eu/data/datasets/SAFE/SAFE.SAFE.H.ES.SME.A.0.0.0.Q8B.ZZZZ.NT.AL.UN,2026-09-16,,,tamano_empresa_empleados,importe,dato_unico,"TAMANO DE MUESTRA, no es una magnitud economica; serie SAFE.H.ES.SME.A.0.0.0.Q8B.ZZZZ.NT.AL.UN"
Espana,linea_credito_circulante,Q8B. Tipo cobrado por la linea de credito o descubierto | PYME (<250 empleados) | n respuestas (sin ponderar),131,pct_anual,2022-S1,"BCE, encuesta SAFE (ECB Data Portal, dataset SAFE)",https://data.ecb.europa.eu/data/datasets/SAFE/SAFE.SAFE.H.ES.SME.A.0.0.0.Q8B.ZZZZ.NT.AL.UN,2026-09-16,,,tamano_empresa_empleados,importe,dato_unico,"TAMANO DE MUESTRA, no es una magnitud economica; serie SAFE.H.ES.SME.A.0.0.0.Q8B.ZZZZ.NT.AL.UN"
Espana,linea_credito_circulante,Q8B. Tipo cobrado por la linea de credito o descubierto | PYME (<250 empleados) | media ponderada,6.815282,pct_anual,2014-S1,"BCE, encuesta SAFE (ECB Data Portal, dataset SAFE)",https://data.ecb.europa.eu/data/datasets/SAFE/SAFE.SAFE.H.ES.SME.A.0.0.0.Q8B.ZZZZ.NT.AL.WA,2026-09-16,,,tamano_empresa_empleados,nivel,media_ponderada_volumen,serie SAFE.H.ES.SME.A.0.0.0.Q8B.ZZZZ.NT.AL.WA
Espana,linea_credito_circulante,Q8B. Tipo cobrado por la linea de credito o descubierto | PYME (<250 empleados) | media ponderada,5.11362,pct_anual,2014-S2,"BCE, encuesta SAFE (ECB Data Portal, dataset SAFE)",https://data.ecb.europa.eu/data/datasets/SAFE/SAFE.SAFE.H.ES.SME.A.0.0.0.Q8B.ZZZZ.NT.AL.WA,2026-09-16,,,tamano_empresa_empleados,nivel,media_ponderada_volumen,serie SAFE.H.ES.SME.A.0.0.0.Q8B.ZZZZ.NT.AL.WA
Espana,linea_credito_circulante,Q8B. Tipo cobrado por la linea de credito o descubierto | PYME (<250 empleados) | media ponderada,4.485099,pct_anual,2015-S1,"BCE, encuesta SAFE (ECB Data Portal, dataset SAFE)",https://data.ecb.europa.eu/data/datasets/SAFE/SAFE.SAFE.H.ES.SME.A.0.0.0.Q8B.ZZZZ.NT.AL.WA,2026-09-16,,,tamano_empresa_empleados,nivel,media_ponderada_volumen,serie SAFE.H.ES.SME.A.0.0.0.Q8B.ZZZZ.NT.AL.WA
Espana,linea_credito_circulante,Q8B. Tipo cobrado por la linea de credito o descubierto | PYME (<250 empleados) | media ponderada,4.012555,pct_anual,2015-S2,"BCE, encuesta SAFE (ECB Data Portal, dataset SAFE)",https://data.ecb.europa.eu/data/datasets/SAFE/SAFE.SAFE.H.ES.SME.A.0.0.0.Q8B.ZZZZ.NT.AL.WA,2026-09-16,,,tamano_empresa_empleados,nivel,media_ponderada_volumen,serie SAFE.H.ES.SME.A.0.0.0.Q8B.ZZZZ.NT.AL.WA
Espana,linea_credito_circulante,Q8B. Tipo cobrado por la linea de credito o descubierto | PYME (<250 empleados) | media ponderada,3.491751,pct_anual,2016-S1,"BCE, encuesta SAFE (ECB Data Portal, dataset SAFE)",https://data.ecb.europa.eu/data/datasets/SAFE/SAFE.SAFE.H.ES.SME.A.0.0.0.Q8B.ZZZZ.NT.AL.WA,2026-09-16,,,tamano_empresa_empleados,nivel,media_ponderada_volumen,serie SAFE.H.ES.SME.A.0.0.0.Q8B.ZZZZ.NT.AL.WA
Espana,linea_credito_circulante,Q8B. Tipo cobrado por la linea de credito o descubierto | PYME (<250 empleados) | media ponderada,3.139225,pct_anual,2016-S2,"BCE, encuesta SAFE (ECB Data Portal, dataset SAFE)",https://data.ecb.europa.eu/data/datasets/SAFE/SAFE.SAFE.H.ES.SME.A.0.0.0.Q8B.ZZZZ.NT.AL.WA,2026-09-16,,,tamano_empresa_empleados,nivel,media_ponderada_volumen,serie SAFE.H.ES.SME.A.0.0.0.Q8B.ZZZZ.NT.AL.WA
Espana,linea_credito_circulante,Q8B. Tipo cobrado por la linea de credito o descubierto | PYME (<250 empleados) | media ponderada,2.896943,pct_anual,2017-S1,"BCE, encuesta SAFE (ECB Data Portal, dataset SAFE)",https://data.ecb.europa.eu/data/datasets/SAFE/SAFE.SAFE.H.ES.SME.A.0.0.0.Q8B.ZZZZ.NT.AL.WA,2026-09-16,,,tamano_empresa_empleados,nivel,media_ponderada_volumen,serie SAFE.H.ES.SME.A.0.0.0.Q8B.ZZZZ.NT.AL.WA
Espana,linea_credito_circulante,Q8B. Tipo cobrado por la linea de credito o descubierto | PYME (<250 empleados) | media ponderada,3.784297,pct_anual,2017-S2,"BCE, encuesta SAFE (ECB Data Portal, dataset SAFE)",https://data.ecb.europa.eu/data/datasets/SAFE/SAFE.SAFE.H.ES.SME.A.0.0.0.Q8B.ZZZZ.NT.AL.WA,2026-09-16,,,tamano_empresa_empleados,nivel,media_ponderada_volumen,serie SAFE.H.ES.SME.A.0.0.0.Q8B.ZZZZ.NT.AL.WA
Espana,linea_credito_circulante,Q8B. Tipo cobrado por la linea de credito o descubierto | PYME (<250 empleados) | media ponderada,3.561782,pct_anual,2018-S1,"BCE, encuesta SAFE (ECB Data Portal, dataset SAFE)",https://data.ecb.europa.eu/data/datasets/SAFE/SAFE.SAFE.H.ES.SME.A.0.0.0.Q8B.ZZZZ.NT.AL.WA,2026-09-16,,,tamano_empresa_empleados,nivel,media_ponderada_volumen,serie SAFE.H.ES.SME.A.0.0.0.Q8B.ZZZZ.NT.AL.WA
Espana,linea_credito_circulante,Q8B. Tipo cobrado por la linea de credito o descubierto | PYME (<250 empleados) | media ponderada,2.564597,pct_anual,2018-S2,"BCE, encuesta SAFE (ECB Data Portal, dataset SAFE)",https://data.ecb.europa.eu/data/datasets/SAFE/SAFE.SAFE.H.ES.SME.A.0.0.0.Q8B.ZZZZ.NT.AL.WA,2026-09-16,,,tamano_empresa_empleados,nivel,media_ponderada_volumen,serie SAFE.H.ES.SME.A.0.0.0.Q8B.ZZZZ.NT.AL.WA
Espana,linea_credito_circulante,Q8B. Tipo cobrado por la linea de credito o descubierto | PYME (<250 empleados) | media ponderada,2.905203,pct_anual,2019-S1,"BCE, encuesta SAFE (ECB Data Portal, dataset SAFE)",https://data.ecb.europa.eu/data/datasets/SAFE/SAFE.SAFE.H.ES.SME.A.0.0.0.Q8B.ZZZZ.NT.AL.WA,2026-09-16,,,tamano_empresa_empleados,nivel,media_ponderada_volumen,serie SAFE.H.ES.SME.A.0.0.0.Q8B.ZZZZ.NT.AL.WA
Espana,linea_credito_circulante,Q8B. Tipo cobrado por la linea de credito o descubierto | PYME (<250 empleados) | media ponderada,2.948697,pct_anual,2019-S2,"BCE, encuesta SAFE (ECB Data Portal, dataset SAFE)",https://data.ecb.europa.eu/data/datasets/SAFE/SAFE.SAFE.H.ES.SME.A.0.0.0.Q8B.ZZZZ.NT.AL.WA,2026-09-16,,,tamano_empresa_empleados,nivel,media_ponderada_volumen,serie SAFE.H.ES.SME.A.0.0.0.Q8B.ZZZZ.NT.AL.WA
Espana,linea_credito_circulante,Q8B. Tipo cobrado por la linea de credito o descubierto | PYME (<250 empleados) | media ponderada,1.904379,pct_anual,2020-S1,"BCE, encuesta SAFE (ECB Data Portal, dataset SAFE)",https://data.ecb.europa.eu/data/datasets/SAFE/SAFE.SAFE.H.ES.SME.A.0.0.0.Q8B.ZZZZ.NT.AL.WA,2026-09-16,,,tamano_empresa_empleados,nivel,media_ponderada_volumen,serie SAFE.H.ES.SME.A.0.0.0.Q8B.ZZZZ.NT.AL.WA
Espana,linea_credito_circulante,Q8B. Tipo cobrado por la linea de credito o descubierto | PYME (<250 empleados) | media ponderada,2.088512,pct_anual,2020-S2,"BCE, encuesta SAFE (ECB Data Portal, dataset SAFE)",https://data.ecb.europa.eu/data/datasets/SAFE/SAFE.SAFE.H.ES.SME.A.0.0.0.Q8B.ZZZZ.NT.AL.WA,2026-09-16,,,tamano_empresa_empleados,nivel,media_ponderada_volumen,serie SAFE.H.ES.SME.A.0.0.0.Q8B.ZZZZ.NT.AL.WA
Espana,linea_credito_circulante,Q8B. Tipo cobrado por la linea de credito o descubierto | PYME (<250 empleados) | media ponderada,2.395966,pct_anual,2021-S1,"BCE, encuesta SAFE (ECB Data Portal, dataset SAFE)",https://data.ecb.europa.eu/data/datasets/SAFE/SAFE.SAFE.H.ES.SME.A.0.0.0.Q8B.ZZZZ.NT.AL.WA,2026-09-16,,,tamano_empresa_empleados,nivel,media_ponderada_volumen,serie SAFE.H.ES.SME.A.0.0.0.Q8B.ZZZZ.NT.AL.WA
Espana,linea_credito_circulante,Q8B. Tipo cobrado por la linea de credito o descubierto | PYME (<250 empleados) | media ponderada,2.621943,pct_anual,2021-S2,"BCE, encuesta SAFE (ECB Data Portal, dataset SAFE)",https://data.ecb.europa.eu/data/datasets/SAFE/SAFE.SAFE.H.ES.SME.A.0.0.0.Q8B.ZZZZ.NT.AL.WA,2026-09-16,,,tamano_empresa_empleados,nivel,media_ponderada_volumen,serie SAFE.H.ES.SME.A.0.0.0.Q8B.ZZZZ.NT.AL.WA
Espana,linea_credito_circulante,Q8B. Tipo cobrado por la linea de credito o descubierto | PYME (<250 empleados) | media ponderada,2.451121,pct_anual,2022-S1,"BCE, encuesta SAFE (ECB Data Portal, dataset SAFE)",https://data.ecb.europa.eu/data/datasets/SAFE/SAFE.SAFE.H.ES.SME.A.0.0.0.Q8B.ZZZZ.NT.AL.WA,2026-09-16,,,tamano_empresa_empleados,nivel,media_ponderada_volumen,serie SAFE.H.ES.SME.A.0.0.0.Q8B.ZZZZ.NT.AL.WA
Espana,linea_credito_circulante,Q8B. Tipo cobrado por la linea de credito o descubierto | PYME (<250 empleados) | mediana ponderada,5.5,pct_anual,2014-S1,"BCE, encuesta SAFE (ECB Data Portal, dataset SAFE)",https://data.ecb.europa.eu/data/datasets/SAFE/SAFE.SAFE.H.ES.SME.A.0.0.0.Q8B.ZZZZ.NT.AL.WM,2026-09-16,,,tamano_empresa_empleados,nivel,dato_unico,serie SAFE.H.ES.SME.A.0.0.0.Q8B.ZZZZ.NT.AL.WM
Espana,linea_credito_circulante,Q8B. Tipo cobrado por la linea de credito o descubierto | PYME (<250 empleados) | mediana ponderada,4.5,pct_anual,2014-S2,"BCE, encuesta SAFE (ECB Data Portal, dataset SAFE)",https://data.ecb.europa.eu/data/datasets/SAFE/SAFE.SAFE.H.ES.SME.A.0.0.0.Q8B.ZZZZ.NT.AL.WM,2026-09-16,,,tamano_empresa_empleados,nivel,dato_unico,serie SAFE.H.ES.SME.A.0.0.0.Q8B.ZZZZ.NT.AL.WM
Espana,linea_credito_circulante,Q8B. Tipo cobrado por la linea de credito o descubierto | PYME (<250 empleados) | mediana ponderada,3.051133,pct_anual,2015-S1,"BCE, encuesta SAFE (ECB Data Portal, dataset SAFE)",https://data.ecb.europa.eu/data/datasets/SAFE/SAFE.SAFE.H.ES.SME.A.0.0.0.Q8B.ZZZZ.NT.AL.WM,2026-09-16,,,tamano_empresa_empleados,nivel,dato_unico,serie SAFE.H.ES.SME.A.0.0.0.Q8B.ZZZZ.NT.AL.WM
Espana,linea_credito_circulante,Q8B. Tipo cobrado por la linea de credito o descubierto | PYME (<250 empleados) | mediana ponderada,2.545911,pct_anual,2015-S2,"BCE, encuesta SAFE (ECB Data Portal, dataset SAFE)",https://data.ecb.europa.eu/data/datasets/SAFE/SAFE.SAFE.H.ES.SME.A.0.0.0.Q8B.ZZZZ.NT.AL.WM,2026-09-16,,,tamano_empresa_empleados,nivel,dato_unico,serie SAFE.H.ES.SME.A.0.0.0.Q8B.ZZZZ.NT.AL.WM
Espana,linea_credito_circulante,Q8B. Tipo cobrado por la linea de credito o descubierto | PYME (<250 empleados) | mediana ponderada,2.5,pct_anual,2016-S1,"BCE, encuesta SAFE (ECB Data Portal, dataset SAFE)",https://data.ecb.europa.eu/data/datasets/SAFE/SAFE.SAFE.H.ES.SME.A.0.0.0.Q8B.ZZZZ.NT.AL.WM,2026-09-16,,,tamano_empresa_empleados,nivel,dato_unico,serie SAFE.H.ES.SME.A.0.0.0.Q8B.ZZZZ.NT.AL.WM
Espana,linea_credito_circulante,Q8B. Tipo cobrado por la linea de credito o descubierto | PYME (<250 empleados) | mediana ponderada,2.411111,pct_anual,2016-S2,"BCE, encuesta SAFE (ECB Data Portal, dataset SAFE)",https://data.ecb.europa.eu/data/datasets/SAFE/SAFE.SAFE.H.ES.SME.A.0.0.0.Q8B.ZZZZ.NT.AL.WM,2026-09-16,,,tamano_empresa_empleados,nivel,dato_unico,serie SAFE.H.ES.SME.A.0.0.0.Q8B.ZZZZ.NT.AL.WM
Espana,linea_credito_circulante,Q8B. Tipo cobrado por la linea de credito o descubierto | PYME (<250 empleados) | mediana ponderada,2.25,pct_anual,2017-S1,"BCE, encuesta SAFE (ECB Data Portal, dataset SAFE)",https://data.ecb.europa.eu/data/datasets/SAFE/SAFE.SAFE.H.ES.SME.A.0.0.0.Q8B.ZZZZ.NT.AL.WM,2026-09-16,,,tamano_empresa_empleados,nivel,dato_unico,serie SAFE.H.ES.SME.A.0.0.0.Q8B.ZZZZ.NT.AL.WM
Espana,linea_credito_circulante,Q8B. Tipo cobrado por la linea de credito o descubierto | PYME (<250 empleados) | mediana ponderada,2.6,pct_anual,2017-S2,"BCE, encuesta SAFE (ECB Data Portal, dataset SAFE)",https://data.ecb.europa.eu/data/datasets/SAFE/SAFE.SAFE.H.ES.SME.A.0.0.0.Q8B.ZZZZ.NT.AL.WM,2026-09-16,,,tamano_empresa_empleados,nivel,dato_unico,serie SAFE.H.ES.SME.A.0.0.0.Q8B.ZZZZ.NT.AL.WM
Espana,linea_credito_circulante,Q8B. Tipo cobrado por la linea de credito o descubierto | PYME (<250 empleados) | mediana ponderada,2.177616,pct_anual,2018-S1,"BCE, encuesta SAFE (ECB Data Portal, dataset SAFE)",https://data.ecb.europa.eu/data/datasets/SAFE/SAFE.SAFE.H.ES.SME.A.0.0.0.Q8B.ZZZZ.NT.AL.WM,2026-09-16,,,tamano_empresa_empleados,nivel,dato_unico,serie SAFE.H.ES.SME.A.0.0.0.Q8B.ZZZZ.NT.AL.WM
Espana,linea_credito_circulante,Q8B. Tipo cobrado por la linea de credito o descubierto | PYME (<250 empleados) | mediana ponderada,1.95,pct_anual,2018-S2,"BCE, encuesta SAFE (ECB Data Portal, dataset SAFE)",https://data.ecb.europa.eu/data/datasets/SAFE/SAFE.SAFE.H.ES.SME.A.0.0.0.Q8B.ZZZZ.NT.AL.WM,2026-09-16,,,tamano_empresa_empleados,nivel,dato_unico,serie SAFE.H.ES.SME.A.0.0.0.Q8B.ZZZZ.NT.AL.WM
Espana,linea_credito_circulante,Q8B. Tipo cobrado por la linea de credito o descubierto | PYME (<250 empleados) | mediana ponderada,2.184447,pct_anual,2019-S1,"BCE, encuesta SAFE (ECB Data Portal, dataset SAFE)",https://data.ecb.europa.eu/data/datasets/SAFE/SAFE.SAFE.H.ES.SME.A.0.0.0.Q8B.ZZZZ.NT.AL.WM,2026-09-16,,,tamano_empresa_empleados,nivel,dato_unico,serie SAFE.H.ES.SME.A.0.0.0.Q8B.ZZZZ.NT.AL.WM
Espana,linea_credito_circulante,Q8B. Tipo cobrado por la linea de credito o descubierto | PYME (<250 empleados) | mediana ponderada,2.15,pct_anual,2019-S2,"BCE, encuesta SAFE (ECB Data Portal, dataset SAFE)",https://data.ecb.europa.eu/data/datasets/SAFE/SAFE.SAFE.H.ES.SME.A.0.0.0.Q8B.ZZZZ.NT.AL.WM,2026-09-16,,,tamano_empresa_empleados,nivel,dato_unico,serie SAFE.H.ES.SME.A.0.0.0.Q8B.ZZZZ.NT.AL.WM
Espana,linea_credito_circulante,Q8B. Tipo cobrado por la linea de credito o descubierto | PYME (<250 empleados) | mediana ponderada,1.6,pct_anual,2020-S1,"BCE, encuesta SAFE (ECB Data Portal, dataset SAFE)",https://data.ecb.europa.eu/data/datasets/SAFE/SAFE.SAFE.H.ES.SME.A.0.0.0.Q8B.ZZZZ.NT.AL.WM,2026-09-16,,,tamano_empresa_empleados,nivel,dato_unico,serie SAFE.H.ES.SME.A.0.0.0.Q8B.ZZZZ.NT.AL.WM
Espana,linea_credito_circulante,Q8B. Tipo cobrado por la linea de credito o descubierto | PYME (<250 empleados) | mediana ponderada,1.8,pct_anual,2020-S2,"BCE, encuesta SAFE (ECB Data Portal, dataset SAFE)",https://data.ecb.europa.eu/data/datasets/SAFE/SAFE.SAFE.H.ES.SME.A.0.0.0.Q8B.ZZZZ.NT.AL.WM,2026-09-16,,,tamano_empresa_empleados,nivel,dato_unico,serie SAFE.H.ES.SME.A.0.0.0.Q8B.ZZZZ.NT.AL.WM
Espana,linea_credito_circulante,Q8B. Tipo cobrado por la linea de credito o descubierto | PYME (<250 empleados) | mediana ponderada,1.65,pct_anual,2021-S1,"BCE, encuesta SAFE (ECB Data Portal, dataset SAFE)",https://data.ecb.europa.eu/data/datasets/SAFE/SAFE.SAFE.H.ES.SME.A.0.0.0.Q8B.ZZZZ.NT.AL.WM,2026-09-16,,,tamano_empresa_empleados,nivel,dato_unico,serie SAFE.H.ES.SME.A.0.0.0.Q8B.ZZZZ.NT.AL.WM
Espana,linea_credito_circulante,Q8B. Tipo cobrado por la linea de credito o descubierto | PYME (<250 empleados) | mediana ponderada,1.952299,pct_anual,2021-S2,"BCE, encuesta SAFE (ECB Data Portal, dataset SAFE)",https://data.ecb.europa.eu/data/datasets/SAFE/SAFE.SAFE.H.ES.SME.A.0.0.0.Q8B.ZZZZ.NT.AL.WM,2026-09-16,,,tamano_empresa_empleados,nivel,dato_unico,serie SAFE.H.ES.SME.A.0.0.0.Q8B.ZZZZ.NT.AL.WM
Espana,linea_credito_circulante,Q8B. Tipo cobrado por la linea de credito o descubierto | PYME (<250 empleados) | mediana ponderada,2.352137,pct_anual,2022-S1,"BCE, encuesta SAFE (ECB Data Portal, dataset SAFE)",https://data.ecb.europa.eu/data/datasets/SAFE/SAFE.SAFE.H.ES.SME.A.0.0.0.Q8B.ZZZZ.NT.AL.WM,2026-09-16,,,tamano_empresa_empleados,nivel,dato_unico,serie SAFE.H.ES.SME.A.0.0.0.Q8B.ZZZZ.NT.AL.WM
Espana,linea_credito_circulante,Q8B. Tipo cobrado por la linea de credito o descubierto | PYME (<250 empleados) | n respuestas (ponderado),197.6538,pct_anual,2014-S1,"BCE, encuesta SAFE (ECB Data Portal, dataset SAFE)",https://data.ecb.europa.eu/data/datasets/SAFE/SAFE.SAFE.H.ES.SME.A.0.0.0.Q8B.ZZZZ.NT.AL.WN,2026-09-16,,,tamano_empresa_empleados,importe,dato_unico,"TAMANO DE MUESTRA, no es una magnitud economica; serie SAFE.H.ES.SME.A.0.0.0.Q8B.ZZZZ.NT.AL.WN"
Espana,linea_credito_circulante,Q8B. Tipo cobrado por la linea de credito o descubierto | PYME (<250 empleados) | n respuestas (ponderado),210.2525,pct_anual,2014-S2,"BCE, encuesta SAFE (ECB Data Portal, dataset SAFE)",https://data.ecb.europa.eu/data/datasets/SAFE/SAFE.SAFE.H.ES.SME.A.0.0.0.Q8B.ZZZZ.NT.AL.WN,2026-09-16,,,tamano_empresa_empleados,importe,dato_unico,"TAMANO DE MUESTRA, no es una magnitud economica; serie SAFE.H.ES.SME.A.0.0.0.Q8B.ZZZZ.NT.AL.WN"
Espana,linea_credito_circulante,Q8B. Tipo cobrado por la linea de credito o descubierto | PYME (<250 empleados) | n respuestas (ponderado),198.4215,pct_anual,2015-S1,"BCE, encuesta SAFE (ECB Data Portal, dataset SAFE)",https://data.ecb.europa.eu/data/datasets/SAFE/SAFE.SAFE.H.ES.SME.A.0.0.0.Q8B.ZZZZ.NT.AL.WN,2026-09-16,,,tamano_empresa_empleados,importe,dato_unico,"TAMANO DE MUESTRA, no es una magnitud economica; serie SAFE.H.ES.SME.A.0.0.0.Q8B.ZZZZ.NT.AL.WN"
Espana,linea_credito_circulante,Q8B. Tipo cobrado por la linea de credito o descubierto | PYME (<250 empleados) | n respuestas (ponderado),227.9747,pct_anual,2015-S2,"BCE, encuesta SAFE (ECB Data Portal, dataset SAFE)",https://data.ecb.europa.eu/data/datasets/SAFE/SAFE.SAFE.H.ES.SME.A.0.0.0.Q8B.ZZZZ.NT.AL.WN,2026-09-16,,,tamano_empresa_empleados,importe,dato_unico,"TAMANO DE MUESTRA, no es una magnitud economica; serie SAFE.H.ES.SME.A.0.0.0.Q8B.ZZZZ.NT.AL.WN"
Espana,linea_credito_circulante,Q8B. Tipo cobrado por la linea de credito o descubierto | PYME (<250 empleados) | n respuestas (ponderado),179.5156,pct_anual,2016-S1,"BCE, encuesta SAFE (ECB Data Portal, dataset SAFE)",https://data.ecb.europa.eu/data/datasets/SAFE/SAFE.SAFE.H.ES.SME.A.0.0.0.Q8B.ZZZZ.NT.AL.WN,2026-09-16,,,tamano_empresa_empleados,importe,dato_unico,"TAMANO DE MUESTRA, no es una magnitud economica; serie SAFE.H.ES.SME.A.0.0.0.Q8B.ZZZZ.NT.AL.WN"
Espana,linea_credito_circulante,Q8B. Tipo cobrado por la linea de credito o descubierto | PYME (<250 empleados) | n respuestas (ponderado),220.001,pct_anual,2016-S2,"BCE, encuesta SAFE (ECB Data Portal, dataset SAFE)",https://data.ecb.europa.eu/data/datasets/SAFE/SAFE.SAFE.H.ES.SME.A.0.0.0.Q8B.ZZZZ.NT.AL.WN,2026-09-16,,,tamano_empresa_empleados,importe,dato_unico,"TAMANO DE MUESTRA, no es una magnitud economica; serie SAFE.H.ES.SME.A.0.0.0.Q8B.ZZZZ.NT.AL.WN"
Espana,linea_credito_circulante,Q8B. Tipo cobrado por la linea de credito o descubierto | PYME (<250 empleados) | n respuestas (ponderado),164.9287,pct_anual,2017-S1,"BCE, encuesta SAFE (ECB Data Portal, dataset SAFE)",https://data.ecb.europa.eu/data/datasets/SAFE/SAFE.SAFE.H.ES.SME.A.0.0.0.Q8B.ZZZZ.NT.AL.WN,2026-09-16,,,tamano_empresa_empleados,importe,dato_unico,"TAMANO DE MUESTRA, no es una magnitud economica; serie SAFE.H.ES.SME.A.0.0.0.Q8B.ZZZZ.NT.AL.WN"
Espana,linea_credito_circulante,Q8B. Tipo cobrado por la linea de credito o descubierto | PYME (<250 empleados) | n respuestas (ponderado),189.7357,pct_anual,2017-S2,"BCE, encuesta SAFE (ECB Data Portal, dataset SAFE)",https://data.ecb.europa.eu/data/datasets/SAFE/SAFE.SAFE.H.ES.SME.A.0.0.0.Q8B.ZZZZ.NT.AL.WN,2026-09-16,,,tamano_empresa_empleados,importe,dato_unico,"TAMANO DE MUESTRA, no es una magnitud economica; serie SAFE.H.ES.SME.A.0.0.0.Q8B.ZZZZ.NT.AL.WN"
Espana,linea_credito_circulante,Q8B. Tipo cobrado por la linea de credito o descubierto | PYME (<250 empleados) | n respuestas (ponderado),177.4424,pct_anual,2018-S1,"BCE, encuesta SAFE (ECB Data Portal, dataset SAFE)",https://data.ecb.europa.eu/data/datasets/SAFE/SAFE.SAFE.H.ES.SME.A.0.0.0.Q8B.ZZZZ.NT.AL.WN,2026-09-16,,,tamano_empresa_empleados,importe,dato_unico,"TAMANO DE MUESTRA, no es una magnitud economica; serie SAFE.H.ES.SME.A.0.0.0.Q8B.ZZZZ.NT.AL.WN"
Espana,linea_credito_circulante,Q8B. Tipo cobrado por la linea de credito o descubierto | PYME (<250 empleados) | n respuestas (ponderado),170.9854,pct_anual,2018-S2,"BCE, encuesta SAFE (ECB Data Portal, dataset SAFE)",https://data.ecb.europa.eu/data/datasets/SAFE/SAFE.SAFE.H.ES.SME.A.0.0.0.Q8B.ZZZZ.NT.AL.WN,2026-09-16,,,tamano_empresa_empleados,importe,dato_unico,"TAMANO DE MUESTRA, no es una magnitud economica; serie SAFE.H.ES.SME.A.0.0.0.Q8B.ZZZZ.NT.AL.WN"
Espana,linea_credito_circulante,Q8B. Tipo cobrado por la linea de credito o descubierto | PYME (<250 empleados) | n respuestas (ponderado),181.1548,pct_anual,2019-S1,"BCE, encuesta SAFE (ECB Data Portal, dataset SAFE)",https://data.ecb.europa.eu/data/datasets/SAFE/SAFE.SAFE.H.ES.SME.A.0.0.0.Q8B.ZZZZ.NT.AL.WN,2026-09-16,,,tamano_empresa_empleados,importe,dato_unico,"TAMANO DE MUESTRA, no es una magnitud economica; serie SAFE.H.ES.SME.A.0.0.0.Q8B.ZZZZ.NT.AL.WN"
Espana,linea_credito_circulante,Q8B. Tipo cobrado por la linea de credito o descubierto | PYME (<250 empleados) | n respuestas (ponderado),243.1276,pct_anual,2019-S2,"BCE, encuesta SAFE (ECB Data Portal, dataset SAFE)",https://data.ecb.europa.eu/data/datasets/SAFE/SAFE.SAFE.H.ES.SME.A.0.0.0.Q8B.ZZZZ.NT.AL.WN,2026-09-16,,,tamano_empresa_empleados,importe,dato_unico,"TAMANO DE MUESTRA, no es una magnitud economica; serie SAFE.H.ES.SME.A.0.0.0.Q8B.ZZZZ.NT.AL.WN"
Espana,linea_credito_circulante,Q8B. Tipo cobrado por la linea de credito o descubierto | PYME (<250 empleados) | n respuestas (ponderado),223.2003,pct_anual,2020-S1,"BCE, encuesta SAFE (ECB Data Portal, dataset SAFE)",https://data.ecb.europa.eu/data/datasets/SAFE/SAFE.SAFE.H.ES.SME.A.0.0.0.Q8B.ZZZZ.NT.AL.WN,2026-09-16,,,tamano_empresa_empleados,importe,dato_unico,"TAMANO DE MUESTRA, no es una magnitud economica; serie SAFE.H.ES.SME.A.0.0.0.Q8B.ZZZZ.NT.AL.WN"
Espana,linea_credito_circulante,Q8B. Tipo cobrado por la linea de credito o descubierto | PYME (<250 empleados) | n respuestas (ponderado),165.1576,pct_anual,2020-S2,"BCE, encuesta SAFE (ECB Data Portal, dataset SAFE)",https://data.ecb.europa.eu/data/datasets/SAFE/SAFE.SAFE.H.ES.SME.A.0.0.0.Q8B.ZZZZ.NT.AL.WN,2026-09-16,,,tamano_empresa_empleados,importe,dato_unico,"TAMANO DE MUESTRA, no es una magnitud economica; serie SAFE.H.ES.SME.A.0.0.0.Q8B.ZZZZ.NT.AL.WN"
Espana,linea_credito_circulante,Q8B. Tipo cobrado por la linea de credito o descubierto | PYME (<250 empleados) | n respuestas (ponderado),111.4012,pct_anual,2021-S1,"BCE, encuesta SAFE (ECB Data Portal, dataset SAFE)",https://data.ecb.europa.eu/data/datasets/SAFE/SAFE.SAFE.H.ES.SME.A.0.0.0.Q8B.ZZZZ.NT.AL.WN,2026-09-16,,,tamano_empresa_empleados,importe,dato_unico,"TAMANO DE MUESTRA, no es una magnitud economica; serie SAFE.H.ES.SME.A.0.0.0.Q8B.ZZZZ.NT.AL.WN"
Espana,linea_credito_circulante,Q8B. Tipo cobrado por la linea de credito o descubierto | PYME (<250 empleados) | n respuestas (ponderado),126.73,pct_anual,2021-S2,"BCE, encuesta SAFE (ECB Data Portal, dataset SAFE)",https://data.ecb.europa.eu/data/datasets/SAFE/SAFE.SAFE.H.ES.SME.A.0.0.0.Q8B.ZZZZ.NT.AL.WN,2026-09-16,,,tamano_empresa_empleados,importe,dato_unico,"TAMANO DE MUESTRA, no es una magnitud economica; serie SAFE.H.ES.SME.A.0.0.0.Q8B.ZZZZ.NT.AL.WN"
Espana,linea_credito_circulante,Q8B. Tipo cobrado por la linea de credito o descubierto | PYME (<250 empleados) | n respuestas (ponderado),96.25477,pct_anual,2022-S1,"BCE, encuesta SAFE (ECB Data Portal, dataset SAFE)",https://data.ecb.europa.eu/data/datasets/SAFE/SAFE.SAFE.H.ES.SME.A.0.0.0.Q8B.ZZZZ.NT.AL.WN,2026-09-16,,,tamano_empresa_empleados,importe,dato_unico,"TAMANO DE MUESTRA, no es una magnitud economica; serie SAFE.H.ES.SME.A.0.0.0.Q8B.ZZZZ.NT.AL.WN"
Espana,linea_credito_circulante,Q8B. Tipo cobrado por la linea de credito o descubierto | Micro (1-9) | n respuestas (sin ponderar),91,pct_anual,2014-S1,"BCE, encuesta SAFE (ECB Data Portal, dataset SAFE)",https://data.ecb.europa.eu/data/datasets/SAFE/SAFE.SAFE.H.ES.MIC.A.0.0.0.Q8B.ZZZZ.NT.AL.UN,2026-09-16,,,tamano_empresa_empleados,importe,dato_unico,"TAMANO DE MUESTRA, no es una magnitud economica; serie SAFE.H.ES.MIC.A.0.0.0.Q8B.ZZZZ.NT.AL.UN"
Espana,linea_credito_circulante,Q8B. Tipo cobrado por la linea de credito o descubierto | Micro (1-9) | n respuestas (sin ponderar),105,pct_anual,2014-S2,"BCE, encuesta SAFE (ECB Data Portal, dataset SAFE)",https://data.ecb.europa.eu/data/datasets/SAFE/SAFE.SAFE.H.ES.MIC.A.0.0.0.Q8B.ZZZZ.NT.AL.UN,2026-09-16,,,tamano_empresa_empleados,importe,dato_unico,"TAMANO DE MUESTRA, no es una magnitud economica; serie SAFE.H.ES.MIC.A.0.0.0.Q8B.ZZZZ.NT.AL.UN"
Espana,linea_credito_circulante,Q8B. Tipo cobrado por la linea de credito o descubierto | Micro (1-9) | n respuestas (sin ponderar),97,pct_anual,2015-S1,"BCE, encuesta SAFE (ECB Data Portal, dataset SAFE)",https://data.ecb.europa.eu/data/datasets/SAFE/SAFE.SAFE.H.ES.MIC.A.0.0.0.Q8B.ZZZZ.NT.AL.UN,2026-09-16,,,tamano_empresa_empleados,importe,dato_unico,"TAMANO DE MUESTRA, no es una magnitud economica; serie SAFE.H.ES.MIC.A.0.0.0.Q8B.ZZZZ.NT.AL.UN"
Espana,linea_credito_circulante,Q8B. Tipo cobrado por la linea de credito o descubierto | Micro (1-9) | n respuestas (sin ponderar),107,pct_anual,2015-S2,"BCE, encuesta SAFE (ECB Data Portal, dataset SAFE)",https://data.ecb.europa.eu/data/datasets/SAFE/SAFE.SAFE.H.ES.MIC.A.0.0.0.Q8B.ZZZZ.NT.AL.UN,2026-09-16,,,tamano_empresa_empleados,importe,dato_unico,"TAMANO DE MUESTRA, no es una magnitud economica; serie SAFE.H.ES.MIC.A.0.0.0.Q8B.ZZZZ.NT.AL.UN"
Espana,linea_credito_circulante,Q8B. Tipo cobrado por la linea de credito o descubierto | Micro (1-9) | n respuestas (sin ponderar),89,pct_anual,2016-S1,"BCE, encuesta SAFE (ECB Data Portal, dataset SAFE)",https://data.ecb.europa.eu/data/datasets/SAFE/SAFE.SAFE.H.ES.MIC.A.0.0.0.Q8B.ZZZZ.NT.AL.UN,2026-09-16,,,tamano_empresa_empleados,importe,dato_unico,"TAMANO DE MUESTRA, no es una magnitud economica; serie SAFE.H.ES.MIC.A.0.0.0.Q8B.ZZZZ.NT.AL.UN"
Espana,linea_credito_circulante,Q8B. Tipo cobrado por la linea de credito o descubierto | Micro (1-9) | n respuestas (sin ponderar),104,pct_anual,2016-S2,"BCE, encuesta SAFE (ECB Data Portal, dataset SAFE)",https://data.ecb.europa.eu/data/datasets/SAFE/SAFE.SAFE.H.ES.MIC.A.0.0.0.Q8B.ZZZZ.NT.AL.UN,2026-09-16,,,tamano_empresa_empleados,importe,dato_unico,"TAMANO DE MUESTRA, no es una magnitud economica; serie SAFE.H.ES.MIC.A.0.0.0.Q8B.ZZZZ.NT.AL.UN"
Espana,linea_credito_circulante,Q8B. Tipo cobrado por la linea de credito o descubierto | Micro (1-9) | n respuestas (sin ponderar),77,pct_anual,2017-S1,"BCE, encuesta SAFE (ECB Data Portal, dataset SAFE)",https://data.ecb.europa.eu/data/datasets/SAFE/SAFE.SAFE.H.ES.MIC.A.0.0.0.Q8B.ZZZZ.NT.AL.UN,2026-09-16,,,tamano_empresa_empleados,importe,dato_unico,"TAMANO DE MUESTRA, no es una magnitud economica; serie SAFE.H.ES.MIC.A.0.0.0.Q8B.ZZZZ.NT.AL.UN"
Espana,linea_credito_circulante,Q8B. Tipo cobrado por la linea de credito o descubierto | Micro (1-9) | n respuestas (sin ponderar),100,pct_anual,2017-S2,"BCE, encuesta SAFE (ECB Data Portal, dataset SAFE)",https://data.ecb.europa.eu/data/datasets/SAFE/SAFE.SAFE.H.ES.MIC.A.0.0.0.Q8B.ZZZZ.NT.AL.UN,2026-09-16,,,tamano_empresa_empleados,importe,dato_unico,"TAMANO DE MUESTRA, no es una magnitud economica; serie SAFE.H.ES.MIC.A.0.0.0.Q8B.ZZZZ.NT.AL.UN"
Espana,linea_credito_circulante,Q8B. Tipo cobrado por la linea de credito o descubierto | Micro (1-9) | n respuestas (sin ponderar),76,pct_anual,2018-S1,"BCE, encuesta SAFE (ECB Data Portal, dataset SAFE)",https://data.ecb.europa.eu/data/datasets/SAFE/SAFE.SAFE.H.ES.MIC.A.0.0.0.Q8B.ZZZZ.NT.AL.UN,2026-09-16,,,tamano_empresa_empleados,importe,dato_unico,"TAMANO DE MUESTRA, no es una magnitud economica; serie SAFE.H.ES.MIC.A.0.0.0.Q8B.ZZZZ.NT.AL.UN"
Espana,linea_credito_circulante,Q8B. Tipo cobrado por la linea de credito o descubierto | Micro (1-9) | n respuestas (sin ponderar),73,pct_anual,2018-S2,"BCE, encuesta SAFE (ECB Data Portal, dataset SAFE)",https://data.ecb.europa.eu/data/datasets/SAFE/SAFE.SAFE.H.ES.MIC.A.0.0.0.Q8B.ZZZZ.NT.AL.UN,2026-09-16,,,tamano_empresa_empleados,importe,dato_unico,"TAMANO DE MUESTRA, no es una magnitud economica; serie SAFE.H.ES.MIC.A.0.0.0.Q8B.ZZZZ.NT.AL.UN"
Espana,linea_credito_circulante,Q8B. Tipo cobrado por la linea de credito o descubierto | Micro (1-9) | n respuestas (sin ponderar),93,pct_anual,2019-S1,"BCE, encuesta SAFE (ECB Data Portal, dataset SAFE)",https://data.ecb.europa.eu/data/datasets/SAFE/SAFE.SAFE.H.ES.MIC.A.0.0.0.Q8B.ZZZZ.NT.AL.UN,2026-09-16,,,tamano_empresa_empleados,importe,dato_unico,"TAMANO DE MUESTRA, no es una magnitud economica; serie SAFE.H.ES.MIC.A.0.0.0.Q8B.ZZZZ.NT.AL.UN"
Espana,linea_credito_circulante,Q8B. Tipo cobrado por la linea de credito o descubierto | Micro (1-9) | n respuestas (sin ponderar),96,pct_anual,2019-S2,"BCE, encuesta SAFE (ECB Data Portal, dataset SAFE)",https://data.ecb.europa.eu/data/datasets/SAFE/SAFE.SAFE.H.ES.MIC.A.0.0.0.Q8B.ZZZZ.NT.AL.UN,2026-09-16,,,tamano_empresa_empleados,importe,dato_unico,"TAMANO DE MUESTRA, no es una magnitud economica; serie SAFE.H.ES.MIC.A.0.0.0.Q8B.ZZZZ.NT.AL.UN"
Espana,linea_credito_circulante,Q8B. Tipo cobrado por la linea de credito o descubierto | Micro (1-9) | n respuestas (sin ponderar),106,pct_anual,2020-S1,"BCE, encuesta SAFE (ECB Data Portal, dataset SAFE)",https://data.ecb.europa.eu/data/datasets/SAFE/SAFE.SAFE.H.ES.MIC.A.0.0.0.Q8B.ZZZZ.NT.AL.UN,2026-09-16,,,tamano_empresa_empleados,importe,dato_unico,"TAMANO DE MUESTRA, no es una magnitud economica; serie SAFE.H.ES.MIC.A.0.0.0.Q8B.ZZZZ.NT.AL.UN"
Espana,linea_credito_circulante,Q8B. Tipo cobrado por la linea de credito o descubierto | Micro (1-9) | n respuestas (sin ponderar),84,pct_anual,2020-S2,"BCE, encuesta SAFE (ECB Data Portal, dataset SAFE)",https://data.ecb.europa.eu/data/datasets/SAFE/SAFE.SAFE.H.ES.MIC.A.0.0.0.Q8B.ZZZZ.NT.AL.UN,2026-09-16,,,tamano_empresa_empleados,importe,dato_unico,"TAMANO DE MUESTRA, no es una magnitud economica; serie SAFE.H.ES.MIC.A.0.0.0.Q8B.ZZZZ.NT.AL.UN"
Espana,linea_credito_circulante,Q8B. Tipo cobrado por la linea de credito o descubierto | Micro (1-9) | n respuestas (sin ponderar),57,pct_anual,2021-S1,"BCE, encuesta SAFE (ECB Data Portal, dataset SAFE)",https://data.ecb.europa.eu/data/datasets/SAFE/SAFE.SAFE.H.ES.MIC.A.0.0.0.Q8B.ZZZZ.NT.AL.UN,2026-09-16,,,tamano_empresa_empleados,importe,dato_unico,"TAMANO DE MUESTRA, no es una magnitud economica; serie SAFE.H.ES.MIC.A.0.0.0.Q8B.ZZZZ.NT.AL.UN"
Espana,linea_credito_circulante,Q8B. Tipo cobrado por la linea de credito o descubierto | Micro (1-9) | n respuestas (sin ponderar),71,pct_anual,2021-S2,"BCE, encuesta SAFE (ECB Data Portal, dataset SAFE)",https://data.ecb.europa.eu/data/datasets/SAFE/SAFE.SAFE.H.ES.MIC.A.0.0.0.Q8B.ZZZZ.NT.AL.UN,2026-09-16,,,tamano_empresa_empleados,importe,dato_unico,"TAMANO DE MUESTRA, no es una magnitud economica; serie SAFE.H.ES.MIC.A.0.0.0.Q8B.ZZZZ.NT.AL.UN"
Espana,linea_credito_circulante,Q8B. Tipo cobrado por la linea de credito o descubierto | Micro (1-9) | n respuestas (sin ponderar),43,pct_anual,2022-S1,"BCE, encuesta SAFE (ECB Data Portal, dataset SAFE)",https://data.ecb.europa.eu/data/datasets/SAFE/SAFE.SAFE.H.ES.MIC.A.0.0.0.Q8B.ZZZZ.NT.AL.UN,2026-09-16,,,tamano_empresa_empleados,importe,dato_unico,"TAMANO DE MUESTRA, no es una magnitud economica; serie SAFE.H.ES.MIC.A.0.0.0.Q8B.ZZZZ.NT.AL.UN"
Espana,linea_credito_circulante,Q8B. Tipo cobrado por la linea de credito o descubierto | Micro (1-9) | media ponderada,8.579537,pct_anual,2014-S1,"BCE, encuesta SAFE (ECB Data Portal, dataset SAFE)",https://data.ecb.europa.eu/data/datasets/SAFE/SAFE.SAFE.H.ES.MIC.A.0.0.0.Q8B.ZZZZ.NT.AL.WA,2026-09-16,,,tamano_empresa_empleados,nivel,media_ponderada_volumen,serie SAFE.H.ES.MIC.A.0.0.0.Q8B.ZZZZ.NT.AL.WA
Espana,linea_credito_circulante,Q8B. Tipo cobrado por la linea de credito o descubierto | Micro (1-9) | media ponderada,6.062229,pct_anual,2014-S2,"BCE, encuesta SAFE (ECB Data Portal, dataset SAFE)",https://data.ecb.europa.eu/data/datasets/SAFE/SAFE.SAFE.H.ES.MIC.A.0.0.0.Q8B.ZZZZ.NT.AL.WA,2026-09-16,,,tamano_empresa_empleados,nivel,media_ponderada_volumen,serie SAFE.H.ES.MIC.A.0.0.0.Q8B.ZZZZ.NT.AL.WA
Espana,linea_credito_circulante,Q8B. Tipo cobrado por la linea de credito o descubierto | Micro (1-9) | media ponderada,5.971829,pct_anual,2015-S1,"BCE, encuesta SAFE (ECB Data Portal, dataset SAFE)",https://data.ecb.europa.eu/data/datasets/SAFE/SAFE.SAFE.H.ES.MIC.A.0.0.0.Q8B.ZZZZ.NT.AL.WA,2026-09-16,,,tamano_empresa_empleados,nivel,media_ponderada_volumen,serie SAFE.H.ES.MIC.A.0.0.0.Q8B.ZZZZ.NT.AL.WA
Espana,linea_credito_circulante,Q8B. Tipo cobrado por la linea de credito o descubierto | Micro (1-9) | media ponderada,5.397038,pct_anual,2015-S2,"BCE, encuesta SAFE (ECB Data Portal, dataset SAFE)",https://data.ecb.europa.eu/data/datasets/SAFE/SAFE.SAFE.H.ES.MIC.A.0.0.0.Q8B.ZZZZ.NT.AL.WA,2026-09-16,,,tamano_empresa_empleados,nivel,media_ponderada_volumen,serie SAFE.H.ES.MIC.A.0.0.0.Q8B.ZZZZ.NT.AL.WA
Espana,linea_credito_circulante,Q8B. Tipo cobrado por la linea de credito o descubierto | Micro (1-9) | media ponderada,4.491208,pct_anual,2016-S1,"BCE, encuesta SAFE (ECB Data Portal, dataset SAFE)",https://data.ecb.europa.eu/data/datasets/SAFE/SAFE.SAFE.H.ES.MIC.A.0.0.0.Q8B.ZZZZ.NT.AL.WA,2026-09-16,,,tamano_empresa_empleados,nivel,media_ponderada_volumen,serie SAFE.H.ES.MIC.A.0.0.0.Q8B.ZZZZ.NT.AL.WA
Espana,linea_credito_circulante,Q8B. Tipo cobrado por la linea de credito o descubierto | Micro (1-9) | media ponderada,4.082608,pct_anual,2016-S2,"BCE, encuesta SAFE (ECB Data Portal, dataset SAFE)",https://data.ecb.europa.eu/data/datasets/SAFE/SAFE.SAFE.H.ES.MIC.A.0.0.0.Q8B.ZZZZ.NT.AL.WA,2026-09-16,,,tamano_empresa_empleados,nivel,media_ponderada_volumen,serie SAFE.H.ES.MIC.A.0.0.0.Q8B.ZZZZ.NT.AL.WA
Espana,linea_credito_circulante,Q8B. Tipo cobrado por la linea de credito o descubierto | Micro (1-9) | media ponderada,4.117463,pct_anual,2017-S1,"BCE, encuesta SAFE (ECB Data Portal, dataset SAFE)",https://data.ecb.europa.eu/data/datasets/SAFE/SAFE.SAFE.H.ES.MIC.A.0.0.0.Q8B.ZZZZ.NT.AL.WA,2026-09-16,,,tamano_empresa_empleados,nivel,media_ponderada_volumen,serie SAFE.H.ES.MIC.A.0.0.0.Q8B.ZZZZ.NT.AL.WA
Espana,linea_credito_circulante,Q8B. Tipo cobrado por la linea de credito o descubierto | Micro (1-9) | media ponderada,5.23593,pct_anual,2017-S2,"BCE, encuesta SAFE (ECB Data Portal, dataset SAFE)",https://data.ecb.europa.eu/data/datasets/SAFE/SAFE.SAFE.H.ES.MIC.A.0.0.0.Q8B.ZZZZ.NT.AL.WA,2026-09-16,,,tamano_empresa_empleados,nivel,media_ponderada_volumen,serie SAFE.H.ES.MIC.A.0.0.0.Q8B.ZZZZ.NT.AL.WA
Espana,linea_credito_circulante,Q8B. Tipo cobrado por la linea de credito o descubierto | Micro (1-9) | media ponderada,4.709984,pct_anual,2018-S1,"BCE, encuesta SAFE (ECB Data Portal, dataset SAFE)",https://data.ecb.europa.eu/data/datasets/SAFE/SAFE.SAFE.H.ES.MIC.A.0.0.0.Q8B.ZZZZ.NT.AL.WA,2026-09-16,,,tamano_empresa_empleados,nivel,media_ponderada_volumen,serie SAFE.H.ES.MIC.A.0.0.0.Q8B.ZZZZ.NT.AL.WA
Espana,linea_credito_circulante,Q8B. Tipo cobrado por la linea de credito o descubierto | Micro (1-9) | media ponderada,3.062466,pct_anual,2018-S2,"BCE, encuesta SAFE (ECB Data Portal, dataset SAFE)",https://data.ecb.europa.eu/data/datasets/SAFE/SAFE.SAFE.H.ES.MIC.A.0.0.0.Q8B.ZZZZ.NT.AL.WA,2026-09-16,,,tamano_empresa_empleados,nivel,media_ponderada_volumen,serie SAFE.H.ES.MIC.A.0.0.0.Q8B.ZZZZ.NT.AL.WA
Espana,linea_credito_circulante,Q8B. Tipo cobrado por la linea de credito o descubierto | Micro (1-9) | media ponderada,4.261177,pct_anual,2019-S1,"BCE, encuesta SAFE (ECB Data Portal, dataset SAFE)",https://data.ecb.europa.eu/data/datasets/SAFE/SAFE.SAFE.H.ES.MIC.A.0.0.0.Q8B.ZZZZ.NT.AL.WA,2026-09-16,,,tamano_empresa_empleados,nivel,media_ponderada_volumen,serie SAFE.H.ES.MIC.A.0.0.0.Q8B.ZZZZ.NT.AL.WA
Espana,linea_credito_circulante,Q8B. Tipo cobrado por la linea de credito o descubierto | Micro (1-9) | media ponderada,3.815976,pct_anual,2019-S2,"BCE, encuesta SAFE (ECB Data Portal, dataset SAFE)",https://data.ecb.europa.eu/data/datasets/SAFE/SAFE.SAFE.H.ES.MIC.A.0.0.0.Q8B.ZZZZ.NT.AL.WA,2026-09-16,,,tamano_empresa_empleados,nivel,media_ponderada_volumen,serie SAFE.H.ES.MIC.A.0.0.0.Q8B.ZZZZ.NT.AL.WA
Espana,linea_credito_circulante,Q8B. Tipo cobrado por la linea de credito o descubierto | Micro (1-9) | media ponderada,2.309231,pct_anual,2020-S1,"BCE, encuesta SAFE (ECB Data Portal, dataset SAFE)",https://data.ecb.europa.eu/data/datasets/SAFE/SAFE.SAFE.H.ES.MIC.A.0.0.0.Q8B.ZZZZ.NT.AL.WA,2026-09-16,,,tamano_empresa_empleados,nivel,media_ponderada_volumen,serie SAFE.H.ES.MIC.A.0.0.0.Q8B.ZZZZ.NT.AL.WA
Espana,linea_credito_circulante,Q8B. Tipo cobrado por la linea de credito o descubierto | Micro (1-9) | media ponderada,2.464613,pct_anual,2020-S2,"BCE, encuesta SAFE (ECB Data Portal, dataset SAFE)",https://data.ecb.europa.eu/data/datasets/SAFE/SAFE.SAFE.H.ES.MIC.A.0.0.0.Q8B.ZZZZ.NT.AL.WA,2026-09-16,,,tamano_empresa_empleados,nivel,media_ponderada_volumen,serie SAFE.H.ES.MIC.A.0.0.0.Q8B.ZZZZ.NT.AL.WA
Espana,linea_credito_circulante,Q8B. Tipo cobrado por la linea de credito o descubierto | Micro (1-9) | media ponderada,3.636769,pct_anual,2021-S1,"BCE, encuesta SAFE (ECB Data Portal, dataset SAFE)",https://data.ecb.europa.eu/data/datasets/SAFE/SAFE.SAFE.H.ES.MIC.A.0.0.0.Q8B.ZZZZ.NT.AL.WA,2026-09-16,,,tamano_empresa_empleados,nivel,media_ponderada_volumen,serie SAFE.H.ES.MIC.A.0.0.0.Q8B.ZZZZ.NT.AL.WA
Espana,linea_credito_circulante,Q8B. Tipo cobrado por la linea de credito o descubierto | Micro (1-9) | media ponderada,2.924924,pct_anual,2021-S2,"BCE, encuesta SAFE (ECB Data Portal, dataset SAFE)",https://data.ecb.europa.eu/data/datasets/SAFE/SAFE.SAFE.H.ES.MIC.A.0.0.0.Q8B.ZZZZ.NT.AL.WA,2026-09-16,,,tamano_empresa_empleados,nivel,media_ponderada_volumen,serie SAFE.H.ES.MIC.A.0.0.0.Q8B.ZZZZ.NT.AL.WA
Espana,linea_credito_circulante,Q8B. Tipo cobrado por la linea de credito o descubierto | Micro (1-9) | media ponderada,2.674244,pct_anual,2022-S1,"BCE, encuesta SAFE (ECB Data Portal, dataset SAFE)",https://data.ecb.europa.eu/data/datasets/SAFE/SAFE.SAFE.H.ES.MIC.A.0.0.0.Q8B.ZZZZ.NT.AL.WA,2026-09-16,,,tamano_empresa_empleados,nivel,media_ponderada_volumen,serie SAFE.H.ES.MIC.A.0.0.0.Q8B.ZZZZ.NT.AL.WA
Espana,linea_credito_circulante,Q8B. Tipo cobrado por la linea de credito o descubierto | Micro (1-9) | mediana ponderada,6.5,pct_anual,2014-S1,"BCE, encuesta SAFE (ECB Data Portal, dataset SAFE)",https://data.ecb.europa.eu/data/datasets/SAFE/SAFE.SAFE.H.ES.MIC.A.0.0.0.Q8B.ZZZZ.NT.AL.WM,2026-09-16,,,tamano_empresa_empleados,nivel,dato_unico,serie SAFE.H.ES.MIC.A.0.0.0.Q8B.ZZZZ.NT.AL.WM
Espana,linea_credito_circulante,Q8B. Tipo cobrado por la linea de credito o descubierto | Micro (1-9) | mediana ponderada,5,pct_anual,2014-S2,"BCE, encuesta SAFE (ECB Data Portal, dataset SAFE)",https://data.ecb.europa.eu/data/datasets/SAFE/SAFE.SAFE.H.ES.MIC.A.0.0.0.Q8B.ZZZZ.NT.AL.WM,2026-09-16,,,tamano_empresa_empleados,nivel,dato_unico,serie SAFE.H.ES.MIC.A.0.0.0.Q8B.ZZZZ.NT.AL.WM
Espana,linea_credito_circulante,Q8B. Tipo cobrado por la linea de credito o descubierto | Micro (1-9) | mediana ponderada,4.75,pct_anual,2015-S1,"BCE, encuesta SAFE (ECB Data Portal, dataset SAFE)",https://data.ecb.europa.eu/data/datasets/SAFE/SAFE.SAFE.H.ES.MIC.A.0.0.0.Q8B.ZZZZ.NT.AL.WM,2026-09-16,,,tamano_empresa_empleados,nivel,dato_unico,serie SAFE.H.ES.MIC.A.0.0.0.Q8B.ZZZZ.NT.AL.WM
Espana,linea_credito_circulante,Q8B. Tipo cobrado por la linea de credito o descubierto | Micro (1-9) | mediana ponderada,3.5,pct_anual,2015-S2,"BCE, encuesta SAFE (ECB Data Portal, dataset SAFE)",https://data.ecb.europa.eu/data/datasets/SAFE/SAFE.SAFE.H.ES.MIC.A.0.0.0.Q8B.ZZZZ.NT.AL.WM,2026-09-16,,,tamano_empresa_empleados,nivel,dato_unico,serie SAFE.H.ES.MIC.A.0.0.0.Q8B.ZZZZ.NT.AL.WM
Espana,linea_credito_circulante,Q8B. Tipo cobrado por la linea de credito o descubierto | Micro (1-9) | mediana ponderada,4,pct_anual,2016-S1,"BCE, encuesta SAFE (ECB Data Portal, dataset SAFE)",https://data.ecb.europa.eu/data/datasets/SAFE/SAFE.SAFE.H.ES.MIC.A.0.0.0.Q8B.ZZZZ.NT.AL.WM,2026-09-16,,,tamano_empresa_empleados,nivel,dato_unico,serie SAFE.H.ES.MIC.A.0.0.0.Q8B.ZZZZ.NT.AL.WM
Espana,linea_credito_circulante,Q8B. Tipo cobrado por la linea de credito o descubierto | Micro (1-9) | mediana ponderada,4,pct_anual,2016-S2,"BCE, encuesta SAFE (ECB Data Portal, dataset SAFE)",https://data.ecb.europa.eu/data/datasets/SAFE/SAFE.SAFE.H.ES.MIC.A.0.0.0.Q8B.ZZZZ.NT.AL.WM,2026-09-16,,,tamano_empresa_empleados,nivel,dato_unico,serie SAFE.H.ES.MIC.A.0.0.0.Q8B.ZZZZ.NT.AL.WM
Espana,linea_credito_circulante,Q8B. Tipo cobrado por la linea de credito o descubierto | Micro (1-9) | mediana ponderada,3,pct_anual,2017-S1,"BCE, encuesta SAFE (ECB Data Portal, dataset SAFE)",https://data.ecb.europa.eu/data/datasets/SAFE/SAFE.SAFE.H.ES.MIC.A.0.0.0.Q8B.ZZZZ.NT.AL.WM,2026-09-16,,,tamano_empresa_empleados,nivel,dato_unico,serie SAFE.H.ES.MIC.A.0.0.0.Q8B.ZZZZ.NT.AL.WM
Espana,linea_credito_circulante,Q8B. Tipo cobrado por la linea de credito o descubierto | Micro (1-9) | mediana ponderada,4.311767,pct_anual,2017-S2,"BCE, encuesta SAFE (ECB Data Portal, dataset SAFE)",https://data.ecb.europa.eu/data/datasets/SAFE/SAFE.SAFE.H.ES.MIC.A.0.0.0.Q8B.ZZZZ.NT.AL.WM,2026-09-16,,,tamano_empresa_empleados,nivel,dato_unico,serie SAFE.H.ES.MIC.A.0.0.0.Q8B.ZZZZ.NT.AL.WM
Espana,linea_credito_circulante,Q8B. Tipo cobrado por la linea de credito o descubierto | Micro (1-9) | mediana ponderada,4,pct_anual,2018-S1,"BCE, encuesta SAFE (ECB Data Portal, dataset SAFE)",https://data.ecb.europa.eu/data/datasets/SAFE/SAFE.SAFE.H.ES.MIC.A.0.0.0.Q8B.ZZZZ.NT.AL.WM,2026-09-16,,,tamano_empresa_empleados,nivel,dato_unico,serie SAFE.H.ES.MIC.A.0.0.0.Q8B.ZZZZ.NT.AL.WM
Espana,linea_credito_circulante,Q8B. Tipo cobrado por la linea de credito o descubierto | Micro (1-9) | mediana ponderada,2.632667,pct_anual,2018-S2,"BCE, encuesta SAFE (ECB Data Portal, dataset SAFE)",https://data.ecb.europa.eu/data/datasets/SAFE/SAFE.SAFE.H.ES.MIC.A.0.0.0.Q8B.ZZZZ.NT.AL.WM,2026-09-16,,,tamano_empresa_empleados,nivel,dato_unico,serie SAFE.H.ES.MIC.A.0.0.0.Q8B.ZZZZ.NT.AL.WM
Espana,linea_credito_circulante,Q8B. Tipo cobrado por la linea de credito o descubierto | Micro (1-9) | mediana ponderada,3,pct_anual,2019-S1,"BCE, encuesta SAFE (ECB Data Portal, dataset SAFE)",https://data.ecb.europa.eu/data/datasets/SAFE/SAFE.SAFE.H.ES.MIC.A.0.0.0.Q8B.ZZZZ.NT.AL.WM,2026-09-16,,,tamano_empresa_empleados,nivel,dato_unico,serie SAFE.H.ES.MIC.A.0.0.0.Q8B.ZZZZ.NT.AL.WM
Espana,linea_credito_circulante,Q8B. Tipo cobrado por la linea de credito o descubierto | Micro (1-9) | mediana ponderada,3,pct_anual,2019-S2,"BCE, encuesta SAFE (ECB Data Portal, dataset SAFE)",https://data.ecb.europa.eu/data/datasets/SAFE/SAFE.SAFE.H.ES.MIC.A.0.0.0.Q8B.ZZZZ.NT.AL.WM,2026-09-16,,,tamano_empresa_empleados,nivel,dato_unico,serie SAFE.H.ES.MIC.A.0.0.0.Q8B.ZZZZ.NT.AL.WM
Espana,linea_credito_circulante,Q8B. Tipo cobrado por la linea de credito o descubierto | Micro (1-9) | mediana ponderada,2.2,pct_anual,2020-S1,"BCE, encuesta SAFE (ECB Data Portal, dataset SAFE)",https://data.ecb.europa.eu/data/datasets/SAFE/SAFE.SAFE.H.ES.MIC.A.0.0.0.Q8B.ZZZZ.NT.AL.WM,2026-09-16,,,tamano_empresa_empleados,nivel,dato_unico,serie SAFE.H.ES.MIC.A.0.0.0.Q8B.ZZZZ.NT.AL.WM
Espana,linea_credito_circulante,Q8B. Tipo cobrado por la linea de credito o descubierto | Micro (1-9) | mediana ponderada,2.4,pct_anual,2020-S2,"BCE, encuesta SAFE (ECB Data Portal, dataset SAFE)",https://data.ecb.europa.eu/data/datasets/SAFE/SAFE.SAFE.H.ES.MIC.A.0.0.0.Q8B.ZZZZ.NT.AL.WM,2026-09-16,,,tamano_empresa_empleados,nivel,dato_unico,serie SAFE.H.ES.MIC.A.0.0.0.Q8B.ZZZZ.NT.AL.WM
Espana,linea_credito_circulante,Q8B. Tipo cobrado por la linea de credito o descubierto | Micro (1-9) | mediana ponderada,2.75,pct_anual,2021-S1,"BCE, encuesta SAFE (ECB Data Portal, dataset SAFE)",https://data.ecb.europa.eu/data/datasets/SAFE/SAFE.SAFE.H.ES.MIC.A.0.0.0.Q8B.ZZZZ.NT.AL.WM,2026-09-16,,,tamano_empresa_empleados,nivel,dato_unico,serie SAFE.H.ES.MIC.A.0.0.0.Q8B.ZZZZ.NT.AL.WM
Espana,linea_credito_circulante,Q8B. Tipo cobrado por la linea de credito o descubierto | Micro (1-9) | mediana ponderada,2.7,pct_anual,2021-S2,"BCE, encuesta SAFE (ECB Data Portal, dataset SAFE)",https://data.ecb.europa.eu/data/datasets/SAFE/SAFE.SAFE.H.ES.MIC.A.0.0.0.Q8B.ZZZZ.NT.AL.WM,2026-09-16,,,tamano_empresa_empleados,nivel,dato_unico,serie SAFE.H.ES.MIC.A.0.0.0.Q8B.ZZZZ.NT.AL.WM
Espana,linea_credito_circulante,Q8B. Tipo cobrado por la linea de credito o descubierto | Micro (1-9) | mediana ponderada,2.5,pct_anual,2022-S1,"BCE, encuesta SAFE (ECB Data Portal, dataset SAFE)",https://data.ecb.europa.eu/data/datasets/SAFE/SAFE.SAFE.H.ES.MIC.A.0.0.0.Q8B.ZZZZ.NT.AL.WM,2026-09-16,,,tamano_empresa_empleados,nivel,dato_unico,serie SAFE.H.ES.MIC.A.0.0.0.Q8B.ZZZZ.NT.AL.WM
Espana,linea_credito_circulante,Q8B. Tipo cobrado por la linea de credito o descubierto | Micro (1-9) | n respuestas (ponderado),85.95495,pct_anual,2014-S1,"BCE, encuesta SAFE (ECB Data Portal, dataset SAFE)",https://data.ecb.europa.eu/data/datasets/SAFE/SAFE.SAFE.H.ES.MIC.A.0.0.0.Q8B.ZZZZ.NT.AL.WN,2026-09-16,,,tamano_empresa_empleados,importe,dato_unico,"TAMANO DE MUESTRA, no es una magnitud economica; serie SAFE.H.ES.MIC.A.0.0.0.Q8B.ZZZZ.NT.AL.WN"
Espana,linea_credito_circulante,Q8B. Tipo cobrado por la linea de credito o descubierto | Micro (1-9) | n respuestas (ponderado),94.08748,pct_anual,2014-S2,"BCE, encuesta SAFE (ECB Data Portal, dataset SAFE)",https://data.ecb.europa.eu/data/datasets/SAFE/SAFE.SAFE.H.ES.MIC.A.0.0.0.Q8B.ZZZZ.NT.AL.WN,2026-09-16,,,tamano_empresa_empleados,importe,dato_unico,"TAMANO DE MUESTRA, no es una magnitud economica; serie SAFE.H.ES.MIC.A.0.0.0.Q8B.ZZZZ.NT.AL.WN"
Espana,linea_credito_circulante,Q8B. Tipo cobrado por la linea de credito o descubierto | Micro (1-9) | n respuestas (ponderado),92.43397,pct_anual,2015-S1,"BCE, encuesta SAFE (ECB Data Portal, dataset SAFE)",https://data.ecb.europa.eu/data/datasets/SAFE/SAFE.SAFE.H.ES.MIC.A.0.0.0.Q8B.ZZZZ.NT.AL.WN,2026-09-16,,,tamano_empresa_empleados,importe,dato_unico,"TAMANO DE MUESTRA, no es una magnitud economica; serie SAFE.H.ES.MIC.A.0.0.0.Q8B.ZZZZ.NT.AL.WN"
Espana,linea_credito_circulante,Q8B. Tipo cobrado por la linea de credito o descubierto | Micro (1-9) | n respuestas (ponderado),97.18189,pct_anual,2015-S2,"BCE, encuesta SAFE (ECB Data Portal, dataset SAFE)",https://data.ecb.europa.eu/data/datasets/SAFE/SAFE.SAFE.H.ES.MIC.A.0.0.0.Q8B.ZZZZ.NT.AL.WN,2026-09-16,,,tamano_empresa_empleados,importe,dato_unico,"TAMANO DE MUESTRA, no es una magnitud economica; serie SAFE.H.ES.MIC.A.0.0.0.Q8B.ZZZZ.NT.AL.WN"
Espana,linea_credito_circulante,Q8B. Tipo cobrado por la linea de credito o descubierto | Micro (1-9) | n respuestas (ponderado),84.48443,pct_anual,2016-S1,"BCE, encuesta SAFE (ECB Data Portal, dataset SAFE)",https://data.ecb.europa.eu/data/datasets/SAFE/SAFE.SAFE.H.ES.MIC.A.0.0.0.Q8B.ZZZZ.NT.AL.WN,2026-09-16,,,tamano_empresa_empleados,importe,dato_unico,"TAMANO DE MUESTRA, no es una magnitud economica; serie SAFE.H.ES.MIC.A.0.0.0.Q8B.ZZZZ.NT.AL.WN"
Espana,linea_credito_circulante,Q8B. Tipo cobrado por la linea de credito o descubierto | Micro (1-9) | n respuestas (ponderado),91.1286,pct_anual,2016-S2,"BCE, encuesta SAFE (ECB Data Portal, dataset SAFE)",https://data.ecb.europa.eu/data/datasets/SAFE/SAFE.SAFE.H.ES.MIC.A.0.0.0.Q8B.ZZZZ.NT.AL.WN,2026-09-16,,,tamano_empresa_empleados,importe,dato_unico,"TAMANO DE MUESTRA, no es una magnitud economica; serie SAFE.H.ES.MIC.A.0.0.0.Q8B.ZZZZ.NT.AL.WN"
Espana,linea_credito_circulante,Q8B. Tipo cobrado por la linea de credito o descubierto | Micro (1-9) | n respuestas (ponderado),73.13664,pct_anual,2017-S1,"BCE, encuesta SAFE (ECB Data Portal, dataset SAFE)",https://data.ecb.europa.eu/data/datasets/SAFE/SAFE.SAFE.H.ES.MIC.A.0.0.0.Q8B.ZZZZ.NT.AL.WN,2026-09-16,,,tamano_empresa_empleados,importe,dato_unico,"TAMANO DE MUESTRA, no es una magnitud economica; serie SAFE.H.ES.MIC.A.0.0.0.Q8B.ZZZZ.NT.AL.WN"
Espana,linea_credito_circulante,Q8B. Tipo cobrado por la linea de credito o descubierto | Micro (1-9) | n respuestas (ponderado),89.20545,pct_anual,2017-S2,"BCE, encuesta SAFE (ECB Data Portal, dataset SAFE)",https://data.ecb.europa.eu/data/datasets/SAFE/SAFE.SAFE.H.ES.MIC.A.0.0.0.Q8B.ZZZZ.NT.AL.WN,2026-09-16,,,tamano_empresa_empleados,importe,dato_unico,"TAMANO DE MUESTRA, no es una magnitud economica; serie SAFE.H.ES.MIC.A.0.0.0.Q8B.ZZZZ.NT.AL.WN"
Espana,linea_credito_circulante,Q8B. Tipo cobrado por la linea de credito o descubierto | Micro (1-9) | n respuestas (ponderado),72.0161,pct_anual,2018-S1,"BCE, encuesta SAFE (ECB Data Portal, dataset SAFE)",https://data.ecb.europa.eu/data/datasets/SAFE/SAFE.SAFE.H.ES.MIC.A.0.0.0.Q8B.ZZZZ.NT.AL.WN,2026-09-16,,,tamano_empresa_empleados,importe,dato_unico,"TAMANO DE MUESTRA, no es una magnitud economica; serie SAFE.H.ES.MIC.A.0.0.0.Q8B.ZZZZ.NT.AL.WN"
Espana,linea_credito_circulante,Q8B. Tipo cobrado por la linea de credito o descubierto | Micro (1-9) | n respuestas (ponderado),66.49126,pct_anual,2018-S2,"BCE, encuesta SAFE (ECB Data Portal, dataset SAFE)",https://data.ecb.europa.eu/data/datasets/SAFE/SAFE.SAFE.H.ES.MIC.A.0.0.0.Q8B.ZZZZ.NT.AL.WN,2026-09-16,,,tamano_empresa_empleados,importe,dato_unico,"TAMANO DE MUESTRA, no es una magnitud economica; serie SAFE.H.ES.MIC.A.0.0.0.Q8B.ZZZZ.NT.AL.WN"
Espana,linea_credito_circulante,Q8B. Tipo cobrado por la linea de credito o descubierto | Micro (1-9) | n respuestas (ponderado),87.41001,pct_anual,2019-S1,"BCE, encuesta SAFE (ECB Data Portal, dataset SAFE)",https://data.ecb.europa.eu/data/datasets/SAFE/SAFE.SAFE.H.ES.MIC.A.0.0.0.Q8B.ZZZZ.NT.AL.WN,2026-09-16,,,tamano_empresa_empleados,importe,dato_unico,"TAMANO DE MUESTRA, no es una magnitud economica; serie SAFE.H.ES.MIC.A.0.0.0.Q8B.ZZZZ.NT.AL.WN"
Espana,linea_credito_circulante,Q8B. Tipo cobrado por la linea de credito o descubierto | Micro (1-9) | n respuestas (ponderado),110.6155,pct_anual,2019-S2,"BCE, encuesta SAFE (ECB Data Portal, dataset SAFE)",https://data.ecb.europa.eu/data/datasets/SAFE/SAFE.SAFE.H.ES.MIC.A.0.0.0.Q8B.ZZZZ.NT.AL.WN,2026-09-16,,,tamano_empresa_empleados,importe,dato_unico,"TAMANO DE MUESTRA, no es una magnitud economica; serie SAFE.H.ES.MIC.A.0.0.0.Q8B.ZZZZ.NT.AL.WN"
Espana,linea_credito_circulante,Q8B. Tipo cobrado por la linea de credito o descubierto | Micro (1-9) | n respuestas (ponderado),96.74374,pct_anual,2020-S1,"BCE, encuesta SAFE (ECB Data Portal, dataset SAFE)",https://data.ecb.europa.eu/data/datasets/SAFE/SAFE.SAFE.H.ES.MIC.A.0.0.0.Q8B.ZZZZ.NT.AL.WN,2026-09-16,,,tamano_empresa_empleados,importe,dato_unico,"TAMANO DE MUESTRA, no es una magnitud economica; serie SAFE.H.ES.MIC.A.0.0.0.Q8B.ZZZZ.NT.AL.WN"
Espana,linea_credito_circulante,Q8B. Tipo cobrado por la linea de credito o descubierto | Micro (1-9) | n respuestas (ponderado),67.40749,pct_anual,2020-S2,"BCE, encuesta SAFE (ECB Data Portal, dataset SAFE)",https://data.ecb.europa.eu/data/datasets/SAFE/SAFE.SAFE.H.ES.MIC.A.0.0.0.Q8B.ZZZZ.NT.AL.WN,2026-09-16,,,tamano_empresa_empleados,importe,dato_unico,"TAMANO DE MUESTRA, no es una magnitud economica; serie SAFE.H.ES.MIC.A.0.0.0.Q8B.ZZZZ.NT.AL.WN"
Espana,linea_credito_circulante,Q8B. Tipo cobrado por la linea de credito o descubierto | Micro (1-9) | n respuestas (ponderado),46.56779,pct_anual,2021-S1,"BCE, encuesta SAFE (ECB Data Portal, dataset SAFE)",https://data.ecb.europa.eu/data/datasets/SAFE/SAFE.SAFE.H.ES.MIC.A.0.0.0.Q8B.ZZZZ.NT.AL.WN,2026-09-16,,,tamano_empresa_empleados,importe,dato_unico,"TAMANO DE MUESTRA, no es una magnitud economica; serie SAFE.H.ES.MIC.A.0.0.0.Q8B.ZZZZ.NT.AL.WN"
Espana,linea_credito_circulante,Q8B. Tipo cobrado por la linea de credito o descubierto | Micro (1-9) | n respuestas (ponderado),58.93616,pct_anual,2021-S2,"BCE, encuesta SAFE (ECB Data Portal, dataset SAFE)",https://data.ecb.europa.eu/data/datasets/SAFE/SAFE.SAFE.H.ES.MIC.A.0.0.0.Q8B.ZZZZ.NT.AL.WN,2026-09-16,,,tamano_empresa_empleados,importe,dato_unico,"TAMANO DE MUESTRA, no es una magnitud economica; serie SAFE.H.ES.MIC.A.0.0.0.Q8B.ZZZZ.NT.AL.WN"
Espana,linea_credito_circulante,Q8B. Tipo cobrado por la linea de credito o descubierto | Micro (1-9) | n respuestas (ponderado),36.36275,pct_anual,2022-S1,"BCE, encuesta SAFE (ECB Data Portal, dataset SAFE)",https://data.ecb.europa.eu/data/datasets/SAFE/SAFE.SAFE.H.ES.MIC.A.0.0.0.Q8B.ZZZZ.NT.AL.WN,2026-09-16,,,tamano_empresa_empleados,importe,dato_unico,"TAMANO DE MUESTRA, no es una magnitud economica; serie SAFE.H.ES.MIC.A.0.0.0.Q8B.ZZZZ.NT.AL.WN"
Espana,linea_credito_circulante,Q8B. Tipo cobrado por la linea de credito o descubierto | Pequena (10-49) | n respuestas (sin ponderar),96,pct_anual,2014-S1,"BCE, encuesta SAFE (ECB Data Portal, dataset SAFE)",https://data.ecb.europa.eu/data/datasets/SAFE/SAFE.SAFE.H.ES.SML.A.0.0.0.Q8B.ZZZZ.NT.AL.UN,2026-09-16,,,tamano_empresa_empleados,importe,dato_unico,"TAMANO DE MUESTRA, no es una magnitud economica; serie SAFE.H.ES.SML.A.0.0.0.Q8B.ZZZZ.NT.AL.UN"
Espana,linea_credito_circulante,Q8B. Tipo cobrado por la linea de credito o descubierto | Pequena (10-49) | n respuestas (sin ponderar),97,pct_anual,2014-S2,"BCE, encuesta SAFE (ECB Data Portal, dataset SAFE)",https://data.ecb.europa.eu/data/datasets/SAFE/SAFE.SAFE.H.ES.SML.A.0.0.0.Q8B.ZZZZ.NT.AL.UN,2026-09-16,,,tamano_empresa_empleados,importe,dato_unico,"TAMANO DE MUESTRA, no es una magnitud economica; serie SAFE.H.ES.SML.A.0.0.0.Q8B.ZZZZ.NT.AL.UN"
Espana,linea_credito_circulante,Q8B. Tipo cobrado por la linea de credito o descubierto | Pequena (10-49) | n respuestas (sin ponderar),82,pct_anual,2015-S1,"BCE, encuesta SAFE (ECB Data Portal, dataset SAFE)",https://data.ecb.europa.eu/data/datasets/SAFE/SAFE.SAFE.H.ES.SML.A.0.0.0.Q8B.ZZZZ.NT.AL.UN,2026-09-16,,,tamano_empresa_empleados,importe,dato_unico,"TAMANO DE MUESTRA, no es una magnitud economica; serie SAFE.H.ES.SML.A.0.0.0.Q8B.ZZZZ.NT.AL.UN"
Espana,linea_credito_circulante,Q8B. Tipo cobrado por la linea de credito o descubierto | Pequena (10-49) | n respuestas (sin ponderar),111,pct_anual,2015-S2,"BCE, encuesta SAFE (ECB Data Portal, dataset SAFE)",https://data.ecb.europa.eu/data/datasets/SAFE/SAFE.SAFE.H.ES.SML.A.0.0.0.Q8B.ZZZZ.NT.AL.UN,2026-09-16,,,tamano_empresa_empleados,importe,dato_unico,"TAMANO DE MUESTRA, no es una magnitud economica; serie SAFE.H.ES.SML.A.0.0.0.Q8B.ZZZZ.NT.AL.UN"
Espana,linea_credito_circulante,Q8B. Tipo cobrado por la linea de credito o descubierto | Pequena (10-49) | n respuestas (sin ponderar),79,pct_anual,2016-S1,"BCE, encuesta SAFE (ECB Data Portal, dataset SAFE)",https://data.ecb.europa.eu/data/datasets/SAFE/SAFE.SAFE.H.ES.SML.A.0.0.0.Q8B.ZZZZ.NT.AL.UN,2026-09-16,,,tamano_empresa_empleados,importe,dato_unico,"TAMANO DE MUESTRA, no es una magnitud economica; serie SAFE.H.ES.SML.A.0.0.0.Q8B.ZZZZ.NT.AL.UN"
Espana,linea_credito_circulante,Q8B. Tipo cobrado por la linea de credito o descubierto | Pequena (10-49) | n respuestas (sin ponderar),108,pct_anual,2016-S2,"BCE, encuesta SAFE (ECB Data Portal, dataset SAFE)",https://data.ecb.europa.eu/data/datasets/SAFE/SAFE.SAFE.H.ES.SML.A.0.0.0.Q8B.ZZZZ.NT.AL.UN,2026-09-16,,,tamano_empresa_empleados,importe,dato_unico,"TAMANO DE MUESTRA, no es una magnitud economica; serie SAFE.H.ES.SML.A.0.0.0.Q8B.ZZZZ.NT.AL.UN"
Espana,linea_credito_circulante,Q8B. Tipo cobrado por la linea de credito o descubierto | Pequena (10-49) | n respuestas (sin ponderar),74,pct_anual,2017-S1,"BCE, encuesta SAFE (ECB Data Portal, dataset SAFE)",https://data.ecb.europa.eu/data/datasets/SAFE/SAFE.SAFE.H.ES.SML.A.0.0.0.Q8B.ZZZZ.NT.AL.UN,2026-09-16,,,tamano_empresa_empleados,importe,dato_unico,"TAMANO DE MUESTRA, no es una magnitud economica; serie SAFE.H.ES.SML.A.0.0.0.Q8B.ZZZZ.NT.AL.UN"
Espana,linea_credito_circulante,Q8B. Tipo cobrado por la linea de credito o descubierto | Pequena (10-49) | n respuestas (sin ponderar),84,pct_anual,2017-S2,"BCE, encuesta SAFE (ECB Data Portal, dataset SAFE)",https://data.ecb.europa.eu/data/datasets/SAFE/SAFE.SAFE.H.ES.SML.A.0.0.0.Q8B.ZZZZ.NT.AL.UN,2026-09-16,,,tamano_empresa_empleados,importe,dato_unico,"TAMANO DE MUESTRA, no es una magnitud economica; serie SAFE.H.ES.SML.A.0.0.0.Q8B.ZZZZ.NT.AL.UN"
Espana,linea_credito_circulante,Q8B. Tipo cobrado por la linea de credito o descubierto | Pequena (10-49) | n respuestas (sin ponderar),81,pct_anual,2018-S1,"BCE, encuesta SAFE (ECB Data Portal, dataset SAFE)",https://data.ecb.europa.eu/data/datasets/SAFE/SAFE.SAFE.H.ES.SML.A.0.0.0.Q8B.ZZZZ.NT.AL.UN,2026-09-16,,,tamano_empresa_empleados,importe,dato_unico,"TAMANO DE MUESTRA, no es una magnitud economica; serie SAFE.H.ES.SML.A.0.0.0.Q8B.ZZZZ.NT.AL.UN"
Espana,linea_credito_circulante,Q8B. Tipo cobrado por la linea de credito o descubierto | Pequena (10-49) | n respuestas (sin ponderar),85,pct_anual,2018-S2,"BCE, encuesta SAFE (ECB Data Portal, dataset SAFE)",https://data.ecb.europa.eu/data/datasets/SAFE/SAFE.SAFE.H.ES.SML.A.0.0.0.Q8B.ZZZZ.NT.AL.UN,2026-09-16,,,tamano_empresa_empleados,importe,dato_unico,"TAMANO DE MUESTRA, no es una magnitud economica; serie SAFE.H.ES.SML.A.0.0.0.Q8B.ZZZZ.NT.AL.UN"
Espana,linea_credito_circulante,Q8B. Tipo cobrado por la linea de credito o descubierto | Pequena (10-49) | n respuestas (sin ponderar),76,pct_anual,2019-S1,"BCE, encuesta SAFE (ECB Data Portal, dataset SAFE)",https://data.ecb.europa.eu/data/datasets/SAFE/SAFE.SAFE.H.ES.SML.A.0.0.0.Q8B.ZZZZ.NT.AL.UN,2026-09-16,,,tamano_empresa_empleados,importe,dato_unico,"TAMANO DE MUESTRA, no es una magnitud economica; serie SAFE.H.ES.SML.A.0.0.0.Q8B.ZZZZ.NT.AL.UN"
Espana,linea_credito_circulante,Q8B. Tipo cobrado por la linea de credito o descubierto | Pequena (10-49) | n respuestas (sin ponderar),95,pct_anual,2019-S2,"BCE, encuesta SAFE (ECB Data Portal, dataset SAFE)",https://data.ecb.europa.eu/data/datasets/SAFE/SAFE.SAFE.H.ES.SML.A.0.0.0.Q8B.ZZZZ.NT.AL.UN,2026-09-16,,,tamano_empresa_empleados,importe,dato_unico,"TAMANO DE MUESTRA, no es una magnitud economica; serie SAFE.H.ES.SML.A.0.0.0.Q8B.ZZZZ.NT.AL.UN"
Espana,linea_credito_circulante,Q8B. Tipo cobrado por la linea de credito o descubierto | Pequena (10-49) | n respuestas (sin ponderar),94,pct_anual,2020-S1,"BCE, encuesta SAFE (ECB Data Portal, dataset SAFE)",https://data.ecb.europa.eu/data/datasets/SAFE/SAFE.SAFE.H.ES.SML.A.0.0.0.Q8B.ZZZZ.NT.AL.UN,2026-09-16,,,tamano_empresa_empleados,importe,dato_unico,"TAMANO DE MUESTRA, no es una magnitud economica; serie SAFE.H.ES.SML.A.0.0.0.Q8B.ZZZZ.NT.AL.UN"
Espana,linea_credito_circulante,Q8B. Tipo cobrado por la linea de credito o descubierto | Pequena (10-49) | n respuestas (sin ponderar),82,pct_anual,2020-S2,"BCE, encuesta SAFE (ECB Data Portal, dataset SAFE)",https://data.ecb.europa.eu/data/datasets/SAFE/SAFE.SAFE.H.ES.SML.A.0.0.0.Q8B.ZZZZ.NT.AL.UN,2026-09-16,,,tamano_empresa_empleados,importe,dato_unico,"TAMANO DE MUESTRA, no es una magnitud economica; serie SAFE.H.ES.SML.A.0.0.0.Q8B.ZZZZ.NT.AL.UN"
Espana,linea_credito_circulante,Q8B. Tipo cobrado por la linea de credito o descubierto | Pequena (10-49) | n respuestas (sin ponderar),54,pct_anual,2021-S1,"BCE, encuesta SAFE (ECB Data Portal, dataset SAFE)",https://data.ecb.europa.eu/data/datasets/SAFE/SAFE.SAFE.H.ES.SML.A.0.0.0.Q8B.ZZZZ.NT.AL.UN,2026-09-16,,,tamano_empresa_empleados,importe,dato_unico,"TAMANO DE MUESTRA, no es una magnitud economica; serie SAFE.H.ES.SML.A.0.0.0.Q8B.ZZZZ.NT.AL.UN"
Espana,linea_credito_circulante,Q8B. Tipo cobrado por la linea de credito o descubierto | Pequena (10-49) | n respuestas (sin ponderar),65,pct_anual,2021-S2,"BCE, encuesta SAFE (ECB Data Portal, dataset SAFE)",https://data.ecb.europa.eu/data/datasets/SAFE/SAFE.SAFE.H.ES.SML.A.0.0.0.Q8B.ZZZZ.NT.AL.UN,2026-09-16,,,tamano_empresa_empleados,importe,dato_unico,"TAMANO DE MUESTRA, no es una magnitud economica; serie SAFE.H.ES.SML.A.0.0.0.Q8B.ZZZZ.NT.AL.UN"
Espana,linea_credito_circulante,Q8B. Tipo cobrado por la linea de credito o descubierto | Pequena (10-49) | n respuestas (sin ponderar),39,pct_anual,2022-S1,"BCE, encuesta SAFE (ECB Data Portal, dataset SAFE)",https://data.ecb.europa.eu/data/datasets/SAFE/SAFE.SAFE.H.ES.SML.A.0.0.0.Q8B.ZZZZ.NT.AL.UN,2026-09-16,,,tamano_empresa_empleados,importe,dato_unico,"TAMANO DE MUESTRA, no es una magnitud economica; serie SAFE.H.ES.SML.A.0.0.0.Q8B.ZZZZ.NT.AL.UN"
Espana,linea_credito_circulante,Q8B. Tipo cobrado por la linea de credito o descubierto | Pequena (10-49) | media ponderada,6.504207,pct_anual,2014-S1,"BCE, encuesta SAFE (ECB Data Portal, dataset SAFE)",https://data.ecb.europa.eu/data/datasets/SAFE/SAFE.SAFE.H.ES.SML.A.0.0.0.Q8B.ZZZZ.NT.AL.WA,2026-09-16,,,tamano_empresa_empleados,nivel,media_ponderada_volumen,serie SAFE.H.ES.SML.A.0.0.0.Q8B.ZZZZ.NT.AL.WA
Espana,linea_credito_circulante,Q8B. Tipo cobrado por la linea de credito o descubierto | Pequena (10-49) | media ponderada,4.692445,pct_anual,2014-S2,"BCE, encuesta SAFE (ECB Data Portal, dataset SAFE)",https://data.ecb.europa.eu/data/datasets/SAFE/SAFE.SAFE.H.ES.SML.A.0.0.0.Q8B.ZZZZ.NT.AL.WA,2026-09-16,,,tamano_empresa_empleados,nivel,media_ponderada_volumen,serie SAFE.H.ES.SML.A.0.0.0.Q8B.ZZZZ.NT.AL.WA
Espana,linea_credito_circulante,Q8B. Tipo cobrado por la linea de credito o descubierto | Pequena (10-49) | media ponderada,3.666365,pct_anual,2015-S1,"BCE, encuesta SAFE (ECB Data Portal, dataset SAFE)",https://data.ecb.europa.eu/data/datasets/SAFE/SAFE.SAFE.H.ES.SML.A.0.0.0.Q8B.ZZZZ.NT.AL.WA,2026-09-16,,,tamano_empresa_empleados,nivel,media_ponderada_volumen,serie SAFE.H.ES.SML.A.0.0.0.Q8B.ZZZZ.NT.AL.WA
Espana,linea_credito_circulante,Q8B. Tipo cobrado por la linea de credito o descubierto | Pequena (10-49) | media ponderada,3.852339,pct_anual,2015-S2,"BCE, encuesta SAFE (ECB Data Portal, dataset SAFE)",https://data.ecb.europa.eu/data/datasets/SAFE/SAFE.SAFE.H.ES.SML.A.0.0.0.Q8B.ZZZZ.NT.AL.WA,2026-09-16,,,tamano_empresa_empleados,nivel,media_ponderada_volumen,serie SAFE.H.ES.SML.A.0.0.0.Q8B.ZZZZ.NT.AL.WA
Espana,linea_credito_circulante,Q8B. Tipo cobrado por la linea de credito o descubierto | Pequena (10-49) | media ponderada,3.746271,pct_anual,2016-S1,"BCE, encuesta SAFE (ECB Data Portal, dataset SAFE)",https://data.ecb.europa.eu/data/datasets/SAFE/SAFE.SAFE.H.ES.SML.A.0.0.0.Q8B.ZZZZ.NT.AL.WA,2026-09-16,,,tamano_empresa_empleados,nivel,media_ponderada_volumen,serie SAFE.H.ES.SML.A.0.0.0.Q8B.ZZZZ.NT.AL.WA
Espana,linea_credito_circulante,Q8B. Tipo cobrado por la linea de credito o descubierto | Pequena (10-49) | media ponderada,3.12178,pct_anual,2016-S2,"BCE, encuesta SAFE (ECB Data Portal, dataset SAFE)",https://data.ecb.europa.eu/data/datasets/SAFE/SAFE.SAFE.H.ES.SML.A.0.0.0.Q8B.ZZZZ.NT.AL.WA,2026-09-16,,,tamano_empresa_empleados,nivel,media_ponderada_volumen,serie SAFE.H.ES.SML.A.0.0.0.Q8B.ZZZZ.NT.AL.WA
Espana,linea_credito_circulante,Q8B. Tipo cobrado por la linea de credito o descubierto | Pequena (10-49) | media ponderada,2.348965,pct_anual,2017-S1,"BCE, encuesta SAFE (ECB Data Portal, dataset SAFE)",https://data.ecb.europa.eu/data/datasets/SAFE/SAFE.SAFE.H.ES.SML.A.0.0.0.Q8B.ZZZZ.NT.AL.WA,2026-09-16,,,tamano_empresa_empleados,nivel,media_ponderada_volumen,serie SAFE.H.ES.SML.A.0.0.0.Q8B.ZZZZ.NT.AL.WA
Espana,linea_credito_circulante,Q8B. Tipo cobrado por la linea de credito o descubierto | Pequena (10-49) | media ponderada,3.161027,pct_anual,2017-S2,"BCE, encuesta SAFE (ECB Data Portal, dataset SAFE)",https://data.ecb.europa.eu/data/datasets/SAFE/SAFE.SAFE.H.ES.SML.A.0.0.0.Q8B.ZZZZ.NT.AL.WA,2026-09-16,,,tamano_empresa_empleados,nivel,media_ponderada_volumen,serie SAFE.H.ES.SML.A.0.0.0.Q8B.ZZZZ.NT.AL.WA
Espana,linea_credito_circulante,Q8B. Tipo cobrado por la linea de credito o descubierto | Pequena (10-49) | media ponderada,3.577311,pct_anual,2018-S1,"BCE, encuesta SAFE (ECB Data Portal, dataset SAFE)",https://data.ecb.europa.eu/data/datasets/SAFE/SAFE.SAFE.H.ES.SML.A.0.0.0.Q8B.ZZZZ.NT.AL.WA,2026-09-16,,,tamano_empresa_empleados,nivel,media_ponderada_volumen,serie SAFE.H.ES.SML.A.0.0.0.Q8B.ZZZZ.NT.AL.WA
Espana,linea_credito_circulante,Q8B. Tipo cobrado por la linea de credito o descubierto | Pequena (10-49) | media ponderada,2.632098,pct_anual,2018-S2,"BCE, encuesta SAFE (ECB Data Portal, dataset SAFE)",https://data.ecb.europa.eu/data/datasets/SAFE/SAFE.SAFE.H.ES.SML.A.0.0.0.Q8B.ZZZZ.NT.AL.WA,2026-09-16,,,tamano_empresa_empleados,nivel,media_ponderada_volumen,serie SAFE.H.ES.SML.A.0.0.0.Q8B.ZZZZ.NT.AL.WA
Espana,linea_credito_circulante,Q8B. Tipo cobrado por la linea de credito o descubierto | Pequena (10-49) | media ponderada,2.308268,pct_anual,2019-S1,"BCE, encuesta SAFE (ECB Data Portal, dataset SAFE)",https://data.ecb.europa.eu/data/datasets/SAFE/SAFE.SAFE.H.ES.SML.A.0.0.0.Q8B.ZZZZ.NT.AL.WA,2026-09-16,,,tamano_empresa_empleados,nivel,media_ponderada_volumen,serie SAFE.H.ES.SML.A.0.0.0.Q8B.ZZZZ.NT.AL.WA
Espana,linea_credito_circulante,Q8B. Tipo cobrado por la linea de credito o descubierto | Pequena (10-49) | media ponderada,2.683313,pct_anual,2019-S2,"BCE, encuesta SAFE (ECB Data Portal, dataset SAFE)",https://data.ecb.europa.eu/data/datasets/SAFE/SAFE.SAFE.H.ES.SML.A.0.0.0.Q8B.ZZZZ.NT.AL.WA,2026-09-16,,,tamano_empresa_empleados,nivel,media_ponderada_volumen,serie SAFE.H.ES.SML.A.0.0.0.Q8B.ZZZZ.NT.AL.WA
Espana,linea_credito_circulante,Q8B. Tipo cobrado por la linea de credito o descubierto | Pequena (10-49) | media ponderada,1.821821,pct_anual,2020-S1,"BCE, encuesta SAFE (ECB Data Portal, dataset SAFE)",https://data.ecb.europa.eu/data/datasets/SAFE/SAFE.SAFE.H.ES.SML.A.0.0.0.Q8B.ZZZZ.NT.AL.WA,2026-09-16,,,tamano_empresa_empleados,nivel,media_ponderada_volumen,serie SAFE.H.ES.SML.A.0.0.0.Q8B.ZZZZ.NT.AL.WA
Espana,linea_credito_circulante,Q8B. Tipo cobrado por la linea de credito o descubierto | Pequena (10-49) | media ponderada,1.844912,pct_anual,2020-S2,"BCE, encuesta SAFE (ECB Data Portal, dataset SAFE)",https://data.ecb.europa.eu/data/datasets/SAFE/SAFE.SAFE.H.ES.SML.A.0.0.0.Q8B.ZZZZ.NT.AL.WA,2026-09-16,,,tamano_empresa_empleados,nivel,media_ponderada_volumen,serie SAFE.H.ES.SML.A.0.0.0.Q8B.ZZZZ.NT.AL.WA
Espana,linea_credito_circulante,Q8B. Tipo cobrado por la linea de credito o descubierto | Pequena (10-49) | media ponderada,2.070843,pct_anual,2021-S1,"BCE, encuesta SAFE (ECB Data Portal, dataset SAFE)",https://data.ecb.europa.eu/data/datasets/SAFE/SAFE.SAFE.H.ES.SML.A.0.0.0.Q8B.ZZZZ.NT.AL.WA,2026-09-16,,,tamano_empresa_empleados,nivel,media_ponderada_volumen,serie SAFE.H.ES.SML.A.0.0.0.Q8B.ZZZZ.NT.AL.WA
Espana,linea_credito_circulante,Q8B. Tipo cobrado por la linea de credito o descubierto | Pequena (10-49) | media ponderada,2.750654,pct_anual,2021-S2,"BCE, encuesta SAFE (ECB Data Portal, dataset SAFE)",https://data.ecb.europa.eu/data/datasets/SAFE/SAFE.SAFE.H.ES.SML.A.0.0.0.Q8B.ZZZZ.NT.AL.WA,2026-09-16,,,tamano_empresa_empleados,nivel,media_ponderada_volumen,serie SAFE.H.ES.SML.A.0.0.0.Q8B.ZZZZ.NT.AL.WA
Espana,linea_credito_circulante,Q8B. Tipo cobrado por la linea de credito o descubierto | Pequena (10-49) | media ponderada,2.556929,pct_anual,2022-S1,"BCE, encuesta SAFE (ECB Data Portal, dataset SAFE)",https://data.ecb.europa.eu/data/datasets/SAFE/SAFE.SAFE.H.ES.SML.A.0.0.0.Q8B.ZZZZ.NT.AL.WA,2026-09-16,,,tamano_empresa_empleados,nivel,media_ponderada_volumen,serie SAFE.H.ES.SML.A.0.0.0.Q8B.ZZZZ.NT.AL.WA
Espana,linea_credito_circulante,Q8B. Tipo cobrado por la linea de credito o descubierto | Pequena (10-49) | mediana ponderada,5.75,pct_anual,2014-S1,"BCE, encuesta SAFE (ECB Data Portal, dataset SAFE)",https://data.ecb.europa.eu/data/datasets/SAFE/SAFE.SAFE.H.ES.SML.A.0.0.0.Q8B.ZZZZ.NT.AL.WM,2026-09-16,,,tamano_empresa_empleados,nivel,dato_unico,serie SAFE.H.ES.SML.A.0.0.0.Q8B.ZZZZ.NT.AL.WM
Espana,linea_credito_circulante,Q8B. Tipo cobrado por la linea de credito o descubierto | Pequena (10-49) | mediana ponderada,4.5,pct_anual,2014-S2,"BCE, encuesta SAFE (ECB Data Portal, dataset SAFE)",https://data.ecb.europa.eu/data/datasets/SAFE/SAFE.SAFE.H.ES.SML.A.0.0.0.Q8B.ZZZZ.NT.AL.WM,2026-09-16,,,tamano_empresa_empleados,nivel,dato_unico,serie SAFE.H.ES.SML.A.0.0.0.Q8B.ZZZZ.NT.AL.WM
Espana,linea_credito_circulante,Q8B. Tipo cobrado por la linea de credito o descubierto | Pequena (10-49) | mediana ponderada,3.051133,pct_anual,2015-S1,"BCE, encuesta SAFE (ECB Data Portal, dataset SAFE)",https://data.ecb.europa.eu/data/datasets/SAFE/SAFE.SAFE.H.ES.SML.A.0.0.0.Q8B.ZZZZ.NT.AL.WM,2026-09-16,,,tamano_empresa_empleados,nivel,dato_unico,serie SAFE.H.ES.SML.A.0.0.0.Q8B.ZZZZ.NT.AL.WM
Espana,linea_credito_circulante,Q8B. Tipo cobrado por la linea de credito o descubierto | Pequena (10-49) | mediana ponderada,2.545911,pct_anual,2015-S2,"BCE, encuesta SAFE (ECB Data Portal, dataset SAFE)",https://data.ecb.europa.eu/data/datasets/SAFE/SAFE.SAFE.H.ES.SML.A.0.0.0.Q8B.ZZZZ.NT.AL.WM,2026-09-16,,,tamano_empresa_empleados,nivel,dato_unico,serie SAFE.H.ES.SML.A.0.0.0.Q8B.ZZZZ.NT.AL.WM
Espana,linea_credito_circulante,Q8B. Tipo cobrado por la linea de credito o descubierto | Pequena (10-49) | mediana ponderada,2.614701,pct_anual,2016-S1,"BCE, encuesta SAFE (ECB Data Portal, dataset SAFE)",https://data.ecb.europa.eu/data/datasets/SAFE/SAFE.SAFE.H.ES.SML.A.0.0.0.Q8B.ZZZZ.NT.AL.WM,2026-09-16,,,tamano_empresa_empleados,nivel,dato_unico,serie SAFE.H.ES.SML.A.0.0.0.Q8B.ZZZZ.NT.AL.WM
Espana,linea_credito_circulante,Q8B. Tipo cobrado por la linea de credito o descubierto | Pequena (10-49) | mediana ponderada,1.95,pct_anual,2016-S2,"BCE, encuesta SAFE (ECB Data Portal, dataset SAFE)",https://data.ecb.europa.eu/data/datasets/SAFE/SAFE.SAFE.H.ES.SML.A.0.0.0.Q8B.ZZZZ.NT.AL.WM,2026-09-16,,,tamano_empresa_empleados,nivel,dato_unico,serie SAFE.H.ES.SML.A.0.0.0.Q8B.ZZZZ.NT.AL.WM
Espana,linea_credito_circulante,Q8B. Tipo cobrado por la linea de credito o descubierto | Pequena (10-49) | mediana ponderada,2.45,pct_anual,2017-S1,"BCE, encuesta SAFE (ECB Data Portal, dataset SAFE)",https://data.ecb.europa.eu/data/datasets/SAFE/SAFE.SAFE.H.ES.SML.A.0.0.0.Q8B.ZZZZ.NT.AL.WM,2026-09-16,,,tamano_empresa_empleados,nivel,dato_unico,serie SAFE.H.ES.SML.A.0.0.0.Q8B.ZZZZ.NT.AL.WM
Espana,linea_credito_circulante,Q8B. Tipo cobrado por la linea de credito o descubierto | Pequena (10-49) | mediana ponderada,2.05,pct_anual,2017-S2,"BCE, encuesta SAFE (ECB Data Portal, dataset SAFE)",https://data.ecb.europa.eu/data/datasets/SAFE/SAFE.SAFE.H.ES.SML.A.0.0.0.Q8B.ZZZZ.NT.AL.WM,2026-09-16,,,tamano_empresa_empleados,nivel,dato_unico,serie SAFE.H.ES.SML.A.0.0.0.Q8B.ZZZZ.NT.AL.WM
Espana,linea_credito_circulante,Q8B. Tipo cobrado por la linea de credito o descubierto | Pequena (10-49) | mediana ponderada,2,pct_anual,2018-S1,"BCE, encuesta SAFE (ECB Data Portal, dataset SAFE)",https://data.ecb.europa.eu/data/datasets/SAFE/SAFE.SAFE.H.ES.SML.A.0.0.0.Q8B.ZZZZ.NT.AL.WM,2026-09-16,,,tamano_empresa_empleados,nivel,dato_unico,serie SAFE.H.ES.SML.A.0.0.0.Q8B.ZZZZ.NT.AL.WM
Espana,linea_credito_circulante,Q8B. Tipo cobrado por la linea de credito o descubierto | Pequena (10-49) | mediana ponderada,2,pct_anual,2018-S2,"BCE, encuesta SAFE (ECB Data Portal, dataset SAFE)",https://data.ecb.europa.eu/data/datasets/SAFE/SAFE.SAFE.H.ES.SML.A.0.0.0.Q8B.ZZZZ.NT.AL.WM,2026-09-16,,,tamano_empresa_empleados,nivel,dato_unico,serie SAFE.H.ES.SML.A.0.0.0.Q8B.ZZZZ.NT.AL.WM
Espana,linea_credito_circulante,Q8B. Tipo cobrado por la linea de credito o descubierto | Pequena (10-49) | mediana ponderada,2.143111,pct_anual,2019-S1,"BCE, encuesta SAFE (ECB Data Portal, dataset SAFE)",https://data.ecb.europa.eu/data/datasets/SAFE/SAFE.SAFE.H.ES.SML.A.0.0.0.Q8B.ZZZZ.NT.AL.WM,2026-09-16,,,tamano_empresa_empleados,nivel,dato_unico,serie SAFE.H.ES.SML.A.0.0.0.Q8B.ZZZZ.NT.AL.WM
Espana,linea_credito_circulante,Q8B. Tipo cobrado por la linea de credito o descubierto | Pequena (10-49) | mediana ponderada,2.15,pct_anual,2019-S2,"BCE, encuesta SAFE (ECB Data Portal, dataset SAFE)",https://data.ecb.europa.eu/data/datasets/SAFE/SAFE.SAFE.H.ES.SML.A.0.0.0.Q8B.ZZZZ.NT.AL.WM,2026-09-16,,,tamano_empresa_empleados,nivel,dato_unico,serie SAFE.H.ES.SML.A.0.0.0.Q8B.ZZZZ.NT.AL.WM
Espana,linea_credito_circulante,Q8B. Tipo cobrado por la linea de credito o descubierto | Pequena (10-49) | mediana ponderada,1.6,pct_anual,2020-S1,"BCE, encuesta SAFE (ECB Data Portal, dataset SAFE)",https://data.ecb.europa.eu/data/datasets/SAFE/SAFE.SAFE.H.ES.SML.A.0.0.0.Q8B.ZZZZ.NT.AL.WM,2026-09-16,,,tamano_empresa_empleados,nivel,dato_unico,serie SAFE.H.ES.SML.A.0.0.0.Q8B.ZZZZ.NT.AL.WM
Espana,linea_credito_circulante,Q8B. Tipo cobrado por la linea de credito o descubierto | Pequena (10-49) | mediana ponderada,1.511173,pct_anual,2020-S2,"BCE, encuesta SAFE (ECB Data Portal, dataset SAFE)",https://data.ecb.europa.eu/data/datasets/SAFE/SAFE.SAFE.H.ES.SML.A.0.0.0.Q8B.ZZZZ.NT.AL.WM,2026-09-16,,,tamano_empresa_empleados,nivel,dato_unico,serie SAFE.H.ES.SML.A.0.0.0.Q8B.ZZZZ.NT.AL.WM
Espana,linea_credito_circulante,Q8B. Tipo cobrado por la linea de credito o descubierto | Pequena (10-49) | mediana ponderada,1.51122,pct_anual,2021-S1,"BCE, encuesta SAFE (ECB Data Portal, dataset SAFE)",https://data.ecb.europa.eu/data/datasets/SAFE/SAFE.SAFE.H.ES.SML.A.0.0.0.Q8B.ZZZZ.NT.AL.WM,2026-09-16,,,tamano_empresa_empleados,nivel,dato_unico,serie SAFE.H.ES.SML.A.0.0.0.Q8B.ZZZZ.NT.AL.WM
Espana,linea_credito_circulante,Q8B. Tipo cobrado por la linea de credito o descubierto | Pequena (10-49) | mediana ponderada,1.75,pct_anual,2021-S2,"BCE, encuesta SAFE (ECB Data Portal, dataset SAFE)",https://data.ecb.europa.eu/data/datasets/SAFE/SAFE.SAFE.H.ES.SML.A.0.0.0.Q8B.ZZZZ.NT.AL.WM,2026-09-16,,,tamano_empresa_empleados,nivel,dato_unico,serie SAFE.H.ES.SML.A.0.0.0.Q8B.ZZZZ.NT.AL.WM
Espana,linea_credito_circulante,Q8B. Tipo cobrado por la linea de credito o descubierto | Pequena (10-49) | mediana ponderada,2.5,pct_anual,2022-S1,"BCE, encuesta SAFE (ECB Data Portal, dataset SAFE)",https://data.ecb.europa.eu/data/datasets/SAFE/SAFE.SAFE.H.ES.SML.A.0.0.0.Q8B.ZZZZ.NT.AL.WM,2026-09-16,,,tamano_empresa_empleados,nivel,dato_unico,serie SAFE.H.ES.SML.A.0.0.0.Q8B.ZZZZ.NT.AL.WM
Espana,linea_credito_circulante,Q8B. Tipo cobrado por la linea de credito o descubierto | Pequena (10-49) | n respuestas (ponderado),70.59651,pct_anual,2014-S1,"BCE, encuesta SAFE (ECB Data Portal, dataset SAFE)",https://data.ecb.europa.eu/data/datasets/SAFE/SAFE.SAFE.H.ES.SML.A.0.0.0.Q8B.ZZZZ.NT.AL.WN,2026-09-16,,,tamano_empresa_empleados,importe,dato_unico,"TAMANO DE MUESTRA, no es una magnitud economica; serie SAFE.H.ES.SML.A.0.0.0.Q8B.ZZZZ.NT.AL.WN"
Espana,linea_credito_circulante,Q8B. Tipo cobrado por la linea de credito o descubierto | Pequena (10-49) | n respuestas (ponderado),65.51817,pct_anual,2014-S2,"BCE, encuesta SAFE (ECB Data Portal, dataset SAFE)",https://data.ecb.europa.eu/data/datasets/SAFE/SAFE.SAFE.H.ES.SML.A.0.0.0.Q8B.ZZZZ.NT.AL.WN,2026-09-16,,,tamano_empresa_empleados,importe,dato_unico,"TAMANO DE MUESTRA, no es una magnitud economica; serie SAFE.H.ES.SML.A.0.0.0.Q8B.ZZZZ.NT.AL.WN"
Espana,linea_credito_circulante,Q8B. Tipo cobrado por la linea de credito o descubierto | Pequena (10-49) | n respuestas (ponderado),58.23986,pct_anual,2015-S1,"BCE, encuesta SAFE (ECB Data Portal, dataset SAFE)",https://data.ecb.europa.eu/data/datasets/SAFE/SAFE.SAFE.H.ES.SML.A.0.0.0.Q8B.ZZZZ.NT.AL.WN,2026-09-16,,,tamano_empresa_empleados,importe,dato_unico,"TAMANO DE MUESTRA, no es una magnitud economica; serie SAFE.H.ES.SML.A.0.0.0.Q8B.ZZZZ.NT.AL.WN"
Espana,linea_credito_circulante,Q8B. Tipo cobrado por la linea de credito o descubierto | Pequena (10-49) | n respuestas (ponderado),77.21133,pct_anual,2015-S2,"BCE, encuesta SAFE (ECB Data Portal, dataset SAFE)",https://data.ecb.europa.eu/data/datasets/SAFE/SAFE.SAFE.H.ES.SML.A.0.0.0.Q8B.ZZZZ.NT.AL.WN,2026-09-16,,,tamano_empresa_empleados,importe,dato_unico,"TAMANO DE MUESTRA, no es una magnitud economica; serie SAFE.H.ES.SML.A.0.0.0.Q8B.ZZZZ.NT.AL.WN"
Espana,linea_credito_circulante,Q8B. Tipo cobrado por la linea de credito o descubierto | Pequena (10-49) | n respuestas (ponderado),52.74252,pct_anual,2016-S1,"BCE, encuesta SAFE (ECB Data Portal, dataset SAFE)",https://data.ecb.europa.eu/data/datasets/SAFE/SAFE.SAFE.H.ES.SML.A.0.0.0.Q8B.ZZZZ.NT.AL.WN,2026-09-16,,,tamano_empresa_empleados,importe,dato_unico,"TAMANO DE MUESTRA, no es una magnitud economica; serie SAFE.H.ES.SML.A.0.0.0.Q8B.ZZZZ.NT.AL.WN"
Espana,linea_credito_circulante,Q8B. Tipo cobrado por la linea de credito o descubierto | Pequena (10-49) | n respuestas (ponderado),68.17298,pct_anual,2016-S2,"BCE, encuesta SAFE (ECB Data Portal, dataset SAFE)",https://data.ecb.europa.eu/data/datasets/SAFE/SAFE.SAFE.H.ES.SML.A.0.0.0.Q8B.ZZZZ.NT.AL.WN,2026-09-16,,,tamano_empresa_empleados,importe,dato_unico,"TAMANO DE MUESTRA, no es una magnitud economica; serie SAFE.H.ES.SML.A.0.0.0.Q8B.ZZZZ.NT.AL.WN"
Espana,linea_credito_circulante,Q8B. Tipo cobrado por la linea de credito o descubierto | Pequena (10-49) | n respuestas (ponderado),48.01218,pct_anual,2017-S1,"BCE, encuesta SAFE (ECB Data Portal, dataset SAFE)",https://data.ecb.europa.eu/data/datasets/SAFE/SAFE.SAFE.H.ES.SML.A.0.0.0.Q8B.ZZZZ.NT.AL.WN,2026-09-16,,,tamano_empresa_empleados,importe,dato_unico,"TAMANO DE MUESTRA, no es una magnitud economica; serie SAFE.H.ES.SML.A.0.0.0.Q8B.ZZZZ.NT.AL.WN"
Espana,linea_credito_circulante,Q8B. Tipo cobrado por la linea de credito o descubierto | Pequena (10-49) | n respuestas (ponderado),53.5218,pct_anual,2017-S2,"BCE, encuesta SAFE (ECB Data Portal, dataset SAFE)",https://data.ecb.europa.eu/data/datasets/SAFE/SAFE.SAFE.H.ES.SML.A.0.0.0.Q8B.ZZZZ.NT.AL.WN,2026-09-16,,,tamano_empresa_empleados,importe,dato_unico,"TAMANO DE MUESTRA, no es una magnitud economica; serie SAFE.H.ES.SML.A.0.0.0.Q8B.ZZZZ.NT.AL.WN"
Espana,linea_credito_circulante,Q8B. Tipo cobrado por la linea de credito o descubierto | Pequena (10-49) | n respuestas (ponderado),53.561,pct_anual,2018-S1,"BCE, encuesta SAFE (ECB Data Portal, dataset SAFE)",https://data.ecb.europa.eu/data/datasets/SAFE/SAFE.SAFE.H.ES.SML.A.0.0.0.Q8B.ZZZZ.NT.AL.WN,2026-09-16,,,tamano_empresa_empleados,importe,dato_unico,"TAMANO DE MUESTRA, no es una magnitud economica; serie SAFE.H.ES.SML.A.0.0.0.Q8B.ZZZZ.NT.AL.WN"
Espana,linea_credito_circulante,Q8B. Tipo cobrado por la linea de credito o descubierto | Pequena (10-49) | n respuestas (ponderado),55.6352,pct_anual,2018-S2,"BCE, encuesta SAFE (ECB Data Portal, dataset SAFE)",https://data.ecb.europa.eu/data/datasets/SAFE/SAFE.SAFE.H.ES.SML.A.0.0.0.Q8B.ZZZZ.NT.AL.WN,2026-09-16,,,tamano_empresa_empleados,importe,dato_unico,"TAMANO DE MUESTRA, no es una magnitud economica; serie SAFE.H.ES.SML.A.0.0.0.Q8B.ZZZZ.NT.AL.WN"
Espana,linea_credito_circulante,Q8B. Tipo cobrado por la linea de credito o descubierto | Pequena (10-49) | n respuestas (ponderado),58.15553,pct_anual,2019-S1,"BCE, encuesta SAFE (ECB Data Portal, dataset SAFE)",https://data.ecb.europa.eu/data/datasets/SAFE/SAFE.SAFE.H.ES.SML.A.0.0.0.Q8B.ZZZZ.NT.AL.WN,2026-09-16,,,tamano_empresa_empleados,importe,dato_unico,"TAMANO DE MUESTRA, no es una magnitud economica; serie SAFE.H.ES.SML.A.0.0.0.Q8B.ZZZZ.NT.AL.WN"
Espana,linea_credito_circulante,Q8B. Tipo cobrado por la linea de credito o descubierto | Pequena (10-49) | n respuestas (ponderado),75.22729,pct_anual,2019-S2,"BCE, encuesta SAFE (ECB Data Portal, dataset SAFE)",https://data.ecb.europa.eu/data/datasets/SAFE/SAFE.SAFE.H.ES.SML.A.0.0.0.Q8B.ZZZZ.NT.AL.WN,2026-09-16,,,tamano_empresa_empleados,importe,dato_unico,"TAMANO DE MUESTRA, no es una magnitud economica; serie SAFE.H.ES.SML.A.0.0.0.Q8B.ZZZZ.NT.AL.WN"
Espana,linea_credito_circulante,Q8B. Tipo cobrado por la linea de credito o descubierto | Pequena (10-49) | n respuestas (ponderado),71.51212,pct_anual,2020-S1,"BCE, encuesta SAFE (ECB Data Portal, dataset SAFE)",https://data.ecb.europa.eu/data/datasets/SAFE/SAFE.SAFE.H.ES.SML.A.0.0.0.Q8B.ZZZZ.NT.AL.WN,2026-09-16,,,tamano_empresa_empleados,importe,dato_unico,"TAMANO DE MUESTRA, no es una magnitud economica; serie SAFE.H.ES.SML.A.0.0.0.Q8B.ZZZZ.NT.AL.WN"
Espana,linea_credito_circulante,Q8B. Tipo cobrado por la linea de credito o descubierto | Pequena (10-49) | n respuestas (ponderado),56.52973,pct_anual,2020-S2,"BCE, encuesta SAFE (ECB Data Portal, dataset SAFE)",https://data.ecb.europa.eu/data/datasets/SAFE/SAFE.SAFE.H.ES.SML.A.0.0.0.Q8B.ZZZZ.NT.AL.WN,2026-09-16,,,tamano_empresa_empleados,importe,dato_unico,"TAMANO DE MUESTRA, no es una magnitud economica; serie SAFE.H.ES.SML.A.0.0.0.Q8B.ZZZZ.NT.AL.WN"
Espana,linea_credito_circulante,Q8B. Tipo cobrado por la linea de credito o descubierto | Pequena (10-49) | n respuestas (ponderado),36.04907,pct_anual,2021-S1,"BCE, encuesta SAFE (ECB Data Portal, dataset SAFE)",https://data.ecb.europa.eu/data/datasets/SAFE/SAFE.SAFE.H.ES.SML.A.0.0.0.Q8B.ZZZZ.NT.AL.WN,2026-09-16,,,tamano_empresa_empleados,importe,dato_unico,"TAMANO DE MUESTRA, no es una magnitud economica; serie SAFE.H.ES.SML.A.0.0.0.Q8B.ZZZZ.NT.AL.WN"
Espana,linea_credito_circulante,Q8B. Tipo cobrado por la linea de credito o descubierto | Pequena (10-49) | n respuestas (ponderado),39.81991,pct_anual,2021-S2,"BCE, encuesta SAFE (ECB Data Portal, dataset SAFE)",https://data.ecb.europa.eu/data/datasets/SAFE/SAFE.SAFE.H.ES.SML.A.0.0.0.Q8B.ZZZZ.NT.AL.WN,2026-09-16,,,tamano_empresa_empleados,importe,dato_unico,"TAMANO DE MUESTRA, no es una magnitud economica; serie SAFE.H.ES.SML.A.0.0.0.Q8B.ZZZZ.NT.AL.WN"
Espana,linea_credito_circulante,Q8B. Tipo cobrado por la linea de credito o descubierto | Pequena (10-49) | n respuestas (ponderado),28.61929,pct_anual,2022-S1,"BCE, encuesta SAFE (ECB Data Portal, dataset SAFE)",https://data.ecb.europa.eu/data/datasets/SAFE/SAFE.SAFE.H.ES.SML.A.0.0.0.Q8B.ZZZZ.NT.AL.WN,2026-09-16,,,tamano_empresa_empleados,importe,dato_unico,"TAMANO DE MUESTRA, no es una magnitud economica; serie SAFE.H.ES.SML.A.0.0.0.Q8B.ZZZZ.NT.AL.WN"
Espana,linea_credito_circulante,Q8B. Tipo cobrado por la linea de credito o descubierto | Mediana (50-249) | n respuestas (sin ponderar),59,pct_anual,2014-S1,"BCE, encuesta SAFE (ECB Data Portal, dataset SAFE)",https://data.ecb.europa.eu/data/datasets/SAFE/SAFE.SAFE.H.ES.MED.A.0.0.0.Q8B.ZZZZ.NT.AL.UN,2026-09-16,,,tamano_empresa_empleados,importe,dato_unico,"TAMANO DE MUESTRA, no es una magnitud economica; serie SAFE.H.ES.MED.A.0.0.0.Q8B.ZZZZ.NT.AL.UN"
Espana,linea_credito_circulante,Q8B. Tipo cobrado por la linea de credito o descubierto | Mediana (50-249) | n respuestas (sin ponderar),77,pct_anual,2014-S2,"BCE, encuesta SAFE (ECB Data Portal, dataset SAFE)",https://data.ecb.europa.eu/data/datasets/SAFE/SAFE.SAFE.H.ES.MED.A.0.0.0.Q8B.ZZZZ.NT.AL.UN,2026-09-16,,,tamano_empresa_empleados,importe,dato_unico,"TAMANO DE MUESTRA, no es una magnitud economica; serie SAFE.H.ES.MED.A.0.0.0.Q8B.ZZZZ.NT.AL.UN"
Espana,linea_credito_circulante,Q8B. Tipo cobrado por la linea de credito o descubierto | Mediana (50-249) | n respuestas (sin ponderar),71,pct_anual,2015-S1,"BCE, encuesta SAFE (ECB Data Portal, dataset SAFE)",https://data.ecb.europa.eu/data/datasets/SAFE/SAFE.SAFE.H.ES.MED.A.0.0.0.Q8B.ZZZZ.NT.AL.UN,2026-09-16,,,tamano_empresa_empleados,importe,dato_unico,"TAMANO DE MUESTRA, no es una magnitud economica; serie SAFE.H.ES.MED.A.0.0.0.Q8B.ZZZZ.NT.AL.UN"
Espana,linea_credito_circulante,Q8B. Tipo cobrado por la linea de credito o descubierto | Mediana (50-249) | n respuestas (sin ponderar),82,pct_anual,2015-S2,"BCE, encuesta SAFE (ECB Data Portal, dataset SAFE)",https://data.ecb.europa.eu/data/datasets/SAFE/SAFE.SAFE.H.ES.MED.A.0.0.0.Q8B.ZZZZ.NT.AL.UN,2026-09-16,,,tamano_empresa_empleados,importe,dato_unico,"TAMANO DE MUESTRA, no es una magnitud economica; serie SAFE.H.ES.MED.A.0.0.0.Q8B.ZZZZ.NT.AL.UN"
Espana,linea_credito_circulante,Q8B. Tipo cobrado por la linea de credito o descubierto | Mediana (50-249) | n respuestas (sin ponderar),64,pct_anual,2016-S1,"BCE, encuesta SAFE (ECB Data Portal, dataset SAFE)",https://data.ecb.europa.eu/data/datasets/SAFE/SAFE.SAFE.H.ES.MED.A.0.0.0.Q8B.ZZZZ.NT.AL.UN,2026-09-16,,,tamano_empresa_empleados,importe,dato_unico,"TAMANO DE MUESTRA, no es una magnitud economica; serie SAFE.H.ES.MED.A.0.0.0.Q8B.ZZZZ.NT.AL.UN"
Espana,linea_credito_circulante,Q8B. Tipo cobrado por la linea de credito o descubierto | Mediana (50-249) | n respuestas (sin ponderar),99,pct_anual,2016-S2,"BCE, encuesta SAFE (ECB Data Portal, dataset SAFE)",https://data.ecb.europa.eu/data/datasets/SAFE/SAFE.SAFE.H.ES.MED.A.0.0.0.Q8B.ZZZZ.NT.AL.UN,2026-09-16,,,tamano_empresa_empleados,importe,dato_unico,"TAMANO DE MUESTRA, no es una magnitud economica; serie SAFE.H.ES.MED.A.0.0.0.Q8B.ZZZZ.NT.AL.UN"
Espana,linea_credito_circulante,Q8B. Tipo cobrado por la linea de credito o descubierto | Mediana (50-249) | n respuestas (sin ponderar),65,pct_anual,2017-S1,"BCE, encuesta SAFE (ECB Data Portal, dataset SAFE)",https://data.ecb.europa.eu/data/datasets/SAFE/SAFE.SAFE.H.ES.MED.A.0.0.0.Q8B.ZZZZ.NT.AL.UN,2026-09-16,,,tamano_empresa_empleados,importe,dato_unico,"TAMANO DE MUESTRA, no es una magnitud economica; serie SAFE.H.ES.MED.A.0.0.0.Q8B.ZZZZ.NT.AL.UN"
Espana,linea_credito_circulante,Q8B. Tipo cobrado por la linea de credito o descubierto | Mediana (50-249) | n respuestas (sin ponderar),78,pct_anual,2017-S2,"BCE, encuesta SAFE (ECB Data Portal, dataset SAFE)",https://data.ecb.europa.eu/data/datasets/SAFE/SAFE.SAFE.H.ES.MED.A.0.0.0.Q8B.ZZZZ.NT.AL.UN,2026-09-16,,,tamano_empresa_empleados,importe,dato_unico,"TAMANO DE MUESTRA, no es una magnitud economica; serie SAFE.H.ES.MED.A.0.0.0.Q8B.ZZZZ.NT.AL.UN"
Espana,linea_credito_circulante,Q8B. Tipo cobrado por la linea de credito o descubierto | Mediana (50-249) | n respuestas (sin ponderar),76,pct_anual,2018-S1,"BCE, encuesta SAFE (ECB Data Portal, dataset SAFE)",https://data.ecb.europa.eu/data/datasets/SAFE/SAFE.SAFE.H.ES.MED.A.0.0.0.Q8B.ZZZZ.NT.AL.UN,2026-09-16,,,tamano_empresa_empleados,importe,dato_unico,"TAMANO DE MUESTRA, no es una magnitud economica; serie SAFE.H.ES.MED.A.0.0.0.Q8B.ZZZZ.NT.AL.UN"
Espana,linea_credito_circulante,Q8B. Tipo cobrado por la linea de credito o descubierto | Mediana (50-249) | n respuestas (sin ponderar),78,pct_anual,2018-S2,"BCE, encuesta SAFE (ECB Data Portal, dataset SAFE)",https://data.ecb.europa.eu/data/datasets/SAFE/SAFE.SAFE.H.ES.MED.A.0.0.0.Q8B.ZZZZ.NT.AL.UN,2026-09-16,,,tamano_empresa_empleados,importe,dato_unico,"TAMANO DE MUESTRA, no es una magnitud economica; serie SAFE.H.ES.MED.A.0.0.0.Q8B.ZZZZ.NT.AL.UN"
Espana,linea_credito_circulante,Q8B. Tipo cobrado por la linea de credito o descubierto | Mediana (50-249) | n respuestas (sin ponderar),52,pct_anual,2019-S1,"BCE, encuesta SAFE (ECB Data Portal, dataset SAFE)",https://data.ecb.europa.eu/data/datasets/SAFE/SAFE.SAFE.H.ES.MED.A.0.0.0.Q8B.ZZZZ.NT.AL.UN,2026-09-16,,,tamano_empresa_empleados,importe,dato_unico,"TAMANO DE MUESTRA, no es una magnitud economica; serie SAFE.H.ES.MED.A.0.0.0.Q8B.ZZZZ.NT.AL.UN"
Espana,linea_credito_circulante,Q8B. Tipo cobrado por la linea de credito o descubierto | Mediana (50-249) | n respuestas (sin ponderar),74,pct_anual,2019-S2,"BCE, encuesta SAFE (ECB Data Portal, dataset SAFE)",https://data.ecb.europa.eu/data/datasets/SAFE/SAFE.SAFE.H.ES.MED.A.0.0.0.Q8B.ZZZZ.NT.AL.UN,2026-09-16,,,tamano_empresa_empleados,importe,dato_unico,"TAMANO DE MUESTRA, no es una magnitud economica; serie SAFE.H.ES.MED.A.0.0.0.Q8B.ZZZZ.NT.AL.UN"
Espana,linea_credito_circulante,Q8B. Tipo cobrado por la linea de credito o descubierto | Mediana (50-249) | n respuestas (sin ponderar),79,pct_anual,2020-S1,"BCE, encuesta SAFE (ECB Data Portal, dataset SAFE)",https://data.ecb.europa.eu/data/datasets/SAFE/SAFE.SAFE.H.ES.MED.A.0.0.0.Q8B.ZZZZ.NT.AL.UN,2026-09-16,,,tamano_empresa_empleados,importe,dato_unico,"TAMANO DE MUESTRA, no es una magnitud economica; serie SAFE.H.ES.MED.A.0.0.0.Q8B.ZZZZ.NT.AL.UN"
Espana,linea_credito_circulante,Q8B. Tipo cobrado por la linea de credito o descubierto | Mediana (50-249) | n respuestas (sin ponderar),67,pct_anual,2020-S2,"BCE, encuesta SAFE (ECB Data Portal, dataset SAFE)",https://data.ecb.europa.eu/data/datasets/SAFE/SAFE.SAFE.H.ES.MED.A.0.0.0.Q8B.ZZZZ.NT.AL.UN,2026-09-16,,,tamano_empresa_empleados,importe,dato_unico,"TAMANO DE MUESTRA, no es una magnitud economica; serie SAFE.H.ES.MED.A.0.0.0.Q8B.ZZZZ.NT.AL.UN"
Espana,linea_credito_circulante,Q8B. Tipo cobrado por la linea de credito o descubierto | Mediana (50-249) | n respuestas (sin ponderar),48,pct_anual,2021-S1,"BCE, encuesta SAFE (ECB Data Portal, dataset SAFE)",https://data.ecb.europa.eu/data/datasets/SAFE/SAFE.SAFE.H.ES.MED.A.0.0.0.Q8B.ZZZZ.NT.AL.UN,2026-09-16,,,tamano_empresa_empleados,importe,dato_unico,"TAMANO DE MUESTRA, no es una magnitud economica; serie SAFE.H.ES.MED.A.0.0.0.Q8B.ZZZZ.NT.AL.UN"
Espana,linea_credito_circulante,Q8B. Tipo cobrado por la linea de credito o descubierto | Mediana (50-249) | n respuestas (sin ponderar),50,pct_anual,2021-S2,"BCE, encuesta SAFE (ECB Data Portal, dataset SAFE)",https://data.ecb.europa.eu/data/datasets/SAFE/SAFE.SAFE.H.ES.MED.A.0.0.0.Q8B.ZZZZ.NT.AL.UN,2026-09-16,,,tamano_empresa_empleados,importe,dato_unico,"TAMANO DE MUESTRA, no es una magnitud economica; serie SAFE.H.ES.MED.A.0.0.0.Q8B.ZZZZ.NT.AL.UN"
Espana,linea_credito_circulante,Q8B. Tipo cobrado por la linea de credito o descubierto | Mediana (50-249) | n respuestas (sin ponderar),49,pct_anual,2022-S1,"BCE, encuesta SAFE (ECB Data Portal, dataset SAFE)",https://data.ecb.europa.eu/data/datasets/SAFE/SAFE.SAFE.H.ES.MED.A.0.0.0.Q8B.ZZZZ.NT.AL.UN,2026-09-16,,,tamano_empresa_empleados,importe,dato_unico,"TAMANO DE MUESTRA, no es una magnitud economica; serie SAFE.H.ES.MED.A.0.0.0.Q8B.ZZZZ.NT.AL.UN"
Espana,linea_credito_circulante,Q8B. Tipo cobrado por la linea de credito o descubierto | Mediana (50-249) | media ponderada,4.230945,pct_anual,2014-S1,"BCE, encuesta SAFE (ECB Data Portal, dataset SAFE)",https://data.ecb.europa.eu/data/datasets/SAFE/SAFE.SAFE.H.ES.MED.A.0.0.0.Q8B.ZZZZ.NT.AL.WA,2026-09-16,,,tamano_empresa_empleados,nivel,media_ponderada_volumen,serie SAFE.H.ES.MED.A.0.0.0.Q8B.ZZZZ.NT.AL.WA
Espana,linea_credito_circulante,Q8B. Tipo cobrado por la linea de credito o descubierto | Mediana (50-249) | media ponderada,4.174243,pct_anual,2014-S2,"BCE, encuesta SAFE (ECB Data Portal, dataset SAFE)",https://data.ecb.europa.eu/data/datasets/SAFE/SAFE.SAFE.H.ES.MED.A.0.0.0.Q8B.ZZZZ.NT.AL.WA,2026-09-16,,,tamano_empresa_empleados,nivel,media_ponderada_volumen,serie SAFE.H.ES.MED.A.0.0.0.Q8B.ZZZZ.NT.AL.WA
Espana,linea_credito_circulante,Q8B. Tipo cobrado por la linea de credito o descubierto | Mediana (50-249) | media ponderada,3.015829,pct_anual,2015-S1,"BCE, encuesta SAFE (ECB Data Portal, dataset SAFE)",https://data.ecb.europa.eu/data/datasets/SAFE/SAFE.SAFE.H.ES.MED.A.0.0.0.Q8B.ZZZZ.NT.AL.WA,2026-09-16,,,tamano_empresa_empleados,nivel,media_ponderada_volumen,serie SAFE.H.ES.MED.A.0.0.0.Q8B.ZZZZ.NT.AL.WA
Espana,linea_credito_circulante,Q8B. Tipo cobrado por la linea de credito o descubierto | Mediana (50-249) | media ponderada,2.290512,pct_anual,2015-S2,"BCE, encuesta SAFE (ECB Data Portal, dataset SAFE)",https://data.ecb.europa.eu/data/datasets/SAFE/SAFE.SAFE.H.ES.MED.A.0.0.0.Q8B.ZZZZ.NT.AL.WA,2026-09-16,,,tamano_empresa_empleados,nivel,media_ponderada_volumen,serie SAFE.H.ES.MED.A.0.0.0.Q8B.ZZZZ.NT.AL.WA
Espana,linea_credito_circulante,Q8B. Tipo cobrado por la linea de credito o descubierto | Mediana (50-249) | media ponderada,1.858249,pct_anual,2016-S1,"BCE, encuesta SAFE (ECB Data Portal, dataset SAFE)",https://data.ecb.europa.eu/data/datasets/SAFE/SAFE.SAFE.H.ES.MED.A.0.0.0.Q8B.ZZZZ.NT.AL.WA,2026-09-16,,,tamano_empresa_empleados,nivel,media_ponderada_volumen,serie SAFE.H.ES.MED.A.0.0.0.Q8B.ZZZZ.NT.AL.WA
Espana,linea_credito_circulante,Q8B. Tipo cobrado por la linea de credito o descubierto | Mediana (50-249) | media ponderada,1.967583,pct_anual,2016-S2,"BCE, encuesta SAFE (ECB Data Portal, dataset SAFE)",https://data.ecb.europa.eu/data/datasets/SAFE/SAFE.SAFE.H.ES.MED.A.0.0.0.Q8B.ZZZZ.NT.AL.WA,2026-09-16,,,tamano_empresa_empleados,nivel,media_ponderada_volumen,serie SAFE.H.ES.MED.A.0.0.0.Q8B.ZZZZ.NT.AL.WA
Espana,linea_credito_circulante,Q8B. Tipo cobrado por la linea de credito o descubierto | Mediana (50-249) | media ponderada,1.907073,pct_anual,2017-S1,"BCE, encuesta SAFE (ECB Data Portal, dataset SAFE)",https://data.ecb.europa.eu/data/datasets/SAFE/SAFE.SAFE.H.ES.MED.A.0.0.0.Q8B.ZZZZ.NT.AL.WA,2026-09-16,,,tamano_empresa_empleados,nivel,media_ponderada_volumen,serie SAFE.H.ES.MED.A.0.0.0.Q8B.ZZZZ.NT.AL.WA
Espana,linea_credito_circulante,Q8B. Tipo cobrado por la linea de credito o descubierto | Mediana (50-249) | media ponderada,2.406332,pct_anual,2017-S2,"BCE, encuesta SAFE (ECB Data Portal, dataset SAFE)",https://data.ecb.europa.eu/data/datasets/SAFE/SAFE.SAFE.H.ES.MED.A.0.0.0.Q8B.ZZZZ.NT.AL.WA,2026-09-16,,,tamano_empresa_empleados,nivel,media_ponderada_volumen,serie SAFE.H.ES.MED.A.0.0.0.Q8B.ZZZZ.NT.AL.WA
Espana,linea_credito_circulante,Q8B. Tipo cobrado por la linea de credito o descubierto | Mediana (50-249) | media ponderada,2.271336,pct_anual,2018-S1,"BCE, encuesta SAFE (ECB Data Portal, dataset SAFE)",https://data.ecb.europa.eu/data/datasets/SAFE/SAFE.SAFE.H.ES.MED.A.0.0.0.Q8B.ZZZZ.NT.AL.WA,2026-09-16,,,tamano_empresa_empleados,nivel,media_ponderada_volumen,serie SAFE.H.ES.MED.A.0.0.0.Q8B.ZZZZ.NT.AL.WA
Espana,linea_credito_circulante,Q8B. Tipo cobrado por la linea de credito o descubierto | Mediana (50-249) | media ponderada,2.020931,pct_anual,2018-S2,"BCE, encuesta SAFE (ECB Data Portal, dataset SAFE)",https://data.ecb.europa.eu/data/datasets/SAFE/SAFE.SAFE.H.ES.MED.A.0.0.0.Q8B.ZZZZ.NT.AL.WA,2026-09-16,,,tamano_empresa_empleados,nivel,media_ponderada_volumen,serie SAFE.H.ES.MED.A.0.0.0.Q8B.ZZZZ.NT.AL.WA
Espana,linea_credito_circulante,Q8B. Tipo cobrado por la linea de credito o descubierto | Mediana (50-249) | media ponderada,1.541745,pct_anual,2019-S1,"BCE, encuesta SAFE (ECB Data Portal, dataset SAFE)",https://data.ecb.europa.eu/data/datasets/SAFE/SAFE.SAFE.H.ES.MED.A.0.0.0.Q8B.ZZZZ.NT.AL.WA,2026-09-16,,,tamano_empresa_empleados,nivel,media_ponderada_volumen,serie SAFE.H.ES.MED.A.0.0.0.Q8B.ZZZZ.NT.AL.WA
Espana,linea_credito_circulante,Q8B. Tipo cobrado por la linea de credito o descubierto | Mediana (50-249) | media ponderada,2.003169,pct_anual,2019-S2,"BCE, encuesta SAFE (ECB Data Portal, dataset SAFE)",https://data.ecb.europa.eu/data/datasets/SAFE/SAFE.SAFE.H.ES.MED.A.0.0.0.Q8B.ZZZZ.NT.AL.WA,2026-09-16,,,tamano_empresa_empleados,nivel,media_ponderada_volumen,serie SAFE.H.ES.MED.A.0.0.0.Q8B.ZZZZ.NT.AL.WA
Espana,linea_credito_circulante,Q8B. Tipo cobrado por la linea de credito o descubierto | Mediana (50-249) | media ponderada,1.471936,pct_anual,2020-S1,"BCE, encuesta SAFE (ECB Data Portal, dataset SAFE)",https://data.ecb.europa.eu/data/datasets/SAFE/SAFE.SAFE.H.ES.MED.A.0.0.0.Q8B.ZZZZ.NT.AL.WA,2026-09-16,,,tamano_empresa_empleados,nivel,media_ponderada_volumen,serie SAFE.H.ES.MED.A.0.0.0.Q8B.ZZZZ.NT.AL.WA
Espana,linea_credito_circulante,Q8B. Tipo cobrado por la linea de credito o descubierto | Mediana (50-249) | media ponderada,1.79886,pct_anual,2020-S2,"BCE, encuesta SAFE (ECB Data Portal, dataset SAFE)",https://data.ecb.europa.eu/data/datasets/SAFE/SAFE.SAFE.H.ES.MED.A.0.0.0.Q8B.ZZZZ.NT.AL.WA,2026-09-16,,,tamano_empresa_empleados,nivel,media_ponderada_volumen,serie SAFE.H.ES.MED.A.0.0.0.Q8B.ZZZZ.NT.AL.WA
Espana,linea_credito_circulante,Q8B. Tipo cobrado por la linea de credito o descubierto | Mediana (50-249) | media ponderada,1.420246,pct_anual,2021-S1,"BCE, encuesta SAFE (ECB Data Portal, dataset SAFE)",https://data.ecb.europa.eu/data/datasets/SAFE/SAFE.SAFE.H.ES.MED.A.0.0.0.Q8B.ZZZZ.NT.AL.WA,2026-09-16,,,tamano_empresa_empleados,nivel,media_ponderada_volumen,serie SAFE.H.ES.MED.A.0.0.0.Q8B.ZZZZ.NT.AL.WA
Espana,linea_credito_circulante,Q8B. Tipo cobrado por la linea de credito o descubierto | Mediana (50-249) | media ponderada,1.936389,pct_anual,2021-S2,"BCE, encuesta SAFE (ECB Data Portal, dataset SAFE)",https://data.ecb.europa.eu/data/datasets/SAFE/SAFE.SAFE.H.ES.MED.A.0.0.0.Q8B.ZZZZ.NT.AL.WA,2026-09-16,,,tamano_empresa_empleados,nivel,media_ponderada_volumen,serie SAFE.H.ES.MED.A.0.0.0.Q8B.ZZZZ.NT.AL.WA
Espana,linea_credito_circulante,Q8B. Tipo cobrado por la linea de credito o descubierto | Mediana (50-249) | media ponderada,2.094037,pct_anual,2022-S1,"BCE, encuesta SAFE (ECB Data Portal, dataset SAFE)",https://data.ecb.europa.eu/data/datasets/SAFE/SAFE.SAFE.H.ES.MED.A.0.0.0.Q8B.ZZZZ.NT.AL.WA,2026-09-16,,,tamano_empresa_empleados,nivel,media_ponderada_volumen,serie SAFE.H.ES.MED.A.0.0.0.Q8B.ZZZZ.NT.AL.WA
Espana,linea_credito_circulante,Q8B. Tipo cobrado por la linea de credito o descubierto | Mediana (50-249) | mediana ponderada,4,pct_anual,2014-S1,"BCE, encuesta SAFE (ECB Data Portal, dataset SAFE)",https://data.ecb.europa.eu/data/datasets/SAFE/SAFE.SAFE.H.ES.MED.A.0.0.0.Q8B.ZZZZ.NT.AL.WM,2026-09-16,,,tamano_empresa_empleados,nivel,dato_unico,serie SAFE.H.ES.MED.A.0.0.0.Q8B.ZZZZ.NT.AL.WM
Espana,linea_credito_circulante,Q8B. Tipo cobrado por la linea de credito o descubierto | Mediana (50-249) | mediana ponderada,3,pct_anual,2014-S2,"BCE, encuesta SAFE (ECB Data Portal, dataset SAFE)",https://data.ecb.europa.eu/data/datasets/SAFE/SAFE.SAFE.H.ES.MED.A.0.0.0.Q8B.ZZZZ.NT.AL.WM,2026-09-16,,,tamano_empresa_empleados,nivel,dato_unico,serie SAFE.H.ES.MED.A.0.0.0.Q8B.ZZZZ.NT.AL.WM
Espana,linea_credito_circulante,Q8B. Tipo cobrado por la linea de credito o descubierto | Mediana (50-249) | mediana ponderada,2.15,pct_anual,2015-S1,"BCE, encuesta SAFE (ECB Data Portal, dataset SAFE)",https://data.ecb.europa.eu/data/datasets/SAFE/SAFE.SAFE.H.ES.MED.A.0.0.0.Q8B.ZZZZ.NT.AL.WM,2026-09-16,,,tamano_empresa_empleados,nivel,dato_unico,serie SAFE.H.ES.MED.A.0.0.0.Q8B.ZZZZ.NT.AL.WM
Espana,linea_credito_circulante,Q8B. Tipo cobrado por la linea de credito o descubierto | Mediana (50-249) | mediana ponderada,1.96,pct_anual,2015-S2,"BCE, encuesta SAFE (ECB Data Portal, dataset SAFE)",https://data.ecb.europa.eu/data/datasets/SAFE/SAFE.SAFE.H.ES.MED.A.0.0.0.Q8B.ZZZZ.NT.AL.WM,2026-09-16,,,tamano_empresa_empleados,nivel,dato_unico,serie SAFE.H.ES.MED.A.0.0.0.Q8B.ZZZZ.NT.AL.WM
Espana,linea_credito_circulante,Q8B. Tipo cobrado por la linea de credito o descubierto | Mediana (50-249) | mediana ponderada,1.75,pct_anual,2016-S1,"BCE, encuesta SAFE (ECB Data Portal, dataset SAFE)",https://data.ecb.europa.eu/data/datasets/SAFE/SAFE.SAFE.H.ES.MED.A.0.0.0.Q8B.ZZZZ.NT.AL.WM,2026-09-16,,,tamano_empresa_empleados,nivel,dato_unico,serie SAFE.H.ES.MED.A.0.0.0.Q8B.ZZZZ.NT.AL.WM
Espana,linea_credito_circulante,Q8B. Tipo cobrado por la linea de credito o descubierto | Mediana (50-249) | mediana ponderada,1.573906,pct_anual,2016-S2,"BCE, encuesta SAFE (ECB Data Portal, dataset SAFE)",https://data.ecb.europa.eu/data/datasets/SAFE/SAFE.SAFE.H.ES.MED.A.0.0.0.Q8B.ZZZZ.NT.AL.WM,2026-09-16,,,tamano_empresa_empleados,nivel,dato_unico,serie SAFE.H.ES.MED.A.0.0.0.Q8B.ZZZZ.NT.AL.WM
Espana,linea_credito_circulante,Q8B. Tipo cobrado por la linea de credito o descubierto | Mediana (50-249) | mediana ponderada,1.27021,pct_anual,2017-S1,"BCE, encuesta SAFE (ECB Data Portal, dataset SAFE)",https://data.ecb.europa.eu/data/datasets/SAFE/SAFE.SAFE.H.ES.MED.A.0.0.0.Q8B.ZZZZ.NT.AL.WM,2026-09-16,,,tamano_empresa_empleados,nivel,dato_unico,serie SAFE.H.ES.MED.A.0.0.0.Q8B.ZZZZ.NT.AL.WM
Espana,linea_credito_circulante,Q8B. Tipo cobrado por la linea de credito o descubierto | Mediana (50-249) | mediana ponderada,1.75,pct_anual,2017-S2,"BCE, encuesta SAFE (ECB Data Portal, dataset SAFE)",https://data.ecb.europa.eu/data/datasets/SAFE/SAFE.SAFE.H.ES.MED.A.0.0.0.Q8B.ZZZZ.NT.AL.WM,2026-09-16,,,tamano_empresa_empleados,nivel,dato_unico,serie SAFE.H.ES.MED.A.0.0.0.Q8B.ZZZZ.NT.AL.WM
Espana,linea_credito_circulante,Q8B. Tipo cobrado por la linea de credito o descubierto | Mediana (50-249) | mediana ponderada,1.677616,pct_anual,2018-S1,"BCE, encuesta SAFE (ECB Data Portal, dataset SAFE)",https://data.ecb.europa.eu/data/datasets/SAFE/SAFE.SAFE.H.ES.MED.A.0.0.0.Q8B.ZZZZ.NT.AL.WM,2026-09-16,,,tamano_empresa_empleados,nivel,dato_unico,serie SAFE.H.ES.MED.A.0.0.0.Q8B.ZZZZ.NT.AL.WM
Espana,linea_credito_circulante,Q8B. Tipo cobrado por la linea de credito o descubierto | Mediana (50-249) | mediana ponderada,1.31,pct_anual,2018-S2,"BCE, encuesta SAFE (ECB Data Portal, dataset SAFE)",https://data.ecb.europa.eu/data/datasets/SAFE/SAFE.SAFE.H.ES.MED.A.0.0.0.Q8B.ZZZZ.NT.AL.WM,2026-09-16,,,tamano_empresa_empleados,nivel,dato_unico,serie SAFE.H.ES.MED.A.0.0.0.Q8B.ZZZZ.NT.AL.WM
Espana,linea_credito_circulante,Q8B. Tipo cobrado por la linea de credito o descubierto | Mediana (50-249) | mediana ponderada,1.264153,pct_anual,2019-S1,"BCE, encuesta SAFE (ECB Data Portal, dataset SAFE)",https://data.ecb.europa.eu/data/datasets/SAFE/SAFE.SAFE.H.ES.MED.A.0.0.0.Q8B.ZZZZ.NT.AL.WM,2026-09-16,,,tamano_empresa_empleados,nivel,dato_unico,serie SAFE.H.ES.MED.A.0.0.0.Q8B.ZZZZ.NT.AL.WM
Espana,linea_credito_circulante,Q8B. Tipo cobrado por la linea de credito o descubierto | Mediana (50-249) | mediana ponderada,1.5,pct_anual,2019-S2,"BCE, encuesta SAFE (ECB Data Portal, dataset SAFE)",https://data.ecb.europa.eu/data/datasets/SAFE/SAFE.SAFE.H.ES.MED.A.0.0.0.Q8B.ZZZZ.NT.AL.WM,2026-09-16,,,tamano_empresa_empleados,nivel,dato_unico,serie SAFE.H.ES.MED.A.0.0.0.Q8B.ZZZZ.NT.AL.WM
Espana,linea_credito_circulante,Q8B. Tipo cobrado por la linea de credito o descubierto | Mediana (50-249) | mediana ponderada,1.5,pct_anual,2020-S1,"BCE, encuesta SAFE (ECB Data Portal, dataset SAFE)",https://data.ecb.europa.eu/data/datasets/SAFE/SAFE.SAFE.H.ES.MED.A.0.0.0.Q8B.ZZZZ.NT.AL.WM,2026-09-16,,,tamano_empresa_empleados,nivel,dato_unico,serie SAFE.H.ES.MED.A.0.0.0.Q8B.ZZZZ.NT.AL.WM
Espana,linea_credito_circulante,Q8B. Tipo cobrado por la linea de credito o descubierto | Mediana (50-249) | mediana ponderada,1.5,pct_anual,2020-S2,"BCE, encuesta SAFE (ECB Data Portal, dataset SAFE)",https://data.ecb.europa.eu/data/datasets/SAFE/SAFE.SAFE.H.ES.MED.A.0.0.0.Q8B.ZZZZ.NT.AL.WM,2026-09-16,,,tamano_empresa_empleados,nivel,dato_unico,serie SAFE.H.ES.MED.A.0.0.0.Q8B.ZZZZ.NT.AL.WM
Espana,linea_credito_circulante,Q8B. Tipo cobrado por la linea de credito o descubierto | Mediana (50-249) | mediana ponderada,1.26122,pct_anual,2021-S1,"BCE, encuesta SAFE (ECB Data Portal, dataset SAFE)",https://data.ecb.europa.eu/data/datasets/SAFE/SAFE.SAFE.H.ES.MED.A.0.0.0.Q8B.ZZZZ.NT.AL.WM,2026-09-16,,,tamano_empresa_empleados,nivel,dato_unico,serie SAFE.H.ES.MED.A.0.0.0.Q8B.ZZZZ.NT.AL.WM
Espana,linea_credito_circulante,Q8B. Tipo cobrado por la linea de credito o descubierto | Mediana (50-249) | mediana ponderada,1.3,pct_anual,2021-S2,"BCE, encuesta SAFE (ECB Data Portal, dataset SAFE)",https://data.ecb.europa.eu/data/datasets/SAFE/SAFE.SAFE.H.ES.MED.A.0.0.0.Q8B.ZZZZ.NT.AL.WM,2026-09-16,,,tamano_empresa_empleados,nivel,dato_unico,serie SAFE.H.ES.MED.A.0.0.0.Q8B.ZZZZ.NT.AL.WM
Espana,linea_credito_circulante,Q8B. Tipo cobrado por la linea de credito o descubierto | Mediana (50-249) | mediana ponderada,2.282109,pct_anual,2022-S1,"BCE, encuesta SAFE (ECB Data Portal, dataset SAFE)",https://data.ecb.europa.eu/data/datasets/SAFE/SAFE.SAFE.H.ES.MED.A.0.0.0.Q8B.ZZZZ.NT.AL.WM,2026-09-16,,,tamano_empresa_empleados,nivel,dato_unico,serie SAFE.H.ES.MED.A.0.0.0.Q8B.ZZZZ.NT.AL.WM
Espana,linea_credito_circulante,Q8B. Tipo cobrado por la linea de credito o descubierto | Mediana (50-249) | n respuestas (ponderado),41.10233,pct_anual,2014-S1,"BCE, encuesta SAFE (ECB Data Portal, dataset SAFE)",https://data.ecb.europa.eu/data/datasets/SAFE/SAFE.SAFE.H.ES.MED.A.0.0.0.Q8B.ZZZZ.NT.AL.WN,2026-09-16,,,tamano_empresa_empleados,importe,dato_unico,"TAMANO DE MUESTRA, no es una magnitud economica; serie SAFE.H.ES.MED.A.0.0.0.Q8B.ZZZZ.NT.AL.WN"
Espana,linea_credito_circulante,Q8B. Tipo cobrado por la linea de credito o descubierto | Mediana (50-249) | n respuestas (ponderado),50.64684,pct_anual,2014-S2,"BCE, encuesta SAFE (ECB Data Portal, dataset SAFE)",https://data.ecb.europa.eu/data/datasets/SAFE/SAFE.SAFE.H.ES.MED.A.0.0.0.Q8B.ZZZZ.NT.AL.WN,2026-09-16,,,tamano_empresa_empleados,importe,dato_unico,"TAMANO DE MUESTRA, no es una magnitud economica; serie SAFE.H.ES.MED.A.0.0.0.Q8B.ZZZZ.NT.AL.WN"
Espana,linea_credito_circulante,Q8B. Tipo cobrado por la linea de credito o descubierto | Mediana (50-249) | n respuestas (ponderado),47.74766,pct_anual,2015-S1,"BCE, encuesta SAFE (ECB Data Portal, dataset SAFE)",https://data.ecb.europa.eu/data/datasets/SAFE/SAFE.SAFE.H.ES.MED.A.0.0.0.Q8B.ZZZZ.NT.AL.WN,2026-09-16,,,tamano_empresa_empleados,importe,dato_unico,"TAMANO DE MUESTRA, no es una magnitud economica; serie SAFE.H.ES.MED.A.0.0.0.Q8B.ZZZZ.NT.AL.WN"
Espana,linea_credito_circulante,Q8B. Tipo cobrado por la linea de credito o descubierto | Mediana (50-249) | n respuestas (ponderado),53.58153,pct_anual,2015-S2,"BCE, encuesta SAFE (ECB Data Portal, dataset SAFE)",https://data.ecb.europa.eu/data/datasets/SAFE/SAFE.SAFE.H.ES.MED.A.0.0.0.Q8B.ZZZZ.NT.AL.WN,2026-09-16,,,tamano_empresa_empleados,importe,dato_unico,"TAMANO DE MUESTRA, no es una magnitud economica; serie SAFE.H.ES.MED.A.0.0.0.Q8B.ZZZZ.NT.AL.WN"
Espana,linea_credito_circulante,Q8B. Tipo cobrado por la linea de credito o descubierto | Mediana (50-249) | n respuestas (ponderado),42.2887,pct_anual,2016-S1,"BCE, encuesta SAFE (ECB Data Portal, dataset SAFE)",https://data.ecb.europa.eu/data/datasets/SAFE/SAFE.SAFE.H.ES.MED.A.0.0.0.Q8B.ZZZZ.NT.AL.WN,2026-09-16,,,tamano_empresa_empleados,importe,dato_unico,"TAMANO DE MUESTRA, no es una magnitud economica; serie SAFE.H.ES.MED.A.0.0.0.Q8B.ZZZZ.NT.AL.WN"
Espana,linea_credito_circulante,Q8B. Tipo cobrado por la linea de credito o descubierto | Mediana (50-249) | n respuestas (ponderado),60.69945,pct_anual,2016-S2,"BCE, encuesta SAFE (ECB Data Portal, dataset SAFE)",https://data.ecb.europa.eu/data/datasets/SAFE/SAFE.SAFE.H.ES.MED.A.0.0.0.Q8B.ZZZZ.NT.AL.WN,2026-09-16,,,tamano_empresa_empleados,importe,dato_unico,"TAMANO DE MUESTRA, no es una magnitud economica; serie SAFE.H.ES.MED.A.0.0.0.Q8B.ZZZZ.NT.AL.WN"
Espana,linea_credito_circulante,Q8B. Tipo cobrado por la linea de credito o descubierto | Mediana (50-249) | n respuestas (ponderado),43.77988,pct_anual,2017-S1,"BCE, encuesta SAFE (ECB Data Portal, dataset SAFE)",https://data.ecb.europa.eu/data/datasets/SAFE/SAFE.SAFE.H.ES.MED.A.0.0.0.Q8B.ZZZZ.NT.AL.WN,2026-09-16,,,tamano_empresa_empleados,importe,dato_unico,"TAMANO DE MUESTRA, no es una magnitud economica; serie SAFE.H.ES.MED.A.0.0.0.Q8B.ZZZZ.NT.AL.WN"
Espana,linea_credito_circulante,Q8B. Tipo cobrado por la linea de credito o descubierto | Mediana (50-249) | n respuestas (ponderado),47.00841,pct_anual,2017-S2,"BCE, encuesta SAFE (ECB Data Portal, dataset SAFE)",https://data.ecb.europa.eu/data/datasets/SAFE/SAFE.SAFE.H.ES.MED.A.0.0.0.Q8B.ZZZZ.NT.AL.WN,2026-09-16,,,tamano_empresa_empleados,importe,dato_unico,"TAMANO DE MUESTRA, no es una magnitud economica; serie SAFE.H.ES.MED.A.0.0.0.Q8B.ZZZZ.NT.AL.WN"
Espana,linea_credito_circulante,Q8B. Tipo cobrado por la linea de credito o descubierto | Mediana (50-249) | n respuestas (ponderado),51.86535,pct_anual,2018-S1,"BCE, encuesta SAFE (ECB Data Portal, dataset SAFE)",https://data.ecb.europa.eu/data/datasets/SAFE/SAFE.SAFE.H.ES.MED.A.0.0.0.Q8B.ZZZZ.NT.AL.WN,2026-09-16,,,tamano_empresa_empleados,importe,dato_unico,"TAMANO DE MUESTRA, no es una magnitud economica; serie SAFE.H.ES.MED.A.0.0.0.Q8B.ZZZZ.NT.AL.WN"
Espana,linea_credito_circulante,Q8B. Tipo cobrado por la linea de credito o descubierto | Mediana (50-249) | n respuestas (ponderado),48.85898,pct_anual,2018-S2,"BCE, encuesta SAFE (ECB Data Portal, dataset SAFE)",https://data.ecb.europa.eu/data/datasets/SAFE/SAFE.SAFE.H.ES.MED.A.0.0.0.Q8B.ZZZZ.NT.AL.WN,2026-09-16,,,tamano_empresa_empleados,importe,dato_unico,"TAMANO DE MUESTRA, no es una magnitud economica; serie SAFE.H.ES.MED.A.0.0.0.Q8B.ZZZZ.NT.AL.WN"
Espana,linea_credito_circulante,Q8B. Tipo cobrado por la linea de credito o descubierto | Mediana (50-249) | n respuestas (ponderado),35.58931,pct_anual,2019-S1,"BCE, encuesta SAFE (ECB Data Portal, dataset SAFE)",https://data.ecb.europa.eu/data/datasets/SAFE/SAFE.SAFE.H.ES.MED.A.0.0.0.Q8B.ZZZZ.NT.AL.WN,2026-09-16,,,tamano_empresa_empleados,importe,dato_unico,"TAMANO DE MUESTRA, no es una magnitud economica; serie SAFE.H.ES.MED.A.0.0.0.Q8B.ZZZZ.NT.AL.WN"
Espana,linea_credito_circulante,Q8B. Tipo cobrado por la linea de credito o descubierto | Mediana (50-249) | n respuestas (ponderado),57.28483,pct_anual,2019-S2,"BCE, encuesta SAFE (ECB Data Portal, dataset SAFE)",https://data.ecb.europa.eu/data/datasets/SAFE/SAFE.SAFE.H.ES.MED.A.0.0.0.Q8B.ZZZZ.NT.AL.WN,2026-09-16,,,tamano_empresa_empleados,importe,dato_unico,"TAMANO DE MUESTRA, no es una magnitud economica; serie SAFE.H.ES.MED.A.0.0.0.Q8B.ZZZZ.NT.AL.WN"
Espana,linea_credito_circulante,Q8B. Tipo cobrado por la linea de credito o descubierto | Mediana (50-249) | n respuestas (ponderado),54.94448,pct_anual,2020-S1,"BCE, encuesta SAFE (ECB Data Portal, dataset SAFE)",https://data.ecb.europa.eu/data/datasets/SAFE/SAFE.SAFE.H.ES.MED.A.0.0.0.Q8B.ZZZZ.NT.AL.WN,2026-09-16,,,tamano_empresa_empleados,importe,dato_unico,"TAMANO DE MUESTRA, no es una magnitud economica; serie SAFE.H.ES.MED.A.0.0.0.Q8B.ZZZZ.NT.AL.WN"
Espana,linea_credito_circulante,Q8B. Tipo cobrado por la linea de credito o descubierto | Mediana (50-249) | n respuestas (ponderado),41.22043,pct_anual,2020-S2,"BCE, encuesta SAFE (ECB Data Portal, dataset SAFE)",https://data.ecb.europa.eu/data/datasets/SAFE/SAFE.SAFE.H.ES.MED.A.0.0.0.Q8B.ZZZZ.NT.AL.WN,2026-09-16,,,tamano_empresa_empleados,importe,dato_unico,"TAMANO DE MUESTRA, no es una magnitud economica; serie SAFE.H.ES.MED.A.0.0.0.Q8B.ZZZZ.NT.AL.WN"
Espana,linea_credito_circulante,Q8B. Tipo cobrado por la linea de credito o descubierto | Mediana (50-249) | n respuestas (ponderado),28.7843,pct_anual,2021-S1,"BCE, encuesta SAFE (ECB Data Portal, dataset SAFE)",https://data.ecb.europa.eu/data/datasets/SAFE/SAFE.SAFE.H.ES.MED.A.0.0.0.Q8B.ZZZZ.NT.AL.WN,2026-09-16,,,tamano_empresa_empleados,importe,dato_unico,"TAMANO DE MUESTRA, no es una magnitud economica; serie SAFE.H.ES.MED.A.0.0.0.Q8B.ZZZZ.NT.AL.WN"
Espana,linea_credito_circulante,Q8B. Tipo cobrado por la linea de credito o descubierto | Mediana (50-249) | n respuestas (ponderado),27.97393,pct_anual,2021-S2,"BCE, encuesta SAFE (ECB Data Portal, dataset SAFE)",https://data.ecb.europa.eu/data/datasets/SAFE/SAFE.SAFE.H.ES.MED.A.0.0.0.Q8B.ZZZZ.NT.AL.WN,2026-09-16,,,tamano_empresa_empleados,importe,dato_unico,"TAMANO DE MUESTRA, no es una magnitud economica; serie SAFE.H.ES.MED.A.0.0.0.Q8B.ZZZZ.NT.AL.WN"
Espana,linea_credito_circulante,Q8B. Tipo cobrado por la linea de credito o descubierto | Mediana (50-249) | n respuestas (ponderado),31.27273,pct_anual,2022-S1,"BCE, encuesta SAFE (ECB Data Portal, dataset SAFE)",https://data.ecb.europa.eu/data/datasets/SAFE/SAFE.SAFE.H.ES.MED.A.0.0.0.Q8B.ZZZZ.NT.AL.WN,2026-09-16,,,tamano_empresa_empleados,importe,dato_unico,"TAMANO DE MUESTRA, no es una magnitud economica; serie SAFE.H.ES.MED.A.0.0.0.Q8B.ZZZZ.NT.AL.WN"
Espana,linea_credito_circulante,Q8B. Tipo cobrado por la linea de credito o descubierto | Grande (250+) | n respuestas (sin ponderar),31,pct_anual,2014-S1,"BCE, encuesta SAFE (ECB Data Portal, dataset SAFE)",https://data.ecb.europa.eu/data/datasets/SAFE/SAFE.SAFE.H.ES.LAR.A.0.0.0.Q8B.ZZZZ.NT.AL.UN,2026-09-16,,,tamano_empresa_empleados,importe,dato_unico,"TAMANO DE MUESTRA, no es una magnitud economica; serie SAFE.H.ES.LAR.A.0.0.0.Q8B.ZZZZ.NT.AL.UN"
Espana,linea_credito_circulante,Q8B. Tipo cobrado por la linea de credito o descubierto | Grande (250+) | n respuestas (sin ponderar),32,pct_anual,2014-S2,"BCE, encuesta SAFE (ECB Data Portal, dataset SAFE)",https://data.ecb.europa.eu/data/datasets/SAFE/SAFE.SAFE.H.ES.LAR.A.0.0.0.Q8B.ZZZZ.NT.AL.UN,2026-09-16,,,tamano_empresa_empleados,importe,dato_unico,"TAMANO DE MUESTRA, no es una magnitud economica; serie SAFE.H.ES.LAR.A.0.0.0.Q8B.ZZZZ.NT.AL.UN"
Espana,linea_credito_circulante,Q8B. Tipo cobrado por la linea de credito o descubierto | Grande (250+) | n respuestas (sin ponderar),29,pct_anual,2015-S1,"BCE, encuesta SAFE (ECB Data Portal, dataset SAFE)",https://data.ecb.europa.eu/data/datasets/SAFE/SAFE.SAFE.H.ES.LAR.A.0.0.0.Q8B.ZZZZ.NT.AL.UN,2026-09-16,,,tamano_empresa_empleados,importe,dato_unico,"TAMANO DE MUESTRA, no es una magnitud economica; serie SAFE.H.ES.LAR.A.0.0.0.Q8B.ZZZZ.NT.AL.UN"
Espana,linea_credito_circulante,Q8B. Tipo cobrado por la linea de credito o descubierto | Grande (250+) | n respuestas (sin ponderar),41,pct_anual,2015-S2,"BCE, encuesta SAFE (ECB Data Portal, dataset SAFE)",https://data.ecb.europa.eu/data/datasets/SAFE/SAFE.SAFE.H.ES.LAR.A.0.0.0.Q8B.ZZZZ.NT.AL.UN,2026-09-16,,,tamano_empresa_empleados,importe,dato_unico,"TAMANO DE MUESTRA, no es una magnitud economica; serie SAFE.H.ES.LAR.A.0.0.0.Q8B.ZZZZ.NT.AL.UN"
Espana,linea_credito_circulante,Q8B. Tipo cobrado por la linea de credito o descubierto | Grande (250+) | n respuestas (sin ponderar),26,pct_anual,2016-S1,"BCE, encuesta SAFE (ECB Data Portal, dataset SAFE)",https://data.ecb.europa.eu/data/datasets/SAFE/SAFE.SAFE.H.ES.LAR.A.0.0.0.Q8B.ZZZZ.NT.AL.UN,2026-09-16,,,tamano_empresa_empleados,importe,dato_unico,"TAMANO DE MUESTRA, no es una magnitud economica; serie SAFE.H.ES.LAR.A.0.0.0.Q8B.ZZZZ.NT.AL.UN"
Espana,linea_credito_circulante,Q8B. Tipo cobrado por la linea de credito o descubierto | Grande (250+) | n respuestas (sin ponderar),31,pct_anual,2016-S2,"BCE, encuesta SAFE (ECB Data Portal, dataset SAFE)",https://data.ecb.europa.eu/data/datasets/SAFE/SAFE.SAFE.H.ES.LAR.A.0.0.0.Q8B.ZZZZ.NT.AL.UN,2026-09-16,,,tamano_empresa_empleados,importe,dato_unico,"TAMANO DE MUESTRA, no es una magnitud economica; serie SAFE.H.ES.LAR.A.0.0.0.Q8B.ZZZZ.NT.AL.UN"
Espana,linea_credito_circulante,Q8B. Tipo cobrado por la linea de credito o descubierto | Grande (250+) | n respuestas (sin ponderar),25,pct_anual,2017-S1,"BCE, encuesta SAFE (ECB Data Portal, dataset SAFE)",https://data.ecb.europa.eu/data/datasets/SAFE/SAFE.SAFE.H.ES.LAR.A.0.0.0.Q8B.ZZZZ.NT.AL.UN,2026-09-16,,,tamano_empresa_empleados,importe,dato_unico,"TAMANO DE MUESTRA, no es una magnitud economica; serie SAFE.H.ES.LAR.A.0.0.0.Q8B.ZZZZ.NT.AL.UN"
Espana,linea_credito_circulante,Q8B. Tipo cobrado por la linea de credito o descubierto | Grande (250+) | n respuestas (sin ponderar),36,pct_anual,2017-S2,"BCE, encuesta SAFE (ECB Data Portal, dataset SAFE)",https://data.ecb.europa.eu/data/datasets/SAFE/SAFE.SAFE.H.ES.LAR.A.0.0.0.Q8B.ZZZZ.NT.AL.UN,2026-09-16,,,tamano_empresa_empleados,importe,dato_unico,"TAMANO DE MUESTRA, no es una magnitud economica; serie SAFE.H.ES.LAR.A.0.0.0.Q8B.ZZZZ.NT.AL.UN"
Espana,linea_credito_circulante,Q8B. Tipo cobrado por la linea de credito o descubierto | Grande (250+) | n respuestas (sin ponderar),35,pct_anual,2018-S1,"BCE, encuesta SAFE (ECB Data Portal, dataset SAFE)",https://data.ecb.europa.eu/data/datasets/SAFE/SAFE.SAFE.H.ES.LAR.A.0.0.0.Q8B.ZZZZ.NT.AL.UN,2026-09-16,,,tamano_empresa_empleados,importe,dato_unico,"TAMANO DE MUESTRA, no es una magnitud economica; serie SAFE.H.ES.LAR.A.0.0.0.Q8B.ZZZZ.NT.AL.UN"
Espana,linea_credito_circulante,Q8B. Tipo cobrado por la linea de credito o descubierto | Grande (250+) | n respuestas (sin ponderar),40,pct_anual,2018-S2,"BCE, encuesta SAFE (ECB Data Portal, dataset SAFE)",https://data.ecb.europa.eu/data/datasets/SAFE/SAFE.SAFE.H.ES.LAR.A.0.0.0.Q8B.ZZZZ.NT.AL.UN,2026-09-16,,,tamano_empresa_empleados,importe,dato_unico,"TAMANO DE MUESTRA, no es una magnitud economica; serie SAFE.H.ES.LAR.A.0.0.0.Q8B.ZZZZ.NT.AL.UN"
Espana,linea_credito_circulante,Q8B. Tipo cobrado por la linea de credito o descubierto | Grande (250+) | n respuestas (sin ponderar),27,pct_anual,2019-S1,"BCE, encuesta SAFE (ECB Data Portal, dataset SAFE)",https://data.ecb.europa.eu/data/datasets/SAFE/SAFE.SAFE.H.ES.LAR.A.0.0.0.Q8B.ZZZZ.NT.AL.UN,2026-09-16,,,tamano_empresa_empleados,importe,dato_unico,"TAMANO DE MUESTRA, no es una magnitud economica; serie SAFE.H.ES.LAR.A.0.0.0.Q8B.ZZZZ.NT.AL.UN"
Espana,linea_credito_circulante,Q8B. Tipo cobrado por la linea de credito o descubierto | Grande (250+) | n respuestas (sin ponderar),40,pct_anual,2019-S2,"BCE, encuesta SAFE (ECB Data Portal, dataset SAFE)",https://data.ecb.europa.eu/data/datasets/SAFE/SAFE.SAFE.H.ES.LAR.A.0.0.0.Q8B.ZZZZ.NT.AL.UN,2026-09-16,,,tamano_empresa_empleados,importe,dato_unico,"TAMANO DE MUESTRA, no es una magnitud economica; serie SAFE.H.ES.LAR.A.0.0.0.Q8B.ZZZZ.NT.AL.UN"
Espana,linea_credito_circulante,Q8B. Tipo cobrado por la linea de credito o descubierto | Grande (250+) | n respuestas (sin ponderar),43,pct_anual,2020-S1,"BCE, encuesta SAFE (ECB Data Portal, dataset SAFE)",https://data.ecb.europa.eu/data/datasets/SAFE/SAFE.SAFE.H.ES.LAR.A.0.0.0.Q8B.ZZZZ.NT.AL.UN,2026-09-16,,,tamano_empresa_empleados,importe,dato_unico,"TAMANO DE MUESTRA, no es una magnitud economica; serie SAFE.H.ES.LAR.A.0.0.0.Q8B.ZZZZ.NT.AL.UN"
Espana,linea_credito_circulante,Q8B. Tipo cobrado por la linea de credito o descubierto | Grande (250+) | n respuestas (sin ponderar),32,pct_anual,2020-S2,"BCE, encuesta SAFE (ECB Data Portal, dataset SAFE)",https://data.ecb.europa.eu/data/datasets/SAFE/SAFE.SAFE.H.ES.LAR.A.0.0.0.Q8B.ZZZZ.NT.AL.UN,2026-09-16,,,tamano_empresa_empleados,importe,dato_unico,"TAMANO DE MUESTRA, no es una magnitud economica; serie SAFE.H.ES.LAR.A.0.0.0.Q8B.ZZZZ.NT.AL.UN"
Espana,linea_credito_circulante,Q8B. Tipo cobrado por la linea de credito o descubierto | Grande (250+) | n respuestas (sin ponderar),26,pct_anual,2021-S1,"BCE, encuesta SAFE (ECB Data Portal, dataset SAFE)",https://data.ecb.europa.eu/data/datasets/SAFE/SAFE.SAFE.H.ES.LAR.A.0.0.0.Q8B.ZZZZ.NT.AL.UN,2026-09-16,,,tamano_empresa_empleados,importe,dato_unico,"TAMANO DE MUESTRA, no es una magnitud economica; serie SAFE.H.ES.LAR.A.0.0.0.Q8B.ZZZZ.NT.AL.UN"
Espana,linea_credito_circulante,Q8B. Tipo cobrado por la linea de credito o descubierto | Grande (250+) | n respuestas (sin ponderar),32,pct_anual,2021-S2,"BCE, encuesta SAFE (ECB Data Portal, dataset SAFE)",https://data.ecb.europa.eu/data/datasets/SAFE/SAFE.SAFE.H.ES.LAR.A.0.0.0.Q8B.ZZZZ.NT.AL.UN,2026-09-16,,,tamano_empresa_empleados,importe,dato_unico,"TAMANO DE MUESTRA, no es una magnitud economica; serie SAFE.H.ES.LAR.A.0.0.0.Q8B.ZZZZ.NT.AL.UN"
Espana,linea_credito_circulante,Q8B. Tipo cobrado por la linea de credito o descubierto | Grande (250+) | n respuestas (sin ponderar),18,pct_anual,2022-S1,"BCE, encuesta SAFE (ECB Data Portal, dataset SAFE)",https://data.ecb.europa.eu/data/datasets/SAFE/SAFE.SAFE.H.ES.LAR.A.0.0.0.Q8B.ZZZZ.NT.AL.UN,2026-09-16,,,tamano_empresa_empleados,importe,dato_unico,"TAMANO DE MUESTRA, no es una magnitud economica; serie SAFE.H.ES.LAR.A.0.0.0.Q8B.ZZZZ.NT.AL.UN"
Espana,linea_credito_circulante,Q8B. Tipo cobrado por la linea de credito o descubierto | Grande (250+) | media ponderada,4.314542,pct_anual,2014-S1,"BCE, encuesta SAFE (ECB Data Portal, dataset SAFE)",https://data.ecb.europa.eu/data/datasets/SAFE/SAFE.SAFE.H.ES.LAR.A.0.0.0.Q8B.ZZZZ.NT.AL.WA,2026-09-16,,,tamano_empresa_empleados,nivel,media_ponderada_volumen,serie SAFE.H.ES.LAR.A.0.0.0.Q8B.ZZZZ.NT.AL.WA
Espana,linea_credito_circulante,Q8B. Tipo cobrado por la linea de credito o descubierto | Grande (250+) | media ponderada,2.860377,pct_anual,2014-S2,"BCE, encuesta SAFE (ECB Data Portal, dataset SAFE)",https://data.ecb.europa.eu/data/datasets/SAFE/SAFE.SAFE.H.ES.LAR.A.0.0.0.Q8B.ZZZZ.NT.AL.WA,2026-09-16,,,tamano_empresa_empleados,nivel,media_ponderada_volumen,serie SAFE.H.ES.LAR.A.0.0.0.Q8B.ZZZZ.NT.AL.WA
Espana,linea_credito_circulante,Q8B. Tipo cobrado por la linea de credito o descubierto | Grande (250+) | media ponderada,2.283896,pct_anual,2015-S1,"BCE, encuesta SAFE (ECB Data Portal, dataset SAFE)",https://data.ecb.europa.eu/data/datasets/SAFE/SAFE.SAFE.H.ES.LAR.A.0.0.0.Q8B.ZZZZ.NT.AL.WA,2026-09-16,,,tamano_empresa_empleados,nivel,media_ponderada_volumen,serie SAFE.H.ES.LAR.A.0.0.0.Q8B.ZZZZ.NT.AL.WA
Espana,linea_credito_circulante,Q8B. Tipo cobrado por la linea de credito o descubierto | Grande (250+) | media ponderada,1.827975,pct_anual,2015-S2,"BCE, encuesta SAFE (ECB Data Portal, dataset SAFE)",https://data.ecb.europa.eu/data/datasets/SAFE/SAFE.SAFE.H.ES.LAR.A.0.0.0.Q8B.ZZZZ.NT.AL.WA,2026-09-16,,,tamano_empresa_empleados,nivel,media_ponderada_volumen,serie SAFE.H.ES.LAR.A.0.0.0.Q8B.ZZZZ.NT.AL.WA
Espana,linea_credito_circulante,Q8B. Tipo cobrado por la linea de credito o descubierto | Grande (250+) | media ponderada,2.584238,pct_anual,2016-S1,"BCE, encuesta SAFE (ECB Data Portal, dataset SAFE)",https://data.ecb.europa.eu/data/datasets/SAFE/SAFE.SAFE.H.ES.LAR.A.0.0.0.Q8B.ZZZZ.NT.AL.WA,2026-09-16,,,tamano_empresa_empleados,nivel,media_ponderada_volumen,serie SAFE.H.ES.LAR.A.0.0.0.Q8B.ZZZZ.NT.AL.WA
Espana,linea_credito_circulante,Q8B. Tipo cobrado por la linea de credito o descubierto | Grande (250+) | media ponderada,1.503276,pct_anual,2016-S2,"BCE, encuesta SAFE (ECB Data Portal, dataset SAFE)",https://data.ecb.europa.eu/data/datasets/SAFE/SAFE.SAFE.H.ES.LAR.A.0.0.0.Q8B.ZZZZ.NT.AL.WA,2026-09-16,,,tamano_empresa_empleados,nivel,media_ponderada_volumen,serie SAFE.H.ES.LAR.A.0.0.0.Q8B.ZZZZ.NT.AL.WA
Espana,linea_credito_circulante,Q8B. Tipo cobrado por la linea de credito o descubierto | Grande (250+) | media ponderada,2.202229,pct_anual,2017-S1,"BCE, encuesta SAFE (ECB Data Portal, dataset SAFE)",https://data.ecb.europa.eu/data/datasets/SAFE/SAFE.SAFE.H.ES.LAR.A.0.0.0.Q8B.ZZZZ.NT.AL.WA,2026-09-16,,,tamano_empresa_empleados,nivel,media_ponderada_volumen,serie SAFE.H.ES.LAR.A.0.0.0.Q8B.ZZZZ.NT.AL.WA
Espana,linea_credito_circulante,Q8B. Tipo cobrado por la linea de credito o descubierto | Grande (250+) | media ponderada,1.505498,pct_anual,2017-S2,"BCE, encuesta SAFE (ECB Data Portal, dataset SAFE)",https://data.ecb.europa.eu/data/datasets/SAFE/SAFE.SAFE.H.ES.LAR.A.0.0.0.Q8B.ZZZZ.NT.AL.WA,2026-09-16,,,tamano_empresa_empleados,nivel,media_ponderada_volumen,serie SAFE.H.ES.LAR.A.0.0.0.Q8B.ZZZZ.NT.AL.WA
Espana,linea_credito_circulante,Q8B. Tipo cobrado por la linea de credito o descubierto | Grande (250+) | media ponderada,1.359806,pct_anual,2018-S1,"BCE, encuesta SAFE (ECB Data Portal, dataset SAFE)",https://data.ecb.europa.eu/data/datasets/SAFE/SAFE.SAFE.H.ES.LAR.A.0.0.0.Q8B.ZZZZ.NT.AL.WA,2026-09-16,,,tamano_empresa_empleados,nivel,media_ponderada_volumen,serie SAFE.H.ES.LAR.A.0.0.0.Q8B.ZZZZ.NT.AL.WA
Espana,linea_credito_circulante,Q8B. Tipo cobrado por la linea de credito o descubierto | Grande (250+) | media ponderada,1.466728,pct_anual,2018-S2,"BCE, encuesta SAFE (ECB Data Portal, dataset SAFE)",https://data.ecb.europa.eu/data/datasets/SAFE/SAFE.SAFE.H.ES.LAR.A.0.0.0.Q8B.ZZZZ.NT.AL.WA,2026-09-16,,,tamano_empresa_empleados,nivel,media_ponderada_volumen,serie SAFE.H.ES.LAR.A.0.0.0.Q8B.ZZZZ.NT.AL.WA
Espana,linea_credito_circulante,Q8B. Tipo cobrado por la linea de credito o descubierto | Grande (250+) | media ponderada,1.331295,pct_anual,2019-S1,"BCE, encuesta SAFE (ECB Data Portal, dataset SAFE)",https://data.ecb.europa.eu/data/datasets/SAFE/SAFE.SAFE.H.ES.LAR.A.0.0.0.Q8B.ZZZZ.NT.AL.WA,2026-09-16,,,tamano_empresa_empleados,nivel,media_ponderada_volumen,serie SAFE.H.ES.LAR.A.0.0.0.Q8B.ZZZZ.NT.AL.WA
Espana,linea_credito_circulante,Q8B. Tipo cobrado por la linea de credito o descubierto | Grande (250+) | media ponderada,1.088739,pct_anual,2019-S2,"BCE, encuesta SAFE (ECB Data Portal, dataset SAFE)",https://data.ecb.europa.eu/data/datasets/SAFE/SAFE.SAFE.H.ES.LAR.A.0.0.0.Q8B.ZZZZ.NT.AL.WA,2026-09-16,,,tamano_empresa_empleados,nivel,media_ponderada_volumen,serie SAFE.H.ES.LAR.A.0.0.0.Q8B.ZZZZ.NT.AL.WA
Espana,linea_credito_circulante,Q8B. Tipo cobrado por la linea de credito o descubierto | Grande (250+) | media ponderada,1.374358,pct_anual,2020-S1,"BCE, encuesta SAFE (ECB Data Portal, dataset SAFE)",https://data.ecb.europa.eu/data/datasets/SAFE/SAFE.SAFE.H.ES.LAR.A.0.0.0.Q8B.ZZZZ.NT.AL.WA,2026-09-16,,,tamano_empresa_empleados,nivel,media_ponderada_volumen,serie SAFE.H.ES.LAR.A.0.0.0.Q8B.ZZZZ.NT.AL.WA
Espana,linea_credito_circulante,Q8B. Tipo cobrado por la linea de credito o descubierto | Grande (250+) | media ponderada,1.272313,pct_anual,2020-S2,"BCE, encuesta SAFE (ECB Data Portal, dataset SAFE)",https://data.ecb.europa.eu/data/datasets/SAFE/SAFE.SAFE.H.ES.LAR.A.0.0.0.Q8B.ZZZZ.NT.AL.WA,2026-09-16,,,tamano_empresa_empleados,nivel,media_ponderada_volumen,serie SAFE.H.ES.LAR.A.0.0.0.Q8B.ZZZZ.NT.AL.WA
Espana,linea_credito_circulante,Q8B. Tipo cobrado por la linea de credito o descubierto | Grande (250+) | media ponderada,1.065984,pct_anual,2021-S1,"BCE, encuesta SAFE (ECB Data Portal, dataset SAFE)",https://data.ecb.europa.eu/data/datasets/SAFE/SAFE.SAFE.H.ES.LAR.A.0.0.0.Q8B.ZZZZ.NT.AL.WA,2026-09-16,,,tamano_empresa_empleados,nivel,media_ponderada_volumen,serie SAFE.H.ES.LAR.A.0.0.0.Q8B.ZZZZ.NT.AL.WA
Espana,linea_credito_circulante,Q8B. Tipo cobrado por la linea de credito o descubierto | Grande (250+) | media ponderada,1.441836,pct_anual,2021-S2,"BCE, encuesta SAFE (ECB Data Portal, dataset SAFE)",https://data.ecb.europa.eu/data/datasets/SAFE/SAFE.SAFE.H.ES.LAR.A.0.0.0.Q8B.ZZZZ.NT.AL.WA,2026-09-16,,,tamano_empresa_empleados,nivel,media_ponderada_volumen,serie SAFE.H.ES.LAR.A.0.0.0.Q8B.ZZZZ.NT.AL.WA
Espana,linea_credito_circulante,Q8B. Tipo cobrado por la linea de credito o descubierto | Grande (250+) | media ponderada,1.706584,pct_anual,2022-S1,"BCE, encuesta SAFE (ECB Data Portal, dataset SAFE)",https://data.ecb.europa.eu/data/datasets/SAFE/SAFE.SAFE.H.ES.LAR.A.0.0.0.Q8B.ZZZZ.NT.AL.WA,2026-09-16,,,tamano_empresa_empleados,nivel,media_ponderada_volumen,serie SAFE.H.ES.LAR.A.0.0.0.Q8B.ZZZZ.NT.AL.WA
Espana,linea_credito_circulante,Q8B. Tipo cobrado por la linea de credito o descubierto | Grande (250+) | mediana ponderada,3.75,pct_anual,2014-S1,"BCE, encuesta SAFE (ECB Data Portal, dataset SAFE)",https://data.ecb.europa.eu/data/datasets/SAFE/SAFE.SAFE.H.ES.LAR.A.0.0.0.Q8B.ZZZZ.NT.AL.WM,2026-09-16,,,tamano_empresa_empleados,nivel,dato_unico,serie SAFE.H.ES.LAR.A.0.0.0.Q8B.ZZZZ.NT.AL.WM
Espana,linea_credito_circulante,Q8B. Tipo cobrado por la linea de credito o descubierto | Grande (250+) | mediana ponderada,3,pct_anual,2014-S2,"BCE, encuesta SAFE (ECB Data Portal, dataset SAFE)",https://data.ecb.europa.eu/data/datasets/SAFE/SAFE.SAFE.H.ES.LAR.A.0.0.0.Q8B.ZZZZ.NT.AL.WM,2026-09-16,,,tamano_empresa_empleados,nivel,dato_unico,serie SAFE.H.ES.LAR.A.0.0.0.Q8B.ZZZZ.NT.AL.WM
Espana,linea_credito_circulante,Q8B. Tipo cobrado por la linea de credito o descubierto | Grande (250+) | mediana ponderada,1.901133,pct_anual,2015-S1,"BCE, encuesta SAFE (ECB Data Portal, dataset SAFE)",https://data.ecb.europa.eu/data/datasets/SAFE/SAFE.SAFE.H.ES.LAR.A.0.0.0.Q8B.ZZZZ.NT.AL.WM,2026-09-16,,,tamano_empresa_empleados,nivel,dato_unico,serie SAFE.H.ES.LAR.A.0.0.0.Q8B.ZZZZ.NT.AL.WM
Espana,linea_credito_circulante,Q8B. Tipo cobrado por la linea de credito o descubierto | Grande (250+) | mediana ponderada,1.545911,pct_anual,2015-S2,"BCE, encuesta SAFE (ECB Data Portal, dataset SAFE)",https://data.ecb.europa.eu/data/datasets/SAFE/SAFE.SAFE.H.ES.LAR.A.0.0.0.Q8B.ZZZZ.NT.AL.WM,2026-09-16,,,tamano_empresa_empleados,nivel,dato_unico,serie SAFE.H.ES.LAR.A.0.0.0.Q8B.ZZZZ.NT.AL.WM
Espana,linea_credito_circulante,Q8B. Tipo cobrado por la linea de credito o descubierto | Grande (250+) | mediana ponderada,1.764701,pct_anual,2016-S1,"BCE, encuesta SAFE (ECB Data Portal, dataset SAFE)",https://data.ecb.europa.eu/data/datasets/SAFE/SAFE.SAFE.H.ES.LAR.A.0.0.0.Q8B.ZZZZ.NT.AL.WM,2026-09-16,,,tamano_empresa_empleados,nivel,dato_unico,serie SAFE.H.ES.LAR.A.0.0.0.Q8B.ZZZZ.NT.AL.WM
Espana,linea_credito_circulante,Q8B. Tipo cobrado por la linea de credito o descubierto | Grande (250+) | mediana ponderada,1.4,pct_anual,2016-S2,"BCE, encuesta SAFE (ECB Data Portal, dataset SAFE)",https://data.ecb.europa.eu/data/datasets/SAFE/SAFE.SAFE.H.ES.LAR.A.0.0.0.Q8B.ZZZZ.NT.AL.WM,2026-09-16,,,tamano_empresa_empleados,nivel,dato_unico,serie SAFE.H.ES.LAR.A.0.0.0.Q8B.ZZZZ.NT.AL.WM
Espana,linea_credito_circulante,Q8B. Tipo cobrado por la linea de credito o descubierto | Grande (250+) | mediana ponderada,1.4,pct_anual,2017-S1,"BCE, encuesta SAFE (ECB Data Portal, dataset SAFE)",https://data.ecb.europa.eu/data/datasets/SAFE/SAFE.SAFE.H.ES.LAR.A.0.0.0.Q8B.ZZZZ.NT.AL.WM,2026-09-16,,,tamano_empresa_empleados,nivel,dato_unico,serie SAFE.H.ES.LAR.A.0.0.0.Q8B.ZZZZ.NT.AL.WM
Espana,linea_credito_circulante,Q8B. Tipo cobrado por la linea de credito o descubierto | Grande (250+) | mediana ponderada,1.25,pct_anual,2017-S2,"BCE, encuesta SAFE (ECB Data Portal, dataset SAFE)",https://data.ecb.europa.eu/data/datasets/SAFE/SAFE.SAFE.H.ES.LAR.A.0.0.0.Q8B.ZZZZ.NT.AL.WM,2026-09-16,,,tamano_empresa_empleados,nivel,dato_unico,serie SAFE.H.ES.LAR.A.0.0.0.Q8B.ZZZZ.NT.AL.WM
Espana,linea_credito_circulante,Q8B. Tipo cobrado por la linea de credito o descubierto | Grande (250+) | mediana ponderada,1.22097,pct_anual,2018-S1,"BCE, encuesta SAFE (ECB Data Portal, dataset SAFE)",https://data.ecb.europa.eu/data/datasets/SAFE/SAFE.SAFE.H.ES.LAR.A.0.0.0.Q8B.ZZZZ.NT.AL.WM,2026-09-16,,,tamano_empresa_empleados,nivel,dato_unico,serie SAFE.H.ES.LAR.A.0.0.0.Q8B.ZZZZ.NT.AL.WM
Espana,linea_credito_circulante,Q8B. Tipo cobrado por la linea de credito o descubierto | Grande (250+) | mediana ponderada,1.35,pct_anual,2018-S2,"BCE, encuesta SAFE (ECB Data Portal, dataset SAFE)",https://data.ecb.europa.eu/data/datasets/SAFE/SAFE.SAFE.H.ES.LAR.A.0.0.0.Q8B.ZZZZ.NT.AL.WM,2026-09-16,,,tamano_empresa_empleados,nivel,dato_unico,serie SAFE.H.ES.LAR.A.0.0.0.Q8B.ZZZZ.NT.AL.WM
Espana,linea_credito_circulante,Q8B. Tipo cobrado por la linea de credito o descubierto | Grande (250+) | mediana ponderada,1.16,pct_anual,2019-S1,"BCE, encuesta SAFE (ECB Data Portal, dataset SAFE)",https://data.ecb.europa.eu/data/datasets/SAFE/SAFE.SAFE.H.ES.LAR.A.0.0.0.Q8B.ZZZZ.NT.AL.WM,2026-09-16,,,tamano_empresa_empleados,nivel,dato_unico,serie SAFE.H.ES.LAR.A.0.0.0.Q8B.ZZZZ.NT.AL.WM
Espana,linea_credito_circulante,Q8B. Tipo cobrado por la linea de credito o descubierto | Grande (250+) | mediana ponderada,1,pct_anual,2019-S2,"BCE, encuesta SAFE (ECB Data Portal, dataset SAFE)",https://data.ecb.europa.eu/data/datasets/SAFE/SAFE.SAFE.H.ES.LAR.A.0.0.0.Q8B.ZZZZ.NT.AL.WM,2026-09-16,,,tamano_empresa_empleados,nivel,dato_unico,serie SAFE.H.ES.LAR.A.0.0.0.Q8B.ZZZZ.NT.AL.WM
Espana,linea_credito_circulante,Q8B. Tipo cobrado por la linea de credito o descubierto | Grande (250+) | mediana ponderada,1.25,pct_anual,2020-S1,"BCE, encuesta SAFE (ECB Data Portal, dataset SAFE)",https://data.ecb.europa.eu/data/datasets/SAFE/SAFE.SAFE.H.ES.LAR.A.0.0.0.Q8B.ZZZZ.NT.AL.WM,2026-09-16,,,tamano_empresa_empleados,nivel,dato_unico,serie SAFE.H.ES.LAR.A.0.0.0.Q8B.ZZZZ.NT.AL.WM
Espana,linea_credito_circulante,Q8B. Tipo cobrado por la linea de credito o descubierto | Grande (250+) | mediana ponderada,1.25,pct_anual,2020-S2,"BCE, encuesta SAFE (ECB Data Portal, dataset SAFE)",https://data.ecb.europa.eu/data/datasets/SAFE/SAFE.SAFE.H.ES.LAR.A.0.0.0.Q8B.ZZZZ.NT.AL.WM,2026-09-16,,,tamano_empresa_empleados,nivel,dato_unico,serie SAFE.H.ES.LAR.A.0.0.0.Q8B.ZZZZ.NT.AL.WM
Espana,linea_credito_circulante,Q8B. Tipo cobrado por la linea de credito o descubierto | Grande (250+) | mediana ponderada,0.95676,pct_anual,2021-S1,"BCE, encuesta SAFE (ECB Data Portal, dataset SAFE)",https://data.ecb.europa.eu/data/datasets/SAFE/SAFE.SAFE.H.ES.LAR.A.0.0.0.Q8B.ZZZZ.NT.AL.WM,2026-09-16,,,tamano_empresa_empleados,nivel,dato_unico,serie SAFE.H.ES.LAR.A.0.0.0.Q8B.ZZZZ.NT.AL.WM
Espana,linea_credito_circulante,Q8B. Tipo cobrado por la linea de credito o descubierto | Grande (250+) | mediana ponderada,1.15,pct_anual,2021-S2,"BCE, encuesta SAFE (ECB Data Portal, dataset SAFE)",https://data.ecb.europa.eu/data/datasets/SAFE/SAFE.SAFE.H.ES.LAR.A.0.0.0.Q8B.ZZZZ.NT.AL.WM,2026-09-16,,,tamano_empresa_empleados,nivel,dato_unico,serie SAFE.H.ES.LAR.A.0.0.0.Q8B.ZZZZ.NT.AL.WM
Espana,linea_credito_circulante,Q8B. Tipo cobrado por la linea de credito o descubierto | Grande (250+) | mediana ponderada,1.333711,pct_anual,2022-S1,"BCE, encuesta SAFE (ECB Data Portal, dataset SAFE)",https://data.ecb.europa.eu/data/datasets/SAFE/SAFE.SAFE.H.ES.LAR.A.0.0.0.Q8B.ZZZZ.NT.AL.WM,2026-09-16,,,tamano_empresa_empleados,nivel,dato_unico,serie SAFE.H.ES.LAR.A.0.0.0.Q8B.ZZZZ.NT.AL.WM
Espana,linea_credito_circulante,Q8B. Tipo cobrado por la linea de credito o descubierto | Grande (250+) | n respuestas (ponderado),107.9334,pct_anual,2014-S1,"BCE, encuesta SAFE (ECB Data Portal, dataset SAFE)",https://data.ecb.europa.eu/data/datasets/SAFE/SAFE.SAFE.H.ES.LAR.A.0.0.0.Q8B.ZZZZ.NT.AL.WN,2026-09-16,,,tamano_empresa_empleados,importe,dato_unico,"TAMANO DE MUESTRA, no es una magnitud economica; serie SAFE.H.ES.LAR.A.0.0.0.Q8B.ZZZZ.NT.AL.WN"
Espana,linea_credito_circulante,Q8B. Tipo cobrado por la linea de credito o descubierto | Grande (250+) | n respuestas (ponderado),107.1669,pct_anual,2014-S2,"BCE, encuesta SAFE (ECB Data Portal, dataset SAFE)",https://data.ecb.europa.eu/data/datasets/SAFE/SAFE.SAFE.H.ES.LAR.A.0.0.0.Q8B.ZZZZ.NT.AL.WN,2026-09-16,,,tamano_empresa_empleados,importe,dato_unico,"TAMANO DE MUESTRA, no es una magnitud economica; serie SAFE.H.ES.LAR.A.0.0.0.Q8B.ZZZZ.NT.AL.WN"
Espana,linea_credito_circulante,Q8B. Tipo cobrado por la linea de credito o descubierto | Grande (250+) | n respuestas (ponderado),104.0056,pct_anual,2015-S1,"BCE, encuesta SAFE (ECB Data Portal, dataset SAFE)",https://data.ecb.europa.eu/data/datasets/SAFE/SAFE.SAFE.H.ES.LAR.A.0.0.0.Q8B.ZZZZ.NT.AL.WN,2026-09-16,,,tamano_empresa_empleados,importe,dato_unico,"TAMANO DE MUESTRA, no es una magnitud economica; serie SAFE.H.ES.LAR.A.0.0.0.Q8B.ZZZZ.NT.AL.WN"
Espana,linea_credito_circulante,Q8B. Tipo cobrado por la linea de credito o descubierto | Grande (250+) | n respuestas (ponderado),140.706,pct_anual,2015-S2,"BCE, encuesta SAFE (ECB Data Portal, dataset SAFE)",https://data.ecb.europa.eu/data/datasets/SAFE/SAFE.SAFE.H.ES.LAR.A.0.0.0.Q8B.ZZZZ.NT.AL.WN,2026-09-16,,,tamano_empresa_empleados,importe,dato_unico,"TAMANO DE MUESTRA, no es una magnitud economica; serie SAFE.H.ES.LAR.A.0.0.0.Q8B.ZZZZ.NT.AL.WN"
Espana,linea_credito_circulante,Q8B. Tipo cobrado por la linea de credito o descubierto | Grande (250+) | n respuestas (ponderado),93.16768,pct_anual,2016-S1,"BCE, encuesta SAFE (ECB Data Portal, dataset SAFE)",https://data.ecb.europa.eu/data/datasets/SAFE/SAFE.SAFE.H.ES.LAR.A.0.0.0.Q8B.ZZZZ.NT.AL.WN,2026-09-16,,,tamano_empresa_empleados,importe,dato_unico,"TAMANO DE MUESTRA, no es una magnitud economica; serie SAFE.H.ES.LAR.A.0.0.0.Q8B.ZZZZ.NT.AL.WN"
Espana,linea_credito_circulante,Q8B. Tipo cobrado por la linea de credito o descubierto | Grande (250+) | n respuestas (ponderado),110.0491,pct_anual,2016-S2,"BCE, encuesta SAFE (ECB Data Portal, dataset SAFE)",https://data.ecb.europa.eu/data/datasets/SAFE/SAFE.SAFE.H.ES.LAR.A.0.0.0.Q8B.ZZZZ.NT.AL.WN,2026-09-16,,,tamano_empresa_empleados,importe,dato_unico,"TAMANO DE MUESTRA, no es una magnitud economica; serie SAFE.H.ES.LAR.A.0.0.0.Q8B.ZZZZ.NT.AL.WN"
Espana,linea_credito_circulante,Q8B. Tipo cobrado por la linea de credito o descubierto | Grande (250+) | n respuestas (ponderado),90.62763,pct_anual,2017-S1,"BCE, encuesta SAFE (ECB Data Portal, dataset SAFE)",https://data.ecb.europa.eu/data/datasets/SAFE/SAFE.SAFE.H.ES.LAR.A.0.0.0.Q8B.ZZZZ.NT.AL.WN,2026-09-16,,,tamano_empresa_empleados,importe,dato_unico,"TAMANO DE MUESTRA, no es una magnitud economica; serie SAFE.H.ES.LAR.A.0.0.0.Q8B.ZZZZ.NT.AL.WN"
Espana,linea_credito_circulante,Q8B. Tipo cobrado por la linea de credito o descubierto | Grande (250+) | n respuestas (ponderado),125.2771,pct_anual,2017-S2,"BCE, encuesta SAFE (ECB Data Portal, dataset SAFE)",https://data.ecb.europa.eu/data/datasets/SAFE/SAFE.SAFE.H.ES.LAR.A.0.0.0.Q8B.ZZZZ.NT.AL.WN,2026-09-16,,,tamano_empresa_empleados,importe,dato_unico,"TAMANO DE MUESTRA, no es una magnitud economica; serie SAFE.H.ES.LAR.A.0.0.0.Q8B.ZZZZ.NT.AL.WN"
Espana,linea_credito_circulante,Q8B. Tipo cobrado por la linea de credito o descubierto | Grande (250+) | n respuestas (ponderado),128.1897,pct_anual,2018-S1,"BCE, encuesta SAFE (ECB Data Portal, dataset SAFE)",https://data.ecb.europa.eu/data/datasets/SAFE/SAFE.SAFE.H.ES.LAR.A.0.0.0.Q8B.ZZZZ.NT.AL.WN,2026-09-16,,,tamano_empresa_empleados,importe,dato_unico,"TAMANO DE MUESTRA, no es una magnitud economica; serie SAFE.H.ES.LAR.A.0.0.0.Q8B.ZZZZ.NT.AL.WN"
Espana,linea_credito_circulante,Q8B. Tipo cobrado por la linea de credito o descubierto | Grande (250+) | n respuestas (ponderado),148.6581,pct_anual,2018-S2,"BCE, encuesta SAFE (ECB Data Portal, dataset SAFE)",https://data.ecb.europa.eu/data/datasets/SAFE/SAFE.SAFE.H.ES.LAR.A.0.0.0.Q8B.ZZZZ.NT.AL.WN,2026-09-16,,,tamano_empresa_empleados,importe,dato_unico,"TAMANO DE MUESTRA, no es una magnitud economica; serie SAFE.H.ES.LAR.A.0.0.0.Q8B.ZZZZ.NT.AL.WN"
Espana,linea_credito_circulante,Q8B. Tipo cobrado por la linea de credito o descubierto | Grande (250+) | n respuestas (ponderado),107.5187,pct_anual,2019-S1,"BCE, encuesta SAFE (ECB Data Portal, dataset SAFE)",https://data.ecb.europa.eu/data/datasets/SAFE/SAFE.SAFE.H.ES.LAR.A.0.0.0.Q8B.ZZZZ.NT.AL.WN,2026-09-16,,,tamano_empresa_empleados,importe,dato_unico,"TAMANO DE MUESTRA, no es una magnitud economica; serie SAFE.H.ES.LAR.A.0.0.0.Q8B.ZZZZ.NT.AL.WN"
Espana,linea_credito_circulante,Q8B. Tipo cobrado por la linea de credito o descubierto | Grande (250+) | n respuestas (ponderado),145.7079,pct_anual,2019-S2,"BCE, encuesta SAFE (ECB Data Portal, dataset SAFE)",https://data.ecb.europa.eu/data/datasets/SAFE/SAFE.SAFE.H.ES.LAR.A.0.0.0.Q8B.ZZZZ.NT.AL.WN,2026-09-16,,,tamano_empresa_empleados,importe,dato_unico,"TAMANO DE MUESTRA, no es una magnitud economica; serie SAFE.H.ES.LAR.A.0.0.0.Q8B.ZZZZ.NT.AL.WN"
Espana,linea_credito_circulante,Q8B. Tipo cobrado por la linea de credito o descubierto | Grande (250+) | n respuestas (ponderado),170.4475,pct_anual,2020-S1,"BCE, encuesta SAFE (ECB Data Portal, dataset SAFE)",https://data.ecb.europa.eu/data/datasets/SAFE/SAFE.SAFE.H.ES.LAR.A.0.0.0.Q8B.ZZZZ.NT.AL.WN,2026-09-16,,,tamano_empresa_empleados,importe,dato_unico,"TAMANO DE MUESTRA, no es una magnitud economica; serie SAFE.H.ES.LAR.A.0.0.0.Q8B.ZZZZ.NT.AL.WN"
Espana,linea_credito_circulante,Q8B. Tipo cobrado por la linea de credito o descubierto | Grande (250+) | n respuestas (ponderado),111.7667,pct_anual,2020-S2,"BCE, encuesta SAFE (ECB Data Portal, dataset SAFE)",https://data.ecb.europa.eu/data/datasets/SAFE/SAFE.SAFE.H.ES.LAR.A.0.0.0.Q8B.ZZZZ.NT.AL.WN,2026-09-16,,,tamano_empresa_empleados,importe,dato_unico,"TAMANO DE MUESTRA, no es una magnitud economica; serie SAFE.H.ES.LAR.A.0.0.0.Q8B.ZZZZ.NT.AL.WN"
Espana,linea_credito_circulante,Q8B. Tipo cobrado por la linea de credito o descubierto | Grande (250+) | n respuestas (ponderado),108.1067,pct_anual,2021-S1,"BCE, encuesta SAFE (ECB Data Portal, dataset SAFE)",https://data.ecb.europa.eu/data/datasets/SAFE/SAFE.SAFE.H.ES.LAR.A.0.0.0.Q8B.ZZZZ.NT.AL.WN,2026-09-16,,,tamano_empresa_empleados,importe,dato_unico,"TAMANO DE MUESTRA, no es una magnitud economica; serie SAFE.H.ES.LAR.A.0.0.0.Q8B.ZZZZ.NT.AL.WN"
Espana,linea_credito_circulante,Q8B. Tipo cobrado por la linea de credito o descubierto | Grande (250+) | n respuestas (ponderado),113.7259,pct_anual,2021-S2,"BCE, encuesta SAFE (ECB Data Portal, dataset SAFE)",https://data.ecb.europa.eu/data/datasets/SAFE/SAFE.SAFE.H.ES.LAR.A.0.0.0.Q8B.ZZZZ.NT.AL.WN,2026-09-16,,,tamano_empresa_empleados,importe,dato_unico,"TAMANO DE MUESTRA, no es una magnitud economica; serie SAFE.H.ES.LAR.A.0.0.0.Q8B.ZZZZ.NT.AL.WN"
Espana,linea_credito_circulante,Q8B. Tipo cobrado por la linea de credito o descubierto | Grande (250+) | n respuestas (ponderado),78.83985,pct_anual,2022-S1,"BCE, encuesta SAFE (ECB Data Portal, dataset SAFE)",https://data.ecb.europa.eu/data/datasets/SAFE/SAFE.SAFE.H.ES.LAR.A.0.0.0.Q8B.ZZZZ.NT.AL.WN,2026-09-16,,,tamano_empresa_empleados,importe,dato_unico,"TAMANO DE MUESTRA, no es una magnitud economica; serie SAFE.H.ES.LAR.A.0.0.0.Q8B.ZZZZ.NT.AL.WN"
Alemania,linea_credito_circulante,Q8B. Tipo cobrado por la linea de credito o descubierto | PYME (<250 empleados) | n respuestas (sin ponderar),111,pct_anual,2014-S1,"BCE, encuesta SAFE (ECB Data Portal, dataset SAFE)",https://data.ecb.europa.eu/data/datasets/SAFE/SAFE.SAFE.H.DE.SME.A.0.0.0.Q8B.ZZZZ.NT.AL.UN,2026-09-16,,,tamano_empresa_empleados,importe,dato_unico,"TAMANO DE MUESTRA, no es una magnitud economica; serie SAFE.H.DE.SME.A.0.0.0.Q8B.ZZZZ.NT.AL.UN"
Alemania,linea_credito_circulante,Q8B. Tipo cobrado por la linea de credito o descubierto | PYME (<250 empleados) | n respuestas (sin ponderar),141,pct_anual,2014-S2,"BCE, encuesta SAFE (ECB Data Portal, dataset SAFE)",https://data.ecb.europa.eu/data/datasets/SAFE/SAFE.SAFE.H.DE.SME.A.0.0.0.Q8B.ZZZZ.NT.AL.UN,2026-09-16,,,tamano_empresa_empleados,importe,dato_unico,"TAMANO DE MUESTRA, no es una magnitud economica; serie SAFE.H.DE.SME.A.0.0.0.Q8B.ZZZZ.NT.AL.UN"
Alemania,linea_credito_circulante,Q8B. Tipo cobrado por la linea de credito o descubierto | PYME (<250 empleados) | n respuestas (sin ponderar),137,pct_anual,2015-S1,"BCE, encuesta SAFE (ECB Data Portal, dataset SAFE)",https://data.ecb.europa.eu/data/datasets/SAFE/SAFE.SAFE.H.DE.SME.A.0.0.0.Q8B.ZZZZ.NT.AL.UN,2026-09-16,,,tamano_empresa_empleados,importe,dato_unico,"TAMANO DE MUESTRA, no es una magnitud economica; serie SAFE.H.DE.SME.A.0.0.0.Q8B.ZZZZ.NT.AL.UN"
Alemania,linea_credito_circulante,Q8B. Tipo cobrado por la linea de credito o descubierto | PYME (<250 empleados) | n respuestas (sin ponderar),177,pct_anual,2015-S2,"BCE, encuesta SAFE (ECB Data Portal, dataset SAFE)",https://data.ecb.europa.eu/data/datasets/SAFE/SAFE.SAFE.H.DE.SME.A.0.0.0.Q8B.ZZZZ.NT.AL.UN,2026-09-16,,,tamano_empresa_empleados,importe,dato_unico,"TAMANO DE MUESTRA, no es una magnitud economica; serie SAFE.H.DE.SME.A.0.0.0.Q8B.ZZZZ.NT.AL.UN"
Alemania,linea_credito_circulante,Q8B. Tipo cobrado por la linea de credito o descubierto | PYME (<250 empleados) | n respuestas (sin ponderar),154,pct_anual,2016-S1,"BCE, encuesta SAFE (ECB Data Portal, dataset SAFE)",https://data.ecb.europa.eu/data/datasets/SAFE/SAFE.SAFE.H.DE.SME.A.0.0.0.Q8B.ZZZZ.NT.AL.UN,2026-09-16,,,tamano_empresa_empleados,importe,dato_unico,"TAMANO DE MUESTRA, no es una magnitud economica; serie SAFE.H.DE.SME.A.0.0.0.Q8B.ZZZZ.NT.AL.UN"
Alemania,linea_credito_circulante,Q8B. Tipo cobrado por la linea de credito o descubierto | PYME (<250 empleados) | n respuestas (sin ponderar),166,pct_anual,2016-S2,"BCE, encuesta SAFE (ECB Data Portal, dataset SAFE)",https://data.ecb.europa.eu/data/datasets/SAFE/SAFE.SAFE.H.DE.SME.A.0.0.0.Q8B.ZZZZ.NT.AL.UN,2026-09-16,,,tamano_empresa_empleados,importe,dato_unico,"TAMANO DE MUESTRA, no es una magnitud economica; serie SAFE.H.DE.SME.A.0.0.0.Q8B.ZZZZ.NT.AL.UN"
Alemania,linea_credito_circulante,Q8B. Tipo cobrado por la linea de credito o descubierto | PYME (<250 empleados) | n respuestas (sin ponderar),120,pct_anual,2017-S1,"BCE, encuesta SAFE (ECB Data Portal, dataset SAFE)",https://data.ecb.europa.eu/data/datasets/SAFE/SAFE.SAFE.H.DE.SME.A.0.0.0.Q8B.ZZZZ.NT.AL.UN,2026-09-16,,,tamano_empresa_empleados,importe,dato_unico,"TAMANO DE MUESTRA, no es una magnitud economica; serie SAFE.H.DE.SME.A.0.0.0.Q8B.ZZZZ.NT.AL.UN"
Alemania,linea_credito_circulante,Q8B. Tipo cobrado por la linea de credito o descubierto | PYME (<250 empleados) | n respuestas (sin ponderar),180,pct_anual,2017-S2,"BCE, encuesta SAFE (ECB Data Portal, dataset SAFE)",https://data.ecb.europa.eu/data/datasets/SAFE/SAFE.SAFE.H.DE.SME.A.0.0.0.Q8B.ZZZZ.NT.AL.UN,2026-09-16,,,tamano_empresa_empleados,importe,dato_unico,"TAMANO DE MUESTRA, no es una magnitud economica; serie SAFE.H.DE.SME.A.0.0.0.Q8B.ZZZZ.NT.AL.UN"
Alemania,linea_credito_circulante,Q8B. Tipo cobrado por la linea de credito o descubierto | PYME (<250 empleados) | n respuestas (sin ponderar),147,pct_anual,2018-S1,"BCE, encuesta SAFE (ECB Data Portal, dataset SAFE)",https://data.ecb.europa.eu/data/datasets/SAFE/SAFE.SAFE.H.DE.SME.A.0.0.0.Q8B.ZZZZ.NT.AL.UN,2026-09-16,,,tamano_empresa_empleados,importe,dato_unico,"TAMANO DE MUESTRA, no es una magnitud economica; serie SAFE.H.DE.SME.A.0.0.0.Q8B.ZZZZ.NT.AL.UN"
Alemania,linea_credito_circulante,Q8B. Tipo cobrado por la linea de credito o descubierto | PYME (<250 empleados) | n respuestas (sin ponderar),144,pct_anual,2018-S2,"BCE, encuesta SAFE (ECB Data Portal, dataset SAFE)",https://data.ecb.europa.eu/data/datasets/SAFE/SAFE.SAFE.H.DE.SME.A.0.0.0.Q8B.ZZZZ.NT.AL.UN,2026-09-16,,,tamano_empresa_empleados,importe,dato_unico,"TAMANO DE MUESTRA, no es una magnitud economica; serie SAFE.H.DE.SME.A.0.0.0.Q8B.ZZZZ.NT.AL.UN"
Alemania,linea_credito_circulante,Q8B. Tipo cobrado por la linea de credito o descubierto | PYME (<250 empleados) | n respuestas (sin ponderar),127,pct_anual,2019-S1,"BCE, encuesta SAFE (ECB Data Portal, dataset SAFE)",https://data.ecb.europa.eu/data/datasets/SAFE/SAFE.SAFE.H.DE.SME.A.0.0.0.Q8B.ZZZZ.NT.AL.UN,2026-09-16,,,tamano_empresa_empleados,importe,dato_unico,"TAMANO DE MUESTRA, no es una magnitud economica; serie SAFE.H.DE.SME.A.0.0.0.Q8B.ZZZZ.NT.AL.UN"
Alemania,linea_credito_circulante,Q8B. Tipo cobrado por la linea de credito o descubierto | PYME (<250 empleados) | n respuestas (sin ponderar),128,pct_anual,2019-S2,"BCE, encuesta SAFE (ECB Data Portal, dataset SAFE)",https://data.ecb.europa.eu/data/datasets/SAFE/SAFE.SAFE.H.DE.SME.A.0.0.0.Q8B.ZZZZ.NT.AL.UN,2026-09-16,,,tamano_empresa_empleados,importe,dato_unico,"TAMANO DE MUESTRA, no es una magnitud economica; serie SAFE.H.DE.SME.A.0.0.0.Q8B.ZZZZ.NT.AL.UN"
Alemania,linea_credito_circulante,Q8B. Tipo cobrado por la linea de credito o descubierto | PYME (<250 empleados) | n respuestas (sin ponderar),133,pct_anual,2020-S1,"BCE, encuesta SAFE (ECB Data Portal, dataset SAFE)",https://data.ecb.europa.eu/data/datasets/SAFE/SAFE.SAFE.H.DE.SME.A.0.0.0.Q8B.ZZZZ.NT.AL.UN,2026-09-16,,,tamano_empresa_empleados,importe,dato_unico,"TAMANO DE MUESTRA, no es una magnitud economica; serie SAFE.H.DE.SME.A.0.0.0.Q8B.ZZZZ.NT.AL.UN"
Alemania,linea_credito_circulante,Q8B. Tipo cobrado por la linea de credito o descubierto | PYME (<250 empleados) | n respuestas (sin ponderar),85,pct_anual,2020-S2,"BCE, encuesta SAFE (ECB Data Portal, dataset SAFE)",https://data.ecb.europa.eu/data/datasets/SAFE/SAFE.SAFE.H.DE.SME.A.0.0.0.Q8B.ZZZZ.NT.AL.UN,2026-09-16,,,tamano_empresa_empleados,importe,dato_unico,"TAMANO DE MUESTRA, no es una magnitud economica; serie SAFE.H.DE.SME.A.0.0.0.Q8B.ZZZZ.NT.AL.UN"
Alemania,linea_credito_circulante,Q8B. Tipo cobrado por la linea de credito o descubierto | PYME (<250 empleados) | n respuestas (sin ponderar),89,pct_anual,2021-S1,"BCE, encuesta SAFE (ECB Data Portal, dataset SAFE)",https://data.ecb.europa.eu/data/datasets/SAFE/SAFE.SAFE.H.DE.SME.A.0.0.0.Q8B.ZZZZ.NT.AL.UN,2026-09-16,,,tamano_empresa_empleados,importe,dato_unico,"TAMANO DE MUESTRA, no es una magnitud economica; serie SAFE.H.DE.SME.A.0.0.0.Q8B.ZZZZ.NT.AL.UN"
Alemania,linea_credito_circulante,Q8B. Tipo cobrado por la linea de credito o descubierto | PYME (<250 empleados) | n respuestas (sin ponderar),98,pct_anual,2021-S2,"BCE, encuesta SAFE (ECB Data Portal, dataset SAFE)",https://data.ecb.europa.eu/data/datasets/SAFE/SAFE.SAFE.H.DE.SME.A.0.0.0.Q8B.ZZZZ.NT.AL.UN,2026-09-16,,,tamano_empresa_empleados,importe,dato_unico,"TAMANO DE MUESTRA, no es una magnitud economica; serie SAFE.H.DE.SME.A.0.0.0.Q8B.ZZZZ.NT.AL.UN"
Alemania,linea_credito_circulante,Q8B. Tipo cobrado por la linea de credito o descubierto | PYME (<250 empleados) | n respuestas (sin ponderar),85,pct_anual,2022-S1,"BCE, encuesta SAFE (ECB Data Portal, dataset SAFE)",https://data.ecb.europa.eu/data/datasets/SAFE/SAFE.SAFE.H.DE.SME.A.0.0.0.Q8B.ZZZZ.NT.AL.UN,2026-09-16,,,tamano_empresa_empleados,importe,dato_unico,"TAMANO DE MUESTRA, no es una magnitud economica; serie SAFE.H.DE.SME.A.0.0.0.Q8B.ZZZZ.NT.AL.UN"
Alemania,linea_credito_circulante,Q8B. Tipo cobrado por la linea de credito o descubierto | PYME (<250 empleados) | media ponderada,6.61787,pct_anual,2014-S1,"BCE, encuesta SAFE (ECB Data Portal, dataset SAFE)",https://data.ecb.europa.eu/data/datasets/SAFE/SAFE.SAFE.H.DE.SME.A.0.0.0.Q8B.ZZZZ.NT.AL.WA,2026-09-16,,,tamano_empresa_empleados,nivel,media_ponderada_volumen,serie SAFE.H.DE.SME.A.0.0.0.Q8B.ZZZZ.NT.AL.WA
Alemania,linea_credito_circulante,Q8B. Tipo cobrado por la linea de credito o descubierto | PYME (<250 empleados) | media ponderada,5.246221,pct_anual,2014-S2,"BCE, encuesta SAFE (ECB Data Portal, dataset SAFE)",https://data.ecb.europa.eu/data/datasets/SAFE/SAFE.SAFE.H.DE.SME.A.0.0.0.Q8B.ZZZZ.NT.AL.WA,2026-09-16,,,tamano_empresa_empleados,nivel,media_ponderada_volumen,serie SAFE.H.DE.SME.A.0.0.0.Q8B.ZZZZ.NT.AL.WA
Alemania,linea_credito_circulante,Q8B. Tipo cobrado por la linea de credito o descubierto | PYME (<250 empleados) | media ponderada,5.328299,pct_anual,2015-S1,"BCE, encuesta SAFE (ECB Data Portal, dataset SAFE)",https://data.ecb.europa.eu/data/datasets/SAFE/SAFE.SAFE.H.DE.SME.A.0.0.0.Q8B.ZZZZ.NT.AL.WA,2026-09-16,,,tamano_empresa_empleados,nivel,media_ponderada_volumen,serie SAFE.H.DE.SME.A.0.0.0.Q8B.ZZZZ.NT.AL.WA
Alemania,linea_credito_circulante,Q8B. Tipo cobrado por la linea de credito o descubierto | PYME (<250 empleados) | media ponderada,4.69694,pct_anual,2015-S2,"BCE, encuesta SAFE (ECB Data Portal, dataset SAFE)",https://data.ecb.europa.eu/data/datasets/SAFE/SAFE.SAFE.H.DE.SME.A.0.0.0.Q8B.ZZZZ.NT.AL.WA,2026-09-16,,,tamano_empresa_empleados,nivel,media_ponderada_volumen,serie SAFE.H.DE.SME.A.0.0.0.Q8B.ZZZZ.NT.AL.WA
Alemania,linea_credito_circulante,Q8B. Tipo cobrado por la linea de credito o descubierto | PYME (<250 empleados) | media ponderada,4.433096,pct_anual,2016-S1,"BCE, encuesta SAFE (ECB Data Portal, dataset SAFE)",https://data.ecb.europa.eu/data/datasets/SAFE/SAFE.SAFE.H.DE.SME.A.0.0.0.Q8B.ZZZZ.NT.AL.WA,2026-09-16,,,tamano_empresa_empleados,nivel,media_ponderada_volumen,serie SAFE.H.DE.SME.A.0.0.0.Q8B.ZZZZ.NT.AL.WA
Alemania,linea_credito_circulante,Q8B. Tipo cobrado por la linea de credito o descubierto | PYME (<250 empleados) | media ponderada,4.507703,pct_anual,2016-S2,"BCE, encuesta SAFE (ECB Data Portal, dataset SAFE)",https://data.ecb.europa.eu/data/datasets/SAFE/SAFE.SAFE.H.DE.SME.A.0.0.0.Q8B.ZZZZ.NT.AL.WA,2026-09-16,,,tamano_empresa_empleados,nivel,media_ponderada_volumen,serie SAFE.H.DE.SME.A.0.0.0.Q8B.ZZZZ.NT.AL.WA
Alemania,linea_credito_circulante,Q8B. Tipo cobrado por la linea de credito o descubierto | PYME (<250 empleados) | media ponderada,4.325415,pct_anual,2017-S1,"BCE, encuesta SAFE (ECB Data Portal, dataset SAFE)",https://data.ecb.europa.eu/data/datasets/SAFE/SAFE.SAFE.H.DE.SME.A.0.0.0.Q8B.ZZZZ.NT.AL.WA,2026-09-16,,,tamano_empresa_empleados,nivel,media_ponderada_volumen,serie SAFE.H.DE.SME.A.0.0.0.Q8B.ZZZZ.NT.AL.WA
Alemania,linea_credito_circulante,Q8B. Tipo cobrado por la linea de credito o descubierto | PYME (<250 empleados) | media ponderada,4.221461,pct_anual,2017-S2,"BCE, encuesta SAFE (ECB Data Portal, dataset SAFE)",https://data.ecb.europa.eu/data/datasets/SAFE/SAFE.SAFE.H.DE.SME.A.0.0.0.Q8B.ZZZZ.NT.AL.WA,2026-09-16,,,tamano_empresa_empleados,nivel,media_ponderada_volumen,serie SAFE.H.DE.SME.A.0.0.0.Q8B.ZZZZ.NT.AL.WA
Alemania,linea_credito_circulante,Q8B. Tipo cobrado por la linea de credito o descubierto | PYME (<250 empleados) | media ponderada,3.963534,pct_anual,2018-S1,"BCE, encuesta SAFE (ECB Data Portal, dataset SAFE)",https://data.ecb.europa.eu/data/datasets/SAFE/SAFE.SAFE.H.DE.SME.A.0.0.0.Q8B.ZZZZ.NT.AL.WA,2026-09-16,,,tamano_empresa_empleados,nivel,media_ponderada_volumen,serie SAFE.H.DE.SME.A.0.0.0.Q8B.ZZZZ.NT.AL.WA
Alemania,linea_credito_circulante,Q8B. Tipo cobrado por la linea de credito o descubierto | PYME (<250 empleados) | media ponderada,4.014536,pct_anual,2018-S2,"BCE, encuesta SAFE (ECB Data Portal, dataset SAFE)",https://data.ecb.europa.eu/data/datasets/SAFE/SAFE.SAFE.H.DE.SME.A.0.0.0.Q8B.ZZZZ.NT.AL.WA,2026-09-16,,,tamano_empresa_empleados,nivel,media_ponderada_volumen,serie SAFE.H.DE.SME.A.0.0.0.Q8B.ZZZZ.NT.AL.WA
Alemania,linea_credito_circulante,Q8B. Tipo cobrado por la linea de credito o descubierto | PYME (<250 empleados) | media ponderada,4.099648,pct_anual,2019-S1,"BCE, encuesta SAFE (ECB Data Portal, dataset SAFE)",https://data.ecb.europa.eu/data/datasets/SAFE/SAFE.SAFE.H.DE.SME.A.0.0.0.Q8B.ZZZZ.NT.AL.WA,2026-09-16,,,tamano_empresa_empleados,nivel,media_ponderada_volumen,serie SAFE.H.DE.SME.A.0.0.0.Q8B.ZZZZ.NT.AL.WA
Alemania,linea_credito_circulante,Q8B. Tipo cobrado por la linea de credito o descubierto | PYME (<250 empleados) | media ponderada,4.225504,pct_anual,2019-S2,"BCE, encuesta SAFE (ECB Data Portal, dataset SAFE)",https://data.ecb.europa.eu/data/datasets/SAFE/SAFE.SAFE.H.DE.SME.A.0.0.0.Q8B.ZZZZ.NT.AL.WA,2026-09-16,,,tamano_empresa_empleados,nivel,media_ponderada_volumen,serie SAFE.H.DE.SME.A.0.0.0.Q8B.ZZZZ.NT.AL.WA
Alemania,linea_credito_circulante,Q8B. Tipo cobrado por la linea de credito o descubierto | PYME (<250 empleados) | media ponderada,2.91988,pct_anual,2020-S1,"BCE, encuesta SAFE (ECB Data Portal, dataset SAFE)",https://data.ecb.europa.eu/data/datasets/SAFE/SAFE.SAFE.H.DE.SME.A.0.0.0.Q8B.ZZZZ.NT.AL.WA,2026-09-16,,,tamano_empresa_empleados,nivel,media_ponderada_volumen,serie SAFE.H.DE.SME.A.0.0.0.Q8B.ZZZZ.NT.AL.WA
Alemania,linea_credito_circulante,Q8B. Tipo cobrado por la linea de credito o descubierto | PYME (<250 empleados) | media ponderada,3.148559,pct_anual,2020-S2,"BCE, encuesta SAFE (ECB Data Portal, dataset SAFE)",https://data.ecb.europa.eu/data/datasets/SAFE/SAFE.SAFE.H.DE.SME.A.0.0.0.Q8B.ZZZZ.NT.AL.WA,2026-09-16,,,tamano_empresa_empleados,nivel,media_ponderada_volumen,serie SAFE.H.DE.SME.A.0.0.0.Q8B.ZZZZ.NT.AL.WA
Alemania,linea_credito_circulante,Q8B. Tipo cobrado por la linea de credito o descubierto | PYME (<250 empleados) | media ponderada,2.337044,pct_anual,2021-S1,"BCE, encuesta SAFE (ECB Data Portal, dataset SAFE)",https://data.ecb.europa.eu/data/datasets/SAFE/SAFE.SAFE.H.DE.SME.A.0.0.0.Q8B.ZZZZ.NT.AL.WA,2026-09-16,,,tamano_empresa_empleados,nivel,media_ponderada_volumen,serie SAFE.H.DE.SME.A.0.0.0.Q8B.ZZZZ.NT.AL.WA
Alemania,linea_credito_circulante,Q8B. Tipo cobrado por la linea de credito o descubierto | PYME (<250 empleados) | media ponderada,4.174004,pct_anual,2021-S2,"BCE, encuesta SAFE (ECB Data Portal, dataset SAFE)",https://data.ecb.europa.eu/data/datasets/SAFE/SAFE.SAFE.H.DE.SME.A.0.0.0.Q8B.ZZZZ.NT.AL.WA,2026-09-16,,,tamano_empresa_empleados,nivel,media_ponderada_volumen,serie SAFE.H.DE.SME.A.0.0.0.Q8B.ZZZZ.NT.AL.WA
Alemania,linea_credito_circulante,Q8B. Tipo cobrado por la linea de credito o descubierto | PYME (<250 empleados) | media ponderada,3.433797,pct_anual,2022-S1,"BCE, encuesta SAFE (ECB Data Portal, dataset SAFE)",https://data.ecb.europa.eu/data/datasets/SAFE/SAFE.SAFE.H.DE.SME.A.0.0.0.Q8B.ZZZZ.NT.AL.WA,2026-09-16,,,tamano_empresa_empleados,nivel,media_ponderada_volumen,serie SAFE.H.DE.SME.A.0.0.0.Q8B.ZZZZ.NT.AL.WA
Alemania,linea_credito_circulante,Q8B. Tipo cobrado por la linea de credito o descubierto | PYME (<250 empleados) | mediana ponderada,6,pct_anual,2014-S1,"BCE, encuesta SAFE (ECB Data Portal, dataset SAFE)",https://data.ecb.europa.eu/data/datasets/SAFE/SAFE.SAFE.H.DE.SME.A.0.0.0.Q8B.ZZZZ.NT.AL.WM,2026-09-16,,,tamano_empresa_empleados,nivel,dato_unico,serie SAFE.H.DE.SME.A.0.0.0.Q8B.ZZZZ.NT.AL.WM
Alemania,linea_credito_circulante,Q8B. Tipo cobrado por la linea de credito o descubierto | PYME (<250 empleados) | mediana ponderada,4.15,pct_anual,2014-S2,"BCE, encuesta SAFE (ECB Data Portal, dataset SAFE)",https://data.ecb.europa.eu/data/datasets/SAFE/SAFE.SAFE.H.DE.SME.A.0.0.0.Q8B.ZZZZ.NT.AL.WM,2026-09-16,,,tamano_empresa_empleados,nivel,dato_unico,serie SAFE.H.DE.SME.A.0.0.0.Q8B.ZZZZ.NT.AL.WM
Alemania,linea_credito_circulante,Q8B. Tipo cobrado por la linea de credito o descubierto | PYME (<250 empleados) | mediana ponderada,4.3,pct_anual,2015-S1,"BCE, encuesta SAFE (ECB Data Portal, dataset SAFE)",https://data.ecb.europa.eu/data/datasets/SAFE/SAFE.SAFE.H.DE.SME.A.0.0.0.Q8B.ZZZZ.NT.AL.WM,2026-09-16,,,tamano_empresa_empleados,nivel,dato_unico,serie SAFE.H.DE.SME.A.0.0.0.Q8B.ZZZZ.NT.AL.WM
Alemania,linea_credito_circulante,Q8B. Tipo cobrado por la linea de credito o descubierto | PYME (<250 empleados) | mediana ponderada,3.295911,pct_anual,2015-S2,"BCE, encuesta SAFE (ECB Data Portal, dataset SAFE)",https://data.ecb.europa.eu/data/datasets/SAFE/SAFE.SAFE.H.DE.SME.A.0.0.0.Q8B.ZZZZ.NT.AL.WM,2026-09-16,,,tamano_empresa_empleados,nivel,dato_unico,serie SAFE.H.DE.SME.A.0.0.0.Q8B.ZZZZ.NT.AL.WM
Alemania,linea_credito_circulante,Q8B. Tipo cobrado por la linea de credito o descubierto | PYME (<250 empleados) | mediana ponderada,3,pct_anual,2016-S1,"BCE, encuesta SAFE (ECB Data Portal, dataset SAFE)",https://data.ecb.europa.eu/data/datasets/SAFE/SAFE.SAFE.H.DE.SME.A.0.0.0.Q8B.ZZZZ.NT.AL.WM,2026-09-16,,,tamano_empresa_empleados,nivel,dato_unico,serie SAFE.H.DE.SME.A.0.0.0.Q8B.ZZZZ.NT.AL.WM
Alemania,linea_credito_circulante,Q8B. Tipo cobrado por la linea de credito o descubierto | PYME (<250 empleados) | mediana ponderada,3,pct_anual,2016-S2,"BCE, encuesta SAFE (ECB Data Portal, dataset SAFE)",https://data.ecb.europa.eu/data/datasets/SAFE/SAFE.SAFE.H.DE.SME.A.0.0.0.Q8B.ZZZZ.NT.AL.WM,2026-09-16,,,tamano_empresa_empleados,nivel,dato_unico,serie SAFE.H.DE.SME.A.0.0.0.Q8B.ZZZZ.NT.AL.WM
Alemania,linea_credito_circulante,Q8B. Tipo cobrado por la linea de credito o descubierto | PYME (<250 empleados) | mediana ponderada,3,pct_anual,2017-S1,"BCE, encuesta SAFE (ECB Data Portal, dataset SAFE)",https://data.ecb.europa.eu/data/datasets/SAFE/SAFE.SAFE.H.DE.SME.A.0.0.0.Q8B.ZZZZ.NT.AL.WM,2026-09-16,,,tamano_empresa_empleados,nivel,dato_unico,serie SAFE.H.DE.SME.A.0.0.0.Q8B.ZZZZ.NT.AL.WM
Alemania,linea_credito_circulante,Q8B. Tipo cobrado por la linea de credito o descubierto | PYME (<250 empleados) | mediana ponderada,3,pct_anual,2017-S2,"BCE, encuesta SAFE (ECB Data Portal, dataset SAFE)",https://data.ecb.europa.eu/data/datasets/SAFE/SAFE.SAFE.H.DE.SME.A.0.0.0.Q8B.ZZZZ.NT.AL.WM,2026-09-16,,,tamano_empresa_empleados,nivel,dato_unico,serie SAFE.H.DE.SME.A.0.0.0.Q8B.ZZZZ.NT.AL.WM
Alemania,linea_credito_circulante,Q8B. Tipo cobrado por la linea de credito o descubierto | PYME (<250 empleados) | mediana ponderada,2.65,pct_anual,2018-S1,"BCE, encuesta SAFE (ECB Data Portal, dataset SAFE)",https://data.ecb.europa.eu/data/datasets/SAFE/SAFE.SAFE.H.DE.SME.A.0.0.0.Q8B.ZZZZ.NT.AL.WM,2026-09-16,,,tamano_empresa_empleados,nivel,dato_unico,serie SAFE.H.DE.SME.A.0.0.0.Q8B.ZZZZ.NT.AL.WM
Alemania,linea_credito_circulante,Q8B. Tipo cobrado por la linea de credito o descubierto | PYME (<250 empleados) | mediana ponderada,2.65,pct_anual,2018-S2,"BCE, encuesta SAFE (ECB Data Portal, dataset SAFE)",https://data.ecb.europa.eu/data/datasets/SAFE/SAFE.SAFE.H.DE.SME.A.0.0.0.Q8B.ZZZZ.NT.AL.WM,2026-09-16,,,tamano_empresa_empleados,nivel,dato_unico,serie SAFE.H.DE.SME.A.0.0.0.Q8B.ZZZZ.NT.AL.WM
Alemania,linea_credito_circulante,Q8B. Tipo cobrado por la linea de credito o descubierto | PYME (<250 empleados) | mediana ponderada,3,pct_anual,2019-S1,"BCE, encuesta SAFE (ECB Data Portal, dataset SAFE)",https://data.ecb.europa.eu/data/datasets/SAFE/SAFE.SAFE.H.DE.SME.A.0.0.0.Q8B.ZZZZ.NT.AL.WM,2026-09-16,,,tamano_empresa_empleados,nivel,dato_unico,serie SAFE.H.DE.SME.A.0.0.0.Q8B.ZZZZ.NT.AL.WM
Alemania,linea_credito_circulante,Q8B. Tipo cobrado por la linea de credito o descubierto | PYME (<250 empleados) | mediana ponderada,2.5,pct_anual,2019-S2,"BCE, encuesta SAFE (ECB Data Portal, dataset SAFE)",https://data.ecb.europa.eu/data/datasets/SAFE/SAFE.SAFE.H.DE.SME.A.0.0.0.Q8B.ZZZZ.NT.AL.WM,2026-09-16,,,tamano_empresa_empleados,nivel,dato_unico,serie SAFE.H.DE.SME.A.0.0.0.Q8B.ZZZZ.NT.AL.WM
Alemania,linea_credito_circulante,Q8B. Tipo cobrado por la linea de credito o descubierto | PYME (<250 empleados) | mediana ponderada,2,pct_anual,2020-S1,"BCE, encuesta SAFE (ECB Data Portal, dataset SAFE)",https://data.ecb.europa.eu/data/datasets/SAFE/SAFE.SAFE.H.DE.SME.A.0.0.0.Q8B.ZZZZ.NT.AL.WM,2026-09-16,,,tamano_empresa_empleados,nivel,dato_unico,serie SAFE.H.DE.SME.A.0.0.0.Q8B.ZZZZ.NT.AL.WM
Alemania,linea_credito_circulante,Q8B. Tipo cobrado por la linea de credito o descubierto | PYME (<250 empleados) | mediana ponderada,2.5,pct_anual,2020-S2,"BCE, encuesta SAFE (ECB Data Portal, dataset SAFE)",https://data.ecb.europa.eu/data/datasets/SAFE/SAFE.SAFE.H.DE.SME.A.0.0.0.Q8B.ZZZZ.NT.AL.WM,2026-09-16,,,tamano_empresa_empleados,nivel,dato_unico,serie SAFE.H.DE.SME.A.0.0.0.Q8B.ZZZZ.NT.AL.WM
Alemania,linea_credito_circulante,Q8B. Tipo cobrado por la linea de credito o descubierto | PYME (<250 empleados) | mediana ponderada,1.5,pct_anual,2021-S1,"BCE, encuesta SAFE (ECB Data Portal, dataset SAFE)",https://data.ecb.europa.eu/data/datasets/SAFE/SAFE.SAFE.H.DE.SME.A.0.0.0.Q8B.ZZZZ.NT.AL.WM,2026-09-16,,,tamano_empresa_empleados,nivel,dato_unico,serie SAFE.H.DE.SME.A.0.0.0.Q8B.ZZZZ.NT.AL.WM
Alemania,linea_credito_circulante,Q8B. Tipo cobrado por la linea de credito o descubierto | PYME (<250 empleados) | mediana ponderada,2.92,pct_anual,2021-S2,"BCE, encuesta SAFE (ECB Data Portal, dataset SAFE)",https://data.ecb.europa.eu/data/datasets/SAFE/SAFE.SAFE.H.DE.SME.A.0.0.0.Q8B.ZZZZ.NT.AL.WM,2026-09-16,,,tamano_empresa_empleados,nivel,dato_unico,serie SAFE.H.DE.SME.A.0.0.0.Q8B.ZZZZ.NT.AL.WM
Alemania,linea_credito_circulante,Q8B. Tipo cobrado por la linea de credito o descubierto | PYME (<250 empleados) | mediana ponderada,2.853026,pct_anual,2022-S1,"BCE, encuesta SAFE (ECB Data Portal, dataset SAFE)",https://data.ecb.europa.eu/data/datasets/SAFE/SAFE.SAFE.H.DE.SME.A.0.0.0.Q8B.ZZZZ.NT.AL.WM,2026-09-16,,,tamano_empresa_empleados,nivel,dato_unico,serie SAFE.H.DE.SME.A.0.0.0.Q8B.ZZZZ.NT.AL.WM
Alemania,linea_credito_circulante,Q8B. Tipo cobrado por la linea de credito o descubierto | PYME (<250 empleados) | n respuestas (ponderado),183.1249,pct_anual,2014-S1,"BCE, encuesta SAFE (ECB Data Portal, dataset SAFE)",https://data.ecb.europa.eu/data/datasets/SAFE/SAFE.SAFE.H.DE.SME.A.0.0.0.Q8B.ZZZZ.NT.AL.WN,2026-09-16,,,tamano_empresa_empleados,importe,dato_unico,"TAMANO DE MUESTRA, no es una magnitud economica; serie SAFE.H.DE.SME.A.0.0.0.Q8B.ZZZZ.NT.AL.WN"
Alemania,linea_credito_circulante,Q8B. Tipo cobrado por la linea de credito o descubierto | PYME (<250 empleados) | n respuestas (ponderado),224.7725,pct_anual,2014-S2,"BCE, encuesta SAFE (ECB Data Portal, dataset SAFE)",https://data.ecb.europa.eu/data/datasets/SAFE/SAFE.SAFE.H.DE.SME.A.0.0.0.Q8B.ZZZZ.NT.AL.WN,2026-09-16,,,tamano_empresa_empleados,importe,dato_unico,"TAMANO DE MUESTRA, no es una magnitud economica; serie SAFE.H.DE.SME.A.0.0.0.Q8B.ZZZZ.NT.AL.WN"
Alemania,linea_credito_circulante,Q8B. Tipo cobrado por la linea de credito o descubierto | PYME (<250 empleados) | n respuestas (ponderado),203.2055,pct_anual,2015-S1,"BCE, encuesta SAFE (ECB Data Portal, dataset SAFE)",https://data.ecb.europa.eu/data/datasets/SAFE/SAFE.SAFE.H.DE.SME.A.0.0.0.Q8B.ZZZZ.NT.AL.WN,2026-09-16,,,tamano_empresa_empleados,importe,dato_unico,"TAMANO DE MUESTRA, no es una magnitud economica; serie SAFE.H.DE.SME.A.0.0.0.Q8B.ZZZZ.NT.AL.WN"
Alemania,linea_credito_circulante,Q8B. Tipo cobrado por la linea de credito o descubierto | PYME (<250 empleados) | n respuestas (ponderado),283.5752,pct_anual,2015-S2,"BCE, encuesta SAFE (ECB Data Portal, dataset SAFE)",https://data.ecb.europa.eu/data/datasets/SAFE/SAFE.SAFE.H.DE.SME.A.0.0.0.Q8B.ZZZZ.NT.AL.WN,2026-09-16,,,tamano_empresa_empleados,importe,dato_unico,"TAMANO DE MUESTRA, no es una magnitud economica; serie SAFE.H.DE.SME.A.0.0.0.Q8B.ZZZZ.NT.AL.WN"
Alemania,linea_credito_circulante,Q8B. Tipo cobrado por la linea de credito o descubierto | PYME (<250 empleados) | n respuestas (ponderado),238.6578,pct_anual,2016-S1,"BCE, encuesta SAFE (ECB Data Portal, dataset SAFE)",https://data.ecb.europa.eu/data/datasets/SAFE/SAFE.SAFE.H.DE.SME.A.0.0.0.Q8B.ZZZZ.NT.AL.WN,2026-09-16,,,tamano_empresa_empleados,importe,dato_unico,"TAMANO DE MUESTRA, no es una magnitud economica; serie SAFE.H.DE.SME.A.0.0.0.Q8B.ZZZZ.NT.AL.WN"
Alemania,linea_credito_circulante,Q8B. Tipo cobrado por la linea de credito o descubierto | PYME (<250 empleados) | n respuestas (ponderado),276.3093,pct_anual,2016-S2,"BCE, encuesta SAFE (ECB Data Portal, dataset SAFE)",https://data.ecb.europa.eu/data/datasets/SAFE/SAFE.SAFE.H.DE.SME.A.0.0.0.Q8B.ZZZZ.NT.AL.WN,2026-09-16,,,tamano_empresa_empleados,importe,dato_unico,"TAMANO DE MUESTRA, no es una magnitud economica; serie SAFE.H.DE.SME.A.0.0.0.Q8B.ZZZZ.NT.AL.WN"
Alemania,linea_credito_circulante,Q8B. Tipo cobrado por la linea de credito o descubierto | PYME (<250 empleados) | n respuestas (ponderado),191.4394,pct_anual,2017-S1,"BCE, encuesta SAFE (ECB Data Portal, dataset SAFE)",https://data.ecb.europa.eu/data/datasets/SAFE/SAFE.SAFE.H.DE.SME.A.0.0.0.Q8B.ZZZZ.NT.AL.WN,2026-09-16,,,tamano_empresa_empleados,importe,dato_unico,"TAMANO DE MUESTRA, no es una magnitud economica; serie SAFE.H.DE.SME.A.0.0.0.Q8B.ZZZZ.NT.AL.WN"
Alemania,linea_credito_circulante,Q8B. Tipo cobrado por la linea de credito o descubierto | PYME (<250 empleados) | n respuestas (ponderado),313.2689,pct_anual,2017-S2,"BCE, encuesta SAFE (ECB Data Portal, dataset SAFE)",https://data.ecb.europa.eu/data/datasets/SAFE/SAFE.SAFE.H.DE.SME.A.0.0.0.Q8B.ZZZZ.NT.AL.WN,2026-09-16,,,tamano_empresa_empleados,importe,dato_unico,"TAMANO DE MUESTRA, no es una magnitud economica; serie SAFE.H.DE.SME.A.0.0.0.Q8B.ZZZZ.NT.AL.WN"
Alemania,linea_credito_circulante,Q8B. Tipo cobrado por la linea de credito o descubierto | PYME (<250 empleados) | n respuestas (ponderado),229.0584,pct_anual,2018-S1,"BCE, encuesta SAFE (ECB Data Portal, dataset SAFE)",https://data.ecb.europa.eu/data/datasets/SAFE/SAFE.SAFE.H.DE.SME.A.0.0.0.Q8B.ZZZZ.NT.AL.WN,2026-09-16,,,tamano_empresa_empleados,importe,dato_unico,"TAMANO DE MUESTRA, no es una magnitud economica; serie SAFE.H.DE.SME.A.0.0.0.Q8B.ZZZZ.NT.AL.WN"
Alemania,linea_credito_circulante,Q8B. Tipo cobrado por la linea de credito o descubierto | PYME (<250 empleados) | n respuestas (ponderado),237.8736,pct_anual,2018-S2,"BCE, encuesta SAFE (ECB Data Portal, dataset SAFE)",https://data.ecb.europa.eu/data/datasets/SAFE/SAFE.SAFE.H.DE.SME.A.0.0.0.Q8B.ZZZZ.NT.AL.WN,2026-09-16,,,tamano_empresa_empleados,importe,dato_unico,"TAMANO DE MUESTRA, no es una magnitud economica; serie SAFE.H.DE.SME.A.0.0.0.Q8B.ZZZZ.NT.AL.WN"
Alemania,linea_credito_circulante,Q8B. Tipo cobrado por la linea de credito o descubierto | PYME (<250 empleados) | n respuestas (ponderado),202.997,pct_anual,2019-S1,"BCE, encuesta SAFE (ECB Data Portal, dataset SAFE)",https://data.ecb.europa.eu/data/datasets/SAFE/SAFE.SAFE.H.DE.SME.A.0.0.0.Q8B.ZZZZ.NT.AL.WN,2026-09-16,,,tamano_empresa_empleados,importe,dato_unico,"TAMANO DE MUESTRA, no es una magnitud economica; serie SAFE.H.DE.SME.A.0.0.0.Q8B.ZZZZ.NT.AL.WN"
Alemania,linea_credito_circulante,Q8B. Tipo cobrado por la linea de credito o descubierto | PYME (<250 empleados) | n respuestas (ponderado),219.9667,pct_anual,2019-S2,"BCE, encuesta SAFE (ECB Data Portal, dataset SAFE)",https://data.ecb.europa.eu/data/datasets/SAFE/SAFE.SAFE.H.DE.SME.A.0.0.0.Q8B.ZZZZ.NT.AL.WN,2026-09-16,,,tamano_empresa_empleados,importe,dato_unico,"TAMANO DE MUESTRA, no es una magnitud economica; serie SAFE.H.DE.SME.A.0.0.0.Q8B.ZZZZ.NT.AL.WN"
Alemania,linea_credito_circulante,Q8B. Tipo cobrado por la linea de credito o descubierto | PYME (<250 empleados) | n respuestas (ponderado),240.587,pct_anual,2020-S1,"BCE, encuesta SAFE (ECB Data Portal, dataset SAFE)",https://data.ecb.europa.eu/data/datasets/SAFE/SAFE.SAFE.H.DE.SME.A.0.0.0.Q8B.ZZZZ.NT.AL.WN,2026-09-16,,,tamano_empresa_empleados,importe,dato_unico,"TAMANO DE MUESTRA, no es una magnitud economica; serie SAFE.H.DE.SME.A.0.0.0.Q8B.ZZZZ.NT.AL.WN"
Alemania,linea_credito_circulante,Q8B. Tipo cobrado por la linea de credito o descubierto | PYME (<250 empleados) | n respuestas (ponderado),164.4032,pct_anual,2020-S2,"BCE, encuesta SAFE (ECB Data Portal, dataset SAFE)",https://data.ecb.europa.eu/data/datasets/SAFE/SAFE.SAFE.H.DE.SME.A.0.0.0.Q8B.ZZZZ.NT.AL.WN,2026-09-16,,,tamano_empresa_empleados,importe,dato_unico,"TAMANO DE MUESTRA, no es una magnitud economica; serie SAFE.H.DE.SME.A.0.0.0.Q8B.ZZZZ.NT.AL.WN"
Alemania,linea_credito_circulante,Q8B. Tipo cobrado por la linea de credito o descubierto | PYME (<250 empleados) | n respuestas (ponderado),156.5505,pct_anual,2021-S1,"BCE, encuesta SAFE (ECB Data Portal, dataset SAFE)",https://data.ecb.europa.eu/data/datasets/SAFE/SAFE.SAFE.H.DE.SME.A.0.0.0.Q8B.ZZZZ.NT.AL.WN,2026-09-16,,,tamano_empresa_empleados,importe,dato_unico,"TAMANO DE MUESTRA, no es una magnitud economica; serie SAFE.H.DE.SME.A.0.0.0.Q8B.ZZZZ.NT.AL.WN"
Alemania,linea_credito_circulante,Q8B. Tipo cobrado por la linea de credito o descubierto | PYME (<250 empleados) | n respuestas (ponderado),171.4385,pct_anual,2021-S2,"BCE, encuesta SAFE (ECB Data Portal, dataset SAFE)",https://data.ecb.europa.eu/data/datasets/SAFE/SAFE.SAFE.H.DE.SME.A.0.0.0.Q8B.ZZZZ.NT.AL.WN,2026-09-16,,,tamano_empresa_empleados,importe,dato_unico,"TAMANO DE MUESTRA, no es una magnitud economica; serie SAFE.H.DE.SME.A.0.0.0.Q8B.ZZZZ.NT.AL.WN"
Alemania,linea_credito_circulante,Q8B. Tipo cobrado por la linea de credito o descubierto | PYME (<250 empleados) | n respuestas (ponderado),142.5989,pct_anual,2022-S1,"BCE, encuesta SAFE (ECB Data Portal, dataset SAFE)",https://data.ecb.europa.eu/data/datasets/SAFE/SAFE.SAFE.H.DE.SME.A.0.0.0.Q8B.ZZZZ.NT.AL.WN,2026-09-16,,,tamano_empresa_empleados,importe,dato_unico,"TAMANO DE MUESTRA, no es una magnitud economica; serie SAFE.H.DE.SME.A.0.0.0.Q8B.ZZZZ.NT.AL.WN"
Alemania,linea_credito_circulante,Q8B. Tipo cobrado por la linea de credito o descubierto | Micro (1-9) | n respuestas (sin ponderar),27,pct_anual,2014-S1,"BCE, encuesta SAFE (ECB Data Portal, dataset SAFE)",https://data.ecb.europa.eu/data/datasets/SAFE/SAFE.SAFE.H.DE.MIC.A.0.0.0.Q8B.ZZZZ.NT.AL.UN,2026-09-16,,,tamano_empresa_empleados,importe,dato_unico,"TAMANO DE MUESTRA, no es una magnitud economica; serie SAFE.H.DE.MIC.A.0.0.0.Q8B.ZZZZ.NT.AL.UN"
Alemania,linea_credito_circulante,Q8B. Tipo cobrado por la linea de credito o descubierto | Micro (1-9) | n respuestas (sin ponderar),17,pct_anual,2014-S2,"BCE, encuesta SAFE (ECB Data Portal, dataset SAFE)",https://data.ecb.europa.eu/data/datasets/SAFE/SAFE.SAFE.H.DE.MIC.A.0.0.0.Q8B.ZZZZ.NT.AL.UN,2026-09-16,,,tamano_empresa_empleados,importe,dato_unico,"TAMANO DE MUESTRA, no es una magnitud economica; serie SAFE.H.DE.MIC.A.0.0.0.Q8B.ZZZZ.NT.AL.UN"
Alemania,linea_credito_circulante,Q8B. Tipo cobrado por la linea de credito o descubierto | Micro (1-9) | n respuestas (sin ponderar),20,pct_anual,2015-S1,"BCE, encuesta SAFE (ECB Data Portal, dataset SAFE)",https://data.ecb.europa.eu/data/datasets/SAFE/SAFE.SAFE.H.DE.MIC.A.0.0.0.Q8B.ZZZZ.NT.AL.UN,2026-09-16,,,tamano_empresa_empleados,importe,dato_unico,"TAMANO DE MUESTRA, no es una magnitud economica; serie SAFE.H.DE.MIC.A.0.0.0.Q8B.ZZZZ.NT.AL.UN"
Alemania,linea_credito_circulante,Q8B. Tipo cobrado por la linea de credito o descubierto | Micro (1-9) | n respuestas (sin ponderar),30,pct_anual,2015-S2,"BCE, encuesta SAFE (ECB Data Portal, dataset SAFE)",https://data.ecb.europa.eu/data/datasets/SAFE/SAFE.SAFE.H.DE.MIC.A.0.0.0.Q8B.ZZZZ.NT.AL.UN,2026-09-16,,,tamano_empresa_empleados,importe,dato_unico,"TAMANO DE MUESTRA, no es una magnitud economica; serie SAFE.H.DE.MIC.A.0.0.0.Q8B.ZZZZ.NT.AL.UN"
Alemania,linea_credito_circulante,Q8B. Tipo cobrado por la linea de credito o descubierto | Micro (1-9) | n respuestas (sin ponderar),29,pct_anual,2016-S1,"BCE, encuesta SAFE (ECB Data Portal, dataset SAFE)",https://data.ecb.europa.eu/data/datasets/SAFE/SAFE.SAFE.H.DE.MIC.A.0.0.0.Q8B.ZZZZ.NT.AL.UN,2026-09-16,,,tamano_empresa_empleados,importe,dato_unico,"TAMANO DE MUESTRA, no es una magnitud economica; serie SAFE.H.DE.MIC.A.0.0.0.Q8B.ZZZZ.NT.AL.UN"
Alemania,linea_credito_circulante,Q8B. Tipo cobrado por la linea de credito o descubierto | Micro (1-9) | n respuestas (sin ponderar),30,pct_anual,2016-S2,"BCE, encuesta SAFE (ECB Data Portal, dataset SAFE)",https://data.ecb.europa.eu/data/datasets/SAFE/SAFE.SAFE.H.DE.MIC.A.0.0.0.Q8B.ZZZZ.NT.AL.UN,2026-09-16,,,tamano_empresa_empleados,importe,dato_unico,"TAMANO DE MUESTRA, no es una magnitud economica; serie SAFE.H.DE.MIC.A.0.0.0.Q8B.ZZZZ.NT.AL.UN"
Alemania,linea_credito_circulante,Q8B. Tipo cobrado por la linea de credito o descubierto | Micro (1-9) | n respuestas (sin ponderar),20,pct_anual,2017-S1,"BCE, encuesta SAFE (ECB Data Portal, dataset SAFE)",https://data.ecb.europa.eu/data/datasets/SAFE/SAFE.SAFE.H.DE.MIC.A.0.0.0.Q8B.ZZZZ.NT.AL.UN,2026-09-16,,,tamano_empresa_empleados,importe,dato_unico,"TAMANO DE MUESTRA, no es una magnitud economica; serie SAFE.H.DE.MIC.A.0.0.0.Q8B.ZZZZ.NT.AL.UN"
Alemania,linea_credito_circulante,Q8B. Tipo cobrado por la linea de credito o descubierto | Micro (1-9) | n respuestas (sin ponderar),33,pct_anual,2017-S2,"BCE, encuesta SAFE (ECB Data Portal, dataset SAFE)",https://data.ecb.europa.eu/data/datasets/SAFE/SAFE.SAFE.H.DE.MIC.A.0.0.0.Q8B.ZZZZ.NT.AL.UN,2026-09-16,,,tamano_empresa_empleados,importe,dato_unico,"TAMANO DE MUESTRA, no es una magnitud economica; serie SAFE.H.DE.MIC.A.0.0.0.Q8B.ZZZZ.NT.AL.UN"
Alemania,linea_credito_circulante,Q8B. Tipo cobrado por la linea de credito o descubierto | Micro (1-9) | n respuestas (sin ponderar),26,pct_anual,2018-S1,"BCE, encuesta SAFE (ECB Data Portal, dataset SAFE)",https://data.ecb.europa.eu/data/datasets/SAFE/SAFE.SAFE.H.DE.MIC.A.0.0.0.Q8B.ZZZZ.NT.AL.UN,2026-09-16,,,tamano_empresa_empleados,importe,dato_unico,"TAMANO DE MUESTRA, no es una magnitud economica; serie SAFE.H.DE.MIC.A.0.0.0.Q8B.ZZZZ.NT.AL.UN"
Alemania,linea_credito_circulante,Q8B. Tipo cobrado por la linea de credito o descubierto | Micro (1-9) | n respuestas (sin ponderar),21,pct_anual,2018-S2,"BCE, encuesta SAFE (ECB Data Portal, dataset SAFE)",https://data.ecb.europa.eu/data/datasets/SAFE/SAFE.SAFE.H.DE.MIC.A.0.0.0.Q8B.ZZZZ.NT.AL.UN,2026-09-16,,,tamano_empresa_empleados,importe,dato_unico,"TAMANO DE MUESTRA, no es una magnitud economica; serie SAFE.H.DE.MIC.A.0.0.0.Q8B.ZZZZ.NT.AL.UN"
Alemania,linea_credito_circulante,Q8B. Tipo cobrado por la linea de credito o descubierto | Micro (1-9) | n respuestas (sin ponderar),25,pct_anual,2019-S1,"BCE, encuesta SAFE (ECB Data Portal, dataset SAFE)",https://data.ecb.europa.eu/data/datasets/SAFE/SAFE.SAFE.H.DE.MIC.A.0.0.0.Q8B.ZZZZ.NT.AL.UN,2026-09-16,,,tamano_empresa_empleados,importe,dato_unico,"TAMANO DE MUESTRA, no es una magnitud economica; serie SAFE.H.DE.MIC.A.0.0.0.Q8B.ZZZZ.NT.AL.UN"
Alemania,linea_credito_circulante,Q8B. Tipo cobrado por la linea de credito o descubierto | Micro (1-9) | n respuestas (sin ponderar),25,pct_anual,2019-S2,"BCE, encuesta SAFE (ECB Data Portal, dataset SAFE)",https://data.ecb.europa.eu/data/datasets/SAFE/SAFE.SAFE.H.DE.MIC.A.0.0.0.Q8B.ZZZZ.NT.AL.UN,2026-09-16,,,tamano_empresa_empleados,importe,dato_unico,"TAMANO DE MUESTRA, no es una magnitud economica; serie SAFE.H.DE.MIC.A.0.0.0.Q8B.ZZZZ.NT.AL.UN"
Alemania,linea_credito_circulante,Q8B. Tipo cobrado por la linea de credito o descubierto | Micro (1-9) | n respuestas (sin ponderar),21,pct_anual,2020-S1,"BCE, encuesta SAFE (ECB Data Portal, dataset SAFE)",https://data.ecb.europa.eu/data/datasets/SAFE/SAFE.SAFE.H.DE.MIC.A.0.0.0.Q8B.ZZZZ.NT.AL.UN,2026-09-16,,,tamano_empresa_empleados,importe,dato_unico,"TAMANO DE MUESTRA, no es una magnitud economica; serie SAFE.H.DE.MIC.A.0.0.0.Q8B.ZZZZ.NT.AL.UN"
Alemania,linea_credito_circulante,Q8B. Tipo cobrado por la linea de credito o descubierto | Micro (1-9) | n respuestas (sin ponderar),12,pct_anual,2020-S2,"BCE, encuesta SAFE (ECB Data Portal, dataset SAFE)",https://data.ecb.europa.eu/data/datasets/SAFE/SAFE.SAFE.H.DE.MIC.A.0.0.0.Q8B.ZZZZ.NT.AL.UN,2026-09-16,,,tamano_empresa_empleados,importe,dato_unico,"TAMANO DE MUESTRA, no es una magnitud economica; serie SAFE.H.DE.MIC.A.0.0.0.Q8B.ZZZZ.NT.AL.UN"
Alemania,linea_credito_circulante,Q8B. Tipo cobrado por la linea de credito o descubierto | Micro (1-9) | n respuestas (sin ponderar),14,pct_anual,2021-S1,"BCE, encuesta SAFE (ECB Data Portal, dataset SAFE)",https://data.ecb.europa.eu/data/datasets/SAFE/SAFE.SAFE.H.DE.MIC.A.0.0.0.Q8B.ZZZZ.NT.AL.UN,2026-09-16,,,tamano_empresa_empleados,importe,dato_unico,"TAMANO DE MUESTRA, no es una magnitud economica; serie SAFE.H.DE.MIC.A.0.0.0.Q8B.ZZZZ.NT.AL.UN"
Alemania,linea_credito_circulante,Q8B. Tipo cobrado por la linea de credito o descubierto | Micro (1-9) | n respuestas (sin ponderar),10,pct_anual,2021-S2,"BCE, encuesta SAFE (ECB Data Portal, dataset SAFE)",https://data.ecb.europa.eu/data/datasets/SAFE/SAFE.SAFE.H.DE.MIC.A.0.0.0.Q8B.ZZZZ.NT.AL.UN,2026-09-16,,,tamano_empresa_empleados,importe,dato_unico,"TAMANO DE MUESTRA, no es una magnitud economica; serie SAFE.H.DE.MIC.A.0.0.0.Q8B.ZZZZ.NT.AL.UN"
Alemania,linea_credito_circulante,Q8B. Tipo cobrado por la linea de credito o descubierto | Micro (1-9) | n respuestas (sin ponderar),16,pct_anual,2022-S1,"BCE, encuesta SAFE (ECB Data Portal, dataset SAFE)",https://data.ecb.europa.eu/data/datasets/SAFE/SAFE.SAFE.H.DE.MIC.A.0.0.0.Q8B.ZZZZ.NT.AL.UN,2026-09-16,,,tamano_empresa_empleados,importe,dato_unico,"TAMANO DE MUESTRA, no es una magnitud economica; serie SAFE.H.DE.MIC.A.0.0.0.Q8B.ZZZZ.NT.AL.UN"
Alemania,linea_credito_circulante,Q8B. Tipo cobrado por la linea de credito o descubierto | Micro (1-9) | media ponderada,8.97506,pct_anual,2014-S1,"BCE, encuesta SAFE (ECB Data Portal, dataset SAFE)",https://data.ecb.europa.eu/data/datasets/SAFE/SAFE.SAFE.H.DE.MIC.A.0.0.0.Q8B.ZZZZ.NT.AL.WA,2026-09-16,,,tamano_empresa_empleados,nivel,media_ponderada_volumen,serie SAFE.H.DE.MIC.A.0.0.0.Q8B.ZZZZ.NT.AL.WA
Alemania,linea_credito_circulante,Q8B. Tipo cobrado por la linea de credito o descubierto | Micro (1-9) | media ponderada,8.248158,pct_anual,2014-S2,"BCE, encuesta SAFE (ECB Data Portal, dataset SAFE)",https://data.ecb.europa.eu/data/datasets/SAFE/SAFE.SAFE.H.DE.MIC.A.0.0.0.Q8B.ZZZZ.NT.AL.WA,2026-09-16,,,tamano_empresa_empleados,nivel,media_ponderada_volumen,serie SAFE.H.DE.MIC.A.0.0.0.Q8B.ZZZZ.NT.AL.WA
Alemania,linea_credito_circulante,Q8B. Tipo cobrado por la linea de credito o descubierto | Micro (1-9) | media ponderada,4.212274,pct_anual,2015-S1,"BCE, encuesta SAFE (ECB Data Portal, dataset SAFE)",https://data.ecb.europa.eu/data/datasets/SAFE/SAFE.SAFE.H.DE.MIC.A.0.0.0.Q8B.ZZZZ.NT.AL.WA,2026-09-16,,,tamano_empresa_empleados,nivel,media_ponderada_volumen,serie SAFE.H.DE.MIC.A.0.0.0.Q8B.ZZZZ.NT.AL.WA
Alemania,linea_credito_circulante,Q8B. Tipo cobrado por la linea de credito o descubierto | Micro (1-9) | media ponderada,6.958076,pct_anual,2015-S2,"BCE, encuesta SAFE (ECB Data Portal, dataset SAFE)",https://data.ecb.europa.eu/data/datasets/SAFE/SAFE.SAFE.H.DE.MIC.A.0.0.0.Q8B.ZZZZ.NT.AL.WA,2026-09-16,,,tamano_empresa_empleados,nivel,media_ponderada_volumen,serie SAFE.H.DE.MIC.A.0.0.0.Q8B.ZZZZ.NT.AL.WA
Alemania,linea_credito_circulante,Q8B. Tipo cobrado por la linea de credito o descubierto | Micro (1-9) | media ponderada,5.708209,pct_anual,2016-S1,"BCE, encuesta SAFE (ECB Data Portal, dataset SAFE)",https://data.ecb.europa.eu/data/datasets/SAFE/SAFE.SAFE.H.DE.MIC.A.0.0.0.Q8B.ZZZZ.NT.AL.WA,2026-09-16,,,tamano_empresa_empleados,nivel,media_ponderada_volumen,serie SAFE.H.DE.MIC.A.0.0.0.Q8B.ZZZZ.NT.AL.WA
Alemania,linea_credito_circulante,Q8B. Tipo cobrado por la linea de credito o descubierto | Micro (1-9) | media ponderada,6.013023,pct_anual,2016-S2,"BCE, encuesta SAFE (ECB Data Portal, dataset SAFE)",https://data.ecb.europa.eu/data/datasets/SAFE/SAFE.SAFE.H.DE.MIC.A.0.0.0.Q8B.ZZZZ.NT.AL.WA,2026-09-16,,,tamano_empresa_empleados,nivel,media_ponderada_volumen,serie SAFE.H.DE.MIC.A.0.0.0.Q8B.ZZZZ.NT.AL.WA
Alemania,linea_credito_circulante,Q8B. Tipo cobrado por la linea de credito o descubierto | Micro (1-9) | media ponderada,6.569767,pct_anual,2017-S1,"BCE, encuesta SAFE (ECB Data Portal, dataset SAFE)",https://data.ecb.europa.eu/data/datasets/SAFE/SAFE.SAFE.H.DE.MIC.A.0.0.0.Q8B.ZZZZ.NT.AL.WA,2026-09-16,,,tamano_empresa_empleados,nivel,media_ponderada_volumen,serie SAFE.H.DE.MIC.A.0.0.0.Q8B.ZZZZ.NT.AL.WA
Alemania,linea_credito_circulante,Q8B. Tipo cobrado por la linea de credito o descubierto | Micro (1-9) | media ponderada,6.152908,pct_anual,2017-S2,"BCE, encuesta SAFE (ECB Data Portal, dataset SAFE)",https://data.ecb.europa.eu/data/datasets/SAFE/SAFE.SAFE.H.DE.MIC.A.0.0.0.Q8B.ZZZZ.NT.AL.WA,2026-09-16,,,tamano_empresa_empleados,nivel,media_ponderada_volumen,serie SAFE.H.DE.MIC.A.0.0.0.Q8B.ZZZZ.NT.AL.WA
Alemania,linea_credito_circulante,Q8B. Tipo cobrado por la linea de credito o descubierto | Micro (1-9) | media ponderada,6.413408,pct_anual,2018-S1,"BCE, encuesta SAFE (ECB Data Portal, dataset SAFE)",https://data.ecb.europa.eu/data/datasets/SAFE/SAFE.SAFE.H.DE.MIC.A.0.0.0.Q8B.ZZZZ.NT.AL.WA,2026-09-16,,,tamano_empresa_empleados,nivel,media_ponderada_volumen,serie SAFE.H.DE.MIC.A.0.0.0.Q8B.ZZZZ.NT.AL.WA
Alemania,linea_credito_circulante,Q8B. Tipo cobrado por la linea de credito o descubierto | Micro (1-9) | media ponderada,5.64901,pct_anual,2018-S2,"BCE, encuesta SAFE (ECB Data Portal, dataset SAFE)",https://data.ecb.europa.eu/data/datasets/SAFE/SAFE.SAFE.H.DE.MIC.A.0.0.0.Q8B.ZZZZ.NT.AL.WA,2026-09-16,,,tamano_empresa_empleados,nivel,media_ponderada_volumen,serie SAFE.H.DE.MIC.A.0.0.0.Q8B.ZZZZ.NT.AL.WA
Alemania,linea_credito_circulante,Q8B. Tipo cobrado por la linea de credito o descubierto | Micro (1-9) | media ponderada,6.889041,pct_anual,2019-S1,"BCE, encuesta SAFE (ECB Data Portal, dataset SAFE)",https://data.ecb.europa.eu/data/datasets/SAFE/SAFE.SAFE.H.DE.MIC.A.0.0.0.Q8B.ZZZZ.NT.AL.WA,2026-09-16,,,tamano_empresa_empleados,nivel,media_ponderada_volumen,serie SAFE.H.DE.MIC.A.0.0.0.Q8B.ZZZZ.NT.AL.WA
Alemania,linea_credito_circulante,Q8B. Tipo cobrado por la linea de credito o descubierto | Micro (1-9) | media ponderada,7.769107,pct_anual,2019-S2,"BCE, encuesta SAFE (ECB Data Portal, dataset SAFE)",https://data.ecb.europa.eu/data/datasets/SAFE/SAFE.SAFE.H.DE.MIC.A.0.0.0.Q8B.ZZZZ.NT.AL.WA,2026-09-16,,,tamano_empresa_empleados,nivel,media_ponderada_volumen,serie SAFE.H.DE.MIC.A.0.0.0.Q8B.ZZZZ.NT.AL.WA
Alemania,linea_credito_circulante,Q8B. Tipo cobrado por la linea de credito o descubierto | Micro (1-9) | media ponderada,5.977589,pct_anual,2020-S1,"BCE, encuesta SAFE (ECB Data Portal, dataset SAFE)",https://data.ecb.europa.eu/data/datasets/SAFE/SAFE.SAFE.H.DE.MIC.A.0.0.0.Q8B.ZZZZ.NT.AL.WA,2026-09-16,,,tamano_empresa_empleados,nivel,media_ponderada_volumen,serie SAFE.H.DE.MIC.A.0.0.0.Q8B.ZZZZ.NT.AL.WA
Alemania,linea_credito_circulante,Q8B. Tipo cobrado por la linea de credito o descubierto | Micro (1-9) | media ponderada,4.421446,pct_anual,2020-S2,"BCE, encuesta SAFE (ECB Data Portal, dataset SAFE)",https://data.ecb.europa.eu/data/datasets/SAFE/SAFE.SAFE.H.DE.MIC.A.0.0.0.Q8B.ZZZZ.NT.AL.WA,2026-09-16,,,tamano_empresa_empleados,nivel,media_ponderada_volumen,serie SAFE.H.DE.MIC.A.0.0.0.Q8B.ZZZZ.NT.AL.WA
Alemania,linea_credito_circulante,Q8B. Tipo cobrado por la linea de credito o descubierto | Micro (1-9) | media ponderada,3.320326,pct_anual,2021-S1,"BCE, encuesta SAFE (ECB Data Portal, dataset SAFE)",https://data.ecb.europa.eu/data/datasets/SAFE/SAFE.SAFE.H.DE.MIC.A.0.0.0.Q8B.ZZZZ.NT.AL.WA,2026-09-16,,,tamano_empresa_empleados,nivel,media_ponderada_volumen,serie SAFE.H.DE.MIC.A.0.0.0.Q8B.ZZZZ.NT.AL.WA
Alemania,linea_credito_circulante,Q8B. Tipo cobrado por la linea de credito o descubierto | Micro (1-9) | media ponderada,6.714461,pct_anual,2021-S2,"BCE, encuesta SAFE (ECB Data Portal, dataset SAFE)",https://data.ecb.europa.eu/data/datasets/SAFE/SAFE.SAFE.H.DE.MIC.A.0.0.0.Q8B.ZZZZ.NT.AL.WA,2026-09-16,,,tamano_empresa_empleados,nivel,media_ponderada_volumen,serie SAFE.H.DE.MIC.A.0.0.0.Q8B.ZZZZ.NT.AL.WA
Alemania,linea_credito_circulante,Q8B. Tipo cobrado por la linea de credito o descubierto | Micro (1-9) | media ponderada,4.599508,pct_anual,2022-S1,"BCE, encuesta SAFE (ECB Data Portal, dataset SAFE)",https://data.ecb.europa.eu/data/datasets/SAFE/SAFE.SAFE.H.DE.MIC.A.0.0.0.Q8B.ZZZZ.NT.AL.WA,2026-09-16,,,tamano_empresa_empleados,nivel,media_ponderada_volumen,serie SAFE.H.DE.MIC.A.0.0.0.Q8B.ZZZZ.NT.AL.WA
Alemania,linea_credito_circulante,Q8B. Tipo cobrado por la linea de credito o descubierto | Micro (1-9) | mediana ponderada,9.6,pct_anual,2014-S1,"BCE, encuesta SAFE (ECB Data Portal, dataset SAFE)",https://data.ecb.europa.eu/data/datasets/SAFE/SAFE.SAFE.H.DE.MIC.A.0.0.0.Q8B.ZZZZ.NT.AL.WM,2026-09-16,,,tamano_empresa_empleados,nivel,dato_unico,serie SAFE.H.DE.MIC.A.0.0.0.Q8B.ZZZZ.NT.AL.WM
Alemania,linea_credito_circulante,Q8B. Tipo cobrado por la linea de credito o descubierto | Micro (1-9) | mediana ponderada,8,pct_anual,2014-S2,"BCE, encuesta SAFE (ECB Data Portal, dataset SAFE)",https://data.ecb.europa.eu/data/datasets/SAFE/SAFE.SAFE.H.DE.MIC.A.0.0.0.Q8B.ZZZZ.NT.AL.WM,2026-09-16,,,tamano_empresa_empleados,nivel,dato_unico,serie SAFE.H.DE.MIC.A.0.0.0.Q8B.ZZZZ.NT.AL.WM
Alemania,linea_credito_circulante,Q8B. Tipo cobrado por la linea de credito o descubierto | Micro (1-9) | mediana ponderada,2.6,pct_anual,2015-S1,"BCE, encuesta SAFE (ECB Data Portal, dataset SAFE)",https://data.ecb.europa.eu/data/datasets/SAFE/SAFE.SAFE.H.DE.MIC.A.0.0.0.Q8B.ZZZZ.NT.AL.WM,2026-09-16,,,tamano_empresa_empleados,nivel,dato_unico,serie SAFE.H.DE.MIC.A.0.0.0.Q8B.ZZZZ.NT.AL.WM
Alemania,linea_credito_circulante,Q8B. Tipo cobrado por la linea de credito o descubierto | Micro (1-9) | mediana ponderada,4.5,pct_anual,2015-S2,"BCE, encuesta SAFE (ECB Data Portal, dataset SAFE)",https://data.ecb.europa.eu/data/datasets/SAFE/SAFE.SAFE.H.DE.MIC.A.0.0.0.Q8B.ZZZZ.NT.AL.WM,2026-09-16,,,tamano_empresa_empleados,nivel,dato_unico,serie SAFE.H.DE.MIC.A.0.0.0.Q8B.ZZZZ.NT.AL.WM
Alemania,linea_credito_circulante,Q8B. Tipo cobrado por la linea de credito o descubierto | Micro (1-9) | mediana ponderada,4,pct_anual,2016-S1,"BCE, encuesta SAFE (ECB Data Portal, dataset SAFE)",https://data.ecb.europa.eu/data/datasets/SAFE/SAFE.SAFE.H.DE.MIC.A.0.0.0.Q8B.ZZZZ.NT.AL.WM,2026-09-16,,,tamano_empresa_empleados,nivel,dato_unico,serie SAFE.H.DE.MIC.A.0.0.0.Q8B.ZZZZ.NT.AL.WM
Alemania,linea_credito_circulante,Q8B. Tipo cobrado por la linea de credito o descubierto | Micro (1-9) | mediana ponderada,3.773906,pct_anual,2016-S2,"BCE, encuesta SAFE (ECB Data Portal, dataset SAFE)",https://data.ecb.europa.eu/data/datasets/SAFE/SAFE.SAFE.H.DE.MIC.A.0.0.0.Q8B.ZZZZ.NT.AL.WM,2026-09-16,,,tamano_empresa_empleados,nivel,dato_unico,serie SAFE.H.DE.MIC.A.0.0.0.Q8B.ZZZZ.NT.AL.WM
Alemania,linea_credito_circulante,Q8B. Tipo cobrado por la linea de credito o descubierto | Micro (1-9) | mediana ponderada,5.270756,pct_anual,2017-S1,"BCE, encuesta SAFE (ECB Data Portal, dataset SAFE)",https://data.ecb.europa.eu/data/datasets/SAFE/SAFE.SAFE.H.DE.MIC.A.0.0.0.Q8B.ZZZZ.NT.AL.WM,2026-09-16,,,tamano_empresa_empleados,nivel,dato_unico,serie SAFE.H.DE.MIC.A.0.0.0.Q8B.ZZZZ.NT.AL.WM
Alemania,linea_credito_circulante,Q8B. Tipo cobrado por la linea de credito o descubierto | Micro (1-9) | mediana ponderada,6,pct_anual,2017-S2,"BCE, encuesta SAFE (ECB Data Portal, dataset SAFE)",https://data.ecb.europa.eu/data/datasets/SAFE/SAFE.SAFE.H.DE.MIC.A.0.0.0.Q8B.ZZZZ.NT.AL.WM,2026-09-16,,,tamano_empresa_empleados,nivel,dato_unico,serie SAFE.H.DE.MIC.A.0.0.0.Q8B.ZZZZ.NT.AL.WM
Alemania,linea_credito_circulante,Q8B. Tipo cobrado por la linea de credito o descubierto | Micro (1-9) | mediana ponderada,6.5,pct_anual,2018-S1,"BCE, encuesta SAFE (ECB Data Portal, dataset SAFE)",https://data.ecb.europa.eu/data/datasets/SAFE/SAFE.SAFE.H.DE.MIC.A.0.0.0.Q8B.ZZZZ.NT.AL.WM,2026-09-16,,,tamano_empresa_empleados,nivel,dato_unico,serie SAFE.H.DE.MIC.A.0.0.0.Q8B.ZZZZ.NT.AL.WM
Alemania,linea_credito_circulante,Q8B. Tipo cobrado por la linea de credito o descubierto | Micro (1-9) | mediana ponderada,5.5,pct_anual,2018-S2,"BCE, encuesta SAFE (ECB Data Portal, dataset SAFE)",https://data.ecb.europa.eu/data/datasets/SAFE/SAFE.SAFE.H.DE.MIC.A.0.0.0.Q8B.ZZZZ.NT.AL.WM,2026-09-16,,,tamano_empresa_empleados,nivel,dato_unico,serie SAFE.H.DE.MIC.A.0.0.0.Q8B.ZZZZ.NT.AL.WM
Alemania,linea_credito_circulante,Q8B. Tipo cobrado por la linea de credito o descubierto | Micro (1-9) | mediana ponderada,4.9,pct_anual,2019-S1,"BCE, encuesta SAFE (ECB Data Portal, dataset SAFE)",https://data.ecb.europa.eu/data/datasets/SAFE/SAFE.SAFE.H.DE.MIC.A.0.0.0.Q8B.ZZZZ.NT.AL.WM,2026-09-16,,,tamano_empresa_empleados,nivel,dato_unico,serie SAFE.H.DE.MIC.A.0.0.0.Q8B.ZZZZ.NT.AL.WM
Alemania,linea_credito_circulante,Q8B. Tipo cobrado por la linea de credito o descubierto | Micro (1-9) | mediana ponderada,7,pct_anual,2019-S2,"BCE, encuesta SAFE (ECB Data Portal, dataset SAFE)",https://data.ecb.europa.eu/data/datasets/SAFE/SAFE.SAFE.H.DE.MIC.A.0.0.0.Q8B.ZZZZ.NT.AL.WM,2026-09-16,,,tamano_empresa_empleados,nivel,dato_unico,serie SAFE.H.DE.MIC.A.0.0.0.Q8B.ZZZZ.NT.AL.WM
Alemania,linea_credito_circulante,Q8B. Tipo cobrado por la linea de credito o descubierto | Micro (1-9) | mediana ponderada,5.7,pct_anual,2020-S1,"BCE, encuesta SAFE (ECB Data Portal, dataset SAFE)",https://data.ecb.europa.eu/data/datasets/SAFE/SAFE.SAFE.H.DE.MIC.A.0.0.0.Q8B.ZZZZ.NT.AL.WM,2026-09-16,,,tamano_empresa_empleados,nivel,dato_unico,serie SAFE.H.DE.MIC.A.0.0.0.Q8B.ZZZZ.NT.AL.WM
Alemania,linea_credito_circulante,Q8B. Tipo cobrado por la linea de credito o descubierto | Micro (1-9) | mediana ponderada,2.5,pct_anual,2020-S2,"BCE, encuesta SAFE (ECB Data Portal, dataset SAFE)",https://data.ecb.europa.eu/data/datasets/SAFE/SAFE.SAFE.H.DE.MIC.A.0.0.0.Q8B.ZZZZ.NT.AL.WM,2026-09-16,,,tamano_empresa_empleados,nivel,dato_unico,serie SAFE.H.DE.MIC.A.0.0.0.Q8B.ZZZZ.NT.AL.WM
Alemania,linea_credito_circulante,Q8B. Tipo cobrado por la linea de credito o descubierto | Micro (1-9) | mediana ponderada,4,pct_anual,2021-S1,"BCE, encuesta SAFE (ECB Data Portal, dataset SAFE)",https://data.ecb.europa.eu/data/datasets/SAFE/SAFE.SAFE.H.DE.MIC.A.0.0.0.Q8B.ZZZZ.NT.AL.WM,2026-09-16,,,tamano_empresa_empleados,nivel,dato_unico,serie SAFE.H.DE.MIC.A.0.0.0.Q8B.ZZZZ.NT.AL.WM
Alemania,linea_credito_circulante,Q8B. Tipo cobrado por la linea de credito o descubierto | Micro (1-9) | mediana ponderada,8.5,pct_anual,2021-S2,"BCE, encuesta SAFE (ECB Data Portal, dataset SAFE)",https://data.ecb.europa.eu/data/datasets/SAFE/SAFE.SAFE.H.DE.MIC.A.0.0.0.Q8B.ZZZZ.NT.AL.WM,2026-09-16,,,tamano_empresa_empleados,nivel,dato_unico,serie SAFE.H.DE.MIC.A.0.0.0.Q8B.ZZZZ.NT.AL.WM
Alemania,linea_credito_circulante,Q8B. Tipo cobrado por la linea de credito o descubierto | Micro (1-9) | mediana ponderada,3.5,pct_anual,2022-S1,"BCE, encuesta SAFE (ECB Data Portal, dataset SAFE)",https://data.ecb.europa.eu/data/datasets/SAFE/SAFE.SAFE.H.DE.MIC.A.0.0.0.Q8B.ZZZZ.NT.AL.WM,2026-09-16,,,tamano_empresa_empleados,nivel,dato_unico,serie SAFE.H.DE.MIC.A.0.0.0.Q8B.ZZZZ.NT.AL.WM
Alemania,linea_credito_circulante,Q8B. Tipo cobrado por la linea de credito o descubierto | Micro (1-9) | n respuestas (ponderado),48.24078,pct_anual,2014-S1,"BCE, encuesta SAFE (ECB Data Portal, dataset SAFE)",https://data.ecb.europa.eu/data/datasets/SAFE/SAFE.SAFE.H.DE.MIC.A.0.0.0.Q8B.ZZZZ.NT.AL.WN,2026-09-16,,,tamano_empresa_empleados,importe,dato_unico,"TAMANO DE MUESTRA, no es una magnitud economica; serie SAFE.H.DE.MIC.A.0.0.0.Q8B.ZZZZ.NT.AL.WN"
Alemania,linea_credito_circulante,Q8B. Tipo cobrado por la linea de credito o descubierto | Micro (1-9) | n respuestas (ponderado),33.78564,pct_anual,2014-S2,"BCE, encuesta SAFE (ECB Data Portal, dataset SAFE)",https://data.ecb.europa.eu/data/datasets/SAFE/SAFE.SAFE.H.DE.MIC.A.0.0.0.Q8B.ZZZZ.NT.AL.WN,2026-09-16,,,tamano_empresa_empleados,importe,dato_unico,"TAMANO DE MUESTRA, no es una magnitud economica; serie SAFE.H.DE.MIC.A.0.0.0.Q8B.ZZZZ.NT.AL.WN"
Alemania,linea_credito_circulante,Q8B. Tipo cobrado por la linea de credito o descubierto | Micro (1-9) | n respuestas (ponderado),37.51899,pct_anual,2015-S1,"BCE, encuesta SAFE (ECB Data Portal, dataset SAFE)",https://data.ecb.europa.eu/data/datasets/SAFE/SAFE.SAFE.H.DE.MIC.A.0.0.0.Q8B.ZZZZ.NT.AL.WN,2026-09-16,,,tamano_empresa_empleados,importe,dato_unico,"TAMANO DE MUESTRA, no es una magnitud economica; serie SAFE.H.DE.MIC.A.0.0.0.Q8B.ZZZZ.NT.AL.WN"
Alemania,linea_credito_circulante,Q8B. Tipo cobrado por la linea de credito o descubierto | Micro (1-9) | n respuestas (ponderado),58.38795,pct_anual,2015-S2,"BCE, encuesta SAFE (ECB Data Portal, dataset SAFE)",https://data.ecb.europa.eu/data/datasets/SAFE/SAFE.SAFE.H.DE.MIC.A.0.0.0.Q8B.ZZZZ.NT.AL.WN,2026-09-16,,,tamano_empresa_empleados,importe,dato_unico,"TAMANO DE MUESTRA, no es una magnitud economica; serie SAFE.H.DE.MIC.A.0.0.0.Q8B.ZZZZ.NT.AL.WN"
Alemania,linea_credito_circulante,Q8B. Tipo cobrado por la linea de credito o descubierto | Micro (1-9) | n respuestas (ponderado),56.88657,pct_anual,2016-S1,"BCE, encuesta SAFE (ECB Data Portal, dataset SAFE)",https://data.ecb.europa.eu/data/datasets/SAFE/SAFE.SAFE.H.DE.MIC.A.0.0.0.Q8B.ZZZZ.NT.AL.WN,2026-09-16,,,tamano_empresa_empleados,importe,dato_unico,"TAMANO DE MUESTRA, no es una magnitud economica; serie SAFE.H.DE.MIC.A.0.0.0.Q8B.ZZZZ.NT.AL.WN"
Alemania,linea_credito_circulante,Q8B. Tipo cobrado por la linea de credito o descubierto | Micro (1-9) | n respuestas (ponderado),60.77318,pct_anual,2016-S2,"BCE, encuesta SAFE (ECB Data Portal, dataset SAFE)",https://data.ecb.europa.eu/data/datasets/SAFE/SAFE.SAFE.H.DE.MIC.A.0.0.0.Q8B.ZZZZ.NT.AL.WN,2026-09-16,,,tamano_empresa_empleados,importe,dato_unico,"TAMANO DE MUESTRA, no es una magnitud economica; serie SAFE.H.DE.MIC.A.0.0.0.Q8B.ZZZZ.NT.AL.WN"
Alemania,linea_credito_circulante,Q8B. Tipo cobrado por la linea de credito o descubierto | Micro (1-9) | n respuestas (ponderado),43.93111,pct_anual,2017-S1,"BCE, encuesta SAFE (ECB Data Portal, dataset SAFE)",https://data.ecb.europa.eu/data/datasets/SAFE/SAFE.SAFE.H.DE.MIC.A.0.0.0.Q8B.ZZZZ.NT.AL.WN,2026-09-16,,,tamano_empresa_empleados,importe,dato_unico,"TAMANO DE MUESTRA, no es una magnitud economica; serie SAFE.H.DE.MIC.A.0.0.0.Q8B.ZZZZ.NT.AL.WN"
Alemania,linea_credito_circulante,Q8B. Tipo cobrado por la linea de credito o descubierto | Micro (1-9) | n respuestas (ponderado),74.55651,pct_anual,2017-S2,"BCE, encuesta SAFE (ECB Data Portal, dataset SAFE)",https://data.ecb.europa.eu/data/datasets/SAFE/SAFE.SAFE.H.DE.MIC.A.0.0.0.Q8B.ZZZZ.NT.AL.WN,2026-09-16,,,tamano_empresa_empleados,importe,dato_unico,"TAMANO DE MUESTRA, no es una magnitud economica; serie SAFE.H.DE.MIC.A.0.0.0.Q8B.ZZZZ.NT.AL.WN"
Alemania,linea_credito_circulante,Q8B. Tipo cobrado por la linea de credito o descubierto | Micro (1-9) | n respuestas (ponderado),51.10044,pct_anual,2018-S1,"BCE, encuesta SAFE (ECB Data Portal, dataset SAFE)",https://data.ecb.europa.eu/data/datasets/SAFE/SAFE.SAFE.H.DE.MIC.A.0.0.0.Q8B.ZZZZ.NT.AL.WN,2026-09-16,,,tamano_empresa_empleados,importe,dato_unico,"TAMANO DE MUESTRA, no es una magnitud economica; serie SAFE.H.DE.MIC.A.0.0.0.Q8B.ZZZZ.NT.AL.WN"
Alemania,linea_credito_circulante,Q8B. Tipo cobrado por la linea de credito o descubierto | Micro (1-9) | n respuestas (ponderado),45.65843,pct_anual,2018-S2,"BCE, encuesta SAFE (ECB Data Portal, dataset SAFE)",https://data.ecb.europa.eu/data/datasets/SAFE/SAFE.SAFE.H.DE.MIC.A.0.0.0.Q8B.ZZZZ.NT.AL.WN,2026-09-16,,,tamano_empresa_empleados,importe,dato_unico,"TAMANO DE MUESTRA, no es una magnitud economica; serie SAFE.H.DE.MIC.A.0.0.0.Q8B.ZZZZ.NT.AL.WN"
Alemania,linea_credito_circulante,Q8B. Tipo cobrado por la linea de credito o descubierto | Micro (1-9) | n respuestas (ponderado),48.9947,pct_anual,2019-S1,"BCE, encuesta SAFE (ECB Data Portal, dataset SAFE)",https://data.ecb.europa.eu/data/datasets/SAFE/SAFE.SAFE.H.DE.MIC.A.0.0.0.Q8B.ZZZZ.NT.AL.WN,2026-09-16,,,tamano_empresa_empleados,importe,dato_unico,"TAMANO DE MUESTRA, no es una magnitud economica; serie SAFE.H.DE.MIC.A.0.0.0.Q8B.ZZZZ.NT.AL.WN"
Alemania,linea_credito_circulante,Q8B. Tipo cobrado por la linea de credito o descubierto | Micro (1-9) | n respuestas (ponderado),49.08442,pct_anual,2019-S2,"BCE, encuesta SAFE (ECB Data Portal, dataset SAFE)",https://data.ecb.europa.eu/data/datasets/SAFE/SAFE.SAFE.H.DE.MIC.A.0.0.0.Q8B.ZZZZ.NT.AL.WN,2026-09-16,,,tamano_empresa_empleados,importe,dato_unico,"TAMANO DE MUESTRA, no es una magnitud economica; serie SAFE.H.DE.MIC.A.0.0.0.Q8B.ZZZZ.NT.AL.WN"
Alemania,linea_credito_circulante,Q8B. Tipo cobrado por la linea de credito o descubierto | Micro (1-9) | n respuestas (ponderado),53.43096,pct_anual,2020-S1,"BCE, encuesta SAFE (ECB Data Portal, dataset SAFE)",https://data.ecb.europa.eu/data/datasets/SAFE/SAFE.SAFE.H.DE.MIC.A.0.0.0.Q8B.ZZZZ.NT.AL.WN,2026-09-16,,,tamano_empresa_empleados,importe,dato_unico,"TAMANO DE MUESTRA, no es una magnitud economica; serie SAFE.H.DE.MIC.A.0.0.0.Q8B.ZZZZ.NT.AL.WN"
Alemania,linea_credito_circulante,Q8B. Tipo cobrado por la linea de credito o descubierto | Micro (1-9) | n respuestas (ponderado),24.09048,pct_anual,2020-S2,"BCE, encuesta SAFE (ECB Data Portal, dataset SAFE)",https://data.ecb.europa.eu/data/datasets/SAFE/SAFE.SAFE.H.DE.MIC.A.0.0.0.Q8B.ZZZZ.NT.AL.WN,2026-09-16,,,tamano_empresa_empleados,importe,dato_unico,"TAMANO DE MUESTRA, no es una magnitud economica; serie SAFE.H.DE.MIC.A.0.0.0.Q8B.ZZZZ.NT.AL.WN"
Alemania,linea_credito_circulante,Q8B. Tipo cobrado por la linea de credito o descubierto | Micro (1-9) | n respuestas (ponderado),31.9423,pct_anual,2021-S1,"BCE, encuesta SAFE (ECB Data Portal, dataset SAFE)",https://data.ecb.europa.eu/data/datasets/SAFE/SAFE.SAFE.H.DE.MIC.A.0.0.0.Q8B.ZZZZ.NT.AL.WN,2026-09-16,,,tamano_empresa_empleados,importe,dato_unico,"TAMANO DE MUESTRA, no es una magnitud economica; serie SAFE.H.DE.MIC.A.0.0.0.Q8B.ZZZZ.NT.AL.WN"
Alemania,linea_credito_circulante,Q8B. Tipo cobrado por la linea de credito o descubierto | Micro (1-9) | n respuestas (ponderado),27.3195,pct_anual,2021-S2,"BCE, encuesta SAFE (ECB Data Portal, dataset SAFE)",https://data.ecb.europa.eu/data/datasets/SAFE/SAFE.SAFE.H.DE.MIC.A.0.0.0.Q8B.ZZZZ.NT.AL.WN,2026-09-16,,,tamano_empresa_empleados,importe,dato_unico,"TAMANO DE MUESTRA, no es una magnitud economica; serie SAFE.H.DE.MIC.A.0.0.0.Q8B.ZZZZ.NT.AL.WN"
Alemania,linea_credito_circulante,Q8B. Tipo cobrado por la linea de credito o descubierto | Micro (1-9) | n respuestas (ponderado),30.15727,pct_anual,2022-S1,"BCE, encuesta SAFE (ECB Data Portal, dataset SAFE)",https://data.ecb.europa.eu/data/datasets/SAFE/SAFE.SAFE.H.DE.MIC.A.0.0.0.Q8B.ZZZZ.NT.AL.WN,2026-09-16,,,tamano_empresa_empleados,importe,dato_unico,"TAMANO DE MUESTRA, no es una magnitud economica; serie SAFE.H.DE.MIC.A.0.0.0.Q8B.ZZZZ.NT.AL.WN"
Alemania,linea_credito_circulante,Q8B. Tipo cobrado por la linea de credito o descubierto | Pequena (10-49) | n respuestas (sin ponderar),45,pct_anual,2014-S1,"BCE, encuesta SAFE (ECB Data Portal, dataset SAFE)",https://data.ecb.europa.eu/data/datasets/SAFE/SAFE.SAFE.H.DE.SML.A.0.0.0.Q8B.ZZZZ.NT.AL.UN,2026-09-16,,,tamano_empresa_empleados,importe,dato_unico,"TAMANO DE MUESTRA, no es una magnitud economica; serie SAFE.H.DE.SML.A.0.0.0.Q8B.ZZZZ.NT.AL.UN"
Alemania,linea_credito_circulante,Q8B. Tipo cobrado por la linea de credito o descubierto | Pequena (10-49) | n respuestas (sin ponderar),55,pct_anual,2014-S2,"BCE, encuesta SAFE (ECB Data Portal, dataset SAFE)",https://data.ecb.europa.eu/data/datasets/SAFE/SAFE.SAFE.H.DE.SML.A.0.0.0.Q8B.ZZZZ.NT.AL.UN,2026-09-16,,,tamano_empresa_empleados,importe,dato_unico,"TAMANO DE MUESTRA, no es una magnitud economica; serie SAFE.H.DE.SML.A.0.0.0.Q8B.ZZZZ.NT.AL.UN"
Alemania,linea_credito_circulante,Q8B. Tipo cobrado por la linea de credito o descubierto | Pequena (10-49) | n respuestas (sin ponderar),44,pct_anual,2015-S1,"BCE, encuesta SAFE (ECB Data Portal, dataset SAFE)",https://data.ecb.europa.eu/data/datasets/SAFE/SAFE.SAFE.H.DE.SML.A.0.0.0.Q8B.ZZZZ.NT.AL.UN,2026-09-16,,,tamano_empresa_empleados,importe,dato_unico,"TAMANO DE MUESTRA, no es una magnitud economica; serie SAFE.H.DE.SML.A.0.0.0.Q8B.ZZZZ.NT.AL.UN"
Alemania,linea_credito_circulante,Q8B. Tipo cobrado por la linea de credito o descubierto | Pequena (10-49) | n respuestas (sin ponderar),65,pct_anual,2015-S2,"BCE, encuesta SAFE (ECB Data Portal, dataset SAFE)",https://data.ecb.europa.eu/data/datasets/SAFE/SAFE.SAFE.H.DE.SML.A.0.0.0.Q8B.ZZZZ.NT.AL.UN,2026-09-16,,,tamano_empresa_empleados,importe,dato_unico,"TAMANO DE MUESTRA, no es una magnitud economica; serie SAFE.H.DE.SML.A.0.0.0.Q8B.ZZZZ.NT.AL.UN"
Alemania,linea_credito_circulante,Q8B. Tipo cobrado por la linea de credito o descubierto | Pequena (10-49) | n respuestas (sin ponderar),53,pct_anual,2016-S1,"BCE, encuesta SAFE (ECB Data Portal, dataset SAFE)",https://data.ecb.europa.eu/data/datasets/SAFE/SAFE.SAFE.H.DE.SML.A.0.0.0.Q8B.ZZZZ.NT.AL.UN,2026-09-16,,,tamano_empresa_empleados,importe,dato_unico,"TAMANO DE MUESTRA, no es una magnitud economica; serie SAFE.H.DE.SML.A.0.0.0.Q8B.ZZZZ.NT.AL.UN"
Alemania,linea_credito_circulante,Q8B. Tipo cobrado por la linea de credito o descubierto | Pequena (10-49) | n respuestas (sin ponderar),59,pct_anual,2016-S2,"BCE, encuesta SAFE (ECB Data Portal, dataset SAFE)",https://data.ecb.europa.eu/data/datasets/SAFE/SAFE.SAFE.H.DE.SML.A.0.0.0.Q8B.ZZZZ.NT.AL.UN,2026-09-16,,,tamano_empresa_empleados,importe,dato_unico,"TAMANO DE MUESTRA, no es una magnitud economica; serie SAFE.H.DE.SML.A.0.0.0.Q8B.ZZZZ.NT.AL.UN"
Alemania,linea_credito_circulante,Q8B. Tipo cobrado por la linea de credito o descubierto | Pequena (10-49) | n respuestas (sin ponderar),44,pct_anual,2017-S1,"BCE, encuesta SAFE (ECB Data Portal, dataset SAFE)",https://data.ecb.europa.eu/data/datasets/SAFE/SAFE.SAFE.H.DE.SML.A.0.0.0.Q8B.ZZZZ.NT.AL.UN,2026-09-16,,,tamano_empresa_empleados,importe,dato_unico,"TAMANO DE MUESTRA, no es una magnitud economica; serie SAFE.H.DE.SML.A.0.0.0.Q8B.ZZZZ.NT.AL.UN"
Alemania,linea_credito_circulante,Q8B. Tipo cobrado por la linea de credito o descubierto | Pequena (10-49) | n respuestas (sin ponderar),65,pct_anual,2017-S2,"BCE, encuesta SAFE (ECB Data Portal, dataset SAFE)",https://data.ecb.europa.eu/data/datasets/SAFE/SAFE.SAFE.H.DE.SML.A.0.0.0.Q8B.ZZZZ.NT.AL.UN,2026-09-16,,,tamano_empresa_empleados,importe,dato_unico,"TAMANO DE MUESTRA, no es una magnitud economica; serie SAFE.H.DE.SML.A.0.0.0.Q8B.ZZZZ.NT.AL.UN"
Alemania,linea_credito_circulante,Q8B. Tipo cobrado por la linea de credito o descubierto | Pequena (10-49) | n respuestas (sin ponderar),49,pct_anual,2018-S1,"BCE, encuesta SAFE (ECB Data Portal, dataset SAFE)",https://data.ecb.europa.eu/data/datasets/SAFE/SAFE.SAFE.H.DE.SML.A.0.0.0.Q8B.ZZZZ.NT.AL.UN,2026-09-16,,,tamano_empresa_empleados,importe,dato_unico,"TAMANO DE MUESTRA, no es una magnitud economica; serie SAFE.H.DE.SML.A.0.0.0.Q8B.ZZZZ.NT.AL.UN"
Alemania,linea_credito_circulante,Q8B. Tipo cobrado por la linea de credito o descubierto | Pequena (10-49) | n respuestas (sin ponderar),51,pct_anual,2018-S2,"BCE, encuesta SAFE (ECB Data Portal, dataset SAFE)",https://data.ecb.europa.eu/data/datasets/SAFE/SAFE.SAFE.H.DE.SML.A.0.0.0.Q8B.ZZZZ.NT.AL.UN,2026-09-16,,,tamano_empresa_empleados,importe,dato_unico,"TAMANO DE MUESTRA, no es una magnitud economica; serie SAFE.H.DE.SML.A.0.0.0.Q8B.ZZZZ.NT.AL.UN"
Alemania,linea_credito_circulante,Q8B. Tipo cobrado por la linea de credito o descubierto | Pequena (10-49) | n respuestas (sin ponderar),39,pct_anual,2019-S1,"BCE, encuesta SAFE (ECB Data Portal, dataset SAFE)",https://data.ecb.europa.eu/data/datasets/SAFE/SAFE.SAFE.H.DE.SML.A.0.0.0.Q8B.ZZZZ.NT.AL.UN,2026-09-16,,,tamano_empresa_empleados,importe,dato_unico,"TAMANO DE MUESTRA, no es una magnitud economica; serie SAFE.H.DE.SML.A.0.0.0.Q8B.ZZZZ.NT.AL.UN"
Alemania,linea_credito_circulante,Q8B. Tipo cobrado por la linea de credito o descubierto | Pequena (10-49) | n respuestas (sin ponderar),41,pct_anual,2019-S2,"BCE, encuesta SAFE (ECB Data Portal, dataset SAFE)",https://data.ecb.europa.eu/data/datasets/SAFE/SAFE.SAFE.H.DE.SML.A.0.0.0.Q8B.ZZZZ.NT.AL.UN,2026-09-16,,,tamano_empresa_empleados,importe,dato_unico,"TAMANO DE MUESTRA, no es una magnitud economica; serie SAFE.H.DE.SML.A.0.0.0.Q8B.ZZZZ.NT.AL.UN"
Alemania,linea_credito_circulante,Q8B. Tipo cobrado por la linea de credito o descubierto | Pequena (10-49) | n respuestas (sin ponderar),36,pct_anual,2020-S1,"BCE, encuesta SAFE (ECB Data Portal, dataset SAFE)",https://data.ecb.europa.eu/data/datasets/SAFE/SAFE.SAFE.H.DE.SML.A.0.0.0.Q8B.ZZZZ.NT.AL.UN,2026-09-16,,,tamano_empresa_empleados,importe,dato_unico,"TAMANO DE MUESTRA, no es una magnitud economica; serie SAFE.H.DE.SML.A.0.0.0.Q8B.ZZZZ.NT.AL.UN"
Alemania,linea_credito_circulante,Q8B. Tipo cobrado por la linea de credito o descubierto | Pequena (10-49) | n respuestas (sin ponderar),31,pct_anual,2020-S2,"BCE, encuesta SAFE (ECB Data Portal, dataset SAFE)",https://data.ecb.europa.eu/data/datasets/SAFE/SAFE.SAFE.H.DE.SML.A.0.0.0.Q8B.ZZZZ.NT.AL.UN,2026-09-16,,,tamano_empresa_empleados,importe,dato_unico,"TAMANO DE MUESTRA, no es una magnitud economica; serie SAFE.H.DE.SML.A.0.0.0.Q8B.ZZZZ.NT.AL.UN"
Alemania,linea_credito_circulante,Q8B. Tipo cobrado por la linea de credito o descubierto | Pequena (10-49) | n respuestas (sin ponderar),29,pct_anual,2021-S1,"BCE, encuesta SAFE (ECB Data Portal, dataset SAFE)",https://data.ecb.europa.eu/data/datasets/SAFE/SAFE.SAFE.H.DE.SML.A.0.0.0.Q8B.ZZZZ.NT.AL.UN,2026-09-16,,,tamano_empresa_empleados,importe,dato_unico,"TAMANO DE MUESTRA, no es una magnitud economica; serie SAFE.H.DE.SML.A.0.0.0.Q8B.ZZZZ.NT.AL.UN"
Alemania,linea_credito_circulante,Q8B. Tipo cobrado por la linea de credito o descubierto | Pequena (10-49) | n respuestas (sin ponderar),32,pct_anual,2021-S2,"BCE, encuesta SAFE (ECB Data Portal, dataset SAFE)",https://data.ecb.europa.eu/data/datasets/SAFE/SAFE.SAFE.H.DE.SML.A.0.0.0.Q8B.ZZZZ.NT.AL.UN,2026-09-16,,,tamano_empresa_empleados,importe,dato_unico,"TAMANO DE MUESTRA, no es una magnitud economica; serie SAFE.H.DE.SML.A.0.0.0.Q8B.ZZZZ.NT.AL.UN"
Alemania,linea_credito_circulante,Q8B. Tipo cobrado por la linea de credito o descubierto | Pequena (10-49) | n respuestas (sin ponderar),37,pct_anual,2022-S1,"BCE, encuesta SAFE (ECB Data Portal, dataset SAFE)",https://data.ecb.europa.eu/data/datasets/SAFE/SAFE.SAFE.H.DE.SML.A.0.0.0.Q8B.ZZZZ.NT.AL.UN,2026-09-16,,,tamano_empresa_empleados,importe,dato_unico,"TAMANO DE MUESTRA, no es una magnitud economica; serie SAFE.H.DE.SML.A.0.0.0.Q8B.ZZZZ.NT.AL.UN"
Alemania,linea_credito_circulante,Q8B. Tipo cobrado por la linea de credito o descubierto | Pequena (10-49) | media ponderada,6.730408,pct_anual,2014-S1,"BCE, encuesta SAFE (ECB Data Portal, dataset SAFE)",https://data.ecb.europa.eu/data/datasets/SAFE/SAFE.SAFE.H.DE.SML.A.0.0.0.Q8B.ZZZZ.NT.AL.WA,2026-09-16,,,tamano_empresa_empleados,nivel,media_ponderada_volumen,serie SAFE.H.DE.SML.A.0.0.0.Q8B.ZZZZ.NT.AL.WA
Alemania,linea_credito_circulante,Q8B. Tipo cobrado por la linea de credito o descubierto | Pequena (10-49) | media ponderada,5.783065,pct_anual,2014-S2,"BCE, encuesta SAFE (ECB Data Portal, dataset SAFE)",https://data.ecb.europa.eu/data/datasets/SAFE/SAFE.SAFE.H.DE.SML.A.0.0.0.Q8B.ZZZZ.NT.AL.WA,2026-09-16,,,tamano_empresa_empleados,nivel,media_ponderada_volumen,serie SAFE.H.DE.SML.A.0.0.0.Q8B.ZZZZ.NT.AL.WA
Alemania,linea_credito_circulante,Q8B. Tipo cobrado por la linea de credito o descubierto | Pequena (10-49) | media ponderada,6.956152,pct_anual,2015-S1,"BCE, encuesta SAFE (ECB Data Portal, dataset SAFE)",https://data.ecb.europa.eu/data/datasets/SAFE/SAFE.SAFE.H.DE.SML.A.0.0.0.Q8B.ZZZZ.NT.AL.WA,2026-09-16,,,tamano_empresa_empleados,nivel,media_ponderada_volumen,serie SAFE.H.DE.SML.A.0.0.0.Q8B.ZZZZ.NT.AL.WA
Alemania,linea_credito_circulante,Q8B. Tipo cobrado por la linea de credito o descubierto | Pequena (10-49) | media ponderada,4.488574,pct_anual,2015-S2,"BCE, encuesta SAFE (ECB Data Portal, dataset SAFE)",https://data.ecb.europa.eu/data/datasets/SAFE/SAFE.SAFE.H.DE.SML.A.0.0.0.Q8B.ZZZZ.NT.AL.WA,2026-09-16,,,tamano_empresa_empleados,nivel,media_ponderada_volumen,serie SAFE.H.DE.SML.A.0.0.0.Q8B.ZZZZ.NT.AL.WA
Alemania,linea_credito_circulante,Q8B. Tipo cobrado por la linea de credito o descubierto | Pequena (10-49) | media ponderada,5.280177,pct_anual,2016-S1,"BCE, encuesta SAFE (ECB Data Portal, dataset SAFE)",https://data.ecb.europa.eu/data/datasets/SAFE/SAFE.SAFE.H.DE.SML.A.0.0.0.Q8B.ZZZZ.NT.AL.WA,2026-09-16,,,tamano_empresa_empleados,nivel,media_ponderada_volumen,serie SAFE.H.DE.SML.A.0.0.0.Q8B.ZZZZ.NT.AL.WA
Alemania,linea_credito_circulante,Q8B. Tipo cobrado por la linea de credito o descubierto | Pequena (10-49) | media ponderada,5.074185,pct_anual,2016-S2,"BCE, encuesta SAFE (ECB Data Portal, dataset SAFE)",https://data.ecb.europa.eu/data/datasets/SAFE/SAFE.SAFE.H.DE.SML.A.0.0.0.Q8B.ZZZZ.NT.AL.WA,2026-09-16,,,tamano_empresa_empleados,nivel,media_ponderada_volumen,serie SAFE.H.DE.SML.A.0.0.0.Q8B.ZZZZ.NT.AL.WA
Alemania,linea_credito_circulante,Q8B. Tipo cobrado por la linea de credito o descubierto | Pequena (10-49) | media ponderada,4.022786,pct_anual,2017-S1,"BCE, encuesta SAFE (ECB Data Portal, dataset SAFE)",https://data.ecb.europa.eu/data/datasets/SAFE/SAFE.SAFE.H.DE.SML.A.0.0.0.Q8B.ZZZZ.NT.AL.WA,2026-09-16,,,tamano_empresa_empleados,nivel,media_ponderada_volumen,serie SAFE.H.DE.SML.A.0.0.0.Q8B.ZZZZ.NT.AL.WA
Alemania,linea_credito_circulante,Q8B. Tipo cobrado por la linea de credito o descubierto | Pequena (10-49) | media ponderada,4.964803,pct_anual,2017-S2,"BCE, encuesta SAFE (ECB Data Portal, dataset SAFE)",https://data.ecb.europa.eu/data/datasets/SAFE/SAFE.SAFE.H.DE.SML.A.0.0.0.Q8B.ZZZZ.NT.AL.WA,2026-09-16,,,tamano_empresa_empleados,nivel,media_ponderada_volumen,serie SAFE.H.DE.SML.A.0.0.0.Q8B.ZZZZ.NT.AL.WA
Alemania,linea_credito_circulante,Q8B. Tipo cobrado por la linea de credito o descubierto | Pequena (10-49) | media ponderada,3.866662,pct_anual,2018-S1,"BCE, encuesta SAFE (ECB Data Portal, dataset SAFE)",https://data.ecb.europa.eu/data/datasets/SAFE/SAFE.SAFE.H.DE.SML.A.0.0.0.Q8B.ZZZZ.NT.AL.WA,2026-09-16,,,tamano_empresa_empleados,nivel,media_ponderada_volumen,serie SAFE.H.DE.SML.A.0.0.0.Q8B.ZZZZ.NT.AL.WA
Alemania,linea_credito_circulante,Q8B. Tipo cobrado por la linea de credito o descubierto | Pequena (10-49) | media ponderada,4.83128,pct_anual,2018-S2,"BCE, encuesta SAFE (ECB Data Portal, dataset SAFE)",https://data.ecb.europa.eu/data/datasets/SAFE/SAFE.SAFE.H.DE.SML.A.0.0.0.Q8B.ZZZZ.NT.AL.WA,2026-09-16,,,tamano_empresa_empleados,nivel,media_ponderada_volumen,serie SAFE.H.DE.SML.A.0.0.0.Q8B.ZZZZ.NT.AL.WA
Alemania,linea_credito_circulante,Q8B. Tipo cobrado por la linea de credito o descubierto | Pequena (10-49) | media ponderada,4.509556,pct_anual,2019-S1,"BCE, encuesta SAFE (ECB Data Portal, dataset SAFE)",https://data.ecb.europa.eu/data/datasets/SAFE/SAFE.SAFE.H.DE.SML.A.0.0.0.Q8B.ZZZZ.NT.AL.WA,2026-09-16,,,tamano_empresa_empleados,nivel,media_ponderada_volumen,serie SAFE.H.DE.SML.A.0.0.0.Q8B.ZZZZ.NT.AL.WA
Alemania,linea_credito_circulante,Q8B. Tipo cobrado por la linea de credito o descubierto | Pequena (10-49) | media ponderada,4.113144,pct_anual,2019-S2,"BCE, encuesta SAFE (ECB Data Portal, dataset SAFE)",https://data.ecb.europa.eu/data/datasets/SAFE/SAFE.SAFE.H.DE.SML.A.0.0.0.Q8B.ZZZZ.NT.AL.WA,2026-09-16,,,tamano_empresa_empleados,nivel,media_ponderada_volumen,serie SAFE.H.DE.SML.A.0.0.0.Q8B.ZZZZ.NT.AL.WA
Alemania,linea_credito_circulante,Q8B. Tipo cobrado por la linea de credito o descubierto | Pequena (10-49) | media ponderada,2.268093,pct_anual,2020-S1,"BCE, encuesta SAFE (ECB Data Portal, dataset SAFE)",https://data.ecb.europa.eu/data/datasets/SAFE/SAFE.SAFE.H.DE.SML.A.0.0.0.Q8B.ZZZZ.NT.AL.WA,2026-09-16,,,tamano_empresa_empleados,nivel,media_ponderada_volumen,serie SAFE.H.DE.SML.A.0.0.0.Q8B.ZZZZ.NT.AL.WA
Alemania,linea_credito_circulante,Q8B. Tipo cobrado por la linea de credito o descubierto | Pequena (10-49) | media ponderada,2.875142,pct_anual,2020-S2,"BCE, encuesta SAFE (ECB Data Portal, dataset SAFE)",https://data.ecb.europa.eu/data/datasets/SAFE/SAFE.SAFE.H.DE.SML.A.0.0.0.Q8B.ZZZZ.NT.AL.WA,2026-09-16,,,tamano_empresa_empleados,nivel,media_ponderada_volumen,serie SAFE.H.DE.SML.A.0.0.0.Q8B.ZZZZ.NT.AL.WA
Alemania,linea_credito_circulante,Q8B. Tipo cobrado por la linea de credito o descubierto | Pequena (10-49) | media ponderada,2.208248,pct_anual,2021-S1,"BCE, encuesta SAFE (ECB Data Portal, dataset SAFE)",https://data.ecb.europa.eu/data/datasets/SAFE/SAFE.SAFE.H.DE.SML.A.0.0.0.Q8B.ZZZZ.NT.AL.WA,2026-09-16,,,tamano_empresa_empleados,nivel,media_ponderada_volumen,serie SAFE.H.DE.SML.A.0.0.0.Q8B.ZZZZ.NT.AL.WA
Alemania,linea_credito_circulante,Q8B. Tipo cobrado por la linea de credito o descubierto | Pequena (10-49) | media ponderada,3.740738,pct_anual,2021-S2,"BCE, encuesta SAFE (ECB Data Portal, dataset SAFE)",https://data.ecb.europa.eu/data/datasets/SAFE/SAFE.SAFE.H.DE.SML.A.0.0.0.Q8B.ZZZZ.NT.AL.WA,2026-09-16,,,tamano_empresa_empleados,nivel,media_ponderada_volumen,serie SAFE.H.DE.SML.A.0.0.0.Q8B.ZZZZ.NT.AL.WA
Alemania,linea_credito_circulante,Q8B. Tipo cobrado por la linea de credito o descubierto | Pequena (10-49) | media ponderada,3.704506,pct_anual,2022-S1,"BCE, encuesta SAFE (ECB Data Portal, dataset SAFE)",https://data.ecb.europa.eu/data/datasets/SAFE/SAFE.SAFE.H.DE.SML.A.0.0.0.Q8B.ZZZZ.NT.AL.WA,2026-09-16,,,tamano_empresa_empleados,nivel,media_ponderada_volumen,serie SAFE.H.DE.SML.A.0.0.0.Q8B.ZZZZ.NT.AL.WA
Alemania,linea_credito_circulante,Q8B. Tipo cobrado por la linea de credito o descubierto | Pequena (10-49) | mediana ponderada,5.83,pct_anual,2014-S1,"BCE, encuesta SAFE (ECB Data Portal, dataset SAFE)",https://data.ecb.europa.eu/data/datasets/SAFE/SAFE.SAFE.H.DE.SML.A.0.0.0.Q8B.ZZZZ.NT.AL.WM,2026-09-16,,,tamano_empresa_empleados,nivel,dato_unico,serie SAFE.H.DE.SML.A.0.0.0.Q8B.ZZZZ.NT.AL.WM
Alemania,linea_credito_circulante,Q8B. Tipo cobrado por la linea de credito o descubierto | Pequena (10-49) | mediana ponderada,5,pct_anual,2014-S2,"BCE, encuesta SAFE (ECB Data Portal, dataset SAFE)",https://data.ecb.europa.eu/data/datasets/SAFE/SAFE.SAFE.H.DE.SML.A.0.0.0.Q8B.ZZZZ.NT.AL.WM,2026-09-16,,,tamano_empresa_empleados,nivel,dato_unico,serie SAFE.H.DE.SML.A.0.0.0.Q8B.ZZZZ.NT.AL.WM
Alemania,linea_credito_circulante,Q8B. Tipo cobrado por la linea de credito o descubierto | Pequena (10-49) | mediana ponderada,6,pct_anual,2015-S1,"BCE, encuesta SAFE (ECB Data Portal, dataset SAFE)",https://data.ecb.europa.eu/data/datasets/SAFE/SAFE.SAFE.H.DE.SML.A.0.0.0.Q8B.ZZZZ.NT.AL.WM,2026-09-16,,,tamano_empresa_empleados,nivel,dato_unico,serie SAFE.H.DE.SML.A.0.0.0.Q8B.ZZZZ.NT.AL.WM
Alemania,linea_credito_circulante,Q8B. Tipo cobrado por la linea de credito o descubierto | Pequena (10-49) | mediana ponderada,3.125,pct_anual,2015-S2,"BCE, encuesta SAFE (ECB Data Portal, dataset SAFE)",https://data.ecb.europa.eu/data/datasets/SAFE/SAFE.SAFE.H.DE.SML.A.0.0.0.Q8B.ZZZZ.NT.AL.WM,2026-09-16,,,tamano_empresa_empleados,nivel,dato_unico,serie SAFE.H.DE.SML.A.0.0.0.Q8B.ZZZZ.NT.AL.WM
Alemania,linea_credito_circulante,Q8B. Tipo cobrado por la linea de credito o descubierto | Pequena (10-49) | mediana ponderada,4.75,pct_anual,2016-S1,"BCE, encuesta SAFE (ECB Data Portal, dataset SAFE)",https://data.ecb.europa.eu/data/datasets/SAFE/SAFE.SAFE.H.DE.SML.A.0.0.0.Q8B.ZZZZ.NT.AL.WM,2026-09-16,,,tamano_empresa_empleados,nivel,dato_unico,serie SAFE.H.DE.SML.A.0.0.0.Q8B.ZZZZ.NT.AL.WM
Alemania,linea_credito_circulante,Q8B. Tipo cobrado por la linea de credito o descubierto | Pequena (10-49) | mediana ponderada,3.8,pct_anual,2016-S2,"BCE, encuesta SAFE (ECB Data Portal, dataset SAFE)",https://data.ecb.europa.eu/data/datasets/SAFE/SAFE.SAFE.H.DE.SML.A.0.0.0.Q8B.ZZZZ.NT.AL.WM,2026-09-16,,,tamano_empresa_empleados,nivel,dato_unico,serie SAFE.H.DE.SML.A.0.0.0.Q8B.ZZZZ.NT.AL.WM
Alemania,linea_credito_circulante,Q8B. Tipo cobrado por la linea de credito o descubierto | Pequena (10-49) | mediana ponderada,2.5,pct_anual,2017-S1,"BCE, encuesta SAFE (ECB Data Portal, dataset SAFE)",https://data.ecb.europa.eu/data/datasets/SAFE/SAFE.SAFE.H.DE.SML.A.0.0.0.Q8B.ZZZZ.NT.AL.WM,2026-09-16,,,tamano_empresa_empleados,nivel,dato_unico,serie SAFE.H.DE.SML.A.0.0.0.Q8B.ZZZZ.NT.AL.WM
Alemania,linea_credito_circulante,Q8B. Tipo cobrado por la linea de credito o descubierto | Pequena (10-49) | mediana ponderada,3.5,pct_anual,2017-S2,"BCE, encuesta SAFE (ECB Data Portal, dataset SAFE)",https://data.ecb.europa.eu/data/datasets/SAFE/SAFE.SAFE.H.DE.SML.A.0.0.0.Q8B.ZZZZ.NT.AL.WM,2026-09-16,,,tamano_empresa_empleados,nivel,dato_unico,serie SAFE.H.DE.SML.A.0.0.0.Q8B.ZZZZ.NT.AL.WM
Alemania,linea_credito_circulante,Q8B. Tipo cobrado por la linea de credito o descubierto | Pequena (10-49) | mediana ponderada,2.731177,pct_anual,2018-S1,"BCE, encuesta SAFE (ECB Data Portal, dataset SAFE)",https://data.ecb.europa.eu/data/datasets/SAFE/SAFE.SAFE.H.DE.SML.A.0.0.0.Q8B.ZZZZ.NT.AL.WM,2026-09-16,,,tamano_empresa_empleados,nivel,dato_unico,serie SAFE.H.DE.SML.A.0.0.0.Q8B.ZZZZ.NT.AL.WM
Alemania,linea_credito_circulante,Q8B. Tipo cobrado por la linea de credito o descubierto | Pequena (10-49) | mediana ponderada,3.1,pct_anual,2018-S2,"BCE, encuesta SAFE (ECB Data Portal, dataset SAFE)",https://data.ecb.europa.eu/data/datasets/SAFE/SAFE.SAFE.H.DE.SML.A.0.0.0.Q8B.ZZZZ.NT.AL.WM,2026-09-16,,,tamano_empresa_empleados,nivel,dato_unico,serie SAFE.H.DE.SML.A.0.0.0.Q8B.ZZZZ.NT.AL.WM
Alemania,linea_credito_circulante,Q8B. Tipo cobrado por la linea de credito o descubierto | Pequena (10-49) | mediana ponderada,3.5,pct_anual,2019-S1,"BCE, encuesta SAFE (ECB Data Portal, dataset SAFE)",https://data.ecb.europa.eu/data/datasets/SAFE/SAFE.SAFE.H.DE.SML.A.0.0.0.Q8B.ZZZZ.NT.AL.WM,2026-09-16,,,tamano_empresa_empleados,nivel,dato_unico,serie SAFE.H.DE.SML.A.0.0.0.Q8B.ZZZZ.NT.AL.WM
Alemania,linea_credito_circulante,Q8B. Tipo cobrado por la linea de credito o descubierto | Pequena (10-49) | mediana ponderada,2.5,pct_anual,2019-S2,"BCE, encuesta SAFE (ECB Data Portal, dataset SAFE)",https://data.ecb.europa.eu/data/datasets/SAFE/SAFE.SAFE.H.DE.SML.A.0.0.0.Q8B.ZZZZ.NT.AL.WM,2026-09-16,,,tamano_empresa_empleados,nivel,dato_unico,serie SAFE.H.DE.SML.A.0.0.0.Q8B.ZZZZ.NT.AL.WM
Alemania,linea_credito_circulante,Q8B. Tipo cobrado por la linea de credito o descubierto | Pequena (10-49) | mediana ponderada,2,pct_anual,2020-S1,"BCE, encuesta SAFE (ECB Data Portal, dataset SAFE)",https://data.ecb.europa.eu/data/datasets/SAFE/SAFE.SAFE.H.DE.SML.A.0.0.0.Q8B.ZZZZ.NT.AL.WM,2026-09-16,,,tamano_empresa_empleados,nivel,dato_unico,serie SAFE.H.DE.SML.A.0.0.0.Q8B.ZZZZ.NT.AL.WM
Alemania,linea_credito_circulante,Q8B. Tipo cobrado por la linea de credito o descubierto | Pequena (10-49) | mediana ponderada,2.4,pct_anual,2020-S2,"BCE, encuesta SAFE (ECB Data Portal, dataset SAFE)",https://data.ecb.europa.eu/data/datasets/SAFE/SAFE.SAFE.H.DE.SML.A.0.0.0.Q8B.ZZZZ.NT.AL.WM,2026-09-16,,,tamano_empresa_empleados,nivel,dato_unico,serie SAFE.H.DE.SML.A.0.0.0.Q8B.ZZZZ.NT.AL.WM
Alemania,linea_credito_circulante,Q8B. Tipo cobrado por la linea de credito o descubierto | Pequena (10-49) | mediana ponderada,1.39,pct_anual,2021-S1,"BCE, encuesta SAFE (ECB Data Portal, dataset SAFE)",https://data.ecb.europa.eu/data/datasets/SAFE/SAFE.SAFE.H.DE.SML.A.0.0.0.Q8B.ZZZZ.NT.AL.WM,2026-09-16,,,tamano_empresa_empleados,nivel,dato_unico,serie SAFE.H.DE.SML.A.0.0.0.Q8B.ZZZZ.NT.AL.WM
Alemania,linea_credito_circulante,Q8B. Tipo cobrado por la linea de credito o descubierto | Pequena (10-49) | mediana ponderada,3,pct_anual,2021-S2,"BCE, encuesta SAFE (ECB Data Portal, dataset SAFE)",https://data.ecb.europa.eu/data/datasets/SAFE/SAFE.SAFE.H.DE.SML.A.0.0.0.Q8B.ZZZZ.NT.AL.WM,2026-09-16,,,tamano_empresa_empleados,nivel,dato_unico,serie SAFE.H.DE.SML.A.0.0.0.Q8B.ZZZZ.NT.AL.WM
Alemania,linea_credito_circulante,Q8B. Tipo cobrado por la linea de credito o descubierto | Pequena (10-49) | mediana ponderada,3,pct_anual,2022-S1,"BCE, encuesta SAFE (ECB Data Portal, dataset SAFE)",https://data.ecb.europa.eu/data/datasets/SAFE/SAFE.SAFE.H.DE.SML.A.0.0.0.Q8B.ZZZZ.NT.AL.WM,2026-09-16,,,tamano_empresa_empleados,nivel,dato_unico,serie SAFE.H.DE.SML.A.0.0.0.Q8B.ZZZZ.NT.AL.WM
Alemania,linea_credito_circulante,Q8B. Tipo cobrado por la linea de credito o descubierto | Pequena (10-49) | n respuestas (ponderado),79.05094,pct_anual,2014-S1,"BCE, encuesta SAFE (ECB Data Portal, dataset SAFE)",https://data.ecb.europa.eu/data/datasets/SAFE/SAFE.SAFE.H.DE.SML.A.0.0.0.Q8B.ZZZZ.NT.AL.WN,2026-09-16,,,tamano_empresa_empleados,importe,dato_unico,"TAMANO DE MUESTRA, no es una magnitud economica; serie SAFE.H.DE.SML.A.0.0.0.Q8B.ZZZZ.NT.AL.WN"
Alemania,linea_credito_circulante,Q8B. Tipo cobrado por la linea de credito o descubierto | Pequena (10-49) | n respuestas (ponderado),91.12062,pct_anual,2014-S2,"BCE, encuesta SAFE (ECB Data Portal, dataset SAFE)",https://data.ecb.europa.eu/data/datasets/SAFE/SAFE.SAFE.H.DE.SML.A.0.0.0.Q8B.ZZZZ.NT.AL.WN,2026-09-16,,,tamano_empresa_empleados,importe,dato_unico,"TAMANO DE MUESTRA, no es una magnitud economica; serie SAFE.H.DE.SML.A.0.0.0.Q8B.ZZZZ.NT.AL.WN"
Alemania,linea_credito_circulante,Q8B. Tipo cobrado por la linea de credito o descubierto | Pequena (10-49) | n respuestas (ponderado),65.30971,pct_anual,2015-S1,"BCE, encuesta SAFE (ECB Data Portal, dataset SAFE)",https://data.ecb.europa.eu/data/datasets/SAFE/SAFE.SAFE.H.DE.SML.A.0.0.0.Q8B.ZZZZ.NT.AL.WN,2026-09-16,,,tamano_empresa_empleados,importe,dato_unico,"TAMANO DE MUESTRA, no es una magnitud economica; serie SAFE.H.DE.SML.A.0.0.0.Q8B.ZZZZ.NT.AL.WN"
Alemania,linea_credito_circulante,Q8B. Tipo cobrado por la linea de credito o descubierto | Pequena (10-49) | n respuestas (ponderado),105.5669,pct_anual,2015-S2,"BCE, encuesta SAFE (ECB Data Portal, dataset SAFE)",https://data.ecb.europa.eu/data/datasets/SAFE/SAFE.SAFE.H.DE.SML.A.0.0.0.Q8B.ZZZZ.NT.AL.WN,2026-09-16,,,tamano_empresa_empleados,importe,dato_unico,"TAMANO DE MUESTRA, no es una magnitud economica; serie SAFE.H.DE.SML.A.0.0.0.Q8B.ZZZZ.NT.AL.WN"
Alemania,linea_credito_circulante,Q8B. Tipo cobrado por la linea de credito o descubierto | Pequena (10-49) | n respuestas (ponderado),85.12125,pct_anual,2016-S1,"BCE, encuesta SAFE (ECB Data Portal, dataset SAFE)",https://data.ecb.europa.eu/data/datasets/SAFE/SAFE.SAFE.H.DE.SML.A.0.0.0.Q8B.ZZZZ.NT.AL.WN,2026-09-16,,,tamano_empresa_empleados,importe,dato_unico,"TAMANO DE MUESTRA, no es una magnitud economica; serie SAFE.H.DE.SML.A.0.0.0.Q8B.ZZZZ.NT.AL.WN"
Alemania,linea_credito_circulante,Q8B. Tipo cobrado por la linea de credito o descubierto | Pequena (10-49) | n respuestas (ponderado),99.11653,pct_anual,2016-S2,"BCE, encuesta SAFE (ECB Data Portal, dataset SAFE)",https://data.ecb.europa.eu/data/datasets/SAFE/SAFE.SAFE.H.DE.SML.A.0.0.0.Q8B.ZZZZ.NT.AL.WN,2026-09-16,,,tamano_empresa_empleados,importe,dato_unico,"TAMANO DE MUESTRA, no es una magnitud economica; serie SAFE.H.DE.SML.A.0.0.0.Q8B.ZZZZ.NT.AL.WN"
Alemania,linea_credito_circulante,Q8B. Tipo cobrado por la linea de credito o descubierto | Pequena (10-49) | n respuestas (ponderado),72.39793,pct_anual,2017-S1,"BCE, encuesta SAFE (ECB Data Portal, dataset SAFE)",https://data.ecb.europa.eu/data/datasets/SAFE/SAFE.SAFE.H.DE.SML.A.0.0.0.Q8B.ZZZZ.NT.AL.WN,2026-09-16,,,tamano_empresa_empleados,importe,dato_unico,"TAMANO DE MUESTRA, no es una magnitud economica; serie SAFE.H.DE.SML.A.0.0.0.Q8B.ZZZZ.NT.AL.WN"
Alemania,linea_credito_circulante,Q8B. Tipo cobrado por la linea de credito o descubierto | Pequena (10-49) | n respuestas (ponderado),116.3877,pct_anual,2017-S2,"BCE, encuesta SAFE (ECB Data Portal, dataset SAFE)",https://data.ecb.europa.eu/data/datasets/SAFE/SAFE.SAFE.H.DE.SML.A.0.0.0.Q8B.ZZZZ.NT.AL.WN,2026-09-16,,,tamano_empresa_empleados,importe,dato_unico,"TAMANO DE MUESTRA, no es una magnitud economica; serie SAFE.H.DE.SML.A.0.0.0.Q8B.ZZZZ.NT.AL.WN"
Alemania,linea_credito_circulante,Q8B. Tipo cobrado por la linea de credito o descubierto | Pequena (10-49) | n respuestas (ponderado),80.3477,pct_anual,2018-S1,"BCE, encuesta SAFE (ECB Data Portal, dataset SAFE)",https://data.ecb.europa.eu/data/datasets/SAFE/SAFE.SAFE.H.DE.SML.A.0.0.0.Q8B.ZZZZ.NT.AL.WN,2026-09-16,,,tamano_empresa_empleados,importe,dato_unico,"TAMANO DE MUESTRA, no es una magnitud economica; serie SAFE.H.DE.SML.A.0.0.0.Q8B.ZZZZ.NT.AL.WN"
Alemania,linea_credito_circulante,Q8B. Tipo cobrado por la linea de credito o descubierto | Pequena (10-49) | n respuestas (ponderado),84.49184,pct_anual,2018-S2,"BCE, encuesta SAFE (ECB Data Portal, dataset SAFE)",https://data.ecb.europa.eu/data/datasets/SAFE/SAFE.SAFE.H.DE.SML.A.0.0.0.Q8B.ZZZZ.NT.AL.WN,2026-09-16,,,tamano_empresa_empleados,importe,dato_unico,"TAMANO DE MUESTRA, no es una magnitud economica; serie SAFE.H.DE.SML.A.0.0.0.Q8B.ZZZZ.NT.AL.WN"
Alemania,linea_credito_circulante,Q8B. Tipo cobrado por la linea de credito o descubierto | Pequena (10-49) | n respuestas (ponderado),64.50628,pct_anual,2019-S1,"BCE, encuesta SAFE (ECB Data Portal, dataset SAFE)",https://data.ecb.europa.eu/data/datasets/SAFE/SAFE.SAFE.H.DE.SML.A.0.0.0.Q8B.ZZZZ.NT.AL.WN,2026-09-16,,,tamano_empresa_empleados,importe,dato_unico,"TAMANO DE MUESTRA, no es una magnitud economica; serie SAFE.H.DE.SML.A.0.0.0.Q8B.ZZZZ.NT.AL.WN"
Alemania,linea_credito_circulante,Q8B. Tipo cobrado por la linea de credito o descubierto | Pequena (10-49) | n respuestas (ponderado),77.09091,pct_anual,2019-S2,"BCE, encuesta SAFE (ECB Data Portal, dataset SAFE)",https://data.ecb.europa.eu/data/datasets/SAFE/SAFE.SAFE.H.DE.SML.A.0.0.0.Q8B.ZZZZ.NT.AL.WN,2026-09-16,,,tamano_empresa_empleados,importe,dato_unico,"TAMANO DE MUESTRA, no es una magnitud economica; serie SAFE.H.DE.SML.A.0.0.0.Q8B.ZZZZ.NT.AL.WN"
Alemania,linea_credito_circulante,Q8B. Tipo cobrado por la linea de credito o descubierto | Pequena (10-49) | n respuestas (ponderado),72.42958,pct_anual,2020-S1,"BCE, encuesta SAFE (ECB Data Portal, dataset SAFE)",https://data.ecb.europa.eu/data/datasets/SAFE/SAFE.SAFE.H.DE.SML.A.0.0.0.Q8B.ZZZZ.NT.AL.WN,2026-09-16,,,tamano_empresa_empleados,importe,dato_unico,"TAMANO DE MUESTRA, no es una magnitud economica; serie SAFE.H.DE.SML.A.0.0.0.Q8B.ZZZZ.NT.AL.WN"
Alemania,linea_credito_circulante,Q8B. Tipo cobrado por la linea de credito o descubierto | Pequena (10-49) | n respuestas (ponderado),59.01803,pct_anual,2020-S2,"BCE, encuesta SAFE (ECB Data Portal, dataset SAFE)",https://data.ecb.europa.eu/data/datasets/SAFE/SAFE.SAFE.H.DE.SML.A.0.0.0.Q8B.ZZZZ.NT.AL.WN,2026-09-16,,,tamano_empresa_empleados,importe,dato_unico,"TAMANO DE MUESTRA, no es una magnitud economica; serie SAFE.H.DE.SML.A.0.0.0.Q8B.ZZZZ.NT.AL.WN"
Alemania,linea_credito_circulante,Q8B. Tipo cobrado por la linea de credito o descubierto | Pequena (10-49) | n respuestas (ponderado),58.19064,pct_anual,2021-S1,"BCE, encuesta SAFE (ECB Data Portal, dataset SAFE)",https://data.ecb.europa.eu/data/datasets/SAFE/SAFE.SAFE.H.DE.SML.A.0.0.0.Q8B.ZZZZ.NT.AL.WN,2026-09-16,,,tamano_empresa_empleados,importe,dato_unico,"TAMANO DE MUESTRA, no es una magnitud economica; serie SAFE.H.DE.SML.A.0.0.0.Q8B.ZZZZ.NT.AL.WN"
Alemania,linea_credito_circulante,Q8B. Tipo cobrado por la linea de credito o descubierto | Pequena (10-49) | n respuestas (ponderado),59.81364,pct_anual,2021-S2,"BCE, encuesta SAFE (ECB Data Portal, dataset SAFE)",https://data.ecb.europa.eu/data/datasets/SAFE/SAFE.SAFE.H.DE.SML.A.0.0.0.Q8B.ZZZZ.NT.AL.WN,2026-09-16,,,tamano_empresa_empleados,importe,dato_unico,"TAMANO DE MUESTRA, no es una magnitud economica; serie SAFE.H.DE.SML.A.0.0.0.Q8B.ZZZZ.NT.AL.WN"
Alemania,linea_credito_circulante,Q8B. Tipo cobrado por la linea de credito o descubierto | Pequena (10-49) | n respuestas (ponderado),62.39058,pct_anual,2022-S1,"BCE, encuesta SAFE (ECB Data Portal, dataset SAFE)",https://data.ecb.europa.eu/data/datasets/SAFE/SAFE.SAFE.H.DE.SML.A.0.0.0.Q8B.ZZZZ.NT.AL.WN,2026-09-16,,,tamano_empresa_empleados,importe,dato_unico,"TAMANO DE MUESTRA, no es una magnitud economica; serie SAFE.H.DE.SML.A.0.0.0.Q8B.ZZZZ.NT.AL.WN"
Alemania,linea_credito_circulante,Q8B. Tipo cobrado por la linea de credito o descubierto | Mediana (50-249) | n respuestas (sin ponderar),39,pct_anual,2014-S1,"BCE, encuesta SAFE (ECB Data Portal, dataset SAFE)",https://data.ecb.europa.eu/data/datasets/SAFE/SAFE.SAFE.H.DE.MED.A.0.0.0.Q8B.ZZZZ.NT.AL.UN,2026-09-16,,,tamano_empresa_empleados,importe,dato_unico,"TAMANO DE MUESTRA, no es una magnitud economica; serie SAFE.H.DE.MED.A.0.0.0.Q8B.ZZZZ.NT.AL.UN"
Alemania,linea_credito_circulante,Q8B. Tipo cobrado por la linea de credito o descubierto | Mediana (50-249) | n respuestas (sin ponderar),69,pct_anual,2014-S2,"BCE, encuesta SAFE (ECB Data Portal, dataset SAFE)",https://data.ecb.europa.eu/data/datasets/SAFE/SAFE.SAFE.H.DE.MED.A.0.0.0.Q8B.ZZZZ.NT.AL.UN,2026-09-16,,,tamano_empresa_empleados,importe,dato_unico,"TAMANO DE MUESTRA, no es una magnitud economica; serie SAFE.H.DE.MED.A.0.0.0.Q8B.ZZZZ.NT.AL.UN"
Alemania,linea_credito_circulante,Q8B. Tipo cobrado por la linea de credito o descubierto | Mediana (50-249) | n respuestas (sin ponderar),73,pct_anual,2015-S1,"BCE, encuesta SAFE (ECB Data Portal, dataset SAFE)",https://data.ecb.europa.eu/data/datasets/SAFE/SAFE.SAFE.H.DE.MED.A.0.0.0.Q8B.ZZZZ.NT.AL.UN,2026-09-16,,,tamano_empresa_empleados,importe,dato_unico,"TAMANO DE MUESTRA, no es una magnitud economica; serie SAFE.H.DE.MED.A.0.0.0.Q8B.ZZZZ.NT.AL.UN"
Alemania,linea_credito_circulante,Q8B. Tipo cobrado por la linea de credito o descubierto | Mediana (50-249) | n respuestas (sin ponderar),82,pct_anual,2015-S2,"BCE, encuesta SAFE (ECB Data Portal, dataset SAFE)",https://data.ecb.europa.eu/data/datasets/SAFE/SAFE.SAFE.H.DE.MED.A.0.0.0.Q8B.ZZZZ.NT.AL.UN,2026-09-16,,,tamano_empresa_empleados,importe,dato_unico,"TAMANO DE MUESTRA, no es una magnitud economica; serie SAFE.H.DE.MED.A.0.0.0.Q8B.ZZZZ.NT.AL.UN"
Alemania,linea_credito_circulante,Q8B. Tipo cobrado por la linea de credito o descubierto | Mediana (50-249) | n respuestas (sin ponderar),72,pct_anual,2016-S1,"BCE, encuesta SAFE (ECB Data Portal, dataset SAFE)",https://data.ecb.europa.eu/data/datasets/SAFE/SAFE.SAFE.H.DE.MED.A.0.0.0.Q8B.ZZZZ.NT.AL.UN,2026-09-16,,,tamano_empresa_empleados,importe,dato_unico,"TAMANO DE MUESTRA, no es una magnitud economica; serie SAFE.H.DE.MED.A.0.0.0.Q8B.ZZZZ.NT.AL.UN"
Alemania,linea_credito_circulante,Q8B. Tipo cobrado por la linea de credito o descubierto | Mediana (50-249) | n respuestas (sin ponderar),77,pct_anual,2016-S2,"BCE, encuesta SAFE (ECB Data Portal, dataset SAFE)",https://data.ecb.europa.eu/data/datasets/SAFE/SAFE.SAFE.H.DE.MED.A.0.0.0.Q8B.ZZZZ.NT.AL.UN,2026-09-16,,,tamano_empresa_empleados,importe,dato_unico,"TAMANO DE MUESTRA, no es una magnitud economica; serie SAFE.H.DE.MED.A.0.0.0.Q8B.ZZZZ.NT.AL.UN"
Alemania,linea_credito_circulante,Q8B. Tipo cobrado por la linea de credito o descubierto | Mediana (50-249) | n respuestas (sin ponderar),56,pct_anual,2017-S1,"BCE, encuesta SAFE (ECB Data Portal, dataset SAFE)",https://data.ecb.europa.eu/data/datasets/SAFE/SAFE.SAFE.H.DE.MED.A.0.0.0.Q8B.ZZZZ.NT.AL.UN,2026-09-16,,,tamano_empresa_empleados,importe,dato_unico,"TAMANO DE MUESTRA, no es una magnitud economica; serie SAFE.H.DE.MED.A.0.0.0.Q8B.ZZZZ.NT.AL.UN"
Alemania,linea_credito_circulante,Q8B. Tipo cobrado por la linea de credito o descubierto | Mediana (50-249) | n respuestas (sin ponderar),82,pct_anual,2017-S2,"BCE, encuesta SAFE (ECB Data Portal, dataset SAFE)",https://data.ecb.europa.eu/data/datasets/SAFE/SAFE.SAFE.H.DE.MED.A.0.0.0.Q8B.ZZZZ.NT.AL.UN,2026-09-16,,,tamano_empresa_empleados,importe,dato_unico,"TAMANO DE MUESTRA, no es una magnitud economica; serie SAFE.H.DE.MED.A.0.0.0.Q8B.ZZZZ.NT.AL.UN"
Alemania,linea_credito_circulante,Q8B. Tipo cobrado por la linea de credito o descubierto | Mediana (50-249) | n respuestas (sin ponderar),72,pct_anual,2018-S1,"BCE, encuesta SAFE (ECB Data Portal, dataset SAFE)",https://data.ecb.europa.eu/data/datasets/SAFE/SAFE.SAFE.H.DE.MED.A.0.0.0.Q8B.ZZZZ.NT.AL.UN,2026-09-16,,,tamano_empresa_empleados,importe,dato_unico,"TAMANO DE MUESTRA, no es una magnitud economica; serie SAFE.H.DE.MED.A.0.0.0.Q8B.ZZZZ.NT.AL.UN"
Alemania,linea_credito_circulante,Q8B. Tipo cobrado por la linea de credito o descubierto | Mediana (50-249) | n respuestas (sin ponderar),72,pct_anual,2018-S2,"BCE, encuesta SAFE (ECB Data Portal, dataset SAFE)",https://data.ecb.europa.eu/data/datasets/SAFE/SAFE.SAFE.H.DE.MED.A.0.0.0.Q8B.ZZZZ.NT.AL.UN,2026-09-16,,,tamano_empresa_empleados,importe,dato_unico,"TAMANO DE MUESTRA, no es una magnitud economica; serie SAFE.H.DE.MED.A.0.0.0.Q8B.ZZZZ.NT.AL.UN"
Alemania,linea_credito_circulante,Q8B. Tipo cobrado por la linea de credito o descubierto | Mediana (50-249) | n respuestas (sin ponderar),63,pct_anual,2019-S1,"BCE, encuesta SAFE (ECB Data Portal, dataset SAFE)",https://data.ecb.europa.eu/data/datasets/SAFE/SAFE.SAFE.H.DE.MED.A.0.0.0.Q8B.ZZZZ.NT.AL.UN,2026-09-16,,,tamano_empresa_empleados,importe,dato_unico,"TAMANO DE MUESTRA, no es una magnitud economica; serie SAFE.H.DE.MED.A.0.0.0.Q8B.ZZZZ.NT.AL.UN"
Alemania,linea_credito_circulante,Q8B. Tipo cobrado por la linea de credito o descubierto | Mediana (50-249) | n respuestas (sin ponderar),62,pct_anual,2019-S2,"BCE, encuesta SAFE (ECB Data Portal, dataset SAFE)",https://data.ecb.europa.eu/data/datasets/SAFE/SAFE.SAFE.H.DE.MED.A.0.0.0.Q8B.ZZZZ.NT.AL.UN,2026-09-16,,,tamano_empresa_empleados,importe,dato_unico,"TAMANO DE MUESTRA, no es una magnitud economica; serie SAFE.H.DE.MED.A.0.0.0.Q8B.ZZZZ.NT.AL.UN"
Alemania,linea_credito_circulante,Q8B. Tipo cobrado por la linea de credito o descubierto | Mediana (50-249) | n respuestas (sin ponderar),76,pct_anual,2020-S1,"BCE, encuesta SAFE (ECB Data Portal, dataset SAFE)",https://data.ecb.europa.eu/data/datasets/SAFE/SAFE.SAFE.H.DE.MED.A.0.0.0.Q8B.ZZZZ.NT.AL.UN,2026-09-16,,,tamano_empresa_empleados,importe,dato_unico,"TAMANO DE MUESTRA, no es una magnitud economica; serie SAFE.H.DE.MED.A.0.0.0.Q8B.ZZZZ.NT.AL.UN"
Alemania,linea_credito_circulante,Q8B. Tipo cobrado por la linea de credito o descubierto | Mediana (50-249) | n respuestas (sin ponderar),42,pct_anual,2020-S2,"BCE, encuesta SAFE (ECB Data Portal, dataset SAFE)",https://data.ecb.europa.eu/data/datasets/SAFE/SAFE.SAFE.H.DE.MED.A.0.0.0.Q8B.ZZZZ.NT.AL.UN,2026-09-16,,,tamano_empresa_empleados,importe,dato_unico,"TAMANO DE MUESTRA, no es una magnitud economica; serie SAFE.H.DE.MED.A.0.0.0.Q8B.ZZZZ.NT.AL.UN"
Alemania,linea_credito_circulante,Q8B. Tipo cobrado por la linea de credito o descubierto | Mediana (50-249) | n respuestas (sin ponderar),46,pct_anual,2021-S1,"BCE, encuesta SAFE (ECB Data Portal, dataset SAFE)",https://data.ecb.europa.eu/data/datasets/SAFE/SAFE.SAFE.H.DE.MED.A.0.0.0.Q8B.ZZZZ.NT.AL.UN,2026-09-16,,,tamano_empresa_empleados,importe,dato_unico,"TAMANO DE MUESTRA, no es una magnitud economica; serie SAFE.H.DE.MED.A.0.0.0.Q8B.ZZZZ.NT.AL.UN"
Alemania,linea_credito_circulante,Q8B. Tipo cobrado por la linea de credito o descubierto | Mediana (50-249) | n respuestas (sin ponderar),56,pct_anual,2021-S2,"BCE, encuesta SAFE (ECB Data Portal, dataset SAFE)",https://data.ecb.europa.eu/data/datasets/SAFE/SAFE.SAFE.H.DE.MED.A.0.0.0.Q8B.ZZZZ.NT.AL.UN,2026-09-16,,,tamano_empresa_empleados,importe,dato_unico,"TAMANO DE MUESTRA, no es una magnitud economica; serie SAFE.H.DE.MED.A.0.0.0.Q8B.ZZZZ.NT.AL.UN"
Alemania,linea_credito_circulante,Q8B. Tipo cobrado por la linea de credito o descubierto | Mediana (50-249) | n respuestas (sin ponderar),32,pct_anual,2022-S1,"BCE, encuesta SAFE (ECB Data Portal, dataset SAFE)",https://data.ecb.europa.eu/data/datasets/SAFE/SAFE.SAFE.H.DE.MED.A.0.0.0.Q8B.ZZZZ.NT.AL.UN,2026-09-16,,,tamano_empresa_empleados,importe,dato_unico,"TAMANO DE MUESTRA, no es una magnitud economica; serie SAFE.H.DE.MED.A.0.0.0.Q8B.ZZZZ.NT.AL.UN"
Alemania,linea_credito_circulante,Q8B. Tipo cobrado por la linea de credito o descubierto | Mediana (50-249) | media ponderada,4.359814,pct_anual,2014-S1,"BCE, encuesta SAFE (ECB Data Portal, dataset SAFE)",https://data.ecb.europa.eu/data/datasets/SAFE/SAFE.SAFE.H.DE.MED.A.0.0.0.Q8B.ZZZZ.NT.AL.WA,2026-09-16,,,tamano_empresa_empleados,nivel,media_ponderada_volumen,serie SAFE.H.DE.MED.A.0.0.0.Q8B.ZZZZ.NT.AL.WA
Alemania,linea_credito_circulante,Q8B. Tipo cobrado por la linea de credito o descubierto | Mediana (50-249) | media ponderada,3.819574,pct_anual,2014-S2,"BCE, encuesta SAFE (ECB Data Portal, dataset SAFE)",https://data.ecb.europa.eu/data/datasets/SAFE/SAFE.SAFE.H.DE.MED.A.0.0.0.Q8B.ZZZZ.NT.AL.WA,2026-09-16,,,tamano_empresa_empleados,nivel,media_ponderada_volumen,serie SAFE.H.DE.MED.A.0.0.0.Q8B.ZZZZ.NT.AL.WA
Alemania,linea_credito_circulante,Q8B. Tipo cobrado por la linea de credito o descubierto | Mediana (50-249) | media ponderada,4.712269,pct_anual,2015-S1,"BCE, encuesta SAFE (ECB Data Portal, dataset SAFE)",https://data.ecb.europa.eu/data/datasets/SAFE/SAFE.SAFE.H.DE.MED.A.0.0.0.Q8B.ZZZZ.NT.AL.WA,2026-09-16,,,tamano_empresa_empleados,nivel,media_ponderada_volumen,serie SAFE.H.DE.MED.A.0.0.0.Q8B.ZZZZ.NT.AL.WA
Alemania,linea_credito_circulante,Q8B. Tipo cobrado por la linea de credito o descubierto | Mediana (50-249) | media ponderada,3.639693,pct_anual,2015-S2,"BCE, encuesta SAFE (ECB Data Portal, dataset SAFE)",https://data.ecb.europa.eu/data/datasets/SAFE/SAFE.SAFE.H.DE.MED.A.0.0.0.Q8B.ZZZZ.NT.AL.WA,2026-09-16,,,tamano_empresa_empleados,nivel,media_ponderada_volumen,serie SAFE.H.DE.MED.A.0.0.0.Q8B.ZZZZ.NT.AL.WA
Alemania,linea_credito_circulante,Q8B. Tipo cobrado por la linea de credito o descubierto | Mediana (50-249) | media ponderada,3.102544,pct_anual,2016-S1,"BCE, encuesta SAFE (ECB Data Portal, dataset SAFE)",https://data.ecb.europa.eu/data/datasets/SAFE/SAFE.SAFE.H.DE.MED.A.0.0.0.Q8B.ZZZZ.NT.AL.WA,2026-09-16,,,tamano_empresa_empleados,nivel,media_ponderada_volumen,serie SAFE.H.DE.MED.A.0.0.0.Q8B.ZZZZ.NT.AL.WA
Alemania,linea_credito_circulante,Q8B. Tipo cobrado por la linea de credito o descubierto | Mediana (50-249) | media ponderada,3.330638,pct_anual,2016-S2,"BCE, encuesta SAFE (ECB Data Portal, dataset SAFE)",https://data.ecb.europa.eu/data/datasets/SAFE/SAFE.SAFE.H.DE.MED.A.0.0.0.Q8B.ZZZZ.NT.AL.WA,2026-09-16,,,tamano_empresa_empleados,nivel,media_ponderada_volumen,serie SAFE.H.DE.MED.A.0.0.0.Q8B.ZZZZ.NT.AL.WA
Alemania,linea_credito_circulante,Q8B. Tipo cobrado por la linea de credito o descubierto | Mediana (50-249) | media ponderada,3.119956,pct_anual,2017-S1,"BCE, encuesta SAFE (ECB Data Portal, dataset SAFE)",https://data.ecb.europa.eu/data/datasets/SAFE/SAFE.SAFE.H.DE.MED.A.0.0.0.Q8B.ZZZZ.NT.AL.WA,2026-09-16,,,tamano_empresa_empleados,nivel,media_ponderada_volumen,serie SAFE.H.DE.MED.A.0.0.0.Q8B.ZZZZ.NT.AL.WA
Alemania,linea_credito_circulante,Q8B. Tipo cobrado por la linea de credito o descubierto | Mediana (50-249) | media ponderada,2.645805,pct_anual,2017-S2,"BCE, encuesta SAFE (ECB Data Portal, dataset SAFE)",https://data.ecb.europa.eu/data/datasets/SAFE/SAFE.SAFE.H.DE.MED.A.0.0.0.Q8B.ZZZZ.NT.AL.WA,2026-09-16,,,tamano_empresa_empleados,nivel,media_ponderada_volumen,serie SAFE.H.DE.MED.A.0.0.0.Q8B.ZZZZ.NT.AL.WA
Alemania,linea_credito_circulante,Q8B. Tipo cobrado por la linea de credito o descubierto | Mediana (50-249) | media ponderada,2.450761,pct_anual,2018-S1,"BCE, encuesta SAFE (ECB Data Portal, dataset SAFE)",https://data.ecb.europa.eu/data/datasets/SAFE/SAFE.SAFE.H.DE.MED.A.0.0.0.Q8B.ZZZZ.NT.AL.WA,2026-09-16,,,tamano_empresa_empleados,nivel,media_ponderada_volumen,serie SAFE.H.DE.MED.A.0.0.0.Q8B.ZZZZ.NT.AL.WA
Alemania,linea_credito_circulante,Q8B. Tipo cobrado por la linea de credito o descubierto | Mediana (50-249) | media ponderada,2.751218,pct_anual,2018-S2,"BCE, encuesta SAFE (ECB Data Portal, dataset SAFE)",https://data.ecb.europa.eu/data/datasets/SAFE/SAFE.SAFE.H.DE.MED.A.0.0.0.Q8B.ZZZZ.NT.AL.WA,2026-09-16,,,tamano_empresa_empleados,nivel,media_ponderada_volumen,serie SAFE.H.DE.MED.A.0.0.0.Q8B.ZZZZ.NT.AL.WA
Alemania,linea_credito_circulante,Q8B. Tipo cobrado por la linea de credito o descubierto | Mediana (50-249) | media ponderada,2.403277,pct_anual,2019-S1,"BCE, encuesta SAFE (ECB Data Portal, dataset SAFE)",https://data.ecb.europa.eu/data/datasets/SAFE/SAFE.SAFE.H.DE.MED.A.0.0.0.Q8B.ZZZZ.NT.AL.WA,2026-09-16,,,tamano_empresa_empleados,nivel,media_ponderada_volumen,serie SAFE.H.DE.MED.A.0.0.0.Q8B.ZZZZ.NT.AL.WA
Alemania,linea_credito_circulante,Q8B. Tipo cobrado por la linea de credito o descubierto | Mediana (50-249) | media ponderada,2.737804,pct_anual,2019-S2,"BCE, encuesta SAFE (ECB Data Portal, dataset SAFE)",https://data.ecb.europa.eu/data/datasets/SAFE/SAFE.SAFE.H.DE.MED.A.0.0.0.Q8B.ZZZZ.NT.AL.WA,2026-09-16,,,tamano_empresa_empleados,nivel,media_ponderada_volumen,serie SAFE.H.DE.MED.A.0.0.0.Q8B.ZZZZ.NT.AL.WA
Alemania,linea_credito_circulante,Q8B. Tipo cobrado por la linea de credito o descubierto | Mediana (50-249) | media ponderada,2.019883,pct_anual,2020-S1,"BCE, encuesta SAFE (ECB Data Portal, dataset SAFE)",https://data.ecb.europa.eu/data/datasets/SAFE/SAFE.SAFE.H.DE.MED.A.0.0.0.Q8B.ZZZZ.NT.AL.WA,2026-09-16,,,tamano_empresa_empleados,nivel,media_ponderada_volumen,serie SAFE.H.DE.MED.A.0.0.0.Q8B.ZZZZ.NT.AL.WA
Alemania,linea_credito_circulante,Q8B. Tipo cobrado por la linea de credito o descubierto | Mediana (50-249) | media ponderada,2.934374,pct_anual,2020-S2,"BCE, encuesta SAFE (ECB Data Portal, dataset SAFE)",https://data.ecb.europa.eu/data/datasets/SAFE/SAFE.SAFE.H.DE.MED.A.0.0.0.Q8B.ZZZZ.NT.AL.WA,2026-09-16,,,tamano_empresa_empleados,nivel,media_ponderada_volumen,serie SAFE.H.DE.MED.A.0.0.0.Q8B.ZZZZ.NT.AL.WA
Alemania,linea_credito_circulante,Q8B. Tipo cobrado por la linea de credito o descubierto | Mediana (50-249) | media ponderada,1.937045,pct_anual,2021-S1,"BCE, encuesta SAFE (ECB Data Portal, dataset SAFE)",https://data.ecb.europa.eu/data/datasets/SAFE/SAFE.SAFE.H.DE.MED.A.0.0.0.Q8B.ZZZZ.NT.AL.WA,2026-09-16,,,tamano_empresa_empleados,nivel,media_ponderada_volumen,serie SAFE.H.DE.MED.A.0.0.0.Q8B.ZZZZ.NT.AL.WA
Alemania,linea_credito_circulante,Q8B. Tipo cobrado por la linea de credito o descubierto | Mediana (50-249) | media ponderada,3.567835,pct_anual,2021-S2,"BCE, encuesta SAFE (ECB Data Portal, dataset SAFE)",https://data.ecb.europa.eu/data/datasets/SAFE/SAFE.SAFE.H.DE.MED.A.0.0.0.Q8B.ZZZZ.NT.AL.WA,2026-09-16,,,tamano_empresa_empleados,nivel,media_ponderada_volumen,serie SAFE.H.DE.MED.A.0.0.0.Q8B.ZZZZ.NT.AL.WA
Alemania,linea_credito_circulante,Q8B. Tipo cobrado por la linea de credito o descubierto | Mediana (50-249) | media ponderada,2.43977,pct_anual,2022-S1,"BCE, encuesta SAFE (ECB Data Portal, dataset SAFE)",https://data.ecb.europa.eu/data/datasets/SAFE/SAFE.SAFE.H.DE.MED.A.0.0.0.Q8B.ZZZZ.NT.AL.WA,2026-09-16,,,tamano_empresa_empleados,nivel,media_ponderada_volumen,serie SAFE.H.DE.MED.A.0.0.0.Q8B.ZZZZ.NT.AL.WA
Alemania,linea_credito_circulante,Q8B. Tipo cobrado por la linea de credito o descubierto | Mediana (50-249) | mediana ponderada,3,pct_anual,2014-S1,"BCE, encuesta SAFE (ECB Data Portal, dataset SAFE)",https://data.ecb.europa.eu/data/datasets/SAFE/SAFE.SAFE.H.DE.MED.A.0.0.0.Q8B.ZZZZ.NT.AL.WM,2026-09-16,,,tamano_empresa_empleados,nivel,dato_unico,serie SAFE.H.DE.MED.A.0.0.0.Q8B.ZZZZ.NT.AL.WM
Alemania,linea_credito_circulante,Q8B. Tipo cobrado por la linea de credito o descubierto | Mediana (50-249) | mediana ponderada,3.3,pct_anual,2014-S2,"BCE, encuesta SAFE (ECB Data Portal, dataset SAFE)",https://data.ecb.europa.eu/data/datasets/SAFE/SAFE.SAFE.H.DE.MED.A.0.0.0.Q8B.ZZZZ.NT.AL.WM,2026-09-16,,,tamano_empresa_empleados,nivel,dato_unico,serie SAFE.H.DE.MED.A.0.0.0.Q8B.ZZZZ.NT.AL.WM
Alemania,linea_credito_circulante,Q8B. Tipo cobrado por la linea de credito o descubierto | Mediana (50-249) | mediana ponderada,4,pct_anual,2015-S1,"BCE, encuesta SAFE (ECB Data Portal, dataset SAFE)",https://data.ecb.europa.eu/data/datasets/SAFE/SAFE.SAFE.H.DE.MED.A.0.0.0.Q8B.ZZZZ.NT.AL.WM,2026-09-16,,,tamano_empresa_empleados,nivel,dato_unico,serie SAFE.H.DE.MED.A.0.0.0.Q8B.ZZZZ.NT.AL.WM
Alemania,linea_credito_circulante,Q8B. Tipo cobrado por la linea de credito o descubierto | Mediana (50-249) | mediana ponderada,3.1,pct_anual,2015-S2,"BCE, encuesta SAFE (ECB Data Portal, dataset SAFE)",https://data.ecb.europa.eu/data/datasets/SAFE/SAFE.SAFE.H.DE.MED.A.0.0.0.Q8B.ZZZZ.NT.AL.WM,2026-09-16,,,tamano_empresa_empleados,nivel,dato_unico,serie SAFE.H.DE.MED.A.0.0.0.Q8B.ZZZZ.NT.AL.WM
Alemania,linea_credito_circulante,Q8B. Tipo cobrado por la linea de credito o descubierto | Mediana (50-249) | mediana ponderada,2.5,pct_anual,2016-S1,"BCE, encuesta SAFE (ECB Data Portal, dataset SAFE)",https://data.ecb.europa.eu/data/datasets/SAFE/SAFE.SAFE.H.DE.MED.A.0.0.0.Q8B.ZZZZ.NT.AL.WM,2026-09-16,,,tamano_empresa_empleados,nivel,dato_unico,serie SAFE.H.DE.MED.A.0.0.0.Q8B.ZZZZ.NT.AL.WM
Alemania,linea_credito_circulante,Q8B. Tipo cobrado por la linea de credito o descubierto | Mediana (50-249) | mediana ponderada,2.25,pct_anual,2016-S2,"BCE, encuesta SAFE (ECB Data Portal, dataset SAFE)",https://data.ecb.europa.eu/data/datasets/SAFE/SAFE.SAFE.H.DE.MED.A.0.0.0.Q8B.ZZZZ.NT.AL.WM,2026-09-16,,,tamano_empresa_empleados,nivel,dato_unico,serie SAFE.H.DE.MED.A.0.0.0.Q8B.ZZZZ.NT.AL.WM
Alemania,linea_credito_circulante,Q8B. Tipo cobrado por la linea de credito o descubierto | Mediana (50-249) | mediana ponderada,1.9,pct_anual,2017-S1,"BCE, encuesta SAFE (ECB Data Portal, dataset SAFE)",https://data.ecb.europa.eu/data/datasets/SAFE/SAFE.SAFE.H.DE.MED.A.0.0.0.Q8B.ZZZZ.NT.AL.WM,2026-09-16,,,tamano_empresa_empleados,nivel,dato_unico,serie SAFE.H.DE.MED.A.0.0.0.Q8B.ZZZZ.NT.AL.WM
Alemania,linea_credito_circulante,Q8B. Tipo cobrado por la linea de credito o descubierto | Mediana (50-249) | mediana ponderada,1.9,pct_anual,2017-S2,"BCE, encuesta SAFE (ECB Data Portal, dataset SAFE)",https://data.ecb.europa.eu/data/datasets/SAFE/SAFE.SAFE.H.DE.MED.A.0.0.0.Q8B.ZZZZ.NT.AL.WM,2026-09-16,,,tamano_empresa_empleados,nivel,dato_unico,serie SAFE.H.DE.MED.A.0.0.0.Q8B.ZZZZ.NT.AL.WM
Alemania,linea_credito_circulante,Q8B. Tipo cobrado por la linea de credito o descubierto | Mediana (50-249) | mediana ponderada,1.97,pct_anual,2018-S1,"BCE, encuesta SAFE (ECB Data Portal, dataset SAFE)",https://data.ecb.europa.eu/data/datasets/SAFE/SAFE.SAFE.H.DE.MED.A.0.0.0.Q8B.ZZZZ.NT.AL.WM,2026-09-16,,,tamano_empresa_empleados,nivel,dato_unico,serie SAFE.H.DE.MED.A.0.0.0.Q8B.ZZZZ.NT.AL.WM
Alemania,linea_credito_circulante,Q8B. Tipo cobrado por la linea de credito o descubierto | Mediana (50-249) | mediana ponderada,2.1,pct_anual,2018-S2,"BCE, encuesta SAFE (ECB Data Portal, dataset SAFE)",https://data.ecb.europa.eu/data/datasets/SAFE/SAFE.SAFE.H.DE.MED.A.0.0.0.Q8B.ZZZZ.NT.AL.WM,2026-09-16,,,tamano_empresa_empleados,nivel,dato_unico,serie SAFE.H.DE.MED.A.0.0.0.Q8B.ZZZZ.NT.AL.WM
Alemania,linea_credito_circulante,Q8B. Tipo cobrado por la linea de credito o descubierto | Mediana (50-249) | mediana ponderada,2,pct_anual,2019-S1,"BCE, encuesta SAFE (ECB Data Portal, dataset SAFE)",https://data.ecb.europa.eu/data/datasets/SAFE/SAFE.SAFE.H.DE.MED.A.0.0.0.Q8B.ZZZZ.NT.AL.WM,2026-09-16,,,tamano_empresa_empleados,nivel,dato_unico,serie SAFE.H.DE.MED.A.0.0.0.Q8B.ZZZZ.NT.AL.WM
Alemania,linea_credito_circulante,Q8B. Tipo cobrado por la linea de credito o descubierto | Mediana (50-249) | mediana ponderada,2,pct_anual,2019-S2,"BCE, encuesta SAFE (ECB Data Portal, dataset SAFE)",https://data.ecb.europa.eu/data/datasets/SAFE/SAFE.SAFE.H.DE.MED.A.0.0.0.Q8B.ZZZZ.NT.AL.WM,2026-09-16,,,tamano_empresa_empleados,nivel,dato_unico,serie SAFE.H.DE.MED.A.0.0.0.Q8B.ZZZZ.NT.AL.WM
Alemania,linea_credito_circulante,Q8B. Tipo cobrado por la linea de credito o descubierto | Mediana (50-249) | mediana ponderada,1.51,pct_anual,2020-S1,"BCE, encuesta SAFE (ECB Data Portal, dataset SAFE)",https://data.ecb.europa.eu/data/datasets/SAFE/SAFE.SAFE.H.DE.MED.A.0.0.0.Q8B.ZZZZ.NT.AL.WM,2026-09-16,,,tamano_empresa_empleados,nivel,dato_unico,serie SAFE.H.DE.MED.A.0.0.0.Q8B.ZZZZ.NT.AL.WM
Alemania,linea_credito_circulante,Q8B. Tipo cobrado por la linea de credito o descubierto | Mediana (50-249) | mediana ponderada,2.5,pct_anual,2020-S2,"BCE, encuesta SAFE (ECB Data Portal, dataset SAFE)",https://data.ecb.europa.eu/data/datasets/SAFE/SAFE.SAFE.H.DE.MED.A.0.0.0.Q8B.ZZZZ.NT.AL.WM,2026-09-16,,,tamano_empresa_empleados,nivel,dato_unico,serie SAFE.H.DE.MED.A.0.0.0.Q8B.ZZZZ.NT.AL.WM
Alemania,linea_credito_circulante,Q8B. Tipo cobrado por la linea de credito o descubierto | Mediana (50-249) | mediana ponderada,1.38,pct_anual,2021-S1,"BCE, encuesta SAFE (ECB Data Portal, dataset SAFE)",https://data.ecb.europa.eu/data/datasets/SAFE/SAFE.SAFE.H.DE.MED.A.0.0.0.Q8B.ZZZZ.NT.AL.WM,2026-09-16,,,tamano_empresa_empleados,nivel,dato_unico,serie SAFE.H.DE.MED.A.0.0.0.Q8B.ZZZZ.NT.AL.WM
Alemania,linea_credito_circulante,Q8B. Tipo cobrado por la linea de credito o descubierto | Mediana (50-249) | mediana ponderada,2.5,pct_anual,2021-S2,"BCE, encuesta SAFE (ECB Data Portal, dataset SAFE)",https://data.ecb.europa.eu/data/datasets/SAFE/SAFE.SAFE.H.DE.MED.A.0.0.0.Q8B.ZZZZ.NT.AL.WM,2026-09-16,,,tamano_empresa_empleados,nivel,dato_unico,serie SAFE.H.DE.MED.A.0.0.0.Q8B.ZZZZ.NT.AL.WM
Alemania,linea_credito_circulante,Q8B. Tipo cobrado por la linea de credito o descubierto | Mediana (50-249) | mediana ponderada,2.233711,pct_anual,2022-S1,"BCE, encuesta SAFE (ECB Data Portal, dataset SAFE)",https://data.ecb.europa.eu/data/datasets/SAFE/SAFE.SAFE.H.DE.MED.A.0.0.0.Q8B.ZZZZ.NT.AL.WM,2026-09-16,,,tamano_empresa_empleados,nivel,dato_unico,serie SAFE.H.DE.MED.A.0.0.0.Q8B.ZZZZ.NT.AL.WM
Alemania,linea_credito_circulante,Q8B. Tipo cobrado por la linea de credito o descubierto | Mediana (50-249) | n respuestas (ponderado),55.83318,pct_anual,2014-S1,"BCE, encuesta SAFE (ECB Data Portal, dataset SAFE)",https://data.ecb.europa.eu/data/datasets/SAFE/SAFE.SAFE.H.DE.MED.A.0.0.0.Q8B.ZZZZ.NT.AL.WN,2026-09-16,,,tamano_empresa_empleados,importe,dato_unico,"TAMANO DE MUESTRA, no es una magnitud economica; serie SAFE.H.DE.MED.A.0.0.0.Q8B.ZZZZ.NT.AL.WN"
Alemania,linea_credito_circulante,Q8B. Tipo cobrado por la linea de credito o descubierto | Mediana (50-249) | n respuestas (ponderado),99.8662,pct_anual,2014-S2,"BCE, encuesta SAFE (ECB Data Portal, dataset SAFE)",https://data.ecb.europa.eu/data/datasets/SAFE/SAFE.SAFE.H.DE.MED.A.0.0.0.Q8B.ZZZZ.NT.AL.WN,2026-09-16,,,tamano_empresa_empleados,importe,dato_unico,"TAMANO DE MUESTRA, no es una magnitud economica; serie SAFE.H.DE.MED.A.0.0.0.Q8B.ZZZZ.NT.AL.WN"
Alemania,linea_credito_circulante,Q8B. Tipo cobrado por la linea de credito o descubierto | Mediana (50-249) | n respuestas (ponderado),100.3768,pct_anual,2015-S1,"BCE, encuesta SAFE (ECB Data Portal, dataset SAFE)",https://data.ecb.europa.eu/data/datasets/SAFE/SAFE.SAFE.H.DE.MED.A.0.0.0.Q8B.ZZZZ.NT.AL.WN,2026-09-16,,,tamano_empresa_empleados,importe,dato_unico,"TAMANO DE MUESTRA, no es una magnitud economica; serie SAFE.H.DE.MED.A.0.0.0.Q8B.ZZZZ.NT.AL.WN"
Alemania,linea_credito_circulante,Q8B. Tipo cobrado por la linea de credito o descubierto | Mediana (50-249) | n respuestas (ponderado),119.6204,pct_anual,2015-S2,"BCE, encuesta SAFE (ECB Data Portal, dataset SAFE)",https://data.ecb.europa.eu/data/datasets/SAFE/SAFE.SAFE.H.DE.MED.A.0.0.0.Q8B.ZZZZ.NT.AL.WN,2026-09-16,,,tamano_empresa_empleados,importe,dato_unico,"TAMANO DE MUESTRA, no es una magnitud economica; serie SAFE.H.DE.MED.A.0.0.0.Q8B.ZZZZ.NT.AL.WN"
Alemania,linea_credito_circulante,Q8B. Tipo cobrado por la linea de credito o descubierto | Mediana (50-249) | n respuestas (ponderado),96.64996,pct_anual,2016-S1,"BCE, encuesta SAFE (ECB Data Portal, dataset SAFE)",https://data.ecb.europa.eu/data/datasets/SAFE/SAFE.SAFE.H.DE.MED.A.0.0.0.Q8B.ZZZZ.NT.AL.WN,2026-09-16,,,tamano_empresa_empleados,importe,dato_unico,"TAMANO DE MUESTRA, no es una magnitud economica; serie SAFE.H.DE.MED.A.0.0.0.Q8B.ZZZZ.NT.AL.WN"
Alemania,linea_credito_circulante,Q8B. Tipo cobrado por la linea de credito o descubierto | Mediana (50-249) | n respuestas (ponderado),116.4196,pct_anual,2016-S2,"BCE, encuesta SAFE (ECB Data Portal, dataset SAFE)",https://data.ecb.europa.eu/data/datasets/SAFE/SAFE.SAFE.H.DE.MED.A.0.0.0.Q8B.ZZZZ.NT.AL.WN,2026-09-16,,,tamano_empresa_empleados,importe,dato_unico,"TAMANO DE MUESTRA, no es una magnitud economica; serie SAFE.H.DE.MED.A.0.0.0.Q8B.ZZZZ.NT.AL.WN"
Alemania,linea_credito_circulante,Q8B. Tipo cobrado por la linea de credito o descubierto | Mediana (50-249) | n respuestas (ponderado),75.1104,pct_anual,2017-S1,"BCE, encuesta SAFE (ECB Data Portal, dataset SAFE)",https://data.ecb.europa.eu/data/datasets/SAFE/SAFE.SAFE.H.DE.MED.A.0.0.0.Q8B.ZZZZ.NT.AL.WN,2026-09-16,,,tamano_empresa_empleados,importe,dato_unico,"TAMANO DE MUESTRA, no es una magnitud economica; serie SAFE.H.DE.MED.A.0.0.0.Q8B.ZZZZ.NT.AL.WN"
Alemania,linea_credito_circulante,Q8B. Tipo cobrado por la linea de credito o descubierto | Mediana (50-249) | n respuestas (ponderado),122.3247,pct_anual,2017-S2,"BCE, encuesta SAFE (ECB Data Portal, dataset SAFE)",https://data.ecb.europa.eu/data/datasets/SAFE/SAFE.SAFE.H.DE.MED.A.0.0.0.Q8B.ZZZZ.NT.AL.WN,2026-09-16,,,tamano_empresa_empleados,importe,dato_unico,"TAMANO DE MUESTRA, no es una magnitud economica; serie SAFE.H.DE.MED.A.0.0.0.Q8B.ZZZZ.NT.AL.WN"
Alemania,linea_credito_circulante,Q8B. Tipo cobrado por la linea de credito o descubierto | Mediana (50-249) | n respuestas (ponderado),97.61029,pct_anual,2018-S1,"BCE, encuesta SAFE (ECB Data Portal, dataset SAFE)",https://data.ecb.europa.eu/data/datasets/SAFE/SAFE.SAFE.H.DE.MED.A.0.0.0.Q8B.ZZZZ.NT.AL.WN,2026-09-16,,,tamano_empresa_empleados,importe,dato_unico,"TAMANO DE MUESTRA, no es una magnitud economica; serie SAFE.H.DE.MED.A.0.0.0.Q8B.ZZZZ.NT.AL.WN"
Alemania,linea_credito_circulante,Q8B. Tipo cobrado por la linea de credito o descubierto | Mediana (50-249) | n respuestas (ponderado),107.7233,pct_anual,2018-S2,"BCE, encuesta SAFE (ECB Data Portal, dataset SAFE)",https://data.ecb.europa.eu/data/datasets/SAFE/SAFE.SAFE.H.DE.MED.A.0.0.0.Q8B.ZZZZ.NT.AL.WN,2026-09-16,,,tamano_empresa_empleados,importe,dato_unico,"TAMANO DE MUESTRA, no es una magnitud economica; serie SAFE.H.DE.MED.A.0.0.0.Q8B.ZZZZ.NT.AL.WN"
Alemania,linea_credito_circulante,Q8B. Tipo cobrado por la linea de credito o descubierto | Mediana (50-249) | n respuestas (ponderado),89.49598,pct_anual,2019-S1,"BCE, encuesta SAFE (ECB Data Portal, dataset SAFE)",https://data.ecb.europa.eu/data/datasets/SAFE/SAFE.SAFE.H.DE.MED.A.0.0.0.Q8B.ZZZZ.NT.AL.WN,2026-09-16,,,tamano_empresa_empleados,importe,dato_unico,"TAMANO DE MUESTRA, no es una magnitud economica; serie SAFE.H.DE.MED.A.0.0.0.Q8B.ZZZZ.NT.AL.WN"
Alemania,linea_credito_circulante,Q8B. Tipo cobrado por la linea de credito o descubierto | Mediana (50-249) | n respuestas (ponderado),93.79139,pct_anual,2019-S2,"BCE, encuesta SAFE (ECB Data Portal, dataset SAFE)",https://data.ecb.europa.eu/data/datasets/SAFE/SAFE.SAFE.H.DE.MED.A.0.0.0.Q8B.ZZZZ.NT.AL.WN,2026-09-16,,,tamano_empresa_empleados,importe,dato_unico,"TAMANO DE MUESTRA, no es una magnitud economica; serie SAFE.H.DE.MED.A.0.0.0.Q8B.ZZZZ.NT.AL.WN"
Alemania,linea_credito_circulante,Q8B. Tipo cobrado por la linea de credito o descubierto | Mediana (50-249) | n respuestas (ponderado),114.7264,pct_anual,2020-S1,"BCE, encuesta SAFE (ECB Data Portal, dataset SAFE)",https://data.ecb.europa.eu/data/datasets/SAFE/SAFE.SAFE.H.DE.MED.A.0.0.0.Q8B.ZZZZ.NT.AL.WN,2026-09-16,,,tamano_empresa_empleados,importe,dato_unico,"TAMANO DE MUESTRA, no es una magnitud economica; serie SAFE.H.DE.MED.A.0.0.0.Q8B.ZZZZ.NT.AL.WN"
Alemania,linea_credito_circulante,Q8B. Tipo cobrado por la linea de credito o descubierto | Mediana (50-249) | n respuestas (ponderado),81.29466,pct_anual,2020-S2,"BCE, encuesta SAFE (ECB Data Portal, dataset SAFE)",https://data.ecb.europa.eu/data/datasets/SAFE/SAFE.SAFE.H.DE.MED.A.0.0.0.Q8B.ZZZZ.NT.AL.WN,2026-09-16,,,tamano_empresa_empleados,importe,dato_unico,"TAMANO DE MUESTRA, no es una magnitud economica; serie SAFE.H.DE.MED.A.0.0.0.Q8B.ZZZZ.NT.AL.WN"
Alemania,linea_credito_circulante,Q8B. Tipo cobrado por la linea de credito o descubierto | Mediana (50-249) | n respuestas (ponderado),66.41759,pct_anual,2021-S1,"BCE, encuesta SAFE (ECB Data Portal, dataset SAFE)",https://data.ecb.europa.eu/data/datasets/SAFE/SAFE.SAFE.H.DE.MED.A.0.0.0.Q8B.ZZZZ.NT.AL.WN,2026-09-16,,,tamano_empresa_empleados,importe,dato_unico,"TAMANO DE MUESTRA, no es una magnitud economica; serie SAFE.H.DE.MED.A.0.0.0.Q8B.ZZZZ.NT.AL.WN"
Alemania,linea_credito_circulante,Q8B. Tipo cobrado por la linea de credito o descubierto | Mediana (50-249) | n respuestas (ponderado),84.30537,pct_anual,2021-S2,"BCE, encuesta SAFE (ECB Data Portal, dataset SAFE)",https://data.ecb.europa.eu/data/datasets/SAFE/SAFE.SAFE.H.DE.MED.A.0.0.0.Q8B.ZZZZ.NT.AL.WN,2026-09-16,,,tamano_empresa_empleados,importe,dato_unico,"TAMANO DE MUESTRA, no es una magnitud economica; serie SAFE.H.DE.MED.A.0.0.0.Q8B.ZZZZ.NT.AL.WN"
Alemania,linea_credito_circulante,Q8B. Tipo cobrado por la linea de credito o descubierto | Mediana (50-249) | n respuestas (ponderado),50.05102,pct_anual,2022-S1,"BCE, encuesta SAFE (ECB Data Portal, dataset SAFE)",https://data.ecb.europa.eu/data/datasets/SAFE/SAFE.SAFE.H.DE.MED.A.0.0.0.Q8B.ZZZZ.NT.AL.WN,2026-09-16,,,tamano_empresa_empleados,importe,dato_unico,"TAMANO DE MUESTRA, no es una magnitud economica; serie SAFE.H.DE.MED.A.0.0.0.Q8B.ZZZZ.NT.AL.WN"
Alemania,linea_credito_circulante,Q8B. Tipo cobrado por la linea de credito o descubierto | Grande (250+) | n respuestas (sin ponderar),32,pct_anual,2014-S1,"BCE, encuesta SAFE (ECB Data Portal, dataset SAFE)",https://data.ecb.europa.eu/data/datasets/SAFE/SAFE.SAFE.H.DE.LAR.A.0.0.0.Q8B.ZZZZ.NT.AL.UN,2026-09-16,,,tamano_empresa_empleados,importe,dato_unico,"TAMANO DE MUESTRA, no es una magnitud economica; serie SAFE.H.DE.LAR.A.0.0.0.Q8B.ZZZZ.NT.AL.UN"
Alemania,linea_credito_circulante,Q8B. Tipo cobrado por la linea de credito o descubierto | Grande (250+) | n respuestas (sin ponderar),37,pct_anual,2014-S2,"BCE, encuesta SAFE (ECB Data Portal, dataset SAFE)",https://data.ecb.europa.eu/data/datasets/SAFE/SAFE.SAFE.H.DE.LAR.A.0.0.0.Q8B.ZZZZ.NT.AL.UN,2026-09-16,,,tamano_empresa_empleados,importe,dato_unico,"TAMANO DE MUESTRA, no es una magnitud economica; serie SAFE.H.DE.LAR.A.0.0.0.Q8B.ZZZZ.NT.AL.UN"
Alemania,linea_credito_circulante,Q8B. Tipo cobrado por la linea de credito o descubierto | Grande (250+) | n respuestas (sin ponderar),38,pct_anual,2015-S1,"BCE, encuesta SAFE (ECB Data Portal, dataset SAFE)",https://data.ecb.europa.eu/data/datasets/SAFE/SAFE.SAFE.H.DE.LAR.A.0.0.0.Q8B.ZZZZ.NT.AL.UN,2026-09-16,,,tamano_empresa_empleados,importe,dato_unico,"TAMANO DE MUESTRA, no es una magnitud economica; serie SAFE.H.DE.LAR.A.0.0.0.Q8B.ZZZZ.NT.AL.UN"
Alemania,linea_credito_circulante,Q8B. Tipo cobrado por la linea de credito o descubierto | Grande (250+) | n respuestas (sin ponderar),28,pct_anual,2015-S2,"BCE, encuesta SAFE (ECB Data Portal, dataset SAFE)",https://data.ecb.europa.eu/data/datasets/SAFE/SAFE.SAFE.H.DE.LAR.A.0.0.0.Q8B.ZZZZ.NT.AL.UN,2026-09-16,,,tamano_empresa_empleados,importe,dato_unico,"TAMANO DE MUESTRA, no es una magnitud economica; serie SAFE.H.DE.LAR.A.0.0.0.Q8B.ZZZZ.NT.AL.UN"
Alemania,linea_credito_circulante,Q8B. Tipo cobrado por la linea de credito o descubierto | Grande (250+) | n respuestas (sin ponderar),27,pct_anual,2016-S1,"BCE, encuesta SAFE (ECB Data Portal, dataset SAFE)",https://data.ecb.europa.eu/data/datasets/SAFE/SAFE.SAFE.H.DE.LAR.A.0.0.0.Q8B.ZZZZ.NT.AL.UN,2026-09-16,,,tamano_empresa_empleados,importe,dato_unico,"TAMANO DE MUESTRA, no es una magnitud economica; serie SAFE.H.DE.LAR.A.0.0.0.Q8B.ZZZZ.NT.AL.UN"
Alemania,linea_credito_circulante,Q8B. Tipo cobrado por la linea de credito o descubierto | Grande (250+) | n respuestas (sin ponderar),37,pct_anual,2016-S2,"BCE, encuesta SAFE (ECB Data Portal, dataset SAFE)",https://data.ecb.europa.eu/data/datasets/SAFE/SAFE.SAFE.H.DE.LAR.A.0.0.0.Q8B.ZZZZ.NT.AL.UN,2026-09-16,,,tamano_empresa_empleados,importe,dato_unico,"TAMANO DE MUESTRA, no es una magnitud economica; serie SAFE.H.DE.LAR.A.0.0.0.Q8B.ZZZZ.NT.AL.UN"
Alemania,linea_credito_circulante,Q8B. Tipo cobrado por la linea de credito o descubierto | Grande (250+) | n respuestas (sin ponderar),37,pct_anual,2017-S1,"BCE, encuesta SAFE (ECB Data Portal, dataset SAFE)",https://data.ecb.europa.eu/data/datasets/SAFE/SAFE.SAFE.H.DE.LAR.A.0.0.0.Q8B.ZZZZ.NT.AL.UN,2026-09-16,,,tamano_empresa_empleados,importe,dato_unico,"TAMANO DE MUESTRA, no es una magnitud economica; serie SAFE.H.DE.LAR.A.0.0.0.Q8B.ZZZZ.NT.AL.UN"
Alemania,linea_credito_circulante,Q8B. Tipo cobrado por la linea de credito o descubierto | Grande (250+) | n respuestas (sin ponderar),37,pct_anual,2017-S2,"BCE, encuesta SAFE (ECB Data Portal, dataset SAFE)",https://data.ecb.europa.eu/data/datasets/SAFE/SAFE.SAFE.H.DE.LAR.A.0.0.0.Q8B.ZZZZ.NT.AL.UN,2026-09-16,,,tamano_empresa_empleados,importe,dato_unico,"TAMANO DE MUESTRA, no es una magnitud economica; serie SAFE.H.DE.LAR.A.0.0.0.Q8B.ZZZZ.NT.AL.UN"
Alemania,linea_credito_circulante,Q8B. Tipo cobrado por la linea de credito o descubierto | Grande (250+) | n respuestas (sin ponderar),36,pct_anual,2018-S1,"BCE, encuesta SAFE (ECB Data Portal, dataset SAFE)",https://data.ecb.europa.eu/data/datasets/SAFE/SAFE.SAFE.H.DE.LAR.A.0.0.0.Q8B.ZZZZ.NT.AL.UN,2026-09-16,,,tamano_empresa_empleados,importe,dato_unico,"TAMANO DE MUESTRA, no es una magnitud economica; serie SAFE.H.DE.LAR.A.0.0.0.Q8B.ZZZZ.NT.AL.UN"
Alemania,linea_credito_circulante,Q8B. Tipo cobrado por la linea de credito o descubierto | Grande (250+) | n respuestas (sin ponderar),34,pct_anual,2018-S2,"BCE, encuesta SAFE (ECB Data Portal, dataset SAFE)",https://data.ecb.europa.eu/data/datasets/SAFE/SAFE.SAFE.H.DE.LAR.A.0.0.0.Q8B.ZZZZ.NT.AL.UN,2026-09-16,,,tamano_empresa_empleados,importe,dato_unico,"TAMANO DE MUESTRA, no es una magnitud economica; serie SAFE.H.DE.LAR.A.0.0.0.Q8B.ZZZZ.NT.AL.UN"
Alemania,linea_credito_circulante,Q8B. Tipo cobrado por la linea de credito o descubierto | Grande (250+) | n respuestas (sin ponderar),37,pct_anual,2019-S1,"BCE, encuesta SAFE (ECB Data Portal, dataset SAFE)",https://data.ecb.europa.eu/data/datasets/SAFE/SAFE.SAFE.H.DE.LAR.A.0.0.0.Q8B.ZZZZ.NT.AL.UN,2026-09-16,,,tamano_empresa_empleados,importe,dato_unico,"TAMANO DE MUESTRA, no es una magnitud economica; serie SAFE.H.DE.LAR.A.0.0.0.Q8B.ZZZZ.NT.AL.UN"
Alemania,linea_credito_circulante,Q8B. Tipo cobrado por la linea de credito o descubierto | Grande (250+) | n respuestas (sin ponderar),39,pct_anual,2019-S2,"BCE, encuesta SAFE (ECB Data Portal, dataset SAFE)",https://data.ecb.europa.eu/data/datasets/SAFE/SAFE.SAFE.H.DE.LAR.A.0.0.0.Q8B.ZZZZ.NT.AL.UN,2026-09-16,,,tamano_empresa_empleados,importe,dato_unico,"TAMANO DE MUESTRA, no es una magnitud economica; serie SAFE.H.DE.LAR.A.0.0.0.Q8B.ZZZZ.NT.AL.UN"
Alemania,linea_credito_circulante,Q8B. Tipo cobrado por la linea de credito o descubierto | Grande (250+) | n respuestas (sin ponderar),50,pct_anual,2020-S1,"BCE, encuesta SAFE (ECB Data Portal, dataset SAFE)",https://data.ecb.europa.eu/data/datasets/SAFE/SAFE.SAFE.H.DE.LAR.A.0.0.0.Q8B.ZZZZ.NT.AL.UN,2026-09-16,,,tamano_empresa_empleados,importe,dato_unico,"TAMANO DE MUESTRA, no es una magnitud economica; serie SAFE.H.DE.LAR.A.0.0.0.Q8B.ZZZZ.NT.AL.UN"
Alemania,linea_credito_circulante,Q8B. Tipo cobrado por la linea de credito o descubierto | Grande (250+) | n respuestas (sin ponderar),40,pct_anual,2020-S2,"BCE, encuesta SAFE (ECB Data Portal, dataset SAFE)",https://data.ecb.europa.eu/data/datasets/SAFE/SAFE.SAFE.H.DE.LAR.A.0.0.0.Q8B.ZZZZ.NT.AL.UN,2026-09-16,,,tamano_empresa_empleados,importe,dato_unico,"TAMANO DE MUESTRA, no es una magnitud economica; serie SAFE.H.DE.LAR.A.0.0.0.Q8B.ZZZZ.NT.AL.UN"
Alemania,linea_credito_circulante,Q8B. Tipo cobrado por la linea de credito o descubierto | Grande (250+) | n respuestas (sin ponderar),37,pct_anual,2021-S1,"BCE, encuesta SAFE (ECB Data Portal, dataset SAFE)",https://data.ecb.europa.eu/data/datasets/SAFE/SAFE.SAFE.H.DE.LAR.A.0.0.0.Q8B.ZZZZ.NT.AL.UN,2026-09-16,,,tamano_empresa_empleados,importe,dato_unico,"TAMANO DE MUESTRA, no es una magnitud economica; serie SAFE.H.DE.LAR.A.0.0.0.Q8B.ZZZZ.NT.AL.UN"
Alemania,linea_credito_circulante,Q8B. Tipo cobrado por la linea de credito o descubierto | Grande (250+) | n respuestas (sin ponderar),26,pct_anual,2021-S2,"BCE, encuesta SAFE (ECB Data Portal, dataset SAFE)",https://data.ecb.europa.eu/data/datasets/SAFE/SAFE.SAFE.H.DE.LAR.A.0.0.0.Q8B.ZZZZ.NT.AL.UN,2026-09-16,,,tamano_empresa_empleados,importe,dato_unico,"TAMANO DE MUESTRA, no es una magnitud economica; serie SAFE.H.DE.LAR.A.0.0.0.Q8B.ZZZZ.NT.AL.UN"
Alemania,linea_credito_circulante,Q8B. Tipo cobrado por la linea de credito o descubierto | Grande (250+) | n respuestas (sin ponderar),42,pct_anual,2022-S1,"BCE, encuesta SAFE (ECB Data Portal, dataset SAFE)",https://data.ecb.europa.eu/data/datasets/SAFE/SAFE.SAFE.H.DE.LAR.A.0.0.0.Q8B.ZZZZ.NT.AL.UN,2026-09-16,,,tamano_empresa_empleados,importe,dato_unico,"TAMANO DE MUESTRA, no es una magnitud economica; serie SAFE.H.DE.LAR.A.0.0.0.Q8B.ZZZZ.NT.AL.UN"
Alemania,linea_credito_circulante,Q8B. Tipo cobrado por la linea de credito o descubierto | Grande (250+) | media ponderada,3.450202,pct_anual,2014-S1,"BCE, encuesta SAFE (ECB Data Portal, dataset SAFE)",https://data.ecb.europa.eu/data/datasets/SAFE/SAFE.SAFE.H.DE.LAR.A.0.0.0.Q8B.ZZZZ.NT.AL.WA,2026-09-16,,,tamano_empresa_empleados,nivel,media_ponderada_volumen,serie SAFE.H.DE.LAR.A.0.0.0.Q8B.ZZZZ.NT.AL.WA
Alemania,linea_credito_circulante,Q8B. Tipo cobrado por la linea de credito o descubierto | Grande (250+) | media ponderada,3.235994,pct_anual,2014-S2,"BCE, encuesta SAFE (ECB Data Portal, dataset SAFE)",https://data.ecb.europa.eu/data/datasets/SAFE/SAFE.SAFE.H.DE.LAR.A.0.0.0.Q8B.ZZZZ.NT.AL.WA,2026-09-16,,,tamano_empresa_empleados,nivel,media_ponderada_volumen,serie SAFE.H.DE.LAR.A.0.0.0.Q8B.ZZZZ.NT.AL.WA
Alemania,linea_credito_circulante,Q8B. Tipo cobrado por la linea de credito o descubierto | Grande (250+) | media ponderada,3.28869,pct_anual,2015-S1,"BCE, encuesta SAFE (ECB Data Portal, dataset SAFE)",https://data.ecb.europa.eu/data/datasets/SAFE/SAFE.SAFE.H.DE.LAR.A.0.0.0.Q8B.ZZZZ.NT.AL.WA,2026-09-16,,,tamano_empresa_empleados,nivel,media_ponderada_volumen,serie SAFE.H.DE.LAR.A.0.0.0.Q8B.ZZZZ.NT.AL.WA
Alemania,linea_credito_circulante,Q8B. Tipo cobrado por la linea de credito o descubierto | Grande (250+) | media ponderada,3.438963,pct_anual,2015-S2,"BCE, encuesta SAFE (ECB Data Portal, dataset SAFE)",https://data.ecb.europa.eu/data/datasets/SAFE/SAFE.SAFE.H.DE.LAR.A.0.0.0.Q8B.ZZZZ.NT.AL.WA,2026-09-16,,,tamano_empresa_empleados,nivel,media_ponderada_volumen,serie SAFE.H.DE.LAR.A.0.0.0.Q8B.ZZZZ.NT.AL.WA
Alemania,linea_credito_circulante,Q8B. Tipo cobrado por la linea de credito o descubierto | Grande (250+) | media ponderada,1.462522,pct_anual,2016-S1,"BCE, encuesta SAFE (ECB Data Portal, dataset SAFE)",https://data.ecb.europa.eu/data/datasets/SAFE/SAFE.SAFE.H.DE.LAR.A.0.0.0.Q8B.ZZZZ.NT.AL.WA,2026-09-16,,,tamano_empresa_empleados,nivel,media_ponderada_volumen,serie SAFE.H.DE.LAR.A.0.0.0.Q8B.ZZZZ.NT.AL.WA
Alemania,linea_credito_circulante,Q8B. Tipo cobrado por la linea de credito o descubierto | Grande (250+) | media ponderada,1.844952,pct_anual,2016-S2,"BCE, encuesta SAFE (ECB Data Portal, dataset SAFE)",https://data.ecb.europa.eu/data/datasets/SAFE/SAFE.SAFE.H.DE.LAR.A.0.0.0.Q8B.ZZZZ.NT.AL.WA,2026-09-16,,,tamano_empresa_empleados,nivel,media_ponderada_volumen,serie SAFE.H.DE.LAR.A.0.0.0.Q8B.ZZZZ.NT.AL.WA
Alemania,linea_credito_circulante,Q8B. Tipo cobrado por la linea de credito o descubierto | Grande (250+) | media ponderada,1.611984,pct_anual,2017-S1,"BCE, encuesta SAFE (ECB Data Portal, dataset SAFE)",https://data.ecb.europa.eu/data/datasets/SAFE/SAFE.SAFE.H.DE.LAR.A.0.0.0.Q8B.ZZZZ.NT.AL.WA,2026-09-16,,,tamano_empresa_empleados,nivel,media_ponderada_volumen,serie SAFE.H.DE.LAR.A.0.0.0.Q8B.ZZZZ.NT.AL.WA
Alemania,linea_credito_circulante,Q8B. Tipo cobrado por la linea de credito o descubierto | Grande (250+) | media ponderada,1.275665,pct_anual,2017-S2,"BCE, encuesta SAFE (ECB Data Portal, dataset SAFE)",https://data.ecb.europa.eu/data/datasets/SAFE/SAFE.SAFE.H.DE.LAR.A.0.0.0.Q8B.ZZZZ.NT.AL.WA,2026-09-16,,,tamano_empresa_empleados,nivel,media_ponderada_volumen,serie SAFE.H.DE.LAR.A.0.0.0.Q8B.ZZZZ.NT.AL.WA
Alemania,linea_credito_circulante,Q8B. Tipo cobrado por la linea de credito o descubierto | Grande (250+) | media ponderada,1.798704,pct_anual,2018-S1,"BCE, encuesta SAFE (ECB Data Portal, dataset SAFE)",https://data.ecb.europa.eu/data/datasets/SAFE/SAFE.SAFE.H.DE.LAR.A.0.0.0.Q8B.ZZZZ.NT.AL.WA,2026-09-16,,,tamano_empresa_empleados,nivel,media_ponderada_volumen,serie SAFE.H.DE.LAR.A.0.0.0.Q8B.ZZZZ.NT.AL.WA
Alemania,linea_credito_circulante,Q8B. Tipo cobrado por la linea de credito o descubierto | Grande (250+) | media ponderada,1.822944,pct_anual,2018-S2,"BCE, encuesta SAFE (ECB Data Portal, dataset SAFE)",https://data.ecb.europa.eu/data/datasets/SAFE/SAFE.SAFE.H.DE.LAR.A.0.0.0.Q8B.ZZZZ.NT.AL.WA,2026-09-16,,,tamano_empresa_empleados,nivel,media_ponderada_volumen,serie SAFE.H.DE.LAR.A.0.0.0.Q8B.ZZZZ.NT.AL.WA
Alemania,linea_credito_circulante,Q8B. Tipo cobrado por la linea de credito o descubierto | Grande (250+) | media ponderada,2.157241,pct_anual,2019-S1,"BCE, encuesta SAFE (ECB Data Portal, dataset SAFE)",https://data.ecb.europa.eu/data/datasets/SAFE/SAFE.SAFE.H.DE.LAR.A.0.0.0.Q8B.ZZZZ.NT.AL.WA,2026-09-16,,,tamano_empresa_empleados,nivel,media_ponderada_volumen,serie SAFE.H.DE.LAR.A.0.0.0.Q8B.ZZZZ.NT.AL.WA
Alemania,linea_credito_circulante,Q8B. Tipo cobrado por la linea de credito o descubierto | Grande (250+) | media ponderada,1.740888,pct_anual,2019-S2,"BCE, encuesta SAFE (ECB Data Portal, dataset SAFE)",https://data.ecb.europa.eu/data/datasets/SAFE/SAFE.SAFE.H.DE.LAR.A.0.0.0.Q8B.ZZZZ.NT.AL.WA,2026-09-16,,,tamano_empresa_empleados,nivel,media_ponderada_volumen,serie SAFE.H.DE.LAR.A.0.0.0.Q8B.ZZZZ.NT.AL.WA
Alemania,linea_credito_circulante,Q8B. Tipo cobrado por la linea de credito o descubierto | Grande (250+) | media ponderada,1.527896,pct_anual,2020-S1,"BCE, encuesta SAFE (ECB Data Portal, dataset SAFE)",https://data.ecb.europa.eu/data/datasets/SAFE/SAFE.SAFE.H.DE.LAR.A.0.0.0.Q8B.ZZZZ.NT.AL.WA,2026-09-16,,,tamano_empresa_empleados,nivel,media_ponderada_volumen,serie SAFE.H.DE.LAR.A.0.0.0.Q8B.ZZZZ.NT.AL.WA
Alemania,linea_credito_circulante,Q8B. Tipo cobrado por la linea de credito o descubierto | Grande (250+) | media ponderada,1.601002,pct_anual,2020-S2,"BCE, encuesta SAFE (ECB Data Portal, dataset SAFE)",https://data.ecb.europa.eu/data/datasets/SAFE/SAFE.SAFE.H.DE.LAR.A.0.0.0.Q8B.ZZZZ.NT.AL.WA,2026-09-16,,,tamano_empresa_empleados,nivel,media_ponderada_volumen,serie SAFE.H.DE.LAR.A.0.0.0.Q8B.ZZZZ.NT.AL.WA
Alemania,linea_credito_circulante,Q8B. Tipo cobrado por la linea de credito o descubierto | Grande (250+) | media ponderada,0.965713,pct_anual,2021-S1,"BCE, encuesta SAFE (ECB Data Portal, dataset SAFE)",https://data.ecb.europa.eu/data/datasets/SAFE/SAFE.SAFE.H.DE.LAR.A.0.0.0.Q8B.ZZZZ.NT.AL.WA,2026-09-16,,,tamano_empresa_empleados,nivel,media_ponderada_volumen,serie SAFE.H.DE.LAR.A.0.0.0.Q8B.ZZZZ.NT.AL.WA
Alemania,linea_credito_circulante,Q8B. Tipo cobrado por la linea de credito o descubierto | Grande (250+) | media ponderada,1.22992,pct_anual,2021-S2,"BCE, encuesta SAFE (ECB Data Portal, dataset SAFE)",https://data.ecb.europa.eu/data/datasets/SAFE/SAFE.SAFE.H.DE.LAR.A.0.0.0.Q8B.ZZZZ.NT.AL.WA,2026-09-16,,,tamano_empresa_empleados,nivel,media_ponderada_volumen,serie SAFE.H.DE.LAR.A.0.0.0.Q8B.ZZZZ.NT.AL.WA
Alemania,linea_credito_circulante,Q8B. Tipo cobrado por la linea de credito o descubierto | Grande (250+) | media ponderada,2.564647,pct_anual,2022-S1,"BCE, encuesta SAFE (ECB Data Portal, dataset SAFE)",https://data.ecb.europa.eu/data/datasets/SAFE/SAFE.SAFE.H.DE.LAR.A.0.0.0.Q8B.ZZZZ.NT.AL.WA,2026-09-16,,,tamano_empresa_empleados,nivel,media_ponderada_volumen,serie SAFE.H.DE.LAR.A.0.0.0.Q8B.ZZZZ.NT.AL.WA
Alemania,linea_credito_circulante,Q8B. Tipo cobrado por la linea de credito o descubierto | Grande (250+) | mediana ponderada,3,pct_anual,2014-S1,"BCE, encuesta SAFE (ECB Data Portal, dataset SAFE)",https://data.ecb.europa.eu/data/datasets/SAFE/SAFE.SAFE.H.DE.LAR.A.0.0.0.Q8B.ZZZZ.NT.AL.WM,2026-09-16,,,tamano_empresa_empleados,nivel,dato_unico,serie SAFE.H.DE.LAR.A.0.0.0.Q8B.ZZZZ.NT.AL.WM
Alemania,linea_credito_circulante,Q8B. Tipo cobrado por la linea de credito o descubierto | Grande (250+) | mediana ponderada,2,pct_anual,2014-S2,"BCE, encuesta SAFE (ECB Data Portal, dataset SAFE)",https://data.ecb.europa.eu/data/datasets/SAFE/SAFE.SAFE.H.DE.LAR.A.0.0.0.Q8B.ZZZZ.NT.AL.WM,2026-09-16,,,tamano_empresa_empleados,nivel,dato_unico,serie SAFE.H.DE.LAR.A.0.0.0.Q8B.ZZZZ.NT.AL.WM
Alemania,linea_credito_circulante,Q8B. Tipo cobrado por la linea de credito o descubierto | Grande (250+) | mediana ponderada,1.5,pct_anual,2015-S1,"BCE, encuesta SAFE (ECB Data Portal, dataset SAFE)",https://data.ecb.europa.eu/data/datasets/SAFE/SAFE.SAFE.H.DE.LAR.A.0.0.0.Q8B.ZZZZ.NT.AL.WM,2026-09-16,,,tamano_empresa_empleados,nivel,dato_unico,serie SAFE.H.DE.LAR.A.0.0.0.Q8B.ZZZZ.NT.AL.WM
Alemania,linea_credito_circulante,Q8B. Tipo cobrado por la linea de credito o descubierto | Grande (250+) | mediana ponderada,1.9,pct_anual,2015-S2,"BCE, encuesta SAFE (ECB Data Portal, dataset SAFE)",https://data.ecb.europa.eu/data/datasets/SAFE/SAFE.SAFE.H.DE.LAR.A.0.0.0.Q8B.ZZZZ.NT.AL.WM,2026-09-16,,,tamano_empresa_empleados,nivel,dato_unico,serie SAFE.H.DE.LAR.A.0.0.0.Q8B.ZZZZ.NT.AL.WM
Alemania,linea_credito_circulante,Q8B. Tipo cobrado por la linea de credito o descubierto | Grande (250+) | mediana ponderada,1.22189,pct_anual,2016-S1,"BCE, encuesta SAFE (ECB Data Portal, dataset SAFE)",https://data.ecb.europa.eu/data/datasets/SAFE/SAFE.SAFE.H.DE.LAR.A.0.0.0.Q8B.ZZZZ.NT.AL.WM,2026-09-16,,,tamano_empresa_empleados,nivel,dato_unico,serie SAFE.H.DE.LAR.A.0.0.0.Q8B.ZZZZ.NT.AL.WM
Alemania,linea_credito_circulante,Q8B. Tipo cobrado por la linea de credito o descubierto | Grande (250+) | mediana ponderada,1.373906,pct_anual,2016-S2,"BCE, encuesta SAFE (ECB Data Portal, dataset SAFE)",https://data.ecb.europa.eu/data/datasets/SAFE/SAFE.SAFE.H.DE.LAR.A.0.0.0.Q8B.ZZZZ.NT.AL.WM,2026-09-16,,,tamano_empresa_empleados,nivel,dato_unico,serie SAFE.H.DE.LAR.A.0.0.0.Q8B.ZZZZ.NT.AL.WM
Alemania,linea_credito_circulante,Q8B. Tipo cobrado por la linea de credito o descubierto | Grande (250+) | mediana ponderada,1.5,pct_anual,2017-S1,"BCE, encuesta SAFE (ECB Data Portal, dataset SAFE)",https://data.ecb.europa.eu/data/datasets/SAFE/SAFE.SAFE.H.DE.LAR.A.0.0.0.Q8B.ZZZZ.NT.AL.WM,2026-09-16,,,tamano_empresa_empleados,nivel,dato_unico,serie SAFE.H.DE.LAR.A.0.0.0.Q8B.ZZZZ.NT.AL.WM
Alemania,linea_credito_circulante,Q8B. Tipo cobrado por la linea de credito o descubierto | Grande (250+) | mediana ponderada,1.25,pct_anual,2017-S2,"BCE, encuesta SAFE (ECB Data Portal, dataset SAFE)",https://data.ecb.europa.eu/data/datasets/SAFE/SAFE.SAFE.H.DE.LAR.A.0.0.0.Q8B.ZZZZ.NT.AL.WM,2026-09-16,,,tamano_empresa_empleados,nivel,dato_unico,serie SAFE.H.DE.LAR.A.0.0.0.Q8B.ZZZZ.NT.AL.WM
Alemania,linea_credito_circulante,Q8B. Tipo cobrado por la linea de credito o descubierto | Grande (250+) | mediana ponderada,1.8,pct_anual,2018-S1,"BCE, encuesta SAFE (ECB Data Portal, dataset SAFE)",https://data.ecb.europa.eu/data/datasets/SAFE/SAFE.SAFE.H.DE.LAR.A.0.0.0.Q8B.ZZZZ.NT.AL.WM,2026-09-16,,,tamano_empresa_empleados,nivel,dato_unico,serie SAFE.H.DE.LAR.A.0.0.0.Q8B.ZZZZ.NT.AL.WM
Alemania,linea_credito_circulante,Q8B. Tipo cobrado por la linea de credito o descubierto | Grande (250+) | mediana ponderada,1.688041,pct_anual,2018-S2,"BCE, encuesta SAFE (ECB Data Portal, dataset SAFE)",https://data.ecb.europa.eu/data/datasets/SAFE/SAFE.SAFE.H.DE.LAR.A.0.0.0.Q8B.ZZZZ.NT.AL.WM,2026-09-16,,,tamano_empresa_empleados,nivel,dato_unico,serie SAFE.H.DE.LAR.A.0.0.0.Q8B.ZZZZ.NT.AL.WM
Alemania,linea_credito_circulante,Q8B. Tipo cobrado por la linea de credito o descubierto | Grande (250+) | mediana ponderada,1.143111,pct_anual,2019-S1,"BCE, encuesta SAFE (ECB Data Portal, dataset SAFE)",https://data.ecb.europa.eu/data/datasets/SAFE/SAFE.SAFE.H.DE.LAR.A.0.0.0.Q8B.ZZZZ.NT.AL.WM,2026-09-16,,,tamano_empresa_empleados,nivel,dato_unico,serie SAFE.H.DE.LAR.A.0.0.0.Q8B.ZZZZ.NT.AL.WM
Alemania,linea_credito_circulante,Q8B. Tipo cobrado por la linea de credito o descubierto | Grande (250+) | mediana ponderada,1.25,pct_anual,2019-S2,"BCE, encuesta SAFE (ECB Data Portal, dataset SAFE)",https://data.ecb.europa.eu/data/datasets/SAFE/SAFE.SAFE.H.DE.LAR.A.0.0.0.Q8B.ZZZZ.NT.AL.WM,2026-09-16,,,tamano_empresa_empleados,nivel,dato_unico,serie SAFE.H.DE.LAR.A.0.0.0.Q8B.ZZZZ.NT.AL.WM
Alemania,linea_credito_circulante,Q8B. Tipo cobrado por la linea de credito o descubierto | Grande (250+) | mediana ponderada,1.038365,pct_anual,2020-S1,"BCE, encuesta SAFE (ECB Data Portal, dataset SAFE)",https://data.ecb.europa.eu/data/datasets/SAFE/SAFE.SAFE.H.DE.LAR.A.0.0.0.Q8B.ZZZZ.NT.AL.WM,2026-09-16,,,tamano_empresa_empleados,nivel,dato_unico,serie SAFE.H.DE.LAR.A.0.0.0.Q8B.ZZZZ.NT.AL.WM
Alemania,linea_credito_circulante,Q8B. Tipo cobrado por la linea de credito o descubierto | Grande (250+) | mediana ponderada,2,pct_anual,2020-S2,"BCE, encuesta SAFE (ECB Data Portal, dataset SAFE)",https://data.ecb.europa.eu/data/datasets/SAFE/SAFE.SAFE.H.DE.LAR.A.0.0.0.Q8B.ZZZZ.NT.AL.WM,2026-09-16,,,tamano_empresa_empleados,nivel,dato_unico,serie SAFE.H.DE.LAR.A.0.0.0.Q8B.ZZZZ.NT.AL.WM
Alemania,linea_credito_circulante,Q8B. Tipo cobrado por la linea de credito o descubierto | Grande (250+) | mediana ponderada,0.95676,pct_anual,2021-S1,"BCE, encuesta SAFE (ECB Data Portal, dataset SAFE)",https://data.ecb.europa.eu/data/datasets/SAFE/SAFE.SAFE.H.DE.LAR.A.0.0.0.Q8B.ZZZZ.NT.AL.WM,2026-09-16,,,tamano_empresa_empleados,nivel,dato_unico,serie SAFE.H.DE.LAR.A.0.0.0.Q8B.ZZZZ.NT.AL.WM
Alemania,linea_credito_circulante,Q8B. Tipo cobrado por la linea de credito o descubierto | Grande (250+) | mediana ponderada,1.1,pct_anual,2021-S2,"BCE, encuesta SAFE (ECB Data Portal, dataset SAFE)",https://data.ecb.europa.eu/data/datasets/SAFE/SAFE.SAFE.H.DE.LAR.A.0.0.0.Q8B.ZZZZ.NT.AL.WM,2026-09-16,,,tamano_empresa_empleados,nivel,dato_unico,serie SAFE.H.DE.LAR.A.0.0.0.Q8B.ZZZZ.NT.AL.WM
Alemania,linea_credito_circulante,Q8B. Tipo cobrado por la linea de credito o descubierto | Grande (250+) | mediana ponderada,2.233711,pct_anual,2022-S1,"BCE, encuesta SAFE (ECB Data Portal, dataset SAFE)",https://data.ecb.europa.eu/data/datasets/SAFE/SAFE.SAFE.H.DE.LAR.A.0.0.0.Q8B.ZZZZ.NT.AL.WM,2026-09-16,,,tamano_empresa_empleados,nivel,dato_unico,serie SAFE.H.DE.LAR.A.0.0.0.Q8B.ZZZZ.NT.AL.WM
Alemania,linea_credito_circulante,Q8B. Tipo cobrado por la linea de credito o descubierto | Grande (250+) | n respuestas (ponderado),207.7847,pct_anual,2014-S1,"BCE, encuesta SAFE (ECB Data Portal, dataset SAFE)",https://data.ecb.europa.eu/data/datasets/SAFE/SAFE.SAFE.H.DE.LAR.A.0.0.0.Q8B.ZZZZ.NT.AL.WN,2026-09-16,,,tamano_empresa_empleados,importe,dato_unico,"TAMANO DE MUESTRA, no es una magnitud economica; serie SAFE.H.DE.LAR.A.0.0.0.Q8B.ZZZZ.NT.AL.WN"
Alemania,linea_credito_circulante,Q8B. Tipo cobrado por la linea de credito o descubierto | Grande (250+) | n respuestas (ponderado),282.2979,pct_anual,2014-S2,"BCE, encuesta SAFE (ECB Data Portal, dataset SAFE)",https://data.ecb.europa.eu/data/datasets/SAFE/SAFE.SAFE.H.DE.LAR.A.0.0.0.Q8B.ZZZZ.NT.AL.WN,2026-09-16,,,tamano_empresa_empleados,importe,dato_unico,"TAMANO DE MUESTRA, no es una magnitud economica; serie SAFE.H.DE.LAR.A.0.0.0.Q8B.ZZZZ.NT.AL.WN"
Alemania,linea_credito_circulante,Q8B. Tipo cobrado por la linea de credito o descubierto | Grande (250+) | n respuestas (ponderado),242.2034,pct_anual,2015-S1,"BCE, encuesta SAFE (ECB Data Portal, dataset SAFE)",https://data.ecb.europa.eu/data/datasets/SAFE/SAFE.SAFE.H.DE.LAR.A.0.0.0.Q8B.ZZZZ.NT.AL.WN,2026-09-16,,,tamano_empresa_empleados,importe,dato_unico,"TAMANO DE MUESTRA, no es una magnitud economica; serie SAFE.H.DE.LAR.A.0.0.0.Q8B.ZZZZ.NT.AL.WN"
Alemania,linea_credito_circulante,Q8B. Tipo cobrado por la linea de credito o descubierto | Grande (250+) | n respuestas (ponderado),208.8312,pct_anual,2015-S2,"BCE, encuesta SAFE (ECB Data Portal, dataset SAFE)",https://data.ecb.europa.eu/data/datasets/SAFE/SAFE.SAFE.H.DE.LAR.A.0.0.0.Q8B.ZZZZ.NT.AL.WN,2026-09-16,,,tamano_empresa_empleados,importe,dato_unico,"TAMANO DE MUESTRA, no es una magnitud economica; serie SAFE.H.DE.LAR.A.0.0.0.Q8B.ZZZZ.NT.AL.WN"
Alemania,linea_credito_circulante,Q8B. Tipo cobrado por la linea de credito o descubierto | Grande (250+) | n respuestas (ponderado),189.6195,pct_anual,2016-S1,"BCE, encuesta SAFE (ECB Data Portal, dataset SAFE)",https://data.ecb.europa.eu/data/datasets/SAFE/SAFE.SAFE.H.DE.LAR.A.0.0.0.Q8B.ZZZZ.NT.AL.WN,2026-09-16,,,tamano_empresa_empleados,importe,dato_unico,"TAMANO DE MUESTRA, no es una magnitud economica; serie SAFE.H.DE.LAR.A.0.0.0.Q8B.ZZZZ.NT.AL.WN"
Alemania,linea_credito_circulante,Q8B. Tipo cobrado por la linea de credito o descubierto | Grande (250+) | n respuestas (ponderado),285.9491,pct_anual,2016-S2,"BCE, encuesta SAFE (ECB Data Portal, dataset SAFE)",https://data.ecb.europa.eu/data/datasets/SAFE/SAFE.SAFE.H.DE.LAR.A.0.0.0.Q8B.ZZZZ.NT.AL.WN,2026-09-16,,,tamano_empresa_empleados,importe,dato_unico,"TAMANO DE MUESTRA, no es una magnitud economica; serie SAFE.H.DE.LAR.A.0.0.0.Q8B.ZZZZ.NT.AL.WN"
Alemania,linea_credito_circulante,Q8B. Tipo cobrado por la linea de credito o descubierto | Grande (250+) | n respuestas (ponderado),245.9116,pct_anual,2017-S1,"BCE, encuesta SAFE (ECB Data Portal, dataset SAFE)",https://data.ecb.europa.eu/data/datasets/SAFE/SAFE.SAFE.H.DE.LAR.A.0.0.0.Q8B.ZZZZ.NT.AL.WN,2026-09-16,,,tamano_empresa_empleados,importe,dato_unico,"TAMANO DE MUESTRA, no es una magnitud economica; serie SAFE.H.DE.LAR.A.0.0.0.Q8B.ZZZZ.NT.AL.WN"
Alemania,linea_credito_circulante,Q8B. Tipo cobrado por la linea de credito o descubierto | Grande (250+) | n respuestas (ponderado),283.2483,pct_anual,2017-S2,"BCE, encuesta SAFE (ECB Data Portal, dataset SAFE)",https://data.ecb.europa.eu/data/datasets/SAFE/SAFE.SAFE.H.DE.LAR.A.0.0.0.Q8B.ZZZZ.NT.AL.WN,2026-09-16,,,tamano_empresa_empleados,importe,dato_unico,"TAMANO DE MUESTRA, no es una magnitud economica; serie SAFE.H.DE.LAR.A.0.0.0.Q8B.ZZZZ.NT.AL.WN"
Alemania,linea_credito_circulante,Q8B. Tipo cobrado por la linea de credito o descubierto | Grande (250+) | n respuestas (ponderado),248.4878,pct_anual,2018-S1,"BCE, encuesta SAFE (ECB Data Portal, dataset SAFE)",https://data.ecb.europa.eu/data/datasets/SAFE/SAFE.SAFE.H.DE.LAR.A.0.0.0.Q8B.ZZZZ.NT.AL.WN,2026-09-16,,,tamano_empresa_empleados,importe,dato_unico,"TAMANO DE MUESTRA, no es una magnitud economica; serie SAFE.H.DE.LAR.A.0.0.0.Q8B.ZZZZ.NT.AL.WN"
Alemania,linea_credito_circulante,Q8B. Tipo cobrado por la linea de credito o descubierto | Grande (250+) | n respuestas (ponderado),251.4182,pct_anual,2018-S2,"BCE, encuesta SAFE (ECB Data Portal, dataset SAFE)",https://data.ecb.europa.eu/data/datasets/SAFE/SAFE.SAFE.H.DE.LAR.A.0.0.0.Q8B.ZZZZ.NT.AL.WN,2026-09-16,,,tamano_empresa_empleados,importe,dato_unico,"TAMANO DE MUESTRA, no es una magnitud economica; serie SAFE.H.DE.LAR.A.0.0.0.Q8B.ZZZZ.NT.AL.WN"
Alemania,linea_credito_circulante,Q8B. Tipo cobrado por la linea de credito o descubierto | Grande (250+) | n respuestas (ponderado),250.9141,pct_anual,2019-S1,"BCE, encuesta SAFE (ECB Data Portal, dataset SAFE)",https://data.ecb.europa.eu/data/datasets/SAFE/SAFE.SAFE.H.DE.LAR.A.0.0.0.Q8B.ZZZZ.NT.AL.WN,2026-09-16,,,tamano_empresa_empleados,importe,dato_unico,"TAMANO DE MUESTRA, no es una magnitud economica; serie SAFE.H.DE.LAR.A.0.0.0.Q8B.ZZZZ.NT.AL.WN"
Alemania,linea_credito_circulante,Q8B. Tipo cobrado por la linea de credito o descubierto | Grande (250+) | n respuestas (ponderado),271.3661,pct_anual,2019-S2,"BCE, encuesta SAFE (ECB Data Portal, dataset SAFE)",https://data.ecb.europa.eu/data/datasets/SAFE/SAFE.SAFE.H.DE.LAR.A.0.0.0.Q8B.ZZZZ.NT.AL.WN,2026-09-16,,,tamano_empresa_empleados,importe,dato_unico,"TAMANO DE MUESTRA, no es una magnitud economica; serie SAFE.H.DE.LAR.A.0.0.0.Q8B.ZZZZ.NT.AL.WN"
Alemania,linea_credito_circulante,Q8B. Tipo cobrado por la linea de credito o descubierto | Grande (250+) | n respuestas (ponderado),343.3432,pct_anual,2020-S1,"BCE, encuesta SAFE (ECB Data Portal, dataset SAFE)",https://data.ecb.europa.eu/data/datasets/SAFE/SAFE.SAFE.H.DE.LAR.A.0.0.0.Q8B.ZZZZ.NT.AL.WN,2026-09-16,,,tamano_empresa_empleados,importe,dato_unico,"TAMANO DE MUESTRA, no es una magnitud economica; serie SAFE.H.DE.LAR.A.0.0.0.Q8B.ZZZZ.NT.AL.WN"
Alemania,linea_credito_circulante,Q8B. Tipo cobrado por la linea de credito o descubierto | Grande (250+) | n respuestas (ponderado),291.2976,pct_anual,2020-S2,"BCE, encuesta SAFE (ECB Data Portal, dataset SAFE)",https://data.ecb.europa.eu/data/datasets/SAFE/SAFE.SAFE.H.DE.LAR.A.0.0.0.Q8B.ZZZZ.NT.AL.WN,2026-09-16,,,tamano_empresa_empleados,importe,dato_unico,"TAMANO DE MUESTRA, no es una magnitud economica; serie SAFE.H.DE.LAR.A.0.0.0.Q8B.ZZZZ.NT.AL.WN"
Alemania,linea_credito_circulante,Q8B. Tipo cobrado por la linea de credito o descubierto | Grande (250+) | n respuestas (ponderado),275.4665,pct_anual,2021-S1,"BCE, encuesta SAFE (ECB Data Portal, dataset SAFE)",https://data.ecb.europa.eu/data/datasets/SAFE/SAFE.SAFE.H.DE.LAR.A.0.0.0.Q8B.ZZZZ.NT.AL.WN,2026-09-16,,,tamano_empresa_empleados,importe,dato_unico,"TAMANO DE MUESTRA, no es una magnitud economica; serie SAFE.H.DE.LAR.A.0.0.0.Q8B.ZZZZ.NT.AL.WN"
Alemania,linea_credito_circulante,Q8B. Tipo cobrado por la linea de credito o descubierto | Grande (250+) | n respuestas (ponderado),224.2683,pct_anual,2021-S2,"BCE, encuesta SAFE (ECB Data Portal, dataset SAFE)",https://data.ecb.europa.eu/data/datasets/SAFE/SAFE.SAFE.H.DE.LAR.A.0.0.0.Q8B.ZZZZ.NT.AL.WN,2026-09-16,,,tamano_empresa_empleados,importe,dato_unico,"TAMANO DE MUESTRA, no es una magnitud economica; serie SAFE.H.DE.LAR.A.0.0.0.Q8B.ZZZZ.NT.AL.WN"
Alemania,linea_credito_circulante,Q8B. Tipo cobrado por la linea de credito o descubierto | Grande (250+) | n respuestas (ponderado),326.1231,pct_anual,2022-S1,"BCE, encuesta SAFE (ECB Data Portal, dataset SAFE)",https://data.ecb.europa.eu/data/datasets/SAFE/SAFE.SAFE.H.DE.LAR.A.0.0.0.Q8B.ZZZZ.NT.AL.WN,2026-09-16,,,tamano_empresa_empleados,importe,dato_unico,"TAMANO DE MUESTRA, no es una magnitud economica; serie SAFE.H.DE.LAR.A.0.0.0.Q8B.ZZZZ.NT.AL.WN"
Francia,linea_credito_circulante,Q8B. Tipo cobrado por la linea de credito o descubierto | PYME (<250 empleados) | n respuestas (sin ponderar),261,pct_anual,2014-S1,"BCE, encuesta SAFE (ECB Data Portal, dataset SAFE)",https://data.ecb.europa.eu/data/datasets/SAFE/SAFE.SAFE.H.FR.SME.A.0.0.0.Q8B.ZZZZ.NT.AL.UN,2026-09-16,,,tamano_empresa_empleados,importe,dato_unico,"TAMANO DE MUESTRA, no es una magnitud economica; serie SAFE.H.FR.SME.A.0.0.0.Q8B.ZZZZ.NT.AL.UN"
Francia,linea_credito_circulante,Q8B. Tipo cobrado por la linea de credito o descubierto | PYME (<250 empleados) | n respuestas (sin ponderar),214,pct_anual,2014-S2,"BCE, encuesta SAFE (ECB Data Portal, dataset SAFE)",https://data.ecb.europa.eu/data/datasets/SAFE/SAFE.SAFE.H.FR.SME.A.0.0.0.Q8B.ZZZZ.NT.AL.UN,2026-09-16,,,tamano_empresa_empleados,importe,dato_unico,"TAMANO DE MUESTRA, no es una magnitud economica; serie SAFE.H.FR.SME.A.0.0.0.Q8B.ZZZZ.NT.AL.UN"
Francia,linea_credito_circulante,Q8B. Tipo cobrado por la linea de credito o descubierto | PYME (<250 empleados) | n respuestas (sin ponderar),210,pct_anual,2015-S1,"BCE, encuesta SAFE (ECB Data Portal, dataset SAFE)",https://data.ecb.europa.eu/data/datasets/SAFE/SAFE.SAFE.H.FR.SME.A.0.0.0.Q8B.ZZZZ.NT.AL.UN,2026-09-16,,,tamano_empresa_empleados,importe,dato_unico,"TAMANO DE MUESTRA, no es una magnitud economica; serie SAFE.H.FR.SME.A.0.0.0.Q8B.ZZZZ.NT.AL.UN"
Francia,linea_credito_circulante,Q8B. Tipo cobrado por la linea de credito o descubierto | PYME (<250 empleados) | n respuestas (sin ponderar),254,pct_anual,2015-S2,"BCE, encuesta SAFE (ECB Data Portal, dataset SAFE)",https://data.ecb.europa.eu/data/datasets/SAFE/SAFE.SAFE.H.FR.SME.A.0.0.0.Q8B.ZZZZ.NT.AL.UN,2026-09-16,,,tamano_empresa_empleados,importe,dato_unico,"TAMANO DE MUESTRA, no es una magnitud economica; serie SAFE.H.FR.SME.A.0.0.0.Q8B.ZZZZ.NT.AL.UN"
Francia,linea_credito_circulante,Q8B. Tipo cobrado por la linea de credito o descubierto | PYME (<250 empleados) | n respuestas (sin ponderar),248,pct_anual,2016-S1,"BCE, encuesta SAFE (ECB Data Portal, dataset SAFE)",https://data.ecb.europa.eu/data/datasets/SAFE/SAFE.SAFE.H.FR.SME.A.0.0.0.Q8B.ZZZZ.NT.AL.UN,2026-09-16,,,tamano_empresa_empleados,importe,dato_unico,"TAMANO DE MUESTRA, no es una magnitud economica; serie SAFE.H.FR.SME.A.0.0.0.Q8B.ZZZZ.NT.AL.UN"
Francia,linea_credito_circulante,Q8B. Tipo cobrado por la linea de credito o descubierto | PYME (<250 empleados) | n respuestas (sin ponderar),248,pct_anual,2016-S2,"BCE, encuesta SAFE (ECB Data Portal, dataset SAFE)",https://data.ecb.europa.eu/data/datasets/SAFE/SAFE.SAFE.H.FR.SME.A.0.0.0.Q8B.ZZZZ.NT.AL.UN,2026-09-16,,,tamano_empresa_empleados,importe,dato_unico,"TAMANO DE MUESTRA, no es una magnitud economica; serie SAFE.H.FR.SME.A.0.0.0.Q8B.ZZZZ.NT.AL.UN"
Francia,linea_credito_circulante,Q8B. Tipo cobrado por la linea de credito o descubierto | PYME (<250 empleados) | n respuestas (sin ponderar),220,pct_anual,2017-S1,"BCE, encuesta SAFE (ECB Data Portal, dataset SAFE)",https://data.ecb.europa.eu/data/datasets/SAFE/SAFE.SAFE.H.FR.SME.A.0.0.0.Q8B.ZZZZ.NT.AL.UN,2026-09-16,,,tamano_empresa_empleados,importe,dato_unico,"TAMANO DE MUESTRA, no es una magnitud economica; serie SAFE.H.FR.SME.A.0.0.0.Q8B.ZZZZ.NT.AL.UN"
Francia,linea_credito_circulante,Q8B. Tipo cobrado por la linea de credito o descubierto | PYME (<250 empleados) | n respuestas (sin ponderar),204,pct_anual,2017-S2,"BCE, encuesta SAFE (ECB Data Portal, dataset SAFE)",https://data.ecb.europa.eu/data/datasets/SAFE/SAFE.SAFE.H.FR.SME.A.0.0.0.Q8B.ZZZZ.NT.AL.UN,2026-09-16,,,tamano_empresa_empleados,importe,dato_unico,"TAMANO DE MUESTRA, no es una magnitud economica; serie SAFE.H.FR.SME.A.0.0.0.Q8B.ZZZZ.NT.AL.UN"
Francia,linea_credito_circulante,Q8B. Tipo cobrado por la linea de credito o descubierto | PYME (<250 empleados) | n respuestas (sin ponderar),210,pct_anual,2018-S1,"BCE, encuesta SAFE (ECB Data Portal, dataset SAFE)",https://data.ecb.europa.eu/data/datasets/SAFE/SAFE.SAFE.H.FR.SME.A.0.0.0.Q8B.ZZZZ.NT.AL.UN,2026-09-16,,,tamano_empresa_empleados,importe,dato_unico,"TAMANO DE MUESTRA, no es una magnitud economica; serie SAFE.H.FR.SME.A.0.0.0.Q8B.ZZZZ.NT.AL.UN"
Francia,linea_credito_circulante,Q8B. Tipo cobrado por la linea de credito o descubierto | PYME (<250 empleados) | n respuestas (sin ponderar),182,pct_anual,2018-S2,"BCE, encuesta SAFE (ECB Data Portal, dataset SAFE)",https://data.ecb.europa.eu/data/datasets/SAFE/SAFE.SAFE.H.FR.SME.A.0.0.0.Q8B.ZZZZ.NT.AL.UN,2026-09-16,,,tamano_empresa_empleados,importe,dato_unico,"TAMANO DE MUESTRA, no es una magnitud economica; serie SAFE.H.FR.SME.A.0.0.0.Q8B.ZZZZ.NT.AL.UN"
Francia,linea_credito_circulante,Q8B. Tipo cobrado por la linea de credito o descubierto | PYME (<250 empleados) | n respuestas (sin ponderar),194,pct_anual,2019-S1,"BCE, encuesta SAFE (ECB Data Portal, dataset SAFE)",https://data.ecb.europa.eu/data/datasets/SAFE/SAFE.SAFE.H.FR.SME.A.0.0.0.Q8B.ZZZZ.NT.AL.UN,2026-09-16,,,tamano_empresa_empleados,importe,dato_unico,"TAMANO DE MUESTRA, no es una magnitud economica; serie SAFE.H.FR.SME.A.0.0.0.Q8B.ZZZZ.NT.AL.UN"
Francia,linea_credito_circulante,Q8B. Tipo cobrado por la linea de credito o descubierto | PYME (<250 empleados) | n respuestas (sin ponderar),160,pct_anual,2019-S2,"BCE, encuesta SAFE (ECB Data Portal, dataset SAFE)",https://data.ecb.europa.eu/data/datasets/SAFE/SAFE.SAFE.H.FR.SME.A.0.0.0.Q8B.ZZZZ.NT.AL.UN,2026-09-16,,,tamano_empresa_empleados,importe,dato_unico,"TAMANO DE MUESTRA, no es una magnitud economica; serie SAFE.H.FR.SME.A.0.0.0.Q8B.ZZZZ.NT.AL.UN"
Francia,linea_credito_circulante,Q8B. Tipo cobrado por la linea de credito o descubierto | PYME (<250 empleados) | n respuestas (sin ponderar),139,pct_anual,2020-S1,"BCE, encuesta SAFE (ECB Data Portal, dataset SAFE)",https://data.ecb.europa.eu/data/datasets/SAFE/SAFE.SAFE.H.FR.SME.A.0.0.0.Q8B.ZZZZ.NT.AL.UN,2026-09-16,,,tamano_empresa_empleados,importe,dato_unico,"TAMANO DE MUESTRA, no es una magnitud economica; serie SAFE.H.FR.SME.A.0.0.0.Q8B.ZZZZ.NT.AL.UN"
Francia,linea_credito_circulante,Q8B. Tipo cobrado por la linea de credito o descubierto | PYME (<250 empleados) | n respuestas (sin ponderar),126,pct_anual,2020-S2,"BCE, encuesta SAFE (ECB Data Portal, dataset SAFE)",https://data.ecb.europa.eu/data/datasets/SAFE/SAFE.SAFE.H.FR.SME.A.0.0.0.Q8B.ZZZZ.NT.AL.UN,2026-09-16,,,tamano_empresa_empleados,importe,dato_unico,"TAMANO DE MUESTRA, no es una magnitud economica; serie SAFE.H.FR.SME.A.0.0.0.Q8B.ZZZZ.NT.AL.UN"
Francia,linea_credito_circulante,Q8B. Tipo cobrado por la linea de credito o descubierto | PYME (<250 empleados) | n respuestas (sin ponderar),111,pct_anual,2021-S1,"BCE, encuesta SAFE (ECB Data Portal, dataset SAFE)",https://data.ecb.europa.eu/data/datasets/SAFE/SAFE.SAFE.H.FR.SME.A.0.0.0.Q8B.ZZZZ.NT.AL.UN,2026-09-16,,,tamano_empresa_empleados,importe,dato_unico,"TAMANO DE MUESTRA, no es una magnitud economica; serie SAFE.H.FR.SME.A.0.0.0.Q8B.ZZZZ.NT.AL.UN"
Francia,linea_credito_circulante,Q8B. Tipo cobrado por la linea de credito o descubierto | PYME (<250 empleados) | n respuestas (sin ponderar),96,pct_anual,2021-S2,"BCE, encuesta SAFE (ECB Data Portal, dataset SAFE)",https://data.ecb.europa.eu/data/datasets/SAFE/SAFE.SAFE.H.FR.SME.A.0.0.0.Q8B.ZZZZ.NT.AL.UN,2026-09-16,,,tamano_empresa_empleados,importe,dato_unico,"TAMANO DE MUESTRA, no es una magnitud economica; serie SAFE.H.FR.SME.A.0.0.0.Q8B.ZZZZ.NT.AL.UN"
Francia,linea_credito_circulante,Q8B. Tipo cobrado por la linea de credito o descubierto | PYME (<250 empleados) | n respuestas (sin ponderar),97,pct_anual,2022-S1,"BCE, encuesta SAFE (ECB Data Portal, dataset SAFE)",https://data.ecb.europa.eu/data/datasets/SAFE/SAFE.SAFE.H.FR.SME.A.0.0.0.Q8B.ZZZZ.NT.AL.UN,2026-09-16,,,tamano_empresa_empleados,importe,dato_unico,"TAMANO DE MUESTRA, no es una magnitud economica; serie SAFE.H.FR.SME.A.0.0.0.Q8B.ZZZZ.NT.AL.UN"
Francia,linea_credito_circulante,Q8B. Tipo cobrado por la linea de credito o descubierto | PYME (<250 empleados) | media ponderada,4.508949,pct_anual,2014-S1,"BCE, encuesta SAFE (ECB Data Portal, dataset SAFE)",https://data.ecb.europa.eu/data/datasets/SAFE/SAFE.SAFE.H.FR.SME.A.0.0.0.Q8B.ZZZZ.NT.AL.WA,2026-09-16,,,tamano_empresa_empleados,nivel,media_ponderada_volumen,serie SAFE.H.FR.SME.A.0.0.0.Q8B.ZZZZ.NT.AL.WA
Francia,linea_credito_circulante,Q8B. Tipo cobrado por la linea de credito o descubierto | PYME (<250 empleados) | media ponderada,3.406274,pct_anual,2014-S2,"BCE, encuesta SAFE (ECB Data Portal, dataset SAFE)",https://data.ecb.europa.eu/data/datasets/SAFE/SAFE.SAFE.H.FR.SME.A.0.0.0.Q8B.ZZZZ.NT.AL.WA,2026-09-16,,,tamano_empresa_empleados,nivel,media_ponderada_volumen,serie SAFE.H.FR.SME.A.0.0.0.Q8B.ZZZZ.NT.AL.WA
Francia,linea_credito_circulante,Q8B. Tipo cobrado por la linea de credito o descubierto | PYME (<250 empleados) | media ponderada,3.358116,pct_anual,2015-S1,"BCE, encuesta SAFE (ECB Data Portal, dataset SAFE)",https://data.ecb.europa.eu/data/datasets/SAFE/SAFE.SAFE.H.FR.SME.A.0.0.0.Q8B.ZZZZ.NT.AL.WA,2026-09-16,,,tamano_empresa_empleados,nivel,media_ponderada_volumen,serie SAFE.H.FR.SME.A.0.0.0.Q8B.ZZZZ.NT.AL.WA
Francia,linea_credito_circulante,Q8B. Tipo cobrado por la linea de credito o descubierto | PYME (<250 empleados) | media ponderada,2.952638,pct_anual,2015-S2,"BCE, encuesta SAFE (ECB Data Portal, dataset SAFE)",https://data.ecb.europa.eu/data/datasets/SAFE/SAFE.SAFE.H.FR.SME.A.0.0.0.Q8B.ZZZZ.NT.AL.WA,2026-09-16,,,tamano_empresa_empleados,nivel,media_ponderada_volumen,serie SAFE.H.FR.SME.A.0.0.0.Q8B.ZZZZ.NT.AL.WA
Francia,linea_credito_circulante,Q8B. Tipo cobrado por la linea de credito o descubierto | PYME (<250 empleados) | media ponderada,2.926587,pct_anual,2016-S1,"BCE, encuesta SAFE (ECB Data Portal, dataset SAFE)",https://data.ecb.europa.eu/data/datasets/SAFE/SAFE.SAFE.H.FR.SME.A.0.0.0.Q8B.ZZZZ.NT.AL.WA,2026-09-16,,,tamano_empresa_empleados,nivel,media_ponderada_volumen,serie SAFE.H.FR.SME.A.0.0.0.Q8B.ZZZZ.NT.AL.WA
Francia,linea_credito_circulante,Q8B. Tipo cobrado por la linea de credito o descubierto | PYME (<250 empleados) | media ponderada,2.152934,pct_anual,2016-S2,"BCE, encuesta SAFE (ECB Data Portal, dataset SAFE)",https://data.ecb.europa.eu/data/datasets/SAFE/SAFE.SAFE.H.FR.SME.A.0.0.0.Q8B.ZZZZ.NT.AL.WA,2026-09-16,,,tamano_empresa_empleados,nivel,media_ponderada_volumen,serie SAFE.H.FR.SME.A.0.0.0.Q8B.ZZZZ.NT.AL.WA
Francia,linea_credito_circulante,Q8B. Tipo cobrado por la linea de credito o descubierto | PYME (<250 empleados) | media ponderada,1.978659,pct_anual,2017-S1,"BCE, encuesta SAFE (ECB Data Portal, dataset SAFE)",https://data.ecb.europa.eu/data/datasets/SAFE/SAFE.SAFE.H.FR.SME.A.0.0.0.Q8B.ZZZZ.NT.AL.WA,2026-09-16,,,tamano_empresa_empleados,nivel,media_ponderada_volumen,serie SAFE.H.FR.SME.A.0.0.0.Q8B.ZZZZ.NT.AL.WA
Francia,linea_credito_circulante,Q8B. Tipo cobrado por la linea de credito o descubierto | PYME (<250 empleados) | media ponderada,1.979765,pct_anual,2017-S2,"BCE, encuesta SAFE (ECB Data Portal, dataset SAFE)",https://data.ecb.europa.eu/data/datasets/SAFE/SAFE.SAFE.H.FR.SME.A.0.0.0.Q8B.ZZZZ.NT.AL.WA,2026-09-16,,,tamano_empresa_empleados,nivel,media_ponderada_volumen,serie SAFE.H.FR.SME.A.0.0.0.Q8B.ZZZZ.NT.AL.WA
Francia,linea_credito_circulante,Q8B. Tipo cobrado por la linea de credito o descubierto | PYME (<250 empleados) | media ponderada,2.052767,pct_anual,2018-S1,"BCE, encuesta SAFE (ECB Data Portal, dataset SAFE)",https://data.ecb.europa.eu/data/datasets/SAFE/SAFE.SAFE.H.FR.SME.A.0.0.0.Q8B.ZZZZ.NT.AL.WA,2026-09-16,,,tamano_empresa_empleados,nivel,media_ponderada_volumen,serie SAFE.H.FR.SME.A.0.0.0.Q8B.ZZZZ.NT.AL.WA
Francia,linea_credito_circulante,Q8B. Tipo cobrado por la linea de credito o descubierto | PYME (<250 empleados) | media ponderada,2.07121,pct_anual,2018-S2,"BCE, encuesta SAFE (ECB Data Portal, dataset SAFE)",https://data.ecb.europa.eu/data/datasets/SAFE/SAFE.SAFE.H.FR.SME.A.0.0.0.Q8B.ZZZZ.NT.AL.WA,2026-09-16,,,tamano_empresa_empleados,nivel,media_ponderada_volumen,serie SAFE.H.FR.SME.A.0.0.0.Q8B.ZZZZ.NT.AL.WA
Francia,linea_credito_circulante,Q8B. Tipo cobrado por la linea de credito o descubierto | PYME (<250 empleados) | media ponderada,2.046836,pct_anual,2019-S1,"BCE, encuesta SAFE (ECB Data Portal, dataset SAFE)",https://data.ecb.europa.eu/data/datasets/SAFE/SAFE.SAFE.H.FR.SME.A.0.0.0.Q8B.ZZZZ.NT.AL.WA,2026-09-16,,,tamano_empresa_empleados,nivel,media_ponderada_volumen,serie SAFE.H.FR.SME.A.0.0.0.Q8B.ZZZZ.NT.AL.WA
Francia,linea_credito_circulante,Q8B. Tipo cobrado por la linea de credito o descubierto | PYME (<250 empleados) | media ponderada,1.477447,pct_anual,2019-S2,"BCE, encuesta SAFE (ECB Data Portal, dataset SAFE)",https://data.ecb.europa.eu/data/datasets/SAFE/SAFE.SAFE.H.FR.SME.A.0.0.0.Q8B.ZZZZ.NT.AL.WA,2026-09-16,,,tamano_empresa_empleados,nivel,media_ponderada_volumen,serie SAFE.H.FR.SME.A.0.0.0.Q8B.ZZZZ.NT.AL.WA
Francia,linea_credito_circulante,Q8B. Tipo cobrado por la linea de credito o descubierto | PYME (<250 empleados) | media ponderada,1.118472,pct_anual,2020-S1,"BCE, encuesta SAFE (ECB Data Portal, dataset SAFE)",https://data.ecb.europa.eu/data/datasets/SAFE/SAFE.SAFE.H.FR.SME.A.0.0.0.Q8B.ZZZZ.NT.AL.WA,2026-09-16,,,tamano_empresa_empleados,nivel,media_ponderada_volumen,serie SAFE.H.FR.SME.A.0.0.0.Q8B.ZZZZ.NT.AL.WA
Francia,linea_credito_circulante,Q8B. Tipo cobrado por la linea de credito o descubierto | PYME (<250 empleados) | media ponderada,1.443991,pct_anual,2020-S2,"BCE, encuesta SAFE (ECB Data Portal, dataset SAFE)",https://data.ecb.europa.eu/data/datasets/SAFE/SAFE.SAFE.H.FR.SME.A.0.0.0.Q8B.ZZZZ.NT.AL.WA,2026-09-16,,,tamano_empresa_empleados,nivel,media_ponderada_volumen,serie SAFE.H.FR.SME.A.0.0.0.Q8B.ZZZZ.NT.AL.WA
Francia,linea_credito_circulante,Q8B. Tipo cobrado por la linea de credito o descubierto | PYME (<250 empleados) | media ponderada,1.625708,pct_anual,2021-S1,"BCE, encuesta SAFE (ECB Data Portal, dataset SAFE)",https://data.ecb.europa.eu/data/datasets/SAFE/SAFE.SAFE.H.FR.SME.A.0.0.0.Q8B.ZZZZ.NT.AL.WA,2026-09-16,,,tamano_empresa_empleados,nivel,media_ponderada_volumen,serie SAFE.H.FR.SME.A.0.0.0.Q8B.ZZZZ.NT.AL.WA
Francia,linea_credito_circulante,Q8B. Tipo cobrado por la linea de credito o descubierto | PYME (<250 empleados) | media ponderada,1.740981,pct_anual,2021-S2,"BCE, encuesta SAFE (ECB Data Portal, dataset SAFE)",https://data.ecb.europa.eu/data/datasets/SAFE/SAFE.SAFE.H.FR.SME.A.0.0.0.Q8B.ZZZZ.NT.AL.WA,2026-09-16,,,tamano_empresa_empleados,nivel,media_ponderada_volumen,serie SAFE.H.FR.SME.A.0.0.0.Q8B.ZZZZ.NT.AL.WA
Francia,linea_credito_circulante,Q8B. Tipo cobrado por la linea de credito o descubierto | PYME (<250 empleados) | media ponderada,1.812279,pct_anual,2022-S1,"BCE, encuesta SAFE (ECB Data Portal, dataset SAFE)",https://data.ecb.europa.eu/data/datasets/SAFE/SAFE.SAFE.H.FR.SME.A.0.0.0.Q8B.ZZZZ.NT.AL.WA,2026-09-16,,,tamano_empresa_empleados,nivel,media_ponderada_volumen,serie SAFE.H.FR.SME.A.0.0.0.Q8B.ZZZZ.NT.AL.WA
Francia,linea_credito_circulante,Q8B. Tipo cobrado por la linea de credito o descubierto | PYME (<250 empleados) | mediana ponderada,3,pct_anual,2014-S1,"BCE, encuesta SAFE (ECB Data Portal, dataset SAFE)",https://data.ecb.europa.eu/data/datasets/SAFE/SAFE.SAFE.H.FR.SME.A.0.0.0.Q8B.ZZZZ.NT.AL.WM,2026-09-16,,,tamano_empresa_empleados,nivel,dato_unico,serie SAFE.H.FR.SME.A.0.0.0.Q8B.ZZZZ.NT.AL.WM
Francia,linea_credito_circulante,Q8B. Tipo cobrado por la linea de credito o descubierto | PYME (<250 empleados) | mediana ponderada,2.5,pct_anual,2014-S2,"BCE, encuesta SAFE (ECB Data Portal, dataset SAFE)",https://data.ecb.europa.eu/data/datasets/SAFE/SAFE.SAFE.H.FR.SME.A.0.0.0.Q8B.ZZZZ.NT.AL.WM,2026-09-16,,,tamano_empresa_empleados,nivel,dato_unico,serie SAFE.H.FR.SME.A.0.0.0.Q8B.ZZZZ.NT.AL.WM
Francia,linea_credito_circulante,Q8B. Tipo cobrado por la linea de credito o descubierto | PYME (<250 empleados) | mediana ponderada,2.4,pct_anual,2015-S1,"BCE, encuesta SAFE (ECB Data Portal, dataset SAFE)",https://data.ecb.europa.eu/data/datasets/SAFE/SAFE.SAFE.H.FR.SME.A.0.0.0.Q8B.ZZZZ.NT.AL.WM,2026-09-16,,,tamano_empresa_empleados,nivel,dato_unico,serie SAFE.H.FR.SME.A.0.0.0.Q8B.ZZZZ.NT.AL.WM
Francia,linea_credito_circulante,Q8B. Tipo cobrado por la linea de credito o descubierto | PYME (<250 empleados) | mediana ponderada,2,pct_anual,2015-S2,"BCE, encuesta SAFE (ECB Data Portal, dataset SAFE)",https://data.ecb.europa.eu/data/datasets/SAFE/SAFE.SAFE.H.FR.SME.A.0.0.0.Q8B.ZZZZ.NT.AL.WM,2026-09-16,,,tamano_empresa_empleados,nivel,dato_unico,serie SAFE.H.FR.SME.A.0.0.0.Q8B.ZZZZ.NT.AL.WM
Francia,linea_credito_circulante,Q8B. Tipo cobrado por la linea de credito o descubierto | PYME (<250 empleados) | mediana ponderada,1.95,pct_anual,2016-S1,"BCE, encuesta SAFE (ECB Data Portal, dataset SAFE)",https://data.ecb.europa.eu/data/datasets/SAFE/SAFE.SAFE.H.FR.SME.A.0.0.0.Q8B.ZZZZ.NT.AL.WM,2026-09-16,,,tamano_empresa_empleados,nivel,dato_unico,serie SAFE.H.FR.SME.A.0.0.0.Q8B.ZZZZ.NT.AL.WM
Francia,linea_credito_circulante,Q8B. Tipo cobrado por la linea de credito o descubierto | PYME (<250 empleados) | mediana ponderada,1.5,pct_anual,2016-S2,"BCE, encuesta SAFE (ECB Data Portal, dataset SAFE)",https://data.ecb.europa.eu/data/datasets/SAFE/SAFE.SAFE.H.FR.SME.A.0.0.0.Q8B.ZZZZ.NT.AL.WM,2026-09-16,,,tamano_empresa_empleados,nivel,dato_unico,serie SAFE.H.FR.SME.A.0.0.0.Q8B.ZZZZ.NT.AL.WM
Francia,linea_credito_circulante,Q8B. Tipo cobrado por la linea de credito o descubierto | PYME (<250 empleados) | mediana ponderada,1.5,pct_anual,2017-S1,"BCE, encuesta SAFE (ECB Data Portal, dataset SAFE)",https://data.ecb.europa.eu/data/datasets/SAFE/SAFE.SAFE.H.FR.SME.A.0.0.0.Q8B.ZZZZ.NT.AL.WM,2026-09-16,,,tamano_empresa_empleados,nivel,dato_unico,serie SAFE.H.FR.SME.A.0.0.0.Q8B.ZZZZ.NT.AL.WM
Francia,linea_credito_circulante,Q8B. Tipo cobrado por la linea de credito o descubierto | PYME (<250 empleados) | mediana ponderada,1.2,pct_anual,2017-S2,"BCE, encuesta SAFE (ECB Data Portal, dataset SAFE)",https://data.ecb.europa.eu/data/datasets/SAFE/SAFE.SAFE.H.FR.SME.A.0.0.0.Q8B.ZZZZ.NT.AL.WM,2026-09-16,,,tamano_empresa_empleados,nivel,dato_unico,serie SAFE.H.FR.SME.A.0.0.0.Q8B.ZZZZ.NT.AL.WM
Francia,linea_credito_circulante,Q8B. Tipo cobrado por la linea de credito o descubierto | PYME (<250 empleados) | mediana ponderada,1.48,pct_anual,2018-S1,"BCE, encuesta SAFE (ECB Data Portal, dataset SAFE)",https://data.ecb.europa.eu/data/datasets/SAFE/SAFE.SAFE.H.FR.SME.A.0.0.0.Q8B.ZZZZ.NT.AL.WM,2026-09-16,,,tamano_empresa_empleados,nivel,dato_unico,serie SAFE.H.FR.SME.A.0.0.0.Q8B.ZZZZ.NT.AL.WM
Francia,linea_credito_circulante,Q8B. Tipo cobrado por la linea de credito o descubierto | PYME (<250 empleados) | mediana ponderada,1.5,pct_anual,2018-S2,"BCE, encuesta SAFE (ECB Data Portal, dataset SAFE)",https://data.ecb.europa.eu/data/datasets/SAFE/SAFE.SAFE.H.FR.SME.A.0.0.0.Q8B.ZZZZ.NT.AL.WM,2026-09-16,,,tamano_empresa_empleados,nivel,dato_unico,serie SAFE.H.FR.SME.A.0.0.0.Q8B.ZZZZ.NT.AL.WM
Francia,linea_credito_circulante,Q8B. Tipo cobrado por la linea de credito o descubierto | PYME (<250 empleados) | mediana ponderada,1.5,pct_anual,2019-S1,"BCE, encuesta SAFE (ECB Data Portal, dataset SAFE)",https://data.ecb.europa.eu/data/datasets/SAFE/SAFE.SAFE.H.FR.SME.A.0.0.0.Q8B.ZZZZ.NT.AL.WM,2026-09-16,,,tamano_empresa_empleados,nivel,dato_unico,serie SAFE.H.FR.SME.A.0.0.0.Q8B.ZZZZ.NT.AL.WM
Francia,linea_credito_circulante,Q8B. Tipo cobrado por la linea de credito o descubierto | PYME (<250 empleados) | mediana ponderada,1,pct_anual,2019-S2,"BCE, encuesta SAFE (ECB Data Portal, dataset SAFE)",https://data.ecb.europa.eu/data/datasets/SAFE/SAFE.SAFE.H.FR.SME.A.0.0.0.Q8B.ZZZZ.NT.AL.WM,2026-09-16,,,tamano_empresa_empleados,nivel,dato_unico,serie SAFE.H.FR.SME.A.0.0.0.Q8B.ZZZZ.NT.AL.WM
Francia,linea_credito_circulante,Q8B. Tipo cobrado por la linea de credito o descubierto | PYME (<250 empleados) | mediana ponderada,1,pct_anual,2020-S1,"BCE, encuesta SAFE (ECB Data Portal, dataset SAFE)",https://data.ecb.europa.eu/data/datasets/SAFE/SAFE.SAFE.H.FR.SME.A.0.0.0.Q8B.ZZZZ.NT.AL.WM,2026-09-16,,,tamano_empresa_empleados,nivel,dato_unico,serie SAFE.H.FR.SME.A.0.0.0.Q8B.ZZZZ.NT.AL.WM
Francia,linea_credito_circulante,Q8B. Tipo cobrado por la linea de credito o descubierto | PYME (<250 empleados) | mediana ponderada,1,pct_anual,2020-S2,"BCE, encuesta SAFE (ECB Data Portal, dataset SAFE)",https://data.ecb.europa.eu/data/datasets/SAFE/SAFE.SAFE.H.FR.SME.A.0.0.0.Q8B.ZZZZ.NT.AL.WM,2026-09-16,,,tamano_empresa_empleados,nivel,dato_unico,serie SAFE.H.FR.SME.A.0.0.0.Q8B.ZZZZ.NT.AL.WM
Francia,linea_credito_circulante,Q8B. Tipo cobrado por la linea de credito o descubierto | PYME (<250 empleados) | mediana ponderada,1,pct_anual,2021-S1,"BCE, encuesta SAFE (ECB Data Portal, dataset SAFE)",https://data.ecb.europa.eu/data/datasets/SAFE/SAFE.SAFE.H.FR.SME.A.0.0.0.Q8B.ZZZZ.NT.AL.WM,2026-09-16,,,tamano_empresa_empleados,nivel,dato_unico,serie SAFE.H.FR.SME.A.0.0.0.Q8B.ZZZZ.NT.AL.WM
Francia,linea_credito_circulante,Q8B. Tipo cobrado por la linea de credito o descubierto | PYME (<250 empleados) | mediana ponderada,1,pct_anual,2021-S2,"BCE, encuesta SAFE (ECB Data Portal, dataset SAFE)",https://data.ecb.europa.eu/data/datasets/SAFE/SAFE.SAFE.H.FR.SME.A.0.0.0.Q8B.ZZZZ.NT.AL.WM,2026-09-16,,,tamano_empresa_empleados,nivel,dato_unico,serie SAFE.H.FR.SME.A.0.0.0.Q8B.ZZZZ.NT.AL.WM
Francia,linea_credito_circulante,Q8B. Tipo cobrado por la linea de credito o descubierto | PYME (<250 empleados) | mediana ponderada,1.7,pct_anual,2022-S1,"BCE, encuesta SAFE (ECB Data Portal, dataset SAFE)",https://data.ecb.europa.eu/data/datasets/SAFE/SAFE.SAFE.H.FR.SME.A.0.0.0.Q8B.ZZZZ.NT.AL.WM,2026-09-16,,,tamano_empresa_empleados,nivel,dato_unico,serie SAFE.H.FR.SME.A.0.0.0.Q8B.ZZZZ.NT.AL.WM
Francia,linea_credito_circulante,Q8B. Tipo cobrado por la linea de credito o descubierto | PYME (<250 empleados) | n respuestas (ponderado),228.3808,pct_anual,2014-S1,"BCE, encuesta SAFE (ECB Data Portal, dataset SAFE)",https://data.ecb.europa.eu/data/datasets/SAFE/SAFE.SAFE.H.FR.SME.A.0.0.0.Q8B.ZZZZ.NT.AL.WN,2026-09-16,,,tamano_empresa_empleados,importe,dato_unico,"TAMANO DE MUESTRA, no es una magnitud economica; serie SAFE.H.FR.SME.A.0.0.0.Q8B.ZZZZ.NT.AL.WN"
Francia,linea_credito_circulante,Q8B. Tipo cobrado por la linea de credito o descubierto | PYME (<250 empleados) | n respuestas (ponderado),219.652,pct_anual,2014-S2,"BCE, encuesta SAFE (ECB Data Portal, dataset SAFE)",https://data.ecb.europa.eu/data/datasets/SAFE/SAFE.SAFE.H.FR.SME.A.0.0.0.Q8B.ZZZZ.NT.AL.WN,2026-09-16,,,tamano_empresa_empleados,importe,dato_unico,"TAMANO DE MUESTRA, no es una magnitud economica; serie SAFE.H.FR.SME.A.0.0.0.Q8B.ZZZZ.NT.AL.WN"
Francia,linea_credito_circulante,Q8B. Tipo cobrado por la linea de credito o descubierto | PYME (<250 empleados) | n respuestas (ponderado),190.0193,pct_anual,2015-S1,"BCE, encuesta SAFE (ECB Data Portal, dataset SAFE)",https://data.ecb.europa.eu/data/datasets/SAFE/SAFE.SAFE.H.FR.SME.A.0.0.0.Q8B.ZZZZ.NT.AL.WN,2026-09-16,,,tamano_empresa_empleados,importe,dato_unico,"TAMANO DE MUESTRA, no es una magnitud economica; serie SAFE.H.FR.SME.A.0.0.0.Q8B.ZZZZ.NT.AL.WN"
Francia,linea_credito_circulante,Q8B. Tipo cobrado por la linea de credito o descubierto | PYME (<250 empleados) | n respuestas (ponderado),253.9597,pct_anual,2015-S2,"BCE, encuesta SAFE (ECB Data Portal, dataset SAFE)",https://data.ecb.europa.eu/data/datasets/SAFE/SAFE.SAFE.H.FR.SME.A.0.0.0.Q8B.ZZZZ.NT.AL.WN,2026-09-16,,,tamano_empresa_empleados,importe,dato_unico,"TAMANO DE MUESTRA, no es una magnitud economica; serie SAFE.H.FR.SME.A.0.0.0.Q8B.ZZZZ.NT.AL.WN"
Francia,linea_credito_circulante,Q8B. Tipo cobrado por la linea de credito o descubierto | PYME (<250 empleados) | n respuestas (ponderado),227.6265,pct_anual,2016-S1,"BCE, encuesta SAFE (ECB Data Portal, dataset SAFE)",https://data.ecb.europa.eu/data/datasets/SAFE/SAFE.SAFE.H.FR.SME.A.0.0.0.Q8B.ZZZZ.NT.AL.WN,2026-09-16,,,tamano_empresa_empleados,importe,dato_unico,"TAMANO DE MUESTRA, no es una magnitud economica; serie SAFE.H.FR.SME.A.0.0.0.Q8B.ZZZZ.NT.AL.WN"
Francia,linea_credito_circulante,Q8B. Tipo cobrado por la linea de credito o descubierto | PYME (<250 empleados) | n respuestas (ponderado),246.0223,pct_anual,2016-S2,"BCE, encuesta SAFE (ECB Data Portal, dataset SAFE)",https://data.ecb.europa.eu/data/datasets/SAFE/SAFE.SAFE.H.FR.SME.A.0.0.0.Q8B.ZZZZ.NT.AL.WN,2026-09-16,,,tamano_empresa_empleados,importe,dato_unico,"TAMANO DE MUESTRA, no es una magnitud economica; serie SAFE.H.FR.SME.A.0.0.0.Q8B.ZZZZ.NT.AL.WN"
Francia,linea_credito_circulante,Q8B. Tipo cobrado por la linea de credito o descubierto | PYME (<250 empleados) | n respuestas (ponderado),191.0567,pct_anual,2017-S1,"BCE, encuesta SAFE (ECB Data Portal, dataset SAFE)",https://data.ecb.europa.eu/data/datasets/SAFE/SAFE.SAFE.H.FR.SME.A.0.0.0.Q8B.ZZZZ.NT.AL.WN,2026-09-16,,,tamano_empresa_empleados,importe,dato_unico,"TAMANO DE MUESTRA, no es una magnitud economica; serie SAFE.H.FR.SME.A.0.0.0.Q8B.ZZZZ.NT.AL.WN"
Francia,linea_credito_circulante,Q8B. Tipo cobrado por la linea de credito o descubierto | PYME (<250 empleados) | n respuestas (ponderado),193.443,pct_anual,2017-S2,"BCE, encuesta SAFE (ECB Data Portal, dataset SAFE)",https://data.ecb.europa.eu/data/datasets/SAFE/SAFE.SAFE.H.FR.SME.A.0.0.0.Q8B.ZZZZ.NT.AL.WN,2026-09-16,,,tamano_empresa_empleados,importe,dato_unico,"TAMANO DE MUESTRA, no es una magnitud economica; serie SAFE.H.FR.SME.A.0.0.0.Q8B.ZZZZ.NT.AL.WN"
Francia,linea_credito_circulante,Q8B. Tipo cobrado por la linea de credito o descubierto | PYME (<250 empleados) | n respuestas (ponderado),162.7965,pct_anual,2018-S1,"BCE, encuesta SAFE (ECB Data Portal, dataset SAFE)",https://data.ecb.europa.eu/data/datasets/SAFE/SAFE.SAFE.H.FR.SME.A.0.0.0.Q8B.ZZZZ.NT.AL.WN,2026-09-16,,,tamano_empresa_empleados,importe,dato_unico,"TAMANO DE MUESTRA, no es una magnitud economica; serie SAFE.H.FR.SME.A.0.0.0.Q8B.ZZZZ.NT.AL.WN"
