pais,producto,metrica,valor,unidad,periodo_referencia,fuente,url,fecha_publicacion,tramo_importe,plazo_fijacion,criterio_segmentacion,tipo_de_dato,ponderacion,notas
Zona euro (referencia),liquidez_banco_central,tipo_facilidad_deposito_BCE | Deposit facility - date of changes (raw data) - Level,3,pct_anual,2025-01-01,"BCE, ECB Data Portal, dataset FM",https://data.ecb.europa.eu/data/datasets/FM,2026-09-16,,,n/a,nivel,media_ponderada_volumen,serie FM.D.U2.EUR.4F.KR.DFR.LEV
Zona euro (referencia),liquidez_banco_central,tipo_facilidad_deposito_BCE | Deposit facility - date of changes (raw data) - Level,3,pct_anual,2025-01-02,"BCE, ECB Data Portal, dataset FM",https://data.ecb.europa.eu/data/datasets/FM,2026-09-16,,,n/a,nivel,media_ponderada_volumen,serie FM.D.U2.EUR.4F.KR.DFR.LEV
Zona euro (referencia),liquidez_banco_central,tipo_facilidad_deposito_BCE | Deposit facility - date of changes (raw data) - Level,3,pct_anual,2025-01-03,"BCE, ECB Data Portal, dataset FM",https://data.ecb.europa.eu/data/datasets/FM,2026-09-16,,,n/a,nivel,media_ponderada_volumen,serie FM.D.U2.EUR.4F.KR.DFR.LEV
Zona euro (referencia),liquidez_banco_central,tipo_facilidad_deposito_BCE | Deposit facility - date of changes (raw data) - Level,3,pct_anual,2025-01-04,"BCE, ECB Data Portal, dataset FM",https://data.ecb.europa.eu/data/datasets/FM,2026-09-16,,,n/a,nivel,media_ponderada_volumen,serie FM.D.U2.EUR.4F.KR.DFR.LEV
Zona euro (referencia),liquidez_banco_central,tipo_facilidad_deposito_BCE | Deposit facility - date of changes (raw data) - Level,3,pct_anual,2025-01-05,"BCE, ECB Data Portal, dataset FM",https://data.ecb.europa.eu/data/datasets/FM,2026-09-16,,,n/a,nivel,media_ponderada_volumen,serie FM.D.U2.EUR.4F.KR.DFR.LEV
Zona euro (referencia),liquidez_banco_central,tipo_facilidad_deposito_BCE | Deposit facility - date of changes (raw data) - Level,3,pct_anual,2025-01-06,"BCE, ECB Data Portal, dataset FM",https://data.ecb.europa.eu/data/datasets/FM,2026-09-16,,,n/a,nivel,media_ponderada_volumen,serie FM.D.U2.EUR.4F.KR.DFR.LEV
Zona euro (referencia),liquidez_banco_central,tipo_facilidad_deposito_BCE | Deposit facility - date of changes (raw data) - Level,3,pct_anual,2025-01-07,"BCE, ECB Data Portal, dataset FM",https://data.ecb.europa.eu/data/datasets/FM,2026-09-16,,,n/a,nivel,media_ponderada_volumen,serie FM.D.U2.EUR.4F.KR.DFR.LEV
Zona euro (referencia),liquidez_banco_central,tipo_facilidad_deposito_BCE | Deposit facility - date of changes (raw data) - Level,3,pct_anual,2025-01-08,"BCE, ECB Data Portal, dataset FM",https://data.ecb.europa.eu/data/datasets/FM,2026-09-16,,,n/a,nivel,media_ponderada_volumen,serie FM.D.U2.EUR.4F.KR.DFR.LEV
Zona euro (referencia),liquidez_banco_central,tipo_facilidad_deposito_BCE | Deposit facility - date of changes (raw data) - Level,3,pct_anual,2025-01-09,"BCE, ECB Data Portal, dataset FM",https://data.ecb.europa.eu/data/datasets/FM,2026-09-16,,,n/a,nivel,media_ponderada_volumen,serie FM.D.U2.EUR.4F.KR.DFR.LEV
Zona euro (referencia),liquidez_banco_central,tipo_facilidad_deposito_BCE | Deposit facility - date of changes (raw data) - Level,3,pct_anual,2025-01-10,"BCE, ECB Data Portal, dataset FM",https://data.ecb.europa.eu/data/datasets/FM,2026-09-16,,,n/a,nivel,media_ponderada_volumen,serie FM.D.U2.EUR.4F.KR.DFR.LEV
Zona euro (referencia),liquidez_banco_central,tipo_facilidad_deposito_BCE | Deposit facility - date of changes (raw data) - Level,3,pct_anual,2025-01-11,"BCE, ECB Data Portal, dataset FM",https://data.ecb.europa.eu/data/datasets/FM,2026-09-16,,,n/a,nivel,media_ponderada_volumen,serie FM.D.U2.EUR.4F.KR.DFR.LEV
Zona euro (referencia),liquidez_banco_central,tipo_facilidad_deposito_BCE | Deposit facility - date of changes (raw data) - Level,3,pct_anual,2025-01-12,"BCE, ECB Data Portal, dataset FM",https://data.ecb.europa.eu/data/datasets/FM,2026-09-16,,,n/a,nivel,media_ponderada_volumen,serie FM.D.U2.EUR.4F.KR.DFR.LEV
Zona euro (referencia),liquidez_banco_central,tipo_facilidad_deposito_BCE | Deposit facility - date of changes (raw data) - Level,3,pct_anual,2025-01-13,"BCE, ECB Data Portal, dataset FM",https://data.ecb.europa.eu/data/datasets/FM,2026-09-16,,,n/a,nivel,media_ponderada_volumen,serie FM.D.U2.EUR.4F.KR.DFR.LEV
Zona euro (referencia),liquidez_banco_central,tipo_facilidad_deposito_BCE | Deposit facility - date of changes (raw data) - Level,3,pct_anual,2025-01-14,"BCE, ECB Data Portal, dataset FM",https://data.ecb.europa.eu/data/datasets/FM,2026-09-16,,,n/a,nivel,media_ponderada_volumen,serie FM.D.U2.EUR.4F.KR.DFR.LEV
Zona euro (referencia),liquidez_banco_central,tipo_facilidad_deposito_BCE | Deposit facility - date of changes (raw data) - Level,3,pct_anual,2025-01-15,"BCE, ECB Data Portal, dataset FM",https://data.ecb.europa.eu/data/datasets/FM,2026-09-16,,,n/a,nivel,media_ponderada_volumen,serie FM.D.U2.EUR.4F.KR.DFR.LEV
Zona euro (referencia),liquidez_banco_central,tipo_facilidad_deposito_BCE | Deposit facility - date of changes (raw data) - Level,3,pct_anual,2025-01-16,"BCE, ECB Data Portal, dataset FM",https://data.ecb.europa.eu/data/datasets/FM,2026-09-16,,,n/a,nivel,media_ponderada_volumen,serie FM.D.U2.EUR.4F.KR.DFR.LEV
Zona euro (referencia),liquidez_banco_central,tipo_facilidad_deposito_BCE | Deposit facility - date of changes (raw data) - Level,3,pct_anual,2025-01-17,"BCE, ECB Data Portal, dataset FM",https://data.ecb.europa.eu/data/datasets/FM,2026-09-16,,,n/a,nivel,media_ponderada_volumen,serie FM.D.U2.EUR.4F.KR.DFR.LEV
Zona euro (referencia),liquidez_banco_central,tipo_facilidad_deposito_BCE | Deposit facility - date of changes (raw data) - Level,3,pct_anual,2025-01-18,"BCE, ECB Data Portal, dataset FM",https://data.ecb.europa.eu/data/datasets/FM,2026-09-16,,,n/a,nivel,media_ponderada_volumen,serie FM.D.U2.EUR.4F.KR.DFR.LEV
Zona euro (referencia),liquidez_banco_central,tipo_facilidad_deposito_BCE | Deposit facility - date of changes (raw data) - Level,3,pct_anual,2025-01-19,"BCE, ECB Data Portal, dataset FM",https://data.ecb.europa.eu/data/datasets/FM,2026-09-16,,,n/a,nivel,media_ponderada_volumen,serie FM.D.U2.EUR.4F.KR.DFR.LEV
Zona euro (referencia),liquidez_banco_central,tipo_facilidad_deposito_BCE | Deposit facility - date of changes (raw data) - Level,3,pct_anual,2025-01-20,"BCE, ECB Data Portal, dataset FM",https://data.ecb.europa.eu/data/datasets/FM,2026-09-16,,,n/a,nivel,media_ponderada_volumen,serie FM.D.U2.EUR.4F.KR.DFR.LEV
Zona euro (referencia),liquidez_banco_central,tipo_facilidad_deposito_BCE | Deposit facility - date of changes (raw data) - Level,3,pct_anual,2025-01-21,"BCE, ECB Data Portal, dataset FM",https://data.ecb.europa.eu/data/datasets/FM,2026-09-16,,,n/a,nivel,media_ponderada_volumen,serie FM.D.U2.EUR.4F.KR.DFR.LEV
Zona euro (referencia),liquidez_banco_central,tipo_facilidad_deposito_BCE | Deposit facility - date of changes (raw data) - Level,3,pct_anual,2025-01-22,"BCE, ECB Data Portal, dataset FM",https://data.ecb.europa.eu/data/datasets/FM,2026-09-16,,,n/a,nivel,media_ponderada_volumen,serie FM.D.U2.EUR.4F.KR.DFR.LEV
Zona euro (referencia),liquidez_banco_central,tipo_facilidad_deposito_BCE | Deposit facility - date of changes (raw data) - Level,3,pct_anual,2025-01-23,"BCE, ECB Data Portal, dataset FM",https://data.ecb.europa.eu/data/datasets/FM,2026-09-16,,,n/a,nivel,media_ponderada_volumen,serie FM.D.U2.EUR.4F.KR.DFR.LEV
Zona euro (referencia),liquidez_banco_central,tipo_facilidad_deposito_BCE | Deposit facility - date of changes (raw data) - Level,3,pct_anual,2025-01-24,"BCE, ECB Data Portal, dataset FM",https://data.ecb.europa.eu/data/datasets/FM,2026-09-16,,,n/a,nivel,media_ponderada_volumen,serie FM.D.U2.EUR.4F.KR.DFR.LEV
Zona euro (referencia),liquidez_banco_central,tipo_facilidad_deposito_BCE | Deposit facility - date of changes (raw data) - Level,3,pct_anual,2025-01-25,"BCE, ECB Data Portal, dataset FM",https://data.ecb.europa.eu/data/datasets/FM,2026-09-16,,,n/a,nivel,media_ponderada_volumen,serie FM.D.U2.EUR.4F.KR.DFR.LEV
Zona euro (referencia),liquidez_banco_central,tipo_facilidad_deposito_BCE | Deposit facility - date of changes (raw data) - Level,3,pct_anual,2025-01-26,"BCE, ECB Data Portal, dataset FM",https://data.ecb.europa.eu/data/datasets/FM,2026-09-16,,,n/a,nivel,media_ponderada_volumen,serie FM.D.U2.EUR.4F.KR.DFR.LEV
Zona euro (referencia),liquidez_banco_central,tipo_facilidad_deposito_BCE | Deposit facility - date of changes (raw data) - Level,3,pct_anual,2025-01-27,"BCE, ECB Data Portal, dataset FM",https://data.ecb.europa.eu/data/datasets/FM,2026-09-16,,,n/a,nivel,media_ponderada_volumen,serie FM.D.U2.EUR.4F.KR.DFR.LEV
Zona euro (referencia),liquidez_banco_central,tipo_facilidad_deposito_BCE | Deposit facility - date of changes (raw data) - Level,3,pct_anual,2025-01-28,"BCE, ECB Data Portal, dataset FM",https://data.ecb.europa.eu/data/datasets/FM,2026-09-16,,,n/a,nivel,media_ponderada_volumen,serie FM.D.U2.EUR.4F.KR.DFR.LEV
Zona euro (referencia),liquidez_banco_central,tipo_facilidad_deposito_BCE | Deposit facility - date of changes (raw data) - Level,3,pct_anual,2025-01-29,"BCE, ECB Data Portal, dataset FM",https://data.ecb.europa.eu/data/datasets/FM,2026-09-16,,,n/a,nivel,media_ponderada_volumen,serie FM.D.U2.EUR.4F.KR.DFR.LEV
Zona euro (referencia),liquidez_banco_central,tipo_facilidad_deposito_BCE | Deposit facility - date of changes (raw data) - Level,3,pct_anual,2025-01-30,"BCE, ECB Data Portal, dataset FM",https://data.ecb.europa.eu/data/datasets/FM,2026-09-16,,,n/a,nivel,media_ponderada_volumen,serie FM.D.U2.EUR.4F.KR.DFR.LEV
Zona euro (referencia),liquidez_banco_central,tipo_facilidad_deposito_BCE | Deposit facility - date of changes (raw data) - Level,3,pct_anual,2025-01-31,"BCE, ECB Data Portal, dataset FM",https://data.ecb.europa.eu/data/datasets/FM,2026-09-16,,,n/a,nivel,media_ponderada_volumen,serie FM.D.U2.EUR.4F.KR.DFR.LEV
Zona euro (referencia),liquidez_banco_central,tipo_facilidad_deposito_BCE | Deposit facility - date of changes (raw data) - Level,3,pct_anual,2025-02-01,"BCE, ECB Data Portal, dataset FM",https://data.ecb.europa.eu/data/datasets/FM,2026-09-16,,,n/a,nivel,media_ponderada_volumen,serie FM.D.U2.EUR.4F.KR.DFR.LEV
Zona euro (referencia),liquidez_banco_central,tipo_facilidad_deposito_BCE | Deposit facility - date of changes (raw data) - Level,3,pct_anual,2025-02-02,"BCE, ECB Data Portal, dataset FM",https://data.ecb.europa.eu/data/datasets/FM,2026-09-16,,,n/a,nivel,media_ponderada_volumen,serie FM.D.U2.EUR.4F.KR.DFR.LEV
Zona euro (referencia),liquidez_banco_central,tipo_facilidad_deposito_BCE | Deposit facility - date of changes (raw data) - Level,3,pct_anual,2025-02-03,"BCE, ECB Data Portal, dataset FM",https://data.ecb.europa.eu/data/datasets/FM,2026-09-16,,,n/a,nivel,media_ponderada_volumen,serie FM.D.U2.EUR.4F.KR.DFR.LEV
Zona euro (referencia),liquidez_banco_central,tipo_facilidad_deposito_BCE | Deposit facility - date of changes (raw data) - Level,3,pct_anual,2025-02-04,"BCE, ECB Data Portal, dataset FM",https://data.ecb.europa.eu/data/datasets/FM,2026-09-16,,,n/a,nivel,media_ponderada_volumen,serie FM.D.U2.EUR.4F.KR.DFR.LEV
Zona euro (referencia),liquidez_banco_central,tipo_facilidad_deposito_BCE | Deposit facility - date of changes (raw data) - Level,2.75,pct_anual,2025-02-05,"BCE, ECB Data Portal, dataset FM",https://data.ecb.europa.eu/data/datasets/FM,2026-09-16,,,n/a,nivel,media_ponderada_volumen,serie FM.D.U2.EUR.4F.KR.DFR.LEV
Zona euro (referencia),liquidez_banco_central,tipo_facilidad_deposito_BCE | Deposit facility - date of changes (raw data) - Level,2.75,pct_anual,2025-02-06,"BCE, ECB Data Portal, dataset FM",https://data.ecb.europa.eu/data/datasets/FM,2026-09-16,,,n/a,nivel,media_ponderada_volumen,serie FM.D.U2.EUR.4F.KR.DFR.LEV
Zona euro (referencia),liquidez_banco_central,tipo_facilidad_deposito_BCE | Deposit facility - date of changes (raw data) - Level,2.75,pct_anual,2025-02-07,"BCE, ECB Data Portal, dataset FM",https://data.ecb.europa.eu/data/datasets/FM,2026-09-16,,,n/a,nivel,media_ponderada_volumen,serie FM.D.U2.EUR.4F.KR.DFR.LEV
Zona euro (referencia),liquidez_banco_central,tipo_facilidad_deposito_BCE | Deposit facility - date of changes (raw data) - Level,2.75,pct_anual,2025-02-08,"BCE, ECB Data Portal, dataset FM",https://data.ecb.europa.eu/data/datasets/FM,2026-09-16,,,n/a,nivel,media_ponderada_volumen,serie FM.D.U2.EUR.4F.KR.DFR.LEV
Zona euro (referencia),liquidez_banco_central,tipo_facilidad_deposito_BCE | Deposit facility - date of changes (raw data) - Level,2.75,pct_anual,2025-02-09,"BCE, ECB Data Portal, dataset FM",https://data.ecb.europa.eu/data/datasets/FM,2026-09-16,,,n/a,nivel,media_ponderada_volumen,serie FM.D.U2.EUR.4F.KR.DFR.LEV
Zona euro (referencia),liquidez_banco_central,tipo_facilidad_deposito_BCE | Deposit facility - date of changes (raw data) - Level,2.75,pct_anual,2025-02-10,"BCE, ECB Data Portal, dataset FM",https://data.ecb.europa.eu/data/datasets/FM,2026-09-16,,,n/a,nivel,media_ponderada_volumen,serie FM.D.U2.EUR.4F.KR.DFR.LEV
Zona euro (referencia),liquidez_banco_central,tipo_facilidad_deposito_BCE | Deposit facility - date of changes (raw data) - Level,2.75,pct_anual,2025-02-11,"BCE, ECB Data Portal, dataset FM",https://data.ecb.europa.eu/data/datasets/FM,2026-09-16,,,n/a,nivel,media_ponderada_volumen,serie FM.D.U2.EUR.4F.KR.DFR.LEV
Zona euro (referencia),liquidez_banco_central,tipo_facilidad_deposito_BCE | Deposit facility - date of changes (raw data) - Level,2.75,pct_anual,2025-02-12,"BCE, ECB Data Portal, dataset FM",https://data.ecb.europa.eu/data/datasets/FM,2026-09-16,,,n/a,nivel,media_ponderada_volumen,serie FM.D.U2.EUR.4F.KR.DFR.LEV
Zona euro (referencia),liquidez_banco_central,tipo_facilidad_deposito_BCE | Deposit facility - date of changes (raw data) - Level,2.75,pct_anual,2025-02-13,"BCE, ECB Data Portal, dataset FM",https://data.ecb.europa.eu/data/datasets/FM,2026-09-16,,,n/a,nivel,media_ponderada_volumen,serie FM.D.U2.EUR.4F.KR.DFR.LEV
Zona euro (referencia),liquidez_banco_central,tipo_facilidad_deposito_BCE | Deposit facility - date of changes (raw data) - Level,2.75,pct_anual,2025-02-14,"BCE, ECB Data Portal, dataset FM",https://data.ecb.europa.eu/data/datasets/FM,2026-09-16,,,n/a,nivel,media_ponderada_volumen,serie FM.D.U2.EUR.4F.KR.DFR.LEV
Zona euro (referencia),liquidez_banco_central,tipo_facilidad_deposito_BCE | Deposit facility - date of changes (raw data) - Level,2.75,pct_anual,2025-02-15,"BCE, ECB Data Portal, dataset FM",https://data.ecb.europa.eu/data/datasets/FM,2026-09-16,,,n/a,nivel,media_ponderada_volumen,serie FM.D.U2.EUR.4F.KR.DFR.LEV
Zona euro (referencia),liquidez_banco_central,tipo_facilidad_deposito_BCE | Deposit facility - date of changes (raw data) - Level,2.75,pct_anual,2025-02-16,"BCE, ECB Data Portal, dataset FM",https://data.ecb.europa.eu/data/datasets/FM,2026-09-16,,,n/a,nivel,media_ponderada_volumen,serie FM.D.U2.EUR.4F.KR.DFR.LEV
Zona euro (referencia),liquidez_banco_central,tipo_facilidad_deposito_BCE | Deposit facility - date of changes (raw data) - Level,2.75,pct_anual,2025-02-17,"BCE, ECB Data Portal, dataset FM",https://data.ecb.europa.eu/data/datasets/FM,2026-09-16,,,n/a,nivel,media_ponderada_volumen,serie FM.D.U2.EUR.4F.KR.DFR.LEV
Zona euro (referencia),liquidez_banco_central,tipo_facilidad_deposito_BCE | Deposit facility - date of changes (raw data) - Level,2.75,pct_anual,2025-02-18,"BCE, ECB Data Portal, dataset FM",https://data.ecb.europa.eu/data/datasets/FM,2026-09-16,,,n/a,nivel,media_ponderada_volumen,serie FM.D.U2.EUR.4F.KR.DFR.LEV
Zona euro (referencia),liquidez_banco_central,tipo_facilidad_deposito_BCE | Deposit facility - date of changes (raw data) - Level,2.75,pct_anual,2025-02-19,"BCE, ECB Data Portal, dataset FM",https://data.ecb.europa.eu/data/datasets/FM,2026-09-16,,,n/a,nivel,media_ponderada_volumen,serie FM.D.U2.EUR.4F.KR.DFR.LEV
Zona euro (referencia),liquidez_banco_central,tipo_facilidad_deposito_BCE | Deposit facility - date of changes (raw data) - Level,2.75,pct_anual,2025-02-20,"BCE, ECB Data Portal, dataset FM",https://data.ecb.europa.eu/data/datasets/FM,2026-09-16,,,n/a,nivel,media_ponderada_volumen,serie FM.D.U2.EUR.4F.KR.DFR.LEV
Zona euro (referencia),liquidez_banco_central,tipo_facilidad_deposito_BCE | Deposit facility - date of changes (raw data) - Level,2.75,pct_anual,2025-02-21,"BCE, ECB Data Portal, dataset FM",https://data.ecb.europa.eu/data/datasets/FM,2026-09-16,,,n/a,nivel,media_ponderada_volumen,serie FM.D.U2.EUR.4F.KR.DFR.LEV
Zona euro (referencia),liquidez_banco_central,tipo_facilidad_deposito_BCE | Deposit facility - date of changes (raw data) - Level,2.75,pct_anual,2025-02-22,"BCE, ECB Data Portal, dataset FM",https://data.ecb.europa.eu/data/datasets/FM,2026-09-16,,,n/a,nivel,media_ponderada_volumen,serie FM.D.U2.EUR.4F.KR.DFR.LEV
Zona euro (referencia),liquidez_banco_central,tipo_facilidad_deposito_BCE | Deposit facility - date of changes (raw data) - Level,2.75,pct_anual,2025-02-23,"BCE, ECB Data Portal, dataset FM",https://data.ecb.europa.eu/data/datasets/FM,2026-09-16,,,n/a,nivel,media_ponderada_volumen,serie FM.D.U2.EUR.4F.KR.DFR.LEV
Zona euro (referencia),liquidez_banco_central,tipo_facilidad_deposito_BCE | Deposit facility - date of changes (raw data) - Level,2.75,pct_anual,2025-02-24,"BCE, ECB Data Portal, dataset FM",https://data.ecb.europa.eu/data/datasets/FM,2026-09-16,,,n/a,nivel,media_ponderada_volumen,serie FM.D.U2.EUR.4F.KR.DFR.LEV
Zona euro (referencia),liquidez_banco_central,tipo_facilidad_deposito_BCE | Deposit facility - date of changes (raw data) - Level,2.75,pct_anual,2025-02-25,"BCE, ECB Data Portal, dataset FM",https://data.ecb.europa.eu/data/datasets/FM,2026-09-16,,,n/a,nivel,media_ponderada_volumen,serie FM.D.U2.EUR.4F.KR.DFR.LEV
Zona euro (referencia),liquidez_banco_central,tipo_facilidad_deposito_BCE | Deposit facility - date of changes (raw data) - Level,2.75,pct_anual,2025-02-26,"BCE, ECB Data Portal, dataset FM",https://data.ecb.europa.eu/data/datasets/FM,2026-09-16,,,n/a,nivel,media_ponderada_volumen,serie FM.D.U2.EUR.4F.KR.DFR.LEV
Zona euro (referencia),liquidez_banco_central,tipo_facilidad_deposito_BCE | Deposit facility - date of changes (raw data) - Level,2.75,pct_anual,2025-02-27,"BCE, ECB Data Portal, dataset FM",https://data.ecb.europa.eu/data/datasets/FM,2026-09-16,,,n/a,nivel,media_ponderada_volumen,serie FM.D.U2.EUR.4F.KR.DFR.LEV
Zona euro (referencia),liquidez_banco_central,tipo_facilidad_deposito_BCE | Deposit facility - date of changes (raw data) - Level,2.75,pct_anual,2025-02-28,"BCE, ECB Data Portal, dataset FM",https://data.ecb.europa.eu/data/datasets/FM,2026-09-16,,,n/a,nivel,media_ponderada_volumen,serie FM.D.U2.EUR.4F.KR.DFR.LEV
Zona euro (referencia),liquidez_banco_central,tipo_facilidad_deposito_BCE | Deposit facility - date of changes (raw data) - Level,2.75,pct_anual,2025-03-01,"BCE, ECB Data Portal, dataset FM",https://data.ecb.europa.eu/data/datasets/FM,2026-09-16,,,n/a,nivel,media_ponderada_volumen,serie FM.D.U2.EUR.4F.KR.DFR.LEV
Zona euro (referencia),liquidez_banco_central,tipo_facilidad_deposito_BCE | Deposit facility - date of changes (raw data) - Level,2.75,pct_anual,2025-03-02,"BCE, ECB Data Portal, dataset FM",https://data.ecb.europa.eu/data/datasets/FM,2026-09-16,,,n/a,nivel,media_ponderada_volumen,serie FM.D.U2.EUR.4F.KR.DFR.LEV
Zona euro (referencia),liquidez_banco_central,tipo_facilidad_deposito_BCE | Deposit facility - date of changes (raw data) - Level,2.75,pct_anual,2025-03-03,"BCE, ECB Data Portal, dataset FM",https://data.ecb.europa.eu/data/datasets/FM,2026-09-16,,,n/a,nivel,media_ponderada_volumen,serie FM.D.U2.EUR.4F.KR.DFR.LEV
Zona euro (referencia),liquidez_banco_central,tipo_facilidad_deposito_BCE | Deposit facility - date of changes (raw data) - Level,2.75,pct_anual,2025-03-04,"BCE, ECB Data Portal, dataset FM",https://data.ecb.europa.eu/data/datasets/FM,2026-09-16,,,n/a,nivel,media_ponderada_volumen,serie FM.D.U2.EUR.4F.KR.DFR.LEV
Zona euro (referencia),liquidez_banco_central,tipo_facilidad_deposito_BCE | Deposit facility - date of changes (raw data) - Level,2.75,pct_anual,2025-03-05,"BCE, ECB Data Portal, dataset FM",https://data.ecb.europa.eu/data/datasets/FM,2026-09-16,,,n/a,nivel,media_ponderada_volumen,serie FM.D.U2.EUR.4F.KR.DFR.LEV
Zona euro (referencia),liquidez_banco_central,tipo_facilidad_deposito_BCE | Deposit facility - date of changes (raw data) - Level,2.75,pct_anual,2025-03-06,"BCE, ECB Data Portal, dataset FM",https://data.ecb.europa.eu/data/datasets/FM,2026-09-16,,,n/a,nivel,media_ponderada_volumen,serie FM.D.U2.EUR.4F.KR.DFR.LEV
Zona euro (referencia),liquidez_banco_central,tipo_facilidad_deposito_BCE | Deposit facility - date of changes (raw data) - Level,2.75,pct_anual,2025-03-07,"BCE, ECB Data Portal, dataset FM",https://data.ecb.europa.eu/data/datasets/FM,2026-09-16,,,n/a,nivel,media_ponderada_volumen,serie FM.D.U2.EUR.4F.KR.DFR.LEV
Zona euro (referencia),liquidez_banco_central,tipo_facilidad_deposito_BCE | Deposit facility - date of changes (raw data) - Level,2.75,pct_anual,2025-03-08,"BCE, ECB Data Portal, dataset FM",https://data.ecb.europa.eu/data/datasets/FM,2026-09-16,,,n/a,nivel,media_ponderada_volumen,serie FM.D.U2.EUR.4F.KR.DFR.LEV
Zona euro (referencia),liquidez_banco_central,tipo_facilidad_deposito_BCE | Deposit facility - date of changes (raw data) - Level,2.75,pct_anual,2025-03-09,"BCE, ECB Data Portal, dataset FM",https://data.ecb.europa.eu/data/datasets/FM,2026-09-16,,,n/a,nivel,media_ponderada_volumen,serie FM.D.U2.EUR.4F.KR.DFR.LEV
Zona euro (referencia),liquidez_banco_central,tipo_facilidad_deposito_BCE | Deposit facility - date of changes (raw data) - Level,2.75,pct_anual,2025-03-10,"BCE, ECB Data Portal, dataset FM",https://data.ecb.europa.eu/data/datasets/FM,2026-09-16,,,n/a,nivel,media_ponderada_volumen,serie FM.D.U2.EUR.4F.KR.DFR.LEV
Zona euro (referencia),liquidez_banco_central,tipo_facilidad_deposito_BCE | Deposit facility - date of changes (raw data) - Level,2.75,pct_anual,2025-03-11,"BCE, ECB Data Portal, dataset FM",https://data.ecb.europa.eu/data/datasets/FM,2026-09-16,,,n/a,nivel,media_ponderada_volumen,serie FM.D.U2.EUR.4F.KR.DFR.LEV
Zona euro (referencia),liquidez_banco_central,tipo_facilidad_deposito_BCE | Deposit facility - date of changes (raw data) - Level,2.5,pct_anual,2025-03-12,"BCE, ECB Data Portal, dataset FM",https://data.ecb.europa.eu/data/datasets/FM,2026-09-16,,,n/a,nivel,media_ponderada_volumen,serie FM.D.U2.EUR.4F.KR.DFR.LEV
Zona euro (referencia),liquidez_banco_central,tipo_facilidad_deposito_BCE | Deposit facility - date of changes (raw data) - Level,2.5,pct_anual,2025-03-13,"BCE, ECB Data Portal, dataset FM",https://data.ecb.europa.eu/data/datasets/FM,2026-09-16,,,n/a,nivel,media_ponderada_volumen,serie FM.D.U2.EUR.4F.KR.DFR.LEV
Zona euro (referencia),liquidez_banco_central,tipo_facilidad_deposito_BCE | Deposit facility - date of changes (raw data) - Level,2.5,pct_anual,2025-03-14,"BCE, ECB Data Portal, dataset FM",https://data.ecb.europa.eu/data/datasets/FM,2026-09-16,,,n/a,nivel,media_ponderada_volumen,serie FM.D.U2.EUR.4F.KR.DFR.LEV
Zona euro (referencia),liquidez_banco_central,tipo_facilidad_deposito_BCE | Deposit facility - date of changes (raw data) - Level,2.5,pct_anual,2025-03-15,"BCE, ECB Data Portal, dataset FM",https://data.ecb.europa.eu/data/datasets/FM,2026-09-16,,,n/a,nivel,media_ponderada_volumen,serie FM.D.U2.EUR.4F.KR.DFR.LEV
Zona euro (referencia),liquidez_banco_central,tipo_facilidad_deposito_BCE | Deposit facility - date of changes (raw data) - Level,2.5,pct_anual,2025-03-16,"BCE, ECB Data Portal, dataset FM",https://data.ecb.europa.eu/data/datasets/FM,2026-09-16,,,n/a,nivel,media_ponderada_volumen,serie FM.D.U2.EUR.4F.KR.DFR.LEV
Zona euro (referencia),liquidez_banco_central,tipo_facilidad_deposito_BCE | Deposit facility - date of changes (raw data) - Level,2.5,pct_anual,2025-03-17,"BCE, ECB Data Portal, dataset FM",https://data.ecb.europa.eu/data/datasets/FM,2026-09-16,,,n/a,nivel,media_ponderada_volumen,serie FM.D.U2.EUR.4F.KR.DFR.LEV
Zona euro (referencia),liquidez_banco_central,tipo_facilidad_deposito_BCE | Deposit facility - date of changes (raw data) - Level,2.5,pct_anual,2025-03-18,"BCE, ECB Data Portal, dataset FM",https://data.ecb.europa.eu/data/datasets/FM,2026-09-16,,,n/a,nivel,media_ponderada_volumen,serie FM.D.U2.EUR.4F.KR.DFR.LEV
Zona euro (referencia),liquidez_banco_central,tipo_facilidad_deposito_BCE | Deposit facility - date of changes (raw data) - Level,2.5,pct_anual,2025-03-19,"BCE, ECB Data Portal, dataset FM",https://data.ecb.europa.eu/data/datasets/FM,2026-09-16,,,n/a,nivel,media_ponderada_volumen,serie FM.D.U2.EUR.4F.KR.DFR.LEV
Zona euro (referencia),liquidez_banco_central,tipo_facilidad_deposito_BCE | Deposit facility - date of changes (raw data) - Level,2.5,pct_anual,2025-03-20,"BCE, ECB Data Portal, dataset FM",https://data.ecb.europa.eu/data/datasets/FM,2026-09-16,,,n/a,nivel,media_ponderada_volumen,serie FM.D.U2.EUR.4F.KR.DFR.LEV
Zona euro (referencia),liquidez_banco_central,tipo_facilidad_deposito_BCE | Deposit facility - date of changes (raw data) - Level,2.5,pct_anual,2025-03-21,"BCE, ECB Data Portal, dataset FM",https://data.ecb.europa.eu/data/datasets/FM,2026-09-16,,,n/a,nivel,media_ponderada_volumen,serie FM.D.U2.EUR.4F.KR.DFR.LEV
Zona euro (referencia),liquidez_banco_central,tipo_facilidad_deposito_BCE | Deposit facility - date of changes (raw data) - Level,2.5,pct_anual,2025-03-22,"BCE, ECB Data Portal, dataset FM",https://data.ecb.europa.eu/data/datasets/FM,2026-09-16,,,n/a,nivel,media_ponderada_volumen,serie FM.D.U2.EUR.4F.KR.DFR.LEV
Zona euro (referencia),liquidez_banco_central,tipo_facilidad_deposito_BCE | Deposit facility - date of changes (raw data) - Level,2.5,pct_anual,2025-03-23,"BCE, ECB Data Portal, dataset FM",https://data.ecb.europa.eu/data/datasets/FM,2026-09-16,,,n/a,nivel,media_ponderada_volumen,serie FM.D.U2.EUR.4F.KR.DFR.LEV
Zona euro (referencia),liquidez_banco_central,tipo_facilidad_deposito_BCE | Deposit facility - date of changes (raw data) - Level,2.5,pct_anual,2025-03-24,"BCE, ECB Data Portal, dataset FM",https://data.ecb.europa.eu/data/datasets/FM,2026-09-16,,,n/a,nivel,media_ponderada_volumen,serie FM.D.U2.EUR.4F.KR.DFR.LEV
Zona euro (referencia),liquidez_banco_central,tipo_facilidad_deposito_BCE | Deposit facility - date of changes (raw data) - Level,2.5,pct_anual,2025-03-25,"BCE, ECB Data Portal, dataset FM",https://data.ecb.europa.eu/data/datasets/FM,2026-09-16,,,n/a,nivel,media_ponderada_volumen,serie FM.D.U2.EUR.4F.KR.DFR.LEV
Zona euro (referencia),liquidez_banco_central,tipo_facilidad_deposito_BCE | Deposit facility - date of changes (raw data) - Level,2.5,pct_anual,2025-03-26,"BCE, ECB Data Portal, dataset FM",https://data.ecb.europa.eu/data/datasets/FM,2026-09-16,,,n/a,nivel,media_ponderada_volumen,serie FM.D.U2.EUR.4F.KR.DFR.LEV
Zona euro (referencia),liquidez_banco_central,tipo_facilidad_deposito_BCE | Deposit facility - date of changes (raw data) - Level,2.5,pct_anual,2025-03-27,"BCE, ECB Data Portal, dataset FM",https://data.ecb.europa.eu/data/datasets/FM,2026-09-16,,,n/a,nivel,media_ponderada_volumen,serie FM.D.U2.EUR.4F.KR.DFR.LEV
Zona euro (referencia),liquidez_banco_central,tipo_facilidad_deposito_BCE | Deposit facility - date of changes (raw data) - Level,2.5,pct_anual,2025-03-28,"BCE, ECB Data Portal, dataset FM",https://data.ecb.europa.eu/data/datasets/FM,2026-09-16,,,n/a,nivel,media_ponderada_volumen,serie FM.D.U2.EUR.4F.KR.DFR.LEV
Zona euro (referencia),liquidez_banco_central,tipo_facilidad_deposito_BCE | Deposit facility - date of changes (raw data) - Level,2.5,pct_anual,2025-03-29,"BCE, ECB Data Portal, dataset FM",https://data.ecb.europa.eu/data/datasets/FM,2026-09-16,,,n/a,nivel,media_ponderada_volumen,serie FM.D.U2.EUR.4F.KR.DFR.LEV
Zona euro (referencia),liquidez_banco_central,tipo_facilidad_deposito_BCE | Deposit facility - date of changes (raw data) - Level,2.5,pct_anual,2025-03-30,"BCE, ECB Data Portal, dataset FM",https://data.ecb.europa.eu/data/datasets/FM,2026-09-16,,,n/a,nivel,media_ponderada_volumen,serie FM.D.U2.EUR.4F.KR.DFR.LEV
Zona euro (referencia),liquidez_banco_central,tipo_facilidad_deposito_BCE | Deposit facility - date of changes (raw data) - Level,2.5,pct_anual,2025-03-31,"BCE, ECB Data Portal, dataset FM",https://data.ecb.europa.eu/data/datasets/FM,2026-09-16,,,n/a,nivel,media_ponderada_volumen,serie FM.D.U2.EUR.4F.KR.DFR.LEV
Zona euro (referencia),liquidez_banco_central,tipo_facilidad_deposito_BCE | Deposit facility - date of changes (raw data) - Level,2.5,pct_anual,2025-04-01,"BCE, ECB Data Portal, dataset FM",https://data.ecb.europa.eu/data/datasets/FM,2026-09-16,,,n/a,nivel,media_ponderada_volumen,serie FM.D.U2.EUR.4F.KR.DFR.LEV
Zona euro (referencia),liquidez_banco_central,tipo_facilidad_deposito_BCE | Deposit facility - date of changes (raw data) - Level,2.5,pct_anual,2025-04-02,"BCE, ECB Data Portal, dataset FM",https://data.ecb.europa.eu/data/datasets/FM,2026-09-16,,,n/a,nivel,media_ponderada_volumen,serie FM.D.U2.EUR.4F.KR.DFR.LEV
Zona euro (referencia),liquidez_banco_central,tipo_facilidad_deposito_BCE | Deposit facility - date of changes (raw data) - Level,2.5,pct_anual,2025-04-03,"BCE, ECB Data Portal, dataset FM",https://data.ecb.europa.eu/data/datasets/FM,2026-09-16,,,n/a,nivel,media_ponderada_volumen,serie FM.D.U2.EUR.4F.KR.DFR.LEV
Zona euro (referencia),liquidez_banco_central,tipo_facilidad_deposito_BCE | Deposit facility - date of changes (raw data) - Level,2.5,pct_anual,2025-04-04,"BCE, ECB Data Portal, dataset FM",https://data.ecb.europa.eu/data/datasets/FM,2026-09-16,,,n/a,nivel,media_ponderada_volumen,serie FM.D.U2.EUR.4F.KR.DFR.LEV
Zona euro (referencia),liquidez_banco_central,tipo_facilidad_deposito_BCE | Deposit facility - date of changes (raw data) - Level,2.5,pct_anual,2025-04-05,"BCE, ECB Data Portal, dataset FM",https://data.ecb.europa.eu/data/datasets/FM,2026-09-16,,,n/a,nivel,media_ponderada_volumen,serie FM.D.U2.EUR.4F.KR.DFR.LEV
Zona euro (referencia),liquidez_banco_central,tipo_facilidad_deposito_BCE | Deposit facility - date of changes (raw data) - Level,2.5,pct_anual,2025-04-06,"BCE, ECB Data Portal, dataset FM",https://data.ecb.europa.eu/data/datasets/FM,2026-09-16,,,n/a,nivel,media_ponderada_volumen,serie FM.D.U2.EUR.4F.KR.DFR.LEV
Zona euro (referencia),liquidez_banco_central,tipo_facilidad_deposito_BCE | Deposit facility - date of changes (raw data) - Level,2.5,pct_anual,2025-04-07,"BCE, ECB Data Portal, dataset FM",https://data.ecb.europa.eu/data/datasets/FM,2026-09-16,,,n/a,nivel,media_ponderada_volumen,serie FM.D.U2.EUR.4F.KR.DFR.LEV
Zona euro (referencia),liquidez_banco_central,tipo_facilidad_deposito_BCE | Deposit facility - date of changes (raw data) - Level,2.5,pct_anual,2025-04-08,"BCE, ECB Data Portal, dataset FM",https://data.ecb.europa.eu/data/datasets/FM,2026-09-16,,,n/a,nivel,media_ponderada_volumen,serie FM.D.U2.EUR.4F.KR.DFR.LEV
Zona euro (referencia),liquidez_banco_central,tipo_facilidad_deposito_BCE | Deposit facility - date of changes (raw data) - Level,2.5,pct_anual,2025-04-09,"BCE, ECB Data Portal, dataset FM",https://data.ecb.europa.eu/data/datasets/FM,2026-09-16,,,n/a,nivel,media_ponderada_volumen,serie FM.D.U2.EUR.4F.KR.DFR.LEV
Zona euro (referencia),liquidez_banco_central,tipo_facilidad_deposito_BCE | Deposit facility - date of changes (raw data) - Level,2.5,pct_anual,2025-04-10,"BCE, ECB Data Portal, dataset FM",https://data.ecb.europa.eu/data/datasets/FM,2026-09-16,,,n/a,nivel,media_ponderada_volumen,serie FM.D.U2.EUR.4F.KR.DFR.LEV
Zona euro (referencia),liquidez_banco_central,tipo_facilidad_deposito_BCE | Deposit facility - date of changes (raw data) - Level,2.5,pct_anual,2025-04-11,"BCE, ECB Data Portal, dataset FM",https://data.ecb.europa.eu/data/datasets/FM,2026-09-16,,,n/a,nivel,media_ponderada_volumen,serie FM.D.U2.EUR.4F.KR.DFR.LEV
Zona euro (referencia),liquidez_banco_central,tipo_facilidad_deposito_BCE | Deposit facility - date of changes (raw data) - Level,2.5,pct_anual,2025-04-12,"BCE, ECB Data Portal, dataset FM",https://data.ecb.europa.eu/data/datasets/FM,2026-09-16,,,n/a,nivel,media_ponderada_volumen,serie FM.D.U2.EUR.4F.KR.DFR.LEV
Zona euro (referencia),liquidez_banco_central,tipo_facilidad_deposito_BCE | Deposit facility - date of changes (raw data) - Level,2.5,pct_anual,2025-04-13,"BCE, ECB Data Portal, dataset FM",https://data.ecb.europa.eu/data/datasets/FM,2026-09-16,,,n/a,nivel,media_ponderada_volumen,serie FM.D.U2.EUR.4F.KR.DFR.LEV
Zona euro (referencia),liquidez_banco_central,tipo_facilidad_deposito_BCE | Deposit facility - date of changes (raw data) - Level,2.5,pct_anual,2025-04-14,"BCE, ECB Data Portal, dataset FM",https://data.ecb.europa.eu/data/datasets/FM,2026-09-16,,,n/a,nivel,media_ponderada_volumen,serie FM.D.U2.EUR.4F.KR.DFR.LEV
Zona euro (referencia),liquidez_banco_central,tipo_facilidad_deposito_BCE | Deposit facility - date of changes (raw data) - Level,2.5,pct_anual,2025-04-15,"BCE, ECB Data Portal, dataset FM",https://data.ecb.europa.eu/data/datasets/FM,2026-09-16,,,n/a,nivel,media_ponderada_volumen,serie FM.D.U2.EUR.4F.KR.DFR.LEV
Zona euro (referencia),liquidez_banco_central,tipo_facilidad_deposito_BCE | Deposit facility - date of changes (raw data) - Level,2.5,pct_anual,2025-04-16,"BCE, ECB Data Portal, dataset FM",https://data.ecb.europa.eu/data/datasets/FM,2026-09-16,,,n/a,nivel,media_ponderada_volumen,serie FM.D.U2.EUR.4F.KR.DFR.LEV
Zona euro (referencia),liquidez_banco_central,tipo_facilidad_deposito_BCE | Deposit facility - date of changes (raw data) - Level,2.5,pct_anual,2025-04-17,"BCE, ECB Data Portal, dataset FM",https://data.ecb.europa.eu/data/datasets/FM,2026-09-16,,,n/a,nivel,media_ponderada_volumen,serie FM.D.U2.EUR.4F.KR.DFR.LEV
Zona euro (referencia),liquidez_banco_central,tipo_facilidad_deposito_BCE | Deposit facility - date of changes (raw data) - Level,2.5,pct_anual,2025-04-18,"BCE, ECB Data Portal, dataset FM",https://data.ecb.europa.eu/data/datasets/FM,2026-09-16,,,n/a,nivel,media_ponderada_volumen,serie FM.D.U2.EUR.4F.KR.DFR.LEV
Zona euro (referencia),liquidez_banco_central,tipo_facilidad_deposito_BCE | Deposit facility - date of changes (raw data) - Level,2.5,pct_anual,2025-04-19,"BCE, ECB Data Portal, dataset FM",https://data.ecb.europa.eu/data/datasets/FM,2026-09-16,,,n/a,nivel,media_ponderada_volumen,serie FM.D.U2.EUR.4F.KR.DFR.LEV
Zona euro (referencia),liquidez_banco_central,tipo_facilidad_deposito_BCE | Deposit facility - date of changes (raw data) - Level,2.5,pct_anual,2025-04-20,"BCE, ECB Data Portal, dataset FM",https://data.ecb.europa.eu/data/datasets/FM,2026-09-16,,,n/a,nivel,media_ponderada_volumen,serie FM.D.U2.EUR.4F.KR.DFR.LEV
Zona euro (referencia),liquidez_banco_central,tipo_facilidad_deposito_BCE | Deposit facility - date of changes (raw data) - Level,2.5,pct_anual,2025-04-21,"BCE, ECB Data Portal, dataset FM",https://data.ecb.europa.eu/data/datasets/FM,2026-09-16,,,n/a,nivel,media_ponderada_volumen,serie FM.D.U2.EUR.4F.KR.DFR.LEV
Zona euro (referencia),liquidez_banco_central,tipo_facilidad_deposito_BCE | Deposit facility - date of changes (raw data) - Level,2.5,pct_anual,2025-04-22,"BCE, ECB Data Portal, dataset FM",https://data.ecb.europa.eu/data/datasets/FM,2026-09-16,,,n/a,nivel,media_ponderada_volumen,serie FM.D.U2.EUR.4F.KR.DFR.LEV
Zona euro (referencia),liquidez_banco_central,tipo_facilidad_deposito_BCE | Deposit facility - date of changes (raw data) - Level,2.25,pct_anual,2025-04-23,"BCE, ECB Data Portal, dataset FM",https://data.ecb.europa.eu/data/datasets/FM,2026-09-16,,,n/a,nivel,media_ponderada_volumen,serie FM.D.U2.EUR.4F.KR.DFR.LEV
Zona euro (referencia),liquidez_banco_central,tipo_facilidad_deposito_BCE | Deposit facility - date of changes (raw data) - Level,2.25,pct_anual,2025-04-24,"BCE, ECB Data Portal, dataset FM",https://data.ecb.europa.eu/data/datasets/FM,2026-09-16,,,n/a,nivel,media_ponderada_volumen,serie FM.D.U2.EUR.4F.KR.DFR.LEV
Zona euro (referencia),liquidez_banco_central,tipo_facilidad_deposito_BCE | Deposit facility - date of changes (raw data) - Level,2.25,pct_anual,2025-04-25,"BCE, ECB Data Portal, dataset FM",https://data.ecb.europa.eu/data/datasets/FM,2026-09-16,,,n/a,nivel,media_ponderada_volumen,serie FM.D.U2.EUR.4F.KR.DFR.LEV
Zona euro (referencia),liquidez_banco_central,tipo_facilidad_deposito_BCE | Deposit facility - date of changes (raw data) - Level,2.25,pct_anual,2025-04-26,"BCE, ECB Data Portal, dataset FM",https://data.ecb.europa.eu/data/datasets/FM,2026-09-16,,,n/a,nivel,media_ponderada_volumen,serie FM.D.U2.EUR.4F.KR.DFR.LEV
Zona euro (referencia),liquidez_banco_central,tipo_facilidad_deposito_BCE | Deposit facility - date of changes (raw data) - Level,2.25,pct_anual,2025-04-27,"BCE, ECB Data Portal, dataset FM",https://data.ecb.europa.eu/data/datasets/FM,2026-09-16,,,n/a,nivel,media_ponderada_volumen,serie FM.D.U2.EUR.4F.KR.DFR.LEV
Zona euro (referencia),liquidez_banco_central,tipo_facilidad_deposito_BCE | Deposit facility - date of changes (raw data) - Level,2.25,pct_anual,2025-04-28,"BCE, ECB Data Portal, dataset FM",https://data.ecb.europa.eu/data/datasets/FM,2026-09-16,,,n/a,nivel,media_ponderada_volumen,serie FM.D.U2.EUR.4F.KR.DFR.LEV
Zona euro (referencia),liquidez_banco_central,tipo_facilidad_deposito_BCE | Deposit facility - date of changes (raw data) - Level,2.25,pct_anual,2025-04-29,"BCE, ECB Data Portal, dataset FM",https://data.ecb.europa.eu/data/datasets/FM,2026-09-16,,,n/a,nivel,media_ponderada_volumen,serie FM.D.U2.EUR.4F.KR.DFR.LEV
Zona euro (referencia),liquidez_banco_central,tipo_facilidad_deposito_BCE | Deposit facility - date of changes (raw data) - Level,2.25,pct_anual,2025-04-30,"BCE, ECB Data Portal, dataset FM",https://data.ecb.europa.eu/data/datasets/FM,2026-09-16,,,n/a,nivel,media_ponderada_volumen,serie FM.D.U2.EUR.4F.KR.DFR.LEV
Zona euro (referencia),liquidez_banco_central,tipo_facilidad_deposito_BCE | Deposit facility - date of changes (raw data) - Level,2.25,pct_anual,2025-05-01,"BCE, ECB Data Portal, dataset FM",https://data.ecb.europa.eu/data/datasets/FM,2026-09-16,,,n/a,nivel,media_ponderada_volumen,serie FM.D.U2.EUR.4F.KR.DFR.LEV
Zona euro (referencia),liquidez_banco_central,tipo_facilidad_deposito_BCE | Deposit facility - date of changes (raw data) - Level,2.25,pct_anual,2025-05-02,"BCE, ECB Data Portal, dataset FM",https://data.ecb.europa.eu/data/datasets/FM,2026-09-16,,,n/a,nivel,media_ponderada_volumen,serie FM.D.U2.EUR.4F.KR.DFR.LEV
Zona euro (referencia),liquidez_banco_central,tipo_facilidad_deposito_BCE | Deposit facility - date of changes (raw data) - Level,2.25,pct_anual,2025-05-03,"BCE, ECB Data Portal, dataset FM",https://data.ecb.europa.eu/data/datasets/FM,2026-09-16,,,n/a,nivel,media_ponderada_volumen,serie FM.D.U2.EUR.4F.KR.DFR.LEV
Zona euro (referencia),liquidez_banco_central,tipo_facilidad_deposito_BCE | Deposit facility - date of changes (raw data) - Level,2.25,pct_anual,2025-05-04,"BCE, ECB Data Portal, dataset FM",https://data.ecb.europa.eu/data/datasets/FM,2026-09-16,,,n/a,nivel,media_ponderada_volumen,serie FM.D.U2.EUR.4F.KR.DFR.LEV
Zona euro (referencia),liquidez_banco_central,tipo_facilidad_deposito_BCE | Deposit facility - date of changes (raw data) - Level,2.25,pct_anual,2025-05-05,"BCE, ECB Data Portal, dataset FM",https://data.ecb.europa.eu/data/datasets/FM,2026-09-16,,,n/a,nivel,media_ponderada_volumen,serie FM.D.U2.EUR.4F.KR.DFR.LEV
Zona euro (referencia),liquidez_banco_central,tipo_facilidad_deposito_BCE | Deposit facility - date of changes (raw data) - Level,2.25,pct_anual,2025-05-06,"BCE, ECB Data Portal, dataset FM",https://data.ecb.europa.eu/data/datasets/FM,2026-09-16,,,n/a,nivel,media_ponderada_volumen,serie FM.D.U2.EUR.4F.KR.DFR.LEV
Zona euro (referencia),liquidez_banco_central,tipo_facilidad_deposito_BCE | Deposit facility - date of changes (raw data) - Level,2.25,pct_anual,2025-05-07,"BCE, ECB Data Portal, dataset FM",https://data.ecb.europa.eu/data/datasets/FM,2026-09-16,,,n/a,nivel,media_ponderada_volumen,serie FM.D.U2.EUR.4F.KR.DFR.LEV
Zona euro (referencia),liquidez_banco_central,tipo_facilidad_deposito_BCE | Deposit facility - date of changes (raw data) - Level,2.25,pct_anual,2025-05-08,"BCE, ECB Data Portal, dataset FM",https://data.ecb.europa.eu/data/datasets/FM,2026-09-16,,,n/a,nivel,media_ponderada_volumen,serie FM.D.U2.EUR.4F.KR.DFR.LEV
Zona euro (referencia),liquidez_banco_central,tipo_facilidad_deposito_BCE | Deposit facility - date of changes (raw data) - Level,2.25,pct_anual,2025-05-09,"BCE, ECB Data Portal, dataset FM",https://data.ecb.europa.eu/data/datasets/FM,2026-09-16,,,n/a,nivel,media_ponderada_volumen,serie FM.D.U2.EUR.4F.KR.DFR.LEV
Zona euro (referencia),liquidez_banco_central,tipo_facilidad_deposito_BCE | Deposit facility - date of changes (raw data) - Level,2.25,pct_anual,2025-05-10,"BCE, ECB Data Portal, dataset FM",https://data.ecb.europa.eu/data/datasets/FM,2026-09-16,,,n/a,nivel,media_ponderada_volumen,serie FM.D.U2.EUR.4F.KR.DFR.LEV
Zona euro (referencia),liquidez_banco_central,tipo_facilidad_deposito_BCE | Deposit facility - date of changes (raw data) - Level,2.25,pct_anual,2025-05-11,"BCE, ECB Data Portal, dataset FM",https://data.ecb.europa.eu/data/datasets/FM,2026-09-16,,,n/a,nivel,media_ponderada_volumen,serie FM.D.U2.EUR.4F.KR.DFR.LEV
Zona euro (referencia),liquidez_banco_central,tipo_facilidad_deposito_BCE | Deposit facility - date of changes (raw data) - Level,2.25,pct_anual,2025-05-12,"BCE, ECB Data Portal, dataset FM",https://data.ecb.europa.eu/data/datasets/FM,2026-09-16,,,n/a,nivel,media_ponderada_volumen,serie FM.D.U2.EUR.4F.KR.DFR.LEV
Zona euro (referencia),liquidez_banco_central,tipo_facilidad_deposito_BCE | Deposit facility - date of changes (raw data) - Level,2.25,pct_anual,2025-05-13,"BCE, ECB Data Portal, dataset FM",https://data.ecb.europa.eu/data/datasets/FM,2026-09-16,,,n/a,nivel,media_ponderada_volumen,serie FM.D.U2.EUR.4F.KR.DFR.LEV
Zona euro (referencia),liquidez_banco_central,tipo_facilidad_deposito_BCE | Deposit facility - date of changes (raw data) - Level,2.25,pct_anual,2025-05-14,"BCE, ECB Data Portal, dataset FM",https://data.ecb.europa.eu/data/datasets/FM,2026-09-16,,,n/a,nivel,media_ponderada_volumen,serie FM.D.U2.EUR.4F.KR.DFR.LEV
Zona euro (referencia),liquidez_banco_central,tipo_facilidad_deposito_BCE | Deposit facility - date of changes (raw data) - Level,2.25,pct_anual,2025-05-15,"BCE, ECB Data Portal, dataset FM",https://data.ecb.europa.eu/data/datasets/FM,2026-09-16,,,n/a,nivel,media_ponderada_volumen,serie FM.D.U2.EUR.4F.KR.DFR.LEV
Zona euro (referencia),liquidez_banco_central,tipo_facilidad_deposito_BCE | Deposit facility - date of changes (raw data) - Level,2.25,pct_anual,2025-05-16,"BCE, ECB Data Portal, dataset FM",https://data.ecb.europa.eu/data/datasets/FM,2026-09-16,,,n/a,nivel,media_ponderada_volumen,serie FM.D.U2.EUR.4F.KR.DFR.LEV
Zona euro (referencia),liquidez_banco_central,tipo_facilidad_deposito_BCE | Deposit facility - date of changes (raw data) - Level,2.25,pct_anual,2025-05-17,"BCE, ECB Data Portal, dataset FM",https://data.ecb.europa.eu/data/datasets/FM,2026-09-16,,,n/a,nivel,media_ponderada_volumen,serie FM.D.U2.EUR.4F.KR.DFR.LEV
Zona euro (referencia),liquidez_banco_central,tipo_facilidad_deposito_BCE | Deposit facility - date of changes (raw data) - Level,2.25,pct_anual,2025-05-18,"BCE, ECB Data Portal, dataset FM",https://data.ecb.europa.eu/data/datasets/FM,2026-09-16,,,n/a,nivel,media_ponderada_volumen,serie FM.D.U2.EUR.4F.KR.DFR.LEV
Zona euro (referencia),liquidez_banco_central,tipo_facilidad_deposito_BCE | Deposit facility - date of changes (raw data) - Level,2.25,pct_anual,2025-05-19,"BCE, ECB Data Portal, dataset FM",https://data.ecb.europa.eu/data/datasets/FM,2026-09-16,,,n/a,nivel,media_ponderada_volumen,serie FM.D.U2.EUR.4F.KR.DFR.LEV
Zona euro (referencia),liquidez_banco_central,tipo_facilidad_deposito_BCE | Deposit facility - date of changes (raw data) - Level,2.25,pct_anual,2025-05-20,"BCE, ECB Data Portal, dataset FM",https://data.ecb.europa.eu/data/datasets/FM,2026-09-16,,,n/a,nivel,media_ponderada_volumen,serie FM.D.U2.EUR.4F.KR.DFR.LEV
Zona euro (referencia),liquidez_banco_central,tipo_facilidad_deposito_BCE | Deposit facility - date of changes (raw data) - Level,2.25,pct_anual,2025-05-21,"BCE, ECB Data Portal, dataset FM",https://data.ecb.europa.eu/data/datasets/FM,2026-09-16,,,n/a,nivel,media_ponderada_volumen,serie FM.D.U2.EUR.4F.KR.DFR.LEV
Zona euro (referencia),liquidez_banco_central,tipo_facilidad_deposito_BCE | Deposit facility - date of changes (raw data) - Level,2.25,pct_anual,2025-05-22,"BCE, ECB Data Portal, dataset FM",https://data.ecb.europa.eu/data/datasets/FM,2026-09-16,,,n/a,nivel,media_ponderada_volumen,serie FM.D.U2.EUR.4F.KR.DFR.LEV
Zona euro (referencia),liquidez_banco_central,tipo_facilidad_deposito_BCE | Deposit facility - date of changes (raw data) - Level,2.25,pct_anual,2025-05-23,"BCE, ECB Data Portal, dataset FM",https://data.ecb.europa.eu/data/datasets/FM,2026-09-16,,,n/a,nivel,media_ponderada_volumen,serie FM.D.U2.EUR.4F.KR.DFR.LEV
Zona euro (referencia),liquidez_banco_central,tipo_facilidad_deposito_BCE | Deposit facility - date of changes (raw data) - Level,2.25,pct_anual,2025-05-24,"BCE, ECB Data Portal, dataset FM",https://data.ecb.europa.eu/data/datasets/FM,2026-09-16,,,n/a,nivel,media_ponderada_volumen,serie FM.D.U2.EUR.4F.KR.DFR.LEV
Zona euro (referencia),liquidez_banco_central,tipo_facilidad_deposito_BCE | Deposit facility - date of changes (raw data) - Level,2.25,pct_anual,2025-05-25,"BCE, ECB Data Portal, dataset FM",https://data.ecb.europa.eu/data/datasets/FM,2026-09-16,,,n/a,nivel,media_ponderada_volumen,serie FM.D.U2.EUR.4F.KR.DFR.LEV
Zona euro (referencia),liquidez_banco_central,tipo_facilidad_deposito_BCE | Deposit facility - date of changes (raw data) - Level,2.25,pct_anual,2025-05-26,"BCE, ECB Data Portal, dataset FM",https://data.ecb.europa.eu/data/datasets/FM,2026-09-16,,,n/a,nivel,media_ponderada_volumen,serie FM.D.U2.EUR.4F.KR.DFR.LEV
Zona euro (referencia),liquidez_banco_central,tipo_facilidad_deposito_BCE | Deposit facility - date of changes (raw data) - Level,2.25,pct_anual,2025-05-27,"BCE, ECB Data Portal, dataset FM",https://data.ecb.europa.eu/data/datasets/FM,2026-09-16,,,n/a,nivel,media_ponderada_volumen,serie FM.D.U2.EUR.4F.KR.DFR.LEV
Zona euro (referencia),liquidez_banco_central,tipo_facilidad_deposito_BCE | Deposit facility - date of changes (raw data) - Level,2.25,pct_anual,2025-05-28,"BCE, ECB Data Portal, dataset FM",https://data.ecb.europa.eu/data/datasets/FM,2026-09-16,,,n/a,nivel,media_ponderada_volumen,serie FM.D.U2.EUR.4F.KR.DFR.LEV
Zona euro (referencia),liquidez_banco_central,tipo_facilidad_deposito_BCE | Deposit facility - date of changes (raw data) - Level,2.25,pct_anual,2025-05-29,"BCE, ECB Data Portal, dataset FM",https://data.ecb.europa.eu/data/datasets/FM,2026-09-16,,,n/a,nivel,media_ponderada_volumen,serie FM.D.U2.EUR.4F.KR.DFR.LEV
Zona euro (referencia),liquidez_banco_central,tipo_facilidad_deposito_BCE | Deposit facility - date of changes (raw data) - Level,2.25,pct_anual,2025-05-30,"BCE, ECB Data Portal, dataset FM",https://data.ecb.europa.eu/data/datasets/FM,2026-09-16,,,n/a,nivel,media_ponderada_volumen,serie FM.D.U2.EUR.4F.KR.DFR.LEV
Zona euro (referencia),liquidez_banco_central,tipo_facilidad_deposito_BCE | Deposit facility - date of changes (raw data) - Level,2.25,pct_anual,2025-05-31,"BCE, ECB Data Portal, dataset FM",https://data.ecb.europa.eu/data/datasets/FM,2026-09-16,,,n/a,nivel,media_ponderada_volumen,serie FM.D.U2.EUR.4F.KR.DFR.LEV
Zona euro (referencia),liquidez_banco_central,tipo_facilidad_deposito_BCE | Deposit facility - date of changes (raw data) - Level,2.25,pct_anual,2025-06-01,"BCE, ECB Data Portal, dataset FM",https://data.ecb.europa.eu/data/datasets/FM,2026-09-16,,,n/a,nivel,media_ponderada_volumen,serie FM.D.U2.EUR.4F.KR.DFR.LEV
Zona euro (referencia),liquidez_banco_central,tipo_facilidad_deposito_BCE | Deposit facility - date of changes (raw data) - Level,2.25,pct_anual,2025-06-02,"BCE, ECB Data Portal, dataset FM",https://data.ecb.europa.eu/data/datasets/FM,2026-09-16,,,n/a,nivel,media_ponderada_volumen,serie FM.D.U2.EUR.4F.KR.DFR.LEV
Zona euro (referencia),liquidez_banco_central,tipo_facilidad_deposito_BCE | Deposit facility - date of changes (raw data) - Level,2.25,pct_anual,2025-06-03,"BCE, ECB Data Portal, dataset FM",https://data.ecb.europa.eu/data/datasets/FM,2026-09-16,,,n/a,nivel,media_ponderada_volumen,serie FM.D.U2.EUR.4F.KR.DFR.LEV
Zona euro (referencia),liquidez_banco_central,tipo_facilidad_deposito_BCE | Deposit facility - date of changes (raw data) - Level,2.25,pct_anual,2025-06-04,"BCE, ECB Data Portal, dataset FM",https://data.ecb.europa.eu/data/datasets/FM,2026-09-16,,,n/a,nivel,media_ponderada_volumen,serie FM.D.U2.EUR.4F.KR.DFR.LEV
Zona euro (referencia),liquidez_banco_central,tipo_facilidad_deposito_BCE | Deposit facility - date of changes (raw data) - Level,2.25,pct_anual,2025-06-05,"BCE, ECB Data Portal, dataset FM",https://data.ecb.europa.eu/data/datasets/FM,2026-09-16,,,n/a,nivel,media_ponderada_volumen,serie FM.D.U2.EUR.4F.KR.DFR.LEV
Zona euro (referencia),liquidez_banco_central,tipo_facilidad_deposito_BCE | Deposit facility - date of changes (raw data) - Level,2.25,pct_anual,2025-06-06,"BCE, ECB Data Portal, dataset FM",https://data.ecb.europa.eu/data/datasets/FM,2026-09-16,,,n/a,nivel,media_ponderada_volumen,serie FM.D.U2.EUR.4F.KR.DFR.LEV
Zona euro (referencia),liquidez_banco_central,tipo_facilidad_deposito_BCE | Deposit facility - date of changes (raw data) - Level,2.25,pct_anual,2025-06-07,"BCE, ECB Data Portal, dataset FM",https://data.ecb.europa.eu/data/datasets/FM,2026-09-16,,,n/a,nivel,media_ponderada_volumen,serie FM.D.U2.EUR.4F.KR.DFR.LEV
Zona euro (referencia),liquidez_banco_central,tipo_facilidad_deposito_BCE | Deposit facility - date of changes (raw data) - Level,2.25,pct_anual,2025-06-08,"BCE, ECB Data Portal, dataset FM",https://data.ecb.europa.eu/data/datasets/FM,2026-09-16,,,n/a,nivel,media_ponderada_volumen,serie FM.D.U2.EUR.4F.KR.DFR.LEV
Zona euro (referencia),liquidez_banco_central,tipo_facilidad_deposito_BCE | Deposit facility - date of changes (raw data) - Level,2.25,pct_anual,2025-06-09,"BCE, ECB Data Portal, dataset FM",https://data.ecb.europa.eu/data/datasets/FM,2026-09-16,,,n/a,nivel,media_ponderada_volumen,serie FM.D.U2.EUR.4F.KR.DFR.LEV
Zona euro (referencia),liquidez_banco_central,tipo_facilidad_deposito_BCE | Deposit facility - date of changes (raw data) - Level,2.25,pct_anual,2025-06-10,"BCE, ECB Data Portal, dataset FM",https://data.ecb.europa.eu/data/datasets/FM,2026-09-16,,,n/a,nivel,media_ponderada_volumen,serie FM.D.U2.EUR.4F.KR.DFR.LEV
Zona euro (referencia),liquidez_banco_central,tipo_facilidad_deposito_BCE | Deposit facility - date of changes (raw data) - Level,2,pct_anual,2025-06-11,"BCE, ECB Data Portal, dataset FM",https://data.ecb.europa.eu/data/datasets/FM,2026-09-16,,,n/a,nivel,media_ponderada_volumen,serie FM.D.U2.EUR.4F.KR.DFR.LEV
Zona euro (referencia),liquidez_banco_central,tipo_facilidad_deposito_BCE | Deposit facility - date of changes (raw data) - Level,2,pct_anual,2025-06-12,"BCE, ECB Data Portal, dataset FM",https://data.ecb.europa.eu/data/datasets/FM,2026-09-16,,,n/a,nivel,media_ponderada_volumen,serie FM.D.U2.EUR.4F.KR.DFR.LEV
Zona euro (referencia),liquidez_banco_central,tipo_facilidad_deposito_BCE | Deposit facility - date of changes (raw data) - Level,2,pct_anual,2025-06-13,"BCE, ECB Data Portal, dataset FM",https://data.ecb.europa.eu/data/datasets/FM,2026-09-16,,,n/a,nivel,media_ponderada_volumen,serie FM.D.U2.EUR.4F.KR.DFR.LEV
Zona euro (referencia),liquidez_banco_central,tipo_facilidad_deposito_BCE | Deposit facility - date of changes (raw data) - Level,2,pct_anual,2025-06-14,"BCE, ECB Data Portal, dataset FM",https://data.ecb.europa.eu/data/datasets/FM,2026-09-16,,,n/a,nivel,media_ponderada_volumen,serie FM.D.U2.EUR.4F.KR.DFR.LEV
Zona euro (referencia),liquidez_banco_central,tipo_facilidad_deposito_BCE | Deposit facility - date of changes (raw data) - Level,2,pct_anual,2025-06-15,"BCE, ECB Data Portal, dataset FM",https://data.ecb.europa.eu/data/datasets/FM,2026-09-16,,,n/a,nivel,media_ponderada_volumen,serie FM.D.U2.EUR.4F.KR.DFR.LEV
Zona euro (referencia),liquidez_banco_central,tipo_facilidad_deposito_BCE | Deposit facility - date of changes (raw data) - Level,2,pct_anual,2025-06-16,"BCE, ECB Data Portal, dataset FM",https://data.ecb.europa.eu/data/datasets/FM,2026-09-16,,,n/a,nivel,media_ponderada_volumen,serie FM.D.U2.EUR.4F.KR.DFR.LEV
Zona euro (referencia),liquidez_banco_central,tipo_facilidad_deposito_BCE | Deposit facility - date of changes (raw data) - Level,2,pct_anual,2025-06-17,"BCE, ECB Data Portal, dataset FM",https://data.ecb.europa.eu/data/datasets/FM,2026-09-16,,,n/a,nivel,media_ponderada_volumen,serie FM.D.U2.EUR.4F.KR.DFR.LEV
Zona euro (referencia),liquidez_banco_central,tipo_facilidad_deposito_BCE | Deposit facility - date of changes (raw data) - Level,2,pct_anual,2025-06-18,"BCE, ECB Data Portal, dataset FM",https://data.ecb.europa.eu/data/datasets/FM,2026-09-16,,,n/a,nivel,media_ponderada_volumen,serie FM.D.U2.EUR.4F.KR.DFR.LEV
Zona euro (referencia),liquidez_banco_central,tipo_facilidad_deposito_BCE | Deposit facility - date of changes (raw data) - Level,2,pct_anual,2025-06-19,"BCE, ECB Data Portal, dataset FM",https://data.ecb.europa.eu/data/datasets/FM,2026-09-16,,,n/a,nivel,media_ponderada_volumen,serie FM.D.U2.EUR.4F.KR.DFR.LEV
Zona euro (referencia),liquidez_banco_central,tipo_facilidad_deposito_BCE | Deposit facility - date of changes (raw data) - Level,2,pct_anual,2025-06-20,"BCE, ECB Data Portal, dataset FM",https://data.ecb.europa.eu/data/datasets/FM,2026-09-16,,,n/a,nivel,media_ponderada_volumen,serie FM.D.U2.EUR.4F.KR.DFR.LEV
Zona euro (referencia),liquidez_banco_central,tipo_facilidad_deposito_BCE | Deposit facility - date of changes (raw data) - Level,2,pct_anual,2025-06-21,"BCE, ECB Data Portal, dataset FM",https://data.ecb.europa.eu/data/datasets/FM,2026-09-16,,,n/a,nivel,media_ponderada_volumen,serie FM.D.U2.EUR.4F.KR.DFR.LEV
Zona euro (referencia),liquidez_banco_central,tipo_facilidad_deposito_BCE | Deposit facility - date of changes (raw data) - Level,2,pct_anual,2025-06-22,"BCE, ECB Data Portal, dataset FM",https://data.ecb.europa.eu/data/datasets/FM,2026-09-16,,,n/a,nivel,media_ponderada_volumen,serie FM.D.U2.EUR.4F.KR.DFR.LEV
Zona euro (referencia),liquidez_banco_central,tipo_facilidad_deposito_BCE | Deposit facility - date of changes (raw data) - Level,2,pct_anual,2025-06-23,"BCE, ECB Data Portal, dataset FM",https://data.ecb.europa.eu/data/datasets/FM,2026-09-16,,,n/a,nivel,media_ponderada_volumen,serie FM.D.U2.EUR.4F.KR.DFR.LEV
Zona euro (referencia),liquidez_banco_central,tipo_facilidad_deposito_BCE | Deposit facility - date of changes (raw data) - Level,2,pct_anual,2025-06-24,"BCE, ECB Data Portal, dataset FM",https://data.ecb.europa.eu/data/datasets/FM,2026-09-16,,,n/a,nivel,media_ponderada_volumen,serie FM.D.U2.EUR.4F.KR.DFR.LEV
Zona euro (referencia),liquidez_banco_central,tipo_facilidad_deposito_BCE | Deposit facility - date of changes (raw data) - Level,2,pct_anual,2025-06-25,"BCE, ECB Data Portal, dataset FM",https://data.ecb.europa.eu/data/datasets/FM,2026-09-16,,,n/a,nivel,media_ponderada_volumen,serie FM.D.U2.EUR.4F.KR.DFR.LEV
Zona euro (referencia),liquidez_banco_central,tipo_facilidad_deposito_BCE | Deposit facility - date of changes (raw data) - Level,2,pct_anual,2025-06-26,"BCE, ECB Data Portal, dataset FM",https://data.ecb.europa.eu/data/datasets/FM,2026-09-16,,,n/a,nivel,media_ponderada_volumen,serie FM.D.U2.EUR.4F.KR.DFR.LEV
Zona euro (referencia),liquidez_banco_central,tipo_facilidad_deposito_BCE | Deposit facility - date of changes (raw data) - Level,2,pct_anual,2025-06-27,"BCE, ECB Data Portal, dataset FM",https://data.ecb.europa.eu/data/datasets/FM,2026-09-16,,,n/a,nivel,media_ponderada_volumen,serie FM.D.U2.EUR.4F.KR.DFR.LEV
Zona euro (referencia),liquidez_banco_central,tipo_facilidad_deposito_BCE | Deposit facility - date of changes (raw data) - Level,2,pct_anual,2025-06-28,"BCE, ECB Data Portal, dataset FM",https://data.ecb.europa.eu/data/datasets/FM,2026-09-16,,,n/a,nivel,media_ponderada_volumen,serie FM.D.U2.EUR.4F.KR.DFR.LEV
Zona euro (referencia),liquidez_banco_central,tipo_facilidad_deposito_BCE | Deposit facility - date of changes (raw data) - Level,2,pct_anual,2025-06-29,"BCE, ECB Data Portal, dataset FM",https://data.ecb.europa.eu/data/datasets/FM,2026-09-16,,,n/a,nivel,media_ponderada_volumen,serie FM.D.U2.EUR.4F.KR.DFR.LEV
Zona euro (referencia),liquidez_banco_central,tipo_facilidad_deposito_BCE | Deposit facility - date of changes (raw data) - Level,2,pct_anual,2025-06-30,"BCE, ECB Data Portal, dataset FM",https://data.ecb.europa.eu/data/datasets/FM,2026-09-16,,,n/a,nivel,media_ponderada_volumen,serie FM.D.U2.EUR.4F.KR.DFR.LEV
Zona euro (referencia),liquidez_banco_central,tipo_facilidad_deposito_BCE | Deposit facility - date of changes (raw data) - Level,2,pct_anual,2025-07-01,"BCE, ECB Data Portal, dataset FM",https://data.ecb.europa.eu/data/datasets/FM,2026-09-16,,,n/a,nivel,media_ponderada_volumen,serie FM.D.U2.EUR.4F.KR.DFR.LEV
Zona euro (referencia),liquidez_banco_central,tipo_facilidad_deposito_BCE | Deposit facility - date of changes (raw data) - Level,2,pct_anual,2025-07-02,"BCE, ECB Data Portal, dataset FM",https://data.ecb.europa.eu/data/datasets/FM,2026-09-16,,,n/a,nivel,media_ponderada_volumen,serie FM.D.U2.EUR.4F.KR.DFR.LEV
Zona euro (referencia),liquidez_banco_central,tipo_facilidad_deposito_BCE | Deposit facility - date of changes (raw data) - Level,2,pct_anual,2025-07-03,"BCE, ECB Data Portal, dataset FM",https://data.ecb.europa.eu/data/datasets/FM,2026-09-16,,,n/a,nivel,media_ponderada_volumen,serie FM.D.U2.EUR.4F.KR.DFR.LEV
Zona euro (referencia),liquidez_banco_central,tipo_facilidad_deposito_BCE | Deposit facility - date of changes (raw data) - Level,2,pct_anual,2025-07-04,"BCE, ECB Data Portal, dataset FM",https://data.ecb.europa.eu/data/datasets/FM,2026-09-16,,,n/a,nivel,media_ponderada_volumen,serie FM.D.U2.EUR.4F.KR.DFR.LEV
Zona euro (referencia),liquidez_banco_central,tipo_facilidad_deposito_BCE | Deposit facility - date of changes (raw data) - Level,2,pct_anual,2025-07-05,"BCE, ECB Data Portal, dataset FM",https://data.ecb.europa.eu/data/datasets/FM,2026-09-16,,,n/a,nivel,media_ponderada_volumen,serie FM.D.U2.EUR.4F.KR.DFR.LEV
Zona euro (referencia),liquidez_banco_central,tipo_facilidad_deposito_BCE | Deposit facility - date of changes (raw data) - Level,2,pct_anual,2025-07-06,"BCE, ECB Data Portal, dataset FM",https://data.ecb.europa.eu/data/datasets/FM,2026-09-16,,,n/a,nivel,media_ponderada_volumen,serie FM.D.U2.EUR.4F.KR.DFR.LEV
Zona euro (referencia),liquidez_banco_central,tipo_facilidad_deposito_BCE | Deposit facility - date of changes (raw data) - Level,2,pct_anual,2025-07-07,"BCE, ECB Data Portal, dataset FM",https://data.ecb.europa.eu/data/datasets/FM,2026-09-16,,,n/a,nivel,media_ponderada_volumen,serie FM.D.U2.EUR.4F.KR.DFR.LEV
Zona euro (referencia),liquidez_banco_central,tipo_facilidad_deposito_BCE | Deposit facility - date of changes (raw data) - Level,2,pct_anual,2025-07-08,"BCE, ECB Data Portal, dataset FM",https://data.ecb.europa.eu/data/datasets/FM,2026-09-16,,,n/a,nivel,media_ponderada_volumen,serie FM.D.U2.EUR.4F.KR.DFR.LEV
Zona euro (referencia),liquidez_banco_central,tipo_facilidad_deposito_BCE | Deposit facility - date of changes (raw data) - Level,2,pct_anual,2025-07-09,"BCE, ECB Data Portal, dataset FM",https://data.ecb.europa.eu/data/datasets/FM,2026-09-16,,,n/a,nivel,media_ponderada_volumen,serie FM.D.U2.EUR.4F.KR.DFR.LEV
Zona euro (referencia),liquidez_banco_central,tipo_facilidad_deposito_BCE | Deposit facility - date of changes (raw data) - Level,2,pct_anual,2025-07-10,"BCE, ECB Data Portal, dataset FM",https://data.ecb.europa.eu/data/datasets/FM,2026-09-16,,,n/a,nivel,media_ponderada_volumen,serie FM.D.U2.EUR.4F.KR.DFR.LEV
Zona euro (referencia),liquidez_banco_central,tipo_facilidad_deposito_BCE | Deposit facility - date of changes (raw data) - Level,2,pct_anual,2025-07-11,"BCE, ECB Data Portal, dataset FM",https://data.ecb.europa.eu/data/datasets/FM,2026-09-16,,,n/a,nivel,media_ponderada_volumen,serie FM.D.U2.EUR.4F.KR.DFR.LEV
Zona euro (referencia),liquidez_banco_central,tipo_facilidad_deposito_BCE | Deposit facility - date of changes (raw data) - Level,2,pct_anual,2025-07-12,"BCE, ECB Data Portal, dataset FM",https://data.ecb.europa.eu/data/datasets/FM,2026-09-16,,,n/a,nivel,media_ponderada_volumen,serie FM.D.U2.EUR.4F.KR.DFR.LEV
Zona euro (referencia),liquidez_banco_central,tipo_facilidad_deposito_BCE | Deposit facility - date of changes (raw data) - Level,2,pct_anual,2025-07-13,"BCE, ECB Data Portal, dataset FM",https://data.ecb.europa.eu/data/datasets/FM,2026-09-16,,,n/a,nivel,media_ponderada_volumen,serie FM.D.U2.EUR.4F.KR.DFR.LEV
Zona euro (referencia),liquidez_banco_central,tipo_facilidad_deposito_BCE | Deposit facility - date of changes (raw data) - Level,2,pct_anual,2025-07-14,"BCE, ECB Data Portal, dataset FM",https://data.ecb.europa.eu/data/datasets/FM,2026-09-16,,,n/a,nivel,media_ponderada_volumen,serie FM.D.U2.EUR.4F.KR.DFR.LEV
Zona euro (referencia),liquidez_banco_central,tipo_facilidad_deposito_BCE | Deposit facility - date of changes (raw data) - Level,2,pct_anual,2025-07-15,"BCE, ECB Data Portal, dataset FM",https://data.ecb.europa.eu/data/datasets/FM,2026-09-16,,,n/a,nivel,media_ponderada_volumen,serie FM.D.U2.EUR.4F.KR.DFR.LEV
Zona euro (referencia),liquidez_banco_central,tipo_facilidad_deposito_BCE | Deposit facility - date of changes (raw data) - Level,2,pct_anual,2025-07-16,"BCE, ECB Data Portal, dataset FM",https://data.ecb.europa.eu/data/datasets/FM,2026-09-16,,,n/a,nivel,media_ponderada_volumen,serie FM.D.U2.EUR.4F.KR.DFR.LEV
Zona euro (referencia),liquidez_banco_central,tipo_facilidad_deposito_BCE | Deposit facility - date of changes (raw data) - Level,2,pct_anual,2025-07-17,"BCE, ECB Data Portal, dataset FM",https://data.ecb.europa.eu/data/datasets/FM,2026-09-16,,,n/a,nivel,media_ponderada_volumen,serie FM.D.U2.EUR.4F.KR.DFR.LEV
Zona euro (referencia),liquidez_banco_central,tipo_facilidad_deposito_BCE | Deposit facility - date of changes (raw data) - Level,2,pct_anual,2025-07-18,"BCE, ECB Data Portal, dataset FM",https://data.ecb.europa.eu/data/datasets/FM,2026-09-16,,,n/a,nivel,media_ponderada_volumen,serie FM.D.U2.EUR.4F.KR.DFR.LEV
Zona euro (referencia),liquidez_banco_central,tipo_facilidad_deposito_BCE | Deposit facility - date of changes (raw data) - Level,2,pct_anual,2025-07-19,"BCE, ECB Data Portal, dataset FM",https://data.ecb.europa.eu/data/datasets/FM,2026-09-16,,,n/a,nivel,media_ponderada_volumen,serie FM.D.U2.EUR.4F.KR.DFR.LEV
Zona euro (referencia),liquidez_banco_central,tipo_facilidad_deposito_BCE | Deposit facility - date of changes (raw data) - Level,2,pct_anual,2025-07-20,"BCE, ECB Data Portal, dataset FM",https://data.ecb.europa.eu/data/datasets/FM,2026-09-16,,,n/a,nivel,media_ponderada_volumen,serie FM.D.U2.EUR.4F.KR.DFR.LEV
Zona euro (referencia),liquidez_banco_central,tipo_facilidad_deposito_BCE | Deposit facility - date of changes (raw data) - Level,2,pct_anual,2025-07-21,"BCE, ECB Data Portal, dataset FM",https://data.ecb.europa.eu/data/datasets/FM,2026-09-16,,,n/a,nivel,media_ponderada_volumen,serie FM.D.U2.EUR.4F.KR.DFR.LEV
Zona euro (referencia),liquidez_banco_central,tipo_facilidad_deposito_BCE | Deposit facility - date of changes (raw data) - Level,2,pct_anual,2025-07-22,"BCE, ECB Data Portal, dataset FM",https://data.ecb.europa.eu/data/datasets/FM,2026-09-16,,,n/a,nivel,media_ponderada_volumen,serie FM.D.U2.EUR.4F.KR.DFR.LEV
Zona euro (referencia),liquidez_banco_central,tipo_facilidad_deposito_BCE | Deposit facility - date of changes (raw data) - Level,2,pct_anual,2025-07-23,"BCE, ECB Data Portal, dataset FM",https://data.ecb.europa.eu/data/datasets/FM,2026-09-16,,,n/a,nivel,media_ponderada_volumen,serie FM.D.U2.EUR.4F.KR.DFR.LEV
Zona euro (referencia),liquidez_banco_central,tipo_facilidad_deposito_BCE | Deposit facility - date of changes (raw data) - Level,2,pct_anual,2025-07-24,"BCE, ECB Data Portal, dataset FM",https://data.ecb.europa.eu/data/datasets/FM,2026-09-16,,,n/a,nivel,media_ponderada_volumen,serie FM.D.U2.EUR.4F.KR.DFR.LEV
Zona euro (referencia),liquidez_banco_central,tipo_facilidad_deposito_BCE | Deposit facility - date of changes (raw data) - Level,2,pct_anual,2025-07-25,"BCE, ECB Data Portal, dataset FM",https://data.ecb.europa.eu/data/datasets/FM,2026-09-16,,,n/a,nivel,media_ponderada_volumen,serie FM.D.U2.EUR.4F.KR.DFR.LEV
Zona euro (referencia),liquidez_banco_central,tipo_facilidad_deposito_BCE | Deposit facility - date of changes (raw data) - Level,2,pct_anual,2025-07-26,"BCE, ECB Data Portal, dataset FM",https://data.ecb.europa.eu/data/datasets/FM,2026-09-16,,,n/a,nivel,media_ponderada_volumen,serie FM.D.U2.EUR.4F.KR.DFR.LEV
Zona euro (referencia),liquidez_banco_central,tipo_facilidad_deposito_BCE | Deposit facility - date of changes (raw data) - Level,2,pct_anual,2025-07-27,"BCE, ECB Data Portal, dataset FM",https://data.ecb.europa.eu/data/datasets/FM,2026-09-16,,,n/a,nivel,media_ponderada_volumen,serie FM.D.U2.EUR.4F.KR.DFR.LEV
Zona euro (referencia),liquidez_banco_central,tipo_facilidad_deposito_BCE | Deposit facility - date of changes (raw data) - Level,2,pct_anual,2025-07-28,"BCE, ECB Data Portal, dataset FM",https://data.ecb.europa.eu/data/datasets/FM,2026-09-16,,,n/a,nivel,media_ponderada_volumen,serie FM.D.U2.EUR.4F.KR.DFR.LEV
Zona euro (referencia),liquidez_banco_central,tipo_facilidad_deposito_BCE | Deposit facility - date of changes (raw data) - Level,2,pct_anual,2025-07-29,"BCE, ECB Data Portal, dataset FM",https://data.ecb.europa.eu/data/datasets/FM,2026-09-16,,,n/a,nivel,media_ponderada_volumen,serie FM.D.U2.EUR.4F.KR.DFR.LEV
Zona euro (referencia),liquidez_banco_central,tipo_facilidad_deposito_BCE | Deposit facility - date of changes (raw data) - Level,2,pct_anual,2025-07-30,"BCE, ECB Data Portal, dataset FM",https://data.ecb.europa.eu/data/datasets/FM,2026-09-16,,,n/a,nivel,media_ponderada_volumen,serie FM.D.U2.EUR.4F.KR.DFR.LEV
Zona euro (referencia),liquidez_banco_central,tipo_facilidad_deposito_BCE | Deposit facility - date of changes (raw data) - Level,2,pct_anual,2025-07-31,"BCE, ECB Data Portal, dataset FM",https://data.ecb.europa.eu/data/datasets/FM,2026-09-16,,,n/a,nivel,media_ponderada_volumen,serie FM.D.U2.EUR.4F.KR.DFR.LEV
Zona euro (referencia),liquidez_banco_central,tipo_facilidad_deposito_BCE | Deposit facility - date of changes (raw data) - Level,2,pct_anual,2025-08-01,"BCE, ECB Data Portal, dataset FM",https://data.ecb.europa.eu/data/datasets/FM,2026-09-16,,,n/a,nivel,media_ponderada_volumen,serie FM.D.U2.EUR.4F.KR.DFR.LEV
Zona euro (referencia),liquidez_banco_central,tipo_facilidad_deposito_BCE | Deposit facility - date of changes (raw data) - Level,2,pct_anual,2025-08-02,"BCE, ECB Data Portal, dataset FM",https://data.ecb.europa.eu/data/datasets/FM,2026-09-16,,,n/a,nivel,media_ponderada_volumen,serie FM.D.U2.EUR.4F.KR.DFR.LEV
Zona euro (referencia),liquidez_banco_central,tipo_facilidad_deposito_BCE | Deposit facility - date of changes (raw data) - Level,2,pct_anual,2025-08-03,"BCE, ECB Data Portal, dataset FM",https://data.ecb.europa.eu/data/datasets/FM,2026-09-16,,,n/a,nivel,media_ponderada_volumen,serie FM.D.U2.EUR.4F.KR.DFR.LEV
Zona euro (referencia),liquidez_banco_central,tipo_facilidad_deposito_BCE | Deposit facility - date of changes (raw data) - Level,2,pct_anual,2025-08-04,"BCE, ECB Data Portal, dataset FM",https://data.ecb.europa.eu/data/datasets/FM,2026-09-16,,,n/a,nivel,media_ponderada_volumen,serie FM.D.U2.EUR.4F.KR.DFR.LEV
Zona euro (referencia),liquidez_banco_central,tipo_facilidad_deposito_BCE | Deposit facility - date of changes (raw data) - Level,2,pct_anual,2025-08-05,"BCE, ECB Data Portal, dataset FM",https://data.ecb.europa.eu/data/datasets/FM,2026-09-16,,,n/a,nivel,media_ponderada_volumen,serie FM.D.U2.EUR.4F.KR.DFR.LEV
Zona euro (referencia),liquidez_banco_central,tipo_facilidad_deposito_BCE | Deposit facility - date of changes (raw data) - Level,2,pct_anual,2025-08-06,"BCE, ECB Data Portal, dataset FM",https://data.ecb.europa.eu/data/datasets/FM,2026-09-16,,,n/a,nivel,media_ponderada_volumen,serie FM.D.U2.EUR.4F.KR.DFR.LEV
Zona euro (referencia),liquidez_banco_central,tipo_facilidad_deposito_BCE | Deposit facility - date of changes (raw data) - Level,2,pct_anual,2025-08-07,"BCE, ECB Data Portal, dataset FM",https://data.ecb.europa.eu/data/datasets/FM,2026-09-16,,,n/a,nivel,media_ponderada_volumen,serie FM.D.U2.EUR.4F.KR.DFR.LEV
Zona euro (referencia),liquidez_banco_central,tipo_facilidad_deposito_BCE | Deposit facility - date of changes (raw data) - Level,2,pct_anual,2025-08-08,"BCE, ECB Data Portal, dataset FM",https://data.ecb.europa.eu/data/datasets/FM,2026-09-16,,,n/a,nivel,media_ponderada_volumen,serie FM.D.U2.EUR.4F.KR.DFR.LEV
Zona euro (referencia),liquidez_banco_central,tipo_facilidad_deposito_BCE | Deposit facility - date of changes (raw data) - Level,2,pct_anual,2025-08-09,"BCE, ECB Data Portal, dataset FM",https://data.ecb.europa.eu/data/datasets/FM,2026-09-16,,,n/a,nivel,media_ponderada_volumen,serie FM.D.U2.EUR.4F.KR.DFR.LEV
Zona euro (referencia),liquidez_banco_central,tipo_facilidad_deposito_BCE | Deposit facility - date of changes (raw data) - Level,2,pct_anual,2025-08-10,"BCE, ECB Data Portal, dataset FM",https://data.ecb.europa.eu/data/datasets/FM,2026-09-16,,,n/a,nivel,media_ponderada_volumen,serie FM.D.U2.EUR.4F.KR.DFR.LEV
Zona euro (referencia),liquidez_banco_central,tipo_facilidad_deposito_BCE | Deposit facility - date of changes (raw data) - Level,2,pct_anual,2025-08-11,"BCE, ECB Data Portal, dataset FM",https://data.ecb.europa.eu/data/datasets/FM,2026-09-16,,,n/a,nivel,media_ponderada_volumen,serie FM.D.U2.EUR.4F.KR.DFR.LEV
Zona euro (referencia),liquidez_banco_central,tipo_facilidad_deposito_BCE | Deposit facility - date of changes (raw data) - Level,2,pct_anual,2025-08-12,"BCE, ECB Data Portal, dataset FM",https://data.ecb.europa.eu/data/datasets/FM,2026-09-16,,,n/a,nivel,media_ponderada_volumen,serie FM.D.U2.EUR.4F.KR.DFR.LEV
Zona euro (referencia),liquidez_banco_central,tipo_facilidad_deposito_BCE | Deposit facility - date of changes (raw data) - Level,2,pct_anual,2025-08-13,"BCE, ECB Data Portal, dataset FM",https://data.ecb.europa.eu/data/datasets/FM,2026-09-16,,,n/a,nivel,media_ponderada_volumen,serie FM.D.U2.EUR.4F.KR.DFR.LEV
Zona euro (referencia),liquidez_banco_central,tipo_facilidad_deposito_BCE | Deposit facility - date of changes (raw data) - Level,2,pct_anual,2025-08-14,"BCE, ECB Data Portal, dataset FM",https://data.ecb.europa.eu/data/datasets/FM,2026-09-16,,,n/a,nivel,media_ponderada_volumen,serie FM.D.U2.EUR.4F.KR.DFR.LEV
Zona euro (referencia),liquidez_banco_central,tipo_facilidad_deposito_BCE | Deposit facility - date of changes (raw data) - Level,2,pct_anual,2025-08-15,"BCE, ECB Data Portal, dataset FM",https://data.ecb.europa.eu/data/datasets/FM,2026-09-16,,,n/a,nivel,media_ponderada_volumen,serie FM.D.U2.EUR.4F.KR.DFR.LEV
Zona euro (referencia),liquidez_banco_central,tipo_facilidad_deposito_BCE | Deposit facility - date of changes (raw data) - Level,2,pct_anual,2025-08-16,"BCE, ECB Data Portal, dataset FM",https://data.ecb.europa.eu/data/datasets/FM,2026-09-16,,,n/a,nivel,media_ponderada_volumen,serie FM.D.U2.EUR.4F.KR.DFR.LEV
Zona euro (referencia),liquidez_banco_central,tipo_facilidad_deposito_BCE | Deposit facility - date of changes (raw data) - Level,2,pct_anual,2025-08-17,"BCE, ECB Data Portal, dataset FM",https://data.ecb.europa.eu/data/datasets/FM,2026-09-16,,,n/a,nivel,media_ponderada_volumen,serie FM.D.U2.EUR.4F.KR.DFR.LEV
Zona euro (referencia),liquidez_banco_central,tipo_facilidad_deposito_BCE | Deposit facility - date of changes (raw data) - Level,2,pct_anual,2025-08-18,"BCE, ECB Data Portal, dataset FM",https://data.ecb.europa.eu/data/datasets/FM,2026-09-16,,,n/a,nivel,media_ponderada_volumen,serie FM.D.U2.EUR.4F.KR.DFR.LEV
Zona euro (referencia),liquidez_banco_central,tipo_facilidad_deposito_BCE | Deposit facility - date of changes (raw data) - Level,2,pct_anual,2025-08-19,"BCE, ECB Data Portal, dataset FM",https://data.ecb.europa.eu/data/datasets/FM,2026-09-16,,,n/a,nivel,media_ponderada_volumen,serie FM.D.U2.EUR.4F.KR.DFR.LEV
Zona euro (referencia),liquidez_banco_central,tipo_facilidad_deposito_BCE | Deposit facility - date of changes (raw data) - Level,2,pct_anual,2025-08-20,"BCE, ECB Data Portal, dataset FM",https://data.ecb.europa.eu/data/datasets/FM,2026-09-16,,,n/a,nivel,media_ponderada_volumen,serie FM.D.U2.EUR.4F.KR.DFR.LEV
Zona euro (referencia),liquidez_banco_central,tipo_facilidad_deposito_BCE | Deposit facility - date of changes (raw data) - Level,2,pct_anual,2025-08-21,"BCE, ECB Data Portal, dataset FM",https://data.ecb.europa.eu/data/datasets/FM,2026-09-16,,,n/a,nivel,media_ponderada_volumen,serie FM.D.U2.EUR.4F.KR.DFR.LEV
Zona euro (referencia),liquidez_banco_central,tipo_facilidad_deposito_BCE | Deposit facility - date of changes (raw data) - Level,2,pct_anual,2025-08-22,"BCE, ECB Data Portal, dataset FM",https://data.ecb.europa.eu/data/datasets/FM,2026-09-16,,,n/a,nivel,media_ponderada_volumen,serie FM.D.U2.EUR.4F.KR.DFR.LEV
Zona euro (referencia),liquidez_banco_central,tipo_facilidad_deposito_BCE | Deposit facility - date of changes (raw data) - Level,2,pct_anual,2025-08-23,"BCE, ECB Data Portal, dataset FM",https://data.ecb.europa.eu/data/datasets/FM,2026-09-16,,,n/a,nivel,media_ponderada_volumen,serie FM.D.U2.EUR.4F.KR.DFR.LEV
Zona euro (referencia),liquidez_banco_central,tipo_facilidad_deposito_BCE | Deposit facility - date of changes (raw data) - Level,2,pct_anual,2025-08-24,"BCE, ECB Data Portal, dataset FM",https://data.ecb.europa.eu/data/datasets/FM,2026-09-16,,,n/a,nivel,media_ponderada_volumen,serie FM.D.U2.EUR.4F.KR.DFR.LEV
Zona euro (referencia),liquidez_banco_central,tipo_facilidad_deposito_BCE | Deposit facility - date of changes (raw data) - Level,2,pct_anual,2025-08-25,"BCE, ECB Data Portal, dataset FM",https://data.ecb.europa.eu/data/datasets/FM,2026-09-16,,,n/a,nivel,media_ponderada_volumen,serie FM.D.U2.EUR.4F.KR.DFR.LEV
Zona euro (referencia),liquidez_banco_central,tipo_facilidad_deposito_BCE | Deposit facility - date of changes (raw data) - Level,2,pct_anual,2025-08-26,"BCE, ECB Data Portal, dataset FM",https://data.ecb.europa.eu/data/datasets/FM,2026-09-16,,,n/a,nivel,media_ponderada_volumen,serie FM.D.U2.EUR.4F.KR.DFR.LEV
Zona euro (referencia),liquidez_banco_central,tipo_facilidad_deposito_BCE | Deposit facility - date of changes (raw data) - Level,2,pct_anual,2025-08-27,"BCE, ECB Data Portal, dataset FM",https://data.ecb.europa.eu/data/datasets/FM,2026-09-16,,,n/a,nivel,media_ponderada_volumen,serie FM.D.U2.EUR.4F.KR.DFR.LEV
Zona euro (referencia),liquidez_banco_central,tipo_facilidad_deposito_BCE | Deposit facility - date of changes (raw data) - Level,2,pct_anual,2025-08-28,"BCE, ECB Data Portal, dataset FM",https://data.ecb.europa.eu/data/datasets/FM,2026-09-16,,,n/a,nivel,media_ponderada_volumen,serie FM.D.U2.EUR.4F.KR.DFR.LEV
Zona euro (referencia),liquidez_banco_central,tipo_facilidad_deposito_BCE | Deposit facility - date of changes (raw data) - Level,2,pct_anual,2025-08-29,"BCE, ECB Data Portal, dataset FM",https://data.ecb.europa.eu/data/datasets/FM,2026-09-16,,,n/a,nivel,media_ponderada_volumen,serie FM.D.U2.EUR.4F.KR.DFR.LEV
Zona euro (referencia),liquidez_banco_central,tipo_facilidad_deposito_BCE | Deposit facility - date of changes (raw data) - Level,2,pct_anual,2025-08-30,"BCE, ECB Data Portal, dataset FM",https://data.ecb.europa.eu/data/datasets/FM,2026-09-16,,,n/a,nivel,media_ponderada_volumen,serie FM.D.U2.EUR.4F.KR.DFR.LEV
Zona euro (referencia),liquidez_banco_central,tipo_facilidad_deposito_BCE | Deposit facility - date of changes (raw data) - Level,2,pct_anual,2025-08-31,"BCE, ECB Data Portal, dataset FM",https://data.ecb.europa.eu/data/datasets/FM,2026-09-16,,,n/a,nivel,media_ponderada_volumen,serie FM.D.U2.EUR.4F.KR.DFR.LEV
Zona euro (referencia),liquidez_banco_central,tipo_facilidad_deposito_BCE | Deposit facility - date of changes (raw data) - Level,2,pct_anual,2025-09-01,"BCE, ECB Data Portal, dataset FM",https://data.ecb.europa.eu/data/datasets/FM,2026-09-16,,,n/a,nivel,media_ponderada_volumen,serie FM.D.U2.EUR.4F.KR.DFR.LEV
Zona euro (referencia),liquidez_banco_central,tipo_facilidad_deposito_BCE | Deposit facility - date of changes (raw data) - Level,2,pct_anual,2025-09-02,"BCE, ECB Data Portal, dataset FM",https://data.ecb.europa.eu/data/datasets/FM,2026-09-16,,,n/a,nivel,media_ponderada_volumen,serie FM.D.U2.EUR.4F.KR.DFR.LEV
Zona euro (referencia),liquidez_banco_central,tipo_facilidad_deposito_BCE | Deposit facility - date of changes (raw data) - Level,2,pct_anual,2025-09-03,"BCE, ECB Data Portal, dataset FM",https://data.ecb.europa.eu/data/datasets/FM,2026-09-16,,,n/a,nivel,media_ponderada_volumen,serie FM.D.U2.EUR.4F.KR.DFR.LEV
Zona euro (referencia),liquidez_banco_central,tipo_facilidad_deposito_BCE | Deposit facility - date of changes (raw data) - Level,2,pct_anual,2025-09-04,"BCE, ECB Data Portal, dataset FM",https://data.ecb.europa.eu/data/datasets/FM,2026-09-16,,,n/a,nivel,media_ponderada_volumen,serie FM.D.U2.EUR.4F.KR.DFR.LEV
Zona euro (referencia),liquidez_banco_central,tipo_facilidad_deposito_BCE | Deposit facility - date of changes (raw data) - Level,2,pct_anual,2025-09-05,"BCE, ECB Data Portal, dataset FM",https://data.ecb.europa.eu/data/datasets/FM,2026-09-16,,,n/a,nivel,media_ponderada_volumen,serie FM.D.U2.EUR.4F.KR.DFR.LEV
Zona euro (referencia),liquidez_banco_central,tipo_facilidad_deposito_BCE | Deposit facility - date of changes (raw data) - Level,2,pct_anual,2025-09-06,"BCE, ECB Data Portal, dataset FM",https://data.ecb.europa.eu/data/datasets/FM,2026-09-16,,,n/a,nivel,media_ponderada_volumen,serie FM.D.U2.EUR.4F.KR.DFR.LEV
Zona euro (referencia),liquidez_banco_central,tipo_facilidad_deposito_BCE | Deposit facility - date of changes (raw data) - Level,2,pct_anual,2025-09-07,"BCE, ECB Data Portal, dataset FM",https://data.ecb.europa.eu/data/datasets/FM,2026-09-16,,,n/a,nivel,media_ponderada_volumen,serie FM.D.U2.EUR.4F.KR.DFR.LEV
Zona euro (referencia),liquidez_banco_central,tipo_facilidad_deposito_BCE | Deposit facility - date of changes (raw data) - Level,2,pct_anual,2025-09-08,"BCE, ECB Data Portal, dataset FM",https://data.ecb.europa.eu/data/datasets/FM,2026-09-16,,,n/a,nivel,media_ponderada_volumen,serie FM.D.U2.EUR.4F.KR.DFR.LEV
Zona euro (referencia),liquidez_banco_central,tipo_facilidad_deposito_BCE | Deposit facility - date of changes (raw data) - Level,2,pct_anual,2025-09-09,"BCE, ECB Data Portal, dataset FM",https://data.ecb.europa.eu/data/datasets/FM,2026-09-16,,,n/a,nivel,media_ponderada_volumen,serie FM.D.U2.EUR.4F.KR.DFR.LEV
Zona euro (referencia),liquidez_banco_central,tipo_facilidad_deposito_BCE | Deposit facility - date of changes (raw data) - Level,2,pct_anual,2025-09-10,"BCE, ECB Data Portal, dataset FM",https://data.ecb.europa.eu/data/datasets/FM,2026-09-16,,,n/a,nivel,media_ponderada_volumen,serie FM.D.U2.EUR.4F.KR.DFR.LEV
Zona euro (referencia),liquidez_banco_central,tipo_facilidad_deposito_BCE | Deposit facility - date of changes (raw data) - Level,2,pct_anual,2025-09-11,"BCE, ECB Data Portal, dataset FM",https://data.ecb.europa.eu/data/datasets/FM,2026-09-16,,,n/a,nivel,media_ponderada_volumen,serie FM.D.U2.EUR.4F.KR.DFR.LEV
Zona euro (referencia),liquidez_banco_central,tipo_facilidad_deposito_BCE | Deposit facility - date of changes (raw data) - Level,2,pct_anual,2025-09-12,"BCE, ECB Data Portal, dataset FM",https://data.ecb.europa.eu/data/datasets/FM,2026-09-16,,,n/a,nivel,media_ponderada_volumen,serie FM.D.U2.EUR.4F.KR.DFR.LEV
Zona euro (referencia),liquidez_banco_central,tipo_facilidad_deposito_BCE | Deposit facility - date of changes (raw data) - Level,2,pct_anual,2025-09-13,"BCE, ECB Data Portal, dataset FM",https://data.ecb.europa.eu/data/datasets/FM,2026-09-16,,,n/a,nivel,media_ponderada_volumen,serie FM.D.U2.EUR.4F.KR.DFR.LEV
Zona euro (referencia),liquidez_banco_central,tipo_facilidad_deposito_BCE | Deposit facility - date of changes (raw data) - Level,2,pct_anual,2025-09-14,"BCE, ECB Data Portal, dataset FM",https://data.ecb.europa.eu/data/datasets/FM,2026-09-16,,,n/a,nivel,media_ponderada_volumen,serie FM.D.U2.EUR.4F.KR.DFR.LEV
Zona euro (referencia),liquidez_banco_central,tipo_facilidad_deposito_BCE | Deposit facility - date of changes (raw data) - Level,2,pct_anual,2025-09-15,"BCE, ECB Data Portal, dataset FM",https://data.ecb.europa.eu/data/datasets/FM,2026-09-16,,,n/a,nivel,media_ponderada_volumen,serie FM.D.U2.EUR.4F.KR.DFR.LEV
Zona euro (referencia),liquidez_banco_central,tipo_facilidad_deposito_BCE | Deposit facility - date of changes (raw data) - Level,2,pct_anual,2025-09-16,"BCE, ECB Data Portal, dataset FM",https://data.ecb.europa.eu/data/datasets/FM,2026-09-16,,,n/a,nivel,media_ponderada_volumen,serie FM.D.U2.EUR.4F.KR.DFR.LEV
Zona euro (referencia),liquidez_banco_central,tipo_facilidad_deposito_BCE | Deposit facility - date of changes (raw data) - Level,2,pct_anual,2025-09-17,"BCE, ECB Data Portal, dataset FM",https://data.ecb.europa.eu/data/datasets/FM,2026-09-16,,,n/a,nivel,media_ponderada_volumen,serie FM.D.U2.EUR.4F.KR.DFR.LEV
Zona euro (referencia),liquidez_banco_central,tipo_facilidad_deposito_BCE | Deposit facility - date of changes (raw data) - Level,2,pct_anual,2025-09-18,"BCE, ECB Data Portal, dataset FM",https://data.ecb.europa.eu/data/datasets/FM,2026-09-16,,,n/a,nivel,media_ponderada_volumen,serie FM.D.U2.EUR.4F.KR.DFR.LEV
Zona euro (referencia),liquidez_banco_central,tipo_facilidad_deposito_BCE | Deposit facility - date of changes (raw data) - Level,2,pct_anual,2025-09-19,"BCE, ECB Data Portal, dataset FM",https://data.ecb.europa.eu/data/datasets/FM,2026-09-16,,,n/a,nivel,media_ponderada_volumen,serie FM.D.U2.EUR.4F.KR.DFR.LEV
Zona euro (referencia),liquidez_banco_central,tipo_facilidad_deposito_BCE | Deposit facility - date of changes (raw data) - Level,2,pct_anual,2025-09-20,"BCE, ECB Data Portal, dataset FM",https://data.ecb.europa.eu/data/datasets/FM,2026-09-16,,,n/a,nivel,media_ponderada_volumen,serie FM.D.U2.EUR.4F.KR.DFR.LEV
Zona euro (referencia),liquidez_banco_central,tipo_facilidad_deposito_BCE | Deposit facility - date of changes (raw data) - Level,2,pct_anual,2025-09-21,"BCE, ECB Data Portal, dataset FM",https://data.ecb.europa.eu/data/datasets/FM,2026-09-16,,,n/a,nivel,media_ponderada_volumen,serie FM.D.U2.EUR.4F.KR.DFR.LEV
Zona euro (referencia),liquidez_banco_central,tipo_facilidad_deposito_BCE | Deposit facility - date of changes (raw data) - Level,2,pct_anual,2025-09-22,"BCE, ECB Data Portal, dataset FM",https://data.ecb.europa.eu/data/datasets/FM,2026-09-16,,,n/a,nivel,media_ponderada_volumen,serie FM.D.U2.EUR.4F.KR.DFR.LEV
Zona euro (referencia),liquidez_banco_central,tipo_facilidad_deposito_BCE | Deposit facility - date of changes (raw data) - Level,2,pct_anual,2025-09-23,"BCE, ECB Data Portal, dataset FM",https://data.ecb.europa.eu/data/datasets/FM,2026-09-16,,,n/a,nivel,media_ponderada_volumen,serie FM.D.U2.EUR.4F.KR.DFR.LEV
Zona euro (referencia),liquidez_banco_central,tipo_facilidad_deposito_BCE | Deposit facility - date of changes (raw data) - Level,2,pct_anual,2025-09-24,"BCE, ECB Data Portal, dataset FM",https://data.ecb.europa.eu/data/datasets/FM,2026-09-16,,,n/a,nivel,media_ponderada_volumen,serie FM.D.U2.EUR.4F.KR.DFR.LEV
Zona euro (referencia),liquidez_banco_central,tipo_facilidad_deposito_BCE | Deposit facility - date of changes (raw data) - Level,2,pct_anual,2025-09-25,"BCE, ECB Data Portal, dataset FM",https://data.ecb.europa.eu/data/datasets/FM,2026-09-16,,,n/a,nivel,media_ponderada_volumen,serie FM.D.U2.EUR.4F.KR.DFR.LEV
Zona euro (referencia),liquidez_banco_central,tipo_facilidad_deposito_BCE | Deposit facility - date of changes (raw data) - Level,2,pct_anual,2025-09-26,"BCE, ECB Data Portal, dataset FM",https://data.ecb.europa.eu/data/datasets/FM,2026-09-16,,,n/a,nivel,media_ponderada_volumen,serie FM.D.U2.EUR.4F.KR.DFR.LEV
Zona euro (referencia),liquidez_banco_central,tipo_facilidad_deposito_BCE | Deposit facility - date of changes (raw data) - Level,2,pct_anual,2025-09-27,"BCE, ECB Data Portal, dataset FM",https://data.ecb.europa.eu/data/datasets/FM,2026-09-16,,,n/a,nivel,media_ponderada_volumen,serie FM.D.U2.EUR.4F.KR.DFR.LEV
Zona euro (referencia),liquidez_banco_central,tipo_facilidad_deposito_BCE | Deposit facility - date of changes (raw data) - Level,2,pct_anual,2025-09-28,"BCE, ECB Data Portal, dataset FM",https://data.ecb.europa.eu/data/datasets/FM,2026-09-16,,,n/a,nivel,media_ponderada_volumen,serie FM.D.U2.EUR.4F.KR.DFR.LEV
Zona euro (referencia),liquidez_banco_central,tipo_facilidad_deposito_BCE | Deposit facility - date of changes (raw data) - Level,2,pct_anual,2025-09-29,"BCE, ECB Data Portal, dataset FM",https://data.ecb.europa.eu/data/datasets/FM,2026-09-16,,,n/a,nivel,media_ponderada_volumen,serie FM.D.U2.EUR.4F.KR.DFR.LEV
Zona euro (referencia),liquidez_banco_central,tipo_facilidad_deposito_BCE | Deposit facility - date of changes (raw data) - Level,2,pct_anual,2025-09-30,"BCE, ECB Data Portal, dataset FM",https://data.ecb.europa.eu/data/datasets/FM,2026-09-16,,,n/a,nivel,media_ponderada_volumen,serie FM.D.U2.EUR.4F.KR.DFR.LEV
Zona euro (referencia),liquidez_banco_central,tipo_facilidad_deposito_BCE | Deposit facility - date of changes (raw data) - Level,2,pct_anual,2025-10-01,"BCE, ECB Data Portal, dataset FM",https://data.ecb.europa.eu/data/datasets/FM,2026-09-16,,,n/a,nivel,media_ponderada_volumen,serie FM.D.U2.EUR.4F.KR.DFR.LEV
Zona euro (referencia),liquidez_banco_central,tipo_facilidad_deposito_BCE | Deposit facility - date of changes (raw data) - Level,2,pct_anual,2025-10-02,"BCE, ECB Data Portal, dataset FM",https://data.ecb.europa.eu/data/datasets/FM,2026-09-16,,,n/a,nivel,media_ponderada_volumen,serie FM.D.U2.EUR.4F.KR.DFR.LEV
Zona euro (referencia),liquidez_banco_central,tipo_facilidad_deposito_BCE | Deposit facility - date of changes (raw data) - Level,2,pct_anual,2025-10-03,"BCE, ECB Data Portal, dataset FM",https://data.ecb.europa.eu/data/datasets/FM,2026-09-16,,,n/a,nivel,media_ponderada_volumen,serie FM.D.U2.EUR.4F.KR.DFR.LEV
Zona euro (referencia),liquidez_banco_central,tipo_facilidad_deposito_BCE | Deposit facility - date of changes (raw data) - Level,2,pct_anual,2025-10-04,"BCE, ECB Data Portal, dataset FM",https://data.ecb.europa.eu/data/datasets/FM,2026-09-16,,,n/a,nivel,media_ponderada_volumen,serie FM.D.U2.EUR.4F.KR.DFR.LEV
Zona euro (referencia),liquidez_banco_central,tipo_facilidad_deposito_BCE | Deposit facility - date of changes (raw data) - Level,2,pct_anual,2025-10-05,"BCE, ECB Data Portal, dataset FM",https://data.ecb.europa.eu/data/datasets/FM,2026-09-16,,,n/a,nivel,media_ponderada_volumen,serie FM.D.U2.EUR.4F.KR.DFR.LEV
Zona euro (referencia),liquidez_banco_central,tipo_facilidad_deposito_BCE | Deposit facility - date of changes (raw data) - Level,2,pct_anual,2025-10-06,"BCE, ECB Data Portal, dataset FM",https://data.ecb.europa.eu/data/datasets/FM,2026-09-16,,,n/a,nivel,media_ponderada_volumen,serie FM.D.U2.EUR.4F.KR.DFR.LEV
Zona euro (referencia),liquidez_banco_central,tipo_facilidad_deposito_BCE | Deposit facility - date of changes (raw data) - Level,2,pct_anual,2025-10-07,"BCE, ECB Data Portal, dataset FM",https://data.ecb.europa.eu/data/datasets/FM,2026-09-16,,,n/a,nivel,media_ponderada_volumen,serie FM.D.U2.EUR.4F.KR.DFR.LEV
Zona euro (referencia),liquidez_banco_central,tipo_facilidad_deposito_BCE | Deposit facility - date of changes (raw data) - Level,2,pct_anual,2025-10-08,"BCE, ECB Data Portal, dataset FM",https://data.ecb.europa.eu/data/datasets/FM,2026-09-16,,,n/a,nivel,media_ponderada_volumen,serie FM.D.U2.EUR.4F.KR.DFR.LEV
Zona euro (referencia),liquidez_banco_central,tipo_facilidad_deposito_BCE | Deposit facility - date of changes (raw data) - Level,2,pct_anual,2025-10-09,"BCE, ECB Data Portal, dataset FM",https://data.ecb.europa.eu/data/datasets/FM,2026-09-16,,,n/a,nivel,media_ponderada_volumen,serie FM.D.U2.EUR.4F.KR.DFR.LEV
Zona euro (referencia),liquidez_banco_central,tipo_facilidad_deposito_BCE | Deposit facility - date of changes (raw data) - Level,2,pct_anual,2025-10-10,"BCE, ECB Data Portal, dataset FM",https://data.ecb.europa.eu/data/datasets/FM,2026-09-16,,,n/a,nivel,media_ponderada_volumen,serie FM.D.U2.EUR.4F.KR.DFR.LEV
Zona euro (referencia),liquidez_banco_central,tipo_facilidad_deposito_BCE | Deposit facility - date of changes (raw data) - Level,2,pct_anual,2025-10-11,"BCE, ECB Data Portal, dataset FM",https://data.ecb.europa.eu/data/datasets/FM,2026-09-16,,,n/a,nivel,media_ponderada_volumen,serie FM.D.U2.EUR.4F.KR.DFR.LEV
Zona euro (referencia),liquidez_banco_central,tipo_facilidad_deposito_BCE | Deposit facility - date of changes (raw data) - Level,2,pct_anual,2025-10-12,"BCE, ECB Data Portal, dataset FM",https://data.ecb.europa.eu/data/datasets/FM,2026-09-16,,,n/a,nivel,media_ponderada_volumen,serie FM.D.U2.EUR.4F.KR.DFR.LEV
Zona euro (referencia),liquidez_banco_central,tipo_facilidad_deposito_BCE | Deposit facility - date of changes (raw data) - Level,2,pct_anual,2025-10-13,"BCE, ECB Data Portal, dataset FM",https://data.ecb.europa.eu/data/datasets/FM,2026-09-16,,,n/a,nivel,media_ponderada_volumen,serie FM.D.U2.EUR.4F.KR.DFR.LEV
Zona euro (referencia),liquidez_banco_central,tipo_facilidad_deposito_BCE | Deposit facility - date of changes (raw data) - Level,2,pct_anual,2025-10-14,"BCE, ECB Data Portal, dataset FM",https://data.ecb.europa.eu/data/datasets/FM,2026-09-16,,,n/a,nivel,media_ponderada_volumen,serie FM.D.U2.EUR.4F.KR.DFR.LEV
Zona euro (referencia),liquidez_banco_central,tipo_facilidad_deposito_BCE | Deposit facility - date of changes (raw data) - Level,2,pct_anual,2025-10-15,"BCE, ECB Data Portal, dataset FM",https://data.ecb.europa.eu/data/datasets/FM,2026-09-16,,,n/a,nivel,media_ponderada_volumen,serie FM.D.U2.EUR.4F.KR.DFR.LEV
Zona euro (referencia),liquidez_banco_central,tipo_facilidad_deposito_BCE | Deposit facility - date of changes (raw data) - Level,2,pct_anual,2025-10-16,"BCE, ECB Data Portal, dataset FM",https://data.ecb.europa.eu/data/datasets/FM,2026-09-16,,,n/a,nivel,media_ponderada_volumen,serie FM.D.U2.EUR.4F.KR.DFR.LEV
Zona euro (referencia),liquidez_banco_central,tipo_facilidad_deposito_BCE | Deposit facility - date of changes (raw data) - Level,2,pct_anual,2025-10-17,"BCE, ECB Data Portal, dataset FM",https://data.ecb.europa.eu/data/datasets/FM,2026-09-16,,,n/a,nivel,media_ponderada_volumen,serie FM.D.U2.EUR.4F.KR.DFR.LEV
Zona euro (referencia),liquidez_banco_central,tipo_facilidad_deposito_BCE | Deposit facility - date of changes (raw data) - Level,2,pct_anual,2025-10-18,"BCE, ECB Data Portal, dataset FM",https://data.ecb.europa.eu/data/datasets/FM,2026-09-16,,,n/a,nivel,media_ponderada_volumen,serie FM.D.U2.EUR.4F.KR.DFR.LEV
Zona euro (referencia),liquidez_banco_central,tipo_facilidad_deposito_BCE | Deposit facility - date of changes (raw data) - Level,2,pct_anual,2025-10-19,"BCE, ECB Data Portal, dataset FM",https://data.ecb.europa.eu/data/datasets/FM,2026-09-16,,,n/a,nivel,media_ponderada_volumen,serie FM.D.U2.EUR.4F.KR.DFR.LEV
Zona euro (referencia),liquidez_banco_central,tipo_facilidad_deposito_BCE | Deposit facility - date of changes (raw data) - Level,2,pct_anual,2025-10-20,"BCE, ECB Data Portal, dataset FM",https://data.ecb.europa.eu/data/datasets/FM,2026-09-16,,,n/a,nivel,media_ponderada_volumen,serie FM.D.U2.EUR.4F.KR.DFR.LEV
Zona euro (referencia),liquidez_banco_central,tipo_facilidad_deposito_BCE | Deposit facility - date of changes (raw data) - Level,2,pct_anual,2025-10-21,"BCE, ECB Data Portal, dataset FM",https://data.ecb.europa.eu/data/datasets/FM,2026-09-16,,,n/a,nivel,media_ponderada_volumen,serie FM.D.U2.EUR.4F.KR.DFR.LEV
Zona euro (referencia),liquidez_banco_central,tipo_facilidad_deposito_BCE | Deposit facility - date of changes (raw data) - Level,2,pct_anual,2025-10-22,"BCE, ECB Data Portal, dataset FM",https://data.ecb.europa.eu/data/datasets/FM,2026-09-16,,,n/a,nivel,media_ponderada_volumen,serie FM.D.U2.EUR.4F.KR.DFR.LEV
Zona euro (referencia),liquidez_banco_central,tipo_facilidad_deposito_BCE | Deposit facility - date of changes (raw data) - Level,2,pct_anual,2025-10-23,"BCE, ECB Data Portal, dataset FM",https://data.ecb.europa.eu/data/datasets/FM,2026-09-16,,,n/a,nivel,media_ponderada_volumen,serie FM.D.U2.EUR.4F.KR.DFR.LEV
Zona euro (referencia),liquidez_banco_central,tipo_facilidad_deposito_BCE | Deposit facility - date of changes (raw data) - Level,2,pct_anual,2025-10-24,"BCE, ECB Data Portal, dataset FM",https://data.ecb.europa.eu/data/datasets/FM,2026-09-16,,,n/a,nivel,media_ponderada_volumen,serie FM.D.U2.EUR.4F.KR.DFR.LEV
Zona euro (referencia),liquidez_banco_central,tipo_facilidad_deposito_BCE | Deposit facility - date of changes (raw data) - Level,2,pct_anual,2025-10-25,"BCE, ECB Data Portal, dataset FM",https://data.ecb.europa.eu/data/datasets/FM,2026-09-16,,,n/a,nivel,media_ponderada_volumen,serie FM.D.U2.EUR.4F.KR.DFR.LEV
Zona euro (referencia),liquidez_banco_central,tipo_facilidad_deposito_BCE | Deposit facility - date of changes (raw data) - Level,2,pct_anual,2025-10-26,"BCE, ECB Data Portal, dataset FM",https://data.ecb.europa.eu/data/datasets/FM,2026-09-16,,,n/a,nivel,media_ponderada_volumen,serie FM.D.U2.EUR.4F.KR.DFR.LEV
Zona euro (referencia),liquidez_banco_central,tipo_facilidad_deposito_BCE | Deposit facility - date of changes (raw data) - Level,2,pct_anual,2025-10-27,"BCE, ECB Data Portal, dataset FM",https://data.ecb.europa.eu/data/datasets/FM,2026-09-16,,,n/a,nivel,media_ponderada_volumen,serie FM.D.U2.EUR.4F.KR.DFR.LEV
Zona euro (referencia),liquidez_banco_central,tipo_facilidad_deposito_BCE | Deposit facility - date of changes (raw data) - Level,2,pct_anual,2025-10-28,"BCE, ECB Data Portal, dataset FM",https://data.ecb.europa.eu/data/datasets/FM,2026-09-16,,,n/a,nivel,media_ponderada_volumen,serie FM.D.U2.EUR.4F.KR.DFR.LEV
Zona euro (referencia),liquidez_banco_central,tipo_facilidad_deposito_BCE | Deposit facility - date of changes (raw data) - Level,2,pct_anual,2025-10-29,"BCE, ECB Data Portal, dataset FM",https://data.ecb.europa.eu/data/datasets/FM,2026-09-16,,,n/a,nivel,media_ponderada_volumen,serie FM.D.U2.EUR.4F.KR.DFR.LEV
Zona euro (referencia),liquidez_banco_central,tipo_facilidad_deposito_BCE | Deposit facility - date of changes (raw data) - Level,2,pct_anual,2025-10-30,"BCE, ECB Data Portal, dataset FM",https://data.ecb.europa.eu/data/datasets/FM,2026-09-16,,,n/a,nivel,media_ponderada_volumen,serie FM.D.U2.EUR.4F.KR.DFR.LEV
Zona euro (referencia),liquidez_banco_central,tipo_facilidad_deposito_BCE | Deposit facility - date of changes (raw data) - Level,2,pct_anual,2025-10-31,"BCE, ECB Data Portal, dataset FM",https://data.ecb.europa.eu/data/datasets/FM,2026-09-16,,,n/a,nivel,media_ponderada_volumen,serie FM.D.U2.EUR.4F.KR.DFR.LEV
Zona euro (referencia),liquidez_banco_central,tipo_facilidad_deposito_BCE | Deposit facility - date of changes (raw data) - Level,2,pct_anual,2025-11-01,"BCE, ECB Data Portal, dataset FM",https://data.ecb.europa.eu/data/datasets/FM,2026-09-16,,,n/a,nivel,media_ponderada_volumen,serie FM.D.U2.EUR.4F.KR.DFR.LEV
Zona euro (referencia),liquidez_banco_central,tipo_facilidad_deposito_BCE | Deposit facility - date of changes (raw data) - Level,2,pct_anual,2025-11-02,"BCE, ECB Data Portal, dataset FM",https://data.ecb.europa.eu/data/datasets/FM,2026-09-16,,,n/a,nivel,media_ponderada_volumen,serie FM.D.U2.EUR.4F.KR.DFR.LEV
Zona euro (referencia),liquidez_banco_central,tipo_facilidad_deposito_BCE | Deposit facility - date of changes (raw data) - Level,2,pct_anual,2025-11-03,"BCE, ECB Data Portal, dataset FM",https://data.ecb.europa.eu/data/datasets/FM,2026-09-16,,,n/a,nivel,media_ponderada_volumen,serie FM.D.U2.EUR.4F.KR.DFR.LEV
Zona euro (referencia),liquidez_banco_central,tipo_facilidad_deposito_BCE | Deposit facility - date of changes (raw data) - Level,2,pct_anual,2025-11-04,"BCE, ECB Data Portal, dataset FM",https://data.ecb.europa.eu/data/datasets/FM,2026-09-16,,,n/a,nivel,media_ponderada_volumen,serie FM.D.U2.EUR.4F.KR.DFR.LEV
Zona euro (referencia),liquidez_banco_central,tipo_facilidad_deposito_BCE | Deposit facility - date of changes (raw data) - Level,2,pct_anual,2025-11-05,"BCE, ECB Data Portal, dataset FM",https://data.ecb.europa.eu/data/datasets/FM,2026-09-16,,,n/a,nivel,media_ponderada_volumen,serie FM.D.U2.EUR.4F.KR.DFR.LEV
Zona euro (referencia),liquidez_banco_central,tipo_facilidad_deposito_BCE | Deposit facility - date of changes (raw data) - Level,2,pct_anual,2025-11-06,"BCE, ECB Data Portal, dataset FM",https://data.ecb.europa.eu/data/datasets/FM,2026-09-16,,,n/a,nivel,media_ponderada_volumen,serie FM.D.U2.EUR.4F.KR.DFR.LEV
Zona euro (referencia),liquidez_banco_central,tipo_facilidad_deposito_BCE | Deposit facility - date of changes (raw data) - Level,2,pct_anual,2025-11-07,"BCE, ECB Data Portal, dataset FM",https://data.ecb.europa.eu/data/datasets/FM,2026-09-16,,,n/a,nivel,media_ponderada_volumen,serie FM.D.U2.EUR.4F.KR.DFR.LEV
Zona euro (referencia),liquidez_banco_central,tipo_facilidad_deposito_BCE | Deposit facility - date of changes (raw data) - Level,2,pct_anual,2025-11-08,"BCE, ECB Data Portal, dataset FM",https://data.ecb.europa.eu/data/datasets/FM,2026-09-16,,,n/a,nivel,media_ponderada_volumen,serie FM.D.U2.EUR.4F.KR.DFR.LEV
Zona euro (referencia),liquidez_banco_central,tipo_facilidad_deposito_BCE | Deposit facility - date of changes (raw data) - Level,2,pct_anual,2025-11-09,"BCE, ECB Data Portal, dataset FM",https://data.ecb.europa.eu/data/datasets/FM,2026-09-16,,,n/a,nivel,media_ponderada_volumen,serie FM.D.U2.EUR.4F.KR.DFR.LEV
Zona euro (referencia),liquidez_banco_central,tipo_facilidad_deposito_BCE | Deposit facility - date of changes (raw data) - Level,2,pct_anual,2025-11-10,"BCE, ECB Data Portal, dataset FM",https://data.ecb.europa.eu/data/datasets/FM,2026-09-16,,,n/a,nivel,media_ponderada_volumen,serie FM.D.U2.EUR.4F.KR.DFR.LEV
Zona euro (referencia),liquidez_banco_central,tipo_facilidad_deposito_BCE | Deposit facility - date of changes (raw data) - Level,2,pct_anual,2025-11-11,"BCE, ECB Data Portal, dataset FM",https://data.ecb.europa.eu/data/datasets/FM,2026-09-16,,,n/a,nivel,media_ponderada_volumen,serie FM.D.U2.EUR.4F.KR.DFR.LEV
Zona euro (referencia),liquidez_banco_central,tipo_facilidad_deposito_BCE | Deposit facility - date of changes (raw data) - Level,2,pct_anual,2025-11-12,"BCE, ECB Data Portal, dataset FM",https://data.ecb.europa.eu/data/datasets/FM,2026-09-16,,,n/a,nivel,media_ponderada_volumen,serie FM.D.U2.EUR.4F.KR.DFR.LEV
Zona euro (referencia),liquidez_banco_central,tipo_facilidad_deposito_BCE | Deposit facility - date of changes (raw data) - Level,2,pct_anual,2025-11-13,"BCE, ECB Data Portal, dataset FM",https://data.ecb.europa.eu/data/datasets/FM,2026-09-16,,,n/a,nivel,media_ponderada_volumen,serie FM.D.U2.EUR.4F.KR.DFR.LEV
Zona euro (referencia),liquidez_banco_central,tipo_facilidad_deposito_BCE | Deposit facility - date of changes (raw data) - Level,2,pct_anual,2025-11-14,"BCE, ECB Data Portal, dataset FM",https://data.ecb.europa.eu/data/datasets/FM,2026-09-16,,,n/a,nivel,media_ponderada_volumen,serie FM.D.U2.EUR.4F.KR.DFR.LEV
Zona euro (referencia),liquidez_banco_central,tipo_facilidad_deposito_BCE | Deposit facility - date of changes (raw data) - Level,2,pct_anual,2025-11-15,"BCE, ECB Data Portal, dataset FM",https://data.ecb.europa.eu/data/datasets/FM,2026-09-16,,,n/a,nivel,media_ponderada_volumen,serie FM.D.U2.EUR.4F.KR.DFR.LEV
Zona euro (referencia),liquidez_banco_central,tipo_facilidad_deposito_BCE | Deposit facility - date of changes (raw data) - Level,2,pct_anual,2025-11-16,"BCE, ECB Data Portal, dataset FM",https://data.ecb.europa.eu/data/datasets/FM,2026-09-16,,,n/a,nivel,media_ponderada_volumen,serie FM.D.U2.EUR.4F.KR.DFR.LEV
Zona euro (referencia),liquidez_banco_central,tipo_facilidad_deposito_BCE | Deposit facility - date of changes (raw data) - Level,2,pct_anual,2025-11-17,"BCE, ECB Data Portal, dataset FM",https://data.ecb.europa.eu/data/datasets/FM,2026-09-16,,,n/a,nivel,media_ponderada_volumen,serie FM.D.U2.EUR.4F.KR.DFR.LEV
Zona euro (referencia),liquidez_banco_central,tipo_facilidad_deposito_BCE | Deposit facility - date of changes (raw data) - Level,2,pct_anual,2025-11-18,"BCE, ECB Data Portal, dataset FM",https://data.ecb.europa.eu/data/datasets/FM,2026-09-16,,,n/a,nivel,media_ponderada_volumen,serie FM.D.U2.EUR.4F.KR.DFR.LEV
Zona euro (referencia),liquidez_banco_central,tipo_facilidad_deposito_BCE | Deposit facility - date of changes (raw data) - Level,2,pct_anual,2025-11-19,"BCE, ECB Data Portal, dataset FM",https://data.ecb.europa.eu/data/datasets/FM,2026-09-16,,,n/a,nivel,media_ponderada_volumen,serie FM.D.U2.EUR.4F.KR.DFR.LEV
Zona euro (referencia),liquidez_banco_central,tipo_facilidad_deposito_BCE | Deposit facility - date of changes (raw data) - Level,2,pct_anual,2025-11-20,"BCE, ECB Data Portal, dataset FM",https://data.ecb.europa.eu/data/datasets/FM,2026-09-16,,,n/a,nivel,media_ponderada_volumen,serie FM.D.U2.EUR.4F.KR.DFR.LEV
Zona euro (referencia),liquidez_banco_central,tipo_facilidad_deposito_BCE | Deposit facility - date of changes (raw data) - Level,2,pct_anual,2025-11-21,"BCE, ECB Data Portal, dataset FM",https://data.ecb.europa.eu/data/datasets/FM,2026-09-16,,,n/a,nivel,media_ponderada_volumen,serie FM.D.U2.EUR.4F.KR.DFR.LEV
Zona euro (referencia),liquidez_banco_central,tipo_facilidad_deposito_BCE | Deposit facility - date of changes (raw data) - Level,2,pct_anual,2025-11-22,"BCE, ECB Data Portal, dataset FM",https://data.ecb.europa.eu/data/datasets/FM,2026-09-16,,,n/a,nivel,media_ponderada_volumen,serie FM.D.U2.EUR.4F.KR.DFR.LEV
Zona euro (referencia),liquidez_banco_central,tipo_facilidad_deposito_BCE | Deposit facility - date of changes (raw data) - Level,2,pct_anual,2025-11-23,"BCE, ECB Data Portal, dataset FM",https://data.ecb.europa.eu/data/datasets/FM,2026-09-16,,,n/a,nivel,media_ponderada_volumen,serie FM.D.U2.EUR.4F.KR.DFR.LEV
Zona euro (referencia),liquidez_banco_central,tipo_facilidad_deposito_BCE | Deposit facility - date of changes (raw data) - Level,2,pct_anual,2025-11-24,"BCE, ECB Data Portal, dataset FM",https://data.ecb.europa.eu/data/datasets/FM,2026-09-16,,,n/a,nivel,media_ponderada_volumen,serie FM.D.U2.EUR.4F.KR.DFR.LEV
Zona euro (referencia),liquidez_banco_central,tipo_facilidad_deposito_BCE | Deposit facility - date of changes (raw data) - Level,2,pct_anual,2025-11-25,"BCE, ECB Data Portal, dataset FM",https://data.ecb.europa.eu/data/datasets/FM,2026-09-16,,,n/a,nivel,media_ponderada_volumen,serie FM.D.U2.EUR.4F.KR.DFR.LEV
Zona euro (referencia),liquidez_banco_central,tipo_facilidad_deposito_BCE | Deposit facility - date of changes (raw data) - Level,2,pct_anual,2025-11-26,"BCE, ECB Data Portal, dataset FM",https://data.ecb.europa.eu/data/datasets/FM,2026-09-16,,,n/a,nivel,media_ponderada_volumen,serie FM.D.U2.EUR.4F.KR.DFR.LEV
Zona euro (referencia),liquidez_banco_central,tipo_facilidad_deposito_BCE | Deposit facility - date of changes (raw data) - Level,2,pct_anual,2025-11-27,"BCE, ECB Data Portal, dataset FM",https://data.ecb.europa.eu/data/datasets/FM,2026-09-16,,,n/a,nivel,media_ponderada_volumen,serie FM.D.U2.EUR.4F.KR.DFR.LEV
Zona euro (referencia),liquidez_banco_central,tipo_facilidad_deposito_BCE | Deposit facility - date of changes (raw data) - Level,2,pct_anual,2025-11-28,"BCE, ECB Data Portal, dataset FM",https://data.ecb.europa.eu/data/datasets/FM,2026-09-16,,,n/a,nivel,media_ponderada_volumen,serie FM.D.U2.EUR.4F.KR.DFR.LEV
Zona euro (referencia),liquidez_banco_central,tipo_facilidad_deposito_BCE | Deposit facility - date of changes (raw data) - Level,2,pct_anual,2025-11-29,"BCE, ECB Data Portal, dataset FM",https://data.ecb.europa.eu/data/datasets/FM,2026-09-16,,,n/a,nivel,media_ponderada_volumen,serie FM.D.U2.EUR.4F.KR.DFR.LEV
Zona euro (referencia),liquidez_banco_central,tipo_facilidad_deposito_BCE | Deposit facility - date of changes (raw data) - Level,2,pct_anual,2025-11-30,"BCE, ECB Data Portal, dataset FM",https://data.ecb.europa.eu/data/datasets/FM,2026-09-16,,,n/a,nivel,media_ponderada_volumen,serie FM.D.U2.EUR.4F.KR.DFR.LEV
Zona euro (referencia),liquidez_banco_central,tipo_facilidad_deposito_BCE | Deposit facility - date of changes (raw data) - Level,2,pct_anual,2025-12-01,"BCE, ECB Data Portal, dataset FM",https://data.ecb.europa.eu/data/datasets/FM,2026-09-16,,,n/a,nivel,media_ponderada_volumen,serie FM.D.U2.EUR.4F.KR.DFR.LEV
Zona euro (referencia),liquidez_banco_central,tipo_facilidad_deposito_BCE | Deposit facility - date of changes (raw data) - Level,2,pct_anual,2025-12-02,"BCE, ECB Data Portal, dataset FM",https://data.ecb.europa.eu/data/datasets/FM,2026-09-16,,,n/a,nivel,media_ponderada_volumen,serie FM.D.U2.EUR.4F.KR.DFR.LEV
Zona euro (referencia),liquidez_banco_central,tipo_facilidad_deposito_BCE | Deposit facility - date of changes (raw data) - Level,2,pct_anual,2025-12-03,"BCE, ECB Data Portal, dataset FM",https://data.ecb.europa.eu/data/datasets/FM,2026-09-16,,,n/a,nivel,media_ponderada_volumen,serie FM.D.U2.EUR.4F.KR.DFR.LEV
Zona euro (referencia),liquidez_banco_central,tipo_facilidad_deposito_BCE | Deposit facility - date of changes (raw data) - Level,2,pct_anual,2025-12-04,"BCE, ECB Data Portal, dataset FM",https://data.ecb.europa.eu/data/datasets/FM,2026-09-16,,,n/a,nivel,media_ponderada_volumen,serie FM.D.U2.EUR.4F.KR.DFR.LEV
Zona euro (referencia),liquidez_banco_central,tipo_facilidad_deposito_BCE | Deposit facility - date of changes (raw data) - Level,2,pct_anual,2025-12-05,"BCE, ECB Data Portal, dataset FM",https://data.ecb.europa.eu/data/datasets/FM,2026-09-16,,,n/a,nivel,media_ponderada_volumen,serie FM.D.U2.EUR.4F.KR.DFR.LEV
Zona euro (referencia),liquidez_banco_central,tipo_facilidad_deposito_BCE | Deposit facility - date of changes (raw data) - Level,2,pct_anual,2025-12-06,"BCE, ECB Data Portal, dataset FM",https://data.ecb.europa.eu/data/datasets/FM,2026-09-16,,,n/a,nivel,media_ponderada_volumen,serie FM.D.U2.EUR.4F.KR.DFR.LEV
Zona euro (referencia),liquidez_banco_central,tipo_facilidad_deposito_BCE | Deposit facility - date of changes (raw data) - Level,2,pct_anual,2025-12-07,"BCE, ECB Data Portal, dataset FM",https://data.ecb.europa.eu/data/datasets/FM,2026-09-16,,,n/a,nivel,media_ponderada_volumen,serie FM.D.U2.EUR.4F.KR.DFR.LEV
Zona euro (referencia),liquidez_banco_central,tipo_facilidad_deposito_BCE | Deposit facility - date of changes (raw data) - Level,2,pct_anual,2025-12-08,"BCE, ECB Data Portal, dataset FM",https://data.ecb.europa.eu/data/datasets/FM,2026-09-16,,,n/a,nivel,media_ponderada_volumen,serie FM.D.U2.EUR.4F.KR.DFR.LEV
Zona euro (referencia),liquidez_banco_central,tipo_facilidad_deposito_BCE | Deposit facility - date of changes (raw data) - Level,2,pct_anual,2025-12-09,"BCE, ECB Data Portal, dataset FM",https://data.ecb.europa.eu/data/datasets/FM,2026-09-16,,,n/a,nivel,media_ponderada_volumen,serie FM.D.U2.EUR.4F.KR.DFR.LEV
Zona euro (referencia),liquidez_banco_central,tipo_facilidad_deposito_BCE | Deposit facility - date of changes (raw data) - Level,2,pct_anual,2025-12-10,"BCE, ECB Data Portal, dataset FM",https://data.ecb.europa.eu/data/datasets/FM,2026-09-16,,,n/a,nivel,media_ponderada_volumen,serie FM.D.U2.EUR.4F.KR.DFR.LEV
Zona euro (referencia),liquidez_banco_central,tipo_facilidad_deposito_BCE | Deposit facility - date of changes (raw data) - Level,2,pct_anual,2025-12-11,"BCE, ECB Data Portal, dataset FM",https://data.ecb.europa.eu/data/datasets/FM,2026-09-16,,,n/a,nivel,media_ponderada_volumen,serie FM.D.U2.EUR.4F.KR.DFR.LEV
Zona euro (referencia),liquidez_banco_central,tipo_facilidad_deposito_BCE | Deposit facility - date of changes (raw data) - Level,2,pct_anual,2025-12-12,"BCE, ECB Data Portal, dataset FM",https://data.ecb.europa.eu/data/datasets/FM,2026-09-16,,,n/a,nivel,media_ponderada_volumen,serie FM.D.U2.EUR.4F.KR.DFR.LEV
Zona euro (referencia),liquidez_banco_central,tipo_facilidad_deposito_BCE | Deposit facility - date of changes (raw data) - Level,2,pct_anual,2025-12-13,"BCE, ECB Data Portal, dataset FM",https://data.ecb.europa.eu/data/datasets/FM,2026-09-16,,,n/a,nivel,media_ponderada_volumen,serie FM.D.U2.EUR.4F.KR.DFR.LEV
Zona euro (referencia),liquidez_banco_central,tipo_facilidad_deposito_BCE | Deposit facility - date of changes (raw data) - Level,2,pct_anual,2025-12-14,"BCE, ECB Data Portal, dataset FM",https://data.ecb.europa.eu/data/datasets/FM,2026-09-16,,,n/a,nivel,media_ponderada_volumen,serie FM.D.U2.EUR.4F.KR.DFR.LEV
Zona euro (referencia),liquidez_banco_central,tipo_facilidad_deposito_BCE | Deposit facility - date of changes (raw data) - Level,2,pct_anual,2025-12-15,"BCE, ECB Data Portal, dataset FM",https://data.ecb.europa.eu/data/datasets/FM,2026-09-16,,,n/a,nivel,media_ponderada_volumen,serie FM.D.U2.EUR.4F.KR.DFR.LEV
Zona euro (referencia),liquidez_banco_central,tipo_facilidad_deposito_BCE | Deposit facility - date of changes (raw data) - Level,2,pct_anual,2025-12-16,"BCE, ECB Data Portal, dataset FM",https://data.ecb.europa.eu/data/datasets/FM,2026-09-16,,,n/a,nivel,media_ponderada_volumen,serie FM.D.U2.EUR.4F.KR.DFR.LEV
Zona euro (referencia),liquidez_banco_central,tipo_facilidad_deposito_BCE | Deposit facility - date of changes (raw data) - Level,2,pct_anual,2025-12-17,"BCE, ECB Data Portal, dataset FM",https://data.ecb.europa.eu/data/datasets/FM,2026-09-16,,,n/a,nivel,media_ponderada_volumen,serie FM.D.U2.EUR.4F.KR.DFR.LEV
Zona euro (referencia),liquidez_banco_central,tipo_facilidad_deposito_BCE | Deposit facility - date of changes (raw data) - Level,2,pct_anual,2025-12-18,"BCE, ECB Data Portal, dataset FM",https://data.ecb.europa.eu/data/datasets/FM,2026-09-16,,,n/a,nivel,media_ponderada_volumen,serie FM.D.U2.EUR.4F.KR.DFR.LEV
Zona euro (referencia),liquidez_banco_central,tipo_facilidad_deposito_BCE | Deposit facility - date of changes (raw data) - Level,2,pct_anual,2025-12-19,"BCE, ECB Data Portal, dataset FM",https://data.ecb.europa.eu/data/datasets/FM,2026-09-16,,,n/a,nivel,media_ponderada_volumen,serie FM.D.U2.EUR.4F.KR.DFR.LEV
Zona euro (referencia),liquidez_banco_central,tipo_facilidad_deposito_BCE | Deposit facility - date of changes (raw data) - Level,2,pct_anual,2025-12-20,"BCE, ECB Data Portal, dataset FM",https://data.ecb.europa.eu/data/datasets/FM,2026-09-16,,,n/a,nivel,media_ponderada_volumen,serie FM.D.U2.EUR.4F.KR.DFR.LEV
Zona euro (referencia),liquidez_banco_central,tipo_facilidad_deposito_BCE | Deposit facility - date of changes (raw data) - Level,2,pct_anual,2025-12-21,"BCE, ECB Data Portal, dataset FM",https://data.ecb.europa.eu/data/datasets/FM,2026-09-16,,,n/a,nivel,media_ponderada_volumen,serie FM.D.U2.EUR.4F.KR.DFR.LEV
Zona euro (referencia),liquidez_banco_central,tipo_facilidad_deposito_BCE | Deposit facility - date of changes (raw data) - Level,2,pct_anual,2025-12-22,"BCE, ECB Data Portal, dataset FM",https://data.ecb.europa.eu/data/datasets/FM,2026-09-16,,,n/a,nivel,media_ponderada_volumen,serie FM.D.U2.EUR.4F.KR.DFR.LEV
Zona euro (referencia),liquidez_banco_central,tipo_facilidad_deposito_BCE | Deposit facility - date of changes (raw data) - Level,2,pct_anual,2025-12-23,"BCE, ECB Data Portal, dataset FM",https://data.ecb.europa.eu/data/datasets/FM,2026-09-16,,,n/a,nivel,media_ponderada_volumen,serie FM.D.U2.EUR.4F.KR.DFR.LEV
Zona euro (referencia),liquidez_banco_central,tipo_facilidad_deposito_BCE | Deposit facility - date of changes (raw data) - Level,2,pct_anual,2025-12-24,"BCE, ECB Data Portal, dataset FM",https://data.ecb.europa.eu/data/datasets/FM,2026-09-16,,,n/a,nivel,media_ponderada_volumen,serie FM.D.U2.EUR.4F.KR.DFR.LEV
Zona euro (referencia),liquidez_banco_central,tipo_facilidad_deposito_BCE | Deposit facility - date of changes (raw data) - Level,2,pct_anual,2025-12-25,"BCE, ECB Data Portal, dataset FM",https://data.ecb.europa.eu/data/datasets/FM,2026-09-16,,,n/a,nivel,media_ponderada_volumen,serie FM.D.U2.EUR.4F.KR.DFR.LEV
Zona euro (referencia),liquidez_banco_central,tipo_facilidad_deposito_BCE | Deposit facility - date of changes (raw data) - Level,2,pct_anual,2025-12-26,"BCE, ECB Data Portal, dataset FM",https://data.ecb.europa.eu/data/datasets/FM,2026-09-16,,,n/a,nivel,media_ponderada_volumen,serie FM.D.U2.EUR.4F.KR.DFR.LEV
Zona euro (referencia),liquidez_banco_central,tipo_facilidad_deposito_BCE | Deposit facility - date of changes (raw data) - Level,2,pct_anual,2025-12-27,"BCE, ECB Data Portal, dataset FM",https://data.ecb.europa.eu/data/datasets/FM,2026-09-16,,,n/a,nivel,media_ponderada_volumen,serie FM.D.U2.EUR.4F.KR.DFR.LEV
Zona euro (referencia),liquidez_banco_central,tipo_facilidad_deposito_BCE | Deposit facility - date of changes (raw data) - Level,2,pct_anual,2025-12-28,"BCE, ECB Data Portal, dataset FM",https://data.ecb.europa.eu/data/datasets/FM,2026-09-16,,,n/a,nivel,media_ponderada_volumen,serie FM.D.U2.EUR.4F.KR.DFR.LEV
Zona euro (referencia),liquidez_banco_central,tipo_facilidad_deposito_BCE | Deposit facility - date of changes (raw data) - Level,2,pct_anual,2025-12-29,"BCE, ECB Data Portal, dataset FM",https://data.ecb.europa.eu/data/datasets/FM,2026-09-16,,,n/a,nivel,media_ponderada_volumen,serie FM.D.U2.EUR.4F.KR.DFR.LEV
Zona euro (referencia),liquidez_banco_central,tipo_facilidad_deposito_BCE | Deposit facility - date of changes (raw data) - Level,2,pct_anual,2025-12-30,"BCE, ECB Data Portal, dataset FM",https://data.ecb.europa.eu/data/datasets/FM,2026-09-16,,,n/a,nivel,media_ponderada_volumen,serie FM.D.U2.EUR.4F.KR.DFR.LEV
Zona euro (referencia),liquidez_banco_central,tipo_facilidad_deposito_BCE | Deposit facility - date of changes (raw data) - Level,2,pct_anual,2025-12-31,"BCE, ECB Data Portal, dataset FM",https://data.ecb.europa.eu/data/datasets/FM,2026-09-16,,,n/a,nivel,media_ponderada_volumen,serie FM.D.U2.EUR.4F.KR.DFR.LEV
Zona euro (referencia),liquidez_banco_central,tipo_facilidad_deposito_BCE | Deposit facility - date of changes (raw data) - Level,2,pct_anual,2026-01-01,"BCE, ECB Data Portal, dataset FM",https://data.ecb.europa.eu/data/datasets/FM,2026-09-16,,,n/a,nivel,media_ponderada_volumen,serie FM.D.U2.EUR.4F.KR.DFR.LEV
Zona euro (referencia),liquidez_banco_central,tipo_facilidad_deposito_BCE | Deposit facility - date of changes (raw data) - Level,2,pct_anual,2026-01-02,"BCE, ECB Data Portal, dataset FM",https://data.ecb.europa.eu/data/datasets/FM,2026-09-16,,,n/a,nivel,media_ponderada_volumen,serie FM.D.U2.EUR.4F.KR.DFR.LEV
Zona euro (referencia),liquidez_banco_central,tipo_facilidad_deposito_BCE | Deposit facility - date of changes (raw data) - Level,2,pct_anual,2026-01-03,"BCE, ECB Data Portal, dataset FM",https://data.ecb.europa.eu/data/datasets/FM,2026-09-16,,,n/a,nivel,media_ponderada_volumen,serie FM.D.U2.EUR.4F.KR.DFR.LEV
Zona euro (referencia),liquidez_banco_central,tipo_facilidad_deposito_BCE | Deposit facility - date of changes (raw data) - Level,2,pct_anual,2026-01-04,"BCE, ECB Data Portal, dataset FM",https://data.ecb.europa.eu/data/datasets/FM,2026-09-16,,,n/a,nivel,media_ponderada_volumen,serie FM.D.U2.EUR.4F.KR.DFR.LEV
Zona euro (referencia),liquidez_banco_central,tipo_facilidad_deposito_BCE | Deposit facility - date of changes (raw data) - Level,2,pct_anual,2026-01-05,"BCE, ECB Data Portal, dataset FM",https://data.ecb.europa.eu/data/datasets/FM,2026-09-16,,,n/a,nivel,media_ponderada_volumen,serie FM.D.U2.EUR.4F.KR.DFR.LEV
Zona euro (referencia),liquidez_banco_central,tipo_facilidad_deposito_BCE | Deposit facility - date of changes (raw data) - Level,2,pct_anual,2026-01-06,"BCE, ECB Data Portal, dataset FM",https://data.ecb.europa.eu/data/datasets/FM,2026-09-16,,,n/a,nivel,media_ponderada_volumen,serie FM.D.U2.EUR.4F.KR.DFR.LEV
Zona euro (referencia),liquidez_banco_central,tipo_facilidad_deposito_BCE | Deposit facility - date of changes (raw data) - Level,2,pct_anual,2026-01-07,"BCE, ECB Data Portal, dataset FM",https://data.ecb.europa.eu/data/datasets/FM,2026-09-16,,,n/a,nivel,media_ponderada_volumen,serie FM.D.U2.EUR.4F.KR.DFR.LEV
Zona euro (referencia),liquidez_banco_central,tipo_facilidad_deposito_BCE | Deposit facility - date of changes (raw data) - Level,2,pct_anual,2026-01-08,"BCE, ECB Data Portal, dataset FM",https://data.ecb.europa.eu/data/datasets/FM,2026-09-16,,,n/a,nivel,media_ponderada_volumen,serie FM.D.U2.EUR.4F.KR.DFR.LEV
Zona euro (referencia),liquidez_banco_central,tipo_facilidad_deposito_BCE | Deposit facility - date of changes (raw data) - Level,2,pct_anual,2026-01-09,"BCE, ECB Data Portal, dataset FM",https://data.ecb.europa.eu/data/datasets/FM,2026-09-16,,,n/a,nivel,media_ponderada_volumen,serie FM.D.U2.EUR.4F.KR.DFR.LEV
Zona euro (referencia),liquidez_banco_central,tipo_facilidad_deposito_BCE | Deposit facility - date of changes (raw data) - Level,2,pct_anual,2026-01-10,"BCE, ECB Data Portal, dataset FM",https://data.ecb.europa.eu/data/datasets/FM,2026-09-16,,,n/a,nivel,media_ponderada_volumen,serie FM.D.U2.EUR.4F.KR.DFR.LEV
Zona euro (referencia),liquidez_banco_central,tipo_facilidad_deposito_BCE | Deposit facility - date of changes (raw data) - Level,2,pct_anual,2026-01-11,"BCE, ECB Data Portal, dataset FM",https://data.ecb.europa.eu/data/datasets/FM,2026-09-16,,,n/a,nivel,media_ponderada_volumen,serie FM.D.U2.EUR.4F.KR.DFR.LEV
Zona euro (referencia),liquidez_banco_central,tipo_facilidad_deposito_BCE | Deposit facility - date of changes (raw data) - Level,2,pct_anual,2026-01-12,"BCE, ECB Data Portal, dataset FM",https://data.ecb.europa.eu/data/datasets/FM,2026-09-16,,,n/a,nivel,media_ponderada_volumen,serie FM.D.U2.EUR.4F.KR.DFR.LEV
Zona euro (referencia),liquidez_banco_central,tipo_facilidad_deposito_BCE | Deposit facility - date of changes (raw data) - Level,2,pct_anual,2026-01-13,"BCE, ECB Data Portal, dataset FM",https://data.ecb.europa.eu/data/datasets/FM,2026-09-16,,,n/a,nivel,media_ponderada_volumen,serie FM.D.U2.EUR.4F.KR.DFR.LEV
Zona euro (referencia),liquidez_banco_central,tipo_facilidad_deposito_BCE | Deposit facility - date of changes (raw data) - Level,2,pct_anual,2026-01-14,"BCE, ECB Data Portal, dataset FM",https://data.ecb.europa.eu/data/datasets/FM,2026-09-16,,,n/a,nivel,media_ponderada_volumen,serie FM.D.U2.EUR.4F.KR.DFR.LEV
Zona euro (referencia),liquidez_banco_central,tipo_facilidad_deposito_BCE | Deposit facility - date of changes (raw data) - Level,2,pct_anual,2026-01-15,"BCE, ECB Data Portal, dataset FM",https://data.ecb.europa.eu/data/datasets/FM,2026-09-16,,,n/a,nivel,media_ponderada_volumen,serie FM.D.U2.EUR.4F.KR.DFR.LEV
Zona euro (referencia),liquidez_banco_central,tipo_facilidad_deposito_BCE | Deposit facility - date of changes (raw data) - Level,2,pct_anual,2026-01-16,"BCE, ECB Data Portal, dataset FM",https://data.ecb.europa.eu/data/datasets/FM,2026-09-16,,,n/a,nivel,media_ponderada_volumen,serie FM.D.U2.EUR.4F.KR.DFR.LEV
Zona euro (referencia),liquidez_banco_central,tipo_facilidad_deposito_BCE | Deposit facility - date of changes (raw data) - Level,2,pct_anual,2026-01-17,"BCE, ECB Data Portal, dataset FM",https://data.ecb.europa.eu/data/datasets/FM,2026-09-16,,,n/a,nivel,media_ponderada_volumen,serie FM.D.U2.EUR.4F.KR.DFR.LEV
Zona euro (referencia),liquidez_banco_central,tipo_facilidad_deposito_BCE | Deposit facility - date of changes (raw data) - Level,2,pct_anual,2026-01-18,"BCE, ECB Data Portal, dataset FM",https://data.ecb.europa.eu/data/datasets/FM,2026-09-16,,,n/a,nivel,media_ponderada_volumen,serie FM.D.U2.EUR.4F.KR.DFR.LEV
Zona euro (referencia),liquidez_banco_central,tipo_facilidad_deposito_BCE | Deposit facility - date of changes (raw data) - Level,2,pct_anual,2026-01-19,"BCE, ECB Data Portal, dataset FM",https://data.ecb.europa.eu/data/datasets/FM,2026-09-16,,,n/a,nivel,media_ponderada_volumen,serie FM.D.U2.EUR.4F.KR.DFR.LEV
Zona euro (referencia),liquidez_banco_central,tipo_facilidad_deposito_BCE | Deposit facility - date of changes (raw data) - Level,2,pct_anual,2026-01-20,"BCE, ECB Data Portal, dataset FM",https://data.ecb.europa.eu/data/datasets/FM,2026-09-16,,,n/a,nivel,media_ponderada_volumen,serie FM.D.U2.EUR.4F.KR.DFR.LEV
Zona euro (referencia),liquidez_banco_central,tipo_facilidad_deposito_BCE | Deposit facility - date of changes (raw data) - Level,2,pct_anual,2026-01-21,"BCE, ECB Data Portal, dataset FM",https://data.ecb.europa.eu/data/datasets/FM,2026-09-16,,,n/a,nivel,media_ponderada_volumen,serie FM.D.U2.EUR.4F.KR.DFR.LEV
Zona euro (referencia),liquidez_banco_central,tipo_facilidad_deposito_BCE | Deposit facility - date of changes (raw data) - Level,2,pct_anual,2026-01-22,"BCE, ECB Data Portal, dataset FM",https://data.ecb.europa.eu/data/datasets/FM,2026-09-16,,,n/a,nivel,media_ponderada_volumen,serie FM.D.U2.EUR.4F.KR.DFR.LEV
Zona euro (referencia),liquidez_banco_central,tipo_facilidad_deposito_BCE | Deposit facility - date of changes (raw data) - Level,2,pct_anual,2026-01-23,"BCE, ECB Data Portal, dataset FM",https://data.ecb.europa.eu/data/datasets/FM,2026-09-16,,,n/a,nivel,media_ponderada_volumen,serie FM.D.U2.EUR.4F.KR.DFR.LEV
Zona euro (referencia),liquidez_banco_central,tipo_facilidad_deposito_BCE | Deposit facility - date of changes (raw data) - Level,2,pct_anual,2026-01-24,"BCE, ECB Data Portal, dataset FM",https://data.ecb.europa.eu/data/datasets/FM,2026-09-16,,,n/a,nivel,media_ponderada_volumen,serie FM.D.U2.EUR.4F.KR.DFR.LEV
Zona euro (referencia),liquidez_banco_central,tipo_facilidad_deposito_BCE | Deposit facility - date of changes (raw data) - Level,2,pct_anual,2026-01-25,"BCE, ECB Data Portal, dataset FM",https://data.ecb.europa.eu/data/datasets/FM,2026-09-16,,,n/a,nivel,media_ponderada_volumen,serie FM.D.U2.EUR.4F.KR.DFR.LEV
Zona euro (referencia),liquidez_banco_central,tipo_facilidad_deposito_BCE | Deposit facility - date of changes (raw data) - Level,2,pct_anual,2026-01-26,"BCE, ECB Data Portal, dataset FM",https://data.ecb.europa.eu/data/datasets/FM,2026-09-16,,,n/a,nivel,media_ponderada_volumen,serie FM.D.U2.EUR.4F.KR.DFR.LEV
Zona euro (referencia),liquidez_banco_central,tipo_facilidad_deposito_BCE | Deposit facility - date of changes (raw data) - Level,2,pct_anual,2026-01-27,"BCE, ECB Data Portal, dataset FM",https://data.ecb.europa.eu/data/datasets/FM,2026-09-16,,,n/a,nivel,media_ponderada_volumen,serie FM.D.U2.EUR.4F.KR.DFR.LEV
Zona euro (referencia),liquidez_banco_central,tipo_facilidad_deposito_BCE | Deposit facility - date of changes (raw data) - Level,2,pct_anual,2026-01-28,"BCE, ECB Data Portal, dataset FM",https://data.ecb.europa.eu/data/datasets/FM,2026-09-16,,,n/a,nivel,media_ponderada_volumen,serie FM.D.U2.EUR.4F.KR.DFR.LEV
Zona euro (referencia),liquidez_banco_central,tipo_facilidad_deposito_BCE | Deposit facility - date of changes (raw data) - Level,2,pct_anual,2026-01-29,"BCE, ECB Data Portal, dataset FM",https://data.ecb.europa.eu/data/datasets/FM,2026-09-16,,,n/a,nivel,media_ponderada_volumen,serie FM.D.U2.EUR.4F.KR.DFR.LEV
Zona euro (referencia),liquidez_banco_central,tipo_facilidad_deposito_BCE | Deposit facility - date of changes (raw data) - Level,2,pct_anual,2026-01-30,"BCE, ECB Data Portal, dataset FM",https://data.ecb.europa.eu/data/datasets/FM,2026-09-16,,,n/a,nivel,media_ponderada_volumen,serie FM.D.U2.EUR.4F.KR.DFR.LEV
Zona euro (referencia),liquidez_banco_central,tipo_facilidad_deposito_BCE | Deposit facility - date of changes (raw data) - Level,2,pct_anual,2026-01-31,"BCE, ECB Data Portal, dataset FM",https://data.ecb.europa.eu/data/datasets/FM,2026-09-16,,,n/a,nivel,media_ponderada_volumen,serie FM.D.U2.EUR.4F.KR.DFR.LEV
Zona euro (referencia),liquidez_banco_central,tipo_facilidad_deposito_BCE | Deposit facility - date of changes (raw data) - Level,2,pct_anual,2026-02-01,"BCE, ECB Data Portal, dataset FM",https://data.ecb.europa.eu/data/datasets/FM,2026-09-16,,,n/a,nivel,media_ponderada_volumen,serie FM.D.U2.EUR.4F.KR.DFR.LEV
Zona euro (referencia),liquidez_banco_central,tipo_facilidad_deposito_BCE | Deposit facility - date of changes (raw data) - Level,2,pct_anual,2026-02-02,"BCE, ECB Data Portal, dataset FM",https://data.ecb.europa.eu/data/datasets/FM,2026-09-16,,,n/a,nivel,media_ponderada_volumen,serie FM.D.U2.EUR.4F.KR.DFR.LEV
Zona euro (referencia),liquidez_banco_central,tipo_facilidad_deposito_BCE | Deposit facility - date of changes (raw data) - Level,2,pct_anual,2026-02-03,"BCE, ECB Data Portal, dataset FM",https://data.ecb.europa.eu/data/datasets/FM,2026-09-16,,,n/a,nivel,media_ponderada_volumen,serie FM.D.U2.EUR.4F.KR.DFR.LEV
Zona euro (referencia),liquidez_banco_central,tipo_facilidad_deposito_BCE | Deposit facility - date of changes (raw data) - Level,2,pct_anual,2026-02-04,"BCE, ECB Data Portal, dataset FM",https://data.ecb.europa.eu/data/datasets/FM,2026-09-16,,,n/a,nivel,media_ponderada_volumen,serie FM.D.U2.EUR.4F.KR.DFR.LEV
Zona euro (referencia),liquidez_banco_central,tipo_facilidad_deposito_BCE | Deposit facility - date of changes (raw data) - Level,2,pct_anual,2026-02-05,"BCE, ECB Data Portal, dataset FM",https://data.ecb.europa.eu/data/datasets/FM,2026-09-16,,,n/a,nivel,media_ponderada_volumen,serie FM.D.U2.EUR.4F.KR.DFR.LEV
Zona euro (referencia),liquidez_banco_central,tipo_facilidad_deposito_BCE | Deposit facility - date of changes (raw data) - Level,2,pct_anual,2026-02-06,"BCE, ECB Data Portal, dataset FM",https://data.ecb.europa.eu/data/datasets/FM,2026-09-16,,,n/a,nivel,media_ponderada_volumen,serie FM.D.U2.EUR.4F.KR.DFR.LEV
Zona euro (referencia),liquidez_banco_central,tipo_facilidad_deposito_BCE | Deposit facility - date of changes (raw data) - Level,2,pct_anual,2026-02-07,"BCE, ECB Data Portal, dataset FM",https://data.ecb.europa.eu/data/datasets/FM,2026-09-16,,,n/a,nivel,media_ponderada_volumen,serie FM.D.U2.EUR.4F.KR.DFR.LEV
Zona euro (referencia),liquidez_banco_central,tipo_facilidad_deposito_BCE | Deposit facility - date of changes (raw data) - Level,2,pct_anual,2026-02-08,"BCE, ECB Data Portal, dataset FM",https://data.ecb.europa.eu/data/datasets/FM,2026-09-16,,,n/a,nivel,media_ponderada_volumen,serie FM.D.U2.EUR.4F.KR.DFR.LEV
Zona euro (referencia),liquidez_banco_central,tipo_facilidad_deposito_BCE | Deposit facility - date of changes (raw data) - Level,2,pct_anual,2026-02-09,"BCE, ECB Data Portal, dataset FM",https://data.ecb.europa.eu/data/datasets/FM,2026-09-16,,,n/a,nivel,media_ponderada_volumen,serie FM.D.U2.EUR.4F.KR.DFR.LEV
Zona euro (referencia),liquidez_banco_central,tipo_facilidad_deposito_BCE | Deposit facility - date of changes (raw data) - Level,2,pct_anual,2026-02-10,"BCE, ECB Data Portal, dataset FM",https://data.ecb.europa.eu/data/datasets/FM,2026-09-16,,,n/a,nivel,media_ponderada_volumen,serie FM.D.U2.EUR.4F.KR.DFR.LEV
Zona euro (referencia),liquidez_banco_central,tipo_facilidad_deposito_BCE | Deposit facility - date of changes (raw data) - Level,2,pct_anual,2026-02-11,"BCE, ECB Data Portal, dataset FM",https://data.ecb.europa.eu/data/datasets/FM,2026-09-16,,,n/a,nivel,media_ponderada_volumen,serie FM.D.U2.EUR.4F.KR.DFR.LEV
Zona euro (referencia),liquidez_banco_central,tipo_facilidad_deposito_BCE | Deposit facility - date of changes (raw data) - Level,2,pct_anual,2026-02-12,"BCE, ECB Data Portal, dataset FM",https://data.ecb.europa.eu/data/datasets/FM,2026-09-16,,,n/a,nivel,media_ponderada_volumen,serie FM.D.U2.EUR.4F.KR.DFR.LEV
Zona euro (referencia),liquidez_banco_central,tipo_facilidad_deposito_BCE | Deposit facility - date of changes (raw data) - Level,2,pct_anual,2026-02-13,"BCE, ECB Data Portal, dataset FM",https://data.ecb.europa.eu/data/datasets/FM,2026-09-16,,,n/a,nivel,media_ponderada_volumen,serie FM.D.U2.EUR.4F.KR.DFR.LEV
Zona euro (referencia),liquidez_banco_central,tipo_facilidad_deposito_BCE | Deposit facility - date of changes (raw data) - Level,2,pct_anual,2026-02-14,"BCE, ECB Data Portal, dataset FM",https://data.ecb.europa.eu/data/datasets/FM,2026-09-16,,,n/a,nivel,media_ponderada_volumen,serie FM.D.U2.EUR.4F.KR.DFR.LEV
Zona euro (referencia),liquidez_banco_central,tipo_facilidad_deposito_BCE | Deposit facility - date of changes (raw data) - Level,2,pct_anual,2026-02-15,"BCE, ECB Data Portal, dataset FM",https://data.ecb.europa.eu/data/datasets/FM,2026-09-16,,,n/a,nivel,media_ponderada_volumen,serie FM.D.U2.EUR.4F.KR.DFR.LEV
Zona euro (referencia),liquidez_banco_central,tipo_facilidad_deposito_BCE | Deposit facility - date of changes (raw data) - Level,2,pct_anual,2026-02-16,"BCE, ECB Data Portal, dataset FM",https://data.ecb.europa.eu/data/datasets/FM,2026-09-16,,,n/a,nivel,media_ponderada_volumen,serie FM.D.U2.EUR.4F.KR.DFR.LEV
Zona euro (referencia),liquidez_banco_central,tipo_facilidad_deposito_BCE | Deposit facility - date of changes (raw data) - Level,2,pct_anual,2026-02-17,"BCE, ECB Data Portal, dataset FM",https://data.ecb.europa.eu/data/datasets/FM,2026-09-16,,,n/a,nivel,media_ponderada_volumen,serie FM.D.U2.EUR.4F.KR.DFR.LEV
Zona euro (referencia),liquidez_banco_central,tipo_facilidad_deposito_BCE | Deposit facility - date of changes (raw data) - Level,2,pct_anual,2026-02-18,"BCE, ECB Data Portal, dataset FM",https://data.ecb.europa.eu/data/datasets/FM,2026-09-16,,,n/a,nivel,media_ponderada_volumen,serie FM.D.U2.EUR.4F.KR.DFR.LEV
Zona euro (referencia),liquidez_banco_central,tipo_facilidad_deposito_BCE | Deposit facility - date of changes (raw data) - Level,2,pct_anual,2026-02-19,"BCE, ECB Data Portal, dataset FM",https://data.ecb.europa.eu/data/datasets/FM,2026-09-16,,,n/a,nivel,media_ponderada_volumen,serie FM.D.U2.EUR.4F.KR.DFR.LEV
Zona euro (referencia),liquidez_banco_central,tipo_facilidad_deposito_BCE | Deposit facility - date of changes (raw data) - Level,2,pct_anual,2026-02-20,"BCE, ECB Data Portal, dataset FM",https://data.ecb.europa.eu/data/datasets/FM,2026-09-16,,,n/a,nivel,media_ponderada_volumen,serie FM.D.U2.EUR.4F.KR.DFR.LEV
Zona euro (referencia),liquidez_banco_central,tipo_facilidad_deposito_BCE | Deposit facility - date of changes (raw data) - Level,2,pct_anual,2026-02-21,"BCE, ECB Data Portal, dataset FM",https://data.ecb.europa.eu/data/datasets/FM,2026-09-16,,,n/a,nivel,media_ponderada_volumen,serie FM.D.U2.EUR.4F.KR.DFR.LEV
Zona euro (referencia),liquidez_banco_central,tipo_facilidad_deposito_BCE | Deposit facility - date of changes (raw data) - Level,2,pct_anual,2026-02-22,"BCE, ECB Data Portal, dataset FM",https://data.ecb.europa.eu/data/datasets/FM,2026-09-16,,,n/a,nivel,media_ponderada_volumen,serie FM.D.U2.EUR.4F.KR.DFR.LEV
Zona euro (referencia),liquidez_banco_central,tipo_facilidad_deposito_BCE | Deposit facility - date of changes (raw data) - Level,2,pct_anual,2026-02-23,"BCE, ECB Data Portal, dataset FM",https://data.ecb.europa.eu/data/datasets/FM,2026-09-16,,,n/a,nivel,media_ponderada_volumen,serie FM.D.U2.EUR.4F.KR.DFR.LEV
Zona euro (referencia),liquidez_banco_central,tipo_facilidad_deposito_BCE | Deposit facility - date of changes (raw data) - Level,2,pct_anual,2026-02-24,"BCE, ECB Data Portal, dataset FM",https://data.ecb.europa.eu/data/datasets/FM,2026-09-16,,,n/a,nivel,media_ponderada_volumen,serie FM.D.U2.EUR.4F.KR.DFR.LEV
Zona euro (referencia),liquidez_banco_central,tipo_facilidad_deposito_BCE | Deposit facility - date of changes (raw data) - Level,2,pct_anual,2026-02-25,"BCE, ECB Data Portal, dataset FM",https://data.ecb.europa.eu/data/datasets/FM,2026-09-16,,,n/a,nivel,media_ponderada_volumen,serie FM.D.U2.EUR.4F.KR.DFR.LEV
Zona euro (referencia),liquidez_banco_central,tipo_facilidad_deposito_BCE | Deposit facility - date of changes (raw data) - Level,2,pct_anual,2026-02-26,"BCE, ECB Data Portal, dataset FM",https://data.ecb.europa.eu/data/datasets/FM,2026-09-16,,,n/a,nivel,media_ponderada_volumen,serie FM.D.U2.EUR.4F.KR.DFR.LEV
Zona euro (referencia),liquidez_banco_central,tipo_facilidad_deposito_BCE | Deposit facility - date of changes (raw data) - Level,2,pct_anual,2026-02-27,"BCE, ECB Data Portal, dataset FM",https://data.ecb.europa.eu/data/datasets/FM,2026-09-16,,,n/a,nivel,media_ponderada_volumen,serie FM.D.U2.EUR.4F.KR.DFR.LEV
Zona euro (referencia),liquidez_banco_central,tipo_facilidad_deposito_BCE | Deposit facility - date of changes (raw data) - Level,2,pct_anual,2026-02-28,"BCE, ECB Data Portal, dataset FM",https://data.ecb.europa.eu/data/datasets/FM,2026-09-16,,,n/a,nivel,media_ponderada_volumen,serie FM.D.U2.EUR.4F.KR.DFR.LEV
Zona euro (referencia),liquidez_banco_central,tipo_facilidad_deposito_BCE | Deposit facility - date of changes (raw data) - Level,2,pct_anual,2026-03-01,"BCE, ECB Data Portal, dataset FM",https://data.ecb.europa.eu/data/datasets/FM,2026-09-16,,,n/a,nivel,media_ponderada_volumen,serie FM.D.U2.EUR.4F.KR.DFR.LEV
Zona euro (referencia),liquidez_banco_central,tipo_facilidad_deposito_BCE | Deposit facility - date of changes (raw data) - Level,2,pct_anual,2026-03-02,"BCE, ECB Data Portal, dataset FM",https://data.ecb.europa.eu/data/datasets/FM,2026-09-16,,,n/a,nivel,media_ponderada_volumen,serie FM.D.U2.EUR.4F.KR.DFR.LEV
Zona euro (referencia),liquidez_banco_central,tipo_facilidad_deposito_BCE | Deposit facility - date of changes (raw data) - Level,2,pct_anual,2026-03-03,"BCE, ECB Data Portal, dataset FM",https://data.ecb.europa.eu/data/datasets/FM,2026-09-16,,,n/a,nivel,media_ponderada_volumen,serie FM.D.U2.EUR.4F.KR.DFR.LEV
Zona euro (referencia),liquidez_banco_central,tipo_facilidad_deposito_BCE | Deposit facility - date of changes (raw data) - Level,2,pct_anual,2026-03-04,"BCE, ECB Data Portal, dataset FM",https://data.ecb.europa.eu/data/datasets/FM,2026-09-16,,,n/a,nivel,media_ponderada_volumen,serie FM.D.U2.EUR.4F.KR.DFR.LEV
Zona euro (referencia),liquidez_banco_central,tipo_facilidad_deposito_BCE | Deposit facility - date of changes (raw data) - Level,2,pct_anual,2026-03-05,"BCE, ECB Data Portal, dataset FM",https://data.ecb.europa.eu/data/datasets/FM,2026-09-16,,,n/a,nivel,media_ponderada_volumen,serie FM.D.U2.EUR.4F.KR.DFR.LEV
Zona euro (referencia),liquidez_banco_central,tipo_facilidad_deposito_BCE | Deposit facility - date of changes (raw data) - Level,2,pct_anual,2026-03-06,"BCE, ECB Data Portal, dataset FM",https://data.ecb.europa.eu/data/datasets/FM,2026-09-16,,,n/a,nivel,media_ponderada_volumen,serie FM.D.U2.EUR.4F.KR.DFR.LEV
Zona euro (referencia),liquidez_banco_central,tipo_facilidad_deposito_BCE | Deposit facility - date of changes (raw data) - Level,2,pct_anual,2026-03-07,"BCE, ECB Data Portal, dataset FM",https://data.ecb.europa.eu/data/datasets/FM,2026-09-16,,,n/a,nivel,media_ponderada_volumen,serie FM.D.U2.EUR.4F.KR.DFR.LEV
Zona euro (referencia),liquidez_banco_central,tipo_facilidad_deposito_BCE | Deposit facility - date of changes (raw data) - Level,2,pct_anual,2026-03-08,"BCE, ECB Data Portal, dataset FM",https://data.ecb.europa.eu/data/datasets/FM,2026-09-16,,,n/a,nivel,media_ponderada_volumen,serie FM.D.U2.EUR.4F.KR.DFR.LEV
Zona euro (referencia),liquidez_banco_central,tipo_facilidad_deposito_BCE | Deposit facility - date of changes (raw data) - Level,2,pct_anual,2026-03-09,"BCE, ECB Data Portal, dataset FM",https://data.ecb.europa.eu/data/datasets/FM,2026-09-16,,,n/a,nivel,media_ponderada_volumen,serie FM.D.U2.EUR.4F.KR.DFR.LEV
Zona euro (referencia),liquidez_banco_central,tipo_facilidad_deposito_BCE | Deposit facility - date of changes (raw data) - Level,2,pct_anual,2026-03-10,"BCE, ECB Data Portal, dataset FM",https://data.ecb.europa.eu/data/datasets/FM,2026-09-16,,,n/a,nivel,media_ponderada_volumen,serie FM.D.U2.EUR.4F.KR.DFR.LEV
Zona euro (referencia),liquidez_banco_central,tipo_facilidad_deposito_BCE | Deposit facility - date of changes (raw data) - Level,2,pct_anual,2026-03-11,"BCE, ECB Data Portal, dataset FM",https://data.ecb.europa.eu/data/datasets/FM,2026-09-16,,,n/a,nivel,media_ponderada_volumen,serie FM.D.U2.EUR.4F.KR.DFR.LEV
Zona euro (referencia),liquidez_banco_central,tipo_facilidad_deposito_BCE | Deposit facility - date of changes (raw data) - Level,2,pct_anual,2026-03-12,"BCE, ECB Data Portal, dataset FM",https://data.ecb.europa.eu/data/datasets/FM,2026-09-16,,,n/a,nivel,media_ponderada_volumen,serie FM.D.U2.EUR.4F.KR.DFR.LEV
Zona euro (referencia),liquidez_banco_central,tipo_facilidad_deposito_BCE | Deposit facility - date of changes (raw data) - Level,2,pct_anual,2026-03-13,"BCE, ECB Data Portal, dataset FM",https://data.ecb.europa.eu/data/datasets/FM,2026-09-16,,,n/a,nivel,media_ponderada_volumen,serie FM.D.U2.EUR.4F.KR.DFR.LEV
Zona euro (referencia),liquidez_banco_central,tipo_facilidad_deposito_BCE | Deposit facility - date of changes (raw data) - Level,2,pct_anual,2026-03-14,"BCE, ECB Data Portal, dataset FM",https://data.ecb.europa.eu/data/datasets/FM,2026-09-16,,,n/a,nivel,media_ponderada_volumen,serie FM.D.U2.EUR.4F.KR.DFR.LEV
Zona euro (referencia),liquidez_banco_central,tipo_facilidad_deposito_BCE | Deposit facility - date of changes (raw data) - Level,2,pct_anual,2026-03-15,"BCE, ECB Data Portal, dataset FM",https://data.ecb.europa.eu/data/datasets/FM,2026-09-16,,,n/a,nivel,media_ponderada_volumen,serie FM.D.U2.EUR.4F.KR.DFR.LEV
Zona euro (referencia),liquidez_banco_central,tipo_facilidad_deposito_BCE | Deposit facility - date of changes (raw data) - Level,2,pct_anual,2026-03-16,"BCE, ECB Data Portal, dataset FM",https://data.ecb.europa.eu/data/datasets/FM,2026-09-16,,,n/a,nivel,media_ponderada_volumen,serie FM.D.U2.EUR.4F.KR.DFR.LEV
Zona euro (referencia),liquidez_banco_central,tipo_facilidad_deposito_BCE | Deposit facility - date of changes (raw data) - Level,2,pct_anual,2026-03-17,"BCE, ECB Data Portal, dataset FM",https://data.ecb.europa.eu/data/datasets/FM,2026-09-16,,,n/a,nivel,media_ponderada_volumen,serie FM.D.U2.EUR.4F.KR.DFR.LEV
Zona euro (referencia),liquidez_banco_central,tipo_facilidad_deposito_BCE | Deposit facility - date of changes (raw data) - Level,2,pct_anual,2026-03-18,"BCE, ECB Data Portal, dataset FM",https://data.ecb.europa.eu/data/datasets/FM,2026-09-16,,,n/a,nivel,media_ponderada_volumen,serie FM.D.U2.EUR.4F.KR.DFR.LEV
Zona euro (referencia),liquidez_banco_central,tipo_facilidad_deposito_BCE | Deposit facility - date of changes (raw data) - Level,2,pct_anual,2026-03-19,"BCE, ECB Data Portal, dataset FM",https://data.ecb.europa.eu/data/datasets/FM,2026-09-16,,,n/a,nivel,media_ponderada_volumen,serie FM.D.U2.EUR.4F.KR.DFR.LEV
Zona euro (referencia),liquidez_banco_central,tipo_facilidad_deposito_BCE | Deposit facility - date of changes (raw data) - Level,2,pct_anual,2026-03-20,"BCE, ECB Data Portal, dataset FM",https://data.ecb.europa.eu/data/datasets/FM,2026-09-16,,,n/a,nivel,media_ponderada_volumen,serie FM.D.U2.EUR.4F.KR.DFR.LEV
Zona euro (referencia),liquidez_banco_central,tipo_facilidad_deposito_BCE | Deposit facility - date of changes (raw data) - Level,2,pct_anual,2026-03-21,"BCE, ECB Data Portal, dataset FM",https://data.ecb.europa.eu/data/datasets/FM,2026-09-16,,,n/a,nivel,media_ponderada_volumen,serie FM.D.U2.EUR.4F.KR.DFR.LEV
Zona euro (referencia),liquidez_banco_central,tipo_facilidad_deposito_BCE | Deposit facility - date of changes (raw data) - Level,2,pct_anual,2026-03-22,"BCE, ECB Data Portal, dataset FM",https://data.ecb.europa.eu/data/datasets/FM,2026-09-16,,,n/a,nivel,media_ponderada_volumen,serie FM.D.U2.EUR.4F.KR.DFR.LEV
Zona euro (referencia),liquidez_banco_central,tipo_facilidad_deposito_BCE | Deposit facility - date of changes (raw data) - Level,2,pct_anual,2026-03-23,"BCE, ECB Data Portal, dataset FM",https://data.ecb.europa.eu/data/datasets/FM,2026-09-16,,,n/a,nivel,media_ponderada_volumen,serie FM.D.U2.EUR.4F.KR.DFR.LEV
Zona euro (referencia),liquidez_banco_central,tipo_facilidad_deposito_BCE | Deposit facility - date of changes (raw data) - Level,2,pct_anual,2026-03-24,"BCE, ECB Data Portal, dataset FM",https://data.ecb.europa.eu/data/datasets/FM,2026-09-16,,,n/a,nivel,media_ponderada_volumen,serie FM.D.U2.EUR.4F.KR.DFR.LEV
Zona euro (referencia),liquidez_banco_central,tipo_facilidad_deposito_BCE | Deposit facility - date of changes (raw data) - Level,2,pct_anual,2026-03-25,"BCE, ECB Data Portal, dataset FM",https://data.ecb.europa.eu/data/datasets/FM,2026-09-16,,,n/a,nivel,media_ponderada_volumen,serie FM.D.U2.EUR.4F.KR.DFR.LEV
Zona euro (referencia),liquidez_banco_central,tipo_facilidad_deposito_BCE | Deposit facility - date of changes (raw data) - Level,2,pct_anual,2026-03-26,"BCE, ECB Data Portal, dataset FM",https://data.ecb.europa.eu/data/datasets/FM,2026-09-16,,,n/a,nivel,media_ponderada_volumen,serie FM.D.U2.EUR.4F.KR.DFR.LEV
Zona euro (referencia),liquidez_banco_central,tipo_facilidad_deposito_BCE | Deposit facility - date of changes (raw data) - Level,2,pct_anual,2026-03-27,"BCE, ECB Data Portal, dataset FM",https://data.ecb.europa.eu/data/datasets/FM,2026-09-16,,,n/a,nivel,media_ponderada_volumen,serie FM.D.U2.EUR.4F.KR.DFR.LEV
Zona euro (referencia),liquidez_banco_central,tipo_facilidad_deposito_BCE | Deposit facility - date of changes (raw data) - Level,2,pct_anual,2026-03-28,"BCE, ECB Data Portal, dataset FM",https://data.ecb.europa.eu/data/datasets/FM,2026-09-16,,,n/a,nivel,media_ponderada_volumen,serie FM.D.U2.EUR.4F.KR.DFR.LEV
Zona euro (referencia),liquidez_banco_central,tipo_facilidad_deposito_BCE | Deposit facility - date of changes (raw data) - Level,2,pct_anual,2026-03-29,"BCE, ECB Data Portal, dataset FM",https://data.ecb.europa.eu/data/datasets/FM,2026-09-16,,,n/a,nivel,media_ponderada_volumen,serie FM.D.U2.EUR.4F.KR.DFR.LEV
Zona euro (referencia),liquidez_banco_central,tipo_facilidad_deposito_BCE | Deposit facility - date of changes (raw data) - Level,2,pct_anual,2026-03-30,"BCE, ECB Data Portal, dataset FM",https://data.ecb.europa.eu/data/datasets/FM,2026-09-16,,,n/a,nivel,media_ponderada_volumen,serie FM.D.U2.EUR.4F.KR.DFR.LEV
Zona euro (referencia),liquidez_banco_central,tipo_facilidad_deposito_BCE | Deposit facility - date of changes (raw data) - Level,2,pct_anual,2026-03-31,"BCE, ECB Data Portal, dataset FM",https://data.ecb.europa.eu/data/datasets/FM,2026-09-16,,,n/a,nivel,media_ponderada_volumen,serie FM.D.U2.EUR.4F.KR.DFR.LEV
Zona euro (referencia),liquidez_banco_central,tipo_facilidad_deposito_BCE | Deposit facility - date of changes (raw data) - Level,2,pct_anual,2026-04-01,"BCE, ECB Data Portal, dataset FM",https://data.ecb.europa.eu/data/datasets/FM,2026-09-16,,,n/a,nivel,media_ponderada_volumen,serie FM.D.U2.EUR.4F.KR.DFR.LEV
Zona euro (referencia),liquidez_banco_central,tipo_facilidad_deposito_BCE | Deposit facility - date of changes (raw data) - Level,2,pct_anual,2026-04-02,"BCE, ECB Data Portal, dataset FM",https://data.ecb.europa.eu/data/datasets/FM,2026-09-16,,,n/a,nivel,media_ponderada_volumen,serie FM.D.U2.EUR.4F.KR.DFR.LEV
Zona euro (referencia),liquidez_banco_central,tipo_facilidad_deposito_BCE | Deposit facility - date of changes (raw data) - Level,2,pct_anual,2026-04-03,"BCE, ECB Data Portal, dataset FM",https://data.ecb.europa.eu/data/datasets/FM,2026-09-16,,,n/a,nivel,media_ponderada_volumen,serie FM.D.U2.EUR.4F.KR.DFR.LEV
Zona euro (referencia),liquidez_banco_central,tipo_facilidad_deposito_BCE | Deposit facility - date of changes (raw data) - Level,2,pct_anual,2026-04-04,"BCE, ECB Data Portal, dataset FM",https://data.ecb.europa.eu/data/datasets/FM,2026-09-16,,,n/a,nivel,media_ponderada_volumen,serie FM.D.U2.EUR.4F.KR.DFR.LEV
Zona euro (referencia),liquidez_banco_central,tipo_facilidad_deposito_BCE | Deposit facility - date of changes (raw data) - Level,2,pct_anual,2026-04-05,"BCE, ECB Data Portal, dataset FM",https://data.ecb.europa.eu/data/datasets/FM,2026-09-16,,,n/a,nivel,media_ponderada_volumen,serie FM.D.U2.EUR.4F.KR.DFR.LEV
Zona euro (referencia),liquidez_banco_central,tipo_facilidad_deposito_BCE | Deposit facility - date of changes (raw data) - Level,2,pct_anual,2026-04-06,"BCE, ECB Data Portal, dataset FM",https://data.ecb.europa.eu/data/datasets/FM,2026-09-16,,,n/a,nivel,media_ponderada_volumen,serie FM.D.U2.EUR.4F.KR.DFR.LEV
Zona euro (referencia),liquidez_banco_central,tipo_facilidad_deposito_BCE | Deposit facility - date of changes (raw data) - Level,2,pct_anual,2026-04-07,"BCE, ECB Data Portal, dataset FM",https://data.ecb.europa.eu/data/datasets/FM,2026-09-16,,,n/a,nivel,media_ponderada_volumen,serie FM.D.U2.EUR.4F.KR.DFR.LEV
Zona euro (referencia),liquidez_banco_central,tipo_facilidad_deposito_BCE | Deposit facility - date of changes (raw data) - Level,2,pct_anual,2026-04-08,"BCE, ECB Data Portal, dataset FM",https://data.ecb.europa.eu/data/datasets/FM,2026-09-16,,,n/a,nivel,media_ponderada_volumen,serie FM.D.U2.EUR.4F.KR.DFR.LEV
Zona euro (referencia),liquidez_banco_central,tipo_facilidad_deposito_BCE | Deposit facility - date of changes (raw data) - Level,2,pct_anual,2026-04-09,"BCE, ECB Data Portal, dataset FM",https://data.ecb.europa.eu/data/datasets/FM,2026-09-16,,,n/a,nivel,media_ponderada_volumen,serie FM.D.U2.EUR.4F.KR.DFR.LEV
Zona euro (referencia),liquidez_banco_central,tipo_facilidad_deposito_BCE | Deposit facility - date of changes (raw data) - Level,2,pct_anual,2026-04-10,"BCE, ECB Data Portal, dataset FM",https://data.ecb.europa.eu/data/datasets/FM,2026-09-16,,,n/a,nivel,media_ponderada_volumen,serie FM.D.U2.EUR.4F.KR.DFR.LEV
Zona euro (referencia),liquidez_banco_central,tipo_facilidad_deposito_BCE | Deposit facility - date of changes (raw data) - Level,2,pct_anual,2026-04-11,"BCE, ECB Data Portal, dataset FM",https://data.ecb.europa.eu/data/datasets/FM,2026-09-16,,,n/a,nivel,media_ponderada_volumen,serie FM.D.U2.EUR.4F.KR.DFR.LEV
Zona euro (referencia),liquidez_banco_central,tipo_facilidad_deposito_BCE | Deposit facility - date of changes (raw data) - Level,2,pct_anual,2026-04-12,"BCE, ECB Data Portal, dataset FM",https://data.ecb.europa.eu/data/datasets/FM,2026-09-16,,,n/a,nivel,media_ponderada_volumen,serie FM.D.U2.EUR.4F.KR.DFR.LEV
Zona euro (referencia),liquidez_banco_central,tipo_facilidad_deposito_BCE | Deposit facility - date of changes (raw data) - Level,2,pct_anual,2026-04-13,"BCE, ECB Data Portal, dataset FM",https://data.ecb.europa.eu/data/datasets/FM,2026-09-16,,,n/a,nivel,media_ponderada_volumen,serie FM.D.U2.EUR.4F.KR.DFR.LEV
Zona euro (referencia),liquidez_banco_central,tipo_facilidad_deposito_BCE | Deposit facility - date of changes (raw data) - Level,2,pct_anual,2026-04-14,"BCE, ECB Data Portal, dataset FM",https://data.ecb.europa.eu/data/datasets/FM,2026-09-16,,,n/a,nivel,media_ponderada_volumen,serie FM.D.U2.EUR.4F.KR.DFR.LEV
Zona euro (referencia),liquidez_banco_central,tipo_facilidad_deposito_BCE | Deposit facility - date of changes (raw data) - Level,2,pct_anual,2026-04-15,"BCE, ECB Data Portal, dataset FM",https://data.ecb.europa.eu/data/datasets/FM,2026-09-16,,,n/a,nivel,media_ponderada_volumen,serie FM.D.U2.EUR.4F.KR.DFR.LEV
Zona euro (referencia),liquidez_banco_central,tipo_facilidad_deposito_BCE | Deposit facility - date of changes (raw data) - Level,2,pct_anual,2026-04-16,"BCE, ECB Data Portal, dataset FM",https://data.ecb.europa.eu/data/datasets/FM,2026-09-16,,,n/a,nivel,media_ponderada_volumen,serie FM.D.U2.EUR.4F.KR.DFR.LEV
Zona euro (referencia),liquidez_banco_central,tipo_facilidad_deposito_BCE | Deposit facility - date of changes (raw data) - Level,2,pct_anual,2026-04-17,"BCE, ECB Data Portal, dataset FM",https://data.ecb.europa.eu/data/datasets/FM,2026-09-16,,,n/a,nivel,media_ponderada_volumen,serie FM.D.U2.EUR.4F.KR.DFR.LEV
Zona euro (referencia),liquidez_banco_central,tipo_facilidad_deposito_BCE | Deposit facility - date of changes (raw data) - Level,2,pct_anual,2026-04-18,"BCE, ECB Data Portal, dataset FM",https://data.ecb.europa.eu/data/datasets/FM,2026-09-16,,,n/a,nivel,media_ponderada_volumen,serie FM.D.U2.EUR.4F.KR.DFR.LEV
Zona euro (referencia),liquidez_banco_central,tipo_facilidad_deposito_BCE | Deposit facility - date of changes (raw data) - Level,2,pct_anual,2026-04-19,"BCE, ECB Data Portal, dataset FM",https://data.ecb.europa.eu/data/datasets/FM,2026-09-16,,,n/a,nivel,media_ponderada_volumen,serie FM.D.U2.EUR.4F.KR.DFR.LEV
Zona euro (referencia),liquidez_banco_central,tipo_facilidad_deposito_BCE | Deposit facility - date of changes (raw data) - Level,2,pct_anual,2026-04-20,"BCE, ECB Data Portal, dataset FM",https://data.ecb.europa.eu/data/datasets/FM,2026-09-16,,,n/a,nivel,media_ponderada_volumen,serie FM.D.U2.EUR.4F.KR.DFR.LEV
Zona euro (referencia),liquidez_banco_central,tipo_facilidad_deposito_BCE | Deposit facility - date of changes (raw data) - Level,2,pct_anual,2026-04-21,"BCE, ECB Data Portal, dataset FM",https://data.ecb.europa.eu/data/datasets/FM,2026-09-16,,,n/a,nivel,media_ponderada_volumen,serie FM.D.U2.EUR.4F.KR.DFR.LEV
Zona euro (referencia),liquidez_banco_central,tipo_facilidad_deposito_BCE | Deposit facility - date of changes (raw data) - Level,2,pct_anual,2026-04-22,"BCE, ECB Data Portal, dataset FM",https://data.ecb.europa.eu/data/datasets/FM,2026-09-16,,,n/a,nivel,media_ponderada_volumen,serie FM.D.U2.EUR.4F.KR.DFR.LEV
Zona euro (referencia),liquidez_banco_central,tipo_facilidad_deposito_BCE | Deposit facility - date of changes (raw data) - Level,2,pct_anual,2026-04-23,"BCE, ECB Data Portal, dataset FM",https://data.ecb.europa.eu/data/datasets/FM,2026-09-16,,,n/a,nivel,media_ponderada_volumen,serie FM.D.U2.EUR.4F.KR.DFR.LEV
Zona euro (referencia),liquidez_banco_central,tipo_facilidad_deposito_BCE | Deposit facility - date of changes (raw data) - Level,2,pct_anual,2026-04-24,"BCE, ECB Data Portal, dataset FM",https://data.ecb.europa.eu/data/datasets/FM,2026-09-16,,,n/a,nivel,media_ponderada_volumen,serie FM.D.U2.EUR.4F.KR.DFR.LEV
Zona euro (referencia),liquidez_banco_central,tipo_facilidad_deposito_BCE | Deposit facility - date of changes (raw data) - Level,2,pct_anual,2026-04-25,"BCE, ECB Data Portal, dataset FM",https://data.ecb.europa.eu/data/datasets/FM,2026-09-16,,,n/a,nivel,media_ponderada_volumen,serie FM.D.U2.EUR.4F.KR.DFR.LEV
Zona euro (referencia),liquidez_banco_central,tipo_facilidad_deposito_BCE | Deposit facility - date of changes (raw data) - Level,2,pct_anual,2026-04-26,"BCE, ECB Data Portal, dataset FM",https://data.ecb.europa.eu/data/datasets/FM,2026-09-16,,,n/a,nivel,media_ponderada_volumen,serie FM.D.U2.EUR.4F.KR.DFR.LEV
Zona euro (referencia),liquidez_banco_central,tipo_facilidad_deposito_BCE | Deposit facility - date of changes (raw data) - Level,2,pct_anual,2026-04-27,"BCE, ECB Data Portal, dataset FM",https://data.ecb.europa.eu/data/datasets/FM,2026-09-16,,,n/a,nivel,media_ponderada_volumen,serie FM.D.U2.EUR.4F.KR.DFR.LEV
Zona euro (referencia),liquidez_banco_central,tipo_facilidad_deposito_BCE | Deposit facility - date of changes (raw data) - Level,2,pct_anual,2026-04-28,"BCE, ECB Data Portal, dataset FM",https://data.ecb.europa.eu/data/datasets/FM,2026-09-16,,,n/a,nivel,media_ponderada_volumen,serie FM.D.U2.EUR.4F.KR.DFR.LEV
Zona euro (referencia),liquidez_banco_central,tipo_facilidad_deposito_BCE | Deposit facility - date of changes (raw data) - Level,2,pct_anual,2026-04-29,"BCE, ECB Data Portal, dataset FM",https://data.ecb.europa.eu/data/datasets/FM,2026-09-16,,,n/a,nivel,media_ponderada_volumen,serie FM.D.U2.EUR.4F.KR.DFR.LEV
Zona euro (referencia),liquidez_banco_central,tipo_facilidad_deposito_BCE | Deposit facility - date of changes (raw data) - Level,2,pct_anual,2026-04-30,"BCE, ECB Data Portal, dataset FM",https://data.ecb.europa.eu/data/datasets/FM,2026-09-16,,,n/a,nivel,media_ponderada_volumen,serie FM.D.U2.EUR.4F.KR.DFR.LEV
Zona euro (referencia),liquidez_banco_central,tipo_facilidad_deposito_BCE | Deposit facility - date of changes (raw data) - Level,2,pct_anual,2026-05-01,"BCE, ECB Data Portal, dataset FM",https://data.ecb.europa.eu/data/datasets/FM,2026-09-16,,,n/a,nivel,media_ponderada_volumen,serie FM.D.U2.EUR.4F.KR.DFR.LEV
Zona euro (referencia),liquidez_banco_central,tipo_facilidad_deposito_BCE | Deposit facility - date of changes (raw data) - Level,2,pct_anual,2026-05-02,"BCE, ECB Data Portal, dataset FM",https://data.ecb.europa.eu/data/datasets/FM,2026-09-16,,,n/a,nivel,media_ponderada_volumen,serie FM.D.U2.EUR.4F.KR.DFR.LEV
Zona euro (referencia),liquidez_banco_central,tipo_facilidad_deposito_BCE | Deposit facility - date of changes (raw data) - Level,2,pct_anual,2026-05-03,"BCE, ECB Data Portal, dataset FM",https://data.ecb.europa.eu/data/datasets/FM,2026-09-16,,,n/a,nivel,media_ponderada_volumen,serie FM.D.U2.EUR.4F.KR.DFR.LEV
Zona euro (referencia),liquidez_banco_central,tipo_facilidad_deposito_BCE | Deposit facility - date of changes (raw data) - Level,2,pct_anual,2026-05-04,"BCE, ECB Data Portal, dataset FM",https://data.ecb.europa.eu/data/datasets/FM,2026-09-16,,,n/a,nivel,media_ponderada_volumen,serie FM.D.U2.EUR.4F.KR.DFR.LEV
Zona euro (referencia),liquidez_banco_central,tipo_facilidad_deposito_BCE | Deposit facility - date of changes (raw data) - Level,2,pct_anual,2026-05-05,"BCE, ECB Data Portal, dataset FM",https://data.ecb.europa.eu/data/datasets/FM,2026-09-16,,,n/a,nivel,media_ponderada_volumen,serie FM.D.U2.EUR.4F.KR.DFR.LEV
Zona euro (referencia),liquidez_banco_central,tipo_facilidad_deposito_BCE | Deposit facility - date of changes (raw data) - Level,2,pct_anual,2026-05-06,"BCE, ECB Data Portal, dataset FM",https://data.ecb.europa.eu/data/datasets/FM,2026-09-16,,,n/a,nivel,media_ponderada_volumen,serie FM.D.U2.EUR.4F.KR.DFR.LEV
Zona euro (referencia),liquidez_banco_central,tipo_facilidad_deposito_BCE | Deposit facility - date of changes (raw data) - Level,2,pct_anual,2026-05-07,"BCE, ECB Data Portal, dataset FM",https://data.ecb.europa.eu/data/datasets/FM,2026-09-16,,,n/a,nivel,media_ponderada_volumen,serie FM.D.U2.EUR.4F.KR.DFR.LEV
Zona euro (referencia),liquidez_banco_central,tipo_facilidad_deposito_BCE | Deposit facility - date of changes (raw data) - Level,2,pct_anual,2026-05-08,"BCE, ECB Data Portal, dataset FM",https://data.ecb.europa.eu/data/datasets/FM,2026-09-16,,,n/a,nivel,media_ponderada_volumen,serie FM.D.U2.EUR.4F.KR.DFR.LEV
Zona euro (referencia),liquidez_banco_central,tipo_facilidad_deposito_BCE | Deposit facility - date of changes (raw data) - Level,2,pct_anual,2026-05-09,"BCE, ECB Data Portal, dataset FM",https://data.ecb.europa.eu/data/datasets/FM,2026-09-16,,,n/a,nivel,media_ponderada_volumen,serie FM.D.U2.EUR.4F.KR.DFR.LEV
Zona euro (referencia),liquidez_banco_central,tipo_facilidad_deposito_BCE | Deposit facility - date of changes (raw data) - Level,2,pct_anual,2026-05-10,"BCE, ECB Data Portal, dataset FM",https://data.ecb.europa.eu/data/datasets/FM,2026-09-16,,,n/a,nivel,media_ponderada_volumen,serie FM.D.U2.EUR.4F.KR.DFR.LEV
Zona euro (referencia),liquidez_banco_central,tipo_facilidad_deposito_BCE | Deposit facility - date of changes (raw data) - Level,2,pct_anual,2026-05-11,"BCE, ECB Data Portal, dataset FM",https://data.ecb.europa.eu/data/datasets/FM,2026-09-16,,,n/a,nivel,media_ponderada_volumen,serie FM.D.U2.EUR.4F.KR.DFR.LEV
Zona euro (referencia),liquidez_banco_central,tipo_facilidad_deposito_BCE | Deposit facility - date of changes (raw data) - Level,2,pct_anual,2026-05-12,"BCE, ECB Data Portal, dataset FM",https://data.ecb.europa.eu/data/datasets/FM,2026-09-16,,,n/a,nivel,media_ponderada_volumen,serie FM.D.U2.EUR.4F.KR.DFR.LEV
Zona euro (referencia),liquidez_banco_central,tipo_facilidad_deposito_BCE | Deposit facility - date of changes (raw data) - Level,2,pct_anual,2026-05-13,"BCE, ECB Data Portal, dataset FM",https://data.ecb.europa.eu/data/datasets/FM,2026-09-16,,,n/a,nivel,media_ponderada_volumen,serie FM.D.U2.EUR.4F.KR.DFR.LEV
Zona euro (referencia),liquidez_banco_central,tipo_facilidad_deposito_BCE | Deposit facility - date of changes (raw data) - Level,2,pct_anual,2026-05-14,"BCE, ECB Data Portal, dataset FM",https://data.ecb.europa.eu/data/datasets/FM,2026-09-16,,,n/a,nivel,media_ponderada_volumen,serie FM.D.U2.EUR.4F.KR.DFR.LEV
Zona euro (referencia),liquidez_banco_central,tipo_facilidad_deposito_BCE | Deposit facility - date of changes (raw data) - Level,2,pct_anual,2026-05-15,"BCE, ECB Data Portal, dataset FM",https://data.ecb.europa.eu/data/datasets/FM,2026-09-16,,,n/a,nivel,media_ponderada_volumen,serie FM.D.U2.EUR.4F.KR.DFR.LEV
Zona euro (referencia),liquidez_banco_central,tipo_facilidad_deposito_BCE | Deposit facility - date of changes (raw data) - Level,2,pct_anual,2026-05-16,"BCE, ECB Data Portal, dataset FM",https://data.ecb.europa.eu/data/datasets/FM,2026-09-16,,,n/a,nivel,media_ponderada_volumen,serie FM.D.U2.EUR.4F.KR.DFR.LEV
Zona euro (referencia),liquidez_banco_central,tipo_facilidad_deposito_BCE | Deposit facility - date of changes (raw data) - Level,2,pct_anual,2026-05-17,"BCE, ECB Data Portal, dataset FM",https://data.ecb.europa.eu/data/datasets/FM,2026-09-16,,,n/a,nivel,media_ponderada_volumen,serie FM.D.U2.EUR.4F.KR.DFR.LEV
Zona euro (referencia),liquidez_banco_central,tipo_facilidad_deposito_BCE | Deposit facility - date of changes (raw data) - Level,2,pct_anual,2026-05-18,"BCE, ECB Data Portal, dataset FM",https://data.ecb.europa.eu/data/datasets/FM,2026-09-16,,,n/a,nivel,media_ponderada_volumen,serie FM.D.U2.EUR.4F.KR.DFR.LEV
Zona euro (referencia),liquidez_banco_central,tipo_facilidad_deposito_BCE | Deposit facility - date of changes (raw data) - Level,2,pct_anual,2026-05-19,"BCE, ECB Data Portal, dataset FM",https://data.ecb.europa.eu/data/datasets/FM,2026-09-16,,,n/a,nivel,media_ponderada_volumen,serie FM.D.U2.EUR.4F.KR.DFR.LEV
Zona euro (referencia),liquidez_banco_central,tipo_facilidad_deposito_BCE | Deposit facility - date of changes (raw data) - Level,2,pct_anual,2026-05-20,"BCE, ECB Data Portal, dataset FM",https://data.ecb.europa.eu/data/datasets/FM,2026-09-16,,,n/a,nivel,media_ponderada_volumen,serie FM.D.U2.EUR.4F.KR.DFR.LEV
Zona euro (referencia),liquidez_banco_central,tipo_facilidad_deposito_BCE | Deposit facility - date of changes (raw data) - Level,2,pct_anual,2026-05-21,"BCE, ECB Data Portal, dataset FM",https://data.ecb.europa.eu/data/datasets/FM,2026-09-16,,,n/a,nivel,media_ponderada_volumen,serie FM.D.U2.EUR.4F.KR.DFR.LEV
Zona euro (referencia),liquidez_banco_central,tipo_facilidad_deposito_BCE | Deposit facility - date of changes (raw data) - Level,2,pct_anual,2026-05-22,"BCE, ECB Data Portal, dataset FM",https://data.ecb.europa.eu/data/datasets/FM,2026-09-16,,,n/a,nivel,media_ponderada_volumen,serie FM.D.U2.EUR.4F.KR.DFR.LEV
Zona euro (referencia),liquidez_banco_central,tipo_facilidad_deposito_BCE | Deposit facility - date of changes (raw data) - Level,2,pct_anual,2026-05-23,"BCE, ECB Data Portal, dataset FM",https://data.ecb.europa.eu/data/datasets/FM,2026-09-16,,,n/a,nivel,media_ponderada_volumen,serie FM.D.U2.EUR.4F.KR.DFR.LEV
Zona euro (referencia),liquidez_banco_central,tipo_facilidad_deposito_BCE | Deposit facility - date of changes (raw data) - Level,2,pct_anual,2026-05-24,"BCE, ECB Data Portal, dataset FM",https://data.ecb.europa.eu/data/datasets/FM,2026-09-16,,,n/a,nivel,media_ponderada_volumen,serie FM.D.U2.EUR.4F.KR.DFR.LEV
Zona euro (referencia),liquidez_banco_central,tipo_facilidad_deposito_BCE | Deposit facility - date of changes (raw data) - Level,2,pct_anual,2026-05-25,"BCE, ECB Data Portal, dataset FM",https://data.ecb.europa.eu/data/datasets/FM,2026-09-16,,,n/a,nivel,media_ponderada_volumen,serie FM.D.U2.EUR.4F.KR.DFR.LEV
Zona euro (referencia),liquidez_banco_central,tipo_facilidad_deposito_BCE | Deposit facility - date of changes (raw data) - Level,2,pct_anual,2026-05-26,"BCE, ECB Data Portal, dataset FM",https://data.ecb.europa.eu/data/datasets/FM,2026-09-16,,,n/a,nivel,media_ponderada_volumen,serie FM.D.U2.EUR.4F.KR.DFR.LEV
Zona euro (referencia),liquidez_banco_central,tipo_facilidad_deposito_BCE | Deposit facility - date of changes (raw data) - Level,2,pct_anual,2026-05-27,"BCE, ECB Data Portal, dataset FM",https://data.ecb.europa.eu/data/datasets/FM,2026-09-16,,,n/a,nivel,media_ponderada_volumen,serie FM.D.U2.EUR.4F.KR.DFR.LEV
Zona euro (referencia),liquidez_banco_central,tipo_facilidad_deposito_BCE | Deposit facility - date of changes (raw data) - Level,2,pct_anual,2026-05-28,"BCE, ECB Data Portal, dataset FM",https://data.ecb.europa.eu/data/datasets/FM,2026-09-16,,,n/a,nivel,media_ponderada_volumen,serie FM.D.U2.EUR.4F.KR.DFR.LEV
Zona euro (referencia),liquidez_banco_central,tipo_facilidad_deposito_BCE | Deposit facility - date of changes (raw data) - Level,2,pct_anual,2026-05-29,"BCE, ECB Data Portal, dataset FM",https://data.ecb.europa.eu/data/datasets/FM,2026-09-16,,,n/a,nivel,media_ponderada_volumen,serie FM.D.U2.EUR.4F.KR.DFR.LEV
Zona euro (referencia),liquidez_banco_central,tipo_facilidad_deposito_BCE | Deposit facility - date of changes (raw data) - Level,2,pct_anual,2026-05-30,"BCE, ECB Data Portal, dataset FM",https://data.ecb.europa.eu/data/datasets/FM,2026-09-16,,,n/a,nivel,media_ponderada_volumen,serie FM.D.U2.EUR.4F.KR.DFR.LEV
Zona euro (referencia),liquidez_banco_central,tipo_facilidad_deposito_BCE | Deposit facility - date of changes (raw data) - Level,2,pct_anual,2026-05-31,"BCE, ECB Data Portal, dataset FM",https://data.ecb.europa.eu/data/datasets/FM,2026-09-16,,,n/a,nivel,media_ponderada_volumen,serie FM.D.U2.EUR.4F.KR.DFR.LEV
Zona euro (referencia),liquidez_banco_central,tipo_facilidad_deposito_BCE | Deposit facility - date of changes (raw data) - Level,2,pct_anual,2026-06-01,"BCE, ECB Data Portal, dataset FM",https://data.ecb.europa.eu/data/datasets/FM,2026-09-16,,,n/a,nivel,media_ponderada_volumen,serie FM.D.U2.EUR.4F.KR.DFR.LEV
Zona euro (referencia),liquidez_banco_central,tipo_facilidad_deposito_BCE | Deposit facility - date of changes (raw data) - Level,2,pct_anual,2026-06-02,"BCE, ECB Data Portal, dataset FM",https://data.ecb.europa.eu/data/datasets/FM,2026-09-16,,,n/a,nivel,media_ponderada_volumen,serie FM.D.U2.EUR.4F.KR.DFR.LEV
Zona euro (referencia),liquidez_banco_central,tipo_facilidad_deposito_BCE | Deposit facility - date of changes (raw data) - Level,2,pct_anual,2026-06-03,"BCE, ECB Data Portal, dataset FM",https://data.ecb.europa.eu/data/datasets/FM,2026-09-16,,,n/a,nivel,media_ponderada_volumen,serie FM.D.U2.EUR.4F.KR.DFR.LEV
Zona euro (referencia),liquidez_banco_central,tipo_facilidad_deposito_BCE | Deposit facility - date of changes (raw data) - Level,2,pct_anual,2026-06-04,"BCE, ECB Data Portal, dataset FM",https://data.ecb.europa.eu/data/datasets/FM,2026-09-16,,,n/a,nivel,media_ponderada_volumen,serie FM.D.U2.EUR.4F.KR.DFR.LEV
Zona euro (referencia),liquidez_banco_central,tipo_facilidad_deposito_BCE | Deposit facility - date of changes (raw data) - Level,2,pct_anual,2026-06-05,"BCE, ECB Data Portal, dataset FM",https://data.ecb.europa.eu/data/datasets/FM,2026-09-16,,,n/a,nivel,media_ponderada_volumen,serie FM.D.U2.EUR.4F.KR.DFR.LEV
Zona euro (referencia),liquidez_banco_central,tipo_facilidad_deposito_BCE | Deposit facility - date of changes (raw data) - Level,2,pct_anual,2026-06-06,"BCE, ECB Data Portal, dataset FM",https://data.ecb.europa.eu/data/datasets/FM,2026-09-16,,,n/a,nivel,media_ponderada_volumen,serie FM.D.U2.EUR.4F.KR.DFR.LEV
Zona euro (referencia),liquidez_banco_central,tipo_facilidad_deposito_BCE | Deposit facility - date of changes (raw data) - Level,2,pct_anual,2026-06-07,"BCE, ECB Data Portal, dataset FM",https://data.ecb.europa.eu/data/datasets/FM,2026-09-16,,,n/a,nivel,media_ponderada_volumen,serie FM.D.U2.EUR.4F.KR.DFR.LEV
Zona euro (referencia),liquidez_banco_central,tipo_facilidad_deposito_BCE | Deposit facility - date of changes (raw data) - Level,2,pct_anual,2026-06-08,"BCE, ECB Data Portal, dataset FM",https://data.ecb.europa.eu/data/datasets/FM,2026-09-16,,,n/a,nivel,media_ponderada_volumen,serie FM.D.U2.EUR.4F.KR.DFR.LEV
Zona euro (referencia),liquidez_banco_central,tipo_facilidad_deposito_BCE | Deposit facility - date of changes (raw data) - Level,2,pct_anual,2026-06-09,"BCE, ECB Data Portal, dataset FM",https://data.ecb.europa.eu/data/datasets/FM,2026-09-16,,,n/a,nivel,media_ponderada_volumen,serie FM.D.U2.EUR.4F.KR.DFR.LEV
Zona euro (referencia),liquidez_banco_central,tipo_facilidad_deposito_BCE | Deposit facility - date of changes (raw data) - Level,2,pct_anual,2026-06-10,"BCE, ECB Data Portal, dataset FM",https://data.ecb.europa.eu/data/datasets/FM,2026-09-16,,,n/a,nivel,media_ponderada_volumen,serie FM.D.U2.EUR.4F.KR.DFR.LEV
Zona euro (referencia),liquidez_banco_central,tipo_facilidad_deposito_BCE | Deposit facility - date of changes (raw data) - Level,2,pct_anual,2026-06-11,"BCE, ECB Data Portal, dataset FM",https://data.ecb.europa.eu/data/datasets/FM,2026-09-16,,,n/a,nivel,media_ponderada_volumen,serie FM.D.U2.EUR.4F.KR.DFR.LEV
Zona euro (referencia),liquidez_banco_central,tipo_facilidad_deposito_BCE | Deposit facility - date of changes (raw data) - Level,2,pct_anual,2026-06-12,"BCE, ECB Data Portal, dataset FM",https://data.ecb.europa.eu/data/datasets/FM,2026-09-16,,,n/a,nivel,media_ponderada_volumen,serie FM.D.U2.EUR.4F.KR.DFR.LEV
Zona euro (referencia),liquidez_banco_central,tipo_facilidad_deposito_BCE | Deposit facility - date of changes (raw data) - Level,2,pct_anual,2026-06-13,"BCE, ECB Data Portal, dataset FM",https://data.ecb.europa.eu/data/datasets/FM,2026-09-16,,,n/a,nivel,media_ponderada_volumen,serie FM.D.U2.EUR.4F.KR.DFR.LEV
Zona euro (referencia),liquidez_banco_central,tipo_facilidad_deposito_BCE | Deposit facility - date of changes (raw data) - Level,2,pct_anual,2026-06-14,"BCE, ECB Data Portal, dataset FM",https://data.ecb.europa.eu/data/datasets/FM,2026-09-16,,,n/a,nivel,media_ponderada_volumen,serie FM.D.U2.EUR.4F.KR.DFR.LEV
Zona euro (referencia),liquidez_banco_central,tipo_facilidad_deposito_BCE | Deposit facility - date of changes (raw data) - Level,2,pct_anual,2026-06-15,"BCE, ECB Data Portal, dataset FM",https://data.ecb.europa.eu/data/datasets/FM,2026-09-16,,,n/a,nivel,media_ponderada_volumen,serie FM.D.U2.EUR.4F.KR.DFR.LEV
Zona euro (referencia),liquidez_banco_central,tipo_facilidad_deposito_BCE | Deposit facility - date of changes (raw data) - Level,2,pct_anual,2026-06-16,"BCE, ECB Data Portal, dataset FM",https://data.ecb.europa.eu/data/datasets/FM,2026-09-16,,,n/a,nivel,media_ponderada_volumen,serie FM.D.U2.EUR.4F.KR.DFR.LEV
Zona euro (referencia),liquidez_banco_central,tipo_facilidad_deposito_BCE | Deposit facility - date of changes (raw data) - Level,2.25,pct_anual,2026-06-17,"BCE, ECB Data Portal, dataset FM",https://data.ecb.europa.eu/data/datasets/FM,2026-09-16,,,n/a,nivel,media_ponderada_volumen,serie FM.D.U2.EUR.4F.KR.DFR.LEV
Zona euro (referencia),liquidez_banco_central,tipo_facilidad_deposito_BCE | Deposit facility - date of changes (raw data) - Level,2.25,pct_anual,2026-06-18,"BCE, ECB Data Portal, dataset FM",https://data.ecb.europa.eu/data/datasets/FM,2026-09-16,,,n/a,nivel,media_ponderada_volumen,serie FM.D.U2.EUR.4F.KR.DFR.LEV
Zona euro (referencia),liquidez_banco_central,tipo_facilidad_deposito_BCE | Deposit facility - date of changes (raw data) - Level,2.25,pct_anual,2026-06-19,"BCE, ECB Data Portal, dataset FM",https://data.ecb.europa.eu/data/datasets/FM,2026-09-16,,,n/a,nivel,media_ponderada_volumen,serie FM.D.U2.EUR.4F.KR.DFR.LEV
Zona euro (referencia),liquidez_banco_central,tipo_facilidad_deposito_BCE | Deposit facility - date of changes (raw data) - Level,2.25,pct_anual,2026-06-20,"BCE, ECB Data Portal, dataset FM",https://data.ecb.europa.eu/data/datasets/FM,2026-09-16,,,n/a,nivel,media_ponderada_volumen,serie FM.D.U2.EUR.4F.KR.DFR.LEV
Zona euro (referencia),liquidez_banco_central,tipo_facilidad_deposito_BCE | Deposit facility - date of changes (raw data) - Level,2.25,pct_anual,2026-06-21,"BCE, ECB Data Portal, dataset FM",https://data.ecb.europa.eu/data/datasets/FM,2026-09-16,,,n/a,nivel,media_ponderada_volumen,serie FM.D.U2.EUR.4F.KR.DFR.LEV
Zona euro (referencia),liquidez_banco_central,tipo_facilidad_deposito_BCE | Deposit facility - date of changes (raw data) - Level,2.25,pct_anual,2026-06-22,"BCE, ECB Data Portal, dataset FM",https://data.ecb.europa.eu/data/datasets/FM,2026-09-16,,,n/a,nivel,media_ponderada_volumen,serie FM.D.U2.EUR.4F.KR.DFR.LEV
Zona euro (referencia),liquidez_banco_central,tipo_facilidad_deposito_BCE | Deposit facility - date of changes (raw data) - Level,2.25,pct_anual,2026-06-23,"BCE, ECB Data Portal, dataset FM",https://data.ecb.europa.eu/data/datasets/FM,2026-09-16,,,n/a,nivel,media_ponderada_volumen,serie FM.D.U2.EUR.4F.KR.DFR.LEV
Zona euro (referencia),liquidez_banco_central,tipo_facilidad_deposito_BCE | Deposit facility - date of changes (raw data) - Level,2.25,pct_anual,2026-06-24,"BCE, ECB Data Portal, dataset FM",https://data.ecb.europa.eu/data/datasets/FM,2026-09-16,,,n/a,nivel,media_ponderada_volumen,serie FM.D.U2.EUR.4F.KR.DFR.LEV
Zona euro (referencia),liquidez_banco_central,tipo_facilidad_deposito_BCE | Deposit facility - date of changes (raw data) - Level,2.25,pct_anual,2026-06-25,"BCE, ECB Data Portal, dataset FM",https://data.ecb.europa.eu/data/datasets/FM,2026-09-16,,,n/a,nivel,media_ponderada_volumen,serie FM.D.U2.EUR.4F.KR.DFR.LEV
Zona euro (referencia),liquidez_banco_central,tipo_facilidad_deposito_BCE | Deposit facility - date of changes (raw data) - Level,2.25,pct_anual,2026-06-26,"BCE, ECB Data Portal, dataset FM",https://data.ecb.europa.eu/data/datasets/FM,2026-09-16,,,n/a,nivel,media_ponderada_volumen,serie FM.D.U2.EUR.4F.KR.DFR.LEV
Zona euro (referencia),liquidez_banco_central,tipo_facilidad_deposito_BCE | Deposit facility - date of changes (raw data) - Level,2.25,pct_anual,2026-06-27,"BCE, ECB Data Portal, dataset FM",https://data.ecb.europa.eu/data/datasets/FM,2026-09-16,,,n/a,nivel,media_ponderada_volumen,serie FM.D.U2.EUR.4F.KR.DFR.LEV
Zona euro (referencia),liquidez_banco_central,tipo_facilidad_deposito_BCE | Deposit facility - date of changes (raw data) - Level,2.25,pct_anual,2026-06-28,"BCE, ECB Data Portal, dataset FM",https://data.ecb.europa.eu/data/datasets/FM,2026-09-16,,,n/a,nivel,media_ponderada_volumen,serie FM.D.U2.EUR.4F.KR.DFR.LEV
Zona euro (referencia),liquidez_banco_central,tipo_facilidad_deposito_BCE | Deposit facility - date of changes (raw data) - Level,2.25,pct_anual,2026-06-29,"BCE, ECB Data Portal, dataset FM",https://data.ecb.europa.eu/data/datasets/FM,2026-09-16,,,n/a,nivel,media_ponderada_volumen,serie FM.D.U2.EUR.4F.KR.DFR.LEV
Zona euro (referencia),liquidez_banco_central,tipo_facilidad_deposito_BCE | Deposit facility - date of changes (raw data) - Level,2.25,pct_anual,2026-06-30,"BCE, ECB Data Portal, dataset FM",https://data.ecb.europa.eu/data/datasets/FM,2026-09-16,,,n/a,nivel,media_ponderada_volumen,serie FM.D.U2.EUR.4F.KR.DFR.LEV
Zona euro (referencia),liquidez_banco_central,tipo_facilidad_deposito_BCE | Deposit facility - date of changes (raw data) - Level,2.25,pct_anual,2026-07-01,"BCE, ECB Data Portal, dataset FM",https://data.ecb.europa.eu/data/datasets/FM,2026-09-16,,,n/a,nivel,media_ponderada_volumen,serie FM.D.U2.EUR.4F.KR.DFR.LEV
Zona euro (referencia),liquidez_banco_central,tipo_facilidad_deposito_BCE | Deposit facility - date of changes (raw data) - Level,2.25,pct_anual,2026-07-02,"BCE, ECB Data Portal, dataset FM",https://data.ecb.europa.eu/data/datasets/FM,2026-09-16,,,n/a,nivel,media_ponderada_volumen,serie FM.D.U2.EUR.4F.KR.DFR.LEV
Zona euro (referencia),liquidez_banco_central,tipo_facilidad_deposito_BCE | Deposit facility - date of changes (raw data) - Level,2.25,pct_anual,2026-07-03,"BCE, ECB Data Portal, dataset FM",https://data.ecb.europa.eu/data/datasets/FM,2026-09-16,,,n/a,nivel,media_ponderada_volumen,serie FM.D.U2.EUR.4F.KR.DFR.LEV
Zona euro (referencia),liquidez_banco_central,tipo_facilidad_deposito_BCE | Deposit facility - date of changes (raw data) - Level,2.25,pct_anual,2026-07-04,"BCE, ECB Data Portal, dataset FM",https://data.ecb.europa.eu/data/datasets/FM,2026-09-16,,,n/a,nivel,media_ponderada_volumen,serie FM.D.U2.EUR.4F.KR.DFR.LEV
Zona euro (referencia),liquidez_banco_central,tipo_facilidad_deposito_BCE | Deposit facility - date of changes (raw data) - Level,2.25,pct_anual,2026-07-05,"BCE, ECB Data Portal, dataset FM",https://data.ecb.europa.eu/data/datasets/FM,2026-09-16,,,n/a,nivel,media_ponderada_volumen,serie FM.D.U2.EUR.4F.KR.DFR.LEV
Zona euro (referencia),liquidez_banco_central,tipo_facilidad_deposito_BCE | Deposit facility - date of changes (raw data) - Level,2.25,pct_anual,2026-07-06,"BCE, ECB Data Portal, dataset FM",https://data.ecb.europa.eu/data/datasets/FM,2026-09-16,,,n/a,nivel,media_ponderada_volumen,serie FM.D.U2.EUR.4F.KR.DFR.LEV
Zona euro (referencia),liquidez_banco_central,tipo_facilidad_deposito_BCE | Deposit facility - date of changes (raw data) - Level,2.25,pct_anual,2026-07-07,"BCE, ECB Data Portal, dataset FM",https://data.ecb.europa.eu/data/datasets/FM,2026-09-16,,,n/a,nivel,media_ponderada_volumen,serie FM.D.U2.EUR.4F.KR.DFR.LEV
Zona euro (referencia),liquidez_banco_central,tipo_facilidad_deposito_BCE | Deposit facility - date of changes (raw data) - Level,2.25,pct_anual,2026-07-08,"BCE, ECB Data Portal, dataset FM",https://data.ecb.europa.eu/data/datasets/FM,2026-09-16,,,n/a,nivel,media_ponderada_volumen,serie FM.D.U2.EUR.4F.KR.DFR.LEV
Zona euro (referencia),liquidez_banco_central,tipo_facilidad_deposito_BCE | Deposit facility - date of changes (raw data) - Level,2.25,pct_anual,2026-07-09,"BCE, ECB Data Portal, dataset FM",https://data.ecb.europa.eu/data/datasets/FM,2026-09-16,,,n/a,nivel,media_ponderada_volumen,serie FM.D.U2.EUR.4F.KR.DFR.LEV
Zona euro (referencia),liquidez_banco_central,tipo_facilidad_deposito_BCE | Deposit facility - date of changes (raw data) - Level,2.25,pct_anual,2026-07-10,"BCE, ECB Data Portal, dataset FM",https://data.ecb.europa.eu/data/datasets/FM,2026-09-16,,,n/a,nivel,media_ponderada_volumen,serie FM.D.U2.EUR.4F.KR.DFR.LEV
Zona euro (referencia),liquidez_banco_central,tipo_facilidad_deposito_BCE | Deposit facility - date of changes (raw data) - Level,2.25,pct_anual,2026-07-11,"BCE, ECB Data Portal, dataset FM",https://data.ecb.europa.eu/data/datasets/FM,2026-09-16,,,n/a,nivel,media_ponderada_volumen,serie FM.D.U2.EUR.4F.KR.DFR.LEV
Zona euro (referencia),liquidez_banco_central,tipo_facilidad_deposito_BCE | Deposit facility - date of changes (raw data) - Level,2.25,pct_anual,2026-07-12,"BCE, ECB Data Portal, dataset FM",https://data.ecb.europa.eu/data/datasets/FM,2026-09-16,,,n/a,nivel,media_ponderada_volumen,serie FM.D.U2.EUR.4F.KR.DFR.LEV
Zona euro (referencia),liquidez_banco_central,tipo_facilidad_deposito_BCE | Deposit facility - date of changes (raw data) - Level,2.25,pct_anual,2026-07-13,"BCE, ECB Data Portal, dataset FM",https://data.ecb.europa.eu/data/datasets/FM,2026-09-16,,,n/a,nivel,media_ponderada_volumen,serie FM.D.U2.EUR.4F.KR.DFR.LEV
Zona euro (referencia),liquidez_banco_central,tipo_facilidad_deposito_BCE | Deposit facility - date of changes (raw data) - Level,2.25,pct_anual,2026-07-14,"BCE, ECB Data Portal, dataset FM",https://data.ecb.europa.eu/data/datasets/FM,2026-09-16,,,n/a,nivel,media_ponderada_volumen,serie FM.D.U2.EUR.4F.KR.DFR.LEV
Zona euro (referencia),liquidez_banco_central,tipo_facilidad_deposito_BCE | Deposit facility - date of changes (raw data) - Level,2.25,pct_anual,2026-07-15,"BCE, ECB Data Portal, dataset FM",https://data.ecb.europa.eu/data/datasets/FM,2026-09-16,,,n/a,nivel,media_ponderada_volumen,serie FM.D.U2.EUR.4F.KR.DFR.LEV
Zona euro (referencia),liquidez_banco_central,tipo_facilidad_deposito_BCE | Deposit facility - date of changes (raw data) - Level,2.25,pct_anual,2026-07-16,"BCE, ECB Data Portal, dataset FM",https://data.ecb.europa.eu/data/datasets/FM,2026-09-16,,,n/a,nivel,media_ponderada_volumen,serie FM.D.U2.EUR.4F.KR.DFR.LEV
Zona euro (referencia),liquidez_banco_central,tipo_facilidad_deposito_BCE | Deposit facility - date of changes (raw data) - Level,2.25,pct_anual,2026-07-17,"BCE, ECB Data Portal, dataset FM",https://data.ecb.europa.eu/data/datasets/FM,2026-09-16,,,n/a,nivel,media_ponderada_volumen,serie FM.D.U2.EUR.4F.KR.DFR.LEV
Zona euro (referencia),liquidez_banco_central,tipo_facilidad_deposito_BCE | Deposit facility - date of changes (raw data) - Level,2.25,pct_anual,2026-07-18,"BCE, ECB Data Portal, dataset FM",https://data.ecb.europa.eu/data/datasets/FM,2026-09-16,,,n/a,nivel,media_ponderada_volumen,serie FM.D.U2.EUR.4F.KR.DFR.LEV
Zona euro (referencia),liquidez_banco_central,tipo_facilidad_deposito_BCE | Deposit facility - date of changes (raw data) - Level,2.25,pct_anual,2026-07-19,"BCE, ECB Data Portal, dataset FM",https://data.ecb.europa.eu/data/datasets/FM,2026-09-16,,,n/a,nivel,media_ponderada_volumen,serie FM.D.U2.EUR.4F.KR.DFR.LEV
Zona euro (referencia),liquidez_banco_central,tipo_facilidad_deposito_BCE | Deposit facility - date of changes (raw data) - Level,2.25,pct_anual,2026-07-20,"BCE, ECB Data Portal, dataset FM",https://data.ecb.europa.eu/data/datasets/FM,2026-09-16,,,n/a,nivel,media_ponderada_volumen,serie FM.D.U2.EUR.4F.KR.DFR.LEV
Zona euro (referencia),liquidez_banco_central,tipo_facilidad_deposito_BCE | Deposit facility - date of changes (raw data) - Level,2.25,pct_anual,2026-07-21,"BCE, ECB Data Portal, dataset FM",https://data.ecb.europa.eu/data/datasets/FM,2026-09-16,,,n/a,nivel,media_ponderada_volumen,serie FM.D.U2.EUR.4F.KR.DFR.LEV
Zona euro (referencia),liquidez_banco_central,tipo_facilidad_deposito_BCE | Deposit facility - date of changes (raw data) - Level,2.25,pct_anual,2026-07-22,"BCE, ECB Data Portal, dataset FM",https://data.ecb.europa.eu/data/datasets/FM,2026-09-16,,,n/a,nivel,media_ponderada_volumen,serie FM.D.U2.EUR.4F.KR.DFR.LEV
Zona euro (referencia),liquidez_banco_central,tipo_facilidad_deposito_BCE | Deposit facility - date of changes (raw data) - Level,2.25,pct_anual,2026-07-23,"BCE, ECB Data Portal, dataset FM",https://data.ecb.europa.eu/data/datasets/FM,2026-09-16,,,n/a,nivel,media_ponderada_volumen,serie FM.D.U2.EUR.4F.KR.DFR.LEV
Zona euro (referencia),liquidez_banco_central,tipo_facilidad_deposito_BCE | Deposit facility - date of changes (raw data) - Level,2.25,pct_anual,2026-07-24,"BCE, ECB Data Portal, dataset FM",https://data.ecb.europa.eu/data/datasets/FM,2026-09-16,,,n/a,nivel,media_ponderada_volumen,serie FM.D.U2.EUR.4F.KR.DFR.LEV
Zona euro (referencia),liquidez_banco_central,tipo_facilidad_deposito_BCE | Deposit facility - date of changes (raw data) - Level,2.25,pct_anual,2026-07-25,"BCE, ECB Data Portal, dataset FM",https://data.ecb.europa.eu/data/datasets/FM,2026-09-16,,,n/a,nivel,media_ponderada_volumen,serie FM.D.U2.EUR.4F.KR.DFR.LEV
Zona euro (referencia),liquidez_banco_central,tipo_facilidad_deposito_BCE | Deposit facility - date of changes (raw data) - Level,2.25,pct_anual,2026-07-26,"BCE, ECB Data Portal, dataset FM",https://data.ecb.europa.eu/data/datasets/FM,2026-09-16,,,n/a,nivel,media_ponderada_volumen,serie FM.D.U2.EUR.4F.KR.DFR.LEV
Zona euro (referencia),liquidez_banco_central,tipo_facilidad_deposito_BCE | Deposit facility - date of changes (raw data) - Level,2.25,pct_anual,2026-07-27,"BCE, ECB Data Portal, dataset FM",https://data.ecb.europa.eu/data/datasets/FM,2026-09-16,,,n/a,nivel,media_ponderada_volumen,serie FM.D.U2.EUR.4F.KR.DFR.LEV
Zona euro (referencia),liquidez_banco_central,tipo_facilidad_deposito_BCE | Deposit facility - date of changes (raw data) - Level,2.25,pct_anual,2026-07-28,"BCE, ECB Data Portal, dataset FM",https://data.ecb.europa.eu/data/datasets/FM,2026-09-16,,,n/a,nivel,media_ponderada_volumen,serie FM.D.U2.EUR.4F.KR.DFR.LEV
Zona euro (referencia),liquidez_banco_central,tipo_facilidad_deposito_BCE | Deposit facility - date of changes (raw data) - Level,2.25,pct_anual,2026-07-29,"BCE, ECB Data Portal, dataset FM",https://data.ecb.europa.eu/data/datasets/FM,2026-09-16,,,n/a,nivel,media_ponderada_volumen,serie FM.D.U2.EUR.4F.KR.DFR.LEV
Zona euro (referencia),liquidez_banco_central,tipo_facilidad_deposito_BCE | Deposit facility - date of changes (raw data) - Level,2.25,pct_anual,2026-07-30,"BCE, ECB Data Portal, dataset FM",https://data.ecb.europa.eu/data/datasets/FM,2026-09-16,,,n/a,nivel,media_ponderada_volumen,serie FM.D.U2.EUR.4F.KR.DFR.LEV
Zona euro (referencia),liquidez_banco_central,tipo_facilidad_deposito_BCE | Deposit facility - date of changes (raw data) - Level,2.25,pct_anual,2026-07-31,"BCE, ECB Data Portal, dataset FM",https://data.ecb.europa.eu/data/datasets/FM,2026-09-16,,,n/a,nivel,media_ponderada_volumen,serie FM.D.U2.EUR.4F.KR.DFR.LEV
Zona euro (referencia),liquidez_banco_central,tipo_facilidad_deposito_BCE | Deposit facility - date of changes (raw data) - Level,2.25,pct_anual,2026-08-01,"BCE, ECB Data Portal, dataset FM",https://data.ecb.europa.eu/data/datasets/FM,2026-09-16,,,n/a,nivel,media_ponderada_volumen,serie FM.D.U2.EUR.4F.KR.DFR.LEV
Zona euro (referencia),liquidez_banco_central,tipo_facilidad_deposito_BCE | Deposit facility - date of changes (raw data) - Level,2.25,pct_anual,2026-08-02,"BCE, ECB Data Portal, dataset FM",https://data.ecb.europa.eu/data/datasets/FM,2026-09-16,,,n/a,nivel,media_ponderada_volumen,serie FM.D.U2.EUR.4F.KR.DFR.LEV
Zona euro (referencia),liquidez_banco_central,tipo_facilidad_deposito_BCE | Deposit facility - date of changes (raw data) - Level,2.25,pct_anual,2026-08-03,"BCE, ECB Data Portal, dataset FM",https://data.ecb.europa.eu/data/datasets/FM,2026-09-16,,,n/a,nivel,media_ponderada_volumen,serie FM.D.U2.EUR.4F.KR.DFR.LEV
Zona euro (referencia),liquidez_banco_central,tipo_facilidad_deposito_BCE | Deposit facility - date of changes (raw data) - Level,2.25,pct_anual,2026-08-04,"BCE, ECB Data Portal, dataset FM",https://data.ecb.europa.eu/data/datasets/FM,2026-09-16,,,n/a,nivel,media_ponderada_volumen,serie FM.D.U2.EUR.4F.KR.DFR.LEV
Zona euro (referencia),liquidez_banco_central,tipo_facilidad_deposito_BCE | Deposit facility - date of changes (raw data) - Level,2.25,pct_anual,2026-08-05,"BCE, ECB Data Portal, dataset FM",https://data.ecb.europa.eu/data/datasets/FM,2026-09-16,,,n/a,nivel,media_ponderada_volumen,serie FM.D.U2.EUR.4F.KR.DFR.LEV
Zona euro (referencia),liquidez_banco_central,tipo_facilidad_deposito_BCE | Deposit facility - date of changes (raw data) - Level,2.25,pct_anual,2026-08-06,"BCE, ECB Data Portal, dataset FM",https://data.ecb.europa.eu/data/datasets/FM,2026-09-16,,,n/a,nivel,media_ponderada_volumen,serie FM.D.U2.EUR.4F.KR.DFR.LEV
Zona euro (referencia),liquidez_banco_central,tipo_facilidad_deposito_BCE | Deposit facility - date of changes (raw data) - Level,2.25,pct_anual,2026-08-07,"BCE, ECB Data Portal, dataset FM",https://data.ecb.europa.eu/data/datasets/FM,2026-09-16,,,n/a,nivel,media_ponderada_volumen,serie FM.D.U2.EUR.4F.KR.DFR.LEV
Zona euro (referencia),liquidez_banco_central,tipo_facilidad_deposito_BCE | Deposit facility - date of changes (raw data) - Level,2.25,pct_anual,2026-08-08,"BCE, ECB Data Portal, dataset FM",https://data.ecb.europa.eu/data/datasets/FM,2026-09-16,,,n/a,nivel,media_ponderada_volumen,serie FM.D.U2.EUR.4F.KR.DFR.LEV
Zona euro (referencia),liquidez_banco_central,tipo_facilidad_deposito_BCE | Deposit facility - date of changes (raw data) - Level,2.25,pct_anual,2026-08-09,"BCE, ECB Data Portal, dataset FM",https://data.ecb.europa.eu/data/datasets/FM,2026-09-16,,,n/a,nivel,media_ponderada_volumen,serie FM.D.U2.EUR.4F.KR.DFR.LEV
Zona euro (referencia),liquidez_banco_central,tipo_facilidad_deposito_BCE | Deposit facility - date of changes (raw data) - Level,2.25,pct_anual,2026-08-10,"BCE, ECB Data Portal, dataset FM",https://data.ecb.europa.eu/data/datasets/FM,2026-09-16,,,n/a,nivel,media_ponderada_volumen,serie FM.D.U2.EUR.4F.KR.DFR.LEV
Zona euro (referencia),liquidez_banco_central,tipo_facilidad_deposito_BCE | Deposit facility - date of changes (raw data) - Level,2.25,pct_anual,2026-08-11,"BCE, ECB Data Portal, dataset FM",https://data.ecb.europa.eu/data/datasets/FM,2026-09-16,,,n/a,nivel,media_ponderada_volumen,serie FM.D.U2.EUR.4F.KR.DFR.LEV
Zona euro (referencia),liquidez_banco_central,tipo_facilidad_deposito_BCE | Deposit facility - date of changes (raw data) - Level,2.25,pct_anual,2026-08-12,"BCE, ECB Data Portal, dataset FM",https://data.ecb.europa.eu/data/datasets/FM,2026-09-16,,,n/a,nivel,media_ponderada_volumen,serie FM.D.U2.EUR.4F.KR.DFR.LEV
Zona euro (referencia),liquidez_banco_central,tipo_facilidad_deposito_BCE | Deposit facility - date of changes (raw data) - Level,2.25,pct_anual,2026-08-13,"BCE, ECB Data Portal, dataset FM",https://data.ecb.europa.eu/data/datasets/FM,2026-09-16,,,n/a,nivel,media_ponderada_volumen,serie FM.D.U2.EUR.4F.KR.DFR.LEV
Zona euro (referencia),liquidez_banco_central,tipo_facilidad_deposito_BCE | Deposit facility - date of changes (raw data) - Level,2.25,pct_anual,2026-08-14,"BCE, ECB Data Portal, dataset FM",https://data.ecb.europa.eu/data/datasets/FM,2026-09-16,,,n/a,nivel,media_ponderada_volumen,serie FM.D.U2.EUR.4F.KR.DFR.LEV
Zona euro (referencia),liquidez_banco_central,tipo_facilidad_deposito_BCE | Deposit facility - date of changes (raw data) - Level,2.25,pct_anual,2026-08-15,"BCE, ECB Data Portal, dataset FM",https://data.ecb.europa.eu/data/datasets/FM,2026-09-16,,,n/a,nivel,media_ponderada_volumen,serie FM.D.U2.EUR.4F.KR.DFR.LEV
Zona euro (referencia),liquidez_banco_central,tipo_facilidad_deposito_BCE | Deposit facility - date of changes (raw data) - Level,2.25,pct_anual,2026-08-16,"BCE, ECB Data Portal, dataset FM",https://data.ecb.europa.eu/data/datasets/FM,2026-09-16,,,n/a,nivel,media_ponderada_volumen,serie FM.D.U2.EUR.4F.KR.DFR.LEV
Zona euro (referencia),liquidez_banco_central,tipo_facilidad_deposito_BCE | Deposit facility - date of changes (raw data) - Level,2.25,pct_anual,2026-08-17,"BCE, ECB Data Portal, dataset FM",https://data.ecb.europa.eu/data/datasets/FM,2026-09-16,,,n/a,nivel,media_ponderada_volumen,serie FM.D.U2.EUR.4F.KR.DFR.LEV
Zona euro (referencia),liquidez_banco_central,tipo_facilidad_deposito_BCE | Deposit facility - date of changes (raw data) - Level,2.25,pct_anual,2026-08-18,"BCE, ECB Data Portal, dataset FM",https://data.ecb.europa.eu/data/datasets/FM,2026-09-16,,,n/a,nivel,media_ponderada_volumen,serie FM.D.U2.EUR.4F.KR.DFR.LEV
Zona euro (referencia),liquidez_banco_central,tipo_facilidad_deposito_BCE | Deposit facility - date of changes (raw data) - Level,2.25,pct_anual,2026-08-19,"BCE, ECB Data Portal, dataset FM",https://data.ecb.europa.eu/data/datasets/FM,2026-09-16,,,n/a,nivel,media_ponderada_volumen,serie FM.D.U2.EUR.4F.KR.DFR.LEV
Zona euro (referencia),liquidez_banco_central,tipo_facilidad_deposito_BCE | Deposit facility - date of changes (raw data) - Level,2.25,pct_anual,2026-08-20,"BCE, ECB Data Portal, dataset FM",https://data.ecb.europa.eu/data/datasets/FM,2026-09-16,,,n/a,nivel,media_ponderada_volumen,serie FM.D.U2.EUR.4F.KR.DFR.LEV
Zona euro (referencia),liquidez_banco_central,tipo_facilidad_deposito_BCE | Deposit facility - date of changes (raw data) - Level,2.25,pct_anual,2026-08-21,"BCE, ECB Data Portal, dataset FM",https://data.ecb.europa.eu/data/datasets/FM,2026-09-16,,,n/a,nivel,media_ponderada_volumen,serie FM.D.U2.EUR.4F.KR.DFR.LEV
Zona euro (referencia),liquidez_banco_central,tipo_facilidad_deposito_BCE | Deposit facility - date of changes (raw data) - Level,2.25,pct_anual,2026-08-22,"BCE, ECB Data Portal, dataset FM",https://data.ecb.europa.eu/data/datasets/FM,2026-09-16,,,n/a,nivel,media_ponderada_volumen,serie FM.D.U2.EUR.4F.KR.DFR.LEV
Zona euro (referencia),liquidez_banco_central,tipo_facilidad_deposito_BCE | Deposit facility - date of changes (raw data) - Level,2.25,pct_anual,2026-08-23,"BCE, ECB Data Portal, dataset FM",https://data.ecb.europa.eu/data/datasets/FM,2026-09-16,,,n/a,nivel,media_ponderada_volumen,serie FM.D.U2.EUR.4F.KR.DFR.LEV
Zona euro (referencia),liquidez_banco_central,tipo_facilidad_deposito_BCE | Deposit facility - date of changes (raw data) - Level,2.25,pct_anual,2026-08-24,"BCE, ECB Data Portal, dataset FM",https://data.ecb.europa.eu/data/datasets/FM,2026-09-16,,,n/a,nivel,media_ponderada_volumen,serie FM.D.U2.EUR.4F.KR.DFR.LEV
Zona euro (referencia),liquidez_banco_central,tipo_facilidad_deposito_BCE | Deposit facility - date of changes (raw data) - Level,2.25,pct_anual,2026-08-25,"BCE, ECB Data Portal, dataset FM",https://data.ecb.europa.eu/data/datasets/FM,2026-09-16,,,n/a,nivel,media_ponderada_volumen,serie FM.D.U2.EUR.4F.KR.DFR.LEV
Zona euro (referencia),liquidez_banco_central,tipo_facilidad_deposito_BCE | Deposit facility - date of changes (raw data) - Level,2.25,pct_anual,2026-08-26,"BCE, ECB Data Portal, dataset FM",https://data.ecb.europa.eu/data/datasets/FM,2026-09-16,,,n/a,nivel,media_ponderada_volumen,serie FM.D.U2.EUR.4F.KR.DFR.LEV
Zona euro (referencia),liquidez_banco_central,tipo_facilidad_deposito_BCE | Deposit facility - date of changes (raw data) - Level,2.25,pct_anual,2026-08-27,"BCE, ECB Data Portal, dataset FM",https://data.ecb.europa.eu/data/datasets/FM,2026-09-16,,,n/a,nivel,media_ponderada_volumen,serie FM.D.U2.EUR.4F.KR.DFR.LEV
Zona euro (referencia),liquidez_banco_central,tipo_facilidad_deposito_BCE | Deposit facility - date of changes (raw data) - Level,2.25,pct_anual,2026-08-28,"BCE, ECB Data Portal, dataset FM",https://data.ecb.europa.eu/data/datasets/FM,2026-09-16,,,n/a,nivel,media_ponderada_volumen,serie FM.D.U2.EUR.4F.KR.DFR.LEV
Zona euro (referencia),liquidez_banco_central,tipo_facilidad_deposito_BCE | Deposit facility - date of changes (raw data) - Level,2.25,pct_anual,2026-08-29,"BCE, ECB Data Portal, dataset FM",https://data.ecb.europa.eu/data/datasets/FM,2026-09-16,,,n/a,nivel,media_ponderada_volumen,serie FM.D.U2.EUR.4F.KR.DFR.LEV
Zona euro (referencia),liquidez_banco_central,tipo_facilidad_deposito_BCE | Deposit facility - date of changes (raw data) - Level,2.25,pct_anual,2026-08-30,"BCE, ECB Data Portal, dataset FM",https://data.ecb.europa.eu/data/datasets/FM,2026-09-16,,,n/a,nivel,media_ponderada_volumen,serie FM.D.U2.EUR.4F.KR.DFR.LEV
Zona euro (referencia),liquidez_banco_central,tipo_facilidad_deposito_BCE | Deposit facility - date of changes (raw data) - Level,2.25,pct_anual,2026-08-31,"BCE, ECB Data Portal, dataset FM",https://data.ecb.europa.eu/data/datasets/FM,2026-09-16,,,n/a,nivel,media_ponderada_volumen,serie FM.D.U2.EUR.4F.KR.DFR.LEV
Zona euro (referencia),liquidez_banco_central,tipo_facilidad_deposito_BCE | Deposit facility - date of changes (raw data) - Level,2.25,pct_anual,2026-09-01,"BCE, ECB Data Portal, dataset FM",https://data.ecb.europa.eu/data/datasets/FM,2026-09-16,,,n/a,nivel,media_ponderada_volumen,serie FM.D.U2.EUR.4F.KR.DFR.LEV
Zona euro (referencia),liquidez_banco_central,tipo_facilidad_deposito_BCE | Deposit facility - date of changes (raw data) - Level,2.25,pct_anual,2026-09-02,"BCE, ECB Data Portal, dataset FM",https://data.ecb.europa.eu/data/datasets/FM,2026-09-16,,,n/a,nivel,media_ponderada_volumen,serie FM.D.U2.EUR.4F.KR.DFR.LEV
Zona euro (referencia),liquidez_banco_central,tipo_facilidad_deposito_BCE | Deposit facility - date of changes (raw data) - Level,2.25,pct_anual,2026-09-03,"BCE, ECB Data Portal, dataset FM",https://data.ecb.europa.eu/data/datasets/FM,2026-09-16,,,n/a,nivel,media_ponderada_volumen,serie FM.D.U2.EUR.4F.KR.DFR.LEV
Zona euro (referencia),liquidez_banco_central,tipo_facilidad_deposito_BCE | Deposit facility - date of changes (raw data) - Level,2.25,pct_anual,2026-09-04,"BCE, ECB Data Portal, dataset FM",https://data.ecb.europa.eu/data/datasets/FM,2026-09-16,,,n/a,nivel,media_ponderada_volumen,serie FM.D.U2.EUR.4F.KR.DFR.LEV
Zona euro (referencia),liquidez_banco_central,tipo_facilidad_deposito_BCE | Deposit facility - date of changes (raw data) - Level,2.25,pct_anual,2026-09-05,"BCE, ECB Data Portal, dataset FM",https://data.ecb.europa.eu/data/datasets/FM,2026-09-16,,,n/a,nivel,media_ponderada_volumen,serie FM.D.U2.EUR.4F.KR.DFR.LEV
Zona euro (referencia),liquidez_banco_central,tipo_facilidad_deposito_BCE | Deposit facility - date of changes (raw data) - Level,2.25,pct_anual,2026-09-06,"BCE, ECB Data Portal, dataset FM",https://data.ecb.europa.eu/data/datasets/FM,2026-09-16,,,n/a,nivel,media_ponderada_volumen,serie FM.D.U2.EUR.4F.KR.DFR.LEV
Zona euro (referencia),liquidez_banco_central,tipo_facilidad_deposito_BCE | Deposit facility - date of changes (raw data) - Level,2.25,pct_anual,2026-09-07,"BCE, ECB Data Portal, dataset FM",https://data.ecb.europa.eu/data/datasets/FM,2026-09-16,,,n/a,nivel,media_ponderada_volumen,serie FM.D.U2.EUR.4F.KR.DFR.LEV
Zona euro (referencia),liquidez_banco_central,tipo_facilidad_deposito_BCE | Deposit facility - date of changes (raw data) - Level,2.25,pct_anual,2026-09-08,"BCE, ECB Data Portal, dataset FM",https://data.ecb.europa.eu/data/datasets/FM,2026-09-16,,,n/a,nivel,media_ponderada_volumen,serie FM.D.U2.EUR.4F.KR.DFR.LEV
Zona euro (referencia),liquidez_banco_central,tipo_facilidad_deposito_BCE | Deposit facility - date of changes (raw data) - Level,2.25,pct_anual,2026-09-09,"BCE, ECB Data Portal, dataset FM",https://data.ecb.europa.eu/data/datasets/FM,2026-09-16,,,n/a,nivel,media_ponderada_volumen,serie FM.D.U2.EUR.4F.KR.DFR.LEV
Zona euro (referencia),liquidez_banco_central,tipo_facilidad_deposito_BCE | Deposit facility - date of changes (raw data) - Level,2.25,pct_anual,2026-09-10,"BCE, ECB Data Portal, dataset FM",https://data.ecb.europa.eu/data/datasets/FM,2026-09-16,,,n/a,nivel,media_ponderada_volumen,serie FM.D.U2.EUR.4F.KR.DFR.LEV
Zona euro (referencia),liquidez_banco_central,tipo_facilidad_deposito_BCE | Deposit facility - date of changes (raw data) - Level,2.25,pct_anual,2026-09-11,"BCE, ECB Data Portal, dataset FM",https://data.ecb.europa.eu/data/datasets/FM,2026-09-16,,,n/a,nivel,media_ponderada_volumen,serie FM.D.U2.EUR.4F.KR.DFR.LEV
Zona euro (referencia),liquidez_banco_central,tipo_facilidad_deposito_BCE | Deposit facility - date of changes (raw data) - Level,2.25,pct_anual,2026-09-12,"BCE, ECB Data Portal, dataset FM",https://data.ecb.europa.eu/data/datasets/FM,2026-09-16,,,n/a,nivel,media_ponderada_volumen,serie FM.D.U2.EUR.4F.KR.DFR.LEV
Zona euro (referencia),liquidez_banco_central,tipo_facilidad_deposito_BCE | Deposit facility - date of changes (raw data) - Level,2.25,pct_anual,2026-09-13,"BCE, ECB Data Portal, dataset FM",https://data.ecb.europa.eu/data/datasets/FM,2026-09-16,,,n/a,nivel,media_ponderada_volumen,serie FM.D.U2.EUR.4F.KR.DFR.LEV
Zona euro (referencia),liquidez_banco_central,tipo_facilidad_deposito_BCE | Deposit facility - date of changes (raw data) - Level,2.25,pct_anual,2026-09-14,"BCE, ECB Data Portal, dataset FM",https://data.ecb.europa.eu/data/datasets/FM,2026-09-16,,,n/a,nivel,media_ponderada_volumen,serie FM.D.U2.EUR.4F.KR.DFR.LEV
Zona euro (referencia),liquidez_banco_central,tipo_facilidad_deposito_BCE | Deposit facility - date of changes (raw data) - Level,2.25,pct_anual,2026-09-15,"BCE, ECB Data Portal, dataset FM",https://data.ecb.europa.eu/data/datasets/FM,2026-09-16,,,n/a,nivel,media_ponderada_volumen,serie FM.D.U2.EUR.4F.KR.DFR.LEV
Zona euro (referencia),liquidez_banco_central,tipo_facilidad_deposito_BCE | Deposit facility - date of changes (raw data) - Level,2.5,pct_anual,2026-09-16,"BCE, ECB Data Portal, dataset FM",https://data.ecb.europa.eu/data/datasets/FM,2026-09-16,,,n/a,nivel,media_ponderada_volumen,serie FM.D.U2.EUR.4F.KR.DFR.LEV
Zona euro (referencia),liquidez_banco_central,tipo_operaciones_principales_BCE | Main refinancing operations - fixed rate tenders (fixed rate) (date of changes) - Level,3.15,pct_anual,2025-01-01,"BCE, ECB Data Portal, dataset FM",https://data.ecb.europa.eu/data/datasets/FM,2026-09-16,,,n/a,nivel,media_ponderada_volumen,serie FM.D.U2.EUR.4F.KR.MRR_FR.LEV
Zona euro (referencia),liquidez_banco_central,tipo_operaciones_principales_BCE | Main refinancing operations - fixed rate tenders (fixed rate) (date of changes) - Level,3.15,pct_anual,2025-01-02,"BCE, ECB Data Portal, dataset FM",https://data.ecb.europa.eu/data/datasets/FM,2026-09-16,,,n/a,nivel,media_ponderada_volumen,serie FM.D.U2.EUR.4F.KR.MRR_FR.LEV
Zona euro (referencia),liquidez_banco_central,tipo_operaciones_principales_BCE | Main refinancing operations - fixed rate tenders (fixed rate) (date of changes) - Level,3.15,pct_anual,2025-01-03,"BCE, ECB Data Portal, dataset FM",https://data.ecb.europa.eu/data/datasets/FM,2026-09-16,,,n/a,nivel,media_ponderada_volumen,serie FM.D.U2.EUR.4F.KR.MRR_FR.LEV
Zona euro (referencia),liquidez_banco_central,tipo_operaciones_principales_BCE | Main refinancing operations - fixed rate tenders (fixed rate) (date of changes) - Level,3.15,pct_anual,2025-01-04,"BCE, ECB Data Portal, dataset FM",https://data.ecb.europa.eu/data/datasets/FM,2026-09-16,,,n/a,nivel,media_ponderada_volumen,serie FM.D.U2.EUR.4F.KR.MRR_FR.LEV
Zona euro (referencia),liquidez_banco_central,tipo_operaciones_principales_BCE | Main refinancing operations - fixed rate tenders (fixed rate) (date of changes) - Level,3.15,pct_anual,2025-01-05,"BCE, ECB Data Portal, dataset FM",https://data.ecb.europa.eu/data/datasets/FM,2026-09-16,,,n/a,nivel,media_ponderada_volumen,serie FM.D.U2.EUR.4F.KR.MRR_FR.LEV
Zona euro (referencia),liquidez_banco_central,tipo_operaciones_principales_BCE | Main refinancing operations - fixed rate tenders (fixed rate) (date of changes) - Level,3.15,pct_anual,2025-01-06,"BCE, ECB Data Portal, dataset FM",https://data.ecb.europa.eu/data/datasets/FM,2026-09-16,,,n/a,nivel,media_ponderada_volumen,serie FM.D.U2.EUR.4F.KR.MRR_FR.LEV
Zona euro (referencia),liquidez_banco_central,tipo_operaciones_principales_BCE | Main refinancing operations - fixed rate tenders (fixed rate) (date of changes) - Level,3.15,pct_anual,2025-01-07,"BCE, ECB Data Portal, dataset FM",https://data.ecb.europa.eu/data/datasets/FM,2026-09-16,,,n/a,nivel,media_ponderada_volumen,serie FM.D.U2.EUR.4F.KR.MRR_FR.LEV
Zona euro (referencia),liquidez_banco_central,tipo_operaciones_principales_BCE | Main refinancing operations - fixed rate tenders (fixed rate) (date of changes) - Level,3.15,pct_anual,2025-01-08,"BCE, ECB Data Portal, dataset FM",https://data.ecb.europa.eu/data/datasets/FM,2026-09-16,,,n/a,nivel,media_ponderada_volumen,serie FM.D.U2.EUR.4F.KR.MRR_FR.LEV
Zona euro (referencia),liquidez_banco_central,tipo_operaciones_principales_BCE | Main refinancing operations - fixed rate tenders (fixed rate) (date of changes) - Level,3.15,pct_anual,2025-01-09,"BCE, ECB Data Portal, dataset FM",https://data.ecb.europa.eu/data/datasets/FM,2026-09-16,,,n/a,nivel,media_ponderada_volumen,serie FM.D.U2.EUR.4F.KR.MRR_FR.LEV
Zona euro (referencia),liquidez_banco_central,tipo_operaciones_principales_BCE | Main refinancing operations - fixed rate tenders (fixed rate) (date of changes) - Level,3.15,pct_anual,2025-01-10,"BCE, ECB Data Portal, dataset FM",https://data.ecb.europa.eu/data/datasets/FM,2026-09-16,,,n/a,nivel,media_ponderada_volumen,serie FM.D.U2.EUR.4F.KR.MRR_FR.LEV
Zona euro (referencia),liquidez_banco_central,tipo_operaciones_principales_BCE | Main refinancing operations - fixed rate tenders (fixed rate) (date of changes) - Level,3.15,pct_anual,2025-01-11,"BCE, ECB Data Portal, dataset FM",https://data.ecb.europa.eu/data/datasets/FM,2026-09-16,,,n/a,nivel,media_ponderada_volumen,serie FM.D.U2.EUR.4F.KR.MRR_FR.LEV
Zona euro (referencia),liquidez_banco_central,tipo_operaciones_principales_BCE | Main refinancing operations - fixed rate tenders (fixed rate) (date of changes) - Level,3.15,pct_anual,2025-01-12,"BCE, ECB Data Portal, dataset FM",https://data.ecb.europa.eu/data/datasets/FM,2026-09-16,,,n/a,nivel,media_ponderada_volumen,serie FM.D.U2.EUR.4F.KR.MRR_FR.LEV
Zona euro (referencia),liquidez_banco_central,tipo_operaciones_principales_BCE | Main refinancing operations - fixed rate tenders (fixed rate) (date of changes) - Level,3.15,pct_anual,2025-01-13,"BCE, ECB Data Portal, dataset FM",https://data.ecb.europa.eu/data/datasets/FM,2026-09-16,,,n/a,nivel,media_ponderada_volumen,serie FM.D.U2.EUR.4F.KR.MRR_FR.LEV
Zona euro (referencia),liquidez_banco_central,tipo_operaciones_principales_BCE | Main refinancing operations - fixed rate tenders (fixed rate) (date of changes) - Level,3.15,pct_anual,2025-01-14,"BCE, ECB Data Portal, dataset FM",https://data.ecb.europa.eu/data/datasets/FM,2026-09-16,,,n/a,nivel,media_ponderada_volumen,serie FM.D.U2.EUR.4F.KR.MRR_FR.LEV
Zona euro (referencia),liquidez_banco_central,tipo_operaciones_principales_BCE | Main refinancing operations - fixed rate tenders (fixed rate) (date of changes) - Level,3.15,pct_anual,2025-01-15,"BCE, ECB Data Portal, dataset FM",https://data.ecb.europa.eu/data/datasets/FM,2026-09-16,,,n/a,nivel,media_ponderada_volumen,serie FM.D.U2.EUR.4F.KR.MRR_FR.LEV
Zona euro (referencia),liquidez_banco_central,tipo_operaciones_principales_BCE | Main refinancing operations - fixed rate tenders (fixed rate) (date of changes) - Level,3.15,pct_anual,2025-01-16,"BCE, ECB Data Portal, dataset FM",https://data.ecb.europa.eu/data/datasets/FM,2026-09-16,,,n/a,nivel,media_ponderada_volumen,serie FM.D.U2.EUR.4F.KR.MRR_FR.LEV
Zona euro (referencia),liquidez_banco_central,tipo_operaciones_principales_BCE | Main refinancing operations - fixed rate tenders (fixed rate) (date of changes) - Level,3.15,pct_anual,2025-01-17,"BCE, ECB Data Portal, dataset FM",https://data.ecb.europa.eu/data/datasets/FM,2026-09-16,,,n/a,nivel,media_ponderada_volumen,serie FM.D.U2.EUR.4F.KR.MRR_FR.LEV
Zona euro (referencia),liquidez_banco_central,tipo_operaciones_principales_BCE | Main refinancing operations - fixed rate tenders (fixed rate) (date of changes) - Level,3.15,pct_anual,2025-01-18,"BCE, ECB Data Portal, dataset FM",https://data.ecb.europa.eu/data/datasets/FM,2026-09-16,,,n/a,nivel,media_ponderada_volumen,serie FM.D.U2.EUR.4F.KR.MRR_FR.LEV
Zona euro (referencia),liquidez_banco_central,tipo_operaciones_principales_BCE | Main refinancing operations - fixed rate tenders (fixed rate) (date of changes) - Level,3.15,pct_anual,2025-01-19,"BCE, ECB Data Portal, dataset FM",https://data.ecb.europa.eu/data/datasets/FM,2026-09-16,,,n/a,nivel,media_ponderada_volumen,serie FM.D.U2.EUR.4F.KR.MRR_FR.LEV
Zona euro (referencia),liquidez_banco_central,tipo_operaciones_principales_BCE | Main refinancing operations - fixed rate tenders (fixed rate) (date of changes) - Level,3.15,pct_anual,2025-01-20,"BCE, ECB Data Portal, dataset FM",https://data.ecb.europa.eu/data/datasets/FM,2026-09-16,,,n/a,nivel,media_ponderada_volumen,serie FM.D.U2.EUR.4F.KR.MRR_FR.LEV
Zona euro (referencia),liquidez_banco_central,tipo_operaciones_principales_BCE | Main refinancing operations - fixed rate tenders (fixed rate) (date of changes) - Level,3.15,pct_anual,2025-01-21,"BCE, ECB Data Portal, dataset FM",https://data.ecb.europa.eu/data/datasets/FM,2026-09-16,,,n/a,nivel,media_ponderada_volumen,serie FM.D.U2.EUR.4F.KR.MRR_FR.LEV
Zona euro (referencia),liquidez_banco_central,tipo_operaciones_principales_BCE | Main refinancing operations - fixed rate tenders (fixed rate) (date of changes) - Level,3.15,pct_anual,2025-01-22,"BCE, ECB Data Portal, dataset FM",https://data.ecb.europa.eu/data/datasets/FM,2026-09-16,,,n/a,nivel,media_ponderada_volumen,serie FM.D.U2.EUR.4F.KR.MRR_FR.LEV
Zona euro (referencia),liquidez_banco_central,tipo_operaciones_principales_BCE | Main refinancing operations - fixed rate tenders (fixed rate) (date of changes) - Level,3.15,pct_anual,2025-01-23,"BCE, ECB Data Portal, dataset FM",https://data.ecb.europa.eu/data/datasets/FM,2026-09-16,,,n/a,nivel,media_ponderada_volumen,serie FM.D.U2.EUR.4F.KR.MRR_FR.LEV
Zona euro (referencia),liquidez_banco_central,tipo_operaciones_principales_BCE | Main refinancing operations - fixed rate tenders (fixed rate) (date of changes) - Level,3.15,pct_anual,2025-01-24,"BCE, ECB Data Portal, dataset FM",https://data.ecb.europa.eu/data/datasets/FM,2026-09-16,,,n/a,nivel,media_ponderada_volumen,serie FM.D.U2.EUR.4F.KR.MRR_FR.LEV
Zona euro (referencia),liquidez_banco_central,tipo_operaciones_principales_BCE | Main refinancing operations - fixed rate tenders (fixed rate) (date of changes) - Level,3.15,pct_anual,2025-01-25,"BCE, ECB Data Portal, dataset FM",https://data.ecb.europa.eu/data/datasets/FM,2026-09-16,,,n/a,nivel,media_ponderada_volumen,serie FM.D.U2.EUR.4F.KR.MRR_FR.LEV
Zona euro (referencia),liquidez_banco_central,tipo_operaciones_principales_BCE | Main refinancing operations - fixed rate tenders (fixed rate) (date of changes) - Level,3.15,pct_anual,2025-01-26,"BCE, ECB Data Portal, dataset FM",https://data.ecb.europa.eu/data/datasets/FM,2026-09-16,,,n/a,nivel,media_ponderada_volumen,serie FM.D.U2.EUR.4F.KR.MRR_FR.LEV
Zona euro (referencia),liquidez_banco_central,tipo_operaciones_principales_BCE | Main refinancing operations - fixed rate tenders (fixed rate) (date of changes) - Level,3.15,pct_anual,2025-01-27,"BCE, ECB Data Portal, dataset FM",https://data.ecb.europa.eu/data/datasets/FM,2026-09-16,,,n/a,nivel,media_ponderada_volumen,serie FM.D.U2.EUR.4F.KR.MRR_FR.LEV
Zona euro (referencia),liquidez_banco_central,tipo_operaciones_principales_BCE | Main refinancing operations - fixed rate tenders (fixed rate) (date of changes) - Level,3.15,pct_anual,2025-01-28,"BCE, ECB Data Portal, dataset FM",https://data.ecb.europa.eu/data/datasets/FM,2026-09-16,,,n/a,nivel,media_ponderada_volumen,serie FM.D.U2.EUR.4F.KR.MRR_FR.LEV
Zona euro (referencia),liquidez_banco_central,tipo_operaciones_principales_BCE | Main refinancing operations - fixed rate tenders (fixed rate) (date of changes) - Level,3.15,pct_anual,2025-01-29,"BCE, ECB Data Portal, dataset FM",https://data.ecb.europa.eu/data/datasets/FM,2026-09-16,,,n/a,nivel,media_ponderada_volumen,serie FM.D.U2.EUR.4F.KR.MRR_FR.LEV
Zona euro (referencia),liquidez_banco_central,tipo_operaciones_principales_BCE | Main refinancing operations - fixed rate tenders (fixed rate) (date of changes) - Level,3.15,pct_anual,2025-01-30,"BCE, ECB Data Portal, dataset FM",https://data.ecb.europa.eu/data/datasets/FM,2026-09-16,,,n/a,nivel,media_ponderada_volumen,serie FM.D.U2.EUR.4F.KR.MRR_FR.LEV
Zona euro (referencia),liquidez_banco_central,tipo_operaciones_principales_BCE | Main refinancing operations - fixed rate tenders (fixed rate) (date of changes) - Level,3.15,pct_anual,2025-01-31,"BCE, ECB Data Portal, dataset FM",https://data.ecb.europa.eu/data/datasets/FM,2026-09-16,,,n/a,nivel,media_ponderada_volumen,serie FM.D.U2.EUR.4F.KR.MRR_FR.LEV
Zona euro (referencia),liquidez_banco_central,tipo_operaciones_principales_BCE | Main refinancing operations - fixed rate tenders (fixed rate) (date of changes) - Level,3.15,pct_anual,2025-02-01,"BCE, ECB Data Portal, dataset FM",https://data.ecb.europa.eu/data/datasets/FM,2026-09-16,,,n/a,nivel,media_ponderada_volumen,serie FM.D.U2.EUR.4F.KR.MRR_FR.LEV
Zona euro (referencia),liquidez_banco_central,tipo_operaciones_principales_BCE | Main refinancing operations - fixed rate tenders (fixed rate) (date of changes) - Level,3.15,pct_anual,2025-02-02,"BCE, ECB Data Portal, dataset FM",https://data.ecb.europa.eu/data/datasets/FM,2026-09-16,,,n/a,nivel,media_ponderada_volumen,serie FM.D.U2.EUR.4F.KR.MRR_FR.LEV
Zona euro (referencia),liquidez_banco_central,tipo_operaciones_principales_BCE | Main refinancing operations - fixed rate tenders (fixed rate) (date of changes) - Level,3.15,pct_anual,2025-02-03,"BCE, ECB Data Portal, dataset FM",https://data.ecb.europa.eu/data/datasets/FM,2026-09-16,,,n/a,nivel,media_ponderada_volumen,serie FM.D.U2.EUR.4F.KR.MRR_FR.LEV
Zona euro (referencia),liquidez_banco_central,tipo_operaciones_principales_BCE | Main refinancing operations - fixed rate tenders (fixed rate) (date of changes) - Level,3.15,pct_anual,2025-02-04,"BCE, ECB Data Portal, dataset FM",https://data.ecb.europa.eu/data/datasets/FM,2026-09-16,,,n/a,nivel,media_ponderada_volumen,serie FM.D.U2.EUR.4F.KR.MRR_FR.LEV
Zona euro (referencia),liquidez_banco_central,tipo_operaciones_principales_BCE | Main refinancing operations - fixed rate tenders (fixed rate) (date of changes) - Level,2.9,pct_anual,2025-02-05,"BCE, ECB Data Portal, dataset FM",https://data.ecb.europa.eu/data/datasets/FM,2026-09-16,,,n/a,nivel,media_ponderada_volumen,serie FM.D.U2.EUR.4F.KR.MRR_FR.LEV
Zona euro (referencia),liquidez_banco_central,tipo_operaciones_principales_BCE | Main refinancing operations - fixed rate tenders (fixed rate) (date of changes) - Level,2.9,pct_anual,2025-02-06,"BCE, ECB Data Portal, dataset FM",https://data.ecb.europa.eu/data/datasets/FM,2026-09-16,,,n/a,nivel,media_ponderada_volumen,serie FM.D.U2.EUR.4F.KR.MRR_FR.LEV
Zona euro (referencia),liquidez_banco_central,tipo_operaciones_principales_BCE | Main refinancing operations - fixed rate tenders (fixed rate) (date of changes) - Level,2.9,pct_anual,2025-02-07,"BCE, ECB Data Portal, dataset FM",https://data.ecb.europa.eu/data/datasets/FM,2026-09-16,,,n/a,nivel,media_ponderada_volumen,serie FM.D.U2.EUR.4F.KR.MRR_FR.LEV
Zona euro (referencia),liquidez_banco_central,tipo_operaciones_principales_BCE | Main refinancing operations - fixed rate tenders (fixed rate) (date of changes) - Level,2.9,pct_anual,2025-02-08,"BCE, ECB Data Portal, dataset FM",https://data.ecb.europa.eu/data/datasets/FM,2026-09-16,,,n/a,nivel,media_ponderada_volumen,serie FM.D.U2.EUR.4F.KR.MRR_FR.LEV
Zona euro (referencia),liquidez_banco_central,tipo_operaciones_principales_BCE | Main refinancing operations - fixed rate tenders (fixed rate) (date of changes) - Level,2.9,pct_anual,2025-02-09,"BCE, ECB Data Portal, dataset FM",https://data.ecb.europa.eu/data/datasets/FM,2026-09-16,,,n/a,nivel,media_ponderada_volumen,serie FM.D.U2.EUR.4F.KR.MRR_FR.LEV
Zona euro (referencia),liquidez_banco_central,tipo_operaciones_principales_BCE | Main refinancing operations - fixed rate tenders (fixed rate) (date of changes) - Level,2.9,pct_anual,2025-02-10,"BCE, ECB Data Portal, dataset FM",https://data.ecb.europa.eu/data/datasets/FM,2026-09-16,,,n/a,nivel,media_ponderada_volumen,serie FM.D.U2.EUR.4F.KR.MRR_FR.LEV
Zona euro (referencia),liquidez_banco_central,tipo_operaciones_principales_BCE | Main refinancing operations - fixed rate tenders (fixed rate) (date of changes) - Level,2.9,pct_anual,2025-02-11,"BCE, ECB Data Portal, dataset FM",https://data.ecb.europa.eu/data/datasets/FM,2026-09-16,,,n/a,nivel,media_ponderada_volumen,serie FM.D.U2.EUR.4F.KR.MRR_FR.LEV
Zona euro (referencia),liquidez_banco_central,tipo_operaciones_principales_BCE | Main refinancing operations - fixed rate tenders (fixed rate) (date of changes) - Level,2.9,pct_anual,2025-02-12,"BCE, ECB Data Portal, dataset FM",https://data.ecb.europa.eu/data/datasets/FM,2026-09-16,,,n/a,nivel,media_ponderada_volumen,serie FM.D.U2.EUR.4F.KR.MRR_FR.LEV
Zona euro (referencia),liquidez_banco_central,tipo_operaciones_principales_BCE | Main refinancing operations - fixed rate tenders (fixed rate) (date of changes) - Level,2.9,pct_anual,2025-02-13,"BCE, ECB Data Portal, dataset FM",https://data.ecb.europa.eu/data/datasets/FM,2026-09-16,,,n/a,nivel,media_ponderada_volumen,serie FM.D.U2.EUR.4F.KR.MRR_FR.LEV
Zona euro (referencia),liquidez_banco_central,tipo_operaciones_principales_BCE | Main refinancing operations - fixed rate tenders (fixed rate) (date of changes) - Level,2.9,pct_anual,2025-02-14,"BCE, ECB Data Portal, dataset FM",https://data.ecb.europa.eu/data/datasets/FM,2026-09-16,,,n/a,nivel,media_ponderada_volumen,serie FM.D.U2.EUR.4F.KR.MRR_FR.LEV
Zona euro (referencia),liquidez_banco_central,tipo_operaciones_principales_BCE | Main refinancing operations - fixed rate tenders (fixed rate) (date of changes) - Level,2.9,pct_anual,2025-02-15,"BCE, ECB Data Portal, dataset FM",https://data.ecb.europa.eu/data/datasets/FM,2026-09-16,,,n/a,nivel,media_ponderada_volumen,serie FM.D.U2.EUR.4F.KR.MRR_FR.LEV
Zona euro (referencia),liquidez_banco_central,tipo_operaciones_principales_BCE | Main refinancing operations - fixed rate tenders (fixed rate) (date of changes) - Level,2.9,pct_anual,2025-02-16,"BCE, ECB Data Portal, dataset FM",https://data.ecb.europa.eu/data/datasets/FM,2026-09-16,,,n/a,nivel,media_ponderada_volumen,serie FM.D.U2.EUR.4F.KR.MRR_FR.LEV
Zona euro (referencia),liquidez_banco_central,tipo_operaciones_principales_BCE | Main refinancing operations - fixed rate tenders (fixed rate) (date of changes) - Level,2.9,pct_anual,2025-02-17,"BCE, ECB Data Portal, dataset FM",https://data.ecb.europa.eu/data/datasets/FM,2026-09-16,,,n/a,nivel,media_ponderada_volumen,serie FM.D.U2.EUR.4F.KR.MRR_FR.LEV
Zona euro (referencia),liquidez_banco_central,tipo_operaciones_principales_BCE | Main refinancing operations - fixed rate tenders (fixed rate) (date of changes) - Level,2.9,pct_anual,2025-02-18,"BCE, ECB Data Portal, dataset FM",https://data.ecb.europa.eu/data/datasets/FM,2026-09-16,,,n/a,nivel,media_ponderada_volumen,serie FM.D.U2.EUR.4F.KR.MRR_FR.LEV
Zona euro (referencia),liquidez_banco_central,tipo_operaciones_principales_BCE | Main refinancing operations - fixed rate tenders (fixed rate) (date of changes) - Level,2.9,pct_anual,2025-02-19,"BCE, ECB Data Portal, dataset FM",https://data.ecb.europa.eu/data/datasets/FM,2026-09-16,,,n/a,nivel,media_ponderada_volumen,serie FM.D.U2.EUR.4F.KR.MRR_FR.LEV
Zona euro (referencia),liquidez_banco_central,tipo_operaciones_principales_BCE | Main refinancing operations - fixed rate tenders (fixed rate) (date of changes) - Level,2.9,pct_anual,2025-02-20,"BCE, ECB Data Portal, dataset FM",https://data.ecb.europa.eu/data/datasets/FM,2026-09-16,,,n/a,nivel,media_ponderada_volumen,serie FM.D.U2.EUR.4F.KR.MRR_FR.LEV
Zona euro (referencia),liquidez_banco_central,tipo_operaciones_principales_BCE | Main refinancing operations - fixed rate tenders (fixed rate) (date of changes) - Level,2.9,pct_anual,2025-02-21,"BCE, ECB Data Portal, dataset FM",https://data.ecb.europa.eu/data/datasets/FM,2026-09-16,,,n/a,nivel,media_ponderada_volumen,serie FM.D.U2.EUR.4F.KR.MRR_FR.LEV
Zona euro (referencia),liquidez_banco_central,tipo_operaciones_principales_BCE | Main refinancing operations - fixed rate tenders (fixed rate) (date of changes) - Level,2.9,pct_anual,2025-02-22,"BCE, ECB Data Portal, dataset FM",https://data.ecb.europa.eu/data/datasets/FM,2026-09-16,,,n/a,nivel,media_ponderada_volumen,serie FM.D.U2.EUR.4F.KR.MRR_FR.LEV
Zona euro (referencia),liquidez_banco_central,tipo_operaciones_principales_BCE | Main refinancing operations - fixed rate tenders (fixed rate) (date of changes) - Level,2.9,pct_anual,2025-02-23,"BCE, ECB Data Portal, dataset FM",https://data.ecb.europa.eu/data/datasets/FM,2026-09-16,,,n/a,nivel,media_ponderada_volumen,serie FM.D.U2.EUR.4F.KR.MRR_FR.LEV
Zona euro (referencia),liquidez_banco_central,tipo_operaciones_principales_BCE | Main refinancing operations - fixed rate tenders (fixed rate) (date of changes) - Level,2.9,pct_anual,2025-02-24,"BCE, ECB Data Portal, dataset FM",https://data.ecb.europa.eu/data/datasets/FM,2026-09-16,,,n/a,nivel,media_ponderada_volumen,serie FM.D.U2.EUR.4F.KR.MRR_FR.LEV
Zona euro (referencia),liquidez_banco_central,tipo_operaciones_principales_BCE | Main refinancing operations - fixed rate tenders (fixed rate) (date of changes) - Level,2.9,pct_anual,2025-02-25,"BCE, ECB Data Portal, dataset FM",https://data.ecb.europa.eu/data/datasets/FM,2026-09-16,,,n/a,nivel,media_ponderada_volumen,serie FM.D.U2.EUR.4F.KR.MRR_FR.LEV
Zona euro (referencia),liquidez_banco_central,tipo_operaciones_principales_BCE | Main refinancing operations - fixed rate tenders (fixed rate) (date of changes) - Level,2.9,pct_anual,2025-02-26,"BCE, ECB Data Portal, dataset FM",https://data.ecb.europa.eu/data/datasets/FM,2026-09-16,,,n/a,nivel,media_ponderada_volumen,serie FM.D.U2.EUR.4F.KR.MRR_FR.LEV
Zona euro (referencia),liquidez_banco_central,tipo_operaciones_principales_BCE | Main refinancing operations - fixed rate tenders (fixed rate) (date of changes) - Level,2.9,pct_anual,2025-02-27,"BCE, ECB Data Portal, dataset FM",https://data.ecb.europa.eu/data/datasets/FM,2026-09-16,,,n/a,nivel,media_ponderada_volumen,serie FM.D.U2.EUR.4F.KR.MRR_FR.LEV
Zona euro (referencia),liquidez_banco_central,tipo_operaciones_principales_BCE | Main refinancing operations - fixed rate tenders (fixed rate) (date of changes) - Level,2.9,pct_anual,2025-02-28,"BCE, ECB Data Portal, dataset FM",https://data.ecb.europa.eu/data/datasets/FM,2026-09-16,,,n/a,nivel,media_ponderada_volumen,serie FM.D.U2.EUR.4F.KR.MRR_FR.LEV
Zona euro (referencia),liquidez_banco_central,tipo_operaciones_principales_BCE | Main refinancing operations - fixed rate tenders (fixed rate) (date of changes) - Level,2.9,pct_anual,2025-03-01,"BCE, ECB Data Portal, dataset FM",https://data.ecb.europa.eu/data/datasets/FM,2026-09-16,,,n/a,nivel,media_ponderada_volumen,serie FM.D.U2.EUR.4F.KR.MRR_FR.LEV
Zona euro (referencia),liquidez_banco_central,tipo_operaciones_principales_BCE | Main refinancing operations - fixed rate tenders (fixed rate) (date of changes) - Level,2.9,pct_anual,2025-03-02,"BCE, ECB Data Portal, dataset FM",https://data.ecb.europa.eu/data/datasets/FM,2026-09-16,,,n/a,nivel,media_ponderada_volumen,serie FM.D.U2.EUR.4F.KR.MRR_FR.LEV
Zona euro (referencia),liquidez_banco_central,tipo_operaciones_principales_BCE | Main refinancing operations - fixed rate tenders (fixed rate) (date of changes) - Level,2.9,pct_anual,2025-03-03,"BCE, ECB Data Portal, dataset FM",https://data.ecb.europa.eu/data/datasets/FM,2026-09-16,,,n/a,nivel,media_ponderada_volumen,serie FM.D.U2.EUR.4F.KR.MRR_FR.LEV
Zona euro (referencia),liquidez_banco_central,tipo_operaciones_principales_BCE | Main refinancing operations - fixed rate tenders (fixed rate) (date of changes) - Level,2.9,pct_anual,2025-03-04,"BCE, ECB Data Portal, dataset FM",https://data.ecb.europa.eu/data/datasets/FM,2026-09-16,,,n/a,nivel,media_ponderada_volumen,serie FM.D.U2.EUR.4F.KR.MRR_FR.LEV
Zona euro (referencia),liquidez_banco_central,tipo_operaciones_principales_BCE | Main refinancing operations - fixed rate tenders (fixed rate) (date of changes) - Level,2.9,pct_anual,2025-03-05,"BCE, ECB Data Portal, dataset FM",https://data.ecb.europa.eu/data/datasets/FM,2026-09-16,,,n/a,nivel,media_ponderada_volumen,serie FM.D.U2.EUR.4F.KR.MRR_FR.LEV
Zona euro (referencia),liquidez_banco_central,tipo_operaciones_principales_BCE | Main refinancing operations - fixed rate tenders (fixed rate) (date of changes) - Level,2.9,pct_anual,2025-03-06,"BCE, ECB Data Portal, dataset FM",https://data.ecb.europa.eu/data/datasets/FM,2026-09-16,,,n/a,nivel,media_ponderada_volumen,serie FM.D.U2.EUR.4F.KR.MRR_FR.LEV
Zona euro (referencia),liquidez_banco_central,tipo_operaciones_principales_BCE | Main refinancing operations - fixed rate tenders (fixed rate) (date of changes) - Level,2.9,pct_anual,2025-03-07,"BCE, ECB Data Portal, dataset FM",https://data.ecb.europa.eu/data/datasets/FM,2026-09-16,,,n/a,nivel,media_ponderada_volumen,serie FM.D.U2.EUR.4F.KR.MRR_FR.LEV
Zona euro (referencia),liquidez_banco_central,tipo_operaciones_principales_BCE | Main refinancing operations - fixed rate tenders (fixed rate) (date of changes) - Level,2.9,pct_anual,2025-03-08,"BCE, ECB Data Portal, dataset FM",https://data.ecb.europa.eu/data/datasets/FM,2026-09-16,,,n/a,nivel,media_ponderada_volumen,serie FM.D.U2.EUR.4F.KR.MRR_FR.LEV
Zona euro (referencia),liquidez_banco_central,tipo_operaciones_principales_BCE | Main refinancing operations - fixed rate tenders (fixed rate) (date of changes) - Level,2.9,pct_anual,2025-03-09,"BCE, ECB Data Portal, dataset FM",https://data.ecb.europa.eu/data/datasets/FM,2026-09-16,,,n/a,nivel,media_ponderada_volumen,serie FM.D.U2.EUR.4F.KR.MRR_FR.LEV
Zona euro (referencia),liquidez_banco_central,tipo_operaciones_principales_BCE | Main refinancing operations - fixed rate tenders (fixed rate) (date of changes) - Level,2.9,pct_anual,2025-03-10,"BCE, ECB Data Portal, dataset FM",https://data.ecb.europa.eu/data/datasets/FM,2026-09-16,,,n/a,nivel,media_ponderada_volumen,serie FM.D.U2.EUR.4F.KR.MRR_FR.LEV
Zona euro (referencia),liquidez_banco_central,tipo_operaciones_principales_BCE | Main refinancing operations - fixed rate tenders (fixed rate) (date of changes) - Level,2.9,pct_anual,2025-03-11,"BCE, ECB Data Portal, dataset FM",https://data.ecb.europa.eu/data/datasets/FM,2026-09-16,,,n/a,nivel,media_ponderada_volumen,serie FM.D.U2.EUR.4F.KR.MRR_FR.LEV
Zona euro (referencia),liquidez_banco_central,tipo_operaciones_principales_BCE | Main refinancing operations - fixed rate tenders (fixed rate) (date of changes) - Level,2.65,pct_anual,2025-03-12,"BCE, ECB Data Portal, dataset FM",https://data.ecb.europa.eu/data/datasets/FM,2026-09-16,,,n/a,nivel,media_ponderada_volumen,serie FM.D.U2.EUR.4F.KR.MRR_FR.LEV
Zona euro (referencia),liquidez_banco_central,tipo_operaciones_principales_BCE | Main refinancing operations - fixed rate tenders (fixed rate) (date of changes) - Level,2.65,pct_anual,2025-03-13,"BCE, ECB Data Portal, dataset FM",https://data.ecb.europa.eu/data/datasets/FM,2026-09-16,,,n/a,nivel,media_ponderada_volumen,serie FM.D.U2.EUR.4F.KR.MRR_FR.LEV
Zona euro (referencia),liquidez_banco_central,tipo_operaciones_principales_BCE | Main refinancing operations - fixed rate tenders (fixed rate) (date of changes) - Level,2.65,pct_anual,2025-03-14,"BCE, ECB Data Portal, dataset FM",https://data.ecb.europa.eu/data/datasets/FM,2026-09-16,,,n/a,nivel,media_ponderada_volumen,serie FM.D.U2.EUR.4F.KR.MRR_FR.LEV
Zona euro (referencia),liquidez_banco_central,tipo_operaciones_principales_BCE | Main refinancing operations - fixed rate tenders (fixed rate) (date of changes) - Level,2.65,pct_anual,2025-03-15,"BCE, ECB Data Portal, dataset FM",https://data.ecb.europa.eu/data/datasets/FM,2026-09-16,,,n/a,nivel,media_ponderada_volumen,serie FM.D.U2.EUR.4F.KR.MRR_FR.LEV
Zona euro (referencia),liquidez_banco_central,tipo_operaciones_principales_BCE | Main refinancing operations - fixed rate tenders (fixed rate) (date of changes) - Level,2.65,pct_anual,2025-03-16,"BCE, ECB Data Portal, dataset FM",https://data.ecb.europa.eu/data/datasets/FM,2026-09-16,,,n/a,nivel,media_ponderada_volumen,serie FM.D.U2.EUR.4F.KR.MRR_FR.LEV
Zona euro (referencia),liquidez_banco_central,tipo_operaciones_principales_BCE | Main refinancing operations - fixed rate tenders (fixed rate) (date of changes) - Level,2.65,pct_anual,2025-03-17,"BCE, ECB Data Portal, dataset FM",https://data.ecb.europa.eu/data/datasets/FM,2026-09-16,,,n/a,nivel,media_ponderada_volumen,serie FM.D.U2.EUR.4F.KR.MRR_FR.LEV
Zona euro (referencia),liquidez_banco_central,tipo_operaciones_principales_BCE | Main refinancing operations - fixed rate tenders (fixed rate) (date of changes) - Level,2.65,pct_anual,2025-03-18,"BCE, ECB Data Portal, dataset FM",https://data.ecb.europa.eu/data/datasets/FM,2026-09-16,,,n/a,nivel,media_ponderada_volumen,serie FM.D.U2.EUR.4F.KR.MRR_FR.LEV
Zona euro (referencia),liquidez_banco_central,tipo_operaciones_principales_BCE | Main refinancing operations - fixed rate tenders (fixed rate) (date of changes) - Level,2.65,pct_anual,2025-03-19,"BCE, ECB Data Portal, dataset FM",https://data.ecb.europa.eu/data/datasets/FM,2026-09-16,,,n/a,nivel,media_ponderada_volumen,serie FM.D.U2.EUR.4F.KR.MRR_FR.LEV
Zona euro (referencia),liquidez_banco_central,tipo_operaciones_principales_BCE | Main refinancing operations - fixed rate tenders (fixed rate) (date of changes) - Level,2.65,pct_anual,2025-03-20,"BCE, ECB Data Portal, dataset FM",https://data.ecb.europa.eu/data/datasets/FM,2026-09-16,,,n/a,nivel,media_ponderada_volumen,serie FM.D.U2.EUR.4F.KR.MRR_FR.LEV
Zona euro (referencia),liquidez_banco_central,tipo_operaciones_principales_BCE | Main refinancing operations - fixed rate tenders (fixed rate) (date of changes) - Level,2.65,pct_anual,2025-03-21,"BCE, ECB Data Portal, dataset FM",https://data.ecb.europa.eu/data/datasets/FM,2026-09-16,,,n/a,nivel,media_ponderada_volumen,serie FM.D.U2.EUR.4F.KR.MRR_FR.LEV
Zona euro (referencia),liquidez_banco_central,tipo_operaciones_principales_BCE | Main refinancing operations - fixed rate tenders (fixed rate) (date of changes) - Level,2.65,pct_anual,2025-03-22,"BCE, ECB Data Portal, dataset FM",https://data.ecb.europa.eu/data/datasets/FM,2026-09-16,,,n/a,nivel,media_ponderada_volumen,serie FM.D.U2.EUR.4F.KR.MRR_FR.LEV
Zona euro (referencia),liquidez_banco_central,tipo_operaciones_principales_BCE | Main refinancing operations - fixed rate tenders (fixed rate) (date of changes) - Level,2.65,pct_anual,2025-03-23,"BCE, ECB Data Portal, dataset FM",https://data.ecb.europa.eu/data/datasets/FM,2026-09-16,,,n/a,nivel,media_ponderada_volumen,serie FM.D.U2.EUR.4F.KR.MRR_FR.LEV
Zona euro (referencia),liquidez_banco_central,tipo_operaciones_principales_BCE | Main refinancing operations - fixed rate tenders (fixed rate) (date of changes) - Level,2.65,pct_anual,2025-03-24,"BCE, ECB Data Portal, dataset FM",https://data.ecb.europa.eu/data/datasets/FM,2026-09-16,,,n/a,nivel,media_ponderada_volumen,serie FM.D.U2.EUR.4F.KR.MRR_FR.LEV
Zona euro (referencia),liquidez_banco_central,tipo_operaciones_principales_BCE | Main refinancing operations - fixed rate tenders (fixed rate) (date of changes) - Level,2.65,pct_anual,2025-03-25,"BCE, ECB Data Portal, dataset FM",https://data.ecb.europa.eu/data/datasets/FM,2026-09-16,,,n/a,nivel,media_ponderada_volumen,serie FM.D.U2.EUR.4F.KR.MRR_FR.LEV
Zona euro (referencia),liquidez_banco_central,tipo_operaciones_principales_BCE | Main refinancing operations - fixed rate tenders (fixed rate) (date of changes) - Level,2.65,pct_anual,2025-03-26,"BCE, ECB Data Portal, dataset FM",https://data.ecb.europa.eu/data/datasets/FM,2026-09-16,,,n/a,nivel,media_ponderada_volumen,serie FM.D.U2.EUR.4F.KR.MRR_FR.LEV
Zona euro (referencia),liquidez_banco_central,tipo_operaciones_principales_BCE | Main refinancing operations - fixed rate tenders (fixed rate) (date of changes) - Level,2.65,pct_anual,2025-03-27,"BCE, ECB Data Portal, dataset FM",https://data.ecb.europa.eu/data/datasets/FM,2026-09-16,,,n/a,nivel,media_ponderada_volumen,serie FM.D.U2.EUR.4F.KR.MRR_FR.LEV
Zona euro (referencia),liquidez_banco_central,tipo_operaciones_principales_BCE | Main refinancing operations - fixed rate tenders (fixed rate) (date of changes) - Level,2.65,pct_anual,2025-03-28,"BCE, ECB Data Portal, dataset FM",https://data.ecb.europa.eu/data/datasets/FM,2026-09-16,,,n/a,nivel,media_ponderada_volumen,serie FM.D.U2.EUR.4F.KR.MRR_FR.LEV
Zona euro (referencia),liquidez_banco_central,tipo_operaciones_principales_BCE | Main refinancing operations - fixed rate tenders (fixed rate) (date of changes) - Level,2.65,pct_anual,2025-03-29,"BCE, ECB Data Portal, dataset FM",https://data.ecb.europa.eu/data/datasets/FM,2026-09-16,,,n/a,nivel,media_ponderada_volumen,serie FM.D.U2.EUR.4F.KR.MRR_FR.LEV
Zona euro (referencia),liquidez_banco_central,tipo_operaciones_principales_BCE | Main refinancing operations - fixed rate tenders (fixed rate) (date of changes) - Level,2.65,pct_anual,2025-03-30,"BCE, ECB Data Portal, dataset FM",https://data.ecb.europa.eu/data/datasets/FM,2026-09-16,,,n/a,nivel,media_ponderada_volumen,serie FM.D.U2.EUR.4F.KR.MRR_FR.LEV
Zona euro (referencia),liquidez_banco_central,tipo_operaciones_principales_BCE | Main refinancing operations - fixed rate tenders (fixed rate) (date of changes) - Level,2.65,pct_anual,2025-03-31,"BCE, ECB Data Portal, dataset FM",https://data.ecb.europa.eu/data/datasets/FM,2026-09-16,,,n/a,nivel,media_ponderada_volumen,serie FM.D.U2.EUR.4F.KR.MRR_FR.LEV
Zona euro (referencia),liquidez_banco_central,tipo_operaciones_principales_BCE | Main refinancing operations - fixed rate tenders (fixed rate) (date of changes) - Level,2.65,pct_anual,2025-04-01,"BCE, ECB Data Portal, dataset FM",https://data.ecb.europa.eu/data/datasets/FM,2026-09-16,,,n/a,nivel,media_ponderada_volumen,serie FM.D.U2.EUR.4F.KR.MRR_FR.LEV
Zona euro (referencia),liquidez_banco_central,tipo_operaciones_principales_BCE | Main refinancing operations - fixed rate tenders (fixed rate) (date of changes) - Level,2.65,pct_anual,2025-04-02,"BCE, ECB Data Portal, dataset FM",https://data.ecb.europa.eu/data/datasets/FM,2026-09-16,,,n/a,nivel,media_ponderada_volumen,serie FM.D.U2.EUR.4F.KR.MRR_FR.LEV
Zona euro (referencia),liquidez_banco_central,tipo_operaciones_principales_BCE | Main refinancing operations - fixed rate tenders (fixed rate) (date of changes) - Level,2.65,pct_anual,2025-04-03,"BCE, ECB Data Portal, dataset FM",https://data.ecb.europa.eu/data/datasets/FM,2026-09-16,,,n/a,nivel,media_ponderada_volumen,serie FM.D.U2.EUR.4F.KR.MRR_FR.LEV
Zona euro (referencia),liquidez_banco_central,tipo_operaciones_principales_BCE | Main refinancing operations - fixed rate tenders (fixed rate) (date of changes) - Level,2.65,pct_anual,2025-04-04,"BCE, ECB Data Portal, dataset FM",https://data.ecb.europa.eu/data/datasets/FM,2026-09-16,,,n/a,nivel,media_ponderada_volumen,serie FM.D.U2.EUR.4F.KR.MRR_FR.LEV
Zona euro (referencia),liquidez_banco_central,tipo_operaciones_principales_BCE | Main refinancing operations - fixed rate tenders (fixed rate) (date of changes) - Level,2.65,pct_anual,2025-04-05,"BCE, ECB Data Portal, dataset FM",https://data.ecb.europa.eu/data/datasets/FM,2026-09-16,,,n/a,nivel,media_ponderada_volumen,serie FM.D.U2.EUR.4F.KR.MRR_FR.LEV
Zona euro (referencia),liquidez_banco_central,tipo_operaciones_principales_BCE | Main refinancing operations - fixed rate tenders (fixed rate) (date of changes) - Level,2.65,pct_anual,2025-04-06,"BCE, ECB Data Portal, dataset FM",https://data.ecb.europa.eu/data/datasets/FM,2026-09-16,,,n/a,nivel,media_ponderada_volumen,serie FM.D.U2.EUR.4F.KR.MRR_FR.LEV
Zona euro (referencia),liquidez_banco_central,tipo_operaciones_principales_BCE | Main refinancing operations - fixed rate tenders (fixed rate) (date of changes) - Level,2.65,pct_anual,2025-04-07,"BCE, ECB Data Portal, dataset FM",https://data.ecb.europa.eu/data/datasets/FM,2026-09-16,,,n/a,nivel,media_ponderada_volumen,serie FM.D.U2.EUR.4F.KR.MRR_FR.LEV
Zona euro (referencia),liquidez_banco_central,tipo_operaciones_principales_BCE | Main refinancing operations - fixed rate tenders (fixed rate) (date of changes) - Level,2.65,pct_anual,2025-04-08,"BCE, ECB Data Portal, dataset FM",https://data.ecb.europa.eu/data/datasets/FM,2026-09-16,,,n/a,nivel,media_ponderada_volumen,serie FM.D.U2.EUR.4F.KR.MRR_FR.LEV
Zona euro (referencia),liquidez_banco_central,tipo_operaciones_principales_BCE | Main refinancing operations - fixed rate tenders (fixed rate) (date of changes) - Level,2.65,pct_anual,2025-04-09,"BCE, ECB Data Portal, dataset FM",https://data.ecb.europa.eu/data/datasets/FM,2026-09-16,,,n/a,nivel,media_ponderada_volumen,serie FM.D.U2.EUR.4F.KR.MRR_FR.LEV
Zona euro (referencia),liquidez_banco_central,tipo_operaciones_principales_BCE | Main refinancing operations - fixed rate tenders (fixed rate) (date of changes) - Level,2.65,pct_anual,2025-04-10,"BCE, ECB Data Portal, dataset FM",https://data.ecb.europa.eu/data/datasets/FM,2026-09-16,,,n/a,nivel,media_ponderada_volumen,serie FM.D.U2.EUR.4F.KR.MRR_FR.LEV
Zona euro (referencia),liquidez_banco_central,tipo_operaciones_principales_BCE | Main refinancing operations - fixed rate tenders (fixed rate) (date of changes) - Level,2.65,pct_anual,2025-04-11,"BCE, ECB Data Portal, dataset FM",https://data.ecb.europa.eu/data/datasets/FM,2026-09-16,,,n/a,nivel,media_ponderada_volumen,serie FM.D.U2.EUR.4F.KR.MRR_FR.LEV
Zona euro (referencia),liquidez_banco_central,tipo_operaciones_principales_BCE | Main refinancing operations - fixed rate tenders (fixed rate) (date of changes) - Level,2.65,pct_anual,2025-04-12,"BCE, ECB Data Portal, dataset FM",https://data.ecb.europa.eu/data/datasets/FM,2026-09-16,,,n/a,nivel,media_ponderada_volumen,serie FM.D.U2.EUR.4F.KR.MRR_FR.LEV
Zona euro (referencia),liquidez_banco_central,tipo_operaciones_principales_BCE | Main refinancing operations - fixed rate tenders (fixed rate) (date of changes) - Level,2.65,pct_anual,2025-04-13,"BCE, ECB Data Portal, dataset FM",https://data.ecb.europa.eu/data/datasets/FM,2026-09-16,,,n/a,nivel,media_ponderada_volumen,serie FM.D.U2.EUR.4F.KR.MRR_FR.LEV
Zona euro (referencia),liquidez_banco_central,tipo_operaciones_principales_BCE | Main refinancing operations - fixed rate tenders (fixed rate) (date of changes) - Level,2.65,pct_anual,2025-04-14,"BCE, ECB Data Portal, dataset FM",https://data.ecb.europa.eu/data/datasets/FM,2026-09-16,,,n/a,nivel,media_ponderada_volumen,serie FM.D.U2.EUR.4F.KR.MRR_FR.LEV
Zona euro (referencia),liquidez_banco_central,tipo_operaciones_principales_BCE | Main refinancing operations - fixed rate tenders (fixed rate) (date of changes) - Level,2.65,pct_anual,2025-04-15,"BCE, ECB Data Portal, dataset FM",https://data.ecb.europa.eu/data/datasets/FM,2026-09-16,,,n/a,nivel,media_ponderada_volumen,serie FM.D.U2.EUR.4F.KR.MRR_FR.LEV
Zona euro (referencia),liquidez_banco_central,tipo_operaciones_principales_BCE | Main refinancing operations - fixed rate tenders (fixed rate) (date of changes) - Level,2.65,pct_anual,2025-04-16,"BCE, ECB Data Portal, dataset FM",https://data.ecb.europa.eu/data/datasets/FM,2026-09-16,,,n/a,nivel,media_ponderada_volumen,serie FM.D.U2.EUR.4F.KR.MRR_FR.LEV
Zona euro (referencia),liquidez_banco_central,tipo_operaciones_principales_BCE | Main refinancing operations - fixed rate tenders (fixed rate) (date of changes) - Level,2.65,pct_anual,2025-04-17,"BCE, ECB Data Portal, dataset FM",https://data.ecb.europa.eu/data/datasets/FM,2026-09-16,,,n/a,nivel,media_ponderada_volumen,serie FM.D.U2.EUR.4F.KR.MRR_FR.LEV
Zona euro (referencia),liquidez_banco_central,tipo_operaciones_principales_BCE | Main refinancing operations - fixed rate tenders (fixed rate) (date of changes) - Level,2.65,pct_anual,2025-04-18,"BCE, ECB Data Portal, dataset FM",https://data.ecb.europa.eu/data/datasets/FM,2026-09-16,,,n/a,nivel,media_ponderada_volumen,serie FM.D.U2.EUR.4F.KR.MRR_FR.LEV
Zona euro (referencia),liquidez_banco_central,tipo_operaciones_principales_BCE | Main refinancing operations - fixed rate tenders (fixed rate) (date of changes) - Level,2.65,pct_anual,2025-04-19,"BCE, ECB Data Portal, dataset FM",https://data.ecb.europa.eu/data/datasets/FM,2026-09-16,,,n/a,nivel,media_ponderada_volumen,serie FM.D.U2.EUR.4F.KR.MRR_FR.LEV
Zona euro (referencia),liquidez_banco_central,tipo_operaciones_principales_BCE | Main refinancing operations - fixed rate tenders (fixed rate) (date of changes) - Level,2.65,pct_anual,2025-04-20,"BCE, ECB Data Portal, dataset FM",https://data.ecb.europa.eu/data/datasets/FM,2026-09-16,,,n/a,nivel,media_ponderada_volumen,serie FM.D.U2.EUR.4F.KR.MRR_FR.LEV
Zona euro (referencia),liquidez_banco_central,tipo_operaciones_principales_BCE | Main refinancing operations - fixed rate tenders (fixed rate) (date of changes) - Level,2.65,pct_anual,2025-04-21,"BCE, ECB Data Portal, dataset FM",https://data.ecb.europa.eu/data/datasets/FM,2026-09-16,,,n/a,nivel,media_ponderada_volumen,serie FM.D.U2.EUR.4F.KR.MRR_FR.LEV
Zona euro (referencia),liquidez_banco_central,tipo_operaciones_principales_BCE | Main refinancing operations - fixed rate tenders (fixed rate) (date of changes) - Level,2.65,pct_anual,2025-04-22,"BCE, ECB Data Portal, dataset FM",https://data.ecb.europa.eu/data/datasets/FM,2026-09-16,,,n/a,nivel,media_ponderada_volumen,serie FM.D.U2.EUR.4F.KR.MRR_FR.LEV
Zona euro (referencia),liquidez_banco_central,tipo_operaciones_principales_BCE | Main refinancing operations - fixed rate tenders (fixed rate) (date of changes) - Level,2.4,pct_anual,2025-04-23,"BCE, ECB Data Portal, dataset FM",https://data.ecb.europa.eu/data/datasets/FM,2026-09-16,,,n/a,nivel,media_ponderada_volumen,serie FM.D.U2.EUR.4F.KR.MRR_FR.LEV
Zona euro (referencia),liquidez_banco_central,tipo_operaciones_principales_BCE | Main refinancing operations - fixed rate tenders (fixed rate) (date of changes) - Level,2.4,pct_anual,2025-04-24,"BCE, ECB Data Portal, dataset FM",https://data.ecb.europa.eu/data/datasets/FM,2026-09-16,,,n/a,nivel,media_ponderada_volumen,serie FM.D.U2.EUR.4F.KR.MRR_FR.LEV
Zona euro (referencia),liquidez_banco_central,tipo_operaciones_principales_BCE | Main refinancing operations - fixed rate tenders (fixed rate) (date of changes) - Level,2.4,pct_anual,2025-04-25,"BCE, ECB Data Portal, dataset FM",https://data.ecb.europa.eu/data/datasets/FM,2026-09-16,,,n/a,nivel,media_ponderada_volumen,serie FM.D.U2.EUR.4F.KR.MRR_FR.LEV
Zona euro (referencia),liquidez_banco_central,tipo_operaciones_principales_BCE | Main refinancing operations - fixed rate tenders (fixed rate) (date of changes) - Level,2.4,pct_anual,2025-04-26,"BCE, ECB Data Portal, dataset FM",https://data.ecb.europa.eu/data/datasets/FM,2026-09-16,,,n/a,nivel,media_ponderada_volumen,serie FM.D.U2.EUR.4F.KR.MRR_FR.LEV
Zona euro (referencia),liquidez_banco_central,tipo_operaciones_principales_BCE | Main refinancing operations - fixed rate tenders (fixed rate) (date of changes) - Level,2.4,pct_anual,2025-04-27,"BCE, ECB Data Portal, dataset FM",https://data.ecb.europa.eu/data/datasets/FM,2026-09-16,,,n/a,nivel,media_ponderada_volumen,serie FM.D.U2.EUR.4F.KR.MRR_FR.LEV
Zona euro (referencia),liquidez_banco_central,tipo_operaciones_principales_BCE | Main refinancing operations - fixed rate tenders (fixed rate) (date of changes) - Level,2.4,pct_anual,2025-04-28,"BCE, ECB Data Portal, dataset FM",https://data.ecb.europa.eu/data/datasets/FM,2026-09-16,,,n/a,nivel,media_ponderada_volumen,serie FM.D.U2.EUR.4F.KR.MRR_FR.LEV
Zona euro (referencia),liquidez_banco_central,tipo_operaciones_principales_BCE | Main refinancing operations - fixed rate tenders (fixed rate) (date of changes) - Level,2.4,pct_anual,2025-04-29,"BCE, ECB Data Portal, dataset FM",https://data.ecb.europa.eu/data/datasets/FM,2026-09-16,,,n/a,nivel,media_ponderada_volumen,serie FM.D.U2.EUR.4F.KR.MRR_FR.LEV
Zona euro (referencia),liquidez_banco_central,tipo_operaciones_principales_BCE | Main refinancing operations - fixed rate tenders (fixed rate) (date of changes) - Level,2.4,pct_anual,2025-04-30,"BCE, ECB Data Portal, dataset FM",https://data.ecb.europa.eu/data/datasets/FM,2026-09-16,,,n/a,nivel,media_ponderada_volumen,serie FM.D.U2.EUR.4F.KR.MRR_FR.LEV
Zona euro (referencia),liquidez_banco_central,tipo_operaciones_principales_BCE | Main refinancing operations - fixed rate tenders (fixed rate) (date of changes) - Level,2.4,pct_anual,2025-05-01,"BCE, ECB Data Portal, dataset FM",https://data.ecb.europa.eu/data/datasets/FM,2026-09-16,,,n/a,nivel,media_ponderada_volumen,serie FM.D.U2.EUR.4F.KR.MRR_FR.LEV
Zona euro (referencia),liquidez_banco_central,tipo_operaciones_principales_BCE | Main refinancing operations - fixed rate tenders (fixed rate) (date of changes) - Level,2.4,pct_anual,2025-05-02,"BCE, ECB Data Portal, dataset FM",https://data.ecb.europa.eu/data/datasets/FM,2026-09-16,,,n/a,nivel,media_ponderada_volumen,serie FM.D.U2.EUR.4F.KR.MRR_FR.LEV
Zona euro (referencia),liquidez_banco_central,tipo_operaciones_principales_BCE | Main refinancing operations - fixed rate tenders (fixed rate) (date of changes) - Level,2.4,pct_anual,2025-05-03,"BCE, ECB Data Portal, dataset FM",https://data.ecb.europa.eu/data/datasets/FM,2026-09-16,,,n/a,nivel,media_ponderada_volumen,serie FM.D.U2.EUR.4F.KR.MRR_FR.LEV
Zona euro (referencia),liquidez_banco_central,tipo_operaciones_principales_BCE | Main refinancing operations - fixed rate tenders (fixed rate) (date of changes) - Level,2.4,pct_anual,2025-05-04,"BCE, ECB Data Portal, dataset FM",https://data.ecb.europa.eu/data/datasets/FM,2026-09-16,,,n/a,nivel,media_ponderada_volumen,serie FM.D.U2.EUR.4F.KR.MRR_FR.LEV
Zona euro (referencia),liquidez_banco_central,tipo_operaciones_principales_BCE | Main refinancing operations - fixed rate tenders (fixed rate) (date of changes) - Level,2.4,pct_anual,2025-05-05,"BCE, ECB Data Portal, dataset FM",https://data.ecb.europa.eu/data/datasets/FM,2026-09-16,,,n/a,nivel,media_ponderada_volumen,serie FM.D.U2.EUR.4F.KR.MRR_FR.LEV
Zona euro (referencia),liquidez_banco_central,tipo_operaciones_principales_BCE | Main refinancing operations - fixed rate tenders (fixed rate) (date of changes) - Level,2.4,pct_anual,2025-05-06,"BCE, ECB Data Portal, dataset FM",https://data.ecb.europa.eu/data/datasets/FM,2026-09-16,,,n/a,nivel,media_ponderada_volumen,serie FM.D.U2.EUR.4F.KR.MRR_FR.LEV
Zona euro (referencia),liquidez_banco_central,tipo_operaciones_principales_BCE | Main refinancing operations - fixed rate tenders (fixed rate) (date of changes) - Level,2.4,pct_anual,2025-05-07,"BCE, ECB Data Portal, dataset FM",https://data.ecb.europa.eu/data/datasets/FM,2026-09-16,,,n/a,nivel,media_ponderada_volumen,serie FM.D.U2.EUR.4F.KR.MRR_FR.LEV
Zona euro (referencia),liquidez_banco_central,tipo_operaciones_principales_BCE | Main refinancing operations - fixed rate tenders (fixed rate) (date of changes) - Level,2.4,pct_anual,2025-05-08,"BCE, ECB Data Portal, dataset FM",https://data.ecb.europa.eu/data/datasets/FM,2026-09-16,,,n/a,nivel,media_ponderada_volumen,serie FM.D.U2.EUR.4F.KR.MRR_FR.LEV
Zona euro (referencia),liquidez_banco_central,tipo_operaciones_principales_BCE | Main refinancing operations - fixed rate tenders (fixed rate) (date of changes) - Level,2.4,pct_anual,2025-05-09,"BCE, ECB Data Portal, dataset FM",https://data.ecb.europa.eu/data/datasets/FM,2026-09-16,,,n/a,nivel,media_ponderada_volumen,serie FM.D.U2.EUR.4F.KR.MRR_FR.LEV
Zona euro (referencia),liquidez_banco_central,tipo_operaciones_principales_BCE | Main refinancing operations - fixed rate tenders (fixed rate) (date of changes) - Level,2.4,pct_anual,2025-05-10,"BCE, ECB Data Portal, dataset FM",https://data.ecb.europa.eu/data/datasets/FM,2026-09-16,,,n/a,nivel,media_ponderada_volumen,serie FM.D.U2.EUR.4F.KR.MRR_FR.LEV
Zona euro (referencia),liquidez_banco_central,tipo_operaciones_principales_BCE | Main refinancing operations - fixed rate tenders (fixed rate) (date of changes) - Level,2.4,pct_anual,2025-05-11,"BCE, ECB Data Portal, dataset FM",https://data.ecb.europa.eu/data/datasets/FM,2026-09-16,,,n/a,nivel,media_ponderada_volumen,serie FM.D.U2.EUR.4F.KR.MRR_FR.LEV
Zona euro (referencia),liquidez_banco_central,tipo_operaciones_principales_BCE | Main refinancing operations - fixed rate tenders (fixed rate) (date of changes) - Level,2.4,pct_anual,2025-05-12,"BCE, ECB Data Portal, dataset FM",https://data.ecb.europa.eu/data/datasets/FM,2026-09-16,,,n/a,nivel,media_ponderada_volumen,serie FM.D.U2.EUR.4F.KR.MRR_FR.LEV
Zona euro (referencia),liquidez_banco_central,tipo_operaciones_principales_BCE | Main refinancing operations - fixed rate tenders (fixed rate) (date of changes) - Level,2.4,pct_anual,2025-05-13,"BCE, ECB Data Portal, dataset FM",https://data.ecb.europa.eu/data/datasets/FM,2026-09-16,,,n/a,nivel,media_ponderada_volumen,serie FM.D.U2.EUR.4F.KR.MRR_FR.LEV
Zona euro (referencia),liquidez_banco_central,tipo_operaciones_principales_BCE | Main refinancing operations - fixed rate tenders (fixed rate) (date of changes) - Level,2.4,pct_anual,2025-05-14,"BCE, ECB Data Portal, dataset FM",https://data.ecb.europa.eu/data/datasets/FM,2026-09-16,,,n/a,nivel,media_ponderada_volumen,serie FM.D.U2.EUR.4F.KR.MRR_FR.LEV
Zona euro (referencia),liquidez_banco_central,tipo_operaciones_principales_BCE | Main refinancing operations - fixed rate tenders (fixed rate) (date of changes) - Level,2.4,pct_anual,2025-05-15,"BCE, ECB Data Portal, dataset FM",https://data.ecb.europa.eu/data/datasets/FM,2026-09-16,,,n/a,nivel,media_ponderada_volumen,serie FM.D.U2.EUR.4F.KR.MRR_FR.LEV
Zona euro (referencia),liquidez_banco_central,tipo_operaciones_principales_BCE | Main refinancing operations - fixed rate tenders (fixed rate) (date of changes) - Level,2.4,pct_anual,2025-05-16,"BCE, ECB Data Portal, dataset FM",https://data.ecb.europa.eu/data/datasets/FM,2026-09-16,,,n/a,nivel,media_ponderada_volumen,serie FM.D.U2.EUR.4F.KR.MRR_FR.LEV
Zona euro (referencia),liquidez_banco_central,tipo_operaciones_principales_BCE | Main refinancing operations - fixed rate tenders (fixed rate) (date of changes) - Level,2.4,pct_anual,2025-05-17,"BCE, ECB Data Portal, dataset FM",https://data.ecb.europa.eu/data/datasets/FM,2026-09-16,,,n/a,nivel,media_ponderada_volumen,serie FM.D.U2.EUR.4F.KR.MRR_FR.LEV
Zona euro (referencia),liquidez_banco_central,tipo_operaciones_principales_BCE | Main refinancing operations - fixed rate tenders (fixed rate) (date of changes) - Level,2.4,pct_anual,2025-05-18,"BCE, ECB Data Portal, dataset FM",https://data.ecb.europa.eu/data/datasets/FM,2026-09-16,,,n/a,nivel,media_ponderada_volumen,serie FM.D.U2.EUR.4F.KR.MRR_FR.LEV
Zona euro (referencia),liquidez_banco_central,tipo_operaciones_principales_BCE | Main refinancing operations - fixed rate tenders (fixed rate) (date of changes) - Level,2.4,pct_anual,2025-05-19,"BCE, ECB Data Portal, dataset FM",https://data.ecb.europa.eu/data/datasets/FM,2026-09-16,,,n/a,nivel,media_ponderada_volumen,serie FM.D.U2.EUR.4F.KR.MRR_FR.LEV
Zona euro (referencia),liquidez_banco_central,tipo_operaciones_principales_BCE | Main refinancing operations - fixed rate tenders (fixed rate) (date of changes) - Level,2.4,pct_anual,2025-05-20,"BCE, ECB Data Portal, dataset FM",https://data.ecb.europa.eu/data/datasets/FM,2026-09-16,,,n/a,nivel,media_ponderada_volumen,serie FM.D.U2.EUR.4F.KR.MRR_FR.LEV
Zona euro (referencia),liquidez_banco_central,tipo_operaciones_principales_BCE | Main refinancing operations - fixed rate tenders (fixed rate) (date of changes) - Level,2.4,pct_anual,2025-05-21,"BCE, ECB Data Portal, dataset FM",https://data.ecb.europa.eu/data/datasets/FM,2026-09-16,,,n/a,nivel,media_ponderada_volumen,serie FM.D.U2.EUR.4F.KR.MRR_FR.LEV
Zona euro (referencia),liquidez_banco_central,tipo_operaciones_principales_BCE | Main refinancing operations - fixed rate tenders (fixed rate) (date of changes) - Level,2.4,pct_anual,2025-05-22,"BCE, ECB Data Portal, dataset FM",https://data.ecb.europa.eu/data/datasets/FM,2026-09-16,,,n/a,nivel,media_ponderada_volumen,serie FM.D.U2.EUR.4F.KR.MRR_FR.LEV
Zona euro (referencia),liquidez_banco_central,tipo_operaciones_principales_BCE | Main refinancing operations - fixed rate tenders (fixed rate) (date of changes) - Level,2.4,pct_anual,2025-05-23,"BCE, ECB Data Portal, dataset FM",https://data.ecb.europa.eu/data/datasets/FM,2026-09-16,,,n/a,nivel,media_ponderada_volumen,serie FM.D.U2.EUR.4F.KR.MRR_FR.LEV
Zona euro (referencia),liquidez_banco_central,tipo_operaciones_principales_BCE | Main refinancing operations - fixed rate tenders (fixed rate) (date of changes) - Level,2.4,pct_anual,2025-05-24,"BCE, ECB Data Portal, dataset FM",https://data.ecb.europa.eu/data/datasets/FM,2026-09-16,,,n/a,nivel,media_ponderada_volumen,serie FM.D.U2.EUR.4F.KR.MRR_FR.LEV
Zona euro (referencia),liquidez_banco_central,tipo_operaciones_principales_BCE | Main refinancing operations - fixed rate tenders (fixed rate) (date of changes) - Level,2.4,pct_anual,2025-05-25,"BCE, ECB Data Portal, dataset FM",https://data.ecb.europa.eu/data/datasets/FM,2026-09-16,,,n/a,nivel,media_ponderada_volumen,serie FM.D.U2.EUR.4F.KR.MRR_FR.LEV
Zona euro (referencia),liquidez_banco_central,tipo_operaciones_principales_BCE | Main refinancing operations - fixed rate tenders (fixed rate) (date of changes) - Level,2.4,pct_anual,2025-05-26,"BCE, ECB Data Portal, dataset FM",https://data.ecb.europa.eu/data/datasets/FM,2026-09-16,,,n/a,nivel,media_ponderada_volumen,serie FM.D.U2.EUR.4F.KR.MRR_FR.LEV
Zona euro (referencia),liquidez_banco_central,tipo_operaciones_principales_BCE | Main refinancing operations - fixed rate tenders (fixed rate) (date of changes) - Level,2.4,pct_anual,2025-05-27,"BCE, ECB Data Portal, dataset FM",https://data.ecb.europa.eu/data/datasets/FM,2026-09-16,,,n/a,nivel,media_ponderada_volumen,serie FM.D.U2.EUR.4F.KR.MRR_FR.LEV
Zona euro (referencia),liquidez_banco_central,tipo_operaciones_principales_BCE | Main refinancing operations - fixed rate tenders (fixed rate) (date of changes) - Level,2.4,pct_anual,2025-05-28,"BCE, ECB Data Portal, dataset FM",https://data.ecb.europa.eu/data/datasets/FM,2026-09-16,,,n/a,nivel,media_ponderada_volumen,serie FM.D.U2.EUR.4F.KR.MRR_FR.LEV
Zona euro (referencia),liquidez_banco_central,tipo_operaciones_principales_BCE | Main refinancing operations - fixed rate tenders (fixed rate) (date of changes) - Level,2.4,pct_anual,2025-05-29,"BCE, ECB Data Portal, dataset FM",https://data.ecb.europa.eu/data/datasets/FM,2026-09-16,,,n/a,nivel,media_ponderada_volumen,serie FM.D.U2.EUR.4F.KR.MRR_FR.LEV
Zona euro (referencia),liquidez_banco_central,tipo_operaciones_principales_BCE | Main refinancing operations - fixed rate tenders (fixed rate) (date of changes) - Level,2.4,pct_anual,2025-05-30,"BCE, ECB Data Portal, dataset FM",https://data.ecb.europa.eu/data/datasets/FM,2026-09-16,,,n/a,nivel,media_ponderada_volumen,serie FM.D.U2.EUR.4F.KR.MRR_FR.LEV
Zona euro (referencia),liquidez_banco_central,tipo_operaciones_principales_BCE | Main refinancing operations - fixed rate tenders (fixed rate) (date of changes) - Level,2.4,pct_anual,2025-05-31,"BCE, ECB Data Portal, dataset FM",https://data.ecb.europa.eu/data/datasets/FM,2026-09-16,,,n/a,nivel,media_ponderada_volumen,serie FM.D.U2.EUR.4F.KR.MRR_FR.LEV
Zona euro (referencia),liquidez_banco_central,tipo_operaciones_principales_BCE | Main refinancing operations - fixed rate tenders (fixed rate) (date of changes) - Level,2.4,pct_anual,2025-06-01,"BCE, ECB Data Portal, dataset FM",https://data.ecb.europa.eu/data/datasets/FM,2026-09-16,,,n/a,nivel,media_ponderada_volumen,serie FM.D.U2.EUR.4F.KR.MRR_FR.LEV
Zona euro (referencia),liquidez_banco_central,tipo_operaciones_principales_BCE | Main refinancing operations - fixed rate tenders (fixed rate) (date of changes) - Level,2.4,pct_anual,2025-06-02,"BCE, ECB Data Portal, dataset FM",https://data.ecb.europa.eu/data/datasets/FM,2026-09-16,,,n/a,nivel,media_ponderada_volumen,serie FM.D.U2.EUR.4F.KR.MRR_FR.LEV
Zona euro (referencia),liquidez_banco_central,tipo_operaciones_principales_BCE | Main refinancing operations - fixed rate tenders (fixed rate) (date of changes) - Level,2.4,pct_anual,2025-06-03,"BCE, ECB Data Portal, dataset FM",https://data.ecb.europa.eu/data/datasets/FM,2026-09-16,,,n/a,nivel,media_ponderada_volumen,serie FM.D.U2.EUR.4F.KR.MRR_FR.LEV
Zona euro (referencia),liquidez_banco_central,tipo_operaciones_principales_BCE | Main refinancing operations - fixed rate tenders (fixed rate) (date of changes) - Level,2.4,pct_anual,2025-06-04,"BCE, ECB Data Portal, dataset FM",https://data.ecb.europa.eu/data/datasets/FM,2026-09-16,,,n/a,nivel,media_ponderada_volumen,serie FM.D.U2.EUR.4F.KR.MRR_FR.LEV
Zona euro (referencia),liquidez_banco_central,tipo_operaciones_principales_BCE | Main refinancing operations - fixed rate tenders (fixed rate) (date of changes) - Level,2.4,pct_anual,2025-06-05,"BCE, ECB Data Portal, dataset FM",https://data.ecb.europa.eu/data/datasets/FM,2026-09-16,,,n/a,nivel,media_ponderada_volumen,serie FM.D.U2.EUR.4F.KR.MRR_FR.LEV
Zona euro (referencia),liquidez_banco_central,tipo_operaciones_principales_BCE | Main refinancing operations - fixed rate tenders (fixed rate) (date of changes) - Level,2.4,pct_anual,2025-06-06,"BCE, ECB Data Portal, dataset FM",https://data.ecb.europa.eu/data/datasets/FM,2026-09-16,,,n/a,nivel,media_ponderada_volumen,serie FM.D.U2.EUR.4F.KR.MRR_FR.LEV
Zona euro (referencia),liquidez_banco_central,tipo_operaciones_principales_BCE | Main refinancing operations - fixed rate tenders (fixed rate) (date of changes) - Level,2.4,pct_anual,2025-06-07,"BCE, ECB Data Portal, dataset FM",https://data.ecb.europa.eu/data/datasets/FM,2026-09-16,,,n/a,nivel,media_ponderada_volumen,serie FM.D.U2.EUR.4F.KR.MRR_FR.LEV
Zona euro (referencia),liquidez_banco_central,tipo_operaciones_principales_BCE | Main refinancing operations - fixed rate tenders (fixed rate) (date of changes) - Level,2.4,pct_anual,2025-06-08,"BCE, ECB Data Portal, dataset FM",https://data.ecb.europa.eu/data/datasets/FM,2026-09-16,,,n/a,nivel,media_ponderada_volumen,serie FM.D.U2.EUR.4F.KR.MRR_FR.LEV
Zona euro (referencia),liquidez_banco_central,tipo_operaciones_principales_BCE | Main refinancing operations - fixed rate tenders (fixed rate) (date of changes) - Level,2.4,pct_anual,2025-06-09,"BCE, ECB Data Portal, dataset FM",https://data.ecb.europa.eu/data/datasets/FM,2026-09-16,,,n/a,nivel,media_ponderada_volumen,serie FM.D.U2.EUR.4F.KR.MRR_FR.LEV
Zona euro (referencia),liquidez_banco_central,tipo_operaciones_principales_BCE | Main refinancing operations - fixed rate tenders (fixed rate) (date of changes) - Level,2.4,pct_anual,2025-06-10,"BCE, ECB Data Portal, dataset FM",https://data.ecb.europa.eu/data/datasets/FM,2026-09-16,,,n/a,nivel,media_ponderada_volumen,serie FM.D.U2.EUR.4F.KR.MRR_FR.LEV
Zona euro (referencia),liquidez_banco_central,tipo_operaciones_principales_BCE | Main refinancing operations - fixed rate tenders (fixed rate) (date of changes) - Level,2.15,pct_anual,2025-06-11,"BCE, ECB Data Portal, dataset FM",https://data.ecb.europa.eu/data/datasets/FM,2026-09-16,,,n/a,nivel,media_ponderada_volumen,serie FM.D.U2.EUR.4F.KR.MRR_FR.LEV
Zona euro (referencia),liquidez_banco_central,tipo_operaciones_principales_BCE | Main refinancing operations - fixed rate tenders (fixed rate) (date of changes) - Level,2.15,pct_anual,2025-06-12,"BCE, ECB Data Portal, dataset FM",https://data.ecb.europa.eu/data/datasets/FM,2026-09-16,,,n/a,nivel,media_ponderada_volumen,serie FM.D.U2.EUR.4F.KR.MRR_FR.LEV
Zona euro (referencia),liquidez_banco_central,tipo_operaciones_principales_BCE | Main refinancing operations - fixed rate tenders (fixed rate) (date of changes) - Level,2.15,pct_anual,2025-06-13,"BCE, ECB Data Portal, dataset FM",https://data.ecb.europa.eu/data/datasets/FM,2026-09-16,,,n/a,nivel,media_ponderada_volumen,serie FM.D.U2.EUR.4F.KR.MRR_FR.LEV
Zona euro (referencia),liquidez_banco_central,tipo_operaciones_principales_BCE | Main refinancing operations - fixed rate tenders (fixed rate) (date of changes) - Level,2.15,pct_anual,2025-06-14,"BCE, ECB Data Portal, dataset FM",https://data.ecb.europa.eu/data/datasets/FM,2026-09-16,,,n/a,nivel,media_ponderada_volumen,serie FM.D.U2.EUR.4F.KR.MRR_FR.LEV
Zona euro (referencia),liquidez_banco_central,tipo_operaciones_principales_BCE | Main refinancing operations - fixed rate tenders (fixed rate) (date of changes) - Level,2.15,pct_anual,2025-06-15,"BCE, ECB Data Portal, dataset FM",https://data.ecb.europa.eu/data/datasets/FM,2026-09-16,,,n/a,nivel,media_ponderada_volumen,serie FM.D.U2.EUR.4F.KR.MRR_FR.LEV
Zona euro (referencia),liquidez_banco_central,tipo_operaciones_principales_BCE | Main refinancing operations - fixed rate tenders (fixed rate) (date of changes) - Level,2.15,pct_anual,2025-06-16,"BCE, ECB Data Portal, dataset FM",https://data.ecb.europa.eu/data/datasets/FM,2026-09-16,,,n/a,nivel,media_ponderada_volumen,serie FM.D.U2.EUR.4F.KR.MRR_FR.LEV
Zona euro (referencia),liquidez_banco_central,tipo_operaciones_principales_BCE | Main refinancing operations - fixed rate tenders (fixed rate) (date of changes) - Level,2.15,pct_anual,2025-06-17,"BCE, ECB Data Portal, dataset FM",https://data.ecb.europa.eu/data/datasets/FM,2026-09-16,,,n/a,nivel,media_ponderada_volumen,serie FM.D.U2.EUR.4F.KR.MRR_FR.LEV
Zona euro (referencia),liquidez_banco_central,tipo_operaciones_principales_BCE | Main refinancing operations - fixed rate tenders (fixed rate) (date of changes) - Level,2.15,pct_anual,2025-06-18,"BCE, ECB Data Portal, dataset FM",https://data.ecb.europa.eu/data/datasets/FM,2026-09-16,,,n/a,nivel,media_ponderada_volumen,serie FM.D.U2.EUR.4F.KR.MRR_FR.LEV
Zona euro (referencia),liquidez_banco_central,tipo_operaciones_principales_BCE | Main refinancing operations - fixed rate tenders (fixed rate) (date of changes) - Level,2.15,pct_anual,2025-06-19,"BCE, ECB Data Portal, dataset FM",https://data.ecb.europa.eu/data/datasets/FM,2026-09-16,,,n/a,nivel,media_ponderada_volumen,serie FM.D.U2.EUR.4F.KR.MRR_FR.LEV
Zona euro (referencia),liquidez_banco_central,tipo_operaciones_principales_BCE | Main refinancing operations - fixed rate tenders (fixed rate) (date of changes) - Level,2.15,pct_anual,2025-06-20,"BCE, ECB Data Portal, dataset FM",https://data.ecb.europa.eu/data/datasets/FM,2026-09-16,,,n/a,nivel,media_ponderada_volumen,serie FM.D.U2.EUR.4F.KR.MRR_FR.LEV
Zona euro (referencia),liquidez_banco_central,tipo_operaciones_principales_BCE | Main refinancing operations - fixed rate tenders (fixed rate) (date of changes) - Level,2.15,pct_anual,2025-06-21,"BCE, ECB Data Portal, dataset FM",https://data.ecb.europa.eu/data/datasets/FM,2026-09-16,,,n/a,nivel,media_ponderada_volumen,serie FM.D.U2.EUR.4F.KR.MRR_FR.LEV
Zona euro (referencia),liquidez_banco_central,tipo_operaciones_principales_BCE | Main refinancing operations - fixed rate tenders (fixed rate) (date of changes) - Level,2.15,pct_anual,2025-06-22,"BCE, ECB Data Portal, dataset FM",https://data.ecb.europa.eu/data/datasets/FM,2026-09-16,,,n/a,nivel,media_ponderada_volumen,serie FM.D.U2.EUR.4F.KR.MRR_FR.LEV
Zona euro (referencia),liquidez_banco_central,tipo_operaciones_principales_BCE | Main refinancing operations - fixed rate tenders (fixed rate) (date of changes) - Level,2.15,pct_anual,2025-06-23,"BCE, ECB Data Portal, dataset FM",https://data.ecb.europa.eu/data/datasets/FM,2026-09-16,,,n/a,nivel,media_ponderada_volumen,serie FM.D.U2.EUR.4F.KR.MRR_FR.LEV
Zona euro (referencia),liquidez_banco_central,tipo_operaciones_principales_BCE | Main refinancing operations - fixed rate tenders (fixed rate) (date of changes) - Level,2.15,pct_anual,2025-06-24,"BCE, ECB Data Portal, dataset FM",https://data.ecb.europa.eu/data/datasets/FM,2026-09-16,,,n/a,nivel,media_ponderada_volumen,serie FM.D.U2.EUR.4F.KR.MRR_FR.LEV
Zona euro (referencia),liquidez_banco_central,tipo_operaciones_principales_BCE | Main refinancing operations - fixed rate tenders (fixed rate) (date of changes) - Level,2.15,pct_anual,2025-06-25,"BCE, ECB Data Portal, dataset FM",https://data.ecb.europa.eu/data/datasets/FM,2026-09-16,,,n/a,nivel,media_ponderada_volumen,serie FM.D.U2.EUR.4F.KR.MRR_FR.LEV
Zona euro (referencia),liquidez_banco_central,tipo_operaciones_principales_BCE | Main refinancing operations - fixed rate tenders (fixed rate) (date of changes) - Level,2.15,pct_anual,2025-06-26,"BCE, ECB Data Portal, dataset FM",https://data.ecb.europa.eu/data/datasets/FM,2026-09-16,,,n/a,nivel,media_ponderada_volumen,serie FM.D.U2.EUR.4F.KR.MRR_FR.LEV
Zona euro (referencia),liquidez_banco_central,tipo_operaciones_principales_BCE | Main refinancing operations - fixed rate tenders (fixed rate) (date of changes) - Level,2.15,pct_anual,2025-06-27,"BCE, ECB Data Portal, dataset FM",https://data.ecb.europa.eu/data/datasets/FM,2026-09-16,,,n/a,nivel,media_ponderada_volumen,serie FM.D.U2.EUR.4F.KR.MRR_FR.LEV
Zona euro (referencia),liquidez_banco_central,tipo_operaciones_principales_BCE | Main refinancing operations - fixed rate tenders (fixed rate) (date of changes) - Level,2.15,pct_anual,2025-06-28,"BCE, ECB Data Portal, dataset FM",https://data.ecb.europa.eu/data/datasets/FM,2026-09-16,,,n/a,nivel,media_ponderada_volumen,serie FM.D.U2.EUR.4F.KR.MRR_FR.LEV
Zona euro (referencia),liquidez_banco_central,tipo_operaciones_principales_BCE | Main refinancing operations - fixed rate tenders (fixed rate) (date of changes) - Level,2.15,pct_anual,2025-06-29,"BCE, ECB Data Portal, dataset FM",https://data.ecb.europa.eu/data/datasets/FM,2026-09-16,,,n/a,nivel,media_ponderada_volumen,serie FM.D.U2.EUR.4F.KR.MRR_FR.LEV
Zona euro (referencia),liquidez_banco_central,tipo_operaciones_principales_BCE | Main refinancing operations - fixed rate tenders (fixed rate) (date of changes) - Level,2.15,pct_anual,2025-06-30,"BCE, ECB Data Portal, dataset FM",https://data.ecb.europa.eu/data/datasets/FM,2026-09-16,,,n/a,nivel,media_ponderada_volumen,serie FM.D.U2.EUR.4F.KR.MRR_FR.LEV
Zona euro (referencia),liquidez_banco_central,tipo_operaciones_principales_BCE | Main refinancing operations - fixed rate tenders (fixed rate) (date of changes) - Level,2.15,pct_anual,2025-07-01,"BCE, ECB Data Portal, dataset FM",https://data.ecb.europa.eu/data/datasets/FM,2026-09-16,,,n/a,nivel,media_ponderada_volumen,serie FM.D.U2.EUR.4F.KR.MRR_FR.LEV
Zona euro (referencia),liquidez_banco_central,tipo_operaciones_principales_BCE | Main refinancing operations - fixed rate tenders (fixed rate) (date of changes) - Level,2.15,pct_anual,2025-07-02,"BCE, ECB Data Portal, dataset FM",https://data.ecb.europa.eu/data/datasets/FM,2026-09-16,,,n/a,nivel,media_ponderada_volumen,serie FM.D.U2.EUR.4F.KR.MRR_FR.LEV
Zona euro (referencia),liquidez_banco_central,tipo_operaciones_principales_BCE | Main refinancing operations - fixed rate tenders (fixed rate) (date of changes) - Level,2.15,pct_anual,2025-07-03,"BCE, ECB Data Portal, dataset FM",https://data.ecb.europa.eu/data/datasets/FM,2026-09-16,,,n/a,nivel,media_ponderada_volumen,serie FM.D.U2.EUR.4F.KR.MRR_FR.LEV
Zona euro (referencia),liquidez_banco_central,tipo_operaciones_principales_BCE | Main refinancing operations - fixed rate tenders (fixed rate) (date of changes) - Level,2.15,pct_anual,2025-07-04,"BCE, ECB Data Portal, dataset FM",https://data.ecb.europa.eu/data/datasets/FM,2026-09-16,,,n/a,nivel,media_ponderada_volumen,serie FM.D.U2.EUR.4F.KR.MRR_FR.LEV
Zona euro (referencia),liquidez_banco_central,tipo_operaciones_principales_BCE | Main refinancing operations - fixed rate tenders (fixed rate) (date of changes) - Level,2.15,pct_anual,2025-07-05,"BCE, ECB Data Portal, dataset FM",https://data.ecb.europa.eu/data/datasets/FM,2026-09-16,,,n/a,nivel,media_ponderada_volumen,serie FM.D.U2.EUR.4F.KR.MRR_FR.LEV
Zona euro (referencia),liquidez_banco_central,tipo_operaciones_principales_BCE | Main refinancing operations - fixed rate tenders (fixed rate) (date of changes) - Level,2.15,pct_anual,2025-07-06,"BCE, ECB Data Portal, dataset FM",https://data.ecb.europa.eu/data/datasets/FM,2026-09-16,,,n/a,nivel,media_ponderada_volumen,serie FM.D.U2.EUR.4F.KR.MRR_FR.LEV
Zona euro (referencia),liquidez_banco_central,tipo_operaciones_principales_BCE | Main refinancing operations - fixed rate tenders (fixed rate) (date of changes) - Level,2.15,pct_anual,2025-07-07,"BCE, ECB Data Portal, dataset FM",https://data.ecb.europa.eu/data/datasets/FM,2026-09-16,,,n/a,nivel,media_ponderada_volumen,serie FM.D.U2.EUR.4F.KR.MRR_FR.LEV
Zona euro (referencia),liquidez_banco_central,tipo_operaciones_principales_BCE | Main refinancing operations - fixed rate tenders (fixed rate) (date of changes) - Level,2.15,pct_anual,2025-07-08,"BCE, ECB Data Portal, dataset FM",https://data.ecb.europa.eu/data/datasets/FM,2026-09-16,,,n/a,nivel,media_ponderada_volumen,serie FM.D.U2.EUR.4F.KR.MRR_FR.LEV
Zona euro (referencia),liquidez_banco_central,tipo_operaciones_principales_BCE | Main refinancing operations - fixed rate tenders (fixed rate) (date of changes) - Level,2.15,pct_anual,2025-07-09,"BCE, ECB Data Portal, dataset FM",https://data.ecb.europa.eu/data/datasets/FM,2026-09-16,,,n/a,nivel,media_ponderada_volumen,serie FM.D.U2.EUR.4F.KR.MRR_FR.LEV
Zona euro (referencia),liquidez_banco_central,tipo_operaciones_principales_BCE | Main refinancing operations - fixed rate tenders (fixed rate) (date of changes) - Level,2.15,pct_anual,2025-07-10,"BCE, ECB Data Portal, dataset FM",https://data.ecb.europa.eu/data/datasets/FM,2026-09-16,,,n/a,nivel,media_ponderada_volumen,serie FM.D.U2.EUR.4F.KR.MRR_FR.LEV
Zona euro (referencia),liquidez_banco_central,tipo_operaciones_principales_BCE | Main refinancing operations - fixed rate tenders (fixed rate) (date of changes) - Level,2.15,pct_anual,2025-07-11,"BCE, ECB Data Portal, dataset FM",https://data.ecb.europa.eu/data/datasets/FM,2026-09-16,,,n/a,nivel,media_ponderada_volumen,serie FM.D.U2.EUR.4F.KR.MRR_FR.LEV
Zona euro (referencia),liquidez_banco_central,tipo_operaciones_principales_BCE | Main refinancing operations - fixed rate tenders (fixed rate) (date of changes) - Level,2.15,pct_anual,2025-07-12,"BCE, ECB Data Portal, dataset FM",https://data.ecb.europa.eu/data/datasets/FM,2026-09-16,,,n/a,nivel,media_ponderada_volumen,serie FM.D.U2.EUR.4F.KR.MRR_FR.LEV
Zona euro (referencia),liquidez_banco_central,tipo_operaciones_principales_BCE | Main refinancing operations - fixed rate tenders (fixed rate) (date of changes) - Level,2.15,pct_anual,2025-07-13,"BCE, ECB Data Portal, dataset FM",https://data.ecb.europa.eu/data/datasets/FM,2026-09-16,,,n/a,nivel,media_ponderada_volumen,serie FM.D.U2.EUR.4F.KR.MRR_FR.LEV
Zona euro (referencia),liquidez_banco_central,tipo_operaciones_principales_BCE | Main refinancing operations - fixed rate tenders (fixed rate) (date of changes) - Level,2.15,pct_anual,2025-07-14,"BCE, ECB Data Portal, dataset FM",https://data.ecb.europa.eu/data/datasets/FM,2026-09-16,,,n/a,nivel,media_ponderada_volumen,serie FM.D.U2.EUR.4F.KR.MRR_FR.LEV
Zona euro (referencia),liquidez_banco_central,tipo_operaciones_principales_BCE | Main refinancing operations - fixed rate tenders (fixed rate) (date of changes) - Level,2.15,pct_anual,2025-07-15,"BCE, ECB Data Portal, dataset FM",https://data.ecb.europa.eu/data/datasets/FM,2026-09-16,,,n/a,nivel,media_ponderada_volumen,serie FM.D.U2.EUR.4F.KR.MRR_FR.LEV
Zona euro (referencia),liquidez_banco_central,tipo_operaciones_principales_BCE | Main refinancing operations - fixed rate tenders (fixed rate) (date of changes) - Level,2.15,pct_anual,2025-07-16,"BCE, ECB Data Portal, dataset FM",https://data.ecb.europa.eu/data/datasets/FM,2026-09-16,,,n/a,nivel,media_ponderada_volumen,serie FM.D.U2.EUR.4F.KR.MRR_FR.LEV
Zona euro (referencia),liquidez_banco_central,tipo_operaciones_principales_BCE | Main refinancing operations - fixed rate tenders (fixed rate) (date of changes) - Level,2.15,pct_anual,2025-07-17,"BCE, ECB Data Portal, dataset FM",https://data.ecb.europa.eu/data/datasets/FM,2026-09-16,,,n/a,nivel,media_ponderada_volumen,serie FM.D.U2.EUR.4F.KR.MRR_FR.LEV
Zona euro (referencia),liquidez_banco_central,tipo_operaciones_principales_BCE | Main refinancing operations - fixed rate tenders (fixed rate) (date of changes) - Level,2.15,pct_anual,2025-07-18,"BCE, ECB Data Portal, dataset FM",https://data.ecb.europa.eu/data/datasets/FM,2026-09-16,,,n/a,nivel,media_ponderada_volumen,serie FM.D.U2.EUR.4F.KR.MRR_FR.LEV
Zona euro (referencia),liquidez_banco_central,tipo_operaciones_principales_BCE | Main refinancing operations - fixed rate tenders (fixed rate) (date of changes) - Level,2.15,pct_anual,2025-07-19,"BCE, ECB Data Portal, dataset FM",https://data.ecb.europa.eu/data/datasets/FM,2026-09-16,,,n/a,nivel,media_ponderada_volumen,serie FM.D.U2.EUR.4F.KR.MRR_FR.LEV
Zona euro (referencia),liquidez_banco_central,tipo_operaciones_principales_BCE | Main refinancing operations - fixed rate tenders (fixed rate) (date of changes) - Level,2.15,pct_anual,2025-07-20,"BCE, ECB Data Portal, dataset FM",https://data.ecb.europa.eu/data/datasets/FM,2026-09-16,,,n/a,nivel,media_ponderada_volumen,serie FM.D.U2.EUR.4F.KR.MRR_FR.LEV
Zona euro (referencia),liquidez_banco_central,tipo_operaciones_principales_BCE | Main refinancing operations - fixed rate tenders (fixed rate) (date of changes) - Level,2.15,pct_anual,2025-07-21,"BCE, ECB Data Portal, dataset FM",https://data.ecb.europa.eu/data/datasets/FM,2026-09-16,,,n/a,nivel,media_ponderada_volumen,serie FM.D.U2.EUR.4F.KR.MRR_FR.LEV
Zona euro (referencia),liquidez_banco_central,tipo_operaciones_principales_BCE | Main refinancing operations - fixed rate tenders (fixed rate) (date of changes) - Level,2.15,pct_anual,2025-07-22,"BCE, ECB Data Portal, dataset FM",https://data.ecb.europa.eu/data/datasets/FM,2026-09-16,,,n/a,nivel,media_ponderada_volumen,serie FM.D.U2.EUR.4F.KR.MRR_FR.LEV
Zona euro (referencia),liquidez_banco_central,tipo_operaciones_principales_BCE | Main refinancing operations - fixed rate tenders (fixed rate) (date of changes) - Level,2.15,pct_anual,2025-07-23,"BCE, ECB Data Portal, dataset FM",https://data.ecb.europa.eu/data/datasets/FM,2026-09-16,,,n/a,nivel,media_ponderada_volumen,serie FM.D.U2.EUR.4F.KR.MRR_FR.LEV
Zona euro (referencia),liquidez_banco_central,tipo_operaciones_principales_BCE | Main refinancing operations - fixed rate tenders (fixed rate) (date of changes) - Level,2.15,pct_anual,2025-07-24,"BCE, ECB Data Portal, dataset FM",https://data.ecb.europa.eu/data/datasets/FM,2026-09-16,,,n/a,nivel,media_ponderada_volumen,serie FM.D.U2.EUR.4F.KR.MRR_FR.LEV
Zona euro (referencia),liquidez_banco_central,tipo_operaciones_principales_BCE | Main refinancing operations - fixed rate tenders (fixed rate) (date of changes) - Level,2.15,pct_anual,2025-07-25,"BCE, ECB Data Portal, dataset FM",https://data.ecb.europa.eu/data/datasets/FM,2026-09-16,,,n/a,nivel,media_ponderada_volumen,serie FM.D.U2.EUR.4F.KR.MRR_FR.LEV
Zona euro (referencia),liquidez_banco_central,tipo_operaciones_principales_BCE | Main refinancing operations - fixed rate tenders (fixed rate) (date of changes) - Level,2.15,pct_anual,2025-07-26,"BCE, ECB Data Portal, dataset FM",https://data.ecb.europa.eu/data/datasets/FM,2026-09-16,,,n/a,nivel,media_ponderada_volumen,serie FM.D.U2.EUR.4F.KR.MRR_FR.LEV
Zona euro (referencia),liquidez_banco_central,tipo_operaciones_principales_BCE | Main refinancing operations - fixed rate tenders (fixed rate) (date of changes) - Level,2.15,pct_anual,2025-07-27,"BCE, ECB Data Portal, dataset FM",https://data.ecb.europa.eu/data/datasets/FM,2026-09-16,,,n/a,nivel,media_ponderada_volumen,serie FM.D.U2.EUR.4F.KR.MRR_FR.LEV
Zona euro (referencia),liquidez_banco_central,tipo_operaciones_principales_BCE | Main refinancing operations - fixed rate tenders (fixed rate) (date of changes) - Level,2.15,pct_anual,2025-07-28,"BCE, ECB Data Portal, dataset FM",https://data.ecb.europa.eu/data/datasets/FM,2026-09-16,,,n/a,nivel,media_ponderada_volumen,serie FM.D.U2.EUR.4F.KR.MRR_FR.LEV
Zona euro (referencia),liquidez_banco_central,tipo_operaciones_principales_BCE | Main refinancing operations - fixed rate tenders (fixed rate) (date of changes) - Level,2.15,pct_anual,2025-07-29,"BCE, ECB Data Portal, dataset FM",https://data.ecb.europa.eu/data/datasets/FM,2026-09-16,,,n/a,nivel,media_ponderada_volumen,serie FM.D.U2.EUR.4F.KR.MRR_FR.LEV
Zona euro (referencia),liquidez_banco_central,tipo_operaciones_principales_BCE | Main refinancing operations - fixed rate tenders (fixed rate) (date of changes) - Level,2.15,pct_anual,2025-07-30,"BCE, ECB Data Portal, dataset FM",https://data.ecb.europa.eu/data/datasets/FM,2026-09-16,,,n/a,nivel,media_ponderada_volumen,serie FM.D.U2.EUR.4F.KR.MRR_FR.LEV
Zona euro (referencia),liquidez_banco_central,tipo_operaciones_principales_BCE | Main refinancing operations - fixed rate tenders (fixed rate) (date of changes) - Level,2.15,pct_anual,2025-07-31,"BCE, ECB Data Portal, dataset FM",https://data.ecb.europa.eu/data/datasets/FM,2026-09-16,,,n/a,nivel,media_ponderada_volumen,serie FM.D.U2.EUR.4F.KR.MRR_FR.LEV
Zona euro (referencia),liquidez_banco_central,tipo_operaciones_principales_BCE | Main refinancing operations - fixed rate tenders (fixed rate) (date of changes) - Level,2.15,pct_anual,2025-08-01,"BCE, ECB Data Portal, dataset FM",https://data.ecb.europa.eu/data/datasets/FM,2026-09-16,,,n/a,nivel,media_ponderada_volumen,serie FM.D.U2.EUR.4F.KR.MRR_FR.LEV
Zona euro (referencia),liquidez_banco_central,tipo_operaciones_principales_BCE | Main refinancing operations - fixed rate tenders (fixed rate) (date of changes) - Level,2.15,pct_anual,2025-08-02,"BCE, ECB Data Portal, dataset FM",https://data.ecb.europa.eu/data/datasets/FM,2026-09-16,,,n/a,nivel,media_ponderada_volumen,serie FM.D.U2.EUR.4F.KR.MRR_FR.LEV
Zona euro (referencia),liquidez_banco_central,tipo_operaciones_principales_BCE | Main refinancing operations - fixed rate tenders (fixed rate) (date of changes) - Level,2.15,pct_anual,2025-08-03,"BCE, ECB Data Portal, dataset FM",https://data.ecb.europa.eu/data/datasets/FM,2026-09-16,,,n/a,nivel,media_ponderada_volumen,serie FM.D.U2.EUR.4F.KR.MRR_FR.LEV
Zona euro (referencia),liquidez_banco_central,tipo_operaciones_principales_BCE | Main refinancing operations - fixed rate tenders (fixed rate) (date of changes) - Level,2.15,pct_anual,2025-08-04,"BCE, ECB Data Portal, dataset FM",https://data.ecb.europa.eu/data/datasets/FM,2026-09-16,,,n/a,nivel,media_ponderada_volumen,serie FM.D.U2.EUR.4F.KR.MRR_FR.LEV
Zona euro (referencia),liquidez_banco_central,tipo_operaciones_principales_BCE | Main refinancing operations - fixed rate tenders (fixed rate) (date of changes) - Level,2.15,pct_anual,2025-08-05,"BCE, ECB Data Portal, dataset FM",https://data.ecb.europa.eu/data/datasets/FM,2026-09-16,,,n/a,nivel,media_ponderada_volumen,serie FM.D.U2.EUR.4F.KR.MRR_FR.LEV
Zona euro (referencia),liquidez_banco_central,tipo_operaciones_principales_BCE | Main refinancing operations - fixed rate tenders (fixed rate) (date of changes) - Level,2.15,pct_anual,2025-08-06,"BCE, ECB Data Portal, dataset FM",https://data.ecb.europa.eu/data/datasets/FM,2026-09-16,,,n/a,nivel,media_ponderada_volumen,serie FM.D.U2.EUR.4F.KR.MRR_FR.LEV
Zona euro (referencia),liquidez_banco_central,tipo_operaciones_principales_BCE | Main refinancing operations - fixed rate tenders (fixed rate) (date of changes) - Level,2.15,pct_anual,2025-08-07,"BCE, ECB Data Portal, dataset FM",https://data.ecb.europa.eu/data/datasets/FM,2026-09-16,,,n/a,nivel,media_ponderada_volumen,serie FM.D.U2.EUR.4F.KR.MRR_FR.LEV
Zona euro (referencia),liquidez_banco_central,tipo_operaciones_principales_BCE | Main refinancing operations - fixed rate tenders (fixed rate) (date of changes) - Level,2.15,pct_anual,2025-08-08,"BCE, ECB Data Portal, dataset FM",https://data.ecb.europa.eu/data/datasets/FM,2026-09-16,,,n/a,nivel,media_ponderada_volumen,serie FM.D.U2.EUR.4F.KR.MRR_FR.LEV
Zona euro (referencia),liquidez_banco_central,tipo_operaciones_principales_BCE | Main refinancing operations - fixed rate tenders (fixed rate) (date of changes) - Level,2.15,pct_anual,2025-08-09,"BCE, ECB Data Portal, dataset FM",https://data.ecb.europa.eu/data/datasets/FM,2026-09-16,,,n/a,nivel,media_ponderada_volumen,serie FM.D.U2.EUR.4F.KR.MRR_FR.LEV
Zona euro (referencia),liquidez_banco_central,tipo_operaciones_principales_BCE | Main refinancing operations - fixed rate tenders (fixed rate) (date of changes) - Level,2.15,pct_anual,2025-08-10,"BCE, ECB Data Portal, dataset FM",https://data.ecb.europa.eu/data/datasets/FM,2026-09-16,,,n/a,nivel,media_ponderada_volumen,serie FM.D.U2.EUR.4F.KR.MRR_FR.LEV
Zona euro (referencia),liquidez_banco_central,tipo_operaciones_principales_BCE | Main refinancing operations - fixed rate tenders (fixed rate) (date of changes) - Level,2.15,pct_anual,2025-08-11,"BCE, ECB Data Portal, dataset FM",https://data.ecb.europa.eu/data/datasets/FM,2026-09-16,,,n/a,nivel,media_ponderada_volumen,serie FM.D.U2.EUR.4F.KR.MRR_FR.LEV
Zona euro (referencia),liquidez_banco_central,tipo_operaciones_principales_BCE | Main refinancing operations - fixed rate tenders (fixed rate) (date of changes) - Level,2.15,pct_anual,2025-08-12,"BCE, ECB Data Portal, dataset FM",https://data.ecb.europa.eu/data/datasets/FM,2026-09-16,,,n/a,nivel,media_ponderada_volumen,serie FM.D.U2.EUR.4F.KR.MRR_FR.LEV
Zona euro (referencia),liquidez_banco_central,tipo_operaciones_principales_BCE | Main refinancing operations - fixed rate tenders (fixed rate) (date of changes) - Level,2.15,pct_anual,2025-08-13,"BCE, ECB Data Portal, dataset FM",https://data.ecb.europa.eu/data/datasets/FM,2026-09-16,,,n/a,nivel,media_ponderada_volumen,serie FM.D.U2.EUR.4F.KR.MRR_FR.LEV
Zona euro (referencia),liquidez_banco_central,tipo_operaciones_principales_BCE | Main refinancing operations - fixed rate tenders (fixed rate) (date of changes) - Level,2.15,pct_anual,2025-08-14,"BCE, ECB Data Portal, dataset FM",https://data.ecb.europa.eu/data/datasets/FM,2026-09-16,,,n/a,nivel,media_ponderada_volumen,serie FM.D.U2.EUR.4F.KR.MRR_FR.LEV
Zona euro (referencia),liquidez_banco_central,tipo_operaciones_principales_BCE | Main refinancing operations - fixed rate tenders (fixed rate) (date of changes) - Level,2.15,pct_anual,2025-08-15,"BCE, ECB Data Portal, dataset FM",https://data.ecb.europa.eu/data/datasets/FM,2026-09-16,,,n/a,nivel,media_ponderada_volumen,serie FM.D.U2.EUR.4F.KR.MRR_FR.LEV
Zona euro (referencia),liquidez_banco_central,tipo_operaciones_principales_BCE | Main refinancing operations - fixed rate tenders (fixed rate) (date of changes) - Level,2.15,pct_anual,2025-08-16,"BCE, ECB Data Portal, dataset FM",https://data.ecb.europa.eu/data/datasets/FM,2026-09-16,,,n/a,nivel,media_ponderada_volumen,serie FM.D.U2.EUR.4F.KR.MRR_FR.LEV
Zona euro (referencia),liquidez_banco_central,tipo_operaciones_principales_BCE | Main refinancing operations - fixed rate tenders (fixed rate) (date of changes) - Level,2.15,pct_anual,2025-08-17,"BCE, ECB Data Portal, dataset FM",https://data.ecb.europa.eu/data/datasets/FM,2026-09-16,,,n/a,nivel,media_ponderada_volumen,serie FM.D.U2.EUR.4F.KR.MRR_FR.LEV
Zona euro (referencia),liquidez_banco_central,tipo_operaciones_principales_BCE | Main refinancing operations - fixed rate tenders (fixed rate) (date of changes) - Level,2.15,pct_anual,2025-08-18,"BCE, ECB Data Portal, dataset FM",https://data.ecb.europa.eu/data/datasets/FM,2026-09-16,,,n/a,nivel,media_ponderada_volumen,serie FM.D.U2.EUR.4F.KR.MRR_FR.LEV
Zona euro (referencia),liquidez_banco_central,tipo_operaciones_principales_BCE | Main refinancing operations - fixed rate tenders (fixed rate) (date of changes) - Level,2.15,pct_anual,2025-08-19,"BCE, ECB Data Portal, dataset FM",https://data.ecb.europa.eu/data/datasets/FM,2026-09-16,,,n/a,nivel,media_ponderada_volumen,serie FM.D.U2.EUR.4F.KR.MRR_FR.LEV
Zona euro (referencia),liquidez_banco_central,tipo_operaciones_principales_BCE | Main refinancing operations - fixed rate tenders (fixed rate) (date of changes) - Level,2.15,pct_anual,2025-08-20,"BCE, ECB Data Portal, dataset FM",https://data.ecb.europa.eu/data/datasets/FM,2026-09-16,,,n/a,nivel,media_ponderada_volumen,serie FM.D.U2.EUR.4F.KR.MRR_FR.LEV
Zona euro (referencia),liquidez_banco_central,tipo_operaciones_principales_BCE | Main refinancing operations - fixed rate tenders (fixed rate) (date of changes) - Level,2.15,pct_anual,2025-08-21,"BCE, ECB Data Portal, dataset FM",https://data.ecb.europa.eu/data/datasets/FM,2026-09-16,,,n/a,nivel,media_ponderada_volumen,serie FM.D.U2.EUR.4F.KR.MRR_FR.LEV
Zona euro (referencia),liquidez_banco_central,tipo_operaciones_principales_BCE | Main refinancing operations - fixed rate tenders (fixed rate) (date of changes) - Level,2.15,pct_anual,2025-08-22,"BCE, ECB Data Portal, dataset FM",https://data.ecb.europa.eu/data/datasets/FM,2026-09-16,,,n/a,nivel,media_ponderada_volumen,serie FM.D.U2.EUR.4F.KR.MRR_FR.LEV
Zona euro (referencia),liquidez_banco_central,tipo_operaciones_principales_BCE | Main refinancing operations - fixed rate tenders (fixed rate) (date of changes) - Level,2.15,pct_anual,2025-08-23,"BCE, ECB Data Portal, dataset FM",https://data.ecb.europa.eu/data/datasets/FM,2026-09-16,,,n/a,nivel,media_ponderada_volumen,serie FM.D.U2.EUR.4F.KR.MRR_FR.LEV
Zona euro (referencia),liquidez_banco_central,tipo_operaciones_principales_BCE | Main refinancing operations - fixed rate tenders (fixed rate) (date of changes) - Level,2.15,pct_anual,2025-08-24,"BCE, ECB Data Portal, dataset FM",https://data.ecb.europa.eu/data/datasets/FM,2026-09-16,,,n/a,nivel,media_ponderada_volumen,serie FM.D.U2.EUR.4F.KR.MRR_FR.LEV
Zona euro (referencia),liquidez_banco_central,tipo_operaciones_principales_BCE | Main refinancing operations - fixed rate tenders (fixed rate) (date of changes) - Level,2.15,pct_anual,2025-08-25,"BCE, ECB Data Portal, dataset FM",https://data.ecb.europa.eu/data/datasets/FM,2026-09-16,,,n/a,nivel,media_ponderada_volumen,serie FM.D.U2.EUR.4F.KR.MRR_FR.LEV
Zona euro (referencia),liquidez_banco_central,tipo_operaciones_principales_BCE | Main refinancing operations - fixed rate tenders (fixed rate) (date of changes) - Level,2.15,pct_anual,2025-08-26,"BCE, ECB Data Portal, dataset FM",https://data.ecb.europa.eu/data/datasets/FM,2026-09-16,,,n/a,nivel,media_ponderada_volumen,serie FM.D.U2.EUR.4F.KR.MRR_FR.LEV
Zona euro (referencia),liquidez_banco_central,tipo_operaciones_principales_BCE | Main refinancing operations - fixed rate tenders (fixed rate) (date of changes) - Level,2.15,pct_anual,2025-08-27,"BCE, ECB Data Portal, dataset FM",https://data.ecb.europa.eu/data/datasets/FM,2026-09-16,,,n/a,nivel,media_ponderada_volumen,serie FM.D.U2.EUR.4F.KR.MRR_FR.LEV
Zona euro (referencia),liquidez_banco_central,tipo_operaciones_principales_BCE | Main refinancing operations - fixed rate tenders (fixed rate) (date of changes) - Level,2.15,pct_anual,2025-08-28,"BCE, ECB Data Portal, dataset FM",https://data.ecb.europa.eu/data/datasets/FM,2026-09-16,,,n/a,nivel,media_ponderada_volumen,serie FM.D.U2.EUR.4F.KR.MRR_FR.LEV
Zona euro (referencia),liquidez_banco_central,tipo_operaciones_principales_BCE | Main refinancing operations - fixed rate tenders (fixed rate) (date of changes) - Level,2.15,pct_anual,2025-08-29,"BCE, ECB Data Portal, dataset FM",https://data.ecb.europa.eu/data/datasets/FM,2026-09-16,,,n/a,nivel,media_ponderada_volumen,serie FM.D.U2.EUR.4F.KR.MRR_FR.LEV
Zona euro (referencia),liquidez_banco_central,tipo_operaciones_principales_BCE | Main refinancing operations - fixed rate tenders (fixed rate) (date of changes) - Level,2.15,pct_anual,2025-08-30,"BCE, ECB Data Portal, dataset FM",https://data.ecb.europa.eu/data/datasets/FM,2026-09-16,,,n/a,nivel,media_ponderada_volumen,serie FM.D.U2.EUR.4F.KR.MRR_FR.LEV
Zona euro (referencia),liquidez_banco_central,tipo_operaciones_principales_BCE | Main refinancing operations - fixed rate tenders (fixed rate) (date of changes) - Level,2.15,pct_anual,2025-08-31,"BCE, ECB Data Portal, dataset FM",https://data.ecb.europa.eu/data/datasets/FM,2026-09-16,,,n/a,nivel,media_ponderada_volumen,serie FM.D.U2.EUR.4F.KR.MRR_FR.LEV
Zona euro (referencia),liquidez_banco_central,tipo_operaciones_principales_BCE | Main refinancing operations - fixed rate tenders (fixed rate) (date of changes) - Level,2.15,pct_anual,2025-09-01,"BCE, ECB Data Portal, dataset FM",https://data.ecb.europa.eu/data/datasets/FM,2026-09-16,,,n/a,nivel,media_ponderada_volumen,serie FM.D.U2.EUR.4F.KR.MRR_FR.LEV
Zona euro (referencia),liquidez_banco_central,tipo_operaciones_principales_BCE | Main refinancing operations - fixed rate tenders (fixed rate) (date of changes) - Level,2.15,pct_anual,2025-09-02,"BCE, ECB Data Portal, dataset FM",https://data.ecb.europa.eu/data/datasets/FM,2026-09-16,,,n/a,nivel,media_ponderada_volumen,serie FM.D.U2.EUR.4F.KR.MRR_FR.LEV
Zona euro (referencia),liquidez_banco_central,tipo_operaciones_principales_BCE | Main refinancing operations - fixed rate tenders (fixed rate) (date of changes) - Level,2.15,pct_anual,2025-09-03,"BCE, ECB Data Portal, dataset FM",https://data.ecb.europa.eu/data/datasets/FM,2026-09-16,,,n/a,nivel,media_ponderada_volumen,serie FM.D.U2.EUR.4F.KR.MRR_FR.LEV
Zona euro (referencia),liquidez_banco_central,tipo_operaciones_principales_BCE | Main refinancing operations - fixed rate tenders (fixed rate) (date of changes) - Level,2.15,pct_anual,2025-09-04,"BCE, ECB Data Portal, dataset FM",https://data.ecb.europa.eu/data/datasets/FM,2026-09-16,,,n/a,nivel,media_ponderada_volumen,serie FM.D.U2.EUR.4F.KR.MRR_FR.LEV
Zona euro (referencia),liquidez_banco_central,tipo_operaciones_principales_BCE | Main refinancing operations - fixed rate tenders (fixed rate) (date of changes) - Level,2.15,pct_anual,2025-09-05,"BCE, ECB Data Portal, dataset FM",https://data.ecb.europa.eu/data/datasets/FM,2026-09-16,,,n/a,nivel,media_ponderada_volumen,serie FM.D.U2.EUR.4F.KR.MRR_FR.LEV
Zona euro (referencia),liquidez_banco_central,tipo_operaciones_principales_BCE | Main refinancing operations - fixed rate tenders (fixed rate) (date of changes) - Level,2.15,pct_anual,2025-09-06,"BCE, ECB Data Portal, dataset FM",https://data.ecb.europa.eu/data/datasets/FM,2026-09-16,,,n/a,nivel,media_ponderada_volumen,serie FM.D.U2.EUR.4F.KR.MRR_FR.LEV
Zona euro (referencia),liquidez_banco_central,tipo_operaciones_principales_BCE | Main refinancing operations - fixed rate tenders (fixed rate) (date of changes) - Level,2.15,pct_anual,2025-09-07,"BCE, ECB Data Portal, dataset FM",https://data.ecb.europa.eu/data/datasets/FM,2026-09-16,,,n/a,nivel,media_ponderada_volumen,serie FM.D.U2.EUR.4F.KR.MRR_FR.LEV
Zona euro (referencia),liquidez_banco_central,tipo_operaciones_principales_BCE | Main refinancing operations - fixed rate tenders (fixed rate) (date of changes) - Level,2.15,pct_anual,2025-09-08,"BCE, ECB Data Portal, dataset FM",https://data.ecb.europa.eu/data/datasets/FM,2026-09-16,,,n/a,nivel,media_ponderada_volumen,serie FM.D.U2.EUR.4F.KR.MRR_FR.LEV
Zona euro (referencia),liquidez_banco_central,tipo_operaciones_principales_BCE | Main refinancing operations - fixed rate tenders (fixed rate) (date of changes) - Level,2.15,pct_anual,2025-09-09,"BCE, ECB Data Portal, dataset FM",https://data.ecb.europa.eu/data/datasets/FM,2026-09-16,,,n/a,nivel,media_ponderada_volumen,serie FM.D.U2.EUR.4F.KR.MRR_FR.LEV
Zona euro (referencia),liquidez_banco_central,tipo_operaciones_principales_BCE | Main refinancing operations - fixed rate tenders (fixed rate) (date of changes) - Level,2.15,pct_anual,2025-09-10,"BCE, ECB Data Portal, dataset FM",https://data.ecb.europa.eu/data/datasets/FM,2026-09-16,,,n/a,nivel,media_ponderada_volumen,serie FM.D.U2.EUR.4F.KR.MRR_FR.LEV
Zona euro (referencia),liquidez_banco_central,tipo_operaciones_principales_BCE | Main refinancing operations - fixed rate tenders (fixed rate) (date of changes) - Level,2.15,pct_anual,2025-09-11,"BCE, ECB Data Portal, dataset FM",https://data.ecb.europa.eu/data/datasets/FM,2026-09-16,,,n/a,nivel,media_ponderada_volumen,serie FM.D.U2.EUR.4F.KR.MRR_FR.LEV
Zona euro (referencia),liquidez_banco_central,tipo_operaciones_principales_BCE | Main refinancing operations - fixed rate tenders (fixed rate) (date of changes) - Level,2.15,pct_anual,2025-09-12,"BCE, ECB Data Portal, dataset FM",https://data.ecb.europa.eu/data/datasets/FM,2026-09-16,,,n/a,nivel,media_ponderada_volumen,serie FM.D.U2.EUR.4F.KR.MRR_FR.LEV
Zona euro (referencia),liquidez_banco_central,tipo_operaciones_principales_BCE | Main refinancing operations - fixed rate tenders (fixed rate) (date of changes) - Level,2.15,pct_anual,2025-09-13,"BCE, ECB Data Portal, dataset FM",https://data.ecb.europa.eu/data/datasets/FM,2026-09-16,,,n/a,nivel,media_ponderada_volumen,serie FM.D.U2.EUR.4F.KR.MRR_FR.LEV
Zona euro (referencia),liquidez_banco_central,tipo_operaciones_principales_BCE | Main refinancing operations - fixed rate tenders (fixed rate) (date of changes) - Level,2.15,pct_anual,2025-09-14,"BCE, ECB Data Portal, dataset FM",https://data.ecb.europa.eu/data/datasets/FM,2026-09-16,,,n/a,nivel,media_ponderada_volumen,serie FM.D.U2.EUR.4F.KR.MRR_FR.LEV
Zona euro (referencia),liquidez_banco_central,tipo_operaciones_principales_BCE | Main refinancing operations - fixed rate tenders (fixed rate) (date of changes) - Level,2.15,pct_anual,2025-09-15,"BCE, ECB Data Portal, dataset FM",https://data.ecb.europa.eu/data/datasets/FM,2026-09-16,,,n/a,nivel,media_ponderada_volumen,serie FM.D.U2.EUR.4F.KR.MRR_FR.LEV
Zona euro (referencia),liquidez_banco_central,tipo_operaciones_principales_BCE | Main refinancing operations - fixed rate tenders (fixed rate) (date of changes) - Level,2.15,pct_anual,2025-09-16,"BCE, ECB Data Portal, dataset FM",https://data.ecb.europa.eu/data/datasets/FM,2026-09-16,,,n/a,nivel,media_ponderada_volumen,serie FM.D.U2.EUR.4F.KR.MRR_FR.LEV
Zona euro (referencia),liquidez_banco_central,tipo_operaciones_principales_BCE | Main refinancing operations - fixed rate tenders (fixed rate) (date of changes) - Level,2.15,pct_anual,2025-09-17,"BCE, ECB Data Portal, dataset FM",https://data.ecb.europa.eu/data/datasets/FM,2026-09-16,,,n/a,nivel,media_ponderada_volumen,serie FM.D.U2.EUR.4F.KR.MRR_FR.LEV
Zona euro (referencia),liquidez_banco_central,tipo_operaciones_principales_BCE | Main refinancing operations - fixed rate tenders (fixed rate) (date of changes) - Level,2.15,pct_anual,2025-09-18,"BCE, ECB Data Portal, dataset FM",https://data.ecb.europa.eu/data/datasets/FM,2026-09-16,,,n/a,nivel,media_ponderada_volumen,serie FM.D.U2.EUR.4F.KR.MRR_FR.LEV
Zona euro (referencia),liquidez_banco_central,tipo_operaciones_principales_BCE | Main refinancing operations - fixed rate tenders (fixed rate) (date of changes) - Level,2.15,pct_anual,2025-09-19,"BCE, ECB Data Portal, dataset FM",https://data.ecb.europa.eu/data/datasets/FM,2026-09-16,,,n/a,nivel,media_ponderada_volumen,serie FM.D.U2.EUR.4F.KR.MRR_FR.LEV
Zona euro (referencia),liquidez_banco_central,tipo_operaciones_principales_BCE | Main refinancing operations - fixed rate tenders (fixed rate) (date of changes) - Level,2.15,pct_anual,2025-09-20,"BCE, ECB Data Portal, dataset FM",https://data.ecb.europa.eu/data/datasets/FM,2026-09-16,,,n/a,nivel,media_ponderada_volumen,serie FM.D.U2.EUR.4F.KR.MRR_FR.LEV
Zona euro (referencia),liquidez_banco_central,tipo_operaciones_principales_BCE | Main refinancing operations - fixed rate tenders (fixed rate) (date of changes) - Level,2.15,pct_anual,2025-09-21,"BCE, ECB Data Portal, dataset FM",https://data.ecb.europa.eu/data/datasets/FM,2026-09-16,,,n/a,nivel,media_ponderada_volumen,serie FM.D.U2.EUR.4F.KR.MRR_FR.LEV
Zona euro (referencia),liquidez_banco_central,tipo_operaciones_principales_BCE | Main refinancing operations - fixed rate tenders (fixed rate) (date of changes) - Level,2.15,pct_anual,2025-09-22,"BCE, ECB Data Portal, dataset FM",https://data.ecb.europa.eu/data/datasets/FM,2026-09-16,,,n/a,nivel,media_ponderada_volumen,serie FM.D.U2.EUR.4F.KR.MRR_FR.LEV
Zona euro (referencia),liquidez_banco_central,tipo_operaciones_principales_BCE | Main refinancing operations - fixed rate tenders (fixed rate) (date of changes) - Level,2.15,pct_anual,2025-09-23,"BCE, ECB Data Portal, dataset FM",https://data.ecb.europa.eu/data/datasets/FM,2026-09-16,,,n/a,nivel,media_ponderada_volumen,serie FM.D.U2.EUR.4F.KR.MRR_FR.LEV
Zona euro (referencia),liquidez_banco_central,tipo_operaciones_principales_BCE | Main refinancing operations - fixed rate tenders (fixed rate) (date of changes) - Level,2.15,pct_anual,2025-09-24,"BCE, ECB Data Portal, dataset FM",https://data.ecb.europa.eu/data/datasets/FM,2026-09-16,,,n/a,nivel,media_ponderada_volumen,serie FM.D.U2.EUR.4F.KR.MRR_FR.LEV
Zona euro (referencia),liquidez_banco_central,tipo_operaciones_principales_BCE | Main refinancing operations - fixed rate tenders (fixed rate) (date of changes) - Level,2.15,pct_anual,2025-09-25,"BCE, ECB Data Portal, dataset FM",https://data.ecb.europa.eu/data/datasets/FM,2026-09-16,,,n/a,nivel,media_ponderada_volumen,serie FM.D.U2.EUR.4F.KR.MRR_FR.LEV
Zona euro (referencia),liquidez_banco_central,tipo_operaciones_principales_BCE | Main refinancing operations - fixed rate tenders (fixed rate) (date of changes) - Level,2.15,pct_anual,2025-09-26,"BCE, ECB Data Portal, dataset FM",https://data.ecb.europa.eu/data/datasets/FM,2026-09-16,,,n/a,nivel,media_ponderada_volumen,serie FM.D.U2.EUR.4F.KR.MRR_FR.LEV
Zona euro (referencia),liquidez_banco_central,tipo_operaciones_principales_BCE | Main refinancing operations - fixed rate tenders (fixed rate) (date of changes) - Level,2.15,pct_anual,2025-09-27,"BCE, ECB Data Portal, dataset FM",https://data.ecb.europa.eu/data/datasets/FM,2026-09-16,,,n/a,nivel,media_ponderada_volumen,serie FM.D.U2.EUR.4F.KR.MRR_FR.LEV
Zona euro (referencia),liquidez_banco_central,tipo_operaciones_principales_BCE | Main refinancing operations - fixed rate tenders (fixed rate) (date of changes) - Level,2.15,pct_anual,2025-09-28,"BCE, ECB Data Portal, dataset FM",https://data.ecb.europa.eu/data/datasets/FM,2026-09-16,,,n/a,nivel,media_ponderada_volumen,serie FM.D.U2.EUR.4F.KR.MRR_FR.LEV
Zona euro (referencia),liquidez_banco_central,tipo_operaciones_principales_BCE | Main refinancing operations - fixed rate tenders (fixed rate) (date of changes) - Level,2.15,pct_anual,2025-09-29,"BCE, ECB Data Portal, dataset FM",https://data.ecb.europa.eu/data/datasets/FM,2026-09-16,,,n/a,nivel,media_ponderada_volumen,serie FM.D.U2.EUR.4F.KR.MRR_FR.LEV
Zona euro (referencia),liquidez_banco_central,tipo_operaciones_principales_BCE | Main refinancing operations - fixed rate tenders (fixed rate) (date of changes) - Level,2.15,pct_anual,2025-09-30,"BCE, ECB Data Portal, dataset FM",https://data.ecb.europa.eu/data/datasets/FM,2026-09-16,,,n/a,nivel,media_ponderada_volumen,serie FM.D.U2.EUR.4F.KR.MRR_FR.LEV
Zona euro (referencia),liquidez_banco_central,tipo_operaciones_principales_BCE | Main refinancing operations - fixed rate tenders (fixed rate) (date of changes) - Level,2.15,pct_anual,2025-10-01,"BCE, ECB Data Portal, dataset FM",https://data.ecb.europa.eu/data/datasets/FM,2026-09-16,,,n/a,nivel,media_ponderada_volumen,serie FM.D.U2.EUR.4F.KR.MRR_FR.LEV
Zona euro (referencia),liquidez_banco_central,tipo_operaciones_principales_BCE | Main refinancing operations - fixed rate tenders (fixed rate) (date of changes) - Level,2.15,pct_anual,2025-10-02,"BCE, ECB Data Portal, dataset FM",https://data.ecb.europa.eu/data/datasets/FM,2026-09-16,,,n/a,nivel,media_ponderada_volumen,serie FM.D.U2.EUR.4F.KR.MRR_FR.LEV
Zona euro (referencia),liquidez_banco_central,tipo_operaciones_principales_BCE | Main refinancing operations - fixed rate tenders (fixed rate) (date of changes) - Level,2.15,pct_anual,2025-10-03,"BCE, ECB Data Portal, dataset FM",https://data.ecb.europa.eu/data/datasets/FM,2026-09-16,,,n/a,nivel,media_ponderada_volumen,serie FM.D.U2.EUR.4F.KR.MRR_FR.LEV
Zona euro (referencia),liquidez_banco_central,tipo_operaciones_principales_BCE | Main refinancing operations - fixed rate tenders (fixed rate) (date of changes) - Level,2.15,pct_anual,2025-10-04,"BCE, ECB Data Portal, dataset FM",https://data.ecb.europa.eu/data/datasets/FM,2026-09-16,,,n/a,nivel,media_ponderada_volumen,serie FM.D.U2.EUR.4F.KR.MRR_FR.LEV
Zona euro (referencia),liquidez_banco_central,tipo_operaciones_principales_BCE | Main refinancing operations - fixed rate tenders (fixed rate) (date of changes) - Level,2.15,pct_anual,2025-10-05,"BCE, ECB Data Portal, dataset FM",https://data.ecb.europa.eu/data/datasets/FM,2026-09-16,,,n/a,nivel,media_ponderada_volumen,serie FM.D.U2.EUR.4F.KR.MRR_FR.LEV
Zona euro (referencia),liquidez_banco_central,tipo_operaciones_principales_BCE | Main refinancing operations - fixed rate tenders (fixed rate) (date of changes) - Level,2.15,pct_anual,2025-10-06,"BCE, ECB Data Portal, dataset FM",https://data.ecb.europa.eu/data/datasets/FM,2026-09-16,,,n/a,nivel,media_ponderada_volumen,serie FM.D.U2.EUR.4F.KR.MRR_FR.LEV
Zona euro (referencia),liquidez_banco_central,tipo_operaciones_principales_BCE | Main refinancing operations - fixed rate tenders (fixed rate) (date of changes) - Level,2.15,pct_anual,2025-10-07,"BCE, ECB Data Portal, dataset FM",https://data.ecb.europa.eu/data/datasets/FM,2026-09-16,,,n/a,nivel,media_ponderada_volumen,serie FM.D.U2.EUR.4F.KR.MRR_FR.LEV
Zona euro (referencia),liquidez_banco_central,tipo_operaciones_principales_BCE | Main refinancing operations - fixed rate tenders (fixed rate) (date of changes) - Level,2.15,pct_anual,2025-10-08,"BCE, ECB Data Portal, dataset FM",https://data.ecb.europa.eu/data/datasets/FM,2026-09-16,,,n/a,nivel,media_ponderada_volumen,serie FM.D.U2.EUR.4F.KR.MRR_FR.LEV
Zona euro (referencia),liquidez_banco_central,tipo_operaciones_principales_BCE | Main refinancing operations - fixed rate tenders (fixed rate) (date of changes) - Level,2.15,pct_anual,2025-10-09,"BCE, ECB Data Portal, dataset FM",https://data.ecb.europa.eu/data/datasets/FM,2026-09-16,,,n/a,nivel,media_ponderada_volumen,serie FM.D.U2.EUR.4F.KR.MRR_FR.LEV
Zona euro (referencia),liquidez_banco_central,tipo_operaciones_principales_BCE | Main refinancing operations - fixed rate tenders (fixed rate) (date of changes) - Level,2.15,pct_anual,2025-10-10,"BCE, ECB Data Portal, dataset FM",https://data.ecb.europa.eu/data/datasets/FM,2026-09-16,,,n/a,nivel,media_ponderada_volumen,serie FM.D.U2.EUR.4F.KR.MRR_FR.LEV
Zona euro (referencia),liquidez_banco_central,tipo_operaciones_principales_BCE | Main refinancing operations - fixed rate tenders (fixed rate) (date of changes) - Level,2.15,pct_anual,2025-10-11,"BCE, ECB Data Portal, dataset FM",https://data.ecb.europa.eu/data/datasets/FM,2026-09-16,,,n/a,nivel,media_ponderada_volumen,serie FM.D.U2.EUR.4F.KR.MRR_FR.LEV
Zona euro (referencia),liquidez_banco_central,tipo_operaciones_principales_BCE | Main refinancing operations - fixed rate tenders (fixed rate) (date of changes) - Level,2.15,pct_anual,2025-10-12,"BCE, ECB Data Portal, dataset FM",https://data.ecb.europa.eu/data/datasets/FM,2026-09-16,,,n/a,nivel,media_ponderada_volumen,serie FM.D.U2.EUR.4F.KR.MRR_FR.LEV
Zona euro (referencia),liquidez_banco_central,tipo_operaciones_principales_BCE | Main refinancing operations - fixed rate tenders (fixed rate) (date of changes) - Level,2.15,pct_anual,2025-10-13,"BCE, ECB Data Portal, dataset FM",https://data.ecb.europa.eu/data/datasets/FM,2026-09-16,,,n/a,nivel,media_ponderada_volumen,serie FM.D.U2.EUR.4F.KR.MRR_FR.LEV
Zona euro (referencia),liquidez_banco_central,tipo_operaciones_principales_BCE | Main refinancing operations - fixed rate tenders (fixed rate) (date of changes) - Level,2.15,pct_anual,2025-10-14,"BCE, ECB Data Portal, dataset FM",https://data.ecb.europa.eu/data/datasets/FM,2026-09-16,,,n/a,nivel,media_ponderada_volumen,serie FM.D.U2.EUR.4F.KR.MRR_FR.LEV
Zona euro (referencia),liquidez_banco_central,tipo_operaciones_principales_BCE | Main refinancing operations - fixed rate tenders (fixed rate) (date of changes) - Level,2.15,pct_anual,2025-10-15,"BCE, ECB Data Portal, dataset FM",https://data.ecb.europa.eu/data/datasets/FM,2026-09-16,,,n/a,nivel,media_ponderada_volumen,serie FM.D.U2.EUR.4F.KR.MRR_FR.LEV
Zona euro (referencia),liquidez_banco_central,tipo_operaciones_principales_BCE | Main refinancing operations - fixed rate tenders (fixed rate) (date of changes) - Level,2.15,pct_anual,2025-10-16,"BCE, ECB Data Portal, dataset FM",https://data.ecb.europa.eu/data/datasets/FM,2026-09-16,,,n/a,nivel,media_ponderada_volumen,serie FM.D.U2.EUR.4F.KR.MRR_FR.LEV
Zona euro (referencia),liquidez_banco_central,tipo_operaciones_principales_BCE | Main refinancing operations - fixed rate tenders (fixed rate) (date of changes) - Level,2.15,pct_anual,2025-10-17,"BCE, ECB Data Portal, dataset FM",https://data.ecb.europa.eu/data/datasets/FM,2026-09-16,,,n/a,nivel,media_ponderada_volumen,serie FM.D.U2.EUR.4F.KR.MRR_FR.LEV
Zona euro (referencia),liquidez_banco_central,tipo_operaciones_principales_BCE | Main refinancing operations - fixed rate tenders (fixed rate) (date of changes) - Level,2.15,pct_anual,2025-10-18,"BCE, ECB Data Portal, dataset FM",https://data.ecb.europa.eu/data/datasets/FM,2026-09-16,,,n/a,nivel,media_ponderada_volumen,serie FM.D.U2.EUR.4F.KR.MRR_FR.LEV
Zona euro (referencia),liquidez_banco_central,tipo_operaciones_principales_BCE | Main refinancing operations - fixed rate tenders (fixed rate) (date of changes) - Level,2.15,pct_anual,2025-10-19,"BCE, ECB Data Portal, dataset FM",https://data.ecb.europa.eu/data/datasets/FM,2026-09-16,,,n/a,nivel,media_ponderada_volumen,serie FM.D.U2.EUR.4F.KR.MRR_FR.LEV
Zona euro (referencia),liquidez_banco_central,tipo_operaciones_principales_BCE | Main refinancing operations - fixed rate tenders (fixed rate) (date of changes) - Level,2.15,pct_anual,2025-10-20,"BCE, ECB Data Portal, dataset FM",https://data.ecb.europa.eu/data/datasets/FM,2026-09-16,,,n/a,nivel,media_ponderada_volumen,serie FM.D.U2.EUR.4F.KR.MRR_FR.LEV
Zona euro (referencia),liquidez_banco_central,tipo_operaciones_principales_BCE | Main refinancing operations - fixed rate tenders (fixed rate) (date of changes) - Level,2.15,pct_anual,2025-10-21,"BCE, ECB Data Portal, dataset FM",https://data.ecb.europa.eu/data/datasets/FM,2026-09-16,,,n/a,nivel,media_ponderada_volumen,serie FM.D.U2.EUR.4F.KR.MRR_FR.LEV
Zona euro (referencia),liquidez_banco_central,tipo_operaciones_principales_BCE | Main refinancing operations - fixed rate tenders (fixed rate) (date of changes) - Level,2.15,pct_anual,2025-10-22,"BCE, ECB Data Portal, dataset FM",https://data.ecb.europa.eu/data/datasets/FM,2026-09-16,,,n/a,nivel,media_ponderada_volumen,serie FM.D.U2.EUR.4F.KR.MRR_FR.LEV
Zona euro (referencia),liquidez_banco_central,tipo_operaciones_principales_BCE | Main refinancing operations - fixed rate tenders (fixed rate) (date of changes) - Level,2.15,pct_anual,2025-10-23,"BCE, ECB Data Portal, dataset FM",https://data.ecb.europa.eu/data/datasets/FM,2026-09-16,,,n/a,nivel,media_ponderada_volumen,serie FM.D.U2.EUR.4F.KR.MRR_FR.LEV
Zona euro (referencia),liquidez_banco_central,tipo_operaciones_principales_BCE | Main refinancing operations - fixed rate tenders (fixed rate) (date of changes) - Level,2.15,pct_anual,2025-10-24,"BCE, ECB Data Portal, dataset FM",https://data.ecb.europa.eu/data/datasets/FM,2026-09-16,,,n/a,nivel,media_ponderada_volumen,serie FM.D.U2.EUR.4F.KR.MRR_FR.LEV
Zona euro (referencia),liquidez_banco_central,tipo_operaciones_principales_BCE | Main refinancing operations - fixed rate tenders (fixed rate) (date of changes) - Level,2.15,pct_anual,2025-10-25,"BCE, ECB Data Portal, dataset FM",https://data.ecb.europa.eu/data/datasets/FM,2026-09-16,,,n/a,nivel,media_ponderada_volumen,serie FM.D.U2.EUR.4F.KR.MRR_FR.LEV
Zona euro (referencia),liquidez_banco_central,tipo_operaciones_principales_BCE | Main refinancing operations - fixed rate tenders (fixed rate) (date of changes) - Level,2.15,pct_anual,2025-10-26,"BCE, ECB Data Portal, dataset FM",https://data.ecb.europa.eu/data/datasets/FM,2026-09-16,,,n/a,nivel,media_ponderada_volumen,serie FM.D.U2.EUR.4F.KR.MRR_FR.LEV
Zona euro (referencia),liquidez_banco_central,tipo_operaciones_principales_BCE | Main refinancing operations - fixed rate tenders (fixed rate) (date of changes) - Level,2.15,pct_anual,2025-10-27,"BCE, ECB Data Portal, dataset FM",https://data.ecb.europa.eu/data/datasets/FM,2026-09-16,,,n/a,nivel,media_ponderada_volumen,serie FM.D.U2.EUR.4F.KR.MRR_FR.LEV
Zona euro (referencia),liquidez_banco_central,tipo_operaciones_principales_BCE | Main refinancing operations - fixed rate tenders (fixed rate) (date of changes) - Level,2.15,pct_anual,2025-10-28,"BCE, ECB Data Portal, dataset FM",https://data.ecb.europa.eu/data/datasets/FM,2026-09-16,,,n/a,nivel,media_ponderada_volumen,serie FM.D.U2.EUR.4F.KR.MRR_FR.LEV
Zona euro (referencia),liquidez_banco_central,tipo_operaciones_principales_BCE | Main refinancing operations - fixed rate tenders (fixed rate) (date of changes) - Level,2.15,pct_anual,2025-10-29,"BCE, ECB Data Portal, dataset FM",https://data.ecb.europa.eu/data/datasets/FM,2026-09-16,,,n/a,nivel,media_ponderada_volumen,serie FM.D.U2.EUR.4F.KR.MRR_FR.LEV
Zona euro (referencia),liquidez_banco_central,tipo_operaciones_principales_BCE | Main refinancing operations - fixed rate tenders (fixed rate) (date of changes) - Level,2.15,pct_anual,2025-10-30,"BCE, ECB Data Portal, dataset FM",https://data.ecb.europa.eu/data/datasets/FM,2026-09-16,,,n/a,nivel,media_ponderada_volumen,serie FM.D.U2.EUR.4F.KR.MRR_FR.LEV
Zona euro (referencia),liquidez_banco_central,tipo_operaciones_principales_BCE | Main refinancing operations - fixed rate tenders (fixed rate) (date of changes) - Level,2.15,pct_anual,2025-10-31,"BCE, ECB Data Portal, dataset FM",https://data.ecb.europa.eu/data/datasets/FM,2026-09-16,,,n/a,nivel,media_ponderada_volumen,serie FM.D.U2.EUR.4F.KR.MRR_FR.LEV
Zona euro (referencia),liquidez_banco_central,tipo_operaciones_principales_BCE | Main refinancing operations - fixed rate tenders (fixed rate) (date of changes) - Level,2.15,pct_anual,2025-11-01,"BCE, ECB Data Portal, dataset FM",https://data.ecb.europa.eu/data/datasets/FM,2026-09-16,,,n/a,nivel,media_ponderada_volumen,serie FM.D.U2.EUR.4F.KR.MRR_FR.LEV
Zona euro (referencia),liquidez_banco_central,tipo_operaciones_principales_BCE | Main refinancing operations - fixed rate tenders (fixed rate) (date of changes) - Level,2.15,pct_anual,2025-11-02,"BCE, ECB Data Portal, dataset FM",https://data.ecb.europa.eu/data/datasets/FM,2026-09-16,,,n/a,nivel,media_ponderada_volumen,serie FM.D.U2.EUR.4F.KR.MRR_FR.LEV
Zona euro (referencia),liquidez_banco_central,tipo_operaciones_principales_BCE | Main refinancing operations - fixed rate tenders (fixed rate) (date of changes) - Level,2.15,pct_anual,2025-11-03,"BCE, ECB Data Portal, dataset FM",https://data.ecb.europa.eu/data/datasets/FM,2026-09-16,,,n/a,nivel,media_ponderada_volumen,serie FM.D.U2.EUR.4F.KR.MRR_FR.LEV
Zona euro (referencia),liquidez_banco_central,tipo_operaciones_principales_BCE | Main refinancing operations - fixed rate tenders (fixed rate) (date of changes) - Level,2.15,pct_anual,2025-11-04,"BCE, ECB Data Portal, dataset FM",https://data.ecb.europa.eu/data/datasets/FM,2026-09-16,,,n/a,nivel,media_ponderada_volumen,serie FM.D.U2.EUR.4F.KR.MRR_FR.LEV
Zona euro (referencia),liquidez_banco_central,tipo_operaciones_principales_BCE | Main refinancing operations - fixed rate tenders (fixed rate) (date of changes) - Level,2.15,pct_anual,2025-11-05,"BCE, ECB Data Portal, dataset FM",https://data.ecb.europa.eu/data/datasets/FM,2026-09-16,,,n/a,nivel,media_ponderada_volumen,serie FM.D.U2.EUR.4F.KR.MRR_FR.LEV
Zona euro (referencia),liquidez_banco_central,tipo_operaciones_principales_BCE | Main refinancing operations - fixed rate tenders (fixed rate) (date of changes) - Level,2.15,pct_anual,2025-11-06,"BCE, ECB Data Portal, dataset FM",https://data.ecb.europa.eu/data/datasets/FM,2026-09-16,,,n/a,nivel,media_ponderada_volumen,serie FM.D.U2.EUR.4F.KR.MRR_FR.LEV
Zona euro (referencia),liquidez_banco_central,tipo_operaciones_principales_BCE | Main refinancing operations - fixed rate tenders (fixed rate) (date of changes) - Level,2.15,pct_anual,2025-11-07,"BCE, ECB Data Portal, dataset FM",https://data.ecb.europa.eu/data/datasets/FM,2026-09-16,,,n/a,nivel,media_ponderada_volumen,serie FM.D.U2.EUR.4F.KR.MRR_FR.LEV
Zona euro (referencia),liquidez_banco_central,tipo_operaciones_principales_BCE | Main refinancing operations - fixed rate tenders (fixed rate) (date of changes) - Level,2.15,pct_anual,2025-11-08,"BCE, ECB Data Portal, dataset FM",https://data.ecb.europa.eu/data/datasets/FM,2026-09-16,,,n/a,nivel,media_ponderada_volumen,serie FM.D.U2.EUR.4F.KR.MRR_FR.LEV
Zona euro (referencia),liquidez_banco_central,tipo_operaciones_principales_BCE | Main refinancing operations - fixed rate tenders (fixed rate) (date of changes) - Level,2.15,pct_anual,2025-11-09,"BCE, ECB Data Portal, dataset FM",https://data.ecb.europa.eu/data/datasets/FM,2026-09-16,,,n/a,nivel,media_ponderada_volumen,serie FM.D.U2.EUR.4F.KR.MRR_FR.LEV
Zona euro (referencia),liquidez_banco_central,tipo_operaciones_principales_BCE | Main refinancing operations - fixed rate tenders (fixed rate) (date of changes) - Level,2.15,pct_anual,2025-11-10,"BCE, ECB Data Portal, dataset FM",https://data.ecb.europa.eu/data/datasets/FM,2026-09-16,,,n/a,nivel,media_ponderada_volumen,serie FM.D.U2.EUR.4F.KR.MRR_FR.LEV
Zona euro (referencia),liquidez_banco_central,tipo_operaciones_principales_BCE | Main refinancing operations - fixed rate tenders (fixed rate) (date of changes) - Level,2.15,pct_anual,2025-11-11,"BCE, ECB Data Portal, dataset FM",https://data.ecb.europa.eu/data/datasets/FM,2026-09-16,,,n/a,nivel,media_ponderada_volumen,serie FM.D.U2.EUR.4F.KR.MRR_FR.LEV
Zona euro (referencia),liquidez_banco_central,tipo_operaciones_principales_BCE | Main refinancing operations - fixed rate tenders (fixed rate) (date of changes) - Level,2.15,pct_anual,2025-11-12,"BCE, ECB Data Portal, dataset FM",https://data.ecb.europa.eu/data/datasets/FM,2026-09-16,,,n/a,nivel,media_ponderada_volumen,serie FM.D.U2.EUR.4F.KR.MRR_FR.LEV
Zona euro (referencia),liquidez_banco_central,tipo_operaciones_principales_BCE | Main refinancing operations - fixed rate tenders (fixed rate) (date of changes) - Level,2.15,pct_anual,2025-11-13,"BCE, ECB Data Portal, dataset FM",https://data.ecb.europa.eu/data/datasets/FM,2026-09-16,,,n/a,nivel,media_ponderada_volumen,serie FM.D.U2.EUR.4F.KR.MRR_FR.LEV
Zona euro (referencia),liquidez_banco_central,tipo_operaciones_principales_BCE | Main refinancing operations - fixed rate tenders (fixed rate) (date of changes) - Level,2.15,pct_anual,2025-11-14,"BCE, ECB Data Portal, dataset FM",https://data.ecb.europa.eu/data/datasets/FM,2026-09-16,,,n/a,nivel,media_ponderada_volumen,serie FM.D.U2.EUR.4F.KR.MRR_FR.LEV
Zona euro (referencia),liquidez_banco_central,tipo_operaciones_principales_BCE | Main refinancing operations - fixed rate tenders (fixed rate) (date of changes) - Level,2.15,pct_anual,2025-11-15,"BCE, ECB Data Portal, dataset FM",https://data.ecb.europa.eu/data/datasets/FM,2026-09-16,,,n/a,nivel,media_ponderada_volumen,serie FM.D.U2.EUR.4F.KR.MRR_FR.LEV
Zona euro (referencia),liquidez_banco_central,tipo_operaciones_principales_BCE | Main refinancing operations - fixed rate tenders (fixed rate) (date of changes) - Level,2.15,pct_anual,2025-11-16,"BCE, ECB Data Portal, dataset FM",https://data.ecb.europa.eu/data/datasets/FM,2026-09-16,,,n/a,nivel,media_ponderada_volumen,serie FM.D.U2.EUR.4F.KR.MRR_FR.LEV
Zona euro (referencia),liquidez_banco_central,tipo_operaciones_principales_BCE | Main refinancing operations - fixed rate tenders (fixed rate) (date of changes) - Level,2.15,pct_anual,2025-11-17,"BCE, ECB Data Portal, dataset FM",https://data.ecb.europa.eu/data/datasets/FM,2026-09-16,,,n/a,nivel,media_ponderada_volumen,serie FM.D.U2.EUR.4F.KR.MRR_FR.LEV
Zona euro (referencia),liquidez_banco_central,tipo_operaciones_principales_BCE | Main refinancing operations - fixed rate tenders (fixed rate) (date of changes) - Level,2.15,pct_anual,2025-11-18,"BCE, ECB Data Portal, dataset FM",https://data.ecb.europa.eu/data/datasets/FM,2026-09-16,,,n/a,nivel,media_ponderada_volumen,serie FM.D.U2.EUR.4F.KR.MRR_FR.LEV
Zona euro (referencia),liquidez_banco_central,tipo_operaciones_principales_BCE | Main refinancing operations - fixed rate tenders (fixed rate) (date of changes) - Level,2.15,pct_anual,2025-11-19,"BCE, ECB Data Portal, dataset FM",https://data.ecb.europa.eu/data/datasets/FM,2026-09-16,,,n/a,nivel,media_ponderada_volumen,serie FM.D.U2.EUR.4F.KR.MRR_FR.LEV
Zona euro (referencia),liquidez_banco_central,tipo_operaciones_principales_BCE | Main refinancing operations - fixed rate tenders (fixed rate) (date of changes) - Level,2.15,pct_anual,2025-11-20,"BCE, ECB Data Portal, dataset FM",https://data.ecb.europa.eu/data/datasets/FM,2026-09-16,,,n/a,nivel,media_ponderada_volumen,serie FM.D.U2.EUR.4F.KR.MRR_FR.LEV
Zona euro (referencia),liquidez_banco_central,tipo_operaciones_principales_BCE | Main refinancing operations - fixed rate tenders (fixed rate) (date of changes) - Level,2.15,pct_anual,2025-11-21,"BCE, ECB Data Portal, dataset FM",https://data.ecb.europa.eu/data/datasets/FM,2026-09-16,,,n/a,nivel,media_ponderada_volumen,serie FM.D.U2.EUR.4F.KR.MRR_FR.LEV
Zona euro (referencia),liquidez_banco_central,tipo_operaciones_principales_BCE | Main refinancing operations - fixed rate tenders (fixed rate) (date of changes) - Level,2.15,pct_anual,2025-11-22,"BCE, ECB Data Portal, dataset FM",https://data.ecb.europa.eu/data/datasets/FM,2026-09-16,,,n/a,nivel,media_ponderada_volumen,serie FM.D.U2.EUR.4F.KR.MRR_FR.LEV
Zona euro (referencia),liquidez_banco_central,tipo_operaciones_principales_BCE | Main refinancing operations - fixed rate tenders (fixed rate) (date of changes) - Level,2.15,pct_anual,2025-11-23,"BCE, ECB Data Portal, dataset FM",https://data.ecb.europa.eu/data/datasets/FM,2026-09-16,,,n/a,nivel,media_ponderada_volumen,serie FM.D.U2.EUR.4F.KR.MRR_FR.LEV
Zona euro (referencia),liquidez_banco_central,tipo_operaciones_principales_BCE | Main refinancing operations - fixed rate tenders (fixed rate) (date of changes) - Level,2.15,pct_anual,2025-11-24,"BCE, ECB Data Portal, dataset FM",https://data.ecb.europa.eu/data/datasets/FM,2026-09-16,,,n/a,nivel,media_ponderada_volumen,serie FM.D.U2.EUR.4F.KR.MRR_FR.LEV
Zona euro (referencia),liquidez_banco_central,tipo_operaciones_principales_BCE | Main refinancing operations - fixed rate tenders (fixed rate) (date of changes) - Level,2.15,pct_anual,2025-11-25,"BCE, ECB Data Portal, dataset FM",https://data.ecb.europa.eu/data/datasets/FM,2026-09-16,,,n/a,nivel,media_ponderada_volumen,serie FM.D.U2.EUR.4F.KR.MRR_FR.LEV
Zona euro (referencia),liquidez_banco_central,tipo_operaciones_principales_BCE | Main refinancing operations - fixed rate tenders (fixed rate) (date of changes) - Level,2.15,pct_anual,2025-11-26,"BCE, ECB Data Portal, dataset FM",https://data.ecb.europa.eu/data/datasets/FM,2026-09-16,,,n/a,nivel,media_ponderada_volumen,serie FM.D.U2.EUR.4F.KR.MRR_FR.LEV
Zona euro (referencia),liquidez_banco_central,tipo_operaciones_principales_BCE | Main refinancing operations - fixed rate tenders (fixed rate) (date of changes) - Level,2.15,pct_anual,2025-11-27,"BCE, ECB Data Portal, dataset FM",https://data.ecb.europa.eu/data/datasets/FM,2026-09-16,,,n/a,nivel,media_ponderada_volumen,serie FM.D.U2.EUR.4F.KR.MRR_FR.LEV
Zona euro (referencia),liquidez_banco_central,tipo_operaciones_principales_BCE | Main refinancing operations - fixed rate tenders (fixed rate) (date of changes) - Level,2.15,pct_anual,2025-11-28,"BCE, ECB Data Portal, dataset FM",https://data.ecb.europa.eu/data/datasets/FM,2026-09-16,,,n/a,nivel,media_ponderada_volumen,serie FM.D.U2.EUR.4F.KR.MRR_FR.LEV
Zona euro (referencia),liquidez_banco_central,tipo_operaciones_principales_BCE | Main refinancing operations - fixed rate tenders (fixed rate) (date of changes) - Level,2.15,pct_anual,2025-11-29,"BCE, ECB Data Portal, dataset FM",https://data.ecb.europa.eu/data/datasets/FM,2026-09-16,,,n/a,nivel,media_ponderada_volumen,serie FM.D.U2.EUR.4F.KR.MRR_FR.LEV
Zona euro (referencia),liquidez_banco_central,tipo_operaciones_principales_BCE | Main refinancing operations - fixed rate tenders (fixed rate) (date of changes) - Level,2.15,pct_anual,2025-11-30,"BCE, ECB Data Portal, dataset FM",https://data.ecb.europa.eu/data/datasets/FM,2026-09-16,,,n/a,nivel,media_ponderada_volumen,serie FM.D.U2.EUR.4F.KR.MRR_FR.LEV
Zona euro (referencia),liquidez_banco_central,tipo_operaciones_principales_BCE | Main refinancing operations - fixed rate tenders (fixed rate) (date of changes) - Level,2.15,pct_anual,2025-12-01,"BCE, ECB Data Portal, dataset FM",https://data.ecb.europa.eu/data/datasets/FM,2026-09-16,,,n/a,nivel,media_ponderada_volumen,serie FM.D.U2.EUR.4F.KR.MRR_FR.LEV
Zona euro (referencia),liquidez_banco_central,tipo_operaciones_principales_BCE | Main refinancing operations - fixed rate tenders (fixed rate) (date of changes) - Level,2.15,pct_anual,2025-12-02,"BCE, ECB Data Portal, dataset FM",https://data.ecb.europa.eu/data/datasets/FM,2026-09-16,,,n/a,nivel,media_ponderada_volumen,serie FM.D.U2.EUR.4F.KR.MRR_FR.LEV
Zona euro (referencia),liquidez_banco_central,tipo_operaciones_principales_BCE | Main refinancing operations - fixed rate tenders (fixed rate) (date of changes) - Level,2.15,pct_anual,2025-12-03,"BCE, ECB Data Portal, dataset FM",https://data.ecb.europa.eu/data/datasets/FM,2026-09-16,,,n/a,nivel,media_ponderada_volumen,serie FM.D.U2.EUR.4F.KR.MRR_FR.LEV
Zona euro (referencia),liquidez_banco_central,tipo_operaciones_principales_BCE | Main refinancing operations - fixed rate tenders (fixed rate) (date of changes) - Level,2.15,pct_anual,2025-12-04,"BCE, ECB Data Portal, dataset FM",https://data.ecb.europa.eu/data/datasets/FM,2026-09-16,,,n/a,nivel,media_ponderada_volumen,serie FM.D.U2.EUR.4F.KR.MRR_FR.LEV
Zona euro (referencia),liquidez_banco_central,tipo_operaciones_principales_BCE | Main refinancing operations - fixed rate tenders (fixed rate) (date of changes) - Level,2.15,pct_anual,2025-12-05,"BCE, ECB Data Portal, dataset FM",https://data.ecb.europa.eu/data/datasets/FM,2026-09-16,,,n/a,nivel,media_ponderada_volumen,serie FM.D.U2.EUR.4F.KR.MRR_FR.LEV
Zona euro (referencia),liquidez_banco_central,tipo_operaciones_principales_BCE | Main refinancing operations - fixed rate tenders (fixed rate) (date of changes) - Level,2.15,pct_anual,2025-12-06,"BCE, ECB Data Portal, dataset FM",https://data.ecb.europa.eu/data/datasets/FM,2026-09-16,,,n/a,nivel,media_ponderada_volumen,serie FM.D.U2.EUR.4F.KR.MRR_FR.LEV
Zona euro (referencia),liquidez_banco_central,tipo_operaciones_principales_BCE | Main refinancing operations - fixed rate tenders (fixed rate) (date of changes) - Level,2.15,pct_anual,2025-12-07,"BCE, ECB Data Portal, dataset FM",https://data.ecb.europa.eu/data/datasets/FM,2026-09-16,,,n/a,nivel,media_ponderada_volumen,serie FM.D.U2.EUR.4F.KR.MRR_FR.LEV
Zona euro (referencia),liquidez_banco_central,tipo_operaciones_principales_BCE | Main refinancing operations - fixed rate tenders (fixed rate) (date of changes) - Level,2.15,pct_anual,2025-12-08,"BCE, ECB Data Portal, dataset FM",https://data.ecb.europa.eu/data/datasets/FM,2026-09-16,,,n/a,nivel,media_ponderada_volumen,serie FM.D.U2.EUR.4F.KR.MRR_FR.LEV
Zona euro (referencia),liquidez_banco_central,tipo_operaciones_principales_BCE | Main refinancing operations - fixed rate tenders (fixed rate) (date of changes) - Level,2.15,pct_anual,2025-12-09,"BCE, ECB Data Portal, dataset FM",https://data.ecb.europa.eu/data/datasets/FM,2026-09-16,,,n/a,nivel,media_ponderada_volumen,serie FM.D.U2.EUR.4F.KR.MRR_FR.LEV
Zona euro (referencia),liquidez_banco_central,tipo_operaciones_principales_BCE | Main refinancing operations - fixed rate tenders (fixed rate) (date of changes) - Level,2.15,pct_anual,2025-12-10,"BCE, ECB Data Portal, dataset FM",https://data.ecb.europa.eu/data/datasets/FM,2026-09-16,,,n/a,nivel,media_ponderada_volumen,serie FM.D.U2.EUR.4F.KR.MRR_FR.LEV
Zona euro (referencia),liquidez_banco_central,tipo_operaciones_principales_BCE | Main refinancing operations - fixed rate tenders (fixed rate) (date of changes) - Level,2.15,pct_anual,2025-12-11,"BCE, ECB Data Portal, dataset FM",https://data.ecb.europa.eu/data/datasets/FM,2026-09-16,,,n/a,nivel,media_ponderada_volumen,serie FM.D.U2.EUR.4F.KR.MRR_FR.LEV
Zona euro (referencia),liquidez_banco_central,tipo_operaciones_principales_BCE | Main refinancing operations - fixed rate tenders (fixed rate) (date of changes) - Level,2.15,pct_anual,2025-12-12,"BCE, ECB Data Portal, dataset FM",https://data.ecb.europa.eu/data/datasets/FM,2026-09-16,,,n/a,nivel,media_ponderada_volumen,serie FM.D.U2.EUR.4F.KR.MRR_FR.LEV
Zona euro (referencia),liquidez_banco_central,tipo_operaciones_principales_BCE | Main refinancing operations - fixed rate tenders (fixed rate) (date of changes) - Level,2.15,pct_anual,2025-12-13,"BCE, ECB Data Portal, dataset FM",https://data.ecb.europa.eu/data/datasets/FM,2026-09-16,,,n/a,nivel,media_ponderada_volumen,serie FM.D.U2.EUR.4F.KR.MRR_FR.LEV
Zona euro (referencia),liquidez_banco_central,tipo_operaciones_principales_BCE | Main refinancing operations - fixed rate tenders (fixed rate) (date of changes) - Level,2.15,pct_anual,2025-12-14,"BCE, ECB Data Portal, dataset FM",https://data.ecb.europa.eu/data/datasets/FM,2026-09-16,,,n/a,nivel,media_ponderada_volumen,serie FM.D.U2.EUR.4F.KR.MRR_FR.LEV
Zona euro (referencia),liquidez_banco_central,tipo_operaciones_principales_BCE | Main refinancing operations - fixed rate tenders (fixed rate) (date of changes) - Level,2.15,pct_anual,2025-12-15,"BCE, ECB Data Portal, dataset FM",https://data.ecb.europa.eu/data/datasets/FM,2026-09-16,,,n/a,nivel,media_ponderada_volumen,serie FM.D.U2.EUR.4F.KR.MRR_FR.LEV
Zona euro (referencia),liquidez_banco_central,tipo_operaciones_principales_BCE | Main refinancing operations - fixed rate tenders (fixed rate) (date of changes) - Level,2.15,pct_anual,2025-12-16,"BCE, ECB Data Portal, dataset FM",https://data.ecb.europa.eu/data/datasets/FM,2026-09-16,,,n/a,nivel,media_ponderada_volumen,serie FM.D.U2.EUR.4F.KR.MRR_FR.LEV
Zona euro (referencia),liquidez_banco_central,tipo_operaciones_principales_BCE | Main refinancing operations - fixed rate tenders (fixed rate) (date of changes) - Level,2.15,pct_anual,2025-12-17,"BCE, ECB Data Portal, dataset FM",https://data.ecb.europa.eu/data/datasets/FM,2026-09-16,,,n/a,nivel,media_ponderada_volumen,serie FM.D.U2.EUR.4F.KR.MRR_FR.LEV
Zona euro (referencia),liquidez_banco_central,tipo_operaciones_principales_BCE | Main refinancing operations - fixed rate tenders (fixed rate) (date of changes) - Level,2.15,pct_anual,2025-12-18,"BCE, ECB Data Portal, dataset FM",https://data.ecb.europa.eu/data/datasets/FM,2026-09-16,,,n/a,nivel,media_ponderada_volumen,serie FM.D.U2.EUR.4F.KR.MRR_FR.LEV
Zona euro (referencia),liquidez_banco_central,tipo_operaciones_principales_BCE | Main refinancing operations - fixed rate tenders (fixed rate) (date of changes) - Level,2.15,pct_anual,2025-12-19,"BCE, ECB Data Portal, dataset FM",https://data.ecb.europa.eu/data/datasets/FM,2026-09-16,,,n/a,nivel,media_ponderada_volumen,serie FM.D.U2.EUR.4F.KR.MRR_FR.LEV
Zona euro (referencia),liquidez_banco_central,tipo_operaciones_principales_BCE | Main refinancing operations - fixed rate tenders (fixed rate) (date of changes) - Level,2.15,pct_anual,2025-12-20,"BCE, ECB Data Portal, dataset FM",https://data.ecb.europa.eu/data/datasets/FM,2026-09-16,,,n/a,nivel,media_ponderada_volumen,serie FM.D.U2.EUR.4F.KR.MRR_FR.LEV
Zona euro (referencia),liquidez_banco_central,tipo_operaciones_principales_BCE | Main refinancing operations - fixed rate tenders (fixed rate) (date of changes) - Level,2.15,pct_anual,2025-12-21,"BCE, ECB Data Portal, dataset FM",https://data.ecb.europa.eu/data/datasets/FM,2026-09-16,,,n/a,nivel,media_ponderada_volumen,serie FM.D.U2.EUR.4F.KR.MRR_FR.LEV
Zona euro (referencia),liquidez_banco_central,tipo_operaciones_principales_BCE | Main refinancing operations - fixed rate tenders (fixed rate) (date of changes) - Level,2.15,pct_anual,2025-12-22,"BCE, ECB Data Portal, dataset FM",https://data.ecb.europa.eu/data/datasets/FM,2026-09-16,,,n/a,nivel,media_ponderada_volumen,serie FM.D.U2.EUR.4F.KR.MRR_FR.LEV
Zona euro (referencia),liquidez_banco_central,tipo_operaciones_principales_BCE | Main refinancing operations - fixed rate tenders (fixed rate) (date of changes) - Level,2.15,pct_anual,2025-12-23,"BCE, ECB Data Portal, dataset FM",https://data.ecb.europa.eu/data/datasets/FM,2026-09-16,,,n/a,nivel,media_ponderada_volumen,serie FM.D.U2.EUR.4F.KR.MRR_FR.LEV
Zona euro (referencia),liquidez_banco_central,tipo_operaciones_principales_BCE | Main refinancing operations - fixed rate tenders (fixed rate) (date of changes) - Level,2.15,pct_anual,2025-12-24,"BCE, ECB Data Portal, dataset FM",https://data.ecb.europa.eu/data/datasets/FM,2026-09-16,,,n/a,nivel,media_ponderada_volumen,serie FM.D.U2.EUR.4F.KR.MRR_FR.LEV
Zona euro (referencia),liquidez_banco_central,tipo_operaciones_principales_BCE | Main refinancing operations - fixed rate tenders (fixed rate) (date of changes) - Level,2.15,pct_anual,2025-12-25,"BCE, ECB Data Portal, dataset FM",https://data.ecb.europa.eu/data/datasets/FM,2026-09-16,,,n/a,nivel,media_ponderada_volumen,serie FM.D.U2.EUR.4F.KR.MRR_FR.LEV
Zona euro (referencia),liquidez_banco_central,tipo_operaciones_principales_BCE | Main refinancing operations - fixed rate tenders (fixed rate) (date of changes) - Level,2.15,pct_anual,2025-12-26,"BCE, ECB Data Portal, dataset FM",https://data.ecb.europa.eu/data/datasets/FM,2026-09-16,,,n/a,nivel,media_ponderada_volumen,serie FM.D.U2.EUR.4F.KR.MRR_FR.LEV
Zona euro (referencia),liquidez_banco_central,tipo_operaciones_principales_BCE | Main refinancing operations - fixed rate tenders (fixed rate) (date of changes) - Level,2.15,pct_anual,2025-12-27,"BCE, ECB Data Portal, dataset FM",https://data.ecb.europa.eu/data/datasets/FM,2026-09-16,,,n/a,nivel,media_ponderada_volumen,serie FM.D.U2.EUR.4F.KR.MRR_FR.LEV
Zona euro (referencia),liquidez_banco_central,tipo_operaciones_principales_BCE | Main refinancing operations - fixed rate tenders (fixed rate) (date of changes) - Level,2.15,pct_anual,2025-12-28,"BCE, ECB Data Portal, dataset FM",https://data.ecb.europa.eu/data/datasets/FM,2026-09-16,,,n/a,nivel,media_ponderada_volumen,serie FM.D.U2.EUR.4F.KR.MRR_FR.LEV
Zona euro (referencia),liquidez_banco_central,tipo_operaciones_principales_BCE | Main refinancing operations - fixed rate tenders (fixed rate) (date of changes) - Level,2.15,pct_anual,2025-12-29,"BCE, ECB Data Portal, dataset FM",https://data.ecb.europa.eu/data/datasets/FM,2026-09-16,,,n/a,nivel,media_ponderada_volumen,serie FM.D.U2.EUR.4F.KR.MRR_FR.LEV
Zona euro (referencia),liquidez_banco_central,tipo_operaciones_principales_BCE | Main refinancing operations - fixed rate tenders (fixed rate) (date of changes) - Level,2.15,pct_anual,2025-12-30,"BCE, ECB Data Portal, dataset FM",https://data.ecb.europa.eu/data/datasets/FM,2026-09-16,,,n/a,nivel,media_ponderada_volumen,serie FM.D.U2.EUR.4F.KR.MRR_FR.LEV
Zona euro (referencia),liquidez_banco_central,tipo_operaciones_principales_BCE | Main refinancing operations - fixed rate tenders (fixed rate) (date of changes) - Level,2.15,pct_anual,2025-12-31,"BCE, ECB Data Portal, dataset FM",https://data.ecb.europa.eu/data/datasets/FM,2026-09-16,,,n/a,nivel,media_ponderada_volumen,serie FM.D.U2.EUR.4F.KR.MRR_FR.LEV
Zona euro (referencia),liquidez_banco_central,tipo_operaciones_principales_BCE | Main refinancing operations - fixed rate tenders (fixed rate) (date of changes) - Level,2.15,pct_anual,2026-01-01,"BCE, ECB Data Portal, dataset FM",https://data.ecb.europa.eu/data/datasets/FM,2026-09-16,,,n/a,nivel,media_ponderada_volumen,serie FM.D.U2.EUR.4F.KR.MRR_FR.LEV
Zona euro (referencia),liquidez_banco_central,tipo_operaciones_principales_BCE | Main refinancing operations - fixed rate tenders (fixed rate) (date of changes) - Level,2.15,pct_anual,2026-01-02,"BCE, ECB Data Portal, dataset FM",https://data.ecb.europa.eu/data/datasets/FM,2026-09-16,,,n/a,nivel,media_ponderada_volumen,serie FM.D.U2.EUR.4F.KR.MRR_FR.LEV
Zona euro (referencia),liquidez_banco_central,tipo_operaciones_principales_BCE | Main refinancing operations - fixed rate tenders (fixed rate) (date of changes) - Level,2.15,pct_anual,2026-01-03,"BCE, ECB Data Portal, dataset FM",https://data.ecb.europa.eu/data/datasets/FM,2026-09-16,,,n/a,nivel,media_ponderada_volumen,serie FM.D.U2.EUR.4F.KR.MRR_FR.LEV
Zona euro (referencia),liquidez_banco_central,tipo_operaciones_principales_BCE | Main refinancing operations - fixed rate tenders (fixed rate) (date of changes) - Level,2.15,pct_anual,2026-01-04,"BCE, ECB Data Portal, dataset FM",https://data.ecb.europa.eu/data/datasets/FM,2026-09-16,,,n/a,nivel,media_ponderada_volumen,serie FM.D.U2.EUR.4F.KR.MRR_FR.LEV
Zona euro (referencia),liquidez_banco_central,tipo_operaciones_principales_BCE | Main refinancing operations - fixed rate tenders (fixed rate) (date of changes) - Level,2.15,pct_anual,2026-01-05,"BCE, ECB Data Portal, dataset FM",https://data.ecb.europa.eu/data/datasets/FM,2026-09-16,,,n/a,nivel,media_ponderada_volumen,serie FM.D.U2.EUR.4F.KR.MRR_FR.LEV
Zona euro (referencia),liquidez_banco_central,tipo_operaciones_principales_BCE | Main refinancing operations - fixed rate tenders (fixed rate) (date of changes) - Level,2.15,pct_anual,2026-01-06,"BCE, ECB Data Portal, dataset FM",https://data.ecb.europa.eu/data/datasets/FM,2026-09-16,,,n/a,nivel,media_ponderada_volumen,serie FM.D.U2.EUR.4F.KR.MRR_FR.LEV
Zona euro (referencia),liquidez_banco_central,tipo_operaciones_principales_BCE | Main refinancing operations - fixed rate tenders (fixed rate) (date of changes) - Level,2.15,pct_anual,2026-01-07,"BCE, ECB Data Portal, dataset FM",https://data.ecb.europa.eu/data/datasets/FM,2026-09-16,,,n/a,nivel,media_ponderada_volumen,serie FM.D.U2.EUR.4F.KR.MRR_FR.LEV
Zona euro (referencia),liquidez_banco_central,tipo_operaciones_principales_BCE | Main refinancing operations - fixed rate tenders (fixed rate) (date of changes) - Level,2.15,pct_anual,2026-01-08,"BCE, ECB Data Portal, dataset FM",https://data.ecb.europa.eu/data/datasets/FM,2026-09-16,,,n/a,nivel,media_ponderada_volumen,serie FM.D.U2.EUR.4F.KR.MRR_FR.LEV
Zona euro (referencia),liquidez_banco_central,tipo_operaciones_principales_BCE | Main refinancing operations - fixed rate tenders (fixed rate) (date of changes) - Level,2.15,pct_anual,2026-01-09,"BCE, ECB Data Portal, dataset FM",https://data.ecb.europa.eu/data/datasets/FM,2026-09-16,,,n/a,nivel,media_ponderada_volumen,serie FM.D.U2.EUR.4F.KR.MRR_FR.LEV
Zona euro (referencia),liquidez_banco_central,tipo_operaciones_principales_BCE | Main refinancing operations - fixed rate tenders (fixed rate) (date of changes) - Level,2.15,pct_anual,2026-01-10,"BCE, ECB Data Portal, dataset FM",https://data.ecb.europa.eu/data/datasets/FM,2026-09-16,,,n/a,nivel,media_ponderada_volumen,serie FM.D.U2.EUR.4F.KR.MRR_FR.LEV
Zona euro (referencia),liquidez_banco_central,tipo_operaciones_principales_BCE | Main refinancing operations - fixed rate tenders (fixed rate) (date of changes) - Level,2.15,pct_anual,2026-01-11,"BCE, ECB Data Portal, dataset FM",https://data.ecb.europa.eu/data/datasets/FM,2026-09-16,,,n/a,nivel,media_ponderada_volumen,serie FM.D.U2.EUR.4F.KR.MRR_FR.LEV
Zona euro (referencia),liquidez_banco_central,tipo_operaciones_principales_BCE | Main refinancing operations - fixed rate tenders (fixed rate) (date of changes) - Level,2.15,pct_anual,2026-01-12,"BCE, ECB Data Portal, dataset FM",https://data.ecb.europa.eu/data/datasets/FM,2026-09-16,,,n/a,nivel,media_ponderada_volumen,serie FM.D.U2.EUR.4F.KR.MRR_FR.LEV
Zona euro (referencia),liquidez_banco_central,tipo_operaciones_principales_BCE | Main refinancing operations - fixed rate tenders (fixed rate) (date of changes) - Level,2.15,pct_anual,2026-01-13,"BCE, ECB Data Portal, dataset FM",https://data.ecb.europa.eu/data/datasets/FM,2026-09-16,,,n/a,nivel,media_ponderada_volumen,serie FM.D.U2.EUR.4F.KR.MRR_FR.LEV
Zona euro (referencia),liquidez_banco_central,tipo_operaciones_principales_BCE | Main refinancing operations - fixed rate tenders (fixed rate) (date of changes) - Level,2.15,pct_anual,2026-01-14,"BCE, ECB Data Portal, dataset FM",https://data.ecb.europa.eu/data/datasets/FM,2026-09-16,,,n/a,nivel,media_ponderada_volumen,serie FM.D.U2.EUR.4F.KR.MRR_FR.LEV
Zona euro (referencia),liquidez_banco_central,tipo_operaciones_principales_BCE | Main refinancing operations - fixed rate tenders (fixed rate) (date of changes) - Level,2.15,pct_anual,2026-01-15,"BCE, ECB Data Portal, dataset FM",https://data.ecb.europa.eu/data/datasets/FM,2026-09-16,,,n/a,nivel,media_ponderada_volumen,serie FM.D.U2.EUR.4F.KR.MRR_FR.LEV
Zona euro (referencia),liquidez_banco_central,tipo_operaciones_principales_BCE | Main refinancing operations - fixed rate tenders (fixed rate) (date of changes) - Level,2.15,pct_anual,2026-01-16,"BCE, ECB Data Portal, dataset FM",https://data.ecb.europa.eu/data/datasets/FM,2026-09-16,,,n/a,nivel,media_ponderada_volumen,serie FM.D.U2.EUR.4F.KR.MRR_FR.LEV
Zona euro (referencia),liquidez_banco_central,tipo_operaciones_principales_BCE | Main refinancing operations - fixed rate tenders (fixed rate) (date of changes) - Level,2.15,pct_anual,2026-01-17,"BCE, ECB Data Portal, dataset FM",https://data.ecb.europa.eu/data/datasets/FM,2026-09-16,,,n/a,nivel,media_ponderada_volumen,serie FM.D.U2.EUR.4F.KR.MRR_FR.LEV
Zona euro (referencia),liquidez_banco_central,tipo_operaciones_principales_BCE | Main refinancing operations - fixed rate tenders (fixed rate) (date of changes) - Level,2.15,pct_anual,2026-01-18,"BCE, ECB Data Portal, dataset FM",https://data.ecb.europa.eu/data/datasets/FM,2026-09-16,,,n/a,nivel,media_ponderada_volumen,serie FM.D.U2.EUR.4F.KR.MRR_FR.LEV
Zona euro (referencia),liquidez_banco_central,tipo_operaciones_principales_BCE | Main refinancing operations - fixed rate tenders (fixed rate) (date of changes) - Level,2.15,pct_anual,2026-01-19,"BCE, ECB Data Portal, dataset FM",https://data.ecb.europa.eu/data/datasets/FM,2026-09-16,,,n/a,nivel,media_ponderada_volumen,serie FM.D.U2.EUR.4F.KR.MRR_FR.LEV
Zona euro (referencia),liquidez_banco_central,tipo_operaciones_principales_BCE | Main refinancing operations - fixed rate tenders (fixed rate) (date of changes) - Level,2.15,pct_anual,2026-01-20,"BCE, ECB Data Portal, dataset FM",https://data.ecb.europa.eu/data/datasets/FM,2026-09-16,,,n/a,nivel,media_ponderada_volumen,serie FM.D.U2.EUR.4F.KR.MRR_FR.LEV
Zona euro (referencia),liquidez_banco_central,tipo_operaciones_principales_BCE | Main refinancing operations - fixed rate tenders (fixed rate) (date of changes) - Level,2.15,pct_anual,2026-01-21,"BCE, ECB Data Portal, dataset FM",https://data.ecb.europa.eu/data/datasets/FM,2026-09-16,,,n/a,nivel,media_ponderada_volumen,serie FM.D.U2.EUR.4F.KR.MRR_FR.LEV
Zona euro (referencia),liquidez_banco_central,tipo_operaciones_principales_BCE | Main refinancing operations - fixed rate tenders (fixed rate) (date of changes) - Level,2.15,pct_anual,2026-01-22,"BCE, ECB Data Portal, dataset FM",https://data.ecb.europa.eu/data/datasets/FM,2026-09-16,,,n/a,nivel,media_ponderada_volumen,serie FM.D.U2.EUR.4F.KR.MRR_FR.LEV
Zona euro (referencia),liquidez_banco_central,tipo_operaciones_principales_BCE | Main refinancing operations - fixed rate tenders (fixed rate) (date of changes) - Level,2.15,pct_anual,2026-01-23,"BCE, ECB Data Portal, dataset FM",https://data.ecb.europa.eu/data/datasets/FM,2026-09-16,,,n/a,nivel,media_ponderada_volumen,serie FM.D.U2.EUR.4F.KR.MRR_FR.LEV
Zona euro (referencia),liquidez_banco_central,tipo_operaciones_principales_BCE | Main refinancing operations - fixed rate tenders (fixed rate) (date of changes) - Level,2.15,pct_anual,2026-01-24,"BCE, ECB Data Portal, dataset FM",https://data.ecb.europa.eu/data/datasets/FM,2026-09-16,,,n/a,nivel,media_ponderada_volumen,serie FM.D.U2.EUR.4F.KR.MRR_FR.LEV
Zona euro (referencia),liquidez_banco_central,tipo_operaciones_principales_BCE | Main refinancing operations - fixed rate tenders (fixed rate) (date of changes) - Level,2.15,pct_anual,2026-01-25,"BCE, ECB Data Portal, dataset FM",https://data.ecb.europa.eu/data/datasets/FM,2026-09-16,,,n/a,nivel,media_ponderada_volumen,serie FM.D.U2.EUR.4F.KR.MRR_FR.LEV
Zona euro (referencia),liquidez_banco_central,tipo_operaciones_principales_BCE | Main refinancing operations - fixed rate tenders (fixed rate) (date of changes) - Level,2.15,pct_anual,2026-01-26,"BCE, ECB Data Portal, dataset FM",https://data.ecb.europa.eu/data/datasets/FM,2026-09-16,,,n/a,nivel,media_ponderada_volumen,serie FM.D.U2.EUR.4F.KR.MRR_FR.LEV
Zona euro (referencia),liquidez_banco_central,tipo_operaciones_principales_BCE | Main refinancing operations - fixed rate tenders (fixed rate) (date of changes) - Level,2.15,pct_anual,2026-01-27,"BCE, ECB Data Portal, dataset FM",https://data.ecb.europa.eu/data/datasets/FM,2026-09-16,,,n/a,nivel,media_ponderada_volumen,serie FM.D.U2.EUR.4F.KR.MRR_FR.LEV
Zona euro (referencia),liquidez_banco_central,tipo_operaciones_principales_BCE | Main refinancing operations - fixed rate tenders (fixed rate) (date of changes) - Level,2.15,pct_anual,2026-01-28,"BCE, ECB Data Portal, dataset FM",https://data.ecb.europa.eu/data/datasets/FM,2026-09-16,,,n/a,nivel,media_ponderada_volumen,serie FM.D.U2.EUR.4F.KR.MRR_FR.LEV
Zona euro (referencia),liquidez_banco_central,tipo_operaciones_principales_BCE | Main refinancing operations - fixed rate tenders (fixed rate) (date of changes) - Level,2.15,pct_anual,2026-01-29,"BCE, ECB Data Portal, dataset FM",https://data.ecb.europa.eu/data/datasets/FM,2026-09-16,,,n/a,nivel,media_ponderada_volumen,serie FM.D.U2.EUR.4F.KR.MRR_FR.LEV
Zona euro (referencia),liquidez_banco_central,tipo_operaciones_principales_BCE | Main refinancing operations - fixed rate tenders (fixed rate) (date of changes) - Level,2.15,pct_anual,2026-01-30,"BCE, ECB Data Portal, dataset FM",https://data.ecb.europa.eu/data/datasets/FM,2026-09-16,,,n/a,nivel,media_ponderada_volumen,serie FM.D.U2.EUR.4F.KR.MRR_FR.LEV
Zona euro (referencia),liquidez_banco_central,tipo_operaciones_principales_BCE | Main refinancing operations - fixed rate tenders (fixed rate) (date of changes) - Level,2.15,pct_anual,2026-01-31,"BCE, ECB Data Portal, dataset FM",https://data.ecb.europa.eu/data/datasets/FM,2026-09-16,,,n/a,nivel,media_ponderada_volumen,serie FM.D.U2.EUR.4F.KR.MRR_FR.LEV
Zona euro (referencia),liquidez_banco_central,tipo_operaciones_principales_BCE | Main refinancing operations - fixed rate tenders (fixed rate) (date of changes) - Level,2.15,pct_anual,2026-02-01,"BCE, ECB Data Portal, dataset FM",https://data.ecb.europa.eu/data/datasets/FM,2026-09-16,,,n/a,nivel,media_ponderada_volumen,serie FM.D.U2.EUR.4F.KR.MRR_FR.LEV
Zona euro (referencia),liquidez_banco_central,tipo_operaciones_principales_BCE | Main refinancing operations - fixed rate tenders (fixed rate) (date of changes) - Level,2.15,pct_anual,2026-02-02,"BCE, ECB Data Portal, dataset FM",https://data.ecb.europa.eu/data/datasets/FM,2026-09-16,,,n/a,nivel,media_ponderada_volumen,serie FM.D.U2.EUR.4F.KR.MRR_FR.LEV
Zona euro (referencia),liquidez_banco_central,tipo_operaciones_principales_BCE | Main refinancing operations - fixed rate tenders (fixed rate) (date of changes) - Level,2.15,pct_anual,2026-02-03,"BCE, ECB Data Portal, dataset FM",https://data.ecb.europa.eu/data/datasets/FM,2026-09-16,,,n/a,nivel,media_ponderada_volumen,serie FM.D.U2.EUR.4F.KR.MRR_FR.LEV
Zona euro (referencia),liquidez_banco_central,tipo_operaciones_principales_BCE | Main refinancing operations - fixed rate tenders (fixed rate) (date of changes) - Level,2.15,pct_anual,2026-02-04,"BCE, ECB Data Portal, dataset FM",https://data.ecb.europa.eu/data/datasets/FM,2026-09-16,,,n/a,nivel,media_ponderada_volumen,serie FM.D.U2.EUR.4F.KR.MRR_FR.LEV
Zona euro (referencia),liquidez_banco_central,tipo_operaciones_principales_BCE | Main refinancing operations - fixed rate tenders (fixed rate) (date of changes) - Level,2.15,pct_anual,2026-02-05,"BCE, ECB Data Portal, dataset FM",https://data.ecb.europa.eu/data/datasets/FM,2026-09-16,,,n/a,nivel,media_ponderada_volumen,serie FM.D.U2.EUR.4F.KR.MRR_FR.LEV
Zona euro (referencia),liquidez_banco_central,tipo_operaciones_principales_BCE | Main refinancing operations - fixed rate tenders (fixed rate) (date of changes) - Level,2.15,pct_anual,2026-02-06,"BCE, ECB Data Portal, dataset FM",https://data.ecb.europa.eu/data/datasets/FM,2026-09-16,,,n/a,nivel,media_ponderada_volumen,serie FM.D.U2.EUR.4F.KR.MRR_FR.LEV
Zona euro (referencia),liquidez_banco_central,tipo_operaciones_principales_BCE | Main refinancing operations - fixed rate tenders (fixed rate) (date of changes) - Level,2.15,pct_anual,2026-02-07,"BCE, ECB Data Portal, dataset FM",https://data.ecb.europa.eu/data/datasets/FM,2026-09-16,,,n/a,nivel,media_ponderada_volumen,serie FM.D.U2.EUR.4F.KR.MRR_FR.LEV
Zona euro (referencia),liquidez_banco_central,tipo_operaciones_principales_BCE | Main refinancing operations - fixed rate tenders (fixed rate) (date of changes) - Level,2.15,pct_anual,2026-02-08,"BCE, ECB Data Portal, dataset FM",https://data.ecb.europa.eu/data/datasets/FM,2026-09-16,,,n/a,nivel,media_ponderada_volumen,serie FM.D.U2.EUR.4F.KR.MRR_FR.LEV
Zona euro (referencia),liquidez_banco_central,tipo_operaciones_principales_BCE | Main refinancing operations - fixed rate tenders (fixed rate) (date of changes) - Level,2.15,pct_anual,2026-02-09,"BCE, ECB Data Portal, dataset FM",https://data.ecb.europa.eu/data/datasets/FM,2026-09-16,,,n/a,nivel,media_ponderada_volumen,serie FM.D.U2.EUR.4F.KR.MRR_FR.LEV
Zona euro (referencia),liquidez_banco_central,tipo_operaciones_principales_BCE | Main refinancing operations - fixed rate tenders (fixed rate) (date of changes) - Level,2.15,pct_anual,2026-02-10,"BCE, ECB Data Portal, dataset FM",https://data.ecb.europa.eu/data/datasets/FM,2026-09-16,,,n/a,nivel,media_ponderada_volumen,serie FM.D.U2.EUR.4F.KR.MRR_FR.LEV
Zona euro (referencia),liquidez_banco_central,tipo_operaciones_principales_BCE | Main refinancing operations - fixed rate tenders (fixed rate) (date of changes) - Level,2.15,pct_anual,2026-02-11,"BCE, ECB Data Portal, dataset FM",https://data.ecb.europa.eu/data/datasets/FM,2026-09-16,,,n/a,nivel,media_ponderada_volumen,serie FM.D.U2.EUR.4F.KR.MRR_FR.LEV
Zona euro (referencia),liquidez_banco_central,tipo_operaciones_principales_BCE | Main refinancing operations - fixed rate tenders (fixed rate) (date of changes) - Level,2.15,pct_anual,2026-02-12,"BCE, ECB Data Portal, dataset FM",https://data.ecb.europa.eu/data/datasets/FM,2026-09-16,,,n/a,nivel,media_ponderada_volumen,serie FM.D.U2.EUR.4F.KR.MRR_FR.LEV
Zona euro (referencia),liquidez_banco_central,tipo_operaciones_principales_BCE | Main refinancing operations - fixed rate tenders (fixed rate) (date of changes) - Level,2.15,pct_anual,2026-02-13,"BCE, ECB Data Portal, dataset FM",https://data.ecb.europa.eu/data/datasets/FM,2026-09-16,,,n/a,nivel,media_ponderada_volumen,serie FM.D.U2.EUR.4F.KR.MRR_FR.LEV
Zona euro (referencia),liquidez_banco_central,tipo_operaciones_principales_BCE | Main refinancing operations - fixed rate tenders (fixed rate) (date of changes) - Level,2.15,pct_anual,2026-02-14,"BCE, ECB Data Portal, dataset FM",https://data.ecb.europa.eu/data/datasets/FM,2026-09-16,,,n/a,nivel,media_ponderada_volumen,serie FM.D.U2.EUR.4F.KR.MRR_FR.LEV
Zona euro (referencia),liquidez_banco_central,tipo_operaciones_principales_BCE | Main refinancing operations - fixed rate tenders (fixed rate) (date of changes) - Level,2.15,pct_anual,2026-02-15,"BCE, ECB Data Portal, dataset FM",https://data.ecb.europa.eu/data/datasets/FM,2026-09-16,,,n/a,nivel,media_ponderada_volumen,serie FM.D.U2.EUR.4F.KR.MRR_FR.LEV
Zona euro (referencia),liquidez_banco_central,tipo_operaciones_principales_BCE | Main refinancing operations - fixed rate tenders (fixed rate) (date of changes) - Level,2.15,pct_anual,2026-02-16,"BCE, ECB Data Portal, dataset FM",https://data.ecb.europa.eu/data/datasets/FM,2026-09-16,,,n/a,nivel,media_ponderada_volumen,serie FM.D.U2.EUR.4F.KR.MRR_FR.LEV
Zona euro (referencia),liquidez_banco_central,tipo_operaciones_principales_BCE | Main refinancing operations - fixed rate tenders (fixed rate) (date of changes) - Level,2.15,pct_anual,2026-02-17,"BCE, ECB Data Portal, dataset FM",https://data.ecb.europa.eu/data/datasets/FM,2026-09-16,,,n/a,nivel,media_ponderada_volumen,serie FM.D.U2.EUR.4F.KR.MRR_FR.LEV
Zona euro (referencia),liquidez_banco_central,tipo_operaciones_principales_BCE | Main refinancing operations - fixed rate tenders (fixed rate) (date of changes) - Level,2.15,pct_anual,2026-02-18,"BCE, ECB Data Portal, dataset FM",https://data.ecb.europa.eu/data/datasets/FM,2026-09-16,,,n/a,nivel,media_ponderada_volumen,serie FM.D.U2.EUR.4F.KR.MRR_FR.LEV
Zona euro (referencia),liquidez_banco_central,tipo_operaciones_principales_BCE | Main refinancing operations - fixed rate tenders (fixed rate) (date of changes) - Level,2.15,pct_anual,2026-02-19,"BCE, ECB Data Portal, dataset FM",https://data.ecb.europa.eu/data/datasets/FM,2026-09-16,,,n/a,nivel,media_ponderada_volumen,serie FM.D.U2.EUR.4F.KR.MRR_FR.LEV
Zona euro (referencia),liquidez_banco_central,tipo_operaciones_principales_BCE | Main refinancing operations - fixed rate tenders (fixed rate) (date of changes) - Level,2.15,pct_anual,2026-02-20,"BCE, ECB Data Portal, dataset FM",https://data.ecb.europa.eu/data/datasets/FM,2026-09-16,,,n/a,nivel,media_ponderada_volumen,serie FM.D.U2.EUR.4F.KR.MRR_FR.LEV
Zona euro (referencia),liquidez_banco_central,tipo_operaciones_principales_BCE | Main refinancing operations - fixed rate tenders (fixed rate) (date of changes) - Level,2.15,pct_anual,2026-02-21,"BCE, ECB Data Portal, dataset FM",https://data.ecb.europa.eu/data/datasets/FM,2026-09-16,,,n/a,nivel,media_ponderada_volumen,serie FM.D.U2.EUR.4F.KR.MRR_FR.LEV
Zona euro (referencia),liquidez_banco_central,tipo_operaciones_principales_BCE | Main refinancing operations - fixed rate tenders (fixed rate) (date of changes) - Level,2.15,pct_anual,2026-02-22,"BCE, ECB Data Portal, dataset FM",https://data.ecb.europa.eu/data/datasets/FM,2026-09-16,,,n/a,nivel,media_ponderada_volumen,serie FM.D.U2.EUR.4F.KR.MRR_FR.LEV
Zona euro (referencia),liquidez_banco_central,tipo_operaciones_principales_BCE | Main refinancing operations - fixed rate tenders (fixed rate) (date of changes) - Level,2.15,pct_anual,2026-02-23,"BCE, ECB Data Portal, dataset FM",https://data.ecb.europa.eu/data/datasets/FM,2026-09-16,,,n/a,nivel,media_ponderada_volumen,serie FM.D.U2.EUR.4F.KR.MRR_FR.LEV
Zona euro (referencia),liquidez_banco_central,tipo_operaciones_principales_BCE | Main refinancing operations - fixed rate tenders (fixed rate) (date of changes) - Level,2.15,pct_anual,2026-02-24,"BCE, ECB Data Portal, dataset FM",https://data.ecb.europa.eu/data/datasets/FM,2026-09-16,,,n/a,nivel,media_ponderada_volumen,serie FM.D.U2.EUR.4F.KR.MRR_FR.LEV
Zona euro (referencia),liquidez_banco_central,tipo_operaciones_principales_BCE | Main refinancing operations - fixed rate tenders (fixed rate) (date of changes) - Level,2.15,pct_anual,2026-02-25,"BCE, ECB Data Portal, dataset FM",https://data.ecb.europa.eu/data/datasets/FM,2026-09-16,,,n/a,nivel,media_ponderada_volumen,serie FM.D.U2.EUR.4F.KR.MRR_FR.LEV
Zona euro (referencia),liquidez_banco_central,tipo_operaciones_principales_BCE | Main refinancing operations - fixed rate tenders (fixed rate) (date of changes) - Level,2.15,pct_anual,2026-02-26,"BCE, ECB Data Portal, dataset FM",https://data.ecb.europa.eu/data/datasets/FM,2026-09-16,,,n/a,nivel,media_ponderada_volumen,serie FM.D.U2.EUR.4F.KR.MRR_FR.LEV
Zona euro (referencia),liquidez_banco_central,tipo_operaciones_principales_BCE | Main refinancing operations - fixed rate tenders (fixed rate) (date of changes) - Level,2.15,pct_anual,2026-02-27,"BCE, ECB Data Portal, dataset FM",https://data.ecb.europa.eu/data/datasets/FM,2026-09-16,,,n/a,nivel,media_ponderada_volumen,serie FM.D.U2.EUR.4F.KR.MRR_FR.LEV
Zona euro (referencia),liquidez_banco_central,tipo_operaciones_principales_BCE | Main refinancing operations - fixed rate tenders (fixed rate) (date of changes) - Level,2.15,pct_anual,2026-02-28,"BCE, ECB Data Portal, dataset FM",https://data.ecb.europa.eu/data/datasets/FM,2026-09-16,,,n/a,nivel,media_ponderada_volumen,serie FM.D.U2.EUR.4F.KR.MRR_FR.LEV
Zona euro (referencia),liquidez_banco_central,tipo_operaciones_principales_BCE | Main refinancing operations - fixed rate tenders (fixed rate) (date of changes) - Level,2.15,pct_anual,2026-03-01,"BCE, ECB Data Portal, dataset FM",https://data.ecb.europa.eu/data/datasets/FM,2026-09-16,,,n/a,nivel,media_ponderada_volumen,serie FM.D.U2.EUR.4F.KR.MRR_FR.LEV
Zona euro (referencia),liquidez_banco_central,tipo_operaciones_principales_BCE | Main refinancing operations - fixed rate tenders (fixed rate) (date of changes) - Level,2.15,pct_anual,2026-03-02,"BCE, ECB Data Portal, dataset FM",https://data.ecb.europa.eu/data/datasets/FM,2026-09-16,,,n/a,nivel,media_ponderada_volumen,serie FM.D.U2.EUR.4F.KR.MRR_FR.LEV
Zona euro (referencia),liquidez_banco_central,tipo_operaciones_principales_BCE | Main refinancing operations - fixed rate tenders (fixed rate) (date of changes) - Level,2.15,pct_anual,2026-03-03,"BCE, ECB Data Portal, dataset FM",https://data.ecb.europa.eu/data/datasets/FM,2026-09-16,,,n/a,nivel,media_ponderada_volumen,serie FM.D.U2.EUR.4F.KR.MRR_FR.LEV
Zona euro (referencia),liquidez_banco_central,tipo_operaciones_principales_BCE | Main refinancing operations - fixed rate tenders (fixed rate) (date of changes) - Level,2.15,pct_anual,2026-03-04,"BCE, ECB Data Portal, dataset FM",https://data.ecb.europa.eu/data/datasets/FM,2026-09-16,,,n/a,nivel,media_ponderada_volumen,serie FM.D.U2.EUR.4F.KR.MRR_FR.LEV
Zona euro (referencia),liquidez_banco_central,tipo_operaciones_principales_BCE | Main refinancing operations - fixed rate tenders (fixed rate) (date of changes) - Level,2.15,pct_anual,2026-03-05,"BCE, ECB Data Portal, dataset FM",https://data.ecb.europa.eu/data/datasets/FM,2026-09-16,,,n/a,nivel,media_ponderada_volumen,serie FM.D.U2.EUR.4F.KR.MRR_FR.LEV
Zona euro (referencia),liquidez_banco_central,tipo_operaciones_principales_BCE | Main refinancing operations - fixed rate tenders (fixed rate) (date of changes) - Level,2.15,pct_anual,2026-03-06,"BCE, ECB Data Portal, dataset FM",https://data.ecb.europa.eu/data/datasets/FM,2026-09-16,,,n/a,nivel,media_ponderada_volumen,serie FM.D.U2.EUR.4F.KR.MRR_FR.LEV
Zona euro (referencia),liquidez_banco_central,tipo_operaciones_principales_BCE | Main refinancing operations - fixed rate tenders (fixed rate) (date of changes) - Level,2.15,pct_anual,2026-03-07,"BCE, ECB Data Portal, dataset FM",https://data.ecb.europa.eu/data/datasets/FM,2026-09-16,,,n/a,nivel,media_ponderada_volumen,serie FM.D.U2.EUR.4F.KR.MRR_FR.LEV
Zona euro (referencia),liquidez_banco_central,tipo_operaciones_principales_BCE | Main refinancing operations - fixed rate tenders (fixed rate) (date of changes) - Level,2.15,pct_anual,2026-03-08,"BCE, ECB Data Portal, dataset FM",https://data.ecb.europa.eu/data/datasets/FM,2026-09-16,,,n/a,nivel,media_ponderada_volumen,serie FM.D.U2.EUR.4F.KR.MRR_FR.LEV
Zona euro (referencia),liquidez_banco_central,tipo_operaciones_principales_BCE | Main refinancing operations - fixed rate tenders (fixed rate) (date of changes) - Level,2.15,pct_anual,2026-03-09,"BCE, ECB Data Portal, dataset FM",https://data.ecb.europa.eu/data/datasets/FM,2026-09-16,,,n/a,nivel,media_ponderada_volumen,serie FM.D.U2.EUR.4F.KR.MRR_FR.LEV
Zona euro (referencia),liquidez_banco_central,tipo_operaciones_principales_BCE | Main refinancing operations - fixed rate tenders (fixed rate) (date of changes) - Level,2.15,pct_anual,2026-03-10,"BCE, ECB Data Portal, dataset FM",https://data.ecb.europa.eu/data/datasets/FM,2026-09-16,,,n/a,nivel,media_ponderada_volumen,serie FM.D.U2.EUR.4F.KR.MRR_FR.LEV
Zona euro (referencia),liquidez_banco_central,tipo_operaciones_principales_BCE | Main refinancing operations - fixed rate tenders (fixed rate) (date of changes) - Level,2.15,pct_anual,2026-03-11,"BCE, ECB Data Portal, dataset FM",https://data.ecb.europa.eu/data/datasets/FM,2026-09-16,,,n/a,nivel,media_ponderada_volumen,serie FM.D.U2.EUR.4F.KR.MRR_FR.LEV
Zona euro (referencia),liquidez_banco_central,tipo_operaciones_principales_BCE | Main refinancing operations - fixed rate tenders (fixed rate) (date of changes) - Level,2.15,pct_anual,2026-03-12,"BCE, ECB Data Portal, dataset FM",https://data.ecb.europa.eu/data/datasets/FM,2026-09-16,,,n/a,nivel,media_ponderada_volumen,serie FM.D.U2.EUR.4F.KR.MRR_FR.LEV
Zona euro (referencia),liquidez_banco_central,tipo_operaciones_principales_BCE | Main refinancing operations - fixed rate tenders (fixed rate) (date of changes) - Level,2.15,pct_anual,2026-03-13,"BCE, ECB Data Portal, dataset FM",https://data.ecb.europa.eu/data/datasets/FM,2026-09-16,,,n/a,nivel,media_ponderada_volumen,serie FM.D.U2.EUR.4F.KR.MRR_FR.LEV
Zona euro (referencia),liquidez_banco_central,tipo_operaciones_principales_BCE | Main refinancing operations - fixed rate tenders (fixed rate) (date of changes) - Level,2.15,pct_anual,2026-03-14,"BCE, ECB Data Portal, dataset FM",https://data.ecb.europa.eu/data/datasets/FM,2026-09-16,,,n/a,nivel,media_ponderada_volumen,serie FM.D.U2.EUR.4F.KR.MRR_FR.LEV
Zona euro (referencia),liquidez_banco_central,tipo_operaciones_principales_BCE | Main refinancing operations - fixed rate tenders (fixed rate) (date of changes) - Level,2.15,pct_anual,2026-03-15,"BCE, ECB Data Portal, dataset FM",https://data.ecb.europa.eu/data/datasets/FM,2026-09-16,,,n/a,nivel,media_ponderada_volumen,serie FM.D.U2.EUR.4F.KR.MRR_FR.LEV
Zona euro (referencia),liquidez_banco_central,tipo_operaciones_principales_BCE | Main refinancing operations - fixed rate tenders (fixed rate) (date of changes) - Level,2.15,pct_anual,2026-03-16,"BCE, ECB Data Portal, dataset FM",https://data.ecb.europa.eu/data/datasets/FM,2026-09-16,,,n/a,nivel,media_ponderada_volumen,serie FM.D.U2.EUR.4F.KR.MRR_FR.LEV
Zona euro (referencia),liquidez_banco_central,tipo_operaciones_principales_BCE | Main refinancing operations - fixed rate tenders (fixed rate) (date of changes) - Level,2.15,pct_anual,2026-03-17,"BCE, ECB Data Portal, dataset FM",https://data.ecb.europa.eu/data/datasets/FM,2026-09-16,,,n/a,nivel,media_ponderada_volumen,serie FM.D.U2.EUR.4F.KR.MRR_FR.LEV
Zona euro (referencia),liquidez_banco_central,tipo_operaciones_principales_BCE | Main refinancing operations - fixed rate tenders (fixed rate) (date of changes) - Level,2.15,pct_anual,2026-03-18,"BCE, ECB Data Portal, dataset FM",https://data.ecb.europa.eu/data/datasets/FM,2026-09-16,,,n/a,nivel,media_ponderada_volumen,serie FM.D.U2.EUR.4F.KR.MRR_FR.LEV
Zona euro (referencia),liquidez_banco_central,tipo_operaciones_principales_BCE | Main refinancing operations - fixed rate tenders (fixed rate) (date of changes) - Level,2.15,pct_anual,2026-03-19,"BCE, ECB Data Portal, dataset FM",https://data.ecb.europa.eu/data/datasets/FM,2026-09-16,,,n/a,nivel,media_ponderada_volumen,serie FM.D.U2.EUR.4F.KR.MRR_FR.LEV
Zona euro (referencia),liquidez_banco_central,tipo_operaciones_principales_BCE | Main refinancing operations - fixed rate tenders (fixed rate) (date of changes) - Level,2.15,pct_anual,2026-03-20,"BCE, ECB Data Portal, dataset FM",https://data.ecb.europa.eu/data/datasets/FM,2026-09-16,,,n/a,nivel,media_ponderada_volumen,serie FM.D.U2.EUR.4F.KR.MRR_FR.LEV
Zona euro (referencia),liquidez_banco_central,tipo_operaciones_principales_BCE | Main refinancing operations - fixed rate tenders (fixed rate) (date of changes) - Level,2.15,pct_anual,2026-03-21,"BCE, ECB Data Portal, dataset FM",https://data.ecb.europa.eu/data/datasets/FM,2026-09-16,,,n/a,nivel,media_ponderada_volumen,serie FM.D.U2.EUR.4F.KR.MRR_FR.LEV
Zona euro (referencia),liquidez_banco_central,tipo_operaciones_principales_BCE | Main refinancing operations - fixed rate tenders (fixed rate) (date of changes) - Level,2.15,pct_anual,2026-03-22,"BCE, ECB Data Portal, dataset FM",https://data.ecb.europa.eu/data/datasets/FM,2026-09-16,,,n/a,nivel,media_ponderada_volumen,serie FM.D.U2.EUR.4F.KR.MRR_FR.LEV
Zona euro (referencia),liquidez_banco_central,tipo_operaciones_principales_BCE | Main refinancing operations - fixed rate tenders (fixed rate) (date of changes) - Level,2.15,pct_anual,2026-03-23,"BCE, ECB Data Portal, dataset FM",https://data.ecb.europa.eu/data/datasets/FM,2026-09-16,,,n/a,nivel,media_ponderada_volumen,serie FM.D.U2.EUR.4F.KR.MRR_FR.LEV
Zona euro (referencia),liquidez_banco_central,tipo_operaciones_principales_BCE | Main refinancing operations - fixed rate tenders (fixed rate) (date of changes) - Level,2.15,pct_anual,2026-03-24,"BCE, ECB Data Portal, dataset FM",https://data.ecb.europa.eu/data/datasets/FM,2026-09-16,,,n/a,nivel,media_ponderada_volumen,serie FM.D.U2.EUR.4F.KR.MRR_FR.LEV
Zona euro (referencia),liquidez_banco_central,tipo_operaciones_principales_BCE | Main refinancing operations - fixed rate tenders (fixed rate) (date of changes) - Level,2.15,pct_anual,2026-03-25,"BCE, ECB Data Portal, dataset FM",https://data.ecb.europa.eu/data/datasets/FM,2026-09-16,,,n/a,nivel,media_ponderada_volumen,serie FM.D.U2.EUR.4F.KR.MRR_FR.LEV
Zona euro (referencia),liquidez_banco_central,tipo_operaciones_principales_BCE | Main refinancing operations - fixed rate tenders (fixed rate) (date of changes) - Level,2.15,pct_anual,2026-03-26,"BCE, ECB Data Portal, dataset FM",https://data.ecb.europa.eu/data/datasets/FM,2026-09-16,,,n/a,nivel,media_ponderada_volumen,serie FM.D.U2.EUR.4F.KR.MRR_FR.LEV
Zona euro (referencia),liquidez_banco_central,tipo_operaciones_principales_BCE | Main refinancing operations - fixed rate tenders (fixed rate) (date of changes) - Level,2.15,pct_anual,2026-03-27,"BCE, ECB Data Portal, dataset FM",https://data.ecb.europa.eu/data/datasets/FM,2026-09-16,,,n/a,nivel,media_ponderada_volumen,serie FM.D.U2.EUR.4F.KR.MRR_FR.LEV
Zona euro (referencia),liquidez_banco_central,tipo_operaciones_principales_BCE | Main refinancing operations - fixed rate tenders (fixed rate) (date of changes) - Level,2.15,pct_anual,2026-03-28,"BCE, ECB Data Portal, dataset FM",https://data.ecb.europa.eu/data/datasets/FM,2026-09-16,,,n/a,nivel,media_ponderada_volumen,serie FM.D.U2.EUR.4F.KR.MRR_FR.LEV
Zona euro (referencia),liquidez_banco_central,tipo_operaciones_principales_BCE | Main refinancing operations - fixed rate tenders (fixed rate) (date of changes) - Level,2.15,pct_anual,2026-03-29,"BCE, ECB Data Portal, dataset FM",https://data.ecb.europa.eu/data/datasets/FM,2026-09-16,,,n/a,nivel,media_ponderada_volumen,serie FM.D.U2.EUR.4F.KR.MRR_FR.LEV
Zona euro (referencia),liquidez_banco_central,tipo_operaciones_principales_BCE | Main refinancing operations - fixed rate tenders (fixed rate) (date of changes) - Level,2.15,pct_anual,2026-03-30,"BCE, ECB Data Portal, dataset FM",https://data.ecb.europa.eu/data/datasets/FM,2026-09-16,,,n/a,nivel,media_ponderada_volumen,serie FM.D.U2.EUR.4F.KR.MRR_FR.LEV
Zona euro (referencia),liquidez_banco_central,tipo_operaciones_principales_BCE | Main refinancing operations - fixed rate tenders (fixed rate) (date of changes) - Level,2.15,pct_anual,2026-03-31,"BCE, ECB Data Portal, dataset FM",https://data.ecb.europa.eu/data/datasets/FM,2026-09-16,,,n/a,nivel,media_ponderada_volumen,serie FM.D.U2.EUR.4F.KR.MRR_FR.LEV
Zona euro (referencia),liquidez_banco_central,tipo_operaciones_principales_BCE | Main refinancing operations - fixed rate tenders (fixed rate) (date of changes) - Level,2.15,pct_anual,2026-04-01,"BCE, ECB Data Portal, dataset FM",https://data.ecb.europa.eu/data/datasets/FM,2026-09-16,,,n/a,nivel,media_ponderada_volumen,serie FM.D.U2.EUR.4F.KR.MRR_FR.LEV
Zona euro (referencia),liquidez_banco_central,tipo_operaciones_principales_BCE | Main refinancing operations - fixed rate tenders (fixed rate) (date of changes) - Level,2.15,pct_anual,2026-04-02,"BCE, ECB Data Portal, dataset FM",https://data.ecb.europa.eu/data/datasets/FM,2026-09-16,,,n/a,nivel,media_ponderada_volumen,serie FM.D.U2.EUR.4F.KR.MRR_FR.LEV
Zona euro (referencia),liquidez_banco_central,tipo_operaciones_principales_BCE | Main refinancing operations - fixed rate tenders (fixed rate) (date of changes) - Level,2.15,pct_anual,2026-04-03,"BCE, ECB Data Portal, dataset FM",https://data.ecb.europa.eu/data/datasets/FM,2026-09-16,,,n/a,nivel,media_ponderada_volumen,serie FM.D.U2.EUR.4F.KR.MRR_FR.LEV
Zona euro (referencia),liquidez_banco_central,tipo_operaciones_principales_BCE | Main refinancing operations - fixed rate tenders (fixed rate) (date of changes) - Level,2.15,pct_anual,2026-04-04,"BCE, ECB Data Portal, dataset FM",https://data.ecb.europa.eu/data/datasets/FM,2026-09-16,,,n/a,nivel,media_ponderada_volumen,serie FM.D.U2.EUR.4F.KR.MRR_FR.LEV
Zona euro (referencia),liquidez_banco_central,tipo_operaciones_principales_BCE | Main refinancing operations - fixed rate tenders (fixed rate) (date of changes) - Level,2.15,pct_anual,2026-04-05,"BCE, ECB Data Portal, dataset FM",https://data.ecb.europa.eu/data/datasets/FM,2026-09-16,,,n/a,nivel,media_ponderada_volumen,serie FM.D.U2.EUR.4F.KR.MRR_FR.LEV
Zona euro (referencia),liquidez_banco_central,tipo_operaciones_principales_BCE | Main refinancing operations - fixed rate tenders (fixed rate) (date of changes) - Level,2.15,pct_anual,2026-04-06,"BCE, ECB Data Portal, dataset FM",https://data.ecb.europa.eu/data/datasets/FM,2026-09-16,,,n/a,nivel,media_ponderada_volumen,serie FM.D.U2.EUR.4F.KR.MRR_FR.LEV
Zona euro (referencia),liquidez_banco_central,tipo_operaciones_principales_BCE | Main refinancing operations - fixed rate tenders (fixed rate) (date of changes) - Level,2.15,pct_anual,2026-04-07,"BCE, ECB Data Portal, dataset FM",https://data.ecb.europa.eu/data/datasets/FM,2026-09-16,,,n/a,nivel,media_ponderada_volumen,serie FM.D.U2.EUR.4F.KR.MRR_FR.LEV
Zona euro (referencia),liquidez_banco_central,tipo_operaciones_principales_BCE | Main refinancing operations - fixed rate tenders (fixed rate) (date of changes) - Level,2.15,pct_anual,2026-04-08,"BCE, ECB Data Portal, dataset FM",https://data.ecb.europa.eu/data/datasets/FM,2026-09-16,,,n/a,nivel,media_ponderada_volumen,serie FM.D.U2.EUR.4F.KR.MRR_FR.LEV
Zona euro (referencia),liquidez_banco_central,tipo_operaciones_principales_BCE | Main refinancing operations - fixed rate tenders (fixed rate) (date of changes) - Level,2.15,pct_anual,2026-04-09,"BCE, ECB Data Portal, dataset FM",https://data.ecb.europa.eu/data/datasets/FM,2026-09-16,,,n/a,nivel,media_ponderada_volumen,serie FM.D.U2.EUR.4F.KR.MRR_FR.LEV
Zona euro (referencia),liquidez_banco_central,tipo_operaciones_principales_BCE | Main refinancing operations - fixed rate tenders (fixed rate) (date of changes) - Level,2.15,pct_anual,2026-04-10,"BCE, ECB Data Portal, dataset FM",https://data.ecb.europa.eu/data/datasets/FM,2026-09-16,,,n/a,nivel,media_ponderada_volumen,serie FM.D.U2.EUR.4F.KR.MRR_FR.LEV
Zona euro (referencia),liquidez_banco_central,tipo_operaciones_principales_BCE | Main refinancing operations - fixed rate tenders (fixed rate) (date of changes) - Level,2.15,pct_anual,2026-04-11,"BCE, ECB Data Portal, dataset FM",https://data.ecb.europa.eu/data/datasets/FM,2026-09-16,,,n/a,nivel,media_ponderada_volumen,serie FM.D.U2.EUR.4F.KR.MRR_FR.LEV
Zona euro (referencia),liquidez_banco_central,tipo_operaciones_principales_BCE | Main refinancing operations - fixed rate tenders (fixed rate) (date of changes) - Level,2.15,pct_anual,2026-04-12,"BCE, ECB Data Portal, dataset FM",https://data.ecb.europa.eu/data/datasets/FM,2026-09-16,,,n/a,nivel,media_ponderada_volumen,serie FM.D.U2.EUR.4F.KR.MRR_FR.LEV
Zona euro (referencia),liquidez_banco_central,tipo_operaciones_principales_BCE | Main refinancing operations - fixed rate tenders (fixed rate) (date of changes) - Level,2.15,pct_anual,2026-04-13,"BCE, ECB Data Portal, dataset FM",https://data.ecb.europa.eu/data/datasets/FM,2026-09-16,,,n/a,nivel,media_ponderada_volumen,serie FM.D.U2.EUR.4F.KR.MRR_FR.LEV
Zona euro (referencia),liquidez_banco_central,tipo_operaciones_principales_BCE | Main refinancing operations - fixed rate tenders (fixed rate) (date of changes) - Level,2.15,pct_anual,2026-04-14,"BCE, ECB Data Portal, dataset FM",https://data.ecb.europa.eu/data/datasets/FM,2026-09-16,,,n/a,nivel,media_ponderada_volumen,serie FM.D.U2.EUR.4F.KR.MRR_FR.LEV
Zona euro (referencia),liquidez_banco_central,tipo_operaciones_principales_BCE | Main refinancing operations - fixed rate tenders (fixed rate) (date of changes) - Level,2.15,pct_anual,2026-04-15,"BCE, ECB Data Portal, dataset FM",https://data.ecb.europa.eu/data/datasets/FM,2026-09-16,,,n/a,nivel,media_ponderada_volumen,serie FM.D.U2.EUR.4F.KR.MRR_FR.LEV
Zona euro (referencia),liquidez_banco_central,tipo_operaciones_principales_BCE | Main refinancing operations - fixed rate tenders (fixed rate) (date of changes) - Level,2.15,pct_anual,2026-04-16,"BCE, ECB Data Portal, dataset FM",https://data.ecb.europa.eu/data/datasets/FM,2026-09-16,,,n/a,nivel,media_ponderada_volumen,serie FM.D.U2.EUR.4F.KR.MRR_FR.LEV
Zona euro (referencia),liquidez_banco_central,tipo_operaciones_principales_BCE | Main refinancing operations - fixed rate tenders (fixed rate) (date of changes) - Level,2.15,pct_anual,2026-04-17,"BCE, ECB Data Portal, dataset FM",https://data.ecb.europa.eu/data/datasets/FM,2026-09-16,,,n/a,nivel,media_ponderada_volumen,serie FM.D.U2.EUR.4F.KR.MRR_FR.LEV
Zona euro (referencia),liquidez_banco_central,tipo_operaciones_principales_BCE | Main refinancing operations - fixed rate tenders (fixed rate) (date of changes) - Level,2.15,pct_anual,2026-04-18,"BCE, ECB Data Portal, dataset FM",https://data.ecb.europa.eu/data/datasets/FM,2026-09-16,,,n/a,nivel,media_ponderada_volumen,serie FM.D.U2.EUR.4F.KR.MRR_FR.LEV
Zona euro (referencia),liquidez_banco_central,tipo_operaciones_principales_BCE | Main refinancing operations - fixed rate tenders (fixed rate) (date of changes) - Level,2.15,pct_anual,2026-04-19,"BCE, ECB Data Portal, dataset FM",https://data.ecb.europa.eu/data/datasets/FM,2026-09-16,,,n/a,nivel,media_ponderada_volumen,serie FM.D.U2.EUR.4F.KR.MRR_FR.LEV
Zona euro (referencia),liquidez_banco_central,tipo_operaciones_principales_BCE | Main refinancing operations - fixed rate tenders (fixed rate) (date of changes) - Level,2.15,pct_anual,2026-04-20,"BCE, ECB Data Portal, dataset FM",https://data.ecb.europa.eu/data/datasets/FM,2026-09-16,,,n/a,nivel,media_ponderada_volumen,serie FM.D.U2.EUR.4F.KR.MRR_FR.LEV
Zona euro (referencia),liquidez_banco_central,tipo_operaciones_principales_BCE | Main refinancing operations - fixed rate tenders (fixed rate) (date of changes) - Level,2.15,pct_anual,2026-04-21,"BCE, ECB Data Portal, dataset FM",https://data.ecb.europa.eu/data/datasets/FM,2026-09-16,,,n/a,nivel,media_ponderada_volumen,serie FM.D.U2.EUR.4F.KR.MRR_FR.LEV
Zona euro (referencia),liquidez_banco_central,tipo_operaciones_principales_BCE | Main refinancing operations - fixed rate tenders (fixed rate) (date of changes) - Level,2.15,pct_anual,2026-04-22,"BCE, ECB Data Portal, dataset FM",https://data.ecb.europa.eu/data/datasets/FM,2026-09-16,,,n/a,nivel,media_ponderada_volumen,serie FM.D.U2.EUR.4F.KR.MRR_FR.LEV
Zona euro (referencia),liquidez_banco_central,tipo_operaciones_principales_BCE | Main refinancing operations - fixed rate tenders (fixed rate) (date of changes) - Level,2.15,pct_anual,2026-04-23,"BCE, ECB Data Portal, dataset FM",https://data.ecb.europa.eu/data/datasets/FM,2026-09-16,,,n/a,nivel,media_ponderada_volumen,serie FM.D.U2.EUR.4F.KR.MRR_FR.LEV
Zona euro (referencia),liquidez_banco_central,tipo_operaciones_principales_BCE | Main refinancing operations - fixed rate tenders (fixed rate) (date of changes) - Level,2.15,pct_anual,2026-04-24,"BCE, ECB Data Portal, dataset FM",https://data.ecb.europa.eu/data/datasets/FM,2026-09-16,,,n/a,nivel,media_ponderada_volumen,serie FM.D.U2.EUR.4F.KR.MRR_FR.LEV
Zona euro (referencia),liquidez_banco_central,tipo_operaciones_principales_BCE | Main refinancing operations - fixed rate tenders (fixed rate) (date of changes) - Level,2.15,pct_anual,2026-04-25,"BCE, ECB Data Portal, dataset FM",https://data.ecb.europa.eu/data/datasets/FM,2026-09-16,,,n/a,nivel,media_ponderada_volumen,serie FM.D.U2.EUR.4F.KR.MRR_FR.LEV
Zona euro (referencia),liquidez_banco_central,tipo_operaciones_principales_BCE | Main refinancing operations - fixed rate tenders (fixed rate) (date of changes) - Level,2.15,pct_anual,2026-04-26,"BCE, ECB Data Portal, dataset FM",https://data.ecb.europa.eu/data/datasets/FM,2026-09-16,,,n/a,nivel,media_ponderada_volumen,serie FM.D.U2.EUR.4F.KR.MRR_FR.LEV
Zona euro (referencia),liquidez_banco_central,tipo_operaciones_principales_BCE | Main refinancing operations - fixed rate tenders (fixed rate) (date of changes) - Level,2.15,pct_anual,2026-04-27,"BCE, ECB Data Portal, dataset FM",https://data.ecb.europa.eu/data/datasets/FM,2026-09-16,,,n/a,nivel,media_ponderada_volumen,serie FM.D.U2.EUR.4F.KR.MRR_FR.LEV
Zona euro (referencia),liquidez_banco_central,tipo_operaciones_principales_BCE | Main refinancing operations - fixed rate tenders (fixed rate) (date of changes) - Level,2.15,pct_anual,2026-04-28,"BCE, ECB Data Portal, dataset FM",https://data.ecb.europa.eu/data/datasets/FM,2026-09-16,,,n/a,nivel,media_ponderada_volumen,serie FM.D.U2.EUR.4F.KR.MRR_FR.LEV
Zona euro (referencia),liquidez_banco_central,tipo_operaciones_principales_BCE | Main refinancing operations - fixed rate tenders (fixed rate) (date of changes) - Level,2.15,pct_anual,2026-04-29,"BCE, ECB Data Portal, dataset FM",https://data.ecb.europa.eu/data/datasets/FM,2026-09-16,,,n/a,nivel,media_ponderada_volumen,serie FM.D.U2.EUR.4F.KR.MRR_FR.LEV
Zona euro (referencia),liquidez_banco_central,tipo_operaciones_principales_BCE | Main refinancing operations - fixed rate tenders (fixed rate) (date of changes) - Level,2.15,pct_anual,2026-04-30,"BCE, ECB Data Portal, dataset FM",https://data.ecb.europa.eu/data/datasets/FM,2026-09-16,,,n/a,nivel,media_ponderada_volumen,serie FM.D.U2.EUR.4F.KR.MRR_FR.LEV
Zona euro (referencia),liquidez_banco_central,tipo_operaciones_principales_BCE | Main refinancing operations - fixed rate tenders (fixed rate) (date of changes) - Level,2.15,pct_anual,2026-05-01,"BCE, ECB Data Portal, dataset FM",https://data.ecb.europa.eu/data/datasets/FM,2026-09-16,,,n/a,nivel,media_ponderada_volumen,serie FM.D.U2.EUR.4F.KR.MRR_FR.LEV
Zona euro (referencia),liquidez_banco_central,tipo_operaciones_principales_BCE | Main refinancing operations - fixed rate tenders (fixed rate) (date of changes) - Level,2.15,pct_anual,2026-05-02,"BCE, ECB Data Portal, dataset FM",https://data.ecb.europa.eu/data/datasets/FM,2026-09-16,,,n/a,nivel,media_ponderada_volumen,serie FM.D.U2.EUR.4F.KR.MRR_FR.LEV
Zona euro (referencia),liquidez_banco_central,tipo_operaciones_principales_BCE | Main refinancing operations - fixed rate tenders (fixed rate) (date of changes) - Level,2.15,pct_anual,2026-05-03,"BCE, ECB Data Portal, dataset FM",https://data.ecb.europa.eu/data/datasets/FM,2026-09-16,,,n/a,nivel,media_ponderada_volumen,serie FM.D.U2.EUR.4F.KR.MRR_FR.LEV
Zona euro (referencia),liquidez_banco_central,tipo_operaciones_principales_BCE | Main refinancing operations - fixed rate tenders (fixed rate) (date of changes) - Level,2.15,pct_anual,2026-05-04,"BCE, ECB Data Portal, dataset FM",https://data.ecb.europa.eu/data/datasets/FM,2026-09-16,,,n/a,nivel,media_ponderada_volumen,serie FM.D.U2.EUR.4F.KR.MRR_FR.LEV
Zona euro (referencia),liquidez_banco_central,tipo_operaciones_principales_BCE | Main refinancing operations - fixed rate tenders (fixed rate) (date of changes) - Level,2.15,pct_anual,2026-05-05,"BCE, ECB Data Portal, dataset FM",https://data.ecb.europa.eu/data/datasets/FM,2026-09-16,,,n/a,nivel,media_ponderada_volumen,serie FM.D.U2.EUR.4F.KR.MRR_FR.LEV
Zona euro (referencia),liquidez_banco_central,tipo_operaciones_principales_BCE | Main refinancing operations - fixed rate tenders (fixed rate) (date of changes) - Level,2.15,pct_anual,2026-05-06,"BCE, ECB Data Portal, dataset FM",https://data.ecb.europa.eu/data/datasets/FM,2026-09-16,,,n/a,nivel,media_ponderada_volumen,serie FM.D.U2.EUR.4F.KR.MRR_FR.LEV
Zona euro (referencia),liquidez_banco_central,tipo_operaciones_principales_BCE | Main refinancing operations - fixed rate tenders (fixed rate) (date of changes) - Level,2.15,pct_anual,2026-05-07,"BCE, ECB Data Portal, dataset FM",https://data.ecb.europa.eu/data/datasets/FM,2026-09-16,,,n/a,nivel,media_ponderada_volumen,serie FM.D.U2.EUR.4F.KR.MRR_FR.LEV
Zona euro (referencia),liquidez_banco_central,tipo_operaciones_principales_BCE | Main refinancing operations - fixed rate tenders (fixed rate) (date of changes) - Level,2.15,pct_anual,2026-05-08,"BCE, ECB Data Portal, dataset FM",https://data.ecb.europa.eu/data/datasets/FM,2026-09-16,,,n/a,nivel,media_ponderada_volumen,serie FM.D.U2.EUR.4F.KR.MRR_FR.LEV
Zona euro (referencia),liquidez_banco_central,tipo_operaciones_principales_BCE | Main refinancing operations - fixed rate tenders (fixed rate) (date of changes) - Level,2.15,pct_anual,2026-05-09,"BCE, ECB Data Portal, dataset FM",https://data.ecb.europa.eu/data/datasets/FM,2026-09-16,,,n/a,nivel,media_ponderada_volumen,serie FM.D.U2.EUR.4F.KR.MRR_FR.LEV
Zona euro (referencia),liquidez_banco_central,tipo_operaciones_principales_BCE | Main refinancing operations - fixed rate tenders (fixed rate) (date of changes) - Level,2.15,pct_anual,2026-05-10,"BCE, ECB Data Portal, dataset FM",https://data.ecb.europa.eu/data/datasets/FM,2026-09-16,,,n/a,nivel,media_ponderada_volumen,serie FM.D.U2.EUR.4F.KR.MRR_FR.LEV
Zona euro (referencia),liquidez_banco_central,tipo_operaciones_principales_BCE | Main refinancing operations - fixed rate tenders (fixed rate) (date of changes) - Level,2.15,pct_anual,2026-05-11,"BCE, ECB Data Portal, dataset FM",https://data.ecb.europa.eu/data/datasets/FM,2026-09-16,,,n/a,nivel,media_ponderada_volumen,serie FM.D.U2.EUR.4F.KR.MRR_FR.LEV
Zona euro (referencia),liquidez_banco_central,tipo_operaciones_principales_BCE | Main refinancing operations - fixed rate tenders (fixed rate) (date of changes) - Level,2.15,pct_anual,2026-05-12,"BCE, ECB Data Portal, dataset FM",https://data.ecb.europa.eu/data/datasets/FM,2026-09-16,,,n/a,nivel,media_ponderada_volumen,serie FM.D.U2.EUR.4F.KR.MRR_FR.LEV
Zona euro (referencia),liquidez_banco_central,tipo_operaciones_principales_BCE | Main refinancing operations - fixed rate tenders (fixed rate) (date of changes) - Level,2.15,pct_anual,2026-05-13,"BCE, ECB Data Portal, dataset FM",https://data.ecb.europa.eu/data/datasets/FM,2026-09-16,,,n/a,nivel,media_ponderada_volumen,serie FM.D.U2.EUR.4F.KR.MRR_FR.LEV
Zona euro (referencia),liquidez_banco_central,tipo_operaciones_principales_BCE | Main refinancing operations - fixed rate tenders (fixed rate) (date of changes) - Level,2.15,pct_anual,2026-05-14,"BCE, ECB Data Portal, dataset FM",https://data.ecb.europa.eu/data/datasets/FM,2026-09-16,,,n/a,nivel,media_ponderada_volumen,serie FM.D.U2.EUR.4F.KR.MRR_FR.LEV
Zona euro (referencia),liquidez_banco_central,tipo_operaciones_principales_BCE | Main refinancing operations - fixed rate tenders (fixed rate) (date of changes) - Level,2.15,pct_anual,2026-05-15,"BCE, ECB Data Portal, dataset FM",https://data.ecb.europa.eu/data/datasets/FM,2026-09-16,,,n/a,nivel,media_ponderada_volumen,serie FM.D.U2.EUR.4F.KR.MRR_FR.LEV
Zona euro (referencia),liquidez_banco_central,tipo_operaciones_principales_BCE | Main refinancing operations - fixed rate tenders (fixed rate) (date of changes) - Level,2.15,pct_anual,2026-05-16,"BCE, ECB Data Portal, dataset FM",https://data.ecb.europa.eu/data/datasets/FM,2026-09-16,,,n/a,nivel,media_ponderada_volumen,serie FM.D.U2.EUR.4F.KR.MRR_FR.LEV
Zona euro (referencia),liquidez_banco_central,tipo_operaciones_principales_BCE | Main refinancing operations - fixed rate tenders (fixed rate) (date of changes) - Level,2.15,pct_anual,2026-05-17,"BCE, ECB Data Portal, dataset FM",https://data.ecb.europa.eu/data/datasets/FM,2026-09-16,,,n/a,nivel,media_ponderada_volumen,serie FM.D.U2.EUR.4F.KR.MRR_FR.LEV
Zona euro (referencia),liquidez_banco_central,tipo_operaciones_principales_BCE | Main refinancing operations - fixed rate tenders (fixed rate) (date of changes) - Level,2.15,pct_anual,2026-05-18,"BCE, ECB Data Portal, dataset FM",https://data.ecb.europa.eu/data/datasets/FM,2026-09-16,,,n/a,nivel,media_ponderada_volumen,serie FM.D.U2.EUR.4F.KR.MRR_FR.LEV
Zona euro (referencia),liquidez_banco_central,tipo_operaciones_principales_BCE | Main refinancing operations - fixed rate tenders (fixed rate) (date of changes) - Level,2.15,pct_anual,2026-05-19,"BCE, ECB Data Portal, dataset FM",https://data.ecb.europa.eu/data/datasets/FM,2026-09-16,,,n/a,nivel,media_ponderada_volumen,serie FM.D.U2.EUR.4F.KR.MRR_FR.LEV
Zona euro (referencia),liquidez_banco_central,tipo_operaciones_principales_BCE | Main refinancing operations - fixed rate tenders (fixed rate) (date of changes) - Level,2.15,pct_anual,2026-05-20,"BCE, ECB Data Portal, dataset FM",https://data.ecb.europa.eu/data/datasets/FM,2026-09-16,,,n/a,nivel,media_ponderada_volumen,serie FM.D.U2.EUR.4F.KR.MRR_FR.LEV
Zona euro (referencia),liquidez_banco_central,tipo_operaciones_principales_BCE | Main refinancing operations - fixed rate tenders (fixed rate) (date of changes) - Level,2.15,pct_anual,2026-05-21,"BCE, ECB Data Portal, dataset FM",https://data.ecb.europa.eu/data/datasets/FM,2026-09-16,,,n/a,nivel,media_ponderada_volumen,serie FM.D.U2.EUR.4F.KR.MRR_FR.LEV
Zona euro (referencia),liquidez_banco_central,tipo_operaciones_principales_BCE | Main refinancing operations - fixed rate tenders (fixed rate) (date of changes) - Level,2.15,pct_anual,2026-05-22,"BCE, ECB Data Portal, dataset FM",https://data.ecb.europa.eu/data/datasets/FM,2026-09-16,,,n/a,nivel,media_ponderada_volumen,serie FM.D.U2.EUR.4F.KR.MRR_FR.LEV
Zona euro (referencia),liquidez_banco_central,tipo_operaciones_principales_BCE | Main refinancing operations - fixed rate tenders (fixed rate) (date of changes) - Level,2.15,pct_anual,2026-05-23,"BCE, ECB Data Portal, dataset FM",https://data.ecb.europa.eu/data/datasets/FM,2026-09-16,,,n/a,nivel,media_ponderada_volumen,serie FM.D.U2.EUR.4F.KR.MRR_FR.LEV
Zona euro (referencia),liquidez_banco_central,tipo_operaciones_principales_BCE | Main refinancing operations - fixed rate tenders (fixed rate) (date of changes) - Level,2.15,pct_anual,2026-05-24,"BCE, ECB Data Portal, dataset FM",https://data.ecb.europa.eu/data/datasets/FM,2026-09-16,,,n/a,nivel,media_ponderada_volumen,serie FM.D.U2.EUR.4F.KR.MRR_FR.LEV
Zona euro (referencia),liquidez_banco_central,tipo_operaciones_principales_BCE | Main refinancing operations - fixed rate tenders (fixed rate) (date of changes) - Level,2.15,pct_anual,2026-05-25,"BCE, ECB Data Portal, dataset FM",https://data.ecb.europa.eu/data/datasets/FM,2026-09-16,,,n/a,nivel,media_ponderada_volumen,serie FM.D.U2.EUR.4F.KR.MRR_FR.LEV
Zona euro (referencia),liquidez_banco_central,tipo_operaciones_principales_BCE | Main refinancing operations - fixed rate tenders (fixed rate) (date of changes) - Level,2.15,pct_anual,2026-05-26,"BCE, ECB Data Portal, dataset FM",https://data.ecb.europa.eu/data/datasets/FM,2026-09-16,,,n/a,nivel,media_ponderada_volumen,serie FM.D.U2.EUR.4F.KR.MRR_FR.LEV
Zona euro (referencia),liquidez_banco_central,tipo_operaciones_principales_BCE | Main refinancing operations - fixed rate tenders (fixed rate) (date of changes) - Level,2.15,pct_anual,2026-05-27,"BCE, ECB Data Portal, dataset FM",https://data.ecb.europa.eu/data/datasets/FM,2026-09-16,,,n/a,nivel,media_ponderada_volumen,serie FM.D.U2.EUR.4F.KR.MRR_FR.LEV
Zona euro (referencia),liquidez_banco_central,tipo_operaciones_principales_BCE | Main refinancing operations - fixed rate tenders (fixed rate) (date of changes) - Level,2.15,pct_anual,2026-05-28,"BCE, ECB Data Portal, dataset FM",https://data.ecb.europa.eu/data/datasets/FM,2026-09-16,,,n/a,nivel,media_ponderada_volumen,serie FM.D.U2.EUR.4F.KR.MRR_FR.LEV
Zona euro (referencia),liquidez_banco_central,tipo_operaciones_principales_BCE | Main refinancing operations - fixed rate tenders (fixed rate) (date of changes) - Level,2.15,pct_anual,2026-05-29,"BCE, ECB Data Portal, dataset FM",https://data.ecb.europa.eu/data/datasets/FM,2026-09-16,,,n/a,nivel,media_ponderada_volumen,serie FM.D.U2.EUR.4F.KR.MRR_FR.LEV
Zona euro (referencia),liquidez_banco_central,tipo_operaciones_principales_BCE | Main refinancing operations - fixed rate tenders (fixed rate) (date of changes) - Level,2.15,pct_anual,2026-05-30,"BCE, ECB Data Portal, dataset FM",https://data.ecb.europa.eu/data/datasets/FM,2026-09-16,,,n/a,nivel,media_ponderada_volumen,serie FM.D.U2.EUR.4F.KR.MRR_FR.LEV
Zona euro (referencia),liquidez_banco_central,tipo_operaciones_principales_BCE | Main refinancing operations - fixed rate tenders (fixed rate) (date of changes) - Level,2.15,pct_anual,2026-05-31,"BCE, ECB Data Portal, dataset FM",https://data.ecb.europa.eu/data/datasets/FM,2026-09-16,,,n/a,nivel,media_ponderada_volumen,serie FM.D.U2.EUR.4F.KR.MRR_FR.LEV
Zona euro (referencia),liquidez_banco_central,tipo_operaciones_principales_BCE | Main refinancing operations - fixed rate tenders (fixed rate) (date of changes) - Level,2.15,pct_anual,2026-06-01,"BCE, ECB Data Portal, dataset FM",https://data.ecb.europa.eu/data/datasets/FM,2026-09-16,,,n/a,nivel,media_ponderada_volumen,serie FM.D.U2.EUR.4F.KR.MRR_FR.LEV
Zona euro (referencia),liquidez_banco_central,tipo_operaciones_principales_BCE | Main refinancing operations - fixed rate tenders (fixed rate) (date of changes) - Level,2.15,pct_anual,2026-06-02,"BCE, ECB Data Portal, dataset FM",https://data.ecb.europa.eu/data/datasets/FM,2026-09-16,,,n/a,nivel,media_ponderada_volumen,serie FM.D.U2.EUR.4F.KR.MRR_FR.LEV
Zona euro (referencia),liquidez_banco_central,tipo_operaciones_principales_BCE | Main refinancing operations - fixed rate tenders (fixed rate) (date of changes) - Level,2.15,pct_anual,2026-06-03,"BCE, ECB Data Portal, dataset FM",https://data.ecb.europa.eu/data/datasets/FM,2026-09-16,,,n/a,nivel,media_ponderada_volumen,serie FM.D.U2.EUR.4F.KR.MRR_FR.LEV
Zona euro (referencia),liquidez_banco_central,tipo_operaciones_principales_BCE | Main refinancing operations - fixed rate tenders (fixed rate) (date of changes) - Level,2.15,pct_anual,2026-06-04,"BCE, ECB Data Portal, dataset FM",https://data.ecb.europa.eu/data/datasets/FM,2026-09-16,,,n/a,nivel,media_ponderada_volumen,serie FM.D.U2.EUR.4F.KR.MRR_FR.LEV
Zona euro (referencia),liquidez_banco_central,tipo_operaciones_principales_BCE | Main refinancing operations - fixed rate tenders (fixed rate) (date of changes) - Level,2.15,pct_anual,2026-06-05,"BCE, ECB Data Portal, dataset FM",https://data.ecb.europa.eu/data/datasets/FM,2026-09-16,,,n/a,nivel,media_ponderada_volumen,serie FM.D.U2.EUR.4F.KR.MRR_FR.LEV
Zona euro (referencia),liquidez_banco_central,tipo_operaciones_principales_BCE | Main refinancing operations - fixed rate tenders (fixed rate) (date of changes) - Level,2.15,pct_anual,2026-06-06,"BCE, ECB Data Portal, dataset FM",https://data.ecb.europa.eu/data/datasets/FM,2026-09-16,,,n/a,nivel,media_ponderada_volumen,serie FM.D.U2.EUR.4F.KR.MRR_FR.LEV
Zona euro (referencia),liquidez_banco_central,tipo_operaciones_principales_BCE | Main refinancing operations - fixed rate tenders (fixed rate) (date of changes) - Level,2.15,pct_anual,2026-06-07,"BCE, ECB Data Portal, dataset FM",https://data.ecb.europa.eu/data/datasets/FM,2026-09-16,,,n/a,nivel,media_ponderada_volumen,serie FM.D.U2.EUR.4F.KR.MRR_FR.LEV
Zona euro (referencia),liquidez_banco_central,tipo_operaciones_principales_BCE | Main refinancing operations - fixed rate tenders (fixed rate) (date of changes) - Level,2.15,pct_anual,2026-06-08,"BCE, ECB Data Portal, dataset FM",https://data.ecb.europa.eu/data/datasets/FM,2026-09-16,,,n/a,nivel,media_ponderada_volumen,serie FM.D.U2.EUR.4F.KR.MRR_FR.LEV
Zona euro (referencia),liquidez_banco_central,tipo_operaciones_principales_BCE | Main refinancing operations - fixed rate tenders (fixed rate) (date of changes) - Level,2.15,pct_anual,2026-06-09,"BCE, ECB Data Portal, dataset FM",https://data.ecb.europa.eu/data/datasets/FM,2026-09-16,,,n/a,nivel,media_ponderada_volumen,serie FM.D.U2.EUR.4F.KR.MRR_FR.LEV
Zona euro (referencia),liquidez_banco_central,tipo_operaciones_principales_BCE | Main refinancing operations - fixed rate tenders (fixed rate) (date of changes) - Level,2.15,pct_anual,2026-06-10,"BCE, ECB Data Portal, dataset FM",https://data.ecb.europa.eu/data/datasets/FM,2026-09-16,,,n/a,nivel,media_ponderada_volumen,serie FM.D.U2.EUR.4F.KR.MRR_FR.LEV
Zona euro (referencia),liquidez_banco_central,tipo_operaciones_principales_BCE | Main refinancing operations - fixed rate tenders (fixed rate) (date of changes) - Level,2.15,pct_anual,2026-06-11,"BCE, ECB Data Portal, dataset FM",https://data.ecb.europa.eu/data/datasets/FM,2026-09-16,,,n/a,nivel,media_ponderada_volumen,serie FM.D.U2.EUR.4F.KR.MRR_FR.LEV
Zona euro (referencia),liquidez_banco_central,tipo_operaciones_principales_BCE | Main refinancing operations - fixed rate tenders (fixed rate) (date of changes) - Level,2.15,pct_anual,2026-06-12,"BCE, ECB Data Portal, dataset FM",https://data.ecb.europa.eu/data/datasets/FM,2026-09-16,,,n/a,nivel,media_ponderada_volumen,serie FM.D.U2.EUR.4F.KR.MRR_FR.LEV
Zona euro (referencia),liquidez_banco_central,tipo_operaciones_principales_BCE | Main refinancing operations - fixed rate tenders (fixed rate) (date of changes) - Level,2.15,pct_anual,2026-06-13,"BCE, ECB Data Portal, dataset FM",https://data.ecb.europa.eu/data/datasets/FM,2026-09-16,,,n/a,nivel,media_ponderada_volumen,serie FM.D.U2.EUR.4F.KR.MRR_FR.LEV
Zona euro (referencia),liquidez_banco_central,tipo_operaciones_principales_BCE | Main refinancing operations - fixed rate tenders (fixed rate) (date of changes) - Level,2.15,pct_anual,2026-06-14,"BCE, ECB Data Portal, dataset FM",https://data.ecb.europa.eu/data/datasets/FM,2026-09-16,,,n/a,nivel,media_ponderada_volumen,serie FM.D.U2.EUR.4F.KR.MRR_FR.LEV
Zona euro (referencia),liquidez_banco_central,tipo_operaciones_principales_BCE | Main refinancing operations - fixed rate tenders (fixed rate) (date of changes) - Level,2.15,pct_anual,2026-06-15,"BCE, ECB Data Portal, dataset FM",https://data.ecb.europa.eu/data/datasets/FM,2026-09-16,,,n/a,nivel,media_ponderada_volumen,serie FM.D.U2.EUR.4F.KR.MRR_FR.LEV
Zona euro (referencia),liquidez_banco_central,tipo_operaciones_principales_BCE | Main refinancing operations - fixed rate tenders (fixed rate) (date of changes) - Level,2.15,pct_anual,2026-06-16,"BCE, ECB Data Portal, dataset FM",https://data.ecb.europa.eu/data/datasets/FM,2026-09-16,,,n/a,nivel,media_ponderada_volumen,serie FM.D.U2.EUR.4F.KR.MRR_FR.LEV
Zona euro (referencia),liquidez_banco_central,tipo_operaciones_principales_BCE | Main refinancing operations - fixed rate tenders (fixed rate) (date of changes) - Level,2.4,pct_anual,2026-06-17,"BCE, ECB Data Portal, dataset FM",https://data.ecb.europa.eu/data/datasets/FM,2026-09-16,,,n/a,nivel,media_ponderada_volumen,serie FM.D.U2.EUR.4F.KR.MRR_FR.LEV
Zona euro (referencia),liquidez_banco_central,tipo_operaciones_principales_BCE | Main refinancing operations - fixed rate tenders (fixed rate) (date of changes) - Level,2.4,pct_anual,2026-06-18,"BCE, ECB Data Portal, dataset FM",https://data.ecb.europa.eu/data/datasets/FM,2026-09-16,,,n/a,nivel,media_ponderada_volumen,serie FM.D.U2.EUR.4F.KR.MRR_FR.LEV
Zona euro (referencia),liquidez_banco_central,tipo_operaciones_principales_BCE | Main refinancing operations - fixed rate tenders (fixed rate) (date of changes) - Level,2.4,pct_anual,2026-06-19,"BCE, ECB Data Portal, dataset FM",https://data.ecb.europa.eu/data/datasets/FM,2026-09-16,,,n/a,nivel,media_ponderada_volumen,serie FM.D.U2.EUR.4F.KR.MRR_FR.LEV
Zona euro (referencia),liquidez_banco_central,tipo_operaciones_principales_BCE | Main refinancing operations - fixed rate tenders (fixed rate) (date of changes) - Level,2.4,pct_anual,2026-06-20,"BCE, ECB Data Portal, dataset FM",https://data.ecb.europa.eu/data/datasets/FM,2026-09-16,,,n/a,nivel,media_ponderada_volumen,serie FM.D.U2.EUR.4F.KR.MRR_FR.LEV
Zona euro (referencia),liquidez_banco_central,tipo_operaciones_principales_BCE | Main refinancing operations - fixed rate tenders (fixed rate) (date of changes) - Level,2.4,pct_anual,2026-06-21,"BCE, ECB Data Portal, dataset FM",https://data.ecb.europa.eu/data/datasets/FM,2026-09-16,,,n/a,nivel,media_ponderada_volumen,serie FM.D.U2.EUR.4F.KR.MRR_FR.LEV
Zona euro (referencia),liquidez_banco_central,tipo_operaciones_principales_BCE | Main refinancing operations - fixed rate tenders (fixed rate) (date of changes) - Level,2.4,pct_anual,2026-06-22,"BCE, ECB Data Portal, dataset FM",https://data.ecb.europa.eu/data/datasets/FM,2026-09-16,,,n/a,nivel,media_ponderada_volumen,serie FM.D.U2.EUR.4F.KR.MRR_FR.LEV
Zona euro (referencia),liquidez_banco_central,tipo_operaciones_principales_BCE | Main refinancing operations - fixed rate tenders (fixed rate) (date of changes) - Level,2.4,pct_anual,2026-06-23,"BCE, ECB Data Portal, dataset FM",https://data.ecb.europa.eu/data/datasets/FM,2026-09-16,,,n/a,nivel,media_ponderada_volumen,serie FM.D.U2.EUR.4F.KR.MRR_FR.LEV
Zona euro (referencia),liquidez_banco_central,tipo_operaciones_principales_BCE | Main refinancing operations - fixed rate tenders (fixed rate) (date of changes) - Level,2.4,pct_anual,2026-06-24,"BCE, ECB Data Portal, dataset FM",https://data.ecb.europa.eu/data/datasets/FM,2026-09-16,,,n/a,nivel,media_ponderada_volumen,serie FM.D.U2.EUR.4F.KR.MRR_FR.LEV
Zona euro (referencia),liquidez_banco_central,tipo_operaciones_principales_BCE | Main refinancing operations - fixed rate tenders (fixed rate) (date of changes) - Level,2.4,pct_anual,2026-06-25,"BCE, ECB Data Portal, dataset FM",https://data.ecb.europa.eu/data/datasets/FM,2026-09-16,,,n/a,nivel,media_ponderada_volumen,serie FM.D.U2.EUR.4F.KR.MRR_FR.LEV
Zona euro (referencia),liquidez_banco_central,tipo_operaciones_principales_BCE | Main refinancing operations - fixed rate tenders (fixed rate) (date of changes) - Level,2.4,pct_anual,2026-06-26,"BCE, ECB Data Portal, dataset FM",https://data.ecb.europa.eu/data/datasets/FM,2026-09-16,,,n/a,nivel,media_ponderada_volumen,serie FM.D.U2.EUR.4F.KR.MRR_FR.LEV
Zona euro (referencia),liquidez_banco_central,tipo_operaciones_principales_BCE | Main refinancing operations - fixed rate tenders (fixed rate) (date of changes) - Level,2.4,pct_anual,2026-06-27,"BCE, ECB Data Portal, dataset FM",https://data.ecb.europa.eu/data/datasets/FM,2026-09-16,,,n/a,nivel,media_ponderada_volumen,serie FM.D.U2.EUR.4F.KR.MRR_FR.LEV
Zona euro (referencia),liquidez_banco_central,tipo_operaciones_principales_BCE | Main refinancing operations - fixed rate tenders (fixed rate) (date of changes) - Level,2.4,pct_anual,2026-06-28,"BCE, ECB Data Portal, dataset FM",https://data.ecb.europa.eu/data/datasets/FM,2026-09-16,,,n/a,nivel,media_ponderada_volumen,serie FM.D.U2.EUR.4F.KR.MRR_FR.LEV
Zona euro (referencia),liquidez_banco_central,tipo_operaciones_principales_BCE | Main refinancing operations - fixed rate tenders (fixed rate) (date of changes) - Level,2.4,pct_anual,2026-06-29,"BCE, ECB Data Portal, dataset FM",https://data.ecb.europa.eu/data/datasets/FM,2026-09-16,,,n/a,nivel,media_ponderada_volumen,serie FM.D.U2.EUR.4F.KR.MRR_FR.LEV
Zona euro (referencia),liquidez_banco_central,tipo_operaciones_principales_BCE | Main refinancing operations - fixed rate tenders (fixed rate) (date of changes) - Level,2.4,pct_anual,2026-06-30,"BCE, ECB Data Portal, dataset FM",https://data.ecb.europa.eu/data/datasets/FM,2026-09-16,,,n/a,nivel,media_ponderada_volumen,serie FM.D.U2.EUR.4F.KR.MRR_FR.LEV
Zona euro (referencia),liquidez_banco_central,tipo_operaciones_principales_BCE | Main refinancing operations - fixed rate tenders (fixed rate) (date of changes) - Level,2.4,pct_anual,2026-07-01,"BCE, ECB Data Portal, dataset FM",https://data.ecb.europa.eu/data/datasets/FM,2026-09-16,,,n/a,nivel,media_ponderada_volumen,serie FM.D.U2.EUR.4F.KR.MRR_FR.LEV
Zona euro (referencia),liquidez_banco_central,tipo_operaciones_principales_BCE | Main refinancing operations - fixed rate tenders (fixed rate) (date of changes) - Level,2.4,pct_anual,2026-07-02,"BCE, ECB Data Portal, dataset FM",https://data.ecb.europa.eu/data/datasets/FM,2026-09-16,,,n/a,nivel,media_ponderada_volumen,serie FM.D.U2.EUR.4F.KR.MRR_FR.LEV
Zona euro (referencia),liquidez_banco_central,tipo_operaciones_principales_BCE | Main refinancing operations - fixed rate tenders (fixed rate) (date of changes) - Level,2.4,pct_anual,2026-07-03,"BCE, ECB Data Portal, dataset FM",https://data.ecb.europa.eu/data/datasets/FM,2026-09-16,,,n/a,nivel,media_ponderada_volumen,serie FM.D.U2.EUR.4F.KR.MRR_FR.LEV
Zona euro (referencia),liquidez_banco_central,tipo_operaciones_principales_BCE | Main refinancing operations - fixed rate tenders (fixed rate) (date of changes) - Level,2.4,pct_anual,2026-07-04,"BCE, ECB Data Portal, dataset FM",https://data.ecb.europa.eu/data/datasets/FM,2026-09-16,,,n/a,nivel,media_ponderada_volumen,serie FM.D.U2.EUR.4F.KR.MRR_FR.LEV
Zona euro (referencia),liquidez_banco_central,tipo_operaciones_principales_BCE | Main refinancing operations - fixed rate tenders (fixed rate) (date of changes) - Level,2.4,pct_anual,2026-07-05,"BCE, ECB Data Portal, dataset FM",https://data.ecb.europa.eu/data/datasets/FM,2026-09-16,,,n/a,nivel,media_ponderada_volumen,serie FM.D.U2.EUR.4F.KR.MRR_FR.LEV
Zona euro (referencia),liquidez_banco_central,tipo_operaciones_principales_BCE | Main refinancing operations - fixed rate tenders (fixed rate) (date of changes) - Level,2.4,pct_anual,2026-07-06,"BCE, ECB Data Portal, dataset FM",https://data.ecb.europa.eu/data/datasets/FM,2026-09-16,,,n/a,nivel,media_ponderada_volumen,serie FM.D.U2.EUR.4F.KR.MRR_FR.LEV
Zona euro (referencia),liquidez_banco_central,tipo_operaciones_principales_BCE | Main refinancing operations - fixed rate tenders (fixed rate) (date of changes) - Level,2.4,pct_anual,2026-07-07,"BCE, ECB Data Portal, dataset FM",https://data.ecb.europa.eu/data/datasets/FM,2026-09-16,,,n/a,nivel,media_ponderada_volumen,serie FM.D.U2.EUR.4F.KR.MRR_FR.LEV
Zona euro (referencia),liquidez_banco_central,tipo_operaciones_principales_BCE | Main refinancing operations - fixed rate tenders (fixed rate) (date of changes) - Level,2.4,pct_anual,2026-07-08,"BCE, ECB Data Portal, dataset FM",https://data.ecb.europa.eu/data/datasets/FM,2026-09-16,,,n/a,nivel,media_ponderada_volumen,serie FM.D.U2.EUR.4F.KR.MRR_FR.LEV
Zona euro (referencia),liquidez_banco_central,tipo_operaciones_principales_BCE | Main refinancing operations - fixed rate tenders (fixed rate) (date of changes) - Level,2.4,pct_anual,2026-07-09,"BCE, ECB Data Portal, dataset FM",https://data.ecb.europa.eu/data/datasets/FM,2026-09-16,,,n/a,nivel,media_ponderada_volumen,serie FM.D.U2.EUR.4F.KR.MRR_FR.LEV
Zona euro (referencia),liquidez_banco_central,tipo_operaciones_principales_BCE | Main refinancing operations - fixed rate tenders (fixed rate) (date of changes) - Level,2.4,pct_anual,2026-07-10,"BCE, ECB Data Portal, dataset FM",https://data.ecb.europa.eu/data/datasets/FM,2026-09-16,,,n/a,nivel,media_ponderada_volumen,serie FM.D.U2.EUR.4F.KR.MRR_FR.LEV
Zona euro (referencia),liquidez_banco_central,tipo_operaciones_principales_BCE | Main refinancing operations - fixed rate tenders (fixed rate) (date of changes) - Level,2.4,pct_anual,2026-07-11,"BCE, ECB Data Portal, dataset FM",https://data.ecb.europa.eu/data/datasets/FM,2026-09-16,,,n/a,nivel,media_ponderada_volumen,serie FM.D.U2.EUR.4F.KR.MRR_FR.LEV
Zona euro (referencia),liquidez_banco_central,tipo_operaciones_principales_BCE | Main refinancing operations - fixed rate tenders (fixed rate) (date of changes) - Level,2.4,pct_anual,2026-07-12,"BCE, ECB Data Portal, dataset FM",https://data.ecb.europa.eu/data/datasets/FM,2026-09-16,,,n/a,nivel,media_ponderada_volumen,serie FM.D.U2.EUR.4F.KR.MRR_FR.LEV
Zona euro (referencia),liquidez_banco_central,tipo_operaciones_principales_BCE | Main refinancing operations - fixed rate tenders (fixed rate) (date of changes) - Level,2.4,pct_anual,2026-07-13,"BCE, ECB Data Portal, dataset FM",https://data.ecb.europa.eu/data/datasets/FM,2026-09-16,,,n/a,nivel,media_ponderada_volumen,serie FM.D.U2.EUR.4F.KR.MRR_FR.LEV
Zona euro (referencia),liquidez_banco_central,tipo_operaciones_principales_BCE | Main refinancing operations - fixed rate tenders (fixed rate) (date of changes) - Level,2.4,pct_anual,2026-07-14,"BCE, ECB Data Portal, dataset FM",https://data.ecb.europa.eu/data/datasets/FM,2026-09-16,,,n/a,nivel,media_ponderada_volumen,serie FM.D.U2.EUR.4F.KR.MRR_FR.LEV
Zona euro (referencia),liquidez_banco_central,tipo_operaciones_principales_BCE | Main refinancing operations - fixed rate tenders (fixed rate) (date of changes) - Level,2.4,pct_anual,2026-07-15,"BCE, ECB Data Portal, dataset FM",https://data.ecb.europa.eu/data/datasets/FM,2026-09-16,,,n/a,nivel,media_ponderada_volumen,serie FM.D.U2.EUR.4F.KR.MRR_FR.LEV
Zona euro (referencia),liquidez_banco_central,tipo_operaciones_principales_BCE | Main refinancing operations - fixed rate tenders (fixed rate) (date of changes) - Level,2.4,pct_anual,2026-07-16,"BCE, ECB Data Portal, dataset FM",https://data.ecb.europa.eu/data/datasets/FM,2026-09-16,,,n/a,nivel,media_ponderada_volumen,serie FM.D.U2.EUR.4F.KR.MRR_FR.LEV
Zona euro (referencia),liquidez_banco_central,tipo_operaciones_principales_BCE | Main refinancing operations - fixed rate tenders (fixed rate) (date of changes) - Level,2.4,pct_anual,2026-07-17,"BCE, ECB Data Portal, dataset FM",https://data.ecb.europa.eu/data/datasets/FM,2026-09-16,,,n/a,nivel,media_ponderada_volumen,serie FM.D.U2.EUR.4F.KR.MRR_FR.LEV
Zona euro (referencia),liquidez_banco_central,tipo_operaciones_principales_BCE | Main refinancing operations - fixed rate tenders (fixed rate) (date of changes) - Level,2.4,pct_anual,2026-07-18,"BCE, ECB Data Portal, dataset FM",https://data.ecb.europa.eu/data/datasets/FM,2026-09-16,,,n/a,nivel,media_ponderada_volumen,serie FM.D.U2.EUR.4F.KR.MRR_FR.LEV
Zona euro (referencia),liquidez_banco_central,tipo_operaciones_principales_BCE | Main refinancing operations - fixed rate tenders (fixed rate) (date of changes) - Level,2.4,pct_anual,2026-07-19,"BCE, ECB Data Portal, dataset FM",https://data.ecb.europa.eu/data/datasets/FM,2026-09-16,,,n/a,nivel,media_ponderada_volumen,serie FM.D.U2.EUR.4F.KR.MRR_FR.LEV
Zona euro (referencia),liquidez_banco_central,tipo_operaciones_principales_BCE | Main refinancing operations - fixed rate tenders (fixed rate) (date of changes) - Level,2.4,pct_anual,2026-07-20,"BCE, ECB Data Portal, dataset FM",https://data.ecb.europa.eu/data/datasets/FM,2026-09-16,,,n/a,nivel,media_ponderada_volumen,serie FM.D.U2.EUR.4F.KR.MRR_FR.LEV
Zona euro (referencia),liquidez_banco_central,tipo_operaciones_principales_BCE | Main refinancing operations - fixed rate tenders (fixed rate) (date of changes) - Level,2.4,pct_anual,2026-07-21,"BCE, ECB Data Portal, dataset FM",https://data.ecb.europa.eu/data/datasets/FM,2026-09-16,,,n/a,nivel,media_ponderada_volumen,serie FM.D.U2.EUR.4F.KR.MRR_FR.LEV
Zona euro (referencia),liquidez_banco_central,tipo_operaciones_principales_BCE | Main refinancing operations - fixed rate tenders (fixed rate) (date of changes) - Level,2.4,pct_anual,2026-07-22,"BCE, ECB Data Portal, dataset FM",https://data.ecb.europa.eu/data/datasets/FM,2026-09-16,,,n/a,nivel,media_ponderada_volumen,serie FM.D.U2.EUR.4F.KR.MRR_FR.LEV
Zona euro (referencia),liquidez_banco_central,tipo_operaciones_principales_BCE | Main refinancing operations - fixed rate tenders (fixed rate) (date of changes) - Level,2.4,pct_anual,2026-07-23,"BCE, ECB Data Portal, dataset FM",https://data.ecb.europa.eu/data/datasets/FM,2026-09-16,,,n/a,nivel,media_ponderada_volumen,serie FM.D.U2.EUR.4F.KR.MRR_FR.LEV
Zona euro (referencia),liquidez_banco_central,tipo_operaciones_principales_BCE | Main refinancing operations - fixed rate tenders (fixed rate) (date of changes) - Level,2.4,pct_anual,2026-07-24,"BCE, ECB Data Portal, dataset FM",https://data.ecb.europa.eu/data/datasets/FM,2026-09-16,,,n/a,nivel,media_ponderada_volumen,serie FM.D.U2.EUR.4F.KR.MRR_FR.LEV
Zona euro (referencia),liquidez_banco_central,tipo_operaciones_principales_BCE | Main refinancing operations - fixed rate tenders (fixed rate) (date of changes) - Level,2.4,pct_anual,2026-07-25,"BCE, ECB Data Portal, dataset FM",https://data.ecb.europa.eu/data/datasets/FM,2026-09-16,,,n/a,nivel,media_ponderada_volumen,serie FM.D.U2.EUR.4F.KR.MRR_FR.LEV
Zona euro (referencia),liquidez_banco_central,tipo_operaciones_principales_BCE | Main refinancing operations - fixed rate tenders (fixed rate) (date of changes) - Level,2.4,pct_anual,2026-07-26,"BCE, ECB Data Portal, dataset FM",https://data.ecb.europa.eu/data/datasets/FM,2026-09-16,,,n/a,nivel,media_ponderada_volumen,serie FM.D.U2.EUR.4F.KR.MRR_FR.LEV
Zona euro (referencia),liquidez_banco_central,tipo_operaciones_principales_BCE | Main refinancing operations - fixed rate tenders (fixed rate) (date of changes) - Level,2.4,pct_anual,2026-07-27,"BCE, ECB Data Portal, dataset FM",https://data.ecb.europa.eu/data/datasets/FM,2026-09-16,,,n/a,nivel,media_ponderada_volumen,serie FM.D.U2.EUR.4F.KR.MRR_FR.LEV
Zona euro (referencia),liquidez_banco_central,tipo_operaciones_principales_BCE | Main refinancing operations - fixed rate tenders (fixed rate) (date of changes) - Level,2.4,pct_anual,2026-07-28,"BCE, ECB Data Portal, dataset FM",https://data.ecb.europa.eu/data/datasets/FM,2026-09-16,,,n/a,nivel,media_ponderada_volumen,serie FM.D.U2.EUR.4F.KR.MRR_FR.LEV
Zona euro (referencia),liquidez_banco_central,tipo_operaciones_principales_BCE | Main refinancing operations - fixed rate tenders (fixed rate) (date of changes) - Level,2.4,pct_anual,2026-07-29,"BCE, ECB Data Portal, dataset FM",https://data.ecb.europa.eu/data/datasets/FM,2026-09-16,,,n/a,nivel,media_ponderada_volumen,serie FM.D.U2.EUR.4F.KR.MRR_FR.LEV
Zona euro (referencia),liquidez_banco_central,tipo_operaciones_principales_BCE | Main refinancing operations - fixed rate tenders (fixed rate) (date of changes) - Level,2.4,pct_anual,2026-07-30,"BCE, ECB Data Portal, dataset FM",https://data.ecb.europa.eu/data/datasets/FM,2026-09-16,,,n/a,nivel,media_ponderada_volumen,serie FM.D.U2.EUR.4F.KR.MRR_FR.LEV
Zona euro (referencia),liquidez_banco_central,tipo_operaciones_principales_BCE | Main refinancing operations - fixed rate tenders (fixed rate) (date of changes) - Level,2.4,pct_anual,2026-07-31,"BCE, ECB Data Portal, dataset FM",https://data.ecb.europa.eu/data/datasets/FM,2026-09-16,,,n/a,nivel,media_ponderada_volumen,serie FM.D.U2.EUR.4F.KR.MRR_FR.LEV
Zona euro (referencia),liquidez_banco_central,tipo_operaciones_principales_BCE | Main refinancing operations - fixed rate tenders (fixed rate) (date of changes) - Level,2.4,pct_anual,2026-08-01,"BCE, ECB Data Portal, dataset FM",https://data.ecb.europa.eu/data/datasets/FM,2026-09-16,,,n/a,nivel,media_ponderada_volumen,serie FM.D.U2.EUR.4F.KR.MRR_FR.LEV
Zona euro (referencia),liquidez_banco_central,tipo_operaciones_principales_BCE | Main refinancing operations - fixed rate tenders (fixed rate) (date of changes) - Level,2.4,pct_anual,2026-08-02,"BCE, ECB Data Portal, dataset FM",https://data.ecb.europa.eu/data/datasets/FM,2026-09-16,,,n/a,nivel,media_ponderada_volumen,serie FM.D.U2.EUR.4F.KR.MRR_FR.LEV
Zona euro (referencia),liquidez_banco_central,tipo_operaciones_principales_BCE | Main refinancing operations - fixed rate tenders (fixed rate) (date of changes) - Level,2.4,pct_anual,2026-08-03,"BCE, ECB Data Portal, dataset FM",https://data.ecb.europa.eu/data/datasets/FM,2026-09-16,,,n/a,nivel,media_ponderada_volumen,serie FM.D.U2.EUR.4F.KR.MRR_FR.LEV
Zona euro (referencia),liquidez_banco_central,tipo_operaciones_principales_BCE | Main refinancing operations - fixed rate tenders (fixed rate) (date of changes) - Level,2.4,pct_anual,2026-08-04,"BCE, ECB Data Portal, dataset FM",https://data.ecb.europa.eu/data/datasets/FM,2026-09-16,,,n/a,nivel,media_ponderada_volumen,serie FM.D.U2.EUR.4F.KR.MRR_FR.LEV
Zona euro (referencia),liquidez_banco_central,tipo_operaciones_principales_BCE | Main refinancing operations - fixed rate tenders (fixed rate) (date of changes) - Level,2.4,pct_anual,2026-08-05,"BCE, ECB Data Portal, dataset FM",https://data.ecb.europa.eu/data/datasets/FM,2026-09-16,,,n/a,nivel,media_ponderada_volumen,serie FM.D.U2.EUR.4F.KR.MRR_FR.LEV
Zona euro (referencia),liquidez_banco_central,tipo_operaciones_principales_BCE | Main refinancing operations - fixed rate tenders (fixed rate) (date of changes) - Level,2.4,pct_anual,2026-08-06,"BCE, ECB Data Portal, dataset FM",https://data.ecb.europa.eu/data/datasets/FM,2026-09-16,,,n/a,nivel,media_ponderada_volumen,serie FM.D.U2.EUR.4F.KR.MRR_FR.LEV
Zona euro (referencia),liquidez_banco_central,tipo_operaciones_principales_BCE | Main refinancing operations - fixed rate tenders (fixed rate) (date of changes) - Level,2.4,pct_anual,2026-08-07,"BCE, ECB Data Portal, dataset FM",https://data.ecb.europa.eu/data/datasets/FM,2026-09-16,,,n/a,nivel,media_ponderada_volumen,serie FM.D.U2.EUR.4F.KR.MRR_FR.LEV
Zona euro (referencia),liquidez_banco_central,tipo_operaciones_principales_BCE | Main refinancing operations - fixed rate tenders (fixed rate) (date of changes) - Level,2.4,pct_anual,2026-08-08,"BCE, ECB Data Portal, dataset FM",https://data.ecb.europa.eu/data/datasets/FM,2026-09-16,,,n/a,nivel,media_ponderada_volumen,serie FM.D.U2.EUR.4F.KR.MRR_FR.LEV
Zona euro (referencia),liquidez_banco_central,tipo_operaciones_principales_BCE | Main refinancing operations - fixed rate tenders (fixed rate) (date of changes) - Level,2.4,pct_anual,2026-08-09,"BCE, ECB Data Portal, dataset FM",https://data.ecb.europa.eu/data/datasets/FM,2026-09-16,,,n/a,nivel,media_ponderada_volumen,serie FM.D.U2.EUR.4F.KR.MRR_FR.LEV
Zona euro (referencia),liquidez_banco_central,tipo_operaciones_principales_BCE | Main refinancing operations - fixed rate tenders (fixed rate) (date of changes) - Level,2.4,pct_anual,2026-08-10,"BCE, ECB Data Portal, dataset FM",https://data.ecb.europa.eu/data/datasets/FM,2026-09-16,,,n/a,nivel,media_ponderada_volumen,serie FM.D.U2.EUR.4F.KR.MRR_FR.LEV
Zona euro (referencia),liquidez_banco_central,tipo_operaciones_principales_BCE | Main refinancing operations - fixed rate tenders (fixed rate) (date of changes) - Level,2.4,pct_anual,2026-08-11,"BCE, ECB Data Portal, dataset FM",https://data.ecb.europa.eu/data/datasets/FM,2026-09-16,,,n/a,nivel,media_ponderada_volumen,serie FM.D.U2.EUR.4F.KR.MRR_FR.LEV
Zona euro (referencia),liquidez_banco_central,tipo_operaciones_principales_BCE | Main refinancing operations - fixed rate tenders (fixed rate) (date of changes) - Level,2.4,pct_anual,2026-08-12,"BCE, ECB Data Portal, dataset FM",https://data.ecb.europa.eu/data/datasets/FM,2026-09-16,,,n/a,nivel,media_ponderada_volumen,serie FM.D.U2.EUR.4F.KR.MRR_FR.LEV
Zona euro (referencia),liquidez_banco_central,tipo_operaciones_principales_BCE | Main refinancing operations - fixed rate tenders (fixed rate) (date of changes) - Level,2.4,pct_anual,2026-08-13,"BCE, ECB Data Portal, dataset FM",https://data.ecb.europa.eu/data/datasets/FM,2026-09-16,,,n/a,nivel,media_ponderada_volumen,serie FM.D.U2.EUR.4F.KR.MRR_FR.LEV
Zona euro (referencia),liquidez_banco_central,tipo_operaciones_principales_BCE | Main refinancing operations - fixed rate tenders (fixed rate) (date of changes) - Level,2.4,pct_anual,2026-08-14,"BCE, ECB Data Portal, dataset FM",https://data.ecb.europa.eu/data/datasets/FM,2026-09-16,,,n/a,nivel,media_ponderada_volumen,serie FM.D.U2.EUR.4F.KR.MRR_FR.LEV
Zona euro (referencia),liquidez_banco_central,tipo_operaciones_principales_BCE | Main refinancing operations - fixed rate tenders (fixed rate) (date of changes) - Level,2.4,pct_anual,2026-08-15,"BCE, ECB Data Portal, dataset FM",https://data.ecb.europa.eu/data/datasets/FM,2026-09-16,,,n/a,nivel,media_ponderada_volumen,serie FM.D.U2.EUR.4F.KR.MRR_FR.LEV
Zona euro (referencia),liquidez_banco_central,tipo_operaciones_principales_BCE | Main refinancing operations - fixed rate tenders (fixed rate) (date of changes) - Level,2.4,pct_anual,2026-08-16,"BCE, ECB Data Portal, dataset FM",https://data.ecb.europa.eu/data/datasets/FM,2026-09-16,,,n/a,nivel,media_ponderada_volumen,serie FM.D.U2.EUR.4F.KR.MRR_FR.LEV
Zona euro (referencia),liquidez_banco_central,tipo_operaciones_principales_BCE | Main refinancing operations - fixed rate tenders (fixed rate) (date of changes) - Level,2.4,pct_anual,2026-08-17,"BCE, ECB Data Portal, dataset FM",https://data.ecb.europa.eu/data/datasets/FM,2026-09-16,,,n/a,nivel,media_ponderada_volumen,serie FM.D.U2.EUR.4F.KR.MRR_FR.LEV
Zona euro (referencia),liquidez_banco_central,tipo_operaciones_principales_BCE | Main refinancing operations - fixed rate tenders (fixed rate) (date of changes) - Level,2.4,pct_anual,2026-08-18,"BCE, ECB Data Portal, dataset FM",https://data.ecb.europa.eu/data/datasets/FM,2026-09-16,,,n/a,nivel,media_ponderada_volumen,serie FM.D.U2.EUR.4F.KR.MRR_FR.LEV
Zona euro (referencia),liquidez_banco_central,tipo_operaciones_principales_BCE | Main refinancing operations - fixed rate tenders (fixed rate) (date of changes) - Level,2.4,pct_anual,2026-08-19,"BCE, ECB Data Portal, dataset FM",https://data.ecb.europa.eu/data/datasets/FM,2026-09-16,,,n/a,nivel,media_ponderada_volumen,serie FM.D.U2.EUR.4F.KR.MRR_FR.LEV
Zona euro (referencia),liquidez_banco_central,tipo_operaciones_principales_BCE | Main refinancing operations - fixed rate tenders (fixed rate) (date of changes) - Level,2.4,pct_anual,2026-08-20,"BCE, ECB Data Portal, dataset FM",https://data.ecb.europa.eu/data/datasets/FM,2026-09-16,,,n/a,nivel,media_ponderada_volumen,serie FM.D.U2.EUR.4F.KR.MRR_FR.LEV
Zona euro (referencia),liquidez_banco_central,tipo_operaciones_principales_BCE | Main refinancing operations - fixed rate tenders (fixed rate) (date of changes) - Level,2.4,pct_anual,2026-08-21,"BCE, ECB Data Portal, dataset FM",https://data.ecb.europa.eu/data/datasets/FM,2026-09-16,,,n/a,nivel,media_ponderada_volumen,serie FM.D.U2.EUR.4F.KR.MRR_FR.LEV
Zona euro (referencia),liquidez_banco_central,tipo_operaciones_principales_BCE | Main refinancing operations - fixed rate tenders (fixed rate) (date of changes) - Level,2.4,pct_anual,2026-08-22,"BCE, ECB Data Portal, dataset FM",https://data.ecb.europa.eu/data/datasets/FM,2026-09-16,,,n/a,nivel,media_ponderada_volumen,serie FM.D.U2.EUR.4F.KR.MRR_FR.LEV
Zona euro (referencia),liquidez_banco_central,tipo_operaciones_principales_BCE | Main refinancing operations - fixed rate tenders (fixed rate) (date of changes) - Level,2.4,pct_anual,2026-08-23,"BCE, ECB Data Portal, dataset FM",https://data.ecb.europa.eu/data/datasets/FM,2026-09-16,,,n/a,nivel,media_ponderada_volumen,serie FM.D.U2.EUR.4F.KR.MRR_FR.LEV
Zona euro (referencia),liquidez_banco_central,tipo_operaciones_principales_BCE | Main refinancing operations - fixed rate tenders (fixed rate) (date of changes) - Level,2.4,pct_anual,2026-08-24,"BCE, ECB Data Portal, dataset FM",https://data.ecb.europa.eu/data/datasets/FM,2026-09-16,,,n/a,nivel,media_ponderada_volumen,serie FM.D.U2.EUR.4F.KR.MRR_FR.LEV
Zona euro (referencia),liquidez_banco_central,tipo_operaciones_principales_BCE | Main refinancing operations - fixed rate tenders (fixed rate) (date of changes) - Level,2.4,pct_anual,2026-08-25,"BCE, ECB Data Portal, dataset FM",https://data.ecb.europa.eu/data/datasets/FM,2026-09-16,,,n/a,nivel,media_ponderada_volumen,serie FM.D.U2.EUR.4F.KR.MRR_FR.LEV
Zona euro (referencia),liquidez_banco_central,tipo_operaciones_principales_BCE | Main refinancing operations - fixed rate tenders (fixed rate) (date of changes) - Level,2.4,pct_anual,2026-08-26,"BCE, ECB Data Portal, dataset FM",https://data.ecb.europa.eu/data/datasets/FM,2026-09-16,,,n/a,nivel,media_ponderada_volumen,serie FM.D.U2.EUR.4F.KR.MRR_FR.LEV
Zona euro (referencia),liquidez_banco_central,tipo_operaciones_principales_BCE | Main refinancing operations - fixed rate tenders (fixed rate) (date of changes) - Level,2.4,pct_anual,2026-08-27,"BCE, ECB Data Portal, dataset FM",https://data.ecb.europa.eu/data/datasets/FM,2026-09-16,,,n/a,nivel,media_ponderada_volumen,serie FM.D.U2.EUR.4F.KR.MRR_FR.LEV
Zona euro (referencia),liquidez_banco_central,tipo_operaciones_principales_BCE | Main refinancing operations - fixed rate tenders (fixed rate) (date of changes) - Level,2.4,pct_anual,2026-08-28,"BCE, ECB Data Portal, dataset FM",https://data.ecb.europa.eu/data/datasets/FM,2026-09-16,,,n/a,nivel,media_ponderada_volumen,serie FM.D.U2.EUR.4F.KR.MRR_FR.LEV
Zona euro (referencia),liquidez_banco_central,tipo_operaciones_principales_BCE | Main refinancing operations - fixed rate tenders (fixed rate) (date of changes) - Level,2.4,pct_anual,2026-08-29,"BCE, ECB Data Portal, dataset FM",https://data.ecb.europa.eu/data/datasets/FM,2026-09-16,,,n/a,nivel,media_ponderada_volumen,serie FM.D.U2.EUR.4F.KR.MRR_FR.LEV
Zona euro (referencia),liquidez_banco_central,tipo_operaciones_principales_BCE | Main refinancing operations - fixed rate tenders (fixed rate) (date of changes) - Level,2.4,pct_anual,2026-08-30,"BCE, ECB Data Portal, dataset FM",https://data.ecb.europa.eu/data/datasets/FM,2026-09-16,,,n/a,nivel,media_ponderada_volumen,serie FM.D.U2.EUR.4F.KR.MRR_FR.LEV
Zona euro (referencia),liquidez_banco_central,tipo_operaciones_principales_BCE | Main refinancing operations - fixed rate tenders (fixed rate) (date of changes) - Level,2.4,pct_anual,2026-08-31,"BCE, ECB Data Portal, dataset FM",https://data.ecb.europa.eu/data/datasets/FM,2026-09-16,,,n/a,nivel,media_ponderada_volumen,serie FM.D.U2.EUR.4F.KR.MRR_FR.LEV
Zona euro (referencia),liquidez_banco_central,tipo_operaciones_principales_BCE | Main refinancing operations - fixed rate tenders (fixed rate) (date of changes) - Level,2.4,pct_anual,2026-09-01,"BCE, ECB Data Portal, dataset FM",https://data.ecb.europa.eu/data/datasets/FM,2026-09-16,,,n/a,nivel,media_ponderada_volumen,serie FM.D.U2.EUR.4F.KR.MRR_FR.LEV
Zona euro (referencia),liquidez_banco_central,tipo_operaciones_principales_BCE | Main refinancing operations - fixed rate tenders (fixed rate) (date of changes) - Level,2.4,pct_anual,2026-09-02,"BCE, ECB Data Portal, dataset FM",https://data.ecb.europa.eu/data/datasets/FM,2026-09-16,,,n/a,nivel,media_ponderada_volumen,serie FM.D.U2.EUR.4F.KR.MRR_FR.LEV
Zona euro (referencia),liquidez_banco_central,tipo_operaciones_principales_BCE | Main refinancing operations - fixed rate tenders (fixed rate) (date of changes) - Level,2.4,pct_anual,2026-09-03,"BCE, ECB Data Portal, dataset FM",https://data.ecb.europa.eu/data/datasets/FM,2026-09-16,,,n/a,nivel,media_ponderada_volumen,serie FM.D.U2.EUR.4F.KR.MRR_FR.LEV
Zona euro (referencia),liquidez_banco_central,tipo_operaciones_principales_BCE | Main refinancing operations - fixed rate tenders (fixed rate) (date of changes) - Level,2.4,pct_anual,2026-09-04,"BCE, ECB Data Portal, dataset FM",https://data.ecb.europa.eu/data/datasets/FM,2026-09-16,,,n/a,nivel,media_ponderada_volumen,serie FM.D.U2.EUR.4F.KR.MRR_FR.LEV
Zona euro (referencia),liquidez_banco_central,tipo_operaciones_principales_BCE | Main refinancing operations - fixed rate tenders (fixed rate) (date of changes) - Level,2.4,pct_anual,2026-09-05,"BCE, ECB Data Portal, dataset FM",https://data.ecb.europa.eu/data/datasets/FM,2026-09-16,,,n/a,nivel,media_ponderada_volumen,serie FM.D.U2.EUR.4F.KR.MRR_FR.LEV
Zona euro (referencia),liquidez_banco_central,tipo_operaciones_principales_BCE | Main refinancing operations - fixed rate tenders (fixed rate) (date of changes) - Level,2.4,pct_anual,2026-09-06,"BCE, ECB Data Portal, dataset FM",https://data.ecb.europa.eu/data/datasets/FM,2026-09-16,,,n/a,nivel,media_ponderada_volumen,serie FM.D.U2.EUR.4F.KR.MRR_FR.LEV
Zona euro (referencia),liquidez_banco_central,tipo_operaciones_principales_BCE | Main refinancing operations - fixed rate tenders (fixed rate) (date of changes) - Level,2.4,pct_anual,2026-09-07,"BCE, ECB Data Portal, dataset FM",https://data.ecb.europa.eu/data/datasets/FM,2026-09-16,,,n/a,nivel,media_ponderada_volumen,serie FM.D.U2.EUR.4F.KR.MRR_FR.LEV
Zona euro (referencia),liquidez_banco_central,tipo_operaciones_principales_BCE | Main refinancing operations - fixed rate tenders (fixed rate) (date of changes) - Level,2.4,pct_anual,2026-09-08,"BCE, ECB Data Portal, dataset FM",https://data.ecb.europa.eu/data/datasets/FM,2026-09-16,,,n/a,nivel,media_ponderada_volumen,serie FM.D.U2.EUR.4F.KR.MRR_FR.LEV
Zona euro (referencia),liquidez_banco_central,tipo_operaciones_principales_BCE | Main refinancing operations - fixed rate tenders (fixed rate) (date of changes) - Level,2.4,pct_anual,2026-09-09,"BCE, ECB Data Portal, dataset FM",https://data.ecb.europa.eu/data/datasets/FM,2026-09-16,,,n/a,nivel,media_ponderada_volumen,serie FM.D.U2.EUR.4F.KR.MRR_FR.LEV
Zona euro (referencia),liquidez_banco_central,tipo_operaciones_principales_BCE | Main refinancing operations - fixed rate tenders (fixed rate) (date of changes) - Level,2.4,pct_anual,2026-09-10,"BCE, ECB Data Portal, dataset FM",https://data.ecb.europa.eu/data/datasets/FM,2026-09-16,,,n/a,nivel,media_ponderada_volumen,serie FM.D.U2.EUR.4F.KR.MRR_FR.LEV
Zona euro (referencia),liquidez_banco_central,tipo_operaciones_principales_BCE | Main refinancing operations - fixed rate tenders (fixed rate) (date of changes) - Level,2.4,pct_anual,2026-09-11,"BCE, ECB Data Portal, dataset FM",https://data.ecb.europa.eu/data/datasets/FM,2026-09-16,,,n/a,nivel,media_ponderada_volumen,serie FM.D.U2.EUR.4F.KR.MRR_FR.LEV
Zona euro (referencia),liquidez_banco_central,tipo_operaciones_principales_BCE | Main refinancing operations - fixed rate tenders (fixed rate) (date of changes) - Level,2.4,pct_anual,2026-09-12,"BCE, ECB Data Portal, dataset FM",https://data.ecb.europa.eu/data/datasets/FM,2026-09-16,,,n/a,nivel,media_ponderada_volumen,serie FM.D.U2.EUR.4F.KR.MRR_FR.LEV
Zona euro (referencia),liquidez_banco_central,tipo_operaciones_principales_BCE | Main refinancing operations - fixed rate tenders (fixed rate) (date of changes) - Level,2.4,pct_anual,2026-09-13,"BCE, ECB Data Portal, dataset FM",https://data.ecb.europa.eu/data/datasets/FM,2026-09-16,,,n/a,nivel,media_ponderada_volumen,serie FM.D.U2.EUR.4F.KR.MRR_FR.LEV
Zona euro (referencia),liquidez_banco_central,tipo_operaciones_principales_BCE | Main refinancing operations - fixed rate tenders (fixed rate) (date of changes) - Level,2.4,pct_anual,2026-09-14,"BCE, ECB Data Portal, dataset FM",https://data.ecb.europa.eu/data/datasets/FM,2026-09-16,,,n/a,nivel,media_ponderada_volumen,serie FM.D.U2.EUR.4F.KR.MRR_FR.LEV
Zona euro (referencia),liquidez_banco_central,tipo_operaciones_principales_BCE | Main refinancing operations - fixed rate tenders (fixed rate) (date of changes) - Level,2.4,pct_anual,2026-09-15,"BCE, ECB Data Portal, dataset FM",https://data.ecb.europa.eu/data/datasets/FM,2026-09-16,,,n/a,nivel,media_ponderada_volumen,serie FM.D.U2.EUR.4F.KR.MRR_FR.LEV
Zona euro (referencia),liquidez_banco_central,tipo_operaciones_principales_BCE | Main refinancing operations - fixed rate tenders (fixed rate) (date of changes) - Level,2.65,pct_anual,2026-09-16,"BCE, ECB Data Portal, dataset FM",https://data.ecb.europa.eu/data/datasets/FM,2026-09-16,,,n/a,nivel,media_ponderada_volumen,serie FM.D.U2.EUR.4F.KR.MRR_FR.LEV
Zona euro (referencia),liquidez_banco_central,"euribor_3m | Euribor 3-month - Historical close, average of observations through period",2.7042727,pct_anual,2025-01,"BCE, ECB Data Portal, dataset FM",https://data.ecb.europa.eu/data/datasets/FM,2026-09-16,,,n/a,nivel,media_ponderada_volumen,serie FM.M.U2.EUR.RT.MM.EURIBOR3MD_.HSTA
Zona euro (referencia),liquidez_banco_central,"euribor_3m | Euribor 3-month - Historical close, average of observations through period",2.52495,pct_anual,2025-02,"BCE, ECB Data Portal, dataset FM",https://data.ecb.europa.eu/data/datasets/FM,2026-09-16,,,n/a,nivel,media_ponderada_volumen,serie FM.M.U2.EUR.RT.MM.EURIBOR3MD_.HSTA
Zona euro (referencia),liquidez_banco_central,"euribor_3m | Euribor 3-month - Historical close, average of observations through period",2.4424286,pct_anual,2025-03,"BCE, ECB Data Portal, dataset FM",https://data.ecb.europa.eu/data/datasets/FM,2026-09-16,,,n/a,nivel,media_ponderada_volumen,serie FM.M.U2.EUR.RT.MM.EURIBOR3MD_.HSTA
Zona euro (referencia),liquidez_banco_central,"euribor_3m | Euribor 3-month - Historical close, average of observations through period",2.2494,pct_anual,2025-04,"BCE, ECB Data Portal, dataset FM",https://data.ecb.europa.eu/data/datasets/FM,2026-09-16,,,n/a,nivel,media_ponderada_volumen,serie FM.M.U2.EUR.RT.MM.EURIBOR3MD_.HSTA
Zona euro (referencia),liquidez_banco_central,"euribor_3m | Euribor 3-month - Historical close, average of observations through period",2.0872381,pct_anual,2025-05,"BCE, ECB Data Portal, dataset FM",https://data.ecb.europa.eu/data/datasets/FM,2026-09-16,,,n/a,nivel,media_ponderada_volumen,serie FM.M.U2.EUR.RT.MM.EURIBOR3MD_.HSTA
Zona euro (referencia),liquidez_banco_central,"euribor_3m | Euribor 3-month - Historical close, average of observations through period",1.983619,pct_anual,2025-06,"BCE, ECB Data Portal, dataset FM",https://data.ecb.europa.eu/data/datasets/FM,2026-09-16,,,n/a,nivel,media_ponderada_volumen,serie FM.M.U2.EUR.RT.MM.EURIBOR3MD_.HSTA
Zona euro (referencia),liquidez_banco_central,"euribor_3m | Euribor 3-month - Historical close, average of observations through period",1.9863478,pct_anual,2025-07,"BCE, ECB Data Portal, dataset FM",https://data.ecb.europa.eu/data/datasets/FM,2026-09-16,,,n/a,nivel,media_ponderada_volumen,serie FM.M.U2.EUR.RT.MM.EURIBOR3MD_.HSTA
Zona euro (referencia),liquidez_banco_central,"euribor_3m | Euribor 3-month - Historical close, average of observations through period",2.0210952,pct_anual,2025-08,"BCE, ECB Data Portal, dataset FM",https://data.ecb.europa.eu/data/datasets/FM,2026-09-16,,,n/a,nivel,media_ponderada_volumen,serie FM.M.U2.EUR.RT.MM.EURIBOR3MD_.HSTA
Zona euro (referencia),liquidez_banco_central,"euribor_3m | Euribor 3-month - Historical close, average of observations through period",2.0272727,pct_anual,2025-09,"BCE, ECB Data Portal, dataset FM",https://data.ecb.europa.eu/data/datasets/FM,2026-09-16,,,n/a,nivel,media_ponderada_volumen,serie FM.M.U2.EUR.RT.MM.EURIBOR3MD_.HSTA
Zona euro (referencia),liquidez_banco_central,"euribor_3m | Euribor 3-month - Historical close, average of observations through period",2.0344348,pct_anual,2025-10,"BCE, ECB Data Portal, dataset FM",https://data.ecb.europa.eu/data/datasets/FM,2026-09-16,,,n/a,nivel,media_ponderada_volumen,serie FM.M.U2.EUR.RT.MM.EURIBOR3MD_.HSTA
Zona euro (referencia),liquidez_banco_central,"euribor_3m | Euribor 3-month - Historical close, average of observations through period",2.04165,pct_anual,2025-11,"BCE, ECB Data Portal, dataset FM",https://data.ecb.europa.eu/data/datasets/FM,2026-09-16,,,n/a,nivel,media_ponderada_volumen,serie FM.M.U2.EUR.RT.MM.EURIBOR3MD_.HSTA
Zona euro (referencia),liquidez_banco_central,"euribor_3m | Euribor 3-month - Historical close, average of observations through period",2.0484286,pct_anual,2025-12,"BCE, ECB Data Portal, dataset FM",https://data.ecb.europa.eu/data/datasets/FM,2026-09-16,,,n/a,nivel,media_ponderada_volumen,serie FM.M.U2.EUR.RT.MM.EURIBOR3MD_.HSTA
Zona euro (referencia),liquidez_banco_central,"euribor_3m | Euribor 3-month - Historical close, average of observations through period",2.0277273,pct_anual,2026-01,"BCE, ECB Data Portal, dataset FM",https://data.ecb.europa.eu/data/datasets/FM,2026-09-16,,,n/a,nivel,media_ponderada_volumen,serie FM.M.U2.EUR.RT.MM.EURIBOR3MD_.HSTA
Zona euro (referencia),liquidez_banco_central,"euribor_3m | Euribor 3-month - Historical close, average of observations through period",2.0113,pct_anual,2026-02,"BCE, ECB Data Portal, dataset FM",https://data.ecb.europa.eu/data/datasets/FM,2026-09-16,,,n/a,nivel,media_ponderada_volumen,serie FM.M.U2.EUR.RT.MM.EURIBOR3MD_.HSTA
Zona euro (referencia),liquidez_banco_central,"euribor_3m | Euribor 3-month - Historical close, average of observations through period",2.1094091,pct_anual,2026-03,"BCE, ECB Data Portal, dataset FM",https://data.ecb.europa.eu/data/datasets/FM,2026-09-16,,,n/a,nivel,media_ponderada_volumen,serie FM.M.U2.EUR.RT.MM.EURIBOR3MD_.HSTA
Zona euro (referencia),liquidez_banco_central,"euribor_3m | Euribor 3-month - Historical close, average of observations through period",2.1753,pct_anual,2026-04,"BCE, ECB Data Portal, dataset FM",https://data.ecb.europa.eu/data/datasets/FM,2026-09-16,,,n/a,nivel,media_ponderada_volumen,serie FM.M.U2.EUR.RT.MM.EURIBOR3MD_.HSTA
Zona euro (referencia),liquidez_banco_central,"euribor_3m | Euribor 3-month - Historical close, average of observations through period",2.2261,pct_anual,2026-05,"BCE, ECB Data Portal, dataset FM",https://data.ecb.europa.eu/data/datasets/FM,2026-09-16,,,n/a,nivel,media_ponderada_volumen,serie FM.M.U2.EUR.RT.MM.EURIBOR3MD_.HSTA
Zona euro (referencia),liquidez_banco_central,"euribor_3m | Euribor 3-month - Historical close, average of observations through period",2.339,pct_anual,2026-06,"BCE, ECB Data Portal, dataset FM",https://data.ecb.europa.eu/data/datasets/FM,2026-09-16,,,n/a,nivel,media_ponderada_volumen,serie FM.M.U2.EUR.RT.MM.EURIBOR3MD_.HSTA
Zona euro (referencia),liquidez_banco_central,"euribor_3m | Euribor 3-month - Historical close, average of observations through period",2.4253913,pct_anual,2026-07,"BCE, ECB Data Portal, dataset FM",https://data.ecb.europa.eu/data/datasets/FM,2026-09-16,,,n/a,nivel,media_ponderada_volumen,serie FM.M.U2.EUR.RT.MM.EURIBOR3MD_.HSTA
Zona euro (referencia),liquidez_banco_central,"euribor_3m | Euribor 3-month - Historical close, average of observations through period",2.5131429,pct_anual,2026-08,"BCE, ECB Data Portal, dataset FM",https://data.ecb.europa.eu/data/datasets/FM,2026-09-16,,,n/a,nivel,media_ponderada_volumen,serie FM.M.U2.EUR.RT.MM.EURIBOR3MD_.HSTA
