pais,producto,metrica,valor,unidad,periodo_referencia,fuente,url,fecha_publicacion,tramo_importe,plazo_fijacion,criterio_segmentacion,tipo_de_dato,ponderacion,notas
Espana,credito_consumo_hogares_referencia,tipo | Bank interest rates - loans to households for other purposes (new business),4.87,pct_anual,2025-01,"BCE, ECB Data Portal, dataset MIR",https://data.ecb.europa.eu/data/datasets/MIR/MIR.MIR.M.ES.B.A2D.A.R.A.2250.EUR.N,2026-09-16,Total,Total initial rate fixation,n/a,nivel,media_ponderada_volumen,serie MIR.M.ES.B.A2D.A.R.A.2250.EUR.N
Espana,credito_consumo_hogares_referencia,tipo | Bank interest rates - loans to households for other purposes (new business),4.88,pct_anual,2025-02,"BCE, ECB Data Portal, dataset MIR",https://data.ecb.europa.eu/data/datasets/MIR/MIR.MIR.M.ES.B.A2D.A.R.A.2250.EUR.N,2026-09-16,Total,Total initial rate fixation,n/a,nivel,media_ponderada_volumen,serie MIR.M.ES.B.A2D.A.R.A.2250.EUR.N
Espana,credito_consumo_hogares_referencia,tipo | Bank interest rates - loans to households for other purposes (new business),4.47,pct_anual,2025-03,"BCE, ECB Data Portal, dataset MIR",https://data.ecb.europa.eu/data/datasets/MIR/MIR.MIR.M.ES.B.A2D.A.R.A.2250.EUR.N,2026-09-16,Total,Total initial rate fixation,n/a,nivel,media_ponderada_volumen,serie MIR.M.ES.B.A2D.A.R.A.2250.EUR.N
Espana,credito_consumo_hogares_referencia,tipo | Bank interest rates - loans to households for other purposes (new business),4.42,pct_anual,2025-04,"BCE, ECB Data Portal, dataset MIR",https://data.ecb.europa.eu/data/datasets/MIR/MIR.MIR.M.ES.B.A2D.A.R.A.2250.EUR.N,2026-09-16,Total,Total initial rate fixation,n/a,nivel,media_ponderada_volumen,serie MIR.M.ES.B.A2D.A.R.A.2250.EUR.N
Espana,credito_consumo_hogares_referencia,tipo | Bank interest rates - loans to households for other purposes (new business),4.47,pct_anual,2025-05,"BCE, ECB Data Portal, dataset MIR",https://data.ecb.europa.eu/data/datasets/MIR/MIR.MIR.M.ES.B.A2D.A.R.A.2250.EUR.N,2026-09-16,Total,Total initial rate fixation,n/a,nivel,media_ponderada_volumen,serie MIR.M.ES.B.A2D.A.R.A.2250.EUR.N
Espana,credito_consumo_hogares_referencia,tipo | Bank interest rates - loans to households for other purposes (new business),4.22,pct_anual,2025-06,"BCE, ECB Data Portal, dataset MIR",https://data.ecb.europa.eu/data/datasets/MIR/MIR.MIR.M.ES.B.A2D.A.R.A.2250.EUR.N,2026-09-16,Total,Total initial rate fixation,n/a,nivel,media_ponderada_volumen,serie MIR.M.ES.B.A2D.A.R.A.2250.EUR.N
Espana,credito_consumo_hogares_referencia,tipo | Bank interest rates - loans to households for other purposes (new business),4.18,pct_anual,2025-07,"BCE, ECB Data Portal, dataset MIR",https://data.ecb.europa.eu/data/datasets/MIR/MIR.MIR.M.ES.B.A2D.A.R.A.2250.EUR.N,2026-09-16,Total,Total initial rate fixation,n/a,nivel,media_ponderada_volumen,serie MIR.M.ES.B.A2D.A.R.A.2250.EUR.N
Espana,credito_consumo_hogares_referencia,tipo | Bank interest rates - loans to households for other purposes (new business),4.77,pct_anual,2025-08,"BCE, ECB Data Portal, dataset MIR",https://data.ecb.europa.eu/data/datasets/MIR/MIR.MIR.M.ES.B.A2D.A.R.A.2250.EUR.N,2026-09-16,Total,Total initial rate fixation,n/a,nivel,media_ponderada_volumen,serie MIR.M.ES.B.A2D.A.R.A.2250.EUR.N
Espana,credito_consumo_hogares_referencia,tipo | Bank interest rates - loans to households for other purposes (new business),4.38,pct_anual,2025-09,"BCE, ECB Data Portal, dataset MIR",https://data.ecb.europa.eu/data/datasets/MIR/MIR.MIR.M.ES.B.A2D.A.R.A.2250.EUR.N,2026-09-16,Total,Total initial rate fixation,n/a,nivel,media_ponderada_volumen,serie MIR.M.ES.B.A2D.A.R.A.2250.EUR.N
Espana,credito_consumo_hogares_referencia,tipo | Bank interest rates - loans to households for other purposes (new business),4.44,pct_anual,2025-10,"BCE, ECB Data Portal, dataset MIR",https://data.ecb.europa.eu/data/datasets/MIR/MIR.MIR.M.ES.B.A2D.A.R.A.2250.EUR.N,2026-09-16,Total,Total initial rate fixation,n/a,nivel,media_ponderada_volumen,serie MIR.M.ES.B.A2D.A.R.A.2250.EUR.N
Espana,credito_consumo_hogares_referencia,tipo | Bank interest rates - loans to households for other purposes (new business),4.32,pct_anual,2025-11,"BCE, ECB Data Portal, dataset MIR",https://data.ecb.europa.eu/data/datasets/MIR/MIR.MIR.M.ES.B.A2D.A.R.A.2250.EUR.N,2026-09-16,Total,Total initial rate fixation,n/a,nivel,media_ponderada_volumen,serie MIR.M.ES.B.A2D.A.R.A.2250.EUR.N
Espana,credito_consumo_hogares_referencia,tipo | Bank interest rates - loans to households for other purposes (new business),4.13,pct_anual,2025-12,"BCE, ECB Data Portal, dataset MIR",https://data.ecb.europa.eu/data/datasets/MIR/MIR.MIR.M.ES.B.A2D.A.R.A.2250.EUR.N,2026-09-16,Total,Total initial rate fixation,n/a,nivel,media_ponderada_volumen,serie MIR.M.ES.B.A2D.A.R.A.2250.EUR.N
Espana,credito_consumo_hogares_referencia,tipo | Bank interest rates - loans to households for other purposes (new business),4.36,pct_anual,2026-01,"BCE, ECB Data Portal, dataset MIR",https://data.ecb.europa.eu/data/datasets/MIR/MIR.MIR.M.ES.B.A2D.A.R.A.2250.EUR.N,2026-09-16,Total,Total initial rate fixation,n/a,nivel,media_ponderada_volumen,serie MIR.M.ES.B.A2D.A.R.A.2250.EUR.N
Espana,credito_consumo_hogares_referencia,tipo | Bank interest rates - loans to households for other purposes (new business),4.4,pct_anual,2026-02,"BCE, ECB Data Portal, dataset MIR",https://data.ecb.europa.eu/data/datasets/MIR/MIR.MIR.M.ES.B.A2D.A.R.A.2250.EUR.N,2026-09-16,Total,Total initial rate fixation,n/a,nivel,media_ponderada_volumen,serie MIR.M.ES.B.A2D.A.R.A.2250.EUR.N
Espana,credito_consumo_hogares_referencia,tipo | Bank interest rates - loans to households for other purposes (new business),4.34,pct_anual,2026-03,"BCE, ECB Data Portal, dataset MIR",https://data.ecb.europa.eu/data/datasets/MIR/MIR.MIR.M.ES.B.A2D.A.R.A.2250.EUR.N,2026-09-16,Total,Total initial rate fixation,n/a,nivel,media_ponderada_volumen,serie MIR.M.ES.B.A2D.A.R.A.2250.EUR.N
Espana,credito_consumo_hogares_referencia,tipo | Bank interest rates - loans to households for other purposes (new business),4.48,pct_anual,2026-04,"BCE, ECB Data Portal, dataset MIR",https://data.ecb.europa.eu/data/datasets/MIR/MIR.MIR.M.ES.B.A2D.A.R.A.2250.EUR.N,2026-09-16,Total,Total initial rate fixation,n/a,nivel,media_ponderada_volumen,serie MIR.M.ES.B.A2D.A.R.A.2250.EUR.N
Espana,credito_consumo_hogares_referencia,tipo | Bank interest rates - loans to households for other purposes (new business),4.59,pct_anual,2026-05,"BCE, ECB Data Portal, dataset MIR",https://data.ecb.europa.eu/data/datasets/MIR/MIR.MIR.M.ES.B.A2D.A.R.A.2250.EUR.N,2026-09-16,Total,Total initial rate fixation,n/a,nivel,media_ponderada_volumen,serie MIR.M.ES.B.A2D.A.R.A.2250.EUR.N
Espana,credito_consumo_hogares_referencia,tipo | Bank interest rates - loans to households for other purposes (new business),4.48,pct_anual,2026-06,"BCE, ECB Data Portal, dataset MIR",https://data.ecb.europa.eu/data/datasets/MIR/MIR.MIR.M.ES.B.A2D.A.R.A.2250.EUR.N,2026-09-16,Total,Total initial rate fixation,n/a,nivel,media_ponderada_volumen,serie MIR.M.ES.B.A2D.A.R.A.2250.EUR.N
Espana,credito_consumo_hogares_referencia,tipo | Bank interest rates - loans to households for other purposes (new business),4.56,pct_anual,2026-07,"BCE, ECB Data Portal, dataset MIR",https://data.ecb.europa.eu/data/datasets/MIR/MIR.MIR.M.ES.B.A2D.A.R.A.2250.EUR.N,2026-09-16,Total,Total initial rate fixation,n/a,nivel,media_ponderada_volumen,serie MIR.M.ES.B.A2D.A.R.A.2250.EUR.N
Espana,credito_consumo_hogares_referencia,tipo | Bank interest rates - loans to households for other purposes with a variable rate and an interest rate fixation period of up to one year (new business),4.41,pct_anual,2025-01,"BCE, ECB Data Portal, dataset MIR",https://data.ecb.europa.eu/data/datasets/MIR/MIR.MIR.M.ES.B.A2D.F.R.A.2250.EUR.N,2026-09-16,Total,Up to 1 year initial rate fixation,n/a,nivel,media_ponderada_volumen,serie MIR.M.ES.B.A2D.F.R.A.2250.EUR.N
Espana,credito_consumo_hogares_referencia,tipo | Bank interest rates - loans to households for other purposes with a variable rate and an interest rate fixation period of up to one year (new business),4.36,pct_anual,2025-02,"BCE, ECB Data Portal, dataset MIR",https://data.ecb.europa.eu/data/datasets/MIR/MIR.MIR.M.ES.B.A2D.F.R.A.2250.EUR.N,2026-09-16,Total,Up to 1 year initial rate fixation,n/a,nivel,media_ponderada_volumen,serie MIR.M.ES.B.A2D.F.R.A.2250.EUR.N
Espana,credito_consumo_hogares_referencia,tipo | Bank interest rates - loans to households for other purposes with a variable rate and an interest rate fixation period of up to one year (new business),3.92,pct_anual,2025-03,"BCE, ECB Data Portal, dataset MIR",https://data.ecb.europa.eu/data/datasets/MIR/MIR.MIR.M.ES.B.A2D.F.R.A.2250.EUR.N,2026-09-16,Total,Up to 1 year initial rate fixation,n/a,nivel,media_ponderada_volumen,serie MIR.M.ES.B.A2D.F.R.A.2250.EUR.N
Espana,credito_consumo_hogares_referencia,tipo | Bank interest rates - loans to households for other purposes with a variable rate and an interest rate fixation period of up to one year (new business),4.05,pct_anual,2025-04,"BCE, ECB Data Portal, dataset MIR",https://data.ecb.europa.eu/data/datasets/MIR/MIR.MIR.M.ES.B.A2D.F.R.A.2250.EUR.N,2026-09-16,Total,Up to 1 year initial rate fixation,n/a,nivel,media_ponderada_volumen,serie MIR.M.ES.B.A2D.F.R.A.2250.EUR.N
Espana,credito_consumo_hogares_referencia,tipo | Bank interest rates - loans to households for other purposes with a variable rate and an interest rate fixation period of up to one year (new business),3.87,pct_anual,2025-05,"BCE, ECB Data Portal, dataset MIR",https://data.ecb.europa.eu/data/datasets/MIR/MIR.MIR.M.ES.B.A2D.F.R.A.2250.EUR.N,2026-09-16,Total,Up to 1 year initial rate fixation,n/a,nivel,media_ponderada_volumen,serie MIR.M.ES.B.A2D.F.R.A.2250.EUR.N
Espana,credito_consumo_hogares_referencia,tipo | Bank interest rates - loans to households for other purposes with a variable rate and an interest rate fixation period of up to one year (new business),3.65,pct_anual,2025-06,"BCE, ECB Data Portal, dataset MIR",https://data.ecb.europa.eu/data/datasets/MIR/MIR.MIR.M.ES.B.A2D.F.R.A.2250.EUR.N,2026-09-16,Total,Up to 1 year initial rate fixation,n/a,nivel,media_ponderada_volumen,serie MIR.M.ES.B.A2D.F.R.A.2250.EUR.N
Espana,credito_consumo_hogares_referencia,tipo | Bank interest rates - loans to households for other purposes with a variable rate and an interest rate fixation period of up to one year (new business),3.74,pct_anual,2025-07,"BCE, ECB Data Portal, dataset MIR",https://data.ecb.europa.eu/data/datasets/MIR/MIR.MIR.M.ES.B.A2D.F.R.A.2250.EUR.N,2026-09-16,Total,Up to 1 year initial rate fixation,n/a,nivel,media_ponderada_volumen,serie MIR.M.ES.B.A2D.F.R.A.2250.EUR.N
Espana,credito_consumo_hogares_referencia,tipo | Bank interest rates - loans to households for other purposes with a variable rate and an interest rate fixation period of up to one year (new business),4.33,pct_anual,2025-08,"BCE, ECB Data Portal, dataset MIR",https://data.ecb.europa.eu/data/datasets/MIR/MIR.MIR.M.ES.B.A2D.F.R.A.2250.EUR.N,2026-09-16,Total,Up to 1 year initial rate fixation,n/a,nivel,media_ponderada_volumen,serie MIR.M.ES.B.A2D.F.R.A.2250.EUR.N
Espana,credito_consumo_hogares_referencia,tipo | Bank interest rates - loans to households for other purposes with a variable rate and an interest rate fixation period of up to one year (new business),3.84,pct_anual,2025-09,"BCE, ECB Data Portal, dataset MIR",https://data.ecb.europa.eu/data/datasets/MIR/MIR.MIR.M.ES.B.A2D.F.R.A.2250.EUR.N,2026-09-16,Total,Up to 1 year initial rate fixation,n/a,nivel,media_ponderada_volumen,serie MIR.M.ES.B.A2D.F.R.A.2250.EUR.N
Espana,credito_consumo_hogares_referencia,tipo | Bank interest rates - loans to households for other purposes with a variable rate and an interest rate fixation period of up to one year (new business),3.96,pct_anual,2025-10,"BCE, ECB Data Portal, dataset MIR",https://data.ecb.europa.eu/data/datasets/MIR/MIR.MIR.M.ES.B.A2D.F.R.A.2250.EUR.N,2026-09-16,Total,Up to 1 year initial rate fixation,n/a,nivel,media_ponderada_volumen,serie MIR.M.ES.B.A2D.F.R.A.2250.EUR.N
Espana,credito_consumo_hogares_referencia,tipo | Bank interest rates - loans to households for other purposes with a variable rate and an interest rate fixation period of up to one year (new business),3.81,pct_anual,2025-11,"BCE, ECB Data Portal, dataset MIR",https://data.ecb.europa.eu/data/datasets/MIR/MIR.MIR.M.ES.B.A2D.F.R.A.2250.EUR.N,2026-09-16,Total,Up to 1 year initial rate fixation,n/a,nivel,media_ponderada_volumen,serie MIR.M.ES.B.A2D.F.R.A.2250.EUR.N
Espana,credito_consumo_hogares_referencia,tipo | Bank interest rates - loans to households for other purposes with a variable rate and an interest rate fixation period of up to one year (new business),3.62,pct_anual,2025-12,"BCE, ECB Data Portal, dataset MIR",https://data.ecb.europa.eu/data/datasets/MIR/MIR.MIR.M.ES.B.A2D.F.R.A.2250.EUR.N,2026-09-16,Total,Up to 1 year initial rate fixation,n/a,nivel,media_ponderada_volumen,serie MIR.M.ES.B.A2D.F.R.A.2250.EUR.N
Espana,credito_consumo_hogares_referencia,tipo | Bank interest rates - loans to households for other purposes with a variable rate and an interest rate fixation period of up to one year (new business),4.2,pct_anual,2026-01,"BCE, ECB Data Portal, dataset MIR",https://data.ecb.europa.eu/data/datasets/MIR/MIR.MIR.M.ES.B.A2D.F.R.A.2250.EUR.N,2026-09-16,Total,Up to 1 year initial rate fixation,n/a,nivel,media_ponderada_volumen,serie MIR.M.ES.B.A2D.F.R.A.2250.EUR.N
Espana,credito_consumo_hogares_referencia,tipo | Bank interest rates - loans to households for other purposes with a variable rate and an interest rate fixation period of up to one year (new business),4.09,pct_anual,2026-02,"BCE, ECB Data Portal, dataset MIR",https://data.ecb.europa.eu/data/datasets/MIR/MIR.MIR.M.ES.B.A2D.F.R.A.2250.EUR.N,2026-09-16,Total,Up to 1 year initial rate fixation,n/a,nivel,media_ponderada_volumen,serie MIR.M.ES.B.A2D.F.R.A.2250.EUR.N
Espana,credito_consumo_hogares_referencia,tipo | Bank interest rates - loans to households for other purposes with a variable rate and an interest rate fixation period of up to one year (new business),4.05,pct_anual,2026-03,"BCE, ECB Data Portal, dataset MIR",https://data.ecb.europa.eu/data/datasets/MIR/MIR.MIR.M.ES.B.A2D.F.R.A.2250.EUR.N,2026-09-16,Total,Up to 1 year initial rate fixation,n/a,nivel,media_ponderada_volumen,serie MIR.M.ES.B.A2D.F.R.A.2250.EUR.N
Espana,credito_consumo_hogares_referencia,tipo | Bank interest rates - loans to households for other purposes with a variable rate and an interest rate fixation period of up to one year (new business),4.22,pct_anual,2026-04,"BCE, ECB Data Portal, dataset MIR",https://data.ecb.europa.eu/data/datasets/MIR/MIR.MIR.M.ES.B.A2D.F.R.A.2250.EUR.N,2026-09-16,Total,Up to 1 year initial rate fixation,n/a,nivel,media_ponderada_volumen,serie MIR.M.ES.B.A2D.F.R.A.2250.EUR.N
Espana,credito_consumo_hogares_referencia,tipo | Bank interest rates - loans to households for other purposes with a variable rate and an interest rate fixation period of up to one year (new business),4.24,pct_anual,2026-05,"BCE, ECB Data Portal, dataset MIR",https://data.ecb.europa.eu/data/datasets/MIR/MIR.MIR.M.ES.B.A2D.F.R.A.2250.EUR.N,2026-09-16,Total,Up to 1 year initial rate fixation,n/a,nivel,media_ponderada_volumen,serie MIR.M.ES.B.A2D.F.R.A.2250.EUR.N
Espana,credito_consumo_hogares_referencia,tipo | Bank interest rates - loans to households for other purposes with a variable rate and an interest rate fixation period of up to one year (new business),4.2,pct_anual,2026-06,"BCE, ECB Data Portal, dataset MIR",https://data.ecb.europa.eu/data/datasets/MIR/MIR.MIR.M.ES.B.A2D.F.R.A.2250.EUR.N,2026-09-16,Total,Up to 1 year initial rate fixation,n/a,nivel,media_ponderada_volumen,serie MIR.M.ES.B.A2D.F.R.A.2250.EUR.N
Espana,credito_consumo_hogares_referencia,tipo | Bank interest rates - loans to households for other purposes with a variable rate and an interest rate fixation period of up to one year (new business),4.26,pct_anual,2026-07,"BCE, ECB Data Portal, dataset MIR",https://data.ecb.europa.eu/data/datasets/MIR/MIR.MIR.M.ES.B.A2D.F.R.A.2250.EUR.N,2026-09-16,Total,Up to 1 year initial rate fixation,n/a,nivel,media_ponderada_volumen,serie MIR.M.ES.B.A2D.F.R.A.2250.EUR.N; OBS_STATUS=P (no definitivo)
Espana,credito_consumo_hogares_referencia,tipo | Bank interest rates - loans to households for other purposes with an interest rate fixation period of over one & up to five years (new business),5.93,pct_anual,2025-01,"BCE, ECB Data Portal, dataset MIR",https://data.ecb.europa.eu/data/datasets/MIR/MIR.MIR.M.ES.B.A2D.I.R.A.2250.EUR.N,2026-09-16,Total,Over 1 and up to 5 years initial rate fixation,n/a,nivel,media_ponderada_volumen,serie MIR.M.ES.B.A2D.I.R.A.2250.EUR.N
Espana,credito_consumo_hogares_referencia,tipo | Bank interest rates - loans to households for other purposes with an interest rate fixation period of over one & up to five years (new business),5.59,pct_anual,2025-02,"BCE, ECB Data Portal, dataset MIR",https://data.ecb.europa.eu/data/datasets/MIR/MIR.MIR.M.ES.B.A2D.I.R.A.2250.EUR.N,2026-09-16,Total,Over 1 and up to 5 years initial rate fixation,n/a,nivel,media_ponderada_volumen,serie MIR.M.ES.B.A2D.I.R.A.2250.EUR.N
Espana,credito_consumo_hogares_referencia,tipo | Bank interest rates - loans to households for other purposes with an interest rate fixation period of over one & up to five years (new business),5.5,pct_anual,2025-03,"BCE, ECB Data Portal, dataset MIR",https://data.ecb.europa.eu/data/datasets/MIR/MIR.MIR.M.ES.B.A2D.I.R.A.2250.EUR.N,2026-09-16,Total,Over 1 and up to 5 years initial rate fixation,n/a,nivel,media_ponderada_volumen,serie MIR.M.ES.B.A2D.I.R.A.2250.EUR.N
Espana,credito_consumo_hogares_referencia,tipo | Bank interest rates - loans to households for other purposes with an interest rate fixation period of over one & up to five years (new business),5.37,pct_anual,2025-04,"BCE, ECB Data Portal, dataset MIR",https://data.ecb.europa.eu/data/datasets/MIR/MIR.MIR.M.ES.B.A2D.I.R.A.2250.EUR.N,2026-09-16,Total,Over 1 and up to 5 years initial rate fixation,n/a,nivel,media_ponderada_volumen,serie MIR.M.ES.B.A2D.I.R.A.2250.EUR.N
Espana,credito_consumo_hogares_referencia,tipo | Bank interest rates - loans to households for other purposes with an interest rate fixation period of over one & up to five years (new business),5.61,pct_anual,2025-05,"BCE, ECB Data Portal, dataset MIR",https://data.ecb.europa.eu/data/datasets/MIR/MIR.MIR.M.ES.B.A2D.I.R.A.2250.EUR.N,2026-09-16,Total,Over 1 and up to 5 years initial rate fixation,n/a,nivel,media_ponderada_volumen,serie MIR.M.ES.B.A2D.I.R.A.2250.EUR.N
Espana,credito_consumo_hogares_referencia,tipo | Bank interest rates - loans to households for other purposes with an interest rate fixation period of over one & up to five years (new business),5.52,pct_anual,2025-06,"BCE, ECB Data Portal, dataset MIR",https://data.ecb.europa.eu/data/datasets/MIR/MIR.MIR.M.ES.B.A2D.I.R.A.2250.EUR.N,2026-09-16,Total,Over 1 and up to 5 years initial rate fixation,n/a,nivel,media_ponderada_volumen,serie MIR.M.ES.B.A2D.I.R.A.2250.EUR.N
Espana,credito_consumo_hogares_referencia,tipo | Bank interest rates - loans to households for other purposes with an interest rate fixation period of over one & up to five years (new business),5.15,pct_anual,2025-07,"BCE, ECB Data Portal, dataset MIR",https://data.ecb.europa.eu/data/datasets/MIR/MIR.MIR.M.ES.B.A2D.I.R.A.2250.EUR.N,2026-09-16,Total,Over 1 and up to 5 years initial rate fixation,n/a,nivel,media_ponderada_volumen,serie MIR.M.ES.B.A2D.I.R.A.2250.EUR.N
Espana,credito_consumo_hogares_referencia,tipo | Bank interest rates - loans to households for other purposes with an interest rate fixation period of over one & up to five years (new business),5.95,pct_anual,2025-08,"BCE, ECB Data Portal, dataset MIR",https://data.ecb.europa.eu/data/datasets/MIR/MIR.MIR.M.ES.B.A2D.I.R.A.2250.EUR.N,2026-09-16,Total,Over 1 and up to 5 years initial rate fixation,n/a,nivel,media_ponderada_volumen,serie MIR.M.ES.B.A2D.I.R.A.2250.EUR.N
Espana,credito_consumo_hogares_referencia,tipo | Bank interest rates - loans to households for other purposes with an interest rate fixation period of over one & up to five years (new business),5.48,pct_anual,2025-09,"BCE, ECB Data Portal, dataset MIR",https://data.ecb.europa.eu/data/datasets/MIR/MIR.MIR.M.ES.B.A2D.I.R.A.2250.EUR.N,2026-09-16,Total,Over 1 and up to 5 years initial rate fixation,n/a,nivel,media_ponderada_volumen,serie MIR.M.ES.B.A2D.I.R.A.2250.EUR.N
Espana,credito_consumo_hogares_referencia,tipo | Bank interest rates - loans to households for other purposes with an interest rate fixation period of over one & up to five years (new business),5.55,pct_anual,2025-10,"BCE, ECB Data Portal, dataset MIR",https://data.ecb.europa.eu/data/datasets/MIR/MIR.MIR.M.ES.B.A2D.I.R.A.2250.EUR.N,2026-09-16,Total,Over 1 and up to 5 years initial rate fixation,n/a,nivel,media_ponderada_volumen,serie MIR.M.ES.B.A2D.I.R.A.2250.EUR.N
Espana,credito_consumo_hogares_referencia,tipo | Bank interest rates - loans to households for other purposes with an interest rate fixation period of over one & up to five years (new business),5.59,pct_anual,2025-11,"BCE, ECB Data Portal, dataset MIR",https://data.ecb.europa.eu/data/datasets/MIR/MIR.MIR.M.ES.B.A2D.I.R.A.2250.EUR.N,2026-09-16,Total,Over 1 and up to 5 years initial rate fixation,n/a,nivel,media_ponderada_volumen,serie MIR.M.ES.B.A2D.I.R.A.2250.EUR.N
Espana,credito_consumo_hogares_referencia,tipo | Bank interest rates - loans to households for other purposes with an interest rate fixation period of over one & up to five years (new business),5.44,pct_anual,2025-12,"BCE, ECB Data Portal, dataset MIR",https://data.ecb.europa.eu/data/datasets/MIR/MIR.MIR.M.ES.B.A2D.I.R.A.2250.EUR.N,2026-09-16,Total,Over 1 and up to 5 years initial rate fixation,n/a,nivel,media_ponderada_volumen,serie MIR.M.ES.B.A2D.I.R.A.2250.EUR.N
Espana,credito_consumo_hogares_referencia,tipo | Bank interest rates - loans to households for other purposes with an interest rate fixation period of over one & up to five years (new business),5.51,pct_anual,2026-01,"BCE, ECB Data Portal, dataset MIR",https://data.ecb.europa.eu/data/datasets/MIR/MIR.MIR.M.ES.B.A2D.I.R.A.2250.EUR.N,2026-09-16,Total,Over 1 and up to 5 years initial rate fixation,n/a,nivel,media_ponderada_volumen,serie MIR.M.ES.B.A2D.I.R.A.2250.EUR.N
Espana,credito_consumo_hogares_referencia,tipo | Bank interest rates - loans to households for other purposes with an interest rate fixation period of over one & up to five years (new business),5.34,pct_anual,2026-02,"BCE, ECB Data Portal, dataset MIR",https://data.ecb.europa.eu/data/datasets/MIR/MIR.MIR.M.ES.B.A2D.I.R.A.2250.EUR.N,2026-09-16,Total,Over 1 and up to 5 years initial rate fixation,n/a,nivel,media_ponderada_volumen,serie MIR.M.ES.B.A2D.I.R.A.2250.EUR.N
Espana,credito_consumo_hogares_referencia,tipo | Bank interest rates - loans to households for other purposes with an interest rate fixation period of over one & up to five years (new business),5.29,pct_anual,2026-03,"BCE, ECB Data Portal, dataset MIR",https://data.ecb.europa.eu/data/datasets/MIR/MIR.MIR.M.ES.B.A2D.I.R.A.2250.EUR.N,2026-09-16,Total,Over 1 and up to 5 years initial rate fixation,n/a,nivel,media_ponderada_volumen,serie MIR.M.ES.B.A2D.I.R.A.2250.EUR.N
Espana,credito_consumo_hogares_referencia,tipo | Bank interest rates - loans to households for other purposes with an interest rate fixation period of over one & up to five years (new business),5.58,pct_anual,2026-04,"BCE, ECB Data Portal, dataset MIR",https://data.ecb.europa.eu/data/datasets/MIR/MIR.MIR.M.ES.B.A2D.I.R.A.2250.EUR.N,2026-09-16,Total,Over 1 and up to 5 years initial rate fixation,n/a,nivel,media_ponderada_volumen,serie MIR.M.ES.B.A2D.I.R.A.2250.EUR.N
Espana,credito_consumo_hogares_referencia,tipo | Bank interest rates - loans to households for other purposes with an interest rate fixation period of over one & up to five years (new business),5.62,pct_anual,2026-05,"BCE, ECB Data Portal, dataset MIR",https://data.ecb.europa.eu/data/datasets/MIR/MIR.MIR.M.ES.B.A2D.I.R.A.2250.EUR.N,2026-09-16,Total,Over 1 and up to 5 years initial rate fixation,n/a,nivel,media_ponderada_volumen,serie MIR.M.ES.B.A2D.I.R.A.2250.EUR.N
Espana,credito_consumo_hogares_referencia,tipo | Bank interest rates - loans to households for other purposes with an interest rate fixation period of over one & up to five years (new business),5.41,pct_anual,2026-06,"BCE, ECB Data Portal, dataset MIR",https://data.ecb.europa.eu/data/datasets/MIR/MIR.MIR.M.ES.B.A2D.I.R.A.2250.EUR.N,2026-09-16,Total,Over 1 and up to 5 years initial rate fixation,n/a,nivel,media_ponderada_volumen,serie MIR.M.ES.B.A2D.I.R.A.2250.EUR.N
Espana,credito_consumo_hogares_referencia,tipo | Bank interest rates - loans to households for other purposes with an interest rate fixation period of over one & up to five years (new business),5.58,pct_anual,2026-07,"BCE, ECB Data Portal, dataset MIR",https://data.ecb.europa.eu/data/datasets/MIR/MIR.MIR.M.ES.B.A2D.I.R.A.2250.EUR.N,2026-09-16,Total,Over 1 and up to 5 years initial rate fixation,n/a,nivel,media_ponderada_volumen,serie MIR.M.ES.B.A2D.I.R.A.2250.EUR.N; OBS_STATUS=P (no definitivo)
Espana,credito_consumo_hogares_referencia,tipo | Bank interest rates - loans to households for other purposes with an interest rate fixation period of over five years (new business),4.97,pct_anual,2025-01,"BCE, ECB Data Portal, dataset MIR",https://data.ecb.europa.eu/data/datasets/MIR/MIR.MIR.M.ES.B.A2D.J.R.A.2250.EUR.N,2026-09-16,Total,Over 5 years initial rate fixation,n/a,nivel,media_ponderada_volumen,serie MIR.M.ES.B.A2D.J.R.A.2250.EUR.N
Espana,credito_consumo_hogares_referencia,tipo | Bank interest rates - loans to households for other purposes with an interest rate fixation period of over five years (new business),5.09,pct_anual,2025-02,"BCE, ECB Data Portal, dataset MIR",https://data.ecb.europa.eu/data/datasets/MIR/MIR.MIR.M.ES.B.A2D.J.R.A.2250.EUR.N,2026-09-16,Total,Over 5 years initial rate fixation,n/a,nivel,media_ponderada_volumen,serie MIR.M.ES.B.A2D.J.R.A.2250.EUR.N
Espana,credito_consumo_hogares_referencia,tipo | Bank interest rates - loans to households for other purposes with an interest rate fixation period of over five years (new business),4.61,pct_anual,2025-03,"BCE, ECB Data Portal, dataset MIR",https://data.ecb.europa.eu/data/datasets/MIR/MIR.MIR.M.ES.B.A2D.J.R.A.2250.EUR.N,2026-09-16,Total,Over 5 years initial rate fixation,n/a,nivel,media_ponderada_volumen,serie MIR.M.ES.B.A2D.J.R.A.2250.EUR.N
Espana,credito_consumo_hogares_referencia,tipo | Bank interest rates - loans to households for other purposes with an interest rate fixation period of over five years (new business),4.42,pct_anual,2025-04,"BCE, ECB Data Portal, dataset MIR",https://data.ecb.europa.eu/data/datasets/MIR/MIR.MIR.M.ES.B.A2D.J.R.A.2250.EUR.N,2026-09-16,Total,Over 5 years initial rate fixation,n/a,nivel,media_ponderada_volumen,serie MIR.M.ES.B.A2D.J.R.A.2250.EUR.N
Espana,credito_consumo_hogares_referencia,tipo | Bank interest rates - loans to households for other purposes with an interest rate fixation period of over five years (new business),4.56,pct_anual,2025-05,"BCE, ECB Data Portal, dataset MIR",https://data.ecb.europa.eu/data/datasets/MIR/MIR.MIR.M.ES.B.A2D.J.R.A.2250.EUR.N,2026-09-16,Total,Over 5 years initial rate fixation,n/a,nivel,media_ponderada_volumen,serie MIR.M.ES.B.A2D.J.R.A.2250.EUR.N
Espana,credito_consumo_hogares_referencia,tipo | Bank interest rates - loans to households for other purposes with an interest rate fixation period of over five years (new business),4.5,pct_anual,2025-06,"BCE, ECB Data Portal, dataset MIR",https://data.ecb.europa.eu/data/datasets/MIR/MIR.MIR.M.ES.B.A2D.J.R.A.2250.EUR.N,2026-09-16,Total,Over 5 years initial rate fixation,n/a,nivel,media_ponderada_volumen,serie MIR.M.ES.B.A2D.J.R.A.2250.EUR.N
Espana,credito_consumo_hogares_referencia,tipo | Bank interest rates - loans to households for other purposes with an interest rate fixation period of over five years (new business),4.37,pct_anual,2025-07,"BCE, ECB Data Portal, dataset MIR",https://data.ecb.europa.eu/data/datasets/MIR/MIR.MIR.M.ES.B.A2D.J.R.A.2250.EUR.N,2026-09-16,Total,Over 5 years initial rate fixation,n/a,nivel,media_ponderada_volumen,serie MIR.M.ES.B.A2D.J.R.A.2250.EUR.N
Espana,credito_consumo_hogares_referencia,tipo | Bank interest rates - loans to households for other purposes with an interest rate fixation period of over five years (new business),4.69,pct_anual,2025-08,"BCE, ECB Data Portal, dataset MIR",https://data.ecb.europa.eu/data/datasets/MIR/MIR.MIR.M.ES.B.A2D.J.R.A.2250.EUR.N,2026-09-16,Total,Over 5 years initial rate fixation,n/a,nivel,media_ponderada_volumen,serie MIR.M.ES.B.A2D.J.R.A.2250.EUR.N
Espana,credito_consumo_hogares_referencia,tipo | Bank interest rates - loans to households for other purposes with an interest rate fixation period of over five years (new business),4.5,pct_anual,2025-09,"BCE, ECB Data Portal, dataset MIR",https://data.ecb.europa.eu/data/datasets/MIR/MIR.MIR.M.ES.B.A2D.J.R.A.2250.EUR.N,2026-09-16,Total,Over 5 years initial rate fixation,n/a,nivel,media_ponderada_volumen,serie MIR.M.ES.B.A2D.J.R.A.2250.EUR.N
Espana,credito_consumo_hogares_referencia,tipo | Bank interest rates - loans to households for other purposes with an interest rate fixation period of over five years (new business),4.59,pct_anual,2025-10,"BCE, ECB Data Portal, dataset MIR",https://data.ecb.europa.eu/data/datasets/MIR/MIR.MIR.M.ES.B.A2D.J.R.A.2250.EUR.N,2026-09-16,Total,Over 5 years initial rate fixation,n/a,nivel,media_ponderada_volumen,serie MIR.M.ES.B.A2D.J.R.A.2250.EUR.N
Espana,credito_consumo_hogares_referencia,tipo | Bank interest rates - loans to households for other purposes with an interest rate fixation period of over five years (new business),4.38,pct_anual,2025-11,"BCE, ECB Data Portal, dataset MIR",https://data.ecb.europa.eu/data/datasets/MIR/MIR.MIR.M.ES.B.A2D.J.R.A.2250.EUR.N,2026-09-16,Total,Over 5 years initial rate fixation,n/a,nivel,media_ponderada_volumen,serie MIR.M.ES.B.A2D.J.R.A.2250.EUR.N
Espana,credito_consumo_hogares_referencia,tipo | Bank interest rates - loans to households for other purposes with an interest rate fixation period of over five years (new business),4.07,pct_anual,2025-12,"BCE, ECB Data Portal, dataset MIR",https://data.ecb.europa.eu/data/datasets/MIR/MIR.MIR.M.ES.B.A2D.J.R.A.2250.EUR.N,2026-09-16,Total,Over 5 years initial rate fixation,n/a,nivel,media_ponderada_volumen,serie MIR.M.ES.B.A2D.J.R.A.2250.EUR.N
Espana,credito_consumo_hogares_referencia,tipo | Bank interest rates - loans to households for other purposes with an interest rate fixation period of over five years (new business),4.08,pct_anual,2026-01,"BCE, ECB Data Portal, dataset MIR",https://data.ecb.europa.eu/data/datasets/MIR/MIR.MIR.M.ES.B.A2D.J.R.A.2250.EUR.N,2026-09-16,Total,Over 5 years initial rate fixation,n/a,nivel,media_ponderada_volumen,serie MIR.M.ES.B.A2D.J.R.A.2250.EUR.N
Espana,credito_consumo_hogares_referencia,tipo | Bank interest rates - loans to households for other purposes with an interest rate fixation period of over five years (new business),4.3,pct_anual,2026-02,"BCE, ECB Data Portal, dataset MIR",https://data.ecb.europa.eu/data/datasets/MIR/MIR.MIR.M.ES.B.A2D.J.R.A.2250.EUR.N,2026-09-16,Total,Over 5 years initial rate fixation,n/a,nivel,media_ponderada_volumen,serie MIR.M.ES.B.A2D.J.R.A.2250.EUR.N
Espana,credito_consumo_hogares_referencia,tipo | Bank interest rates - loans to households for other purposes with an interest rate fixation period of over five years (new business),4.18,pct_anual,2026-03,"BCE, ECB Data Portal, dataset MIR",https://data.ecb.europa.eu/data/datasets/MIR/MIR.MIR.M.ES.B.A2D.J.R.A.2250.EUR.N,2026-09-16,Total,Over 5 years initial rate fixation,n/a,nivel,media_ponderada_volumen,serie MIR.M.ES.B.A2D.J.R.A.2250.EUR.N
Espana,credito_consumo_hogares_referencia,tipo | Bank interest rates - loans to households for other purposes with an interest rate fixation period of over five years (new business),4.32,pct_anual,2026-04,"BCE, ECB Data Portal, dataset MIR",https://data.ecb.europa.eu/data/datasets/MIR/MIR.MIR.M.ES.B.A2D.J.R.A.2250.EUR.N,2026-09-16,Total,Over 5 years initial rate fixation,n/a,nivel,media_ponderada_volumen,serie MIR.M.ES.B.A2D.J.R.A.2250.EUR.N
Espana,credito_consumo_hogares_referencia,tipo | Bank interest rates - loans to households for other purposes with an interest rate fixation period of over five years (new business),4.52,pct_anual,2026-05,"BCE, ECB Data Portal, dataset MIR",https://data.ecb.europa.eu/data/datasets/MIR/MIR.MIR.M.ES.B.A2D.J.R.A.2250.EUR.N,2026-09-16,Total,Over 5 years initial rate fixation,n/a,nivel,media_ponderada_volumen,serie MIR.M.ES.B.A2D.J.R.A.2250.EUR.N
Espana,credito_consumo_hogares_referencia,tipo | Bank interest rates - loans to households for other purposes with an interest rate fixation period of over five years (new business),4.4,pct_anual,2026-06,"BCE, ECB Data Portal, dataset MIR",https://data.ecb.europa.eu/data/datasets/MIR/MIR.MIR.M.ES.B.A2D.J.R.A.2250.EUR.N,2026-09-16,Total,Over 5 years initial rate fixation,n/a,nivel,media_ponderada_volumen,serie MIR.M.ES.B.A2D.J.R.A.2250.EUR.N
Espana,credito_consumo_hogares_referencia,tipo | Bank interest rates - loans to households for other purposes with an interest rate fixation period of over five years (new business),4.51,pct_anual,2026-07,"BCE, ECB Data Portal, dataset MIR",https://data.ecb.europa.eu/data/datasets/MIR/MIR.MIR.M.ES.B.A2D.J.R.A.2250.EUR.N,2026-09-16,Total,Over 5 years initial rate fixation,n/a,nivel,media_ponderada_volumen,serie MIR.M.ES.B.A2D.J.R.A.2250.EUR.N; OBS_STATUS=P (no definitivo)
Espana,credito_consumo_hogares_referencia,tipo | Bank interest rates - loans to households for other purposes with an interest rate fixation period of over one year (new business),5.27,pct_anual,2025-01,"BCE, ECB Data Portal, dataset MIR",https://data.ecb.europa.eu/data/datasets/MIR/MIR.MIR.M.ES.B.A2D.K.R.A.2250.EUR.N,2026-09-16,Total,Over 1 year initial rate fixation,n/a,nivel,media_ponderada_volumen,serie MIR.M.ES.B.A2D.K.R.A.2250.EUR.N
Espana,credito_consumo_hogares_referencia,tipo | Bank interest rates - loans to households for other purposes with an interest rate fixation period of over one year (new business),5.28,pct_anual,2025-02,"BCE, ECB Data Portal, dataset MIR",https://data.ecb.europa.eu/data/datasets/MIR/MIR.MIR.M.ES.B.A2D.K.R.A.2250.EUR.N,2026-09-16,Total,Over 1 year initial rate fixation,n/a,nivel,media_ponderada_volumen,serie MIR.M.ES.B.A2D.K.R.A.2250.EUR.N
Espana,credito_consumo_hogares_referencia,tipo | Bank interest rates - loans to households for other purposes with an interest rate fixation period of over one year (new business),4.91,pct_anual,2025-03,"BCE, ECB Data Portal, dataset MIR",https://data.ecb.europa.eu/data/datasets/MIR/MIR.MIR.M.ES.B.A2D.K.R.A.2250.EUR.N,2026-09-16,Total,Over 1 year initial rate fixation,n/a,nivel,media_ponderada_volumen,serie MIR.M.ES.B.A2D.K.R.A.2250.EUR.N
Espana,credito_consumo_hogares_referencia,tipo | Bank interest rates - loans to households for other purposes with an interest rate fixation period of over one year (new business),4.74,pct_anual,2025-04,"BCE, ECB Data Portal, dataset MIR",https://data.ecb.europa.eu/data/datasets/MIR/MIR.MIR.M.ES.B.A2D.K.R.A.2250.EUR.N,2026-09-16,Total,Over 1 year initial rate fixation,n/a,nivel,media_ponderada_volumen,serie MIR.M.ES.B.A2D.K.R.A.2250.EUR.N
Espana,credito_consumo_hogares_referencia,tipo | Bank interest rates - loans to households for other purposes with an interest rate fixation period of over one year (new business),4.92,pct_anual,2025-05,"BCE, ECB Data Portal, dataset MIR",https://data.ecb.europa.eu/data/datasets/MIR/MIR.MIR.M.ES.B.A2D.K.R.A.2250.EUR.N,2026-09-16,Total,Over 1 year initial rate fixation,n/a,nivel,media_ponderada_volumen,serie MIR.M.ES.B.A2D.K.R.A.2250.EUR.N
Espana,credito_consumo_hogares_referencia,tipo | Bank interest rates - loans to households for other purposes with an interest rate fixation period of over one year (new business),4.84,pct_anual,2025-06,"BCE, ECB Data Portal, dataset MIR",https://data.ecb.europa.eu/data/datasets/MIR/MIR.MIR.M.ES.B.A2D.K.R.A.2250.EUR.N,2026-09-16,Total,Over 1 year initial rate fixation,n/a,nivel,media_ponderada_volumen,serie MIR.M.ES.B.A2D.K.R.A.2250.EUR.N
Espana,credito_consumo_hogares_referencia,tipo | Bank interest rates - loans to households for other purposes with an interest rate fixation period of over one year (new business),4.63,pct_anual,2025-07,"BCE, ECB Data Portal, dataset MIR",https://data.ecb.europa.eu/data/datasets/MIR/MIR.MIR.M.ES.B.A2D.K.R.A.2250.EUR.N,2026-09-16,Total,Over 1 year initial rate fixation,n/a,nivel,media_ponderada_volumen,serie MIR.M.ES.B.A2D.K.R.A.2250.EUR.N
Espana,credito_consumo_hogares_referencia,tipo | Bank interest rates - loans to households for other purposes with an interest rate fixation period of over one year (new business),5.11,pct_anual,2025-08,"BCE, ECB Data Portal, dataset MIR",https://data.ecb.europa.eu/data/datasets/MIR/MIR.MIR.M.ES.B.A2D.K.R.A.2250.EUR.N,2026-09-16,Total,Over 1 year initial rate fixation,n/a,nivel,media_ponderada_volumen,serie MIR.M.ES.B.A2D.K.R.A.2250.EUR.N
Espana,credito_consumo_hogares_referencia,tipo | Bank interest rates - loans to households for other purposes with an interest rate fixation period of over one year (new business),4.84,pct_anual,2025-09,"BCE, ECB Data Portal, dataset MIR",https://data.ecb.europa.eu/data/datasets/MIR/MIR.MIR.M.ES.B.A2D.K.R.A.2250.EUR.N,2026-09-16,Total,Over 1 year initial rate fixation,n/a,nivel,media_ponderada_volumen,serie MIR.M.ES.B.A2D.K.R.A.2250.EUR.N
Espana,credito_consumo_hogares_referencia,tipo | Bank interest rates - loans to households for other purposes with an interest rate fixation period of over one year (new business),4.93,pct_anual,2025-10,"BCE, ECB Data Portal, dataset MIR",https://data.ecb.europa.eu/data/datasets/MIR/MIR.MIR.M.ES.B.A2D.K.R.A.2250.EUR.N,2026-09-16,Total,Over 1 year initial rate fixation,n/a,nivel,media_ponderada_volumen,serie MIR.M.ES.B.A2D.K.R.A.2250.EUR.N
Espana,credito_consumo_hogares_referencia,tipo | Bank interest rates - loans to households for other purposes with an interest rate fixation period of over one year (new business),4.79,pct_anual,2025-11,"BCE, ECB Data Portal, dataset MIR",https://data.ecb.europa.eu/data/datasets/MIR/MIR.MIR.M.ES.B.A2D.K.R.A.2250.EUR.N,2026-09-16,Total,Over 1 year initial rate fixation,n/a,nivel,media_ponderada_volumen,serie MIR.M.ES.B.A2D.K.R.A.2250.EUR.N
Espana,credito_consumo_hogares_referencia,tipo | Bank interest rates - loans to households for other purposes with an interest rate fixation period of over one year (new business),4.54,pct_anual,2025-12,"BCE, ECB Data Portal, dataset MIR",https://data.ecb.europa.eu/data/datasets/MIR/MIR.MIR.M.ES.B.A2D.K.R.A.2250.EUR.N,2026-09-16,Total,Over 1 year initial rate fixation,n/a,nivel,media_ponderada_volumen,serie MIR.M.ES.B.A2D.K.R.A.2250.EUR.N
Espana,credito_consumo_hogares_referencia,tipo | Bank interest rates - loans to households for other purposes with an interest rate fixation period of over one year (new business),4.5,pct_anual,2026-01,"BCE, ECB Data Portal, dataset MIR",https://data.ecb.europa.eu/data/datasets/MIR/MIR.MIR.M.ES.B.A2D.K.R.A.2250.EUR.N,2026-09-16,Total,Over 1 year initial rate fixation,n/a,nivel,media_ponderada_volumen,serie MIR.M.ES.B.A2D.K.R.A.2250.EUR.N
Espana,credito_consumo_hogares_referencia,tipo | Bank interest rates - loans to households for other purposes with an interest rate fixation period of over one year (new business),4.65,pct_anual,2026-02,"BCE, ECB Data Portal, dataset MIR",https://data.ecb.europa.eu/data/datasets/MIR/MIR.MIR.M.ES.B.A2D.K.R.A.2250.EUR.N,2026-09-16,Total,Over 1 year initial rate fixation,n/a,nivel,media_ponderada_volumen,serie MIR.M.ES.B.A2D.K.R.A.2250.EUR.N
Espana,credito_consumo_hogares_referencia,tipo | Bank interest rates - loans to households for other purposes with an interest rate fixation period of over one year (new business),4.53,pct_anual,2026-03,"BCE, ECB Data Portal, dataset MIR",https://data.ecb.europa.eu/data/datasets/MIR/MIR.MIR.M.ES.B.A2D.K.R.A.2250.EUR.N,2026-09-16,Total,Over 1 year initial rate fixation,n/a,nivel,media_ponderada_volumen,serie MIR.M.ES.B.A2D.K.R.A.2250.EUR.N
Espana,credito_consumo_hogares_referencia,tipo | Bank interest rates - loans to households for other purposes with an interest rate fixation period of over one year (new business),4.73,pct_anual,2026-04,"BCE, ECB Data Portal, dataset MIR",https://data.ecb.europa.eu/data/datasets/MIR/MIR.MIR.M.ES.B.A2D.K.R.A.2250.EUR.N,2026-09-16,Total,Over 1 year initial rate fixation,n/a,nivel,media_ponderada_volumen,serie MIR.M.ES.B.A2D.K.R.A.2250.EUR.N
Espana,credito_consumo_hogares_referencia,tipo | Bank interest rates - loans to households for other purposes with an interest rate fixation period of over one year (new business),4.88,pct_anual,2026-05,"BCE, ECB Data Portal, dataset MIR",https://data.ecb.europa.eu/data/datasets/MIR/MIR.MIR.M.ES.B.A2D.K.R.A.2250.EUR.N,2026-09-16,Total,Over 1 year initial rate fixation,n/a,nivel,media_ponderada_volumen,serie MIR.M.ES.B.A2D.K.R.A.2250.EUR.N
Espana,credito_consumo_hogares_referencia,tipo | Bank interest rates - loans to households for other purposes with an interest rate fixation period of over one year (new business),4.74,pct_anual,2026-06,"BCE, ECB Data Portal, dataset MIR",https://data.ecb.europa.eu/data/datasets/MIR/MIR.MIR.M.ES.B.A2D.K.R.A.2250.EUR.N,2026-09-16,Total,Over 1 year initial rate fixation,n/a,nivel,media_ponderada_volumen,serie MIR.M.ES.B.A2D.K.R.A.2250.EUR.N
Espana,credito_consumo_hogares_referencia,tipo | Bank interest rates - loans to households for other purposes with an interest rate fixation period of over one year (new business),4.87,pct_anual,2026-07,"BCE, ECB Data Portal, dataset MIR",https://data.ecb.europa.eu/data/datasets/MIR/MIR.MIR.M.ES.B.A2D.K.R.A.2250.EUR.N,2026-09-16,Total,Over 1 year initial rate fixation,n/a,nivel,media_ponderada_volumen,serie MIR.M.ES.B.A2D.K.R.A.2250.EUR.N
Espana,credito_consumo_hogares_referencia,volumen | Bank business volumes - loans to households for other purposes (new business),1368,eur_millones,2025-01,"BCE, ECB Data Portal, dataset MIR",https://data.ecb.europa.eu/data/datasets/MIR/MIR.MIR.M.ES.B.A2D.A.B.A.2250.EUR.N,2026-09-16,Total,Total initial rate fixation,n/a,volumen,dato_unico,serie MIR.M.ES.B.A2D.A.B.A.2250.EUR.N
Espana,credito_consumo_hogares_referencia,volumen | Bank business volumes - loans to households for other purposes (new business),1429,eur_millones,2025-02,"BCE, ECB Data Portal, dataset MIR",https://data.ecb.europa.eu/data/datasets/MIR/MIR.MIR.M.ES.B.A2D.A.B.A.2250.EUR.N,2026-09-16,Total,Total initial rate fixation,n/a,volumen,dato_unico,serie MIR.M.ES.B.A2D.A.B.A.2250.EUR.N
Espana,credito_consumo_hogares_referencia,volumen | Bank business volumes - loans to households for other purposes (new business),1766,eur_millones,2025-03,"BCE, ECB Data Portal, dataset MIR",https://data.ecb.europa.eu/data/datasets/MIR/MIR.MIR.M.ES.B.A2D.A.B.A.2250.EUR.N,2026-09-16,Total,Total initial rate fixation,n/a,volumen,dato_unico,serie MIR.M.ES.B.A2D.A.B.A.2250.EUR.N
Espana,credito_consumo_hogares_referencia,volumen | Bank business volumes - loans to households for other purposes (new business),1641,eur_millones,2025-04,"BCE, ECB Data Portal, dataset MIR",https://data.ecb.europa.eu/data/datasets/MIR/MIR.MIR.M.ES.B.A2D.A.B.A.2250.EUR.N,2026-09-16,Total,Total initial rate fixation,n/a,volumen,dato_unico,serie MIR.M.ES.B.A2D.A.B.A.2250.EUR.N
Espana,credito_consumo_hogares_referencia,volumen | Bank business volumes - loans to households for other purposes (new business),1520,eur_millones,2025-05,"BCE, ECB Data Portal, dataset MIR",https://data.ecb.europa.eu/data/datasets/MIR/MIR.MIR.M.ES.B.A2D.A.B.A.2250.EUR.N,2026-09-16,Total,Total initial rate fixation,n/a,volumen,dato_unico,serie MIR.M.ES.B.A2D.A.B.A.2250.EUR.N
Espana,credito_consumo_hogares_referencia,volumen | Bank business volumes - loans to households for other purposes (new business),1934,eur_millones,2025-06,"BCE, ECB Data Portal, dataset MIR",https://data.ecb.europa.eu/data/datasets/MIR/MIR.MIR.M.ES.B.A2D.A.B.A.2250.EUR.N,2026-09-16,Total,Total initial rate fixation,n/a,volumen,dato_unico,serie MIR.M.ES.B.A2D.A.B.A.2250.EUR.N
Espana,credito_consumo_hogares_referencia,volumen | Bank business volumes - loans to households for other purposes (new business),2234,eur_millones,2025-07,"BCE, ECB Data Portal, dataset MIR",https://data.ecb.europa.eu/data/datasets/MIR/MIR.MIR.M.ES.B.A2D.A.B.A.2250.EUR.N,2026-09-16,Total,Total initial rate fixation,n/a,volumen,dato_unico,serie MIR.M.ES.B.A2D.A.B.A.2250.EUR.N
Espana,credito_consumo_hogares_referencia,volumen | Bank business volumes - loans to households for other purposes (new business),997,eur_millones,2025-08,"BCE, ECB Data Portal, dataset MIR",https://data.ecb.europa.eu/data/datasets/MIR/MIR.MIR.M.ES.B.A2D.A.B.A.2250.EUR.N,2026-09-16,Total,Total initial rate fixation,n/a,volumen,dato_unico,serie MIR.M.ES.B.A2D.A.B.A.2250.EUR.N
Espana,credito_consumo_hogares_referencia,volumen | Bank business volumes - loans to households for other purposes (new business),1528,eur_millones,2025-09,"BCE, ECB Data Portal, dataset MIR",https://data.ecb.europa.eu/data/datasets/MIR/MIR.MIR.M.ES.B.A2D.A.B.A.2250.EUR.N,2026-09-16,Total,Total initial rate fixation,n/a,volumen,dato_unico,serie MIR.M.ES.B.A2D.A.B.A.2250.EUR.N
Espana,credito_consumo_hogares_referencia,volumen | Bank business volumes - loans to households for other purposes (new business),1814,eur_millones,2025-10,"BCE, ECB Data Portal, dataset MIR",https://data.ecb.europa.eu/data/datasets/MIR/MIR.MIR.M.ES.B.A2D.A.B.A.2250.EUR.N,2026-09-16,Total,Total initial rate fixation,n/a,volumen,dato_unico,serie MIR.M.ES.B.A2D.A.B.A.2250.EUR.N
Espana,credito_consumo_hogares_referencia,volumen | Bank business volumes - loans to households for other purposes (new business),1511,eur_millones,2025-11,"BCE, ECB Data Portal, dataset MIR",https://data.ecb.europa.eu/data/datasets/MIR/MIR.MIR.M.ES.B.A2D.A.B.A.2250.EUR.N,2026-09-16,Total,Total initial rate fixation,n/a,volumen,dato_unico,serie MIR.M.ES.B.A2D.A.B.A.2250.EUR.N
Espana,credito_consumo_hogares_referencia,volumen | Bank business volumes - loans to households for other purposes (new business),1596,eur_millones,2025-12,"BCE, ECB Data Portal, dataset MIR",https://data.ecb.europa.eu/data/datasets/MIR/MIR.MIR.M.ES.B.A2D.A.B.A.2250.EUR.N,2026-09-16,Total,Total initial rate fixation,n/a,volumen,dato_unico,serie MIR.M.ES.B.A2D.A.B.A.2250.EUR.N
Espana,credito_consumo_hogares_referencia,volumen | Bank business volumes - loans to households for other purposes (new business),1384,eur_millones,2026-01,"BCE, ECB Data Portal, dataset MIR",https://data.ecb.europa.eu/data/datasets/MIR/MIR.MIR.M.ES.B.A2D.A.B.A.2250.EUR.N,2026-09-16,Total,Total initial rate fixation,n/a,volumen,dato_unico,serie MIR.M.ES.B.A2D.A.B.A.2250.EUR.N
Espana,credito_consumo_hogares_referencia,volumen | Bank business volumes - loans to households for other purposes (new business),1495,eur_millones,2026-02,"BCE, ECB Data Portal, dataset MIR",https://data.ecb.europa.eu/data/datasets/MIR/MIR.MIR.M.ES.B.A2D.A.B.A.2250.EUR.N,2026-09-16,Total,Total initial rate fixation,n/a,volumen,dato_unico,serie MIR.M.ES.B.A2D.A.B.A.2250.EUR.N
Espana,credito_consumo_hogares_referencia,volumen | Bank business volumes - loans to households for other purposes (new business),1758,eur_millones,2026-03,"BCE, ECB Data Portal, dataset MIR",https://data.ecb.europa.eu/data/datasets/MIR/MIR.MIR.M.ES.B.A2D.A.B.A.2250.EUR.N,2026-09-16,Total,Total initial rate fixation,n/a,volumen,dato_unico,serie MIR.M.ES.B.A2D.A.B.A.2250.EUR.N
Espana,credito_consumo_hogares_referencia,volumen | Bank business volumes - loans to households for other purposes (new business),1614,eur_millones,2026-04,"BCE, ECB Data Portal, dataset MIR",https://data.ecb.europa.eu/data/datasets/MIR/MIR.MIR.M.ES.B.A2D.A.B.A.2250.EUR.N,2026-09-16,Total,Total initial rate fixation,n/a,volumen,dato_unico,serie MIR.M.ES.B.A2D.A.B.A.2250.EUR.N
Espana,credito_consumo_hogares_referencia,volumen | Bank business volumes - loans to households for other purposes (new business),1448,eur_millones,2026-05,"BCE, ECB Data Portal, dataset MIR",https://data.ecb.europa.eu/data/datasets/MIR/MIR.MIR.M.ES.B.A2D.A.B.A.2250.EUR.N,2026-09-16,Total,Total initial rate fixation,n/a,volumen,dato_unico,serie MIR.M.ES.B.A2D.A.B.A.2250.EUR.N
Espana,credito_consumo_hogares_referencia,volumen | Bank business volumes - loans to households for other purposes (new business),1903,eur_millones,2026-06,"BCE, ECB Data Portal, dataset MIR",https://data.ecb.europa.eu/data/datasets/MIR/MIR.MIR.M.ES.B.A2D.A.B.A.2250.EUR.N,2026-09-16,Total,Total initial rate fixation,n/a,volumen,dato_unico,serie MIR.M.ES.B.A2D.A.B.A.2250.EUR.N
Espana,credito_consumo_hogares_referencia,volumen | Bank business volumes - loans to households for other purposes (new business),1862,eur_millones,2026-07,"BCE, ECB Data Portal, dataset MIR",https://data.ecb.europa.eu/data/datasets/MIR/MIR.MIR.M.ES.B.A2D.A.B.A.2250.EUR.N,2026-09-16,Total,Total initial rate fixation,n/a,volumen,dato_unico,serie MIR.M.ES.B.A2D.A.B.A.2250.EUR.N
Alemania,credito_consumo_hogares_referencia,tipo | Bank interest rates - loans to households for other purposes (new business),4.36,pct_anual,2025-01,"BCE, ECB Data Portal, dataset MIR",https://data.ecb.europa.eu/data/datasets/MIR/MIR.MIR.M.DE.B.A2D.A.R.A.2250.EUR.N,2026-09-16,Total,Total initial rate fixation,n/a,nivel,media_ponderada_volumen,serie MIR.M.DE.B.A2D.A.R.A.2250.EUR.N
Alemania,credito_consumo_hogares_referencia,tipo | Bank interest rates - loans to households for other purposes (new business),4.32,pct_anual,2025-02,"BCE, ECB Data Portal, dataset MIR",https://data.ecb.europa.eu/data/datasets/MIR/MIR.MIR.M.DE.B.A2D.A.R.A.2250.EUR.N,2026-09-16,Total,Total initial rate fixation,n/a,nivel,media_ponderada_volumen,serie MIR.M.DE.B.A2D.A.R.A.2250.EUR.N
Alemania,credito_consumo_hogares_referencia,tipo | Bank interest rates - loans to households for other purposes (new business),4.27,pct_anual,2025-03,"BCE, ECB Data Portal, dataset MIR",https://data.ecb.europa.eu/data/datasets/MIR/MIR.MIR.M.DE.B.A2D.A.R.A.2250.EUR.N,2026-09-16,Total,Total initial rate fixation,n/a,nivel,media_ponderada_volumen,serie MIR.M.DE.B.A2D.A.R.A.2250.EUR.N
Alemania,credito_consumo_hogares_referencia,tipo | Bank interest rates - loans to households for other purposes (new business),4.23,pct_anual,2025-04,"BCE, ECB Data Portal, dataset MIR",https://data.ecb.europa.eu/data/datasets/MIR/MIR.MIR.M.DE.B.A2D.A.R.A.2250.EUR.N,2026-09-16,Total,Total initial rate fixation,n/a,nivel,media_ponderada_volumen,serie MIR.M.DE.B.A2D.A.R.A.2250.EUR.N
Alemania,credito_consumo_hogares_referencia,tipo | Bank interest rates - loans to households for other purposes (new business),4.15,pct_anual,2025-05,"BCE, ECB Data Portal, dataset MIR",https://data.ecb.europa.eu/data/datasets/MIR/MIR.MIR.M.DE.B.A2D.A.R.A.2250.EUR.N,2026-09-16,Total,Total initial rate fixation,n/a,nivel,media_ponderada_volumen,serie MIR.M.DE.B.A2D.A.R.A.2250.EUR.N
Alemania,credito_consumo_hogares_referencia,tipo | Bank interest rates - loans to households for other purposes (new business),4.01,pct_anual,2025-06,"BCE, ECB Data Portal, dataset MIR",https://data.ecb.europa.eu/data/datasets/MIR/MIR.MIR.M.DE.B.A2D.A.R.A.2250.EUR.N,2026-09-16,Total,Total initial rate fixation,n/a,nivel,media_ponderada_volumen,serie MIR.M.DE.B.A2D.A.R.A.2250.EUR.N
Alemania,credito_consumo_hogares_referencia,tipo | Bank interest rates - loans to households for other purposes (new business),4.03,pct_anual,2025-07,"BCE, ECB Data Portal, dataset MIR",https://data.ecb.europa.eu/data/datasets/MIR/MIR.MIR.M.DE.B.A2D.A.R.A.2250.EUR.N,2026-09-16,Total,Total initial rate fixation,n/a,nivel,media_ponderada_volumen,serie MIR.M.DE.B.A2D.A.R.A.2250.EUR.N
Alemania,credito_consumo_hogares_referencia,tipo | Bank interest rates - loans to households for other purposes (new business),4.11,pct_anual,2025-08,"BCE, ECB Data Portal, dataset MIR",https://data.ecb.europa.eu/data/datasets/MIR/MIR.MIR.M.DE.B.A2D.A.R.A.2250.EUR.N,2026-09-16,Total,Total initial rate fixation,n/a,nivel,media_ponderada_volumen,serie MIR.M.DE.B.A2D.A.R.A.2250.EUR.N
Alemania,credito_consumo_hogares_referencia,tipo | Bank interest rates - loans to households for other purposes (new business),4.11,pct_anual,2025-09,"BCE, ECB Data Portal, dataset MIR",https://data.ecb.europa.eu/data/datasets/MIR/MIR.MIR.M.DE.B.A2D.A.R.A.2250.EUR.N,2026-09-16,Total,Total initial rate fixation,n/a,nivel,media_ponderada_volumen,serie MIR.M.DE.B.A2D.A.R.A.2250.EUR.N
Alemania,credito_consumo_hogares_referencia,tipo | Bank interest rates - loans to households for other purposes (new business),4.08,pct_anual,2025-10,"BCE, ECB Data Portal, dataset MIR",https://data.ecb.europa.eu/data/datasets/MIR/MIR.MIR.M.DE.B.A2D.A.R.A.2250.EUR.N,2026-09-16,Total,Total initial rate fixation,n/a,nivel,media_ponderada_volumen,serie MIR.M.DE.B.A2D.A.R.A.2250.EUR.N
Alemania,credito_consumo_hogares_referencia,tipo | Bank interest rates - loans to households for other purposes (new business),4.05,pct_anual,2025-11,"BCE, ECB Data Portal, dataset MIR",https://data.ecb.europa.eu/data/datasets/MIR/MIR.MIR.M.DE.B.A2D.A.R.A.2250.EUR.N,2026-09-16,Total,Total initial rate fixation,n/a,nivel,media_ponderada_volumen,serie MIR.M.DE.B.A2D.A.R.A.2250.EUR.N
Alemania,credito_consumo_hogares_referencia,tipo | Bank interest rates - loans to households for other purposes (new business),3.96,pct_anual,2025-12,"BCE, ECB Data Portal, dataset MIR",https://data.ecb.europa.eu/data/datasets/MIR/MIR.MIR.M.DE.B.A2D.A.R.A.2250.EUR.N,2026-09-16,Total,Total initial rate fixation,n/a,nivel,media_ponderada_volumen,serie MIR.M.DE.B.A2D.A.R.A.2250.EUR.N
Alemania,credito_consumo_hogares_referencia,tipo | Bank interest rates - loans to households for other purposes (new business),4.06,pct_anual,2026-01,"BCE, ECB Data Portal, dataset MIR",https://data.ecb.europa.eu/data/datasets/MIR/MIR.MIR.M.DE.B.A2D.A.R.A.2250.EUR.N,2026-09-16,Total,Total initial rate fixation,n/a,nivel,media_ponderada_volumen,serie MIR.M.DE.B.A2D.A.R.A.2250.EUR.N
Alemania,credito_consumo_hogares_referencia,tipo | Bank interest rates - loans to households for other purposes (new business),4.04,pct_anual,2026-02,"BCE, ECB Data Portal, dataset MIR",https://data.ecb.europa.eu/data/datasets/MIR/MIR.MIR.M.DE.B.A2D.A.R.A.2250.EUR.N,2026-09-16,Total,Total initial rate fixation,n/a,nivel,media_ponderada_volumen,serie MIR.M.DE.B.A2D.A.R.A.2250.EUR.N
Alemania,credito_consumo_hogares_referencia,tipo | Bank interest rates - loans to households for other purposes (new business),3.92,pct_anual,2026-03,"BCE, ECB Data Portal, dataset MIR",https://data.ecb.europa.eu/data/datasets/MIR/MIR.MIR.M.DE.B.A2D.A.R.A.2250.EUR.N,2026-09-16,Total,Total initial rate fixation,n/a,nivel,media_ponderada_volumen,serie MIR.M.DE.B.A2D.A.R.A.2250.EUR.N
Alemania,credito_consumo_hogares_referencia,tipo | Bank interest rates - loans to households for other purposes (new business),4.12,pct_anual,2026-04,"BCE, ECB Data Portal, dataset MIR",https://data.ecb.europa.eu/data/datasets/MIR/MIR.MIR.M.DE.B.A2D.A.R.A.2250.EUR.N,2026-09-16,Total,Total initial rate fixation,n/a,nivel,media_ponderada_volumen,serie MIR.M.DE.B.A2D.A.R.A.2250.EUR.N
Alemania,credito_consumo_hogares_referencia,tipo | Bank interest rates - loans to households for other purposes (new business),4.15,pct_anual,2026-05,"BCE, ECB Data Portal, dataset MIR",https://data.ecb.europa.eu/data/datasets/MIR/MIR.MIR.M.DE.B.A2D.A.R.A.2250.EUR.N,2026-09-16,Total,Total initial rate fixation,n/a,nivel,media_ponderada_volumen,serie MIR.M.DE.B.A2D.A.R.A.2250.EUR.N
Alemania,credito_consumo_hogares_referencia,tipo | Bank interest rates - loans to households for other purposes (new business),4.17,pct_anual,2026-06,"BCE, ECB Data Portal, dataset MIR",https://data.ecb.europa.eu/data/datasets/MIR/MIR.MIR.M.DE.B.A2D.A.R.A.2250.EUR.N,2026-09-16,Total,Total initial rate fixation,n/a,nivel,media_ponderada_volumen,serie MIR.M.DE.B.A2D.A.R.A.2250.EUR.N
Alemania,credito_consumo_hogares_referencia,tipo | Bank interest rates - loans to households for other purposes (new business),4.25,pct_anual,2026-07,"BCE, ECB Data Portal, dataset MIR",https://data.ecb.europa.eu/data/datasets/MIR/MIR.MIR.M.DE.B.A2D.A.R.A.2250.EUR.N,2026-09-16,Total,Total initial rate fixation,n/a,nivel,media_ponderada_volumen,serie MIR.M.DE.B.A2D.A.R.A.2250.EUR.N
Alemania,credito_consumo_hogares_referencia,tipo | Bank interest rates - loans to households for other purposes with a variable rate and an interest rate fixation period of up to one year (new business),4.66,pct_anual,2025-01,"BCE, ECB Data Portal, dataset MIR",https://data.ecb.europa.eu/data/datasets/MIR/MIR.MIR.M.DE.B.A2D.F.R.A.2250.EUR.N,2026-09-16,Total,Up to 1 year initial rate fixation,n/a,nivel,media_ponderada_volumen,serie MIR.M.DE.B.A2D.F.R.A.2250.EUR.N
Alemania,credito_consumo_hogares_referencia,tipo | Bank interest rates - loans to households for other purposes with a variable rate and an interest rate fixation period of up to one year (new business),4.58,pct_anual,2025-02,"BCE, ECB Data Portal, dataset MIR",https://data.ecb.europa.eu/data/datasets/MIR/MIR.MIR.M.DE.B.A2D.F.R.A.2250.EUR.N,2026-09-16,Total,Up to 1 year initial rate fixation,n/a,nivel,media_ponderada_volumen,serie MIR.M.DE.B.A2D.F.R.A.2250.EUR.N
Alemania,credito_consumo_hogares_referencia,tipo | Bank interest rates - loans to households for other purposes with a variable rate and an interest rate fixation period of up to one year (new business),4.36,pct_anual,2025-03,"BCE, ECB Data Portal, dataset MIR",https://data.ecb.europa.eu/data/datasets/MIR/MIR.MIR.M.DE.B.A2D.F.R.A.2250.EUR.N,2026-09-16,Total,Up to 1 year initial rate fixation,n/a,nivel,media_ponderada_volumen,serie MIR.M.DE.B.A2D.F.R.A.2250.EUR.N
Alemania,credito_consumo_hogares_referencia,tipo | Bank interest rates - loans to households for other purposes with a variable rate and an interest rate fixation period of up to one year (new business),4.26,pct_anual,2025-04,"BCE, ECB Data Portal, dataset MIR",https://data.ecb.europa.eu/data/datasets/MIR/MIR.MIR.M.DE.B.A2D.F.R.A.2250.EUR.N,2026-09-16,Total,Up to 1 year initial rate fixation,n/a,nivel,media_ponderada_volumen,serie MIR.M.DE.B.A2D.F.R.A.2250.EUR.N
Alemania,credito_consumo_hogares_referencia,tipo | Bank interest rates - loans to households for other purposes with a variable rate and an interest rate fixation period of up to one year (new business),4.1,pct_anual,2025-05,"BCE, ECB Data Portal, dataset MIR",https://data.ecb.europa.eu/data/datasets/MIR/MIR.MIR.M.DE.B.A2D.F.R.A.2250.EUR.N,2026-09-16,Total,Up to 1 year initial rate fixation,n/a,nivel,media_ponderada_volumen,serie MIR.M.DE.B.A2D.F.R.A.2250.EUR.N
Alemania,credito_consumo_hogares_referencia,tipo | Bank interest rates - loans to households for other purposes with a variable rate and an interest rate fixation period of up to one year (new business),3.96,pct_anual,2025-06,"BCE, ECB Data Portal, dataset MIR",https://data.ecb.europa.eu/data/datasets/MIR/MIR.MIR.M.DE.B.A2D.F.R.A.2250.EUR.N,2026-09-16,Total,Up to 1 year initial rate fixation,n/a,nivel,media_ponderada_volumen,serie MIR.M.DE.B.A2D.F.R.A.2250.EUR.N
Alemania,credito_consumo_hogares_referencia,tipo | Bank interest rates - loans to households for other purposes with a variable rate and an interest rate fixation period of up to one year (new business),4,pct_anual,2025-07,"BCE, ECB Data Portal, dataset MIR",https://data.ecb.europa.eu/data/datasets/MIR/MIR.MIR.M.DE.B.A2D.F.R.A.2250.EUR.N,2026-09-16,Total,Up to 1 year initial rate fixation,n/a,nivel,media_ponderada_volumen,serie MIR.M.DE.B.A2D.F.R.A.2250.EUR.N
Alemania,credito_consumo_hogares_referencia,tipo | Bank interest rates - loans to households for other purposes with a variable rate and an interest rate fixation period of up to one year (new business),4.08,pct_anual,2025-08,"BCE, ECB Data Portal, dataset MIR",https://data.ecb.europa.eu/data/datasets/MIR/MIR.MIR.M.DE.B.A2D.F.R.A.2250.EUR.N,2026-09-16,Total,Up to 1 year initial rate fixation,n/a,nivel,media_ponderada_volumen,serie MIR.M.DE.B.A2D.F.R.A.2250.EUR.N
Alemania,credito_consumo_hogares_referencia,tipo | Bank interest rates - loans to households for other purposes with a variable rate and an interest rate fixation period of up to one year (new business),3.99,pct_anual,2025-09,"BCE, ECB Data Portal, dataset MIR",https://data.ecb.europa.eu/data/datasets/MIR/MIR.MIR.M.DE.B.A2D.F.R.A.2250.EUR.N,2026-09-16,Total,Up to 1 year initial rate fixation,n/a,nivel,media_ponderada_volumen,serie MIR.M.DE.B.A2D.F.R.A.2250.EUR.N
Alemania,credito_consumo_hogares_referencia,tipo | Bank interest rates - loans to households for other purposes with a variable rate and an interest rate fixation period of up to one year (new business),3.93,pct_anual,2025-10,"BCE, ECB Data Portal, dataset MIR",https://data.ecb.europa.eu/data/datasets/MIR/MIR.MIR.M.DE.B.A2D.F.R.A.2250.EUR.N,2026-09-16,Total,Up to 1 year initial rate fixation,n/a,nivel,media_ponderada_volumen,serie MIR.M.DE.B.A2D.F.R.A.2250.EUR.N
Alemania,credito_consumo_hogares_referencia,tipo | Bank interest rates - loans to households for other purposes with a variable rate and an interest rate fixation period of up to one year (new business),3.93,pct_anual,2025-11,"BCE, ECB Data Portal, dataset MIR",https://data.ecb.europa.eu/data/datasets/MIR/MIR.MIR.M.DE.B.A2D.F.R.A.2250.EUR.N,2026-09-16,Total,Up to 1 year initial rate fixation,n/a,nivel,media_ponderada_volumen,serie MIR.M.DE.B.A2D.F.R.A.2250.EUR.N
Alemania,credito_consumo_hogares_referencia,tipo | Bank interest rates - loans to households for other purposes with a variable rate and an interest rate fixation period of up to one year (new business),3.78,pct_anual,2025-12,"BCE, ECB Data Portal, dataset MIR",https://data.ecb.europa.eu/data/datasets/MIR/MIR.MIR.M.DE.B.A2D.F.R.A.2250.EUR.N,2026-09-16,Total,Up to 1 year initial rate fixation,n/a,nivel,media_ponderada_volumen,serie MIR.M.DE.B.A2D.F.R.A.2250.EUR.N
Alemania,credito_consumo_hogares_referencia,tipo | Bank interest rates - loans to households for other purposes with a variable rate and an interest rate fixation period of up to one year (new business),3.91,pct_anual,2026-01,"BCE, ECB Data Portal, dataset MIR",https://data.ecb.europa.eu/data/datasets/MIR/MIR.MIR.M.DE.B.A2D.F.R.A.2250.EUR.N,2026-09-16,Total,Up to 1 year initial rate fixation,n/a,nivel,media_ponderada_volumen,serie MIR.M.DE.B.A2D.F.R.A.2250.EUR.N
Alemania,credito_consumo_hogares_referencia,tipo | Bank interest rates - loans to households for other purposes with a variable rate and an interest rate fixation period of up to one year (new business),3.86,pct_anual,2026-02,"BCE, ECB Data Portal, dataset MIR",https://data.ecb.europa.eu/data/datasets/MIR/MIR.MIR.M.DE.B.A2D.F.R.A.2250.EUR.N,2026-09-16,Total,Up to 1 year initial rate fixation,n/a,nivel,media_ponderada_volumen,serie MIR.M.DE.B.A2D.F.R.A.2250.EUR.N
Alemania,credito_consumo_hogares_referencia,tipo | Bank interest rates - loans to households for other purposes with a variable rate and an interest rate fixation period of up to one year (new business),3.73,pct_anual,2026-03,"BCE, ECB Data Portal, dataset MIR",https://data.ecb.europa.eu/data/datasets/MIR/MIR.MIR.M.DE.B.A2D.F.R.A.2250.EUR.N,2026-09-16,Total,Up to 1 year initial rate fixation,n/a,nivel,media_ponderada_volumen,serie MIR.M.DE.B.A2D.F.R.A.2250.EUR.N
Alemania,credito_consumo_hogares_referencia,tipo | Bank interest rates - loans to households for other purposes with a variable rate and an interest rate fixation period of up to one year (new business),3.81,pct_anual,2026-04,"BCE, ECB Data Portal, dataset MIR",https://data.ecb.europa.eu/data/datasets/MIR/MIR.MIR.M.DE.B.A2D.F.R.A.2250.EUR.N,2026-09-16,Total,Up to 1 year initial rate fixation,n/a,nivel,media_ponderada_volumen,serie MIR.M.DE.B.A2D.F.R.A.2250.EUR.N
Alemania,credito_consumo_hogares_referencia,tipo | Bank interest rates - loans to households for other purposes with a variable rate and an interest rate fixation period of up to one year (new business),3.78,pct_anual,2026-05,"BCE, ECB Data Portal, dataset MIR",https://data.ecb.europa.eu/data/datasets/MIR/MIR.MIR.M.DE.B.A2D.F.R.A.2250.EUR.N,2026-09-16,Total,Up to 1 year initial rate fixation,n/a,nivel,media_ponderada_volumen,serie MIR.M.DE.B.A2D.F.R.A.2250.EUR.N
Alemania,credito_consumo_hogares_referencia,tipo | Bank interest rates - loans to households for other purposes with a variable rate and an interest rate fixation period of up to one year (new business),3.98,pct_anual,2026-06,"BCE, ECB Data Portal, dataset MIR",https://data.ecb.europa.eu/data/datasets/MIR/MIR.MIR.M.DE.B.A2D.F.R.A.2250.EUR.N,2026-09-16,Total,Up to 1 year initial rate fixation,n/a,nivel,media_ponderada_volumen,serie MIR.M.DE.B.A2D.F.R.A.2250.EUR.N
Alemania,credito_consumo_hogares_referencia,tipo | Bank interest rates - loans to households for other purposes with a variable rate and an interest rate fixation period of up to one year (new business),4.01,pct_anual,2026-07,"BCE, ECB Data Portal, dataset MIR",https://data.ecb.europa.eu/data/datasets/MIR/MIR.MIR.M.DE.B.A2D.F.R.A.2250.EUR.N,2026-09-16,Total,Up to 1 year initial rate fixation,n/a,nivel,media_ponderada_volumen,serie MIR.M.DE.B.A2D.F.R.A.2250.EUR.N; OBS_STATUS=P (no definitivo)
Alemania,credito_consumo_hogares_referencia,tipo | Bank interest rates - loans to households for other purposes with an interest rate fixation period of over one & up to five years (new business),4.65,pct_anual,2025-01,"BCE, ECB Data Portal, dataset MIR",https://data.ecb.europa.eu/data/datasets/MIR/MIR.MIR.M.DE.B.A2D.I.R.A.2250.EUR.N,2026-09-16,Total,Over 1 and up to 5 years initial rate fixation,n/a,nivel,media_ponderada_volumen,serie MIR.M.DE.B.A2D.I.R.A.2250.EUR.N
Alemania,credito_consumo_hogares_referencia,tipo | Bank interest rates - loans to households for other purposes with an interest rate fixation period of over one & up to five years (new business),4.84,pct_anual,2025-02,"BCE, ECB Data Portal, dataset MIR",https://data.ecb.europa.eu/data/datasets/MIR/MIR.MIR.M.DE.B.A2D.I.R.A.2250.EUR.N,2026-09-16,Total,Over 1 and up to 5 years initial rate fixation,n/a,nivel,media_ponderada_volumen,serie MIR.M.DE.B.A2D.I.R.A.2250.EUR.N
Alemania,credito_consumo_hogares_referencia,tipo | Bank interest rates - loans to households for other purposes with an interest rate fixation period of over one & up to five years (new business),4.63,pct_anual,2025-03,"BCE, ECB Data Portal, dataset MIR",https://data.ecb.europa.eu/data/datasets/MIR/MIR.MIR.M.DE.B.A2D.I.R.A.2250.EUR.N,2026-09-16,Total,Over 1 and up to 5 years initial rate fixation,n/a,nivel,media_ponderada_volumen,serie MIR.M.DE.B.A2D.I.R.A.2250.EUR.N
Alemania,credito_consumo_hogares_referencia,tipo | Bank interest rates - loans to households for other purposes with an interest rate fixation period of over one & up to five years (new business),4.64,pct_anual,2025-04,"BCE, ECB Data Portal, dataset MIR",https://data.ecb.europa.eu/data/datasets/MIR/MIR.MIR.M.DE.B.A2D.I.R.A.2250.EUR.N,2026-09-16,Total,Over 1 and up to 5 years initial rate fixation,n/a,nivel,media_ponderada_volumen,serie MIR.M.DE.B.A2D.I.R.A.2250.EUR.N
Alemania,credito_consumo_hogares_referencia,tipo | Bank interest rates - loans to households for other purposes with an interest rate fixation period of over one & up to five years (new business),4.55,pct_anual,2025-05,"BCE, ECB Data Portal, dataset MIR",https://data.ecb.europa.eu/data/datasets/MIR/MIR.MIR.M.DE.B.A2D.I.R.A.2250.EUR.N,2026-09-16,Total,Over 1 and up to 5 years initial rate fixation,n/a,nivel,media_ponderada_volumen,serie MIR.M.DE.B.A2D.I.R.A.2250.EUR.N
Alemania,credito_consumo_hogares_referencia,tipo | Bank interest rates - loans to households for other purposes with an interest rate fixation period of over one & up to five years (new business),4.23,pct_anual,2025-06,"BCE, ECB Data Portal, dataset MIR",https://data.ecb.europa.eu/data/datasets/MIR/MIR.MIR.M.DE.B.A2D.I.R.A.2250.EUR.N,2026-09-16,Total,Over 1 and up to 5 years initial rate fixation,n/a,nivel,media_ponderada_volumen,serie MIR.M.DE.B.A2D.I.R.A.2250.EUR.N
Alemania,credito_consumo_hogares_referencia,tipo | Bank interest rates - loans to households for other purposes with an interest rate fixation period of over one & up to five years (new business),4.36,pct_anual,2025-07,"BCE, ECB Data Portal, dataset MIR",https://data.ecb.europa.eu/data/datasets/MIR/MIR.MIR.M.DE.B.A2D.I.R.A.2250.EUR.N,2026-09-16,Total,Over 1 and up to 5 years initial rate fixation,n/a,nivel,media_ponderada_volumen,serie MIR.M.DE.B.A2D.I.R.A.2250.EUR.N
Alemania,credito_consumo_hogares_referencia,tipo | Bank interest rates - loans to households for other purposes with an interest rate fixation period of over one & up to five years (new business),4.48,pct_anual,2025-08,"BCE, ECB Data Portal, dataset MIR",https://data.ecb.europa.eu/data/datasets/MIR/MIR.MIR.M.DE.B.A2D.I.R.A.2250.EUR.N,2026-09-16,Total,Over 1 and up to 5 years initial rate fixation,n/a,nivel,media_ponderada_volumen,serie MIR.M.DE.B.A2D.I.R.A.2250.EUR.N
Alemania,credito_consumo_hogares_referencia,tipo | Bank interest rates - loans to households for other purposes with an interest rate fixation period of over one & up to five years (new business),4.55,pct_anual,2025-09,"BCE, ECB Data Portal, dataset MIR",https://data.ecb.europa.eu/data/datasets/MIR/MIR.MIR.M.DE.B.A2D.I.R.A.2250.EUR.N,2026-09-16,Total,Over 1 and up to 5 years initial rate fixation,n/a,nivel,media_ponderada_volumen,serie MIR.M.DE.B.A2D.I.R.A.2250.EUR.N
Alemania,credito_consumo_hogares_referencia,tipo | Bank interest rates - loans to households for other purposes with an interest rate fixation period of over one & up to five years (new business),4.5,pct_anual,2025-10,"BCE, ECB Data Portal, dataset MIR",https://data.ecb.europa.eu/data/datasets/MIR/MIR.MIR.M.DE.B.A2D.I.R.A.2250.EUR.N,2026-09-16,Total,Over 1 and up to 5 years initial rate fixation,n/a,nivel,media_ponderada_volumen,serie MIR.M.DE.B.A2D.I.R.A.2250.EUR.N
Alemania,credito_consumo_hogares_referencia,tipo | Bank interest rates - loans to households for other purposes with an interest rate fixation period of over one & up to five years (new business),4.55,pct_anual,2025-11,"BCE, ECB Data Portal, dataset MIR",https://data.ecb.europa.eu/data/datasets/MIR/MIR.MIR.M.DE.B.A2D.I.R.A.2250.EUR.N,2026-09-16,Total,Over 1 and up to 5 years initial rate fixation,n/a,nivel,media_ponderada_volumen,serie MIR.M.DE.B.A2D.I.R.A.2250.EUR.N
Alemania,credito_consumo_hogares_referencia,tipo | Bank interest rates - loans to households for other purposes with an interest rate fixation period of over one & up to five years (new business),4.49,pct_anual,2025-12,"BCE, ECB Data Portal, dataset MIR",https://data.ecb.europa.eu/data/datasets/MIR/MIR.MIR.M.DE.B.A2D.I.R.A.2250.EUR.N,2026-09-16,Total,Over 1 and up to 5 years initial rate fixation,n/a,nivel,media_ponderada_volumen,serie MIR.M.DE.B.A2D.I.R.A.2250.EUR.N
Alemania,credito_consumo_hogares_referencia,tipo | Bank interest rates - loans to households for other purposes with an interest rate fixation period of over one & up to five years (new business),4.4,pct_anual,2026-01,"BCE, ECB Data Portal, dataset MIR",https://data.ecb.europa.eu/data/datasets/MIR/MIR.MIR.M.DE.B.A2D.I.R.A.2250.EUR.N,2026-09-16,Total,Over 1 and up to 5 years initial rate fixation,n/a,nivel,media_ponderada_volumen,serie MIR.M.DE.B.A2D.I.R.A.2250.EUR.N
Alemania,credito_consumo_hogares_referencia,tipo | Bank interest rates - loans to households for other purposes with an interest rate fixation period of over one & up to five years (new business),4.38,pct_anual,2026-02,"BCE, ECB Data Portal, dataset MIR",https://data.ecb.europa.eu/data/datasets/MIR/MIR.MIR.M.DE.B.A2D.I.R.A.2250.EUR.N,2026-09-16,Total,Over 1 and up to 5 years initial rate fixation,n/a,nivel,media_ponderada_volumen,serie MIR.M.DE.B.A2D.I.R.A.2250.EUR.N
Alemania,credito_consumo_hogares_referencia,tipo | Bank interest rates - loans to households for other purposes with an interest rate fixation period of over one & up to five years (new business),3.95,pct_anual,2026-03,"BCE, ECB Data Portal, dataset MIR",https://data.ecb.europa.eu/data/datasets/MIR/MIR.MIR.M.DE.B.A2D.I.R.A.2250.EUR.N,2026-09-16,Total,Over 1 and up to 5 years initial rate fixation,n/a,nivel,media_ponderada_volumen,serie MIR.M.DE.B.A2D.I.R.A.2250.EUR.N
Alemania,credito_consumo_hogares_referencia,tipo | Bank interest rates - loans to households for other purposes with an interest rate fixation period of over one & up to five years (new business),4.66,pct_anual,2026-04,"BCE, ECB Data Portal, dataset MIR",https://data.ecb.europa.eu/data/datasets/MIR/MIR.MIR.M.DE.B.A2D.I.R.A.2250.EUR.N,2026-09-16,Total,Over 1 and up to 5 years initial rate fixation,n/a,nivel,media_ponderada_volumen,serie MIR.M.DE.B.A2D.I.R.A.2250.EUR.N
Alemania,credito_consumo_hogares_referencia,tipo | Bank interest rates - loans to households for other purposes with an interest rate fixation period of over one & up to five years (new business),4.57,pct_anual,2026-05,"BCE, ECB Data Portal, dataset MIR",https://data.ecb.europa.eu/data/datasets/MIR/MIR.MIR.M.DE.B.A2D.I.R.A.2250.EUR.N,2026-09-16,Total,Over 1 and up to 5 years initial rate fixation,n/a,nivel,media_ponderada_volumen,serie MIR.M.DE.B.A2D.I.R.A.2250.EUR.N
Alemania,credito_consumo_hogares_referencia,tipo | Bank interest rates - loans to households for other purposes with an interest rate fixation period of over one & up to five years (new business),4.62,pct_anual,2026-06,"BCE, ECB Data Portal, dataset MIR",https://data.ecb.europa.eu/data/datasets/MIR/MIR.MIR.M.DE.B.A2D.I.R.A.2250.EUR.N,2026-09-16,Total,Over 1 and up to 5 years initial rate fixation,n/a,nivel,media_ponderada_volumen,serie MIR.M.DE.B.A2D.I.R.A.2250.EUR.N
Alemania,credito_consumo_hogares_referencia,tipo | Bank interest rates - loans to households for other purposes with an interest rate fixation period of over one & up to five years (new business),4.63,pct_anual,2026-07,"BCE, ECB Data Portal, dataset MIR",https://data.ecb.europa.eu/data/datasets/MIR/MIR.MIR.M.DE.B.A2D.I.R.A.2250.EUR.N,2026-09-16,Total,Over 1 and up to 5 years initial rate fixation,n/a,nivel,media_ponderada_volumen,serie MIR.M.DE.B.A2D.I.R.A.2250.EUR.N; OBS_STATUS=P (no definitivo)
Alemania,credito_consumo_hogares_referencia,tipo | Bank interest rates - loans to households for other purposes with an interest rate fixation period of over five years (new business),3.95,pct_anual,2025-01,"BCE, ECB Data Portal, dataset MIR",https://data.ecb.europa.eu/data/datasets/MIR/MIR.MIR.M.DE.B.A2D.J.R.A.2250.EUR.N,2026-09-16,Total,Over 5 years initial rate fixation,n/a,nivel,media_ponderada_volumen,serie MIR.M.DE.B.A2D.J.R.A.2250.EUR.N
Alemania,credito_consumo_hogares_referencia,tipo | Bank interest rates - loans to households for other purposes with an interest rate fixation period of over five years (new business),3.96,pct_anual,2025-02,"BCE, ECB Data Portal, dataset MIR",https://data.ecb.europa.eu/data/datasets/MIR/MIR.MIR.M.DE.B.A2D.J.R.A.2250.EUR.N,2026-09-16,Total,Over 5 years initial rate fixation,n/a,nivel,media_ponderada_volumen,serie MIR.M.DE.B.A2D.J.R.A.2250.EUR.N
Alemania,credito_consumo_hogares_referencia,tipo | Bank interest rates - loans to households for other purposes with an interest rate fixation period of over five years (new business),4.02,pct_anual,2025-03,"BCE, ECB Data Portal, dataset MIR",https://data.ecb.europa.eu/data/datasets/MIR/MIR.MIR.M.DE.B.A2D.J.R.A.2250.EUR.N,2026-09-16,Total,Over 5 years initial rate fixation,n/a,nivel,media_ponderada_volumen,serie MIR.M.DE.B.A2D.J.R.A.2250.EUR.N
Alemania,credito_consumo_hogares_referencia,tipo | Bank interest rates - loans to households for other purposes with an interest rate fixation period of over five years (new business),4.03,pct_anual,2025-04,"BCE, ECB Data Portal, dataset MIR",https://data.ecb.europa.eu/data/datasets/MIR/MIR.MIR.M.DE.B.A2D.J.R.A.2250.EUR.N,2026-09-16,Total,Over 5 years initial rate fixation,n/a,nivel,media_ponderada_volumen,serie MIR.M.DE.B.A2D.J.R.A.2250.EUR.N
Alemania,credito_consumo_hogares_referencia,tipo | Bank interest rates - loans to households for other purposes with an interest rate fixation period of over five years (new business),4.04,pct_anual,2025-05,"BCE, ECB Data Portal, dataset MIR",https://data.ecb.europa.eu/data/datasets/MIR/MIR.MIR.M.DE.B.A2D.J.R.A.2250.EUR.N,2026-09-16,Total,Over 5 years initial rate fixation,n/a,nivel,media_ponderada_volumen,serie MIR.M.DE.B.A2D.J.R.A.2250.EUR.N
Alemania,credito_consumo_hogares_referencia,tipo | Bank interest rates - loans to households for other purposes with an interest rate fixation period of over five years (new business),3.96,pct_anual,2025-06,"BCE, ECB Data Portal, dataset MIR",https://data.ecb.europa.eu/data/datasets/MIR/MIR.MIR.M.DE.B.A2D.J.R.A.2250.EUR.N,2026-09-16,Total,Over 5 years initial rate fixation,n/a,nivel,media_ponderada_volumen,serie MIR.M.DE.B.A2D.J.R.A.2250.EUR.N
Alemania,credito_consumo_hogares_referencia,tipo | Bank interest rates - loans to households for other purposes with an interest rate fixation period of over five years (new business),3.91,pct_anual,2025-07,"BCE, ECB Data Portal, dataset MIR",https://data.ecb.europa.eu/data/datasets/MIR/MIR.MIR.M.DE.B.A2D.J.R.A.2250.EUR.N,2026-09-16,Total,Over 5 years initial rate fixation,n/a,nivel,media_ponderada_volumen,serie MIR.M.DE.B.A2D.J.R.A.2250.EUR.N
Alemania,credito_consumo_hogares_referencia,tipo | Bank interest rates - loans to households for other purposes with an interest rate fixation period of over five years (new business),3.98,pct_anual,2025-08,"BCE, ECB Data Portal, dataset MIR",https://data.ecb.europa.eu/data/datasets/MIR/MIR.MIR.M.DE.B.A2D.J.R.A.2250.EUR.N,2026-09-16,Total,Over 5 years initial rate fixation,n/a,nivel,media_ponderada_volumen,serie MIR.M.DE.B.A2D.J.R.A.2250.EUR.N
Alemania,credito_consumo_hogares_referencia,tipo | Bank interest rates - loans to households for other purposes with an interest rate fixation period of over five years (new business),4.05,pct_anual,2025-09,"BCE, ECB Data Portal, dataset MIR",https://data.ecb.europa.eu/data/datasets/MIR/MIR.MIR.M.DE.B.A2D.J.R.A.2250.EUR.N,2026-09-16,Total,Over 5 years initial rate fixation,n/a,nivel,media_ponderada_volumen,serie MIR.M.DE.B.A2D.J.R.A.2250.EUR.N
Alemania,credito_consumo_hogares_referencia,tipo | Bank interest rates - loans to households for other purposes with an interest rate fixation period of over five years (new business),4.02,pct_anual,2025-10,"BCE, ECB Data Portal, dataset MIR",https://data.ecb.europa.eu/data/datasets/MIR/MIR.MIR.M.DE.B.A2D.J.R.A.2250.EUR.N,2026-09-16,Total,Over 5 years initial rate fixation,n/a,nivel,media_ponderada_volumen,serie MIR.M.DE.B.A2D.J.R.A.2250.EUR.N
Alemania,credito_consumo_hogares_referencia,tipo | Bank interest rates - loans to households for other purposes with an interest rate fixation period of over five years (new business),3.96,pct_anual,2025-11,"BCE, ECB Data Portal, dataset MIR",https://data.ecb.europa.eu/data/datasets/MIR/MIR.MIR.M.DE.B.A2D.J.R.A.2250.EUR.N,2026-09-16,Total,Over 5 years initial rate fixation,n/a,nivel,media_ponderada_volumen,serie MIR.M.DE.B.A2D.J.R.A.2250.EUR.N
Alemania,credito_consumo_hogares_referencia,tipo | Bank interest rates - loans to households for other purposes with an interest rate fixation period of over five years (new business),3.91,pct_anual,2025-12,"BCE, ECB Data Portal, dataset MIR",https://data.ecb.europa.eu/data/datasets/MIR/MIR.MIR.M.DE.B.A2D.J.R.A.2250.EUR.N,2026-09-16,Total,Over 5 years initial rate fixation,n/a,nivel,media_ponderada_volumen,serie MIR.M.DE.B.A2D.J.R.A.2250.EUR.N
Alemania,credito_consumo_hogares_referencia,tipo | Bank interest rates - loans to households for other purposes with an interest rate fixation period of over five years (new business),4.04,pct_anual,2026-01,"BCE, ECB Data Portal, dataset MIR",https://data.ecb.europa.eu/data/datasets/MIR/MIR.MIR.M.DE.B.A2D.J.R.A.2250.EUR.N,2026-09-16,Total,Over 5 years initial rate fixation,n/a,nivel,media_ponderada_volumen,serie MIR.M.DE.B.A2D.J.R.A.2250.EUR.N
Alemania,credito_consumo_hogares_referencia,tipo | Bank interest rates - loans to households for other purposes with an interest rate fixation period of over five years (new business),4.04,pct_anual,2026-02,"BCE, ECB Data Portal, dataset MIR",https://data.ecb.europa.eu/data/datasets/MIR/MIR.MIR.M.DE.B.A2D.J.R.A.2250.EUR.N,2026-09-16,Total,Over 5 years initial rate fixation,n/a,nivel,media_ponderada_volumen,serie MIR.M.DE.B.A2D.J.R.A.2250.EUR.N
Alemania,credito_consumo_hogares_referencia,tipo | Bank interest rates - loans to households for other purposes with an interest rate fixation period of over five years (new business),4.1,pct_anual,2026-03,"BCE, ECB Data Portal, dataset MIR",https://data.ecb.europa.eu/data/datasets/MIR/MIR.MIR.M.DE.B.A2D.J.R.A.2250.EUR.N,2026-09-16,Total,Over 5 years initial rate fixation,n/a,nivel,media_ponderada_volumen,serie MIR.M.DE.B.A2D.J.R.A.2250.EUR.N
Alemania,credito_consumo_hogares_referencia,tipo | Bank interest rates - loans to households for other purposes with an interest rate fixation period of over five years (new business),4.22,pct_anual,2026-04,"BCE, ECB Data Portal, dataset MIR",https://data.ecb.europa.eu/data/datasets/MIR/MIR.MIR.M.DE.B.A2D.J.R.A.2250.EUR.N,2026-09-16,Total,Over 5 years initial rate fixation,n/a,nivel,media_ponderada_volumen,serie MIR.M.DE.B.A2D.J.R.A.2250.EUR.N
Alemania,credito_consumo_hogares_referencia,tipo | Bank interest rates - loans to households for other purposes with an interest rate fixation period of over five years (new business),4.34,pct_anual,2026-05,"BCE, ECB Data Portal, dataset MIR",https://data.ecb.europa.eu/data/datasets/MIR/MIR.MIR.M.DE.B.A2D.J.R.A.2250.EUR.N,2026-09-16,Total,Over 5 years initial rate fixation,n/a,nivel,media_ponderada_volumen,serie MIR.M.DE.B.A2D.J.R.A.2250.EUR.N
Alemania,credito_consumo_hogares_referencia,tipo | Bank interest rates - loans to households for other purposes with an interest rate fixation period of over five years (new business),4.13,pct_anual,2026-06,"BCE, ECB Data Portal, dataset MIR",https://data.ecb.europa.eu/data/datasets/MIR/MIR.MIR.M.DE.B.A2D.J.R.A.2250.EUR.N,2026-09-16,Total,Over 5 years initial rate fixation,n/a,nivel,media_ponderada_volumen,serie MIR.M.DE.B.A2D.J.R.A.2250.EUR.N
Alemania,credito_consumo_hogares_referencia,tipo | Bank interest rates - loans to households for other purposes with an interest rate fixation period of over five years (new business),4.26,pct_anual,2026-07,"BCE, ECB Data Portal, dataset MIR",https://data.ecb.europa.eu/data/datasets/MIR/MIR.MIR.M.DE.B.A2D.J.R.A.2250.EUR.N,2026-09-16,Total,Over 5 years initial rate fixation,n/a,nivel,media_ponderada_volumen,serie MIR.M.DE.B.A2D.J.R.A.2250.EUR.N; OBS_STATUS=P (no definitivo)
Alemania,credito_consumo_hogares_referencia,tipo | Bank interest rates - loans to households for other purposes with an interest rate fixation period of over one year (new business),4.16,pct_anual,2025-01,"BCE, ECB Data Portal, dataset MIR",https://data.ecb.europa.eu/data/datasets/MIR/MIR.MIR.M.DE.B.A2D.K.R.A.2250.EUR.N,2026-09-16,Total,Over 1 year initial rate fixation,n/a,nivel,media_ponderada_volumen,serie MIR.M.DE.B.A2D.K.R.A.2250.EUR.N
Alemania,credito_consumo_hogares_referencia,tipo | Bank interest rates - loans to households for other purposes with an interest rate fixation period of over one year (new business),4.2,pct_anual,2025-02,"BCE, ECB Data Portal, dataset MIR",https://data.ecb.europa.eu/data/datasets/MIR/MIR.MIR.M.DE.B.A2D.K.R.A.2250.EUR.N,2026-09-16,Total,Over 1 year initial rate fixation,n/a,nivel,media_ponderada_volumen,serie MIR.M.DE.B.A2D.K.R.A.2250.EUR.N
Alemania,credito_consumo_hogares_referencia,tipo | Bank interest rates - loans to households for other purposes with an interest rate fixation period of over one year (new business),4.21,pct_anual,2025-03,"BCE, ECB Data Portal, dataset MIR",https://data.ecb.europa.eu/data/datasets/MIR/MIR.MIR.M.DE.B.A2D.K.R.A.2250.EUR.N,2026-09-16,Total,Over 1 year initial rate fixation,n/a,nivel,media_ponderada_volumen,serie MIR.M.DE.B.A2D.K.R.A.2250.EUR.N
Alemania,credito_consumo_hogares_referencia,tipo | Bank interest rates - loans to households for other purposes with an interest rate fixation period of over one year (new business),4.21,pct_anual,2025-04,"BCE, ECB Data Portal, dataset MIR",https://data.ecb.europa.eu/data/datasets/MIR/MIR.MIR.M.DE.B.A2D.K.R.A.2250.EUR.N,2026-09-16,Total,Over 1 year initial rate fixation,n/a,nivel,media_ponderada_volumen,serie MIR.M.DE.B.A2D.K.R.A.2250.EUR.N
Alemania,credito_consumo_hogares_referencia,tipo | Bank interest rates - loans to households for other purposes with an interest rate fixation period of over one year (new business),4.17,pct_anual,2025-05,"BCE, ECB Data Portal, dataset MIR",https://data.ecb.europa.eu/data/datasets/MIR/MIR.MIR.M.DE.B.A2D.K.R.A.2250.EUR.N,2026-09-16,Total,Over 1 year initial rate fixation,n/a,nivel,media_ponderada_volumen,serie MIR.M.DE.B.A2D.K.R.A.2250.EUR.N
Alemania,credito_consumo_hogares_referencia,tipo | Bank interest rates - loans to households for other purposes with an interest rate fixation period of over one year (new business),4.04,pct_anual,2025-06,"BCE, ECB Data Portal, dataset MIR",https://data.ecb.europa.eu/data/datasets/MIR/MIR.MIR.M.DE.B.A2D.K.R.A.2250.EUR.N,2026-09-16,Total,Over 1 year initial rate fixation,n/a,nivel,media_ponderada_volumen,serie MIR.M.DE.B.A2D.K.R.A.2250.EUR.N
Alemania,credito_consumo_hogares_referencia,tipo | Bank interest rates - loans to households for other purposes with an interest rate fixation period of over one year (new business),4.04,pct_anual,2025-07,"BCE, ECB Data Portal, dataset MIR",https://data.ecb.europa.eu/data/datasets/MIR/MIR.MIR.M.DE.B.A2D.K.R.A.2250.EUR.N,2026-09-16,Total,Over 1 year initial rate fixation,n/a,nivel,media_ponderada_volumen,serie MIR.M.DE.B.A2D.K.R.A.2250.EUR.N
Alemania,credito_consumo_hogares_referencia,tipo | Bank interest rates - loans to households for other purposes with an interest rate fixation period of over one year (new business),4.12,pct_anual,2025-08,"BCE, ECB Data Portal, dataset MIR",https://data.ecb.europa.eu/data/datasets/MIR/MIR.MIR.M.DE.B.A2D.K.R.A.2250.EUR.N,2026-09-16,Total,Over 1 year initial rate fixation,n/a,nivel,media_ponderada_volumen,serie MIR.M.DE.B.A2D.K.R.A.2250.EUR.N
Alemania,credito_consumo_hogares_referencia,tipo | Bank interest rates - loans to households for other purposes with an interest rate fixation period of over one year (new business),4.19,pct_anual,2025-09,"BCE, ECB Data Portal, dataset MIR",https://data.ecb.europa.eu/data/datasets/MIR/MIR.MIR.M.DE.B.A2D.K.R.A.2250.EUR.N,2026-09-16,Total,Over 1 year initial rate fixation,n/a,nivel,media_ponderada_volumen,serie MIR.M.DE.B.A2D.K.R.A.2250.EUR.N
Alemania,credito_consumo_hogares_referencia,tipo | Bank interest rates - loans to households for other purposes with an interest rate fixation period of over one year (new business),4.17,pct_anual,2025-10,"BCE, ECB Data Portal, dataset MIR",https://data.ecb.europa.eu/data/datasets/MIR/MIR.MIR.M.DE.B.A2D.K.R.A.2250.EUR.N,2026-09-16,Total,Over 1 year initial rate fixation,n/a,nivel,media_ponderada_volumen,serie MIR.M.DE.B.A2D.K.R.A.2250.EUR.N
Alemania,credito_consumo_hogares_referencia,tipo | Bank interest rates - loans to households for other purposes with an interest rate fixation period of over one year (new business),4.12,pct_anual,2025-11,"BCE, ECB Data Portal, dataset MIR",https://data.ecb.europa.eu/data/datasets/MIR/MIR.MIR.M.DE.B.A2D.K.R.A.2250.EUR.N,2026-09-16,Total,Over 1 year initial rate fixation,n/a,nivel,media_ponderada_volumen,serie MIR.M.DE.B.A2D.K.R.A.2250.EUR.N
Alemania,credito_consumo_hogares_referencia,tipo | Bank interest rates - loans to households for other purposes with an interest rate fixation period of over one year (new business),4.07,pct_anual,2025-12,"BCE, ECB Data Portal, dataset MIR",https://data.ecb.europa.eu/data/datasets/MIR/MIR.MIR.M.DE.B.A2D.K.R.A.2250.EUR.N,2026-09-16,Total,Over 1 year initial rate fixation,n/a,nivel,media_ponderada_volumen,serie MIR.M.DE.B.A2D.K.R.A.2250.EUR.N
Alemania,credito_consumo_hogares_referencia,tipo | Bank interest rates - loans to households for other purposes with an interest rate fixation period of over one year (new business),4.16,pct_anual,2026-01,"BCE, ECB Data Portal, dataset MIR",https://data.ecb.europa.eu/data/datasets/MIR/MIR.MIR.M.DE.B.A2D.K.R.A.2250.EUR.N,2026-09-16,Total,Over 1 year initial rate fixation,n/a,nivel,media_ponderada_volumen,serie MIR.M.DE.B.A2D.K.R.A.2250.EUR.N
Alemania,credito_consumo_hogares_referencia,tipo | Bank interest rates - loans to households for other purposes with an interest rate fixation period of over one year (new business),4.14,pct_anual,2026-02,"BCE, ECB Data Portal, dataset MIR",https://data.ecb.europa.eu/data/datasets/MIR/MIR.MIR.M.DE.B.A2D.K.R.A.2250.EUR.N,2026-09-16,Total,Over 1 year initial rate fixation,n/a,nivel,media_ponderada_volumen,serie MIR.M.DE.B.A2D.K.R.A.2250.EUR.N
Alemania,credito_consumo_hogares_referencia,tipo | Bank interest rates - loans to households for other purposes with an interest rate fixation period of over one year (new business),4.04,pct_anual,2026-03,"BCE, ECB Data Portal, dataset MIR",https://data.ecb.europa.eu/data/datasets/MIR/MIR.MIR.M.DE.B.A2D.K.R.A.2250.EUR.N,2026-09-16,Total,Over 1 year initial rate fixation,n/a,nivel,media_ponderada_volumen,serie MIR.M.DE.B.A2D.K.R.A.2250.EUR.N
Alemania,credito_consumo_hogares_referencia,tipo | Bank interest rates - loans to households for other purposes with an interest rate fixation period of over one year (new business),4.35,pct_anual,2026-04,"BCE, ECB Data Portal, dataset MIR",https://data.ecb.europa.eu/data/datasets/MIR/MIR.MIR.M.DE.B.A2D.K.R.A.2250.EUR.N,2026-09-16,Total,Over 1 year initial rate fixation,n/a,nivel,media_ponderada_volumen,serie MIR.M.DE.B.A2D.K.R.A.2250.EUR.N
Alemania,credito_consumo_hogares_referencia,tipo | Bank interest rates - loans to households for other purposes with an interest rate fixation period of over one year (new business),4.42,pct_anual,2026-05,"BCE, ECB Data Portal, dataset MIR",https://data.ecb.europa.eu/data/datasets/MIR/MIR.MIR.M.DE.B.A2D.K.R.A.2250.EUR.N,2026-09-16,Total,Over 1 year initial rate fixation,n/a,nivel,media_ponderada_volumen,serie MIR.M.DE.B.A2D.K.R.A.2250.EUR.N
Alemania,credito_consumo_hogares_referencia,tipo | Bank interest rates - loans to households for other purposes with an interest rate fixation period of over one year (new business),4.3,pct_anual,2026-06,"BCE, ECB Data Portal, dataset MIR",https://data.ecb.europa.eu/data/datasets/MIR/MIR.MIR.M.DE.B.A2D.K.R.A.2250.EUR.N,2026-09-16,Total,Over 1 year initial rate fixation,n/a,nivel,media_ponderada_volumen,serie MIR.M.DE.B.A2D.K.R.A.2250.EUR.N
Alemania,credito_consumo_hogares_referencia,tipo | Bank interest rates - loans to households for other purposes with an interest rate fixation period of over one year (new business),4.38,pct_anual,2026-07,"BCE, ECB Data Portal, dataset MIR",https://data.ecb.europa.eu/data/datasets/MIR/MIR.MIR.M.DE.B.A2D.K.R.A.2250.EUR.N,2026-09-16,Total,Over 1 year initial rate fixation,n/a,nivel,media_ponderada_volumen,serie MIR.M.DE.B.A2D.K.R.A.2250.EUR.N
Alemania,credito_consumo_hogares_referencia,volumen | Bank business volumes - loans to households for other purposes (new business),4448,eur_millones,2025-01,"BCE, ECB Data Portal, dataset MIR",https://data.ecb.europa.eu/data/datasets/MIR/MIR.MIR.M.DE.B.A2D.A.B.A.2250.EUR.N,2026-09-16,Total,Total initial rate fixation,n/a,volumen,dato_unico,serie MIR.M.DE.B.A2D.A.B.A.2250.EUR.N
Alemania,credito_consumo_hogares_referencia,volumen | Bank business volumes - loans to households for other purposes (new business),3912,eur_millones,2025-02,"BCE, ECB Data Portal, dataset MIR",https://data.ecb.europa.eu/data/datasets/MIR/MIR.MIR.M.DE.B.A2D.A.B.A.2250.EUR.N,2026-09-16,Total,Total initial rate fixation,n/a,volumen,dato_unico,serie MIR.M.DE.B.A2D.A.B.A.2250.EUR.N
Alemania,credito_consumo_hogares_referencia,volumen | Bank business volumes - loans to households for other purposes (new business),5067,eur_millones,2025-03,"BCE, ECB Data Portal, dataset MIR",https://data.ecb.europa.eu/data/datasets/MIR/MIR.MIR.M.DE.B.A2D.A.B.A.2250.EUR.N,2026-09-16,Total,Total initial rate fixation,n/a,volumen,dato_unico,serie MIR.M.DE.B.A2D.A.B.A.2250.EUR.N
Alemania,credito_consumo_hogares_referencia,volumen | Bank business volumes - loans to households for other purposes (new business),5045,eur_millones,2025-04,"BCE, ECB Data Portal, dataset MIR",https://data.ecb.europa.eu/data/datasets/MIR/MIR.MIR.M.DE.B.A2D.A.B.A.2250.EUR.N,2026-09-16,Total,Total initial rate fixation,n/a,volumen,dato_unico,serie MIR.M.DE.B.A2D.A.B.A.2250.EUR.N
Alemania,credito_consumo_hogares_referencia,volumen | Bank business volumes - loans to households for other purposes (new business),4448,eur_millones,2025-05,"BCE, ECB Data Portal, dataset MIR",https://data.ecb.europa.eu/data/datasets/MIR/MIR.MIR.M.DE.B.A2D.A.B.A.2250.EUR.N,2026-09-16,Total,Total initial rate fixation,n/a,volumen,dato_unico,serie MIR.M.DE.B.A2D.A.B.A.2250.EUR.N
Alemania,credito_consumo_hogares_referencia,volumen | Bank business volumes - loans to households for other purposes (new business),5040,eur_millones,2025-06,"BCE, ECB Data Portal, dataset MIR",https://data.ecb.europa.eu/data/datasets/MIR/MIR.MIR.M.DE.B.A2D.A.B.A.2250.EUR.N,2026-09-16,Total,Total initial rate fixation,n/a,volumen,dato_unico,serie MIR.M.DE.B.A2D.A.B.A.2250.EUR.N
Alemania,credito_consumo_hogares_referencia,volumen | Bank business volumes - loans to households for other purposes (new business),5481,eur_millones,2025-07,"BCE, ECB Data Portal, dataset MIR",https://data.ecb.europa.eu/data/datasets/MIR/MIR.MIR.M.DE.B.A2D.A.B.A.2250.EUR.N,2026-09-16,Total,Total initial rate fixation,n/a,volumen,dato_unico,serie MIR.M.DE.B.A2D.A.B.A.2250.EUR.N
Alemania,credito_consumo_hogares_referencia,volumen | Bank business volumes - loans to households for other purposes (new business),3905,eur_millones,2025-08,"BCE, ECB Data Portal, dataset MIR",https://data.ecb.europa.eu/data/datasets/MIR/MIR.MIR.M.DE.B.A2D.A.B.A.2250.EUR.N,2026-09-16,Total,Total initial rate fixation,n/a,volumen,dato_unico,serie MIR.M.DE.B.A2D.A.B.A.2250.EUR.N
Alemania,credito_consumo_hogares_referencia,volumen | Bank business volumes - loans to households for other purposes (new business),4276,eur_millones,2025-09,"BCE, ECB Data Portal, dataset MIR",https://data.ecb.europa.eu/data/datasets/MIR/MIR.MIR.M.DE.B.A2D.A.B.A.2250.EUR.N,2026-09-16,Total,Total initial rate fixation,n/a,volumen,dato_unico,serie MIR.M.DE.B.A2D.A.B.A.2250.EUR.N
Alemania,credito_consumo_hogares_referencia,volumen | Bank business volumes - loans to households for other purposes (new business),4210,eur_millones,2025-10,"BCE, ECB Data Portal, dataset MIR",https://data.ecb.europa.eu/data/datasets/MIR/MIR.MIR.M.DE.B.A2D.A.B.A.2250.EUR.N,2026-09-16,Total,Total initial rate fixation,n/a,volumen,dato_unico,serie MIR.M.DE.B.A2D.A.B.A.2250.EUR.N
Alemania,credito_consumo_hogares_referencia,volumen | Bank business volumes - loans to households for other purposes (new business),4017,eur_millones,2025-11,"BCE, ECB Data Portal, dataset MIR",https://data.ecb.europa.eu/data/datasets/MIR/MIR.MIR.M.DE.B.A2D.A.B.A.2250.EUR.N,2026-09-16,Total,Total initial rate fixation,n/a,volumen,dato_unico,serie MIR.M.DE.B.A2D.A.B.A.2250.EUR.N
Alemania,credito_consumo_hogares_referencia,volumen | Bank business volumes - loans to households for other purposes (new business),5840,eur_millones,2025-12,"BCE, ECB Data Portal, dataset MIR",https://data.ecb.europa.eu/data/datasets/MIR/MIR.MIR.M.DE.B.A2D.A.B.A.2250.EUR.N,2026-09-16,Total,Total initial rate fixation,n/a,volumen,dato_unico,serie MIR.M.DE.B.A2D.A.B.A.2250.EUR.N
Alemania,credito_consumo_hogares_referencia,volumen | Bank business volumes - loans to households for other purposes (new business),4386,eur_millones,2026-01,"BCE, ECB Data Portal, dataset MIR",https://data.ecb.europa.eu/data/datasets/MIR/MIR.MIR.M.DE.B.A2D.A.B.A.2250.EUR.N,2026-09-16,Total,Total initial rate fixation,n/a,volumen,dato_unico,serie MIR.M.DE.B.A2D.A.B.A.2250.EUR.N
Alemania,credito_consumo_hogares_referencia,volumen | Bank business volumes - loans to households for other purposes (new business),4239,eur_millones,2026-02,"BCE, ECB Data Portal, dataset MIR",https://data.ecb.europa.eu/data/datasets/MIR/MIR.MIR.M.DE.B.A2D.A.B.A.2250.EUR.N,2026-09-16,Total,Total initial rate fixation,n/a,volumen,dato_unico,serie MIR.M.DE.B.A2D.A.B.A.2250.EUR.N
Alemania,credito_consumo_hogares_referencia,volumen | Bank business volumes - loans to households for other purposes (new business),5766,eur_millones,2026-03,"BCE, ECB Data Portal, dataset MIR",https://data.ecb.europa.eu/data/datasets/MIR/MIR.MIR.M.DE.B.A2D.A.B.A.2250.EUR.N,2026-09-16,Total,Total initial rate fixation,n/a,volumen,dato_unico,serie MIR.M.DE.B.A2D.A.B.A.2250.EUR.N
Alemania,credito_consumo_hogares_referencia,volumen | Bank business volumes - loans to households for other purposes (new business),4072,eur_millones,2026-04,"BCE, ECB Data Portal, dataset MIR",https://data.ecb.europa.eu/data/datasets/MIR/MIR.MIR.M.DE.B.A2D.A.B.A.2250.EUR.N,2026-09-16,Total,Total initial rate fixation,n/a,volumen,dato_unico,serie MIR.M.DE.B.A2D.A.B.A.2250.EUR.N
Alemania,credito_consumo_hogares_referencia,volumen | Bank business volumes - loans to households for other purposes (new business),3503,eur_millones,2026-05,"BCE, ECB Data Portal, dataset MIR",https://data.ecb.europa.eu/data/datasets/MIR/MIR.MIR.M.DE.B.A2D.A.B.A.2250.EUR.N,2026-09-16,Total,Total initial rate fixation,n/a,volumen,dato_unico,serie MIR.M.DE.B.A2D.A.B.A.2250.EUR.N
Alemania,credito_consumo_hogares_referencia,volumen | Bank business volumes - loans to households for other purposes (new business),4910,eur_millones,2026-06,"BCE, ECB Data Portal, dataset MIR",https://data.ecb.europa.eu/data/datasets/MIR/MIR.MIR.M.DE.B.A2D.A.B.A.2250.EUR.N,2026-09-16,Total,Total initial rate fixation,n/a,volumen,dato_unico,serie MIR.M.DE.B.A2D.A.B.A.2250.EUR.N
Alemania,credito_consumo_hogares_referencia,volumen | Bank business volumes - loans to households for other purposes (new business),4575,eur_millones,2026-07,"BCE, ECB Data Portal, dataset MIR",https://data.ecb.europa.eu/data/datasets/MIR/MIR.MIR.M.DE.B.A2D.A.B.A.2250.EUR.N,2026-09-16,Total,Total initial rate fixation,n/a,volumen,dato_unico,serie MIR.M.DE.B.A2D.A.B.A.2250.EUR.N
Francia,credito_consumo_hogares_referencia,tipo | Bank interest rates - loans to households for other purposes (new business),3.49,pct_anual,2025-01,"BCE, ECB Data Portal, dataset MIR",https://data.ecb.europa.eu/data/datasets/MIR/MIR.MIR.M.FR.B.A2D.A.R.A.2250.EUR.N,2026-09-16,Total,Total initial rate fixation,n/a,nivel,media_ponderada_volumen,serie MIR.M.FR.B.A2D.A.R.A.2250.EUR.N
Francia,credito_consumo_hogares_referencia,tipo | Bank interest rates - loans to households for other purposes (new business),3.38,pct_anual,2025-02,"BCE, ECB Data Portal, dataset MIR",https://data.ecb.europa.eu/data/datasets/MIR/MIR.MIR.M.FR.B.A2D.A.R.A.2250.EUR.N,2026-09-16,Total,Total initial rate fixation,n/a,nivel,media_ponderada_volumen,serie MIR.M.FR.B.A2D.A.R.A.2250.EUR.N
Francia,credito_consumo_hogares_referencia,tipo | Bank interest rates - loans to households for other purposes (new business),3.47,pct_anual,2025-03,"BCE, ECB Data Portal, dataset MIR",https://data.ecb.europa.eu/data/datasets/MIR/MIR.MIR.M.FR.B.A2D.A.R.A.2250.EUR.N,2026-09-16,Total,Total initial rate fixation,n/a,nivel,media_ponderada_volumen,serie MIR.M.FR.B.A2D.A.R.A.2250.EUR.N
Francia,credito_consumo_hogares_referencia,tipo | Bank interest rates - loans to households for other purposes (new business),3.43,pct_anual,2025-04,"BCE, ECB Data Portal, dataset MIR",https://data.ecb.europa.eu/data/datasets/MIR/MIR.MIR.M.FR.B.A2D.A.R.A.2250.EUR.N,2026-09-16,Total,Total initial rate fixation,n/a,nivel,media_ponderada_volumen,serie MIR.M.FR.B.A2D.A.R.A.2250.EUR.N
Francia,credito_consumo_hogares_referencia,tipo | Bank interest rates - loans to households for other purposes (new business),3.46,pct_anual,2025-05,"BCE, ECB Data Portal, dataset MIR",https://data.ecb.europa.eu/data/datasets/MIR/MIR.MIR.M.FR.B.A2D.A.R.A.2250.EUR.N,2026-09-16,Total,Total initial rate fixation,n/a,nivel,media_ponderada_volumen,serie MIR.M.FR.B.A2D.A.R.A.2250.EUR.N
Francia,credito_consumo_hogares_referencia,tipo | Bank interest rates - loans to households for other purposes (new business),3.4,pct_anual,2025-06,"BCE, ECB Data Portal, dataset MIR",https://data.ecb.europa.eu/data/datasets/MIR/MIR.MIR.M.FR.B.A2D.A.R.A.2250.EUR.N,2026-09-16,Total,Total initial rate fixation,n/a,nivel,media_ponderada_volumen,serie MIR.M.FR.B.A2D.A.R.A.2250.EUR.N
Francia,credito_consumo_hogares_referencia,tipo | Bank interest rates - loans to households for other purposes (new business),3.39,pct_anual,2025-07,"BCE, ECB Data Portal, dataset MIR",https://data.ecb.europa.eu/data/datasets/MIR/MIR.MIR.M.FR.B.A2D.A.R.A.2250.EUR.N,2026-09-16,Total,Total initial rate fixation,n/a,nivel,media_ponderada_volumen,serie MIR.M.FR.B.A2D.A.R.A.2250.EUR.N
Francia,credito_consumo_hogares_referencia,tipo | Bank interest rates - loans to households for other purposes (new business),3.44,pct_anual,2025-08,"BCE, ECB Data Portal, dataset MIR",https://data.ecb.europa.eu/data/datasets/MIR/MIR.MIR.M.FR.B.A2D.A.R.A.2250.EUR.N,2026-09-16,Total,Total initial rate fixation,n/a,nivel,media_ponderada_volumen,serie MIR.M.FR.B.A2D.A.R.A.2250.EUR.N
Francia,credito_consumo_hogares_referencia,tipo | Bank interest rates - loans to households for other purposes (new business),3.33,pct_anual,2025-09,"BCE, ECB Data Portal, dataset MIR",https://data.ecb.europa.eu/data/datasets/MIR/MIR.MIR.M.FR.B.A2D.A.R.A.2250.EUR.N,2026-09-16,Total,Total initial rate fixation,n/a,nivel,media_ponderada_volumen,serie MIR.M.FR.B.A2D.A.R.A.2250.EUR.N
Francia,credito_consumo_hogares_referencia,tipo | Bank interest rates - loans to households for other purposes (new business),3.43,pct_anual,2025-10,"BCE, ECB Data Portal, dataset MIR",https://data.ecb.europa.eu/data/datasets/MIR/MIR.MIR.M.FR.B.A2D.A.R.A.2250.EUR.N,2026-09-16,Total,Total initial rate fixation,n/a,nivel,media_ponderada_volumen,serie MIR.M.FR.B.A2D.A.R.A.2250.EUR.N
Francia,credito_consumo_hogares_referencia,tipo | Bank interest rates - loans to households for other purposes (new business),3.38,pct_anual,2025-11,"BCE, ECB Data Portal, dataset MIR",https://data.ecb.europa.eu/data/datasets/MIR/MIR.MIR.M.FR.B.A2D.A.R.A.2250.EUR.N,2026-09-16,Total,Total initial rate fixation,n/a,nivel,media_ponderada_volumen,serie MIR.M.FR.B.A2D.A.R.A.2250.EUR.N
Francia,credito_consumo_hogares_referencia,tipo | Bank interest rates - loans to households for other purposes (new business),3.32,pct_anual,2025-12,"BCE, ECB Data Portal, dataset MIR",https://data.ecb.europa.eu/data/datasets/MIR/MIR.MIR.M.FR.B.A2D.A.R.A.2250.EUR.N,2026-09-16,Total,Total initial rate fixation,n/a,nivel,media_ponderada_volumen,serie MIR.M.FR.B.A2D.A.R.A.2250.EUR.N
Francia,credito_consumo_hogares_referencia,tipo | Bank interest rates - loans to households for other purposes (new business),3.32,pct_anual,2026-01,"BCE, ECB Data Portal, dataset MIR",https://data.ecb.europa.eu/data/datasets/MIR/MIR.MIR.M.FR.B.A2D.A.R.A.2250.EUR.N,2026-09-16,Total,Total initial rate fixation,n/a,nivel,media_ponderada_volumen,serie MIR.M.FR.B.A2D.A.R.A.2250.EUR.N
Francia,credito_consumo_hogares_referencia,tipo | Bank interest rates - loans to households for other purposes (new business),3.41,pct_anual,2026-02,"BCE, ECB Data Portal, dataset MIR",https://data.ecb.europa.eu/data/datasets/MIR/MIR.MIR.M.FR.B.A2D.A.R.A.2250.EUR.N,2026-09-16,Total,Total initial rate fixation,n/a,nivel,media_ponderada_volumen,serie MIR.M.FR.B.A2D.A.R.A.2250.EUR.N
Francia,credito_consumo_hogares_referencia,tipo | Bank interest rates - loans to households for other purposes (new business),3.34,pct_anual,2026-03,"BCE, ECB Data Portal, dataset MIR",https://data.ecb.europa.eu/data/datasets/MIR/MIR.MIR.M.FR.B.A2D.A.R.A.2250.EUR.N,2026-09-16,Total,Total initial rate fixation,n/a,nivel,media_ponderada_volumen,serie MIR.M.FR.B.A2D.A.R.A.2250.EUR.N
Francia,credito_consumo_hogares_referencia,tipo | Bank interest rates - loans to households for other purposes (new business),3.44,pct_anual,2026-04,"BCE, ECB Data Portal, dataset MIR",https://data.ecb.europa.eu/data/datasets/MIR/MIR.MIR.M.FR.B.A2D.A.R.A.2250.EUR.N,2026-09-16,Total,Total initial rate fixation,n/a,nivel,media_ponderada_volumen,serie MIR.M.FR.B.A2D.A.R.A.2250.EUR.N
Francia,credito_consumo_hogares_referencia,tipo | Bank interest rates - loans to households for other purposes (new business),3.48,pct_anual,2026-05,"BCE, ECB Data Portal, dataset MIR",https://data.ecb.europa.eu/data/datasets/MIR/MIR.MIR.M.FR.B.A2D.A.R.A.2250.EUR.N,2026-09-16,Total,Total initial rate fixation,n/a,nivel,media_ponderada_volumen,serie MIR.M.FR.B.A2D.A.R.A.2250.EUR.N
Francia,credito_consumo_hogares_referencia,tipo | Bank interest rates - loans to households for other purposes (new business),3.58,pct_anual,2026-06,"BCE, ECB Data Portal, dataset MIR",https://data.ecb.europa.eu/data/datasets/MIR/MIR.MIR.M.FR.B.A2D.A.R.A.2250.EUR.N,2026-09-16,Total,Total initial rate fixation,n/a,nivel,media_ponderada_volumen,serie MIR.M.FR.B.A2D.A.R.A.2250.EUR.N
Francia,credito_consumo_hogares_referencia,tipo | Bank interest rates - loans to households for other purposes (new business),3.54,pct_anual,2026-07,"BCE, ECB Data Portal, dataset MIR",https://data.ecb.europa.eu/data/datasets/MIR/MIR.MIR.M.FR.B.A2D.A.R.A.2250.EUR.N,2026-09-16,Total,Total initial rate fixation,n/a,nivel,media_ponderada_volumen,serie MIR.M.FR.B.A2D.A.R.A.2250.EUR.N
Francia,credito_consumo_hogares_referencia,tipo | Bank interest rates - loans to households for other purposes with a variable rate and an interest rate fixation period of up to one year (new business),3.91,pct_anual,2025-01,"BCE, ECB Data Portal, dataset MIR",https://data.ecb.europa.eu/data/datasets/MIR/MIR.MIR.M.FR.B.A2D.F.R.A.2250.EUR.N,2026-09-16,Total,Up to 1 year initial rate fixation,n/a,nivel,media_ponderada_volumen,serie MIR.M.FR.B.A2D.F.R.A.2250.EUR.N
Francia,credito_consumo_hogares_referencia,tipo | Bank interest rates - loans to households for other purposes with a variable rate and an interest rate fixation period of up to one year (new business),2.92,pct_anual,2025-02,"BCE, ECB Data Portal, dataset MIR",https://data.ecb.europa.eu/data/datasets/MIR/MIR.MIR.M.FR.B.A2D.F.R.A.2250.EUR.N,2026-09-16,Total,Up to 1 year initial rate fixation,n/a,nivel,media_ponderada_volumen,serie MIR.M.FR.B.A2D.F.R.A.2250.EUR.N
Francia,credito_consumo_hogares_referencia,tipo | Bank interest rates - loans to households for other purposes with a variable rate and an interest rate fixation period of up to one year (new business),3.52,pct_anual,2025-03,"BCE, ECB Data Portal, dataset MIR",https://data.ecb.europa.eu/data/datasets/MIR/MIR.MIR.M.FR.B.A2D.F.R.A.2250.EUR.N,2026-09-16,Total,Up to 1 year initial rate fixation,n/a,nivel,media_ponderada_volumen,serie MIR.M.FR.B.A2D.F.R.A.2250.EUR.N
Francia,credito_consumo_hogares_referencia,tipo | Bank interest rates - loans to households for other purposes with a variable rate and an interest rate fixation period of up to one year (new business),3.55,pct_anual,2025-04,"BCE, ECB Data Portal, dataset MIR",https://data.ecb.europa.eu/data/datasets/MIR/MIR.MIR.M.FR.B.A2D.F.R.A.2250.EUR.N,2026-09-16,Total,Up to 1 year initial rate fixation,n/a,nivel,media_ponderada_volumen,serie MIR.M.FR.B.A2D.F.R.A.2250.EUR.N
Francia,credito_consumo_hogares_referencia,tipo | Bank interest rates - loans to households for other purposes with a variable rate and an interest rate fixation period of up to one year (new business),3.56,pct_anual,2025-05,"BCE, ECB Data Portal, dataset MIR",https://data.ecb.europa.eu/data/datasets/MIR/MIR.MIR.M.FR.B.A2D.F.R.A.2250.EUR.N,2026-09-16,Total,Up to 1 year initial rate fixation,n/a,nivel,media_ponderada_volumen,serie MIR.M.FR.B.A2D.F.R.A.2250.EUR.N
Francia,credito_consumo_hogares_referencia,tipo | Bank interest rates - loans to households for other purposes with a variable rate and an interest rate fixation period of up to one year (new business),3.29,pct_anual,2025-06,"BCE, ECB Data Portal, dataset MIR",https://data.ecb.europa.eu/data/datasets/MIR/MIR.MIR.M.FR.B.A2D.F.R.A.2250.EUR.N,2026-09-16,Total,Up to 1 year initial rate fixation,n/a,nivel,media_ponderada_volumen,serie MIR.M.FR.B.A2D.F.R.A.2250.EUR.N
Francia,credito_consumo_hogares_referencia,tipo | Bank interest rates - loans to households for other purposes with a variable rate and an interest rate fixation period of up to one year (new business),3.07,pct_anual,2025-07,"BCE, ECB Data Portal, dataset MIR",https://data.ecb.europa.eu/data/datasets/MIR/MIR.MIR.M.FR.B.A2D.F.R.A.2250.EUR.N,2026-09-16,Total,Up to 1 year initial rate fixation,n/a,nivel,media_ponderada_volumen,serie MIR.M.FR.B.A2D.F.R.A.2250.EUR.N
Francia,credito_consumo_hogares_referencia,tipo | Bank interest rates - loans to households for other purposes with a variable rate and an interest rate fixation period of up to one year (new business),3.48,pct_anual,2025-08,"BCE, ECB Data Portal, dataset MIR",https://data.ecb.europa.eu/data/datasets/MIR/MIR.MIR.M.FR.B.A2D.F.R.A.2250.EUR.N,2026-09-16,Total,Up to 1 year initial rate fixation,n/a,nivel,media_ponderada_volumen,serie MIR.M.FR.B.A2D.F.R.A.2250.EUR.N
Francia,credito_consumo_hogares_referencia,tipo | Bank interest rates - loans to households for other purposes with a variable rate and an interest rate fixation period of up to one year (new business),2.61,pct_anual,2025-09,"BCE, ECB Data Portal, dataset MIR",https://data.ecb.europa.eu/data/datasets/MIR/MIR.MIR.M.FR.B.A2D.F.R.A.2250.EUR.N,2026-09-16,Total,Up to 1 year initial rate fixation,n/a,nivel,media_ponderada_volumen,serie MIR.M.FR.B.A2D.F.R.A.2250.EUR.N
Francia,credito_consumo_hogares_referencia,tipo | Bank interest rates - loans to households for other purposes with a variable rate and an interest rate fixation period of up to one year (new business),3.57,pct_anual,2025-10,"BCE, ECB Data Portal, dataset MIR",https://data.ecb.europa.eu/data/datasets/MIR/MIR.MIR.M.FR.B.A2D.F.R.A.2250.EUR.N,2026-09-16,Total,Up to 1 year initial rate fixation,n/a,nivel,media_ponderada_volumen,serie MIR.M.FR.B.A2D.F.R.A.2250.EUR.N
Francia,credito_consumo_hogares_referencia,tipo | Bank interest rates - loans to households for other purposes with a variable rate and an interest rate fixation period of up to one year (new business),3.43,pct_anual,2025-11,"BCE, ECB Data Portal, dataset MIR",https://data.ecb.europa.eu/data/datasets/MIR/MIR.MIR.M.FR.B.A2D.F.R.A.2250.EUR.N,2026-09-16,Total,Up to 1 year initial rate fixation,n/a,nivel,media_ponderada_volumen,serie MIR.M.FR.B.A2D.F.R.A.2250.EUR.N
Francia,credito_consumo_hogares_referencia,tipo | Bank interest rates - loans to households for other purposes with a variable rate and an interest rate fixation period of up to one year (new business),3.15,pct_anual,2025-12,"BCE, ECB Data Portal, dataset MIR",https://data.ecb.europa.eu/data/datasets/MIR/MIR.MIR.M.FR.B.A2D.F.R.A.2250.EUR.N,2026-09-16,Total,Up to 1 year initial rate fixation,n/a,nivel,media_ponderada_volumen,serie MIR.M.FR.B.A2D.F.R.A.2250.EUR.N
Francia,credito_consumo_hogares_referencia,tipo | Bank interest rates - loans to households for other purposes with a variable rate and an interest rate fixation period of up to one year (new business),3.18,pct_anual,2026-01,"BCE, ECB Data Portal, dataset MIR",https://data.ecb.europa.eu/data/datasets/MIR/MIR.MIR.M.FR.B.A2D.F.R.A.2250.EUR.N,2026-09-16,Total,Up to 1 year initial rate fixation,n/a,nivel,media_ponderada_volumen,serie MIR.M.FR.B.A2D.F.R.A.2250.EUR.N
Francia,credito_consumo_hogares_referencia,tipo | Bank interest rates - loans to households for other purposes with a variable rate and an interest rate fixation period of up to one year (new business),3.52,pct_anual,2026-02,"BCE, ECB Data Portal, dataset MIR",https://data.ecb.europa.eu/data/datasets/MIR/MIR.MIR.M.FR.B.A2D.F.R.A.2250.EUR.N,2026-09-16,Total,Up to 1 year initial rate fixation,n/a,nivel,media_ponderada_volumen,serie MIR.M.FR.B.A2D.F.R.A.2250.EUR.N
Francia,credito_consumo_hogares_referencia,tipo | Bank interest rates - loans to households for other purposes with a variable rate and an interest rate fixation period of up to one year (new business),2.68,pct_anual,2026-03,"BCE, ECB Data Portal, dataset MIR",https://data.ecb.europa.eu/data/datasets/MIR/MIR.MIR.M.FR.B.A2D.F.R.A.2250.EUR.N,2026-09-16,Total,Up to 1 year initial rate fixation,n/a,nivel,media_ponderada_volumen,serie MIR.M.FR.B.A2D.F.R.A.2250.EUR.N
Francia,credito_consumo_hogares_referencia,tipo | Bank interest rates - loans to households for other purposes with a variable rate and an interest rate fixation period of up to one year (new business),3.18,pct_anual,2026-04,"BCE, ECB Data Portal, dataset MIR",https://data.ecb.europa.eu/data/datasets/MIR/MIR.MIR.M.FR.B.A2D.F.R.A.2250.EUR.N,2026-09-16,Total,Up to 1 year initial rate fixation,n/a,nivel,media_ponderada_volumen,serie MIR.M.FR.B.A2D.F.R.A.2250.EUR.N
Francia,credito_consumo_hogares_referencia,tipo | Bank interest rates - loans to households for other purposes with a variable rate and an interest rate fixation period of up to one year (new business),3.43,pct_anual,2026-05,"BCE, ECB Data Portal, dataset MIR",https://data.ecb.europa.eu/data/datasets/MIR/MIR.MIR.M.FR.B.A2D.F.R.A.2250.EUR.N,2026-09-16,Total,Up to 1 year initial rate fixation,n/a,nivel,media_ponderada_volumen,serie MIR.M.FR.B.A2D.F.R.A.2250.EUR.N
Francia,credito_consumo_hogares_referencia,tipo | Bank interest rates - loans to households for other purposes with a variable rate and an interest rate fixation period of up to one year (new business),3.53,pct_anual,2026-06,"BCE, ECB Data Portal, dataset MIR",https://data.ecb.europa.eu/data/datasets/MIR/MIR.MIR.M.FR.B.A2D.F.R.A.2250.EUR.N,2026-09-16,Total,Up to 1 year initial rate fixation,n/a,nivel,media_ponderada_volumen,serie MIR.M.FR.B.A2D.F.R.A.2250.EUR.N
Francia,credito_consumo_hogares_referencia,tipo | Bank interest rates - loans to households for other purposes with a variable rate and an interest rate fixation period of up to one year (new business),2.8,pct_anual,2026-07,"BCE, ECB Data Portal, dataset MIR",https://data.ecb.europa.eu/data/datasets/MIR/MIR.MIR.M.FR.B.A2D.F.R.A.2250.EUR.N,2026-09-16,Total,Up to 1 year initial rate fixation,n/a,nivel,media_ponderada_volumen,serie MIR.M.FR.B.A2D.F.R.A.2250.EUR.N; OBS_STATUS=P (no definitivo)
Francia,credito_consumo_hogares_referencia,tipo | Bank interest rates - loans to households for other purposes with an interest rate fixation period of over one & up to five years (new business),3.69,pct_anual,2025-01,"BCE, ECB Data Portal, dataset MIR",https://data.ecb.europa.eu/data/datasets/MIR/MIR.MIR.M.FR.B.A2D.I.R.A.2250.EUR.N,2026-09-16,Total,Over 1 and up to 5 years initial rate fixation,n/a,nivel,media_ponderada_volumen,serie MIR.M.FR.B.A2D.I.R.A.2250.EUR.N
Francia,credito_consumo_hogares_referencia,tipo | Bank interest rates - loans to households for other purposes with an interest rate fixation period of over one & up to five years (new business),3.66,pct_anual,2025-02,"BCE, ECB Data Portal, dataset MIR",https://data.ecb.europa.eu/data/datasets/MIR/MIR.MIR.M.FR.B.A2D.I.R.A.2250.EUR.N,2026-09-16,Total,Over 1 and up to 5 years initial rate fixation,n/a,nivel,media_ponderada_volumen,serie MIR.M.FR.B.A2D.I.R.A.2250.EUR.N
Francia,credito_consumo_hogares_referencia,tipo | Bank interest rates - loans to households for other purposes with an interest rate fixation period of over one & up to five years (new business),3.61,pct_anual,2025-03,"BCE, ECB Data Portal, dataset MIR",https://data.ecb.europa.eu/data/datasets/MIR/MIR.MIR.M.FR.B.A2D.I.R.A.2250.EUR.N,2026-09-16,Total,Over 1 and up to 5 years initial rate fixation,n/a,nivel,media_ponderada_volumen,serie MIR.M.FR.B.A2D.I.R.A.2250.EUR.N
Francia,credito_consumo_hogares_referencia,tipo | Bank interest rates - loans to households for other purposes with an interest rate fixation period of over one & up to five years (new business),3.55,pct_anual,2025-04,"BCE, ECB Data Portal, dataset MIR",https://data.ecb.europa.eu/data/datasets/MIR/MIR.MIR.M.FR.B.A2D.I.R.A.2250.EUR.N,2026-09-16,Total,Over 1 and up to 5 years initial rate fixation,n/a,nivel,media_ponderada_volumen,serie MIR.M.FR.B.A2D.I.R.A.2250.EUR.N
Francia,credito_consumo_hogares_referencia,tipo | Bank interest rates - loans to households for other purposes with an interest rate fixation period of over one & up to five years (new business),3.62,pct_anual,2025-05,"BCE, ECB Data Portal, dataset MIR",https://data.ecb.europa.eu/data/datasets/MIR/MIR.MIR.M.FR.B.A2D.I.R.A.2250.EUR.N,2026-09-16,Total,Over 1 and up to 5 years initial rate fixation,n/a,nivel,media_ponderada_volumen,serie MIR.M.FR.B.A2D.I.R.A.2250.EUR.N
Francia,credito_consumo_hogares_referencia,tipo | Bank interest rates - loans to households for other purposes with an interest rate fixation period of over one & up to five years (new business),3.48,pct_anual,2025-06,"BCE, ECB Data Portal, dataset MIR",https://data.ecb.europa.eu/data/datasets/MIR/MIR.MIR.M.FR.B.A2D.I.R.A.2250.EUR.N,2026-09-16,Total,Over 1 and up to 5 years initial rate fixation,n/a,nivel,media_ponderada_volumen,serie MIR.M.FR.B.A2D.I.R.A.2250.EUR.N
Francia,credito_consumo_hogares_referencia,tipo | Bank interest rates - loans to households for other purposes with an interest rate fixation period of over one & up to five years (new business),3.48,pct_anual,2025-07,"BCE, ECB Data Portal, dataset MIR",https://data.ecb.europa.eu/data/datasets/MIR/MIR.MIR.M.FR.B.A2D.I.R.A.2250.EUR.N,2026-09-16,Total,Over 1 and up to 5 years initial rate fixation,n/a,nivel,media_ponderada_volumen,serie MIR.M.FR.B.A2D.I.R.A.2250.EUR.N
Francia,credito_consumo_hogares_referencia,tipo | Bank interest rates - loans to households for other purposes with an interest rate fixation period of over one & up to five years (new business),3.55,pct_anual,2025-08,"BCE, ECB Data Portal, dataset MIR",https://data.ecb.europa.eu/data/datasets/MIR/MIR.MIR.M.FR.B.A2D.I.R.A.2250.EUR.N,2026-09-16,Total,Over 1 and up to 5 years initial rate fixation,n/a,nivel,media_ponderada_volumen,serie MIR.M.FR.B.A2D.I.R.A.2250.EUR.N
Francia,credito_consumo_hogares_referencia,tipo | Bank interest rates - loans to households for other purposes with an interest rate fixation period of over one & up to five years (new business),3.43,pct_anual,2025-09,"BCE, ECB Data Portal, dataset MIR",https://data.ecb.europa.eu/data/datasets/MIR/MIR.MIR.M.FR.B.A2D.I.R.A.2250.EUR.N,2026-09-16,Total,Over 1 and up to 5 years initial rate fixation,n/a,nivel,media_ponderada_volumen,serie MIR.M.FR.B.A2D.I.R.A.2250.EUR.N
Francia,credito_consumo_hogares_referencia,tipo | Bank interest rates - loans to households for other purposes with an interest rate fixation period of over one & up to five years (new business),3.52,pct_anual,2025-10,"BCE, ECB Data Portal, dataset MIR",https://data.ecb.europa.eu/data/datasets/MIR/MIR.MIR.M.FR.B.A2D.I.R.A.2250.EUR.N,2026-09-16,Total,Over 1 and up to 5 years initial rate fixation,n/a,nivel,media_ponderada_volumen,serie MIR.M.FR.B.A2D.I.R.A.2250.EUR.N
Francia,credito_consumo_hogares_referencia,tipo | Bank interest rates - loans to households for other purposes with an interest rate fixation period of over one & up to five years (new business),3.49,pct_anual,2025-11,"BCE, ECB Data Portal, dataset MIR",https://data.ecb.europa.eu/data/datasets/MIR/MIR.MIR.M.FR.B.A2D.I.R.A.2250.EUR.N,2026-09-16,Total,Over 1 and up to 5 years initial rate fixation,n/a,nivel,media_ponderada_volumen,serie MIR.M.FR.B.A2D.I.R.A.2250.EUR.N
Francia,credito_consumo_hogares_referencia,tipo | Bank interest rates - loans to households for other purposes with an interest rate fixation period of over one & up to five years (new business),3.45,pct_anual,2025-12,"BCE, ECB Data Portal, dataset MIR",https://data.ecb.europa.eu/data/datasets/MIR/MIR.MIR.M.FR.B.A2D.I.R.A.2250.EUR.N,2026-09-16,Total,Over 1 and up to 5 years initial rate fixation,n/a,nivel,media_ponderada_volumen,serie MIR.M.FR.B.A2D.I.R.A.2250.EUR.N
Francia,credito_consumo_hogares_referencia,tipo | Bank interest rates - loans to households for other purposes with an interest rate fixation period of over one & up to five years (new business),3.5,pct_anual,2026-01,"BCE, ECB Data Portal, dataset MIR",https://data.ecb.europa.eu/data/datasets/MIR/MIR.MIR.M.FR.B.A2D.I.R.A.2250.EUR.N,2026-09-16,Total,Over 1 and up to 5 years initial rate fixation,n/a,nivel,media_ponderada_volumen,serie MIR.M.FR.B.A2D.I.R.A.2250.EUR.N
Francia,credito_consumo_hogares_referencia,tipo | Bank interest rates - loans to households for other purposes with an interest rate fixation period of over one & up to five years (new business),3.6,pct_anual,2026-02,"BCE, ECB Data Portal, dataset MIR",https://data.ecb.europa.eu/data/datasets/MIR/MIR.MIR.M.FR.B.A2D.I.R.A.2250.EUR.N,2026-09-16,Total,Over 1 and up to 5 years initial rate fixation,n/a,nivel,media_ponderada_volumen,serie MIR.M.FR.B.A2D.I.R.A.2250.EUR.N
Francia,credito_consumo_hogares_referencia,tipo | Bank interest rates - loans to households for other purposes with an interest rate fixation period of over one & up to five years (new business),3.56,pct_anual,2026-03,"BCE, ECB Data Portal, dataset MIR",https://data.ecb.europa.eu/data/datasets/MIR/MIR.MIR.M.FR.B.A2D.I.R.A.2250.EUR.N,2026-09-16,Total,Over 1 and up to 5 years initial rate fixation,n/a,nivel,media_ponderada_volumen,serie MIR.M.FR.B.A2D.I.R.A.2250.EUR.N
Francia,credito_consumo_hogares_referencia,tipo | Bank interest rates - loans to households for other purposes with an interest rate fixation period of over one & up to five years (new business),3.61,pct_anual,2026-04,"BCE, ECB Data Portal, dataset MIR",https://data.ecb.europa.eu/data/datasets/MIR/MIR.MIR.M.FR.B.A2D.I.R.A.2250.EUR.N,2026-09-16,Total,Over 1 and up to 5 years initial rate fixation,n/a,nivel,media_ponderada_volumen,serie MIR.M.FR.B.A2D.I.R.A.2250.EUR.N
Francia,credito_consumo_hogares_referencia,tipo | Bank interest rates - loans to households for other purposes with an interest rate fixation period of over one & up to five years (new business),3.68,pct_anual,2026-05,"BCE, ECB Data Portal, dataset MIR",https://data.ecb.europa.eu/data/datasets/MIR/MIR.MIR.M.FR.B.A2D.I.R.A.2250.EUR.N,2026-09-16,Total,Over 1 and up to 5 years initial rate fixation,n/a,nivel,media_ponderada_volumen,serie MIR.M.FR.B.A2D.I.R.A.2250.EUR.N
Francia,credito_consumo_hogares_referencia,tipo | Bank interest rates - loans to households for other purposes with an interest rate fixation period of over one & up to five years (new business),3.67,pct_anual,2026-06,"BCE, ECB Data Portal, dataset MIR",https://data.ecb.europa.eu/data/datasets/MIR/MIR.MIR.M.FR.B.A2D.I.R.A.2250.EUR.N,2026-09-16,Total,Over 1 and up to 5 years initial rate fixation,n/a,nivel,media_ponderada_volumen,serie MIR.M.FR.B.A2D.I.R.A.2250.EUR.N
Francia,credito_consumo_hogares_referencia,tipo | Bank interest rates - loans to households for other purposes with an interest rate fixation period of over one & up to five years (new business),3.61,pct_anual,2026-07,"BCE, ECB Data Portal, dataset MIR",https://data.ecb.europa.eu/data/datasets/MIR/MIR.MIR.M.FR.B.A2D.I.R.A.2250.EUR.N,2026-09-16,Total,Over 1 and up to 5 years initial rate fixation,n/a,nivel,media_ponderada_volumen,serie MIR.M.FR.B.A2D.I.R.A.2250.EUR.N; OBS_STATUS=P (no definitivo)
Francia,credito_consumo_hogares_referencia,tipo | Bank interest rates - loans to households for other purposes with an interest rate fixation period of over five years (new business),3.38,pct_anual,2025-01,"BCE, ECB Data Portal, dataset MIR",https://data.ecb.europa.eu/data/datasets/MIR/MIR.MIR.M.FR.B.A2D.J.R.A.2250.EUR.N,2026-09-16,Total,Over 5 years initial rate fixation,n/a,nivel,media_ponderada_volumen,serie MIR.M.FR.B.A2D.J.R.A.2250.EUR.N
Francia,credito_consumo_hogares_referencia,tipo | Bank interest rates - loans to households for other purposes with an interest rate fixation period of over five years (new business),3.37,pct_anual,2025-02,"BCE, ECB Data Portal, dataset MIR",https://data.ecb.europa.eu/data/datasets/MIR/MIR.MIR.M.FR.B.A2D.J.R.A.2250.EUR.N,2026-09-16,Total,Over 5 years initial rate fixation,n/a,nivel,media_ponderada_volumen,serie MIR.M.FR.B.A2D.J.R.A.2250.EUR.N
Francia,credito_consumo_hogares_referencia,tipo | Bank interest rates - loans to households for other purposes with an interest rate fixation period of over five years (new business),3.4,pct_anual,2025-03,"BCE, ECB Data Portal, dataset MIR",https://data.ecb.europa.eu/data/datasets/MIR/MIR.MIR.M.FR.B.A2D.J.R.A.2250.EUR.N,2026-09-16,Total,Over 5 years initial rate fixation,n/a,nivel,media_ponderada_volumen,serie MIR.M.FR.B.A2D.J.R.A.2250.EUR.N
Francia,credito_consumo_hogares_referencia,tipo | Bank interest rates - loans to households for other purposes with an interest rate fixation period of over five years (new business),3.38,pct_anual,2025-04,"BCE, ECB Data Portal, dataset MIR",https://data.ecb.europa.eu/data/datasets/MIR/MIR.MIR.M.FR.B.A2D.J.R.A.2250.EUR.N,2026-09-16,Total,Over 5 years initial rate fixation,n/a,nivel,media_ponderada_volumen,serie MIR.M.FR.B.A2D.J.R.A.2250.EUR.N
Francia,credito_consumo_hogares_referencia,tipo | Bank interest rates - loans to households for other purposes with an interest rate fixation period of over five years (new business),3.38,pct_anual,2025-05,"BCE, ECB Data Portal, dataset MIR",https://data.ecb.europa.eu/data/datasets/MIR/MIR.MIR.M.FR.B.A2D.J.R.A.2250.EUR.N,2026-09-16,Total,Over 5 years initial rate fixation,n/a,nivel,media_ponderada_volumen,serie MIR.M.FR.B.A2D.J.R.A.2250.EUR.N
Francia,credito_consumo_hogares_referencia,tipo | Bank interest rates - loans to households for other purposes with an interest rate fixation period of over five years (new business),3.37,pct_anual,2025-06,"BCE, ECB Data Portal, dataset MIR",https://data.ecb.europa.eu/data/datasets/MIR/MIR.MIR.M.FR.B.A2D.J.R.A.2250.EUR.N,2026-09-16,Total,Over 5 years initial rate fixation,n/a,nivel,media_ponderada_volumen,serie MIR.M.FR.B.A2D.J.R.A.2250.EUR.N
Francia,credito_consumo_hogares_referencia,tipo | Bank interest rates - loans to households for other purposes with an interest rate fixation period of over five years (new business),3.39,pct_anual,2025-07,"BCE, ECB Data Portal, dataset MIR",https://data.ecb.europa.eu/data/datasets/MIR/MIR.MIR.M.FR.B.A2D.J.R.A.2250.EUR.N,2026-09-16,Total,Over 5 years initial rate fixation,n/a,nivel,media_ponderada_volumen,serie MIR.M.FR.B.A2D.J.R.A.2250.EUR.N
Francia,credito_consumo_hogares_referencia,tipo | Bank interest rates - loans to households for other purposes with an interest rate fixation period of over five years (new business),3.39,pct_anual,2025-08,"BCE, ECB Data Portal, dataset MIR",https://data.ecb.europa.eu/data/datasets/MIR/MIR.MIR.M.FR.B.A2D.J.R.A.2250.EUR.N,2026-09-16,Total,Over 5 years initial rate fixation,n/a,nivel,media_ponderada_volumen,serie MIR.M.FR.B.A2D.J.R.A.2250.EUR.N
Francia,credito_consumo_hogares_referencia,tipo | Bank interest rates - loans to households for other purposes with an interest rate fixation period of over five years (new business),3.32,pct_anual,2025-09,"BCE, ECB Data Portal, dataset MIR",https://data.ecb.europa.eu/data/datasets/MIR/MIR.MIR.M.FR.B.A2D.J.R.A.2250.EUR.N,2026-09-16,Total,Over 5 years initial rate fixation,n/a,nivel,media_ponderada_volumen,serie MIR.M.FR.B.A2D.J.R.A.2250.EUR.N
Francia,credito_consumo_hogares_referencia,tipo | Bank interest rates - loans to households for other purposes with an interest rate fixation period of over five years (new business),3.38,pct_anual,2025-10,"BCE, ECB Data Portal, dataset MIR",https://data.ecb.europa.eu/data/datasets/MIR/MIR.MIR.M.FR.B.A2D.J.R.A.2250.EUR.N,2026-09-16,Total,Over 5 years initial rate fixation,n/a,nivel,media_ponderada_volumen,serie MIR.M.FR.B.A2D.J.R.A.2250.EUR.N
Francia,credito_consumo_hogares_referencia,tipo | Bank interest rates - loans to households for other purposes with an interest rate fixation period of over five years (new business),3.33,pct_anual,2025-11,"BCE, ECB Data Portal, dataset MIR",https://data.ecb.europa.eu/data/datasets/MIR/MIR.MIR.M.FR.B.A2D.J.R.A.2250.EUR.N,2026-09-16,Total,Over 5 years initial rate fixation,n/a,nivel,media_ponderada_volumen,serie MIR.M.FR.B.A2D.J.R.A.2250.EUR.N
Francia,credito_consumo_hogares_referencia,tipo | Bank interest rates - loans to households for other purposes with an interest rate fixation period of over five years (new business),3.28,pct_anual,2025-12,"BCE, ECB Data Portal, dataset MIR",https://data.ecb.europa.eu/data/datasets/MIR/MIR.MIR.M.FR.B.A2D.J.R.A.2250.EUR.N,2026-09-16,Total,Over 5 years initial rate fixation,n/a,nivel,media_ponderada_volumen,serie MIR.M.FR.B.A2D.J.R.A.2250.EUR.N
Francia,credito_consumo_hogares_referencia,tipo | Bank interest rates - loans to households for other purposes with an interest rate fixation period of over five years (new business),3.27,pct_anual,2026-01,"BCE, ECB Data Portal, dataset MIR",https://data.ecb.europa.eu/data/datasets/MIR/MIR.MIR.M.FR.B.A2D.J.R.A.2250.EUR.N,2026-09-16,Total,Over 5 years initial rate fixation,n/a,nivel,media_ponderada_volumen,serie MIR.M.FR.B.A2D.J.R.A.2250.EUR.N
Francia,credito_consumo_hogares_referencia,tipo | Bank interest rates - loans to households for other purposes with an interest rate fixation period of over five years (new business),3.34,pct_anual,2026-02,"BCE, ECB Data Portal, dataset MIR",https://data.ecb.europa.eu/data/datasets/MIR/MIR.MIR.M.FR.B.A2D.J.R.A.2250.EUR.N,2026-09-16,Total,Over 5 years initial rate fixation,n/a,nivel,media_ponderada_volumen,serie MIR.M.FR.B.A2D.J.R.A.2250.EUR.N
Francia,credito_consumo_hogares_referencia,tipo | Bank interest rates - loans to households for other purposes with an interest rate fixation period of over five years (new business),3.34,pct_anual,2026-03,"BCE, ECB Data Portal, dataset MIR",https://data.ecb.europa.eu/data/datasets/MIR/MIR.MIR.M.FR.B.A2D.J.R.A.2250.EUR.N,2026-09-16,Total,Over 5 years initial rate fixation,n/a,nivel,media_ponderada_volumen,serie MIR.M.FR.B.A2D.J.R.A.2250.EUR.N
Francia,credito_consumo_hogares_referencia,tipo | Bank interest rates - loans to households for other purposes with an interest rate fixation period of over five years (new business),3.4,pct_anual,2026-04,"BCE, ECB Data Portal, dataset MIR",https://data.ecb.europa.eu/data/datasets/MIR/MIR.MIR.M.FR.B.A2D.J.R.A.2250.EUR.N,2026-09-16,Total,Over 5 years initial rate fixation,n/a,nivel,media_ponderada_volumen,serie MIR.M.FR.B.A2D.J.R.A.2250.EUR.N
Francia,credito_consumo_hogares_referencia,tipo | Bank interest rates - loans to households for other purposes with an interest rate fixation period of over five years (new business),3.41,pct_anual,2026-05,"BCE, ECB Data Portal, dataset MIR",https://data.ecb.europa.eu/data/datasets/MIR/MIR.MIR.M.FR.B.A2D.J.R.A.2250.EUR.N,2026-09-16,Total,Over 5 years initial rate fixation,n/a,nivel,media_ponderada_volumen,serie MIR.M.FR.B.A2D.J.R.A.2250.EUR.N
Francia,credito_consumo_hogares_referencia,tipo | Bank interest rates - loans to households for other purposes with an interest rate fixation period of over five years (new business),3.55,pct_anual,2026-06,"BCE, ECB Data Portal, dataset MIR",https://data.ecb.europa.eu/data/datasets/MIR/MIR.MIR.M.FR.B.A2D.J.R.A.2250.EUR.N,2026-09-16,Total,Over 5 years initial rate fixation,n/a,nivel,media_ponderada_volumen,serie MIR.M.FR.B.A2D.J.R.A.2250.EUR.N
Francia,credito_consumo_hogares_referencia,tipo | Bank interest rates - loans to households for other purposes with an interest rate fixation period of over five years (new business),3.6,pct_anual,2026-07,"BCE, ECB Data Portal, dataset MIR",https://data.ecb.europa.eu/data/datasets/MIR/MIR.MIR.M.FR.B.A2D.J.R.A.2250.EUR.N,2026-09-16,Total,Over 5 years initial rate fixation,n/a,nivel,media_ponderada_volumen,serie MIR.M.FR.B.A2D.J.R.A.2250.EUR.N; OBS_STATUS=P (no definitivo)
Francia,credito_consumo_hogares_referencia,tipo | Bank interest rates - loans to households for other purposes with an interest rate fixation period of over one year (new business),3.48,pct_anual,2025-01,"BCE, ECB Data Portal, dataset MIR",https://data.ecb.europa.eu/data/datasets/MIR/MIR.MIR.M.FR.B.A2D.K.R.A.2250.EUR.N,2026-09-16,Total,Over 1 year initial rate fixation,n/a,nivel,media_ponderada_volumen,serie MIR.M.FR.B.A2D.K.R.A.2250.EUR.N
Francia,credito_consumo_hogares_referencia,tipo | Bank interest rates - loans to households for other purposes with an interest rate fixation period of over one year (new business),3.46,pct_anual,2025-02,"BCE, ECB Data Portal, dataset MIR",https://data.ecb.europa.eu/data/datasets/MIR/MIR.MIR.M.FR.B.A2D.K.R.A.2250.EUR.N,2026-09-16,Total,Over 1 year initial rate fixation,n/a,nivel,media_ponderada_volumen,serie MIR.M.FR.B.A2D.K.R.A.2250.EUR.N
Francia,credito_consumo_hogares_referencia,tipo | Bank interest rates - loans to households for other purposes with an interest rate fixation period of over one year (new business),3.46,pct_anual,2025-03,"BCE, ECB Data Portal, dataset MIR",https://data.ecb.europa.eu/data/datasets/MIR/MIR.MIR.M.FR.B.A2D.K.R.A.2250.EUR.N,2026-09-16,Total,Over 1 year initial rate fixation,n/a,nivel,media_ponderada_volumen,serie MIR.M.FR.B.A2D.K.R.A.2250.EUR.N
Francia,credito_consumo_hogares_referencia,tipo | Bank interest rates - loans to households for other purposes with an interest rate fixation period of over one year (new business),3.43,pct_anual,2025-04,"BCE, ECB Data Portal, dataset MIR",https://data.ecb.europa.eu/data/datasets/MIR/MIR.MIR.M.FR.B.A2D.K.R.A.2250.EUR.N,2026-09-16,Total,Over 1 year initial rate fixation,n/a,nivel,media_ponderada_volumen,serie MIR.M.FR.B.A2D.K.R.A.2250.EUR.N
Francia,credito_consumo_hogares_referencia,tipo | Bank interest rates - loans to households for other purposes with an interest rate fixation period of over one year (new business),3.45,pct_anual,2025-05,"BCE, ECB Data Portal, dataset MIR",https://data.ecb.europa.eu/data/datasets/MIR/MIR.MIR.M.FR.B.A2D.K.R.A.2250.EUR.N,2026-09-16,Total,Over 1 year initial rate fixation,n/a,nivel,media_ponderada_volumen,serie MIR.M.FR.B.A2D.K.R.A.2250.EUR.N
Francia,credito_consumo_hogares_referencia,tipo | Bank interest rates - loans to households for other purposes with an interest rate fixation period of over one year (new business),3.4,pct_anual,2025-06,"BCE, ECB Data Portal, dataset MIR",https://data.ecb.europa.eu/data/datasets/MIR/MIR.MIR.M.FR.B.A2D.K.R.A.2250.EUR.N,2026-09-16,Total,Over 1 year initial rate fixation,n/a,nivel,media_ponderada_volumen,serie MIR.M.FR.B.A2D.K.R.A.2250.EUR.N
Francia,credito_consumo_hogares_referencia,tipo | Bank interest rates - loans to households for other purposes with an interest rate fixation period of over one year (new business),3.41,pct_anual,2025-07,"BCE, ECB Data Portal, dataset MIR",https://data.ecb.europa.eu/data/datasets/MIR/MIR.MIR.M.FR.B.A2D.K.R.A.2250.EUR.N,2026-09-16,Total,Over 1 year initial rate fixation,n/a,nivel,media_ponderada_volumen,serie MIR.M.FR.B.A2D.K.R.A.2250.EUR.N
Francia,credito_consumo_hogares_referencia,tipo | Bank interest rates - loans to households for other purposes with an interest rate fixation period of over one year (new business),3.43,pct_anual,2025-08,"BCE, ECB Data Portal, dataset MIR",https://data.ecb.europa.eu/data/datasets/MIR/MIR.MIR.M.FR.B.A2D.K.R.A.2250.EUR.N,2026-09-16,Total,Over 1 year initial rate fixation,n/a,nivel,media_ponderada_volumen,serie MIR.M.FR.B.A2D.K.R.A.2250.EUR.N
Francia,credito_consumo_hogares_referencia,tipo | Bank interest rates - loans to households for other purposes with an interest rate fixation period of over one year (new business),3.35,pct_anual,2025-09,"BCE, ECB Data Portal, dataset MIR",https://data.ecb.europa.eu/data/datasets/MIR/MIR.MIR.M.FR.B.A2D.K.R.A.2250.EUR.N,2026-09-16,Total,Over 1 year initial rate fixation,n/a,nivel,media_ponderada_volumen,serie MIR.M.FR.B.A2D.K.R.A.2250.EUR.N
Francia,credito_consumo_hogares_referencia,tipo | Bank interest rates - loans to households for other purposes with an interest rate fixation period of over one year (new business),3.42,pct_anual,2025-10,"BCE, ECB Data Portal, dataset MIR",https://data.ecb.europa.eu/data/datasets/MIR/MIR.MIR.M.FR.B.A2D.K.R.A.2250.EUR.N,2026-09-16,Total,Over 1 year initial rate fixation,n/a,nivel,media_ponderada_volumen,serie MIR.M.FR.B.A2D.K.R.A.2250.EUR.N
Francia,credito_consumo_hogares_referencia,tipo | Bank interest rates - loans to households for other purposes with an interest rate fixation period of over one year (new business),3.38,pct_anual,2025-11,"BCE, ECB Data Portal, dataset MIR",https://data.ecb.europa.eu/data/datasets/MIR/MIR.MIR.M.FR.B.A2D.K.R.A.2250.EUR.N,2026-09-16,Total,Over 1 year initial rate fixation,n/a,nivel,media_ponderada_volumen,serie MIR.M.FR.B.A2D.K.R.A.2250.EUR.N
Francia,credito_consumo_hogares_referencia,tipo | Bank interest rates - loans to households for other purposes with an interest rate fixation period of over one year (new business),3.32,pct_anual,2025-12,"BCE, ECB Data Portal, dataset MIR",https://data.ecb.europa.eu/data/datasets/MIR/MIR.MIR.M.FR.B.A2D.K.R.A.2250.EUR.N,2026-09-16,Total,Over 1 year initial rate fixation,n/a,nivel,media_ponderada_volumen,serie MIR.M.FR.B.A2D.K.R.A.2250.EUR.N
Francia,credito_consumo_hogares_referencia,tipo | Bank interest rates - loans to households for other purposes with an interest rate fixation period of over one year (new business),3.33,pct_anual,2026-01,"BCE, ECB Data Portal, dataset MIR",https://data.ecb.europa.eu/data/datasets/MIR/MIR.MIR.M.FR.B.A2D.K.R.A.2250.EUR.N,2026-09-16,Total,Over 1 year initial rate fixation,n/a,nivel,media_ponderada_volumen,serie MIR.M.FR.B.A2D.K.R.A.2250.EUR.N
Francia,credito_consumo_hogares_referencia,tipo | Bank interest rates - loans to households for other purposes with an interest rate fixation period of over one year (new business),3.41,pct_anual,2026-02,"BCE, ECB Data Portal, dataset MIR",https://data.ecb.europa.eu/data/datasets/MIR/MIR.MIR.M.FR.B.A2D.K.R.A.2250.EUR.N,2026-09-16,Total,Over 1 year initial rate fixation,n/a,nivel,media_ponderada_volumen,serie MIR.M.FR.B.A2D.K.R.A.2250.EUR.N
Francia,credito_consumo_hogares_referencia,tipo | Bank interest rates - loans to households for other purposes with an interest rate fixation period of over one year (new business),3.4,pct_anual,2026-03,"BCE, ECB Data Portal, dataset MIR",https://data.ecb.europa.eu/data/datasets/MIR/MIR.MIR.M.FR.B.A2D.K.R.A.2250.EUR.N,2026-09-16,Total,Over 1 year initial rate fixation,n/a,nivel,media_ponderada_volumen,serie MIR.M.FR.B.A2D.K.R.A.2250.EUR.N
Francia,credito_consumo_hogares_referencia,tipo | Bank interest rates - loans to households for other purposes with an interest rate fixation period of over one year (new business),3.45,pct_anual,2026-04,"BCE, ECB Data Portal, dataset MIR",https://data.ecb.europa.eu/data/datasets/MIR/MIR.MIR.M.FR.B.A2D.K.R.A.2250.EUR.N,2026-09-16,Total,Over 1 year initial rate fixation,n/a,nivel,media_ponderada_volumen,serie MIR.M.FR.B.A2D.K.R.A.2250.EUR.N
Francia,credito_consumo_hogares_referencia,tipo | Bank interest rates - loans to households for other purposes with an interest rate fixation period of over one year (new business),3.48,pct_anual,2026-05,"BCE, ECB Data Portal, dataset MIR",https://data.ecb.europa.eu/data/datasets/MIR/MIR.MIR.M.FR.B.A2D.K.R.A.2250.EUR.N,2026-09-16,Total,Over 1 year initial rate fixation,n/a,nivel,media_ponderada_volumen,serie MIR.M.FR.B.A2D.K.R.A.2250.EUR.N
Francia,credito_consumo_hogares_referencia,tipo | Bank interest rates - loans to households for other purposes with an interest rate fixation period of over one year (new business),3.58,pct_anual,2026-06,"BCE, ECB Data Portal, dataset MIR",https://data.ecb.europa.eu/data/datasets/MIR/MIR.MIR.M.FR.B.A2D.K.R.A.2250.EUR.N,2026-09-16,Total,Over 1 year initial rate fixation,n/a,nivel,media_ponderada_volumen,serie MIR.M.FR.B.A2D.K.R.A.2250.EUR.N
Francia,credito_consumo_hogares_referencia,tipo | Bank interest rates - loans to households for other purposes with an interest rate fixation period of over one year (new business),3.6,pct_anual,2026-07,"BCE, ECB Data Portal, dataset MIR",https://data.ecb.europa.eu/data/datasets/MIR/MIR.MIR.M.FR.B.A2D.K.R.A.2250.EUR.N,2026-09-16,Total,Over 1 year initial rate fixation,n/a,nivel,media_ponderada_volumen,serie MIR.M.FR.B.A2D.K.R.A.2250.EUR.N
Francia,credito_consumo_hogares_referencia,volumen | Bank business volumes - loans to households for other purposes (new business),624,eur_millones,2025-01,"BCE, ECB Data Portal, dataset MIR",https://data.ecb.europa.eu/data/datasets/MIR/MIR.MIR.M.FR.B.A2D.A.B.A.2250.EUR.N,2026-09-16,Total,Total initial rate fixation,n/a,volumen,dato_unico,serie MIR.M.FR.B.A2D.A.B.A.2250.EUR.N
Francia,credito_consumo_hogares_referencia,volumen | Bank business volumes - loans to households for other purposes (new business),631,eur_millones,2025-02,"BCE, ECB Data Portal, dataset MIR",https://data.ecb.europa.eu/data/datasets/MIR/MIR.MIR.M.FR.B.A2D.A.B.A.2250.EUR.N,2026-09-16,Total,Total initial rate fixation,n/a,volumen,dato_unico,serie MIR.M.FR.B.A2D.A.B.A.2250.EUR.N
Francia,credito_consumo_hogares_referencia,volumen | Bank business volumes - loans to households for other purposes (new business),652,eur_millones,2025-03,"BCE, ECB Data Portal, dataset MIR",https://data.ecb.europa.eu/data/datasets/MIR/MIR.MIR.M.FR.B.A2D.A.B.A.2250.EUR.N,2026-09-16,Total,Total initial rate fixation,n/a,volumen,dato_unico,serie MIR.M.FR.B.A2D.A.B.A.2250.EUR.N
Francia,credito_consumo_hogares_referencia,volumen | Bank business volumes - loans to households for other purposes (new business),649,eur_millones,2025-04,"BCE, ECB Data Portal, dataset MIR",https://data.ecb.europa.eu/data/datasets/MIR/MIR.MIR.M.FR.B.A2D.A.B.A.2250.EUR.N,2026-09-16,Total,Total initial rate fixation,n/a,volumen,dato_unico,serie MIR.M.FR.B.A2D.A.B.A.2250.EUR.N
Francia,credito_consumo_hogares_referencia,volumen | Bank business volumes - loans to households for other purposes (new business),588,eur_millones,2025-05,"BCE, ECB Data Portal, dataset MIR",https://data.ecb.europa.eu/data/datasets/MIR/MIR.MIR.M.FR.B.A2D.A.B.A.2250.EUR.N,2026-09-16,Total,Total initial rate fixation,n/a,volumen,dato_unico,serie MIR.M.FR.B.A2D.A.B.A.2250.EUR.N
Francia,credito_consumo_hogares_referencia,volumen | Bank business volumes - loans to households for other purposes (new business),616,eur_millones,2025-06,"BCE, ECB Data Portal, dataset MIR",https://data.ecb.europa.eu/data/datasets/MIR/MIR.MIR.M.FR.B.A2D.A.B.A.2250.EUR.N,2026-09-16,Total,Total initial rate fixation,n/a,volumen,dato_unico,serie MIR.M.FR.B.A2D.A.B.A.2250.EUR.N
Francia,credito_consumo_hogares_referencia,volumen | Bank business volumes - loans to households for other purposes (new business),759,eur_millones,2025-07,"BCE, ECB Data Portal, dataset MIR",https://data.ecb.europa.eu/data/datasets/MIR/MIR.MIR.M.FR.B.A2D.A.B.A.2250.EUR.N,2026-09-16,Total,Total initial rate fixation,n/a,volumen,dato_unico,serie MIR.M.FR.B.A2D.A.B.A.2250.EUR.N
Francia,credito_consumo_hogares_referencia,volumen | Bank business volumes - loans to households for other purposes (new business),425,eur_millones,2025-08,"BCE, ECB Data Portal, dataset MIR",https://data.ecb.europa.eu/data/datasets/MIR/MIR.MIR.M.FR.B.A2D.A.B.A.2250.EUR.N,2026-09-16,Total,Total initial rate fixation,n/a,volumen,dato_unico,serie MIR.M.FR.B.A2D.A.B.A.2250.EUR.N
Francia,credito_consumo_hogares_referencia,volumen | Bank business volumes - loans to households for other purposes (new business),601,eur_millones,2025-09,"BCE, ECB Data Portal, dataset MIR",https://data.ecb.europa.eu/data/datasets/MIR/MIR.MIR.M.FR.B.A2D.A.B.A.2250.EUR.N,2026-09-16,Total,Total initial rate fixation,n/a,volumen,dato_unico,serie MIR.M.FR.B.A2D.A.B.A.2250.EUR.N
Francia,credito_consumo_hogares_referencia,volumen | Bank business volumes - loans to households for other purposes (new business),662,eur_millones,2025-10,"BCE, ECB Data Portal, dataset MIR",https://data.ecb.europa.eu/data/datasets/MIR/MIR.MIR.M.FR.B.A2D.A.B.A.2250.EUR.N,2026-09-16,Total,Total initial rate fixation,n/a,volumen,dato_unico,serie MIR.M.FR.B.A2D.A.B.A.2250.EUR.N
Francia,credito_consumo_hogares_referencia,volumen | Bank business volumes - loans to households for other purposes (new business),545,eur_millones,2025-11,"BCE, ECB Data Portal, dataset MIR",https://data.ecb.europa.eu/data/datasets/MIR/MIR.MIR.M.FR.B.A2D.A.B.A.2250.EUR.N,2026-09-16,Total,Total initial rate fixation,n/a,volumen,dato_unico,serie MIR.M.FR.B.A2D.A.B.A.2250.EUR.N
Francia,credito_consumo_hogares_referencia,volumen | Bank business volumes - loans to households for other purposes (new business),863,eur_millones,2025-12,"BCE, ECB Data Portal, dataset MIR",https://data.ecb.europa.eu/data/datasets/MIR/MIR.MIR.M.FR.B.A2D.A.B.A.2250.EUR.N,2026-09-16,Total,Total initial rate fixation,n/a,volumen,dato_unico,serie MIR.M.FR.B.A2D.A.B.A.2250.EUR.N
Francia,credito_consumo_hogares_referencia,volumen | Bank business volumes - loans to households for other purposes (new business),583,eur_millones,2026-01,"BCE, ECB Data Portal, dataset MIR",https://data.ecb.europa.eu/data/datasets/MIR/MIR.MIR.M.FR.B.A2D.A.B.A.2250.EUR.N,2026-09-16,Total,Total initial rate fixation,n/a,volumen,dato_unico,serie MIR.M.FR.B.A2D.A.B.A.2250.EUR.N
Francia,credito_consumo_hogares_referencia,volumen | Bank business volumes - loans to households for other purposes (new business),539,eur_millones,2026-02,"BCE, ECB Data Portal, dataset MIR",https://data.ecb.europa.eu/data/datasets/MIR/MIR.MIR.M.FR.B.A2D.A.B.A.2250.EUR.N,2026-09-16,Total,Total initial rate fixation,n/a,volumen,dato_unico,serie MIR.M.FR.B.A2D.A.B.A.2250.EUR.N
Francia,credito_consumo_hogares_referencia,volumen | Bank business volumes - loans to households for other purposes (new business),718,eur_millones,2026-03,"BCE, ECB Data Portal, dataset MIR",https://data.ecb.europa.eu/data/datasets/MIR/MIR.MIR.M.FR.B.A2D.A.B.A.2250.EUR.N,2026-09-16,Total,Total initial rate fixation,n/a,volumen,dato_unico,serie MIR.M.FR.B.A2D.A.B.A.2250.EUR.N
Francia,credito_consumo_hogares_referencia,volumen | Bank business volumes - loans to households for other purposes (new business),719,eur_millones,2026-04,"BCE, ECB Data Portal, dataset MIR",https://data.ecb.europa.eu/data/datasets/MIR/MIR.MIR.M.FR.B.A2D.A.B.A.2250.EUR.N,2026-09-16,Total,Total initial rate fixation,n/a,volumen,dato_unico,serie MIR.M.FR.B.A2D.A.B.A.2250.EUR.N
Francia,credito_consumo_hogares_referencia,volumen | Bank business volumes - loans to households for other purposes (new business),531,eur_millones,2026-05,"BCE, ECB Data Portal, dataset MIR",https://data.ecb.europa.eu/data/datasets/MIR/MIR.MIR.M.FR.B.A2D.A.B.A.2250.EUR.N,2026-09-16,Total,Total initial rate fixation,n/a,volumen,dato_unico,serie MIR.M.FR.B.A2D.A.B.A.2250.EUR.N
Francia,credito_consumo_hogares_referencia,volumen | Bank business volumes - loans to households for other purposes (new business),711,eur_millones,2026-06,"BCE, ECB Data Portal, dataset MIR",https://data.ecb.europa.eu/data/datasets/MIR/MIR.MIR.M.FR.B.A2D.A.B.A.2250.EUR.N,2026-09-16,Total,Total initial rate fixation,n/a,volumen,dato_unico,serie MIR.M.FR.B.A2D.A.B.A.2250.EUR.N
Francia,credito_consumo_hogares_referencia,volumen | Bank business volumes - loans to households for other purposes (new business),669,eur_millones,2026-07,"BCE, ECB Data Portal, dataset MIR",https://data.ecb.europa.eu/data/datasets/MIR/MIR.MIR.M.FR.B.A2D.A.B.A.2250.EUR.N,2026-09-16,Total,Total initial rate fixation,n/a,volumen,dato_unico,serie MIR.M.FR.B.A2D.A.B.A.2250.EUR.N
Italia,credito_consumo_hogares_referencia,tipo | Bank interest rates - loans to households for other purposes (new business),4.7,pct_anual,2025-01,"BCE, ECB Data Portal, dataset MIR",https://data.ecb.europa.eu/data/datasets/MIR/MIR.MIR.M.IT.B.A2D.A.R.A.2250.EUR.N,2026-09-16,Total,Total initial rate fixation,n/a,nivel,media_ponderada_volumen,serie MIR.M.IT.B.A2D.A.R.A.2250.EUR.N
Italia,credito_consumo_hogares_referencia,tipo | Bank interest rates - loans to households for other purposes (new business),4.82,pct_anual,2025-02,"BCE, ECB Data Portal, dataset MIR",https://data.ecb.europa.eu/data/datasets/MIR/MIR.MIR.M.IT.B.A2D.A.R.A.2250.EUR.N,2026-09-16,Total,Total initial rate fixation,n/a,nivel,media_ponderada_volumen,serie MIR.M.IT.B.A2D.A.R.A.2250.EUR.N
Italia,credito_consumo_hogares_referencia,tipo | Bank interest rates - loans to households for other purposes (new business),4.74,pct_anual,2025-03,"BCE, ECB Data Portal, dataset MIR",https://data.ecb.europa.eu/data/datasets/MIR/MIR.MIR.M.IT.B.A2D.A.R.A.2250.EUR.N,2026-09-16,Total,Total initial rate fixation,n/a,nivel,media_ponderada_volumen,serie MIR.M.IT.B.A2D.A.R.A.2250.EUR.N
Italia,credito_consumo_hogares_referencia,tipo | Bank interest rates - loans to households for other purposes (new business),4.7,pct_anual,2025-04,"BCE, ECB Data Portal, dataset MIR",https://data.ecb.europa.eu/data/datasets/MIR/MIR.MIR.M.IT.B.A2D.A.R.A.2250.EUR.N,2026-09-16,Total,Total initial rate fixation,n/a,nivel,media_ponderada_volumen,serie MIR.M.IT.B.A2D.A.R.A.2250.EUR.N
Italia,credito_consumo_hogares_referencia,tipo | Bank interest rates - loans to households for other purposes (new business),4.4,pct_anual,2025-05,"BCE, ECB Data Portal, dataset MIR",https://data.ecb.europa.eu/data/datasets/MIR/MIR.MIR.M.IT.B.A2D.A.R.A.2250.EUR.N,2026-09-16,Total,Total initial rate fixation,n/a,nivel,media_ponderada_volumen,serie MIR.M.IT.B.A2D.A.R.A.2250.EUR.N
Italia,credito_consumo_hogares_referencia,tipo | Bank interest rates - loans to households for other purposes (new business),4.16,pct_anual,2025-06,"BCE, ECB Data Portal, dataset MIR",https://data.ecb.europa.eu/data/datasets/MIR/MIR.MIR.M.IT.B.A2D.A.R.A.2250.EUR.N,2026-09-16,Total,Total initial rate fixation,n/a,nivel,media_ponderada_volumen,serie MIR.M.IT.B.A2D.A.R.A.2250.EUR.N
Italia,credito_consumo_hogares_referencia,tipo | Bank interest rates - loans to households for other purposes (new business),4.2,pct_anual,2025-07,"BCE, ECB Data Portal, dataset MIR",https://data.ecb.europa.eu/data/datasets/MIR/MIR.MIR.M.IT.B.A2D.A.R.A.2250.EUR.N,2026-09-16,Total,Total initial rate fixation,n/a,nivel,media_ponderada_volumen,serie MIR.M.IT.B.A2D.A.R.A.2250.EUR.N
Italia,credito_consumo_hogares_referencia,tipo | Bank interest rates - loans to households for other purposes (new business),4.31,pct_anual,2025-08,"BCE, ECB Data Portal, dataset MIR",https://data.ecb.europa.eu/data/datasets/MIR/MIR.MIR.M.IT.B.A2D.A.R.A.2250.EUR.N,2026-09-16,Total,Total initial rate fixation,n/a,nivel,media_ponderada_volumen,serie MIR.M.IT.B.A2D.A.R.A.2250.EUR.N
Italia,credito_consumo_hogares_referencia,tipo | Bank interest rates - loans to households for other purposes (new business),4.27,pct_anual,2025-09,"BCE, ECB Data Portal, dataset MIR",https://data.ecb.europa.eu/data/datasets/MIR/MIR.MIR.M.IT.B.A2D.A.R.A.2250.EUR.N,2026-09-16,Total,Total initial rate fixation,n/a,nivel,media_ponderada_volumen,serie MIR.M.IT.B.A2D.A.R.A.2250.EUR.N
Italia,credito_consumo_hogares_referencia,tipo | Bank interest rates - loans to households for other purposes (new business),4.22,pct_anual,2025-10,"BCE, ECB Data Portal, dataset MIR",https://data.ecb.europa.eu/data/datasets/MIR/MIR.MIR.M.IT.B.A2D.A.R.A.2250.EUR.N,2026-09-16,Total,Total initial rate fixation,n/a,nivel,media_ponderada_volumen,serie MIR.M.IT.B.A2D.A.R.A.2250.EUR.N
Italia,credito_consumo_hogares_referencia,tipo | Bank interest rates - loans to households for other purposes (new business),4.16,pct_anual,2025-11,"BCE, ECB Data Portal, dataset MIR",https://data.ecb.europa.eu/data/datasets/MIR/MIR.MIR.M.IT.B.A2D.A.R.A.2250.EUR.N,2026-09-16,Total,Total initial rate fixation,n/a,nivel,media_ponderada_volumen,serie MIR.M.IT.B.A2D.A.R.A.2250.EUR.N
Italia,credito_consumo_hogares_referencia,tipo | Bank interest rates - loans to households for other purposes (new business),3.9,pct_anual,2025-12,"BCE, ECB Data Portal, dataset MIR",https://data.ecb.europa.eu/data/datasets/MIR/MIR.MIR.M.IT.B.A2D.A.R.A.2250.EUR.N,2026-09-16,Total,Total initial rate fixation,n/a,nivel,media_ponderada_volumen,serie MIR.M.IT.B.A2D.A.R.A.2250.EUR.N
Italia,credito_consumo_hogares_referencia,tipo | Bank interest rates - loans to households for other purposes (new business),4.15,pct_anual,2026-01,"BCE, ECB Data Portal, dataset MIR",https://data.ecb.europa.eu/data/datasets/MIR/MIR.MIR.M.IT.B.A2D.A.R.A.2250.EUR.N,2026-09-16,Total,Total initial rate fixation,n/a,nivel,media_ponderada_volumen,serie MIR.M.IT.B.A2D.A.R.A.2250.EUR.N
Italia,credito_consumo_hogares_referencia,tipo | Bank interest rates - loans to households for other purposes (new business),4.34,pct_anual,2026-02,"BCE, ECB Data Portal, dataset MIR",https://data.ecb.europa.eu/data/datasets/MIR/MIR.MIR.M.IT.B.A2D.A.R.A.2250.EUR.N,2026-09-16,Total,Total initial rate fixation,n/a,nivel,media_ponderada_volumen,serie MIR.M.IT.B.A2D.A.R.A.2250.EUR.N
Italia,credito_consumo_hogares_referencia,tipo | Bank interest rates - loans to households for other purposes (new business),4.41,pct_anual,2026-03,"BCE, ECB Data Portal, dataset MIR",https://data.ecb.europa.eu/data/datasets/MIR/MIR.MIR.M.IT.B.A2D.A.R.A.2250.EUR.N,2026-09-16,Total,Total initial rate fixation,n/a,nivel,media_ponderada_volumen,serie MIR.M.IT.B.A2D.A.R.A.2250.EUR.N
Italia,credito_consumo_hogares_referencia,tipo | Bank interest rates - loans to households for other purposes (new business),4.4,pct_anual,2026-04,"BCE, ECB Data Portal, dataset MIR",https://data.ecb.europa.eu/data/datasets/MIR/MIR.MIR.M.IT.B.A2D.A.R.A.2250.EUR.N,2026-09-16,Total,Total initial rate fixation,n/a,nivel,media_ponderada_volumen,serie MIR.M.IT.B.A2D.A.R.A.2250.EUR.N
Italia,credito_consumo_hogares_referencia,tipo | Bank interest rates - loans to households for other purposes (new business),4.47,pct_anual,2026-05,"BCE, ECB Data Portal, dataset MIR",https://data.ecb.europa.eu/data/datasets/MIR/MIR.MIR.M.IT.B.A2D.A.R.A.2250.EUR.N,2026-09-16,Total,Total initial rate fixation,n/a,nivel,media_ponderada_volumen,serie MIR.M.IT.B.A2D.A.R.A.2250.EUR.N
Italia,credito_consumo_hogares_referencia,tipo | Bank interest rates - loans to households for other purposes (new business),4.58,pct_anual,2026-06,"BCE, ECB Data Portal, dataset MIR",https://data.ecb.europa.eu/data/datasets/MIR/MIR.MIR.M.IT.B.A2D.A.R.A.2250.EUR.N,2026-09-16,Total,Total initial rate fixation,n/a,nivel,media_ponderada_volumen,serie MIR.M.IT.B.A2D.A.R.A.2250.EUR.N
Italia,credito_consumo_hogares_referencia,tipo | Bank interest rates - loans to households for other purposes (new business),4.61,pct_anual,2026-07,"BCE, ECB Data Portal, dataset MIR",https://data.ecb.europa.eu/data/datasets/MIR/MIR.MIR.M.IT.B.A2D.A.R.A.2250.EUR.N,2026-09-16,Total,Total initial rate fixation,n/a,nivel,media_ponderada_volumen,serie MIR.M.IT.B.A2D.A.R.A.2250.EUR.N
Italia,credito_consumo_hogares_referencia,tipo | Bank interest rates - loans to households for other purposes with a variable rate and an interest rate fixation period of up to one year (new business),4.73,pct_anual,2025-01,"BCE, ECB Data Portal, dataset MIR",https://data.ecb.europa.eu/data/datasets/MIR/MIR.MIR.M.IT.B.A2D.F.R.A.2250.EUR.N,2026-09-16,Total,Up to 1 year initial rate fixation,n/a,nivel,media_ponderada_volumen,serie MIR.M.IT.B.A2D.F.R.A.2250.EUR.N
Italia,credito_consumo_hogares_referencia,tipo | Bank interest rates - loans to households for other purposes with a variable rate and an interest rate fixation period of up to one year (new business),4.93,pct_anual,2025-02,"BCE, ECB Data Portal, dataset MIR",https://data.ecb.europa.eu/data/datasets/MIR/MIR.MIR.M.IT.B.A2D.F.R.A.2250.EUR.N,2026-09-16,Total,Up to 1 year initial rate fixation,n/a,nivel,media_ponderada_volumen,serie MIR.M.IT.B.A2D.F.R.A.2250.EUR.N
Italia,credito_consumo_hogares_referencia,tipo | Bank interest rates - loans to households for other purposes with a variable rate and an interest rate fixation period of up to one year (new business),4.85,pct_anual,2025-03,"BCE, ECB Data Portal, dataset MIR",https://data.ecb.europa.eu/data/datasets/MIR/MIR.MIR.M.IT.B.A2D.F.R.A.2250.EUR.N,2026-09-16,Total,Up to 1 year initial rate fixation,n/a,nivel,media_ponderada_volumen,serie MIR.M.IT.B.A2D.F.R.A.2250.EUR.N
Italia,credito_consumo_hogares_referencia,tipo | Bank interest rates - loans to households for other purposes with a variable rate and an interest rate fixation period of up to one year (new business),4.77,pct_anual,2025-04,"BCE, ECB Data Portal, dataset MIR",https://data.ecb.europa.eu/data/datasets/MIR/MIR.MIR.M.IT.B.A2D.F.R.A.2250.EUR.N,2026-09-16,Total,Up to 1 year initial rate fixation,n/a,nivel,media_ponderada_volumen,serie MIR.M.IT.B.A2D.F.R.A.2250.EUR.N
Italia,credito_consumo_hogares_referencia,tipo | Bank interest rates - loans to households for other purposes with a variable rate and an interest rate fixation period of up to one year (new business),4.39,pct_anual,2025-05,"BCE, ECB Data Portal, dataset MIR",https://data.ecb.europa.eu/data/datasets/MIR/MIR.MIR.M.IT.B.A2D.F.R.A.2250.EUR.N,2026-09-16,Total,Up to 1 year initial rate fixation,n/a,nivel,media_ponderada_volumen,serie MIR.M.IT.B.A2D.F.R.A.2250.EUR.N
Italia,credito_consumo_hogares_referencia,tipo | Bank interest rates - loans to households for other purposes with a variable rate and an interest rate fixation period of up to one year (new business),4.04,pct_anual,2025-06,"BCE, ECB Data Portal, dataset MIR",https://data.ecb.europa.eu/data/datasets/MIR/MIR.MIR.M.IT.B.A2D.F.R.A.2250.EUR.N,2026-09-16,Total,Up to 1 year initial rate fixation,n/a,nivel,media_ponderada_volumen,serie MIR.M.IT.B.A2D.F.R.A.2250.EUR.N
Italia,credito_consumo_hogares_referencia,tipo | Bank interest rates - loans to households for other purposes with a variable rate and an interest rate fixation period of up to one year (new business),4.09,pct_anual,2025-07,"BCE, ECB Data Portal, dataset MIR",https://data.ecb.europa.eu/data/datasets/MIR/MIR.MIR.M.IT.B.A2D.F.R.A.2250.EUR.N,2026-09-16,Total,Up to 1 year initial rate fixation,n/a,nivel,media_ponderada_volumen,serie MIR.M.IT.B.A2D.F.R.A.2250.EUR.N
Italia,credito_consumo_hogares_referencia,tipo | Bank interest rates - loans to households for other purposes with a variable rate and an interest rate fixation period of up to one year (new business),4.24,pct_anual,2025-08,"BCE, ECB Data Portal, dataset MIR",https://data.ecb.europa.eu/data/datasets/MIR/MIR.MIR.M.IT.B.A2D.F.R.A.2250.EUR.N,2026-09-16,Total,Up to 1 year initial rate fixation,n/a,nivel,media_ponderada_volumen,serie MIR.M.IT.B.A2D.F.R.A.2250.EUR.N
Italia,credito_consumo_hogares_referencia,tipo | Bank interest rates - loans to households for other purposes with a variable rate and an interest rate fixation period of up to one year (new business),4.18,pct_anual,2025-09,"BCE, ECB Data Portal, dataset MIR",https://data.ecb.europa.eu/data/datasets/MIR/MIR.MIR.M.IT.B.A2D.F.R.A.2250.EUR.N,2026-09-16,Total,Up to 1 year initial rate fixation,n/a,nivel,media_ponderada_volumen,serie MIR.M.IT.B.A2D.F.R.A.2250.EUR.N
Italia,credito_consumo_hogares_referencia,tipo | Bank interest rates - loans to households for other purposes with a variable rate and an interest rate fixation period of up to one year (new business),4.11,pct_anual,2025-10,"BCE, ECB Data Portal, dataset MIR",https://data.ecb.europa.eu/data/datasets/MIR/MIR.MIR.M.IT.B.A2D.F.R.A.2250.EUR.N,2026-09-16,Total,Up to 1 year initial rate fixation,n/a,nivel,media_ponderada_volumen,serie MIR.M.IT.B.A2D.F.R.A.2250.EUR.N
Italia,credito_consumo_hogares_referencia,tipo | Bank interest rates - loans to households for other purposes with a variable rate and an interest rate fixation period of up to one year (new business),4.07,pct_anual,2025-11,"BCE, ECB Data Portal, dataset MIR",https://data.ecb.europa.eu/data/datasets/MIR/MIR.MIR.M.IT.B.A2D.F.R.A.2250.EUR.N,2026-09-16,Total,Up to 1 year initial rate fixation,n/a,nivel,media_ponderada_volumen,serie MIR.M.IT.B.A2D.F.R.A.2250.EUR.N
Italia,credito_consumo_hogares_referencia,tipo | Bank interest rates - loans to households for other purposes with a variable rate and an interest rate fixation period of up to one year (new business),3.77,pct_anual,2025-12,"BCE, ECB Data Portal, dataset MIR",https://data.ecb.europa.eu/data/datasets/MIR/MIR.MIR.M.IT.B.A2D.F.R.A.2250.EUR.N,2026-09-16,Total,Up to 1 year initial rate fixation,n/a,nivel,media_ponderada_volumen,serie MIR.M.IT.B.A2D.F.R.A.2250.EUR.N
Italia,credito_consumo_hogares_referencia,tipo | Bank interest rates - loans to households for other purposes with a variable rate and an interest rate fixation period of up to one year (new business),4.05,pct_anual,2026-01,"BCE, ECB Data Portal, dataset MIR",https://data.ecb.europa.eu/data/datasets/MIR/MIR.MIR.M.IT.B.A2D.F.R.A.2250.EUR.N,2026-09-16,Total,Up to 1 year initial rate fixation,n/a,nivel,media_ponderada_volumen,serie MIR.M.IT.B.A2D.F.R.A.2250.EUR.N
Italia,credito_consumo_hogares_referencia,tipo | Bank interest rates - loans to households for other purposes with a variable rate and an interest rate fixation period of up to one year (new business),4.26,pct_anual,2026-02,"BCE, ECB Data Portal, dataset MIR",https://data.ecb.europa.eu/data/datasets/MIR/MIR.MIR.M.IT.B.A2D.F.R.A.2250.EUR.N,2026-09-16,Total,Up to 1 year initial rate fixation,n/a,nivel,media_ponderada_volumen,serie MIR.M.IT.B.A2D.F.R.A.2250.EUR.N
Italia,credito_consumo_hogares_referencia,tipo | Bank interest rates - loans to households for other purposes with a variable rate and an interest rate fixation period of up to one year (new business),4.32,pct_anual,2026-03,"BCE, ECB Data Portal, dataset MIR",https://data.ecb.europa.eu/data/datasets/MIR/MIR.MIR.M.IT.B.A2D.F.R.A.2250.EUR.N,2026-09-16,Total,Up to 1 year initial rate fixation,n/a,nivel,media_ponderada_volumen,serie MIR.M.IT.B.A2D.F.R.A.2250.EUR.N
Italia,credito_consumo_hogares_referencia,tipo | Bank interest rates - loans to households for other purposes with a variable rate and an interest rate fixation period of up to one year (new business),4.25,pct_anual,2026-04,"BCE, ECB Data Portal, dataset MIR",https://data.ecb.europa.eu/data/datasets/MIR/MIR.MIR.M.IT.B.A2D.F.R.A.2250.EUR.N,2026-09-16,Total,Up to 1 year initial rate fixation,n/a,nivel,media_ponderada_volumen,serie MIR.M.IT.B.A2D.F.R.A.2250.EUR.N
Italia,credito_consumo_hogares_referencia,tipo | Bank interest rates - loans to households for other purposes with a variable rate and an interest rate fixation period of up to one year (new business),4.32,pct_anual,2026-05,"BCE, ECB Data Portal, dataset MIR",https://data.ecb.europa.eu/data/datasets/MIR/MIR.MIR.M.IT.B.A2D.F.R.A.2250.EUR.N,2026-09-16,Total,Up to 1 year initial rate fixation,n/a,nivel,media_ponderada_volumen,serie MIR.M.IT.B.A2D.F.R.A.2250.EUR.N
Italia,credito_consumo_hogares_referencia,tipo | Bank interest rates - loans to households for other purposes with a variable rate and an interest rate fixation period of up to one year (new business),4.47,pct_anual,2026-06,"BCE, ECB Data Portal, dataset MIR",https://data.ecb.europa.eu/data/datasets/MIR/MIR.MIR.M.IT.B.A2D.F.R.A.2250.EUR.N,2026-09-16,Total,Up to 1 year initial rate fixation,n/a,nivel,media_ponderada_volumen,serie MIR.M.IT.B.A2D.F.R.A.2250.EUR.N
Italia,credito_consumo_hogares_referencia,tipo | Bank interest rates - loans to households for other purposes with a variable rate and an interest rate fixation period of up to one year (new business),4.52,pct_anual,2026-07,"BCE, ECB Data Portal, dataset MIR",https://data.ecb.europa.eu/data/datasets/MIR/MIR.MIR.M.IT.B.A2D.F.R.A.2250.EUR.N,2026-09-16,Total,Up to 1 year initial rate fixation,n/a,nivel,media_ponderada_volumen,serie MIR.M.IT.B.A2D.F.R.A.2250.EUR.N; OBS_STATUS=P (no definitivo)
Italia,credito_consumo_hogares_referencia,tipo | Bank interest rates - loans to households for other purposes with an interest rate fixation period of over one & up to five years (new business),4.42,pct_anual,2025-01,"BCE, ECB Data Portal, dataset MIR",https://data.ecb.europa.eu/data/datasets/MIR/MIR.MIR.M.IT.B.A2D.I.R.A.2250.EUR.N,2026-09-16,Total,Over 1 and up to 5 years initial rate fixation,n/a,nivel,media_ponderada_volumen,serie MIR.M.IT.B.A2D.I.R.A.2250.EUR.N
Italia,credito_consumo_hogares_referencia,tipo | Bank interest rates - loans to households for other purposes with an interest rate fixation period of over one & up to five years (new business),4.43,pct_anual,2025-02,"BCE, ECB Data Portal, dataset MIR",https://data.ecb.europa.eu/data/datasets/MIR/MIR.MIR.M.IT.B.A2D.I.R.A.2250.EUR.N,2026-09-16,Total,Over 1 and up to 5 years initial rate fixation,n/a,nivel,media_ponderada_volumen,serie MIR.M.IT.B.A2D.I.R.A.2250.EUR.N
Italia,credito_consumo_hogares_referencia,tipo | Bank interest rates - loans to households for other purposes with an interest rate fixation period of over one & up to five years (new business),4.46,pct_anual,2025-03,"BCE, ECB Data Portal, dataset MIR",https://data.ecb.europa.eu/data/datasets/MIR/MIR.MIR.M.IT.B.A2D.I.R.A.2250.EUR.N,2026-09-16,Total,Over 1 and up to 5 years initial rate fixation,n/a,nivel,media_ponderada_volumen,serie MIR.M.IT.B.A2D.I.R.A.2250.EUR.N
Italia,credito_consumo_hogares_referencia,tipo | Bank interest rates - loans to households for other purposes with an interest rate fixation period of over one & up to five years (new business),4.54,pct_anual,2025-04,"BCE, ECB Data Portal, dataset MIR",https://data.ecb.europa.eu/data/datasets/MIR/MIR.MIR.M.IT.B.A2D.I.R.A.2250.EUR.N,2026-09-16,Total,Over 1 and up to 5 years initial rate fixation,n/a,nivel,media_ponderada_volumen,serie MIR.M.IT.B.A2D.I.R.A.2250.EUR.N
Italia,credito_consumo_hogares_referencia,tipo | Bank interest rates - loans to households for other purposes with an interest rate fixation period of over one & up to five years (new business),4.5,pct_anual,2025-05,"BCE, ECB Data Portal, dataset MIR",https://data.ecb.europa.eu/data/datasets/MIR/MIR.MIR.M.IT.B.A2D.I.R.A.2250.EUR.N,2026-09-16,Total,Over 1 and up to 5 years initial rate fixation,n/a,nivel,media_ponderada_volumen,serie MIR.M.IT.B.A2D.I.R.A.2250.EUR.N
Italia,credito_consumo_hogares_referencia,tipo | Bank interest rates - loans to households for other purposes with an interest rate fixation period of over one & up to five years (new business),4.47,pct_anual,2025-06,"BCE, ECB Data Portal, dataset MIR",https://data.ecb.europa.eu/data/datasets/MIR/MIR.MIR.M.IT.B.A2D.I.R.A.2250.EUR.N,2026-09-16,Total,Over 1 and up to 5 years initial rate fixation,n/a,nivel,media_ponderada_volumen,serie MIR.M.IT.B.A2D.I.R.A.2250.EUR.N
Italia,credito_consumo_hogares_referencia,tipo | Bank interest rates - loans to households for other purposes with an interest rate fixation period of over one & up to five years (new business),4.69,pct_anual,2025-07,"BCE, ECB Data Portal, dataset MIR",https://data.ecb.europa.eu/data/datasets/MIR/MIR.MIR.M.IT.B.A2D.I.R.A.2250.EUR.N,2026-09-16,Total,Over 1 and up to 5 years initial rate fixation,n/a,nivel,media_ponderada_volumen,serie MIR.M.IT.B.A2D.I.R.A.2250.EUR.N
Italia,credito_consumo_hogares_referencia,tipo | Bank interest rates - loans to households for other purposes with an interest rate fixation period of over one & up to five years (new business),4.51,pct_anual,2025-08,"BCE, ECB Data Portal, dataset MIR",https://data.ecb.europa.eu/data/datasets/MIR/MIR.MIR.M.IT.B.A2D.I.R.A.2250.EUR.N,2026-09-16,Total,Over 1 and up to 5 years initial rate fixation,n/a,nivel,media_ponderada_volumen,serie MIR.M.IT.B.A2D.I.R.A.2250.EUR.N
Italia,credito_consumo_hogares_referencia,tipo | Bank interest rates - loans to households for other purposes with an interest rate fixation period of over one & up to five years (new business),4.43,pct_anual,2025-09,"BCE, ECB Data Portal, dataset MIR",https://data.ecb.europa.eu/data/datasets/MIR/MIR.MIR.M.IT.B.A2D.I.R.A.2250.EUR.N,2026-09-16,Total,Over 1 and up to 5 years initial rate fixation,n/a,nivel,media_ponderada_volumen,serie MIR.M.IT.B.A2D.I.R.A.2250.EUR.N
Italia,credito_consumo_hogares_referencia,tipo | Bank interest rates - loans to households for other purposes with an interest rate fixation period of over one & up to five years (new business),4.54,pct_anual,2025-10,"BCE, ECB Data Portal, dataset MIR",https://data.ecb.europa.eu/data/datasets/MIR/MIR.MIR.M.IT.B.A2D.I.R.A.2250.EUR.N,2026-09-16,Total,Over 1 and up to 5 years initial rate fixation,n/a,nivel,media_ponderada_volumen,serie MIR.M.IT.B.A2D.I.R.A.2250.EUR.N
Italia,credito_consumo_hogares_referencia,tipo | Bank interest rates - loans to households for other purposes with an interest rate fixation period of over one & up to five years (new business),4.3,pct_anual,2025-11,"BCE, ECB Data Portal, dataset MIR",https://data.ecb.europa.eu/data/datasets/MIR/MIR.MIR.M.IT.B.A2D.I.R.A.2250.EUR.N,2026-09-16,Total,Over 1 and up to 5 years initial rate fixation,n/a,nivel,media_ponderada_volumen,serie MIR.M.IT.B.A2D.I.R.A.2250.EUR.N
Italia,credito_consumo_hogares_referencia,tipo | Bank interest rates - loans to households for other purposes with an interest rate fixation period of over one & up to five years (new business),4.25,pct_anual,2025-12,"BCE, ECB Data Portal, dataset MIR",https://data.ecb.europa.eu/data/datasets/MIR/MIR.MIR.M.IT.B.A2D.I.R.A.2250.EUR.N,2026-09-16,Total,Over 1 and up to 5 years initial rate fixation,n/a,nivel,media_ponderada_volumen,serie MIR.M.IT.B.A2D.I.R.A.2250.EUR.N
Italia,credito_consumo_hogares_referencia,tipo | Bank interest rates - loans to households for other purposes with an interest rate fixation period of over one & up to five years (new business),4.39,pct_anual,2026-01,"BCE, ECB Data Portal, dataset MIR",https://data.ecb.europa.eu/data/datasets/MIR/MIR.MIR.M.IT.B.A2D.I.R.A.2250.EUR.N,2026-09-16,Total,Over 1 and up to 5 years initial rate fixation,n/a,nivel,media_ponderada_volumen,serie MIR.M.IT.B.A2D.I.R.A.2250.EUR.N
Italia,credito_consumo_hogares_referencia,tipo | Bank interest rates - loans to households for other purposes with an interest rate fixation period of over one & up to five years (new business),4.26,pct_anual,2026-02,"BCE, ECB Data Portal, dataset MIR",https://data.ecb.europa.eu/data/datasets/MIR/MIR.MIR.M.IT.B.A2D.I.R.A.2250.EUR.N,2026-09-16,Total,Over 1 and up to 5 years initial rate fixation,n/a,nivel,media_ponderada_volumen,serie MIR.M.IT.B.A2D.I.R.A.2250.EUR.N
Italia,credito_consumo_hogares_referencia,tipo | Bank interest rates - loans to households for other purposes with an interest rate fixation period of over one & up to five years (new business),4.51,pct_anual,2026-03,"BCE, ECB Data Portal, dataset MIR",https://data.ecb.europa.eu/data/datasets/MIR/MIR.MIR.M.IT.B.A2D.I.R.A.2250.EUR.N,2026-09-16,Total,Over 1 and up to 5 years initial rate fixation,n/a,nivel,media_ponderada_volumen,serie MIR.M.IT.B.A2D.I.R.A.2250.EUR.N
Italia,credito_consumo_hogares_referencia,tipo | Bank interest rates - loans to households for other purposes with an interest rate fixation period of over one & up to five years (new business),4.76,pct_anual,2026-04,"BCE, ECB Data Portal, dataset MIR",https://data.ecb.europa.eu/data/datasets/MIR/MIR.MIR.M.IT.B.A2D.I.R.A.2250.EUR.N,2026-09-16,Total,Over 1 and up to 5 years initial rate fixation,n/a,nivel,media_ponderada_volumen,serie MIR.M.IT.B.A2D.I.R.A.2250.EUR.N
Italia,credito_consumo_hogares_referencia,tipo | Bank interest rates - loans to households for other purposes with an interest rate fixation period of over one & up to five years (new business),4.83,pct_anual,2026-05,"BCE, ECB Data Portal, dataset MIR",https://data.ecb.europa.eu/data/datasets/MIR/MIR.MIR.M.IT.B.A2D.I.R.A.2250.EUR.N,2026-09-16,Total,Over 1 and up to 5 years initial rate fixation,n/a,nivel,media_ponderada_volumen,serie MIR.M.IT.B.A2D.I.R.A.2250.EUR.N
Italia,credito_consumo_hogares_referencia,tipo | Bank interest rates - loans to households for other purposes with an interest rate fixation period of over one & up to five years (new business),4.88,pct_anual,2026-06,"BCE, ECB Data Portal, dataset MIR",https://data.ecb.europa.eu/data/datasets/MIR/MIR.MIR.M.IT.B.A2D.I.R.A.2250.EUR.N,2026-09-16,Total,Over 1 and up to 5 years initial rate fixation,n/a,nivel,media_ponderada_volumen,serie MIR.M.IT.B.A2D.I.R.A.2250.EUR.N
Italia,credito_consumo_hogares_referencia,tipo | Bank interest rates - loans to households for other purposes with an interest rate fixation period of over one & up to five years (new business),4.76,pct_anual,2026-07,"BCE, ECB Data Portal, dataset MIR",https://data.ecb.europa.eu/data/datasets/MIR/MIR.MIR.M.IT.B.A2D.I.R.A.2250.EUR.N,2026-09-16,Total,Over 1 and up to 5 years initial rate fixation,n/a,nivel,media_ponderada_volumen,serie MIR.M.IT.B.A2D.I.R.A.2250.EUR.N; OBS_STATUS=P (no definitivo)
Italia,credito_consumo_hogares_referencia,tipo | Bank interest rates - loans to households for other purposes with an interest rate fixation period of over five years (new business),4.7,pct_anual,2025-01,"BCE, ECB Data Portal, dataset MIR",https://data.ecb.europa.eu/data/datasets/MIR/MIR.MIR.M.IT.B.A2D.J.R.A.2250.EUR.N,2026-09-16,Total,Over 5 years initial rate fixation,n/a,nivel,media_ponderada_volumen,serie MIR.M.IT.B.A2D.J.R.A.2250.EUR.N
Italia,credito_consumo_hogares_referencia,tipo | Bank interest rates - loans to households for other purposes with an interest rate fixation period of over five years (new business),4.55,pct_anual,2025-02,"BCE, ECB Data Portal, dataset MIR",https://data.ecb.europa.eu/data/datasets/MIR/MIR.MIR.M.IT.B.A2D.J.R.A.2250.EUR.N,2026-09-16,Total,Over 5 years initial rate fixation,n/a,nivel,media_ponderada_volumen,serie MIR.M.IT.B.A2D.J.R.A.2250.EUR.N
Italia,credito_consumo_hogares_referencia,tipo | Bank interest rates - loans to households for other purposes with an interest rate fixation period of over five years (new business),4.48,pct_anual,2025-03,"BCE, ECB Data Portal, dataset MIR",https://data.ecb.europa.eu/data/datasets/MIR/MIR.MIR.M.IT.B.A2D.J.R.A.2250.EUR.N,2026-09-16,Total,Over 5 years initial rate fixation,n/a,nivel,media_ponderada_volumen,serie MIR.M.IT.B.A2D.J.R.A.2250.EUR.N
Italia,credito_consumo_hogares_referencia,tipo | Bank interest rates - loans to households for other purposes with an interest rate fixation period of over five years (new business),4.49,pct_anual,2025-04,"BCE, ECB Data Portal, dataset MIR",https://data.ecb.europa.eu/data/datasets/MIR/MIR.MIR.M.IT.B.A2D.J.R.A.2250.EUR.N,2026-09-16,Total,Over 5 years initial rate fixation,n/a,nivel,media_ponderada_volumen,serie MIR.M.IT.B.A2D.J.R.A.2250.EUR.N
Italia,credito_consumo_hogares_referencia,tipo | Bank interest rates - loans to households for other purposes with an interest rate fixation period of over five years (new business),4.41,pct_anual,2025-05,"BCE, ECB Data Portal, dataset MIR",https://data.ecb.europa.eu/data/datasets/MIR/MIR.MIR.M.IT.B.A2D.J.R.A.2250.EUR.N,2026-09-16,Total,Over 5 years initial rate fixation,n/a,nivel,media_ponderada_volumen,serie MIR.M.IT.B.A2D.J.R.A.2250.EUR.N
Italia,credito_consumo_hogares_referencia,tipo | Bank interest rates - loans to households for other purposes with an interest rate fixation period of over five years (new business),4.56,pct_anual,2025-06,"BCE, ECB Data Portal, dataset MIR",https://data.ecb.europa.eu/data/datasets/MIR/MIR.MIR.M.IT.B.A2D.J.R.A.2250.EUR.N,2026-09-16,Total,Over 5 years initial rate fixation,n/a,nivel,media_ponderada_volumen,serie MIR.M.IT.B.A2D.J.R.A.2250.EUR.N
Italia,credito_consumo_hogares_referencia,tipo | Bank interest rates - loans to households for other purposes with an interest rate fixation period of over five years (new business),4.38,pct_anual,2025-07,"BCE, ECB Data Portal, dataset MIR",https://data.ecb.europa.eu/data/datasets/MIR/MIR.MIR.M.IT.B.A2D.J.R.A.2250.EUR.N,2026-09-16,Total,Over 5 years initial rate fixation,n/a,nivel,media_ponderada_volumen,serie MIR.M.IT.B.A2D.J.R.A.2250.EUR.N
Italia,credito_consumo_hogares_referencia,tipo | Bank interest rates - loans to households for other purposes with an interest rate fixation period of over five years (new business),4.66,pct_anual,2025-08,"BCE, ECB Data Portal, dataset MIR",https://data.ecb.europa.eu/data/datasets/MIR/MIR.MIR.M.IT.B.A2D.J.R.A.2250.EUR.N,2026-09-16,Total,Over 5 years initial rate fixation,n/a,nivel,media_ponderada_volumen,serie MIR.M.IT.B.A2D.J.R.A.2250.EUR.N
Italia,credito_consumo_hogares_referencia,tipo | Bank interest rates - loans to households for other purposes with an interest rate fixation period of over five years (new business),4.68,pct_anual,2025-09,"BCE, ECB Data Portal, dataset MIR",https://data.ecb.europa.eu/data/datasets/MIR/MIR.MIR.M.IT.B.A2D.J.R.A.2250.EUR.N,2026-09-16,Total,Over 5 years initial rate fixation,n/a,nivel,media_ponderada_volumen,serie MIR.M.IT.B.A2D.J.R.A.2250.EUR.N
Italia,credito_consumo_hogares_referencia,tipo | Bank interest rates - loans to households for other purposes with an interest rate fixation period of over five years (new business),4.69,pct_anual,2025-10,"BCE, ECB Data Portal, dataset MIR",https://data.ecb.europa.eu/data/datasets/MIR/MIR.MIR.M.IT.B.A2D.J.R.A.2250.EUR.N,2026-09-16,Total,Over 5 years initial rate fixation,n/a,nivel,media_ponderada_volumen,serie MIR.M.IT.B.A2D.J.R.A.2250.EUR.N
Italia,credito_consumo_hogares_referencia,tipo | Bank interest rates - loans to households for other purposes with an interest rate fixation period of over five years (new business),4.65,pct_anual,2025-11,"BCE, ECB Data Portal, dataset MIR",https://data.ecb.europa.eu/data/datasets/MIR/MIR.MIR.M.IT.B.A2D.J.R.A.2250.EUR.N,2026-09-16,Total,Over 5 years initial rate fixation,n/a,nivel,media_ponderada_volumen,serie MIR.M.IT.B.A2D.J.R.A.2250.EUR.N
Italia,credito_consumo_hogares_referencia,tipo | Bank interest rates - loans to households for other purposes with an interest rate fixation period of over five years (new business),4.56,pct_anual,2025-12,"BCE, ECB Data Portal, dataset MIR",https://data.ecb.europa.eu/data/datasets/MIR/MIR.MIR.M.IT.B.A2D.J.R.A.2250.EUR.N,2026-09-16,Total,Over 5 years initial rate fixation,n/a,nivel,media_ponderada_volumen,serie MIR.M.IT.B.A2D.J.R.A.2250.EUR.N
Italia,credito_consumo_hogares_referencia,tipo | Bank interest rates - loans to households for other purposes with an interest rate fixation period of over five years (new business),4.91,pct_anual,2026-01,"BCE, ECB Data Portal, dataset MIR",https://data.ecb.europa.eu/data/datasets/MIR/MIR.MIR.M.IT.B.A2D.J.R.A.2250.EUR.N,2026-09-16,Total,Over 5 years initial rate fixation,n/a,nivel,media_ponderada_volumen,serie MIR.M.IT.B.A2D.J.R.A.2250.EUR.N
Italia,credito_consumo_hogares_referencia,tipo | Bank interest rates - loans to households for other purposes with an interest rate fixation period of over five years (new business),4.9,pct_anual,2026-02,"BCE, ECB Data Portal, dataset MIR",https://data.ecb.europa.eu/data/datasets/MIR/MIR.MIR.M.IT.B.A2D.J.R.A.2250.EUR.N,2026-09-16,Total,Over 5 years initial rate fixation,n/a,nivel,media_ponderada_volumen,serie MIR.M.IT.B.A2D.J.R.A.2250.EUR.N
Italia,credito_consumo_hogares_referencia,tipo | Bank interest rates - loans to households for other purposes with an interest rate fixation period of over five years (new business),4.83,pct_anual,2026-03,"BCE, ECB Data Portal, dataset MIR",https://data.ecb.europa.eu/data/datasets/MIR/MIR.MIR.M.IT.B.A2D.J.R.A.2250.EUR.N,2026-09-16,Total,Over 5 years initial rate fixation,n/a,nivel,media_ponderada_volumen,serie MIR.M.IT.B.A2D.J.R.A.2250.EUR.N
Italia,credito_consumo_hogares_referencia,tipo | Bank interest rates - loans to households for other purposes with an interest rate fixation period of over five years (new business),4.93,pct_anual,2026-04,"BCE, ECB Data Portal, dataset MIR",https://data.ecb.europa.eu/data/datasets/MIR/MIR.MIR.M.IT.B.A2D.J.R.A.2250.EUR.N,2026-09-16,Total,Over 5 years initial rate fixation,n/a,nivel,media_ponderada_volumen,serie MIR.M.IT.B.A2D.J.R.A.2250.EUR.N
Italia,credito_consumo_hogares_referencia,tipo | Bank interest rates - loans to households for other purposes with an interest rate fixation period of over five years (new business),5.08,pct_anual,2026-05,"BCE, ECB Data Portal, dataset MIR",https://data.ecb.europa.eu/data/datasets/MIR/MIR.MIR.M.IT.B.A2D.J.R.A.2250.EUR.N,2026-09-16,Total,Over 5 years initial rate fixation,n/a,nivel,media_ponderada_volumen,serie MIR.M.IT.B.A2D.J.R.A.2250.EUR.N
Italia,credito_consumo_hogares_referencia,tipo | Bank interest rates - loans to households for other purposes with an interest rate fixation period of over five years (new business),5.08,pct_anual,2026-06,"BCE, ECB Data Portal, dataset MIR",https://data.ecb.europa.eu/data/datasets/MIR/MIR.MIR.M.IT.B.A2D.J.R.A.2250.EUR.N,2026-09-16,Total,Over 5 years initial rate fixation,n/a,nivel,media_ponderada_volumen,serie MIR.M.IT.B.A2D.J.R.A.2250.EUR.N
Italia,credito_consumo_hogares_referencia,tipo | Bank interest rates - loans to households for other purposes with an interest rate fixation period of over five years (new business),4.99,pct_anual,2026-07,"BCE, ECB Data Portal, dataset MIR",https://data.ecb.europa.eu/data/datasets/MIR/MIR.MIR.M.IT.B.A2D.J.R.A.2250.EUR.N,2026-09-16,Total,Over 5 years initial rate fixation,n/a,nivel,media_ponderada_volumen,serie MIR.M.IT.B.A2D.J.R.A.2250.EUR.N; OBS_STATUS=P (no definitivo)
Italia,credito_consumo_hogares_referencia,tipo | Bank interest rates - loans to households for other purposes with an interest rate fixation period of over one year (new business),4.56,pct_anual,2025-01,"BCE, ECB Data Portal, dataset MIR",https://data.ecb.europa.eu/data/datasets/MIR/MIR.MIR.M.IT.B.A2D.K.R.A.2250.EUR.N,2026-09-16,Total,Over 1 year initial rate fixation,n/a,nivel,media_ponderada_volumen,serie MIR.M.IT.B.A2D.K.R.A.2250.EUR.N
Italia,credito_consumo_hogares_referencia,tipo | Bank interest rates - loans to households for other purposes with an interest rate fixation period of over one year (new business),4.49,pct_anual,2025-02,"BCE, ECB Data Portal, dataset MIR",https://data.ecb.europa.eu/data/datasets/MIR/MIR.MIR.M.IT.B.A2D.K.R.A.2250.EUR.N,2026-09-16,Total,Over 1 year initial rate fixation,n/a,nivel,media_ponderada_volumen,serie MIR.M.IT.B.A2D.K.R.A.2250.EUR.N
Italia,credito_consumo_hogares_referencia,tipo | Bank interest rates - loans to households for other purposes with an interest rate fixation period of over one year (new business),4.47,pct_anual,2025-03,"BCE, ECB Data Portal, dataset MIR",https://data.ecb.europa.eu/data/datasets/MIR/MIR.MIR.M.IT.B.A2D.K.R.A.2250.EUR.N,2026-09-16,Total,Over 1 year initial rate fixation,n/a,nivel,media_ponderada_volumen,serie MIR.M.IT.B.A2D.K.R.A.2250.EUR.N
Italia,credito_consumo_hogares_referencia,tipo | Bank interest rates - loans to households for other purposes with an interest rate fixation period of over one year (new business),4.51,pct_anual,2025-04,"BCE, ECB Data Portal, dataset MIR",https://data.ecb.europa.eu/data/datasets/MIR/MIR.MIR.M.IT.B.A2D.K.R.A.2250.EUR.N,2026-09-16,Total,Over 1 year initial rate fixation,n/a,nivel,media_ponderada_volumen,serie MIR.M.IT.B.A2D.K.R.A.2250.EUR.N
Italia,credito_consumo_hogares_referencia,tipo | Bank interest rates - loans to households for other purposes with an interest rate fixation period of over one year (new business),4.45,pct_anual,2025-05,"BCE, ECB Data Portal, dataset MIR",https://data.ecb.europa.eu/data/datasets/MIR/MIR.MIR.M.IT.B.A2D.K.R.A.2250.EUR.N,2026-09-16,Total,Over 1 year initial rate fixation,n/a,nivel,media_ponderada_volumen,serie MIR.M.IT.B.A2D.K.R.A.2250.EUR.N
Italia,credito_consumo_hogares_referencia,tipo | Bank interest rates - loans to households for other purposes with an interest rate fixation period of over one year (new business),4.52,pct_anual,2025-06,"BCE, ECB Data Portal, dataset MIR",https://data.ecb.europa.eu/data/datasets/MIR/MIR.MIR.M.IT.B.A2D.K.R.A.2250.EUR.N,2026-09-16,Total,Over 1 year initial rate fixation,n/a,nivel,media_ponderada_volumen,serie MIR.M.IT.B.A2D.K.R.A.2250.EUR.N
Italia,credito_consumo_hogares_referencia,tipo | Bank interest rates - loans to households for other purposes with an interest rate fixation period of over one year (new business),4.5,pct_anual,2025-07,"BCE, ECB Data Portal, dataset MIR",https://data.ecb.europa.eu/data/datasets/MIR/MIR.MIR.M.IT.B.A2D.K.R.A.2250.EUR.N,2026-09-16,Total,Over 1 year initial rate fixation,n/a,nivel,media_ponderada_volumen,serie MIR.M.IT.B.A2D.K.R.A.2250.EUR.N
Italia,credito_consumo_hogares_referencia,tipo | Bank interest rates - loans to households for other purposes with an interest rate fixation period of over one year (new business),4.59,pct_anual,2025-08,"BCE, ECB Data Portal, dataset MIR",https://data.ecb.europa.eu/data/datasets/MIR/MIR.MIR.M.IT.B.A2D.K.R.A.2250.EUR.N,2026-09-16,Total,Over 1 year initial rate fixation,n/a,nivel,media_ponderada_volumen,serie MIR.M.IT.B.A2D.K.R.A.2250.EUR.N
Italia,credito_consumo_hogares_referencia,tipo | Bank interest rates - loans to households for other purposes with an interest rate fixation period of over one year (new business),4.56,pct_anual,2025-09,"BCE, ECB Data Portal, dataset MIR",https://data.ecb.europa.eu/data/datasets/MIR/MIR.MIR.M.IT.B.A2D.K.R.A.2250.EUR.N,2026-09-16,Total,Over 1 year initial rate fixation,n/a,nivel,media_ponderada_volumen,serie MIR.M.IT.B.A2D.K.R.A.2250.EUR.N
Italia,credito_consumo_hogares_referencia,tipo | Bank interest rates - loans to households for other purposes with an interest rate fixation period of over one year (new business),4.62,pct_anual,2025-10,"BCE, ECB Data Portal, dataset MIR",https://data.ecb.europa.eu/data/datasets/MIR/MIR.MIR.M.IT.B.A2D.K.R.A.2250.EUR.N,2026-09-16,Total,Over 1 year initial rate fixation,n/a,nivel,media_ponderada_volumen,serie MIR.M.IT.B.A2D.K.R.A.2250.EUR.N
Italia,credito_consumo_hogares_referencia,tipo | Bank interest rates - loans to households for other purposes with an interest rate fixation period of over one year (new business),4.48,pct_anual,2025-11,"BCE, ECB Data Portal, dataset MIR",https://data.ecb.europa.eu/data/datasets/MIR/MIR.MIR.M.IT.B.A2D.K.R.A.2250.EUR.N,2026-09-16,Total,Over 1 year initial rate fixation,n/a,nivel,media_ponderada_volumen,serie MIR.M.IT.B.A2D.K.R.A.2250.EUR.N
Italia,credito_consumo_hogares_referencia,tipo | Bank interest rates - loans to households for other purposes with an interest rate fixation period of over one year (new business),4.42,pct_anual,2025-12,"BCE, ECB Data Portal, dataset MIR",https://data.ecb.europa.eu/data/datasets/MIR/MIR.MIR.M.IT.B.A2D.K.R.A.2250.EUR.N,2026-09-16,Total,Over 1 year initial rate fixation,n/a,nivel,media_ponderada_volumen,serie MIR.M.IT.B.A2D.K.R.A.2250.EUR.N
Italia,credito_consumo_hogares_referencia,tipo | Bank interest rates - loans to households for other purposes with an interest rate fixation period of over one year (new business),4.66,pct_anual,2026-01,"BCE, ECB Data Portal, dataset MIR",https://data.ecb.europa.eu/data/datasets/MIR/MIR.MIR.M.IT.B.A2D.K.R.A.2250.EUR.N,2026-09-16,Total,Over 1 year initial rate fixation,n/a,nivel,media_ponderada_volumen,serie MIR.M.IT.B.A2D.K.R.A.2250.EUR.N
Italia,credito_consumo_hogares_referencia,tipo | Bank interest rates - loans to households for other purposes with an interest rate fixation period of over one year (new business),4.57,pct_anual,2026-02,"BCE, ECB Data Portal, dataset MIR",https://data.ecb.europa.eu/data/datasets/MIR/MIR.MIR.M.IT.B.A2D.K.R.A.2250.EUR.N,2026-09-16,Total,Over 1 year initial rate fixation,n/a,nivel,media_ponderada_volumen,serie MIR.M.IT.B.A2D.K.R.A.2250.EUR.N
Italia,credito_consumo_hogares_referencia,tipo | Bank interest rates - loans to households for other purposes with an interest rate fixation period of over one year (new business),4.67,pct_anual,2026-03,"BCE, ECB Data Portal, dataset MIR",https://data.ecb.europa.eu/data/datasets/MIR/MIR.MIR.M.IT.B.A2D.K.R.A.2250.EUR.N,2026-09-16,Total,Over 1 year initial rate fixation,n/a,nivel,media_ponderada_volumen,serie MIR.M.IT.B.A2D.K.R.A.2250.EUR.N
Italia,credito_consumo_hogares_referencia,tipo | Bank interest rates - loans to households for other purposes with an interest rate fixation period of over one year (new business),4.85,pct_anual,2026-04,"BCE, ECB Data Portal, dataset MIR",https://data.ecb.europa.eu/data/datasets/MIR/MIR.MIR.M.IT.B.A2D.K.R.A.2250.EUR.N,2026-09-16,Total,Over 1 year initial rate fixation,n/a,nivel,media_ponderada_volumen,serie MIR.M.IT.B.A2D.K.R.A.2250.EUR.N
Italia,credito_consumo_hogares_referencia,tipo | Bank interest rates - loans to households for other purposes with an interest rate fixation period of over one year (new business),4.96,pct_anual,2026-05,"BCE, ECB Data Portal, dataset MIR",https://data.ecb.europa.eu/data/datasets/MIR/MIR.MIR.M.IT.B.A2D.K.R.A.2250.EUR.N,2026-09-16,Total,Over 1 year initial rate fixation,n/a,nivel,media_ponderada_volumen,serie MIR.M.IT.B.A2D.K.R.A.2250.EUR.N
Italia,credito_consumo_hogares_referencia,tipo | Bank interest rates - loans to households for other purposes with an interest rate fixation period of over one year (new business),4.99,pct_anual,2026-06,"BCE, ECB Data Portal, dataset MIR",https://data.ecb.europa.eu/data/datasets/MIR/MIR.MIR.M.IT.B.A2D.K.R.A.2250.EUR.N,2026-09-16,Total,Over 1 year initial rate fixation,n/a,nivel,media_ponderada_volumen,serie MIR.M.IT.B.A2D.K.R.A.2250.EUR.N
Italia,credito_consumo_hogares_referencia,tipo | Bank interest rates - loans to households for other purposes with an interest rate fixation period of over one year (new business),4.89,pct_anual,2026-07,"BCE, ECB Data Portal, dataset MIR",https://data.ecb.europa.eu/data/datasets/MIR/MIR.MIR.M.IT.B.A2D.K.R.A.2250.EUR.N,2026-09-16,Total,Over 1 year initial rate fixation,n/a,nivel,media_ponderada_volumen,serie MIR.M.IT.B.A2D.K.R.A.2250.EUR.N
Italia,credito_consumo_hogares_referencia,volumen | Bank business volumes - loans to households for other purposes (new business),3669,eur_millones,2025-01,"BCE, ECB Data Portal, dataset MIR",https://data.ecb.europa.eu/data/datasets/MIR/MIR.MIR.M.IT.B.A2D.A.B.A.2250.EUR.N,2026-09-16,Total,Total initial rate fixation,n/a,volumen,dato_unico,serie MIR.M.IT.B.A2D.A.B.A.2250.EUR.N
Italia,credito_consumo_hogares_referencia,volumen | Bank business volumes - loans to households for other purposes (new business),2666,eur_millones,2025-02,"BCE, ECB Data Portal, dataset MIR",https://data.ecb.europa.eu/data/datasets/MIR/MIR.MIR.M.IT.B.A2D.A.B.A.2250.EUR.N,2026-09-16,Total,Total initial rate fixation,n/a,volumen,dato_unico,serie MIR.M.IT.B.A2D.A.B.A.2250.EUR.N
Italia,credito_consumo_hogares_referencia,volumen | Bank business volumes - loans to households for other purposes (new business),3220,eur_millones,2025-03,"BCE, ECB Data Portal, dataset MIR",https://data.ecb.europa.eu/data/datasets/MIR/MIR.MIR.M.IT.B.A2D.A.B.A.2250.EUR.N,2026-09-16,Total,Total initial rate fixation,n/a,volumen,dato_unico,serie MIR.M.IT.B.A2D.A.B.A.2250.EUR.N
Italia,credito_consumo_hogares_referencia,volumen | Bank business volumes - loans to households for other purposes (new business),2930,eur_millones,2025-04,"BCE, ECB Data Portal, dataset MIR",https://data.ecb.europa.eu/data/datasets/MIR/MIR.MIR.M.IT.B.A2D.A.B.A.2250.EUR.N,2026-09-16,Total,Total initial rate fixation,n/a,volumen,dato_unico,serie MIR.M.IT.B.A2D.A.B.A.2250.EUR.N
Italia,credito_consumo_hogares_referencia,volumen | Bank business volumes - loans to households for other purposes (new business),2727,eur_millones,2025-05,"BCE, ECB Data Portal, dataset MIR",https://data.ecb.europa.eu/data/datasets/MIR/MIR.MIR.M.IT.B.A2D.A.B.A.2250.EUR.N,2026-09-16,Total,Total initial rate fixation,n/a,volumen,dato_unico,serie MIR.M.IT.B.A2D.A.B.A.2250.EUR.N
Italia,credito_consumo_hogares_referencia,volumen | Bank business volumes - loans to households for other purposes (new business),2945,eur_millones,2025-06,"BCE, ECB Data Portal, dataset MIR",https://data.ecb.europa.eu/data/datasets/MIR/MIR.MIR.M.IT.B.A2D.A.B.A.2250.EUR.N,2026-09-16,Total,Total initial rate fixation,n/a,volumen,dato_unico,serie MIR.M.IT.B.A2D.A.B.A.2250.EUR.N
Italia,credito_consumo_hogares_referencia,volumen | Bank business volumes - loans to households for other purposes (new business),3077,eur_millones,2025-07,"BCE, ECB Data Portal, dataset MIR",https://data.ecb.europa.eu/data/datasets/MIR/MIR.MIR.M.IT.B.A2D.A.B.A.2250.EUR.N,2026-09-16,Total,Total initial rate fixation,n/a,volumen,dato_unico,serie MIR.M.IT.B.A2D.A.B.A.2250.EUR.N
Italia,credito_consumo_hogares_referencia,volumen | Bank business volumes - loans to households for other purposes (new business),1955,eur_millones,2025-08,"BCE, ECB Data Portal, dataset MIR",https://data.ecb.europa.eu/data/datasets/MIR/MIR.MIR.M.IT.B.A2D.A.B.A.2250.EUR.N,2026-09-16,Total,Total initial rate fixation,n/a,volumen,dato_unico,serie MIR.M.IT.B.A2D.A.B.A.2250.EUR.N
Italia,credito_consumo_hogares_referencia,volumen | Bank business volumes - loans to households for other purposes (new business),2771,eur_millones,2025-09,"BCE, ECB Data Portal, dataset MIR",https://data.ecb.europa.eu/data/datasets/MIR/MIR.MIR.M.IT.B.A2D.A.B.A.2250.EUR.N,2026-09-16,Total,Total initial rate fixation,n/a,volumen,dato_unico,serie MIR.M.IT.B.A2D.A.B.A.2250.EUR.N
Italia,credito_consumo_hogares_referencia,volumen | Bank business volumes - loans to households for other purposes (new business),3099,eur_millones,2025-10,"BCE, ECB Data Portal, dataset MIR",https://data.ecb.europa.eu/data/datasets/MIR/MIR.MIR.M.IT.B.A2D.A.B.A.2250.EUR.N,2026-09-16,Total,Total initial rate fixation,n/a,volumen,dato_unico,serie MIR.M.IT.B.A2D.A.B.A.2250.EUR.N
Italia,credito_consumo_hogares_referencia,volumen | Bank business volumes - loans to households for other purposes (new business),2910,eur_millones,2025-11,"BCE, ECB Data Portal, dataset MIR",https://data.ecb.europa.eu/data/datasets/MIR/MIR.MIR.M.IT.B.A2D.A.B.A.2250.EUR.N,2026-09-16,Total,Total initial rate fixation,n/a,volumen,dato_unico,serie MIR.M.IT.B.A2D.A.B.A.2250.EUR.N
Italia,credito_consumo_hogares_referencia,volumen | Bank business volumes - loans to households for other purposes (new business),3123,eur_millones,2025-12,"BCE, ECB Data Portal, dataset MIR",https://data.ecb.europa.eu/data/datasets/MIR/MIR.MIR.M.IT.B.A2D.A.B.A.2250.EUR.N,2026-09-16,Total,Total initial rate fixation,n/a,volumen,dato_unico,serie MIR.M.IT.B.A2D.A.B.A.2250.EUR.N
Italia,credito_consumo_hogares_referencia,volumen | Bank business volumes - loans to households for other purposes (new business),3267,eur_millones,2026-01,"BCE, ECB Data Portal, dataset MIR",https://data.ecb.europa.eu/data/datasets/MIR/MIR.MIR.M.IT.B.A2D.A.B.A.2250.EUR.N,2026-09-16,Total,Total initial rate fixation,n/a,volumen,dato_unico,serie MIR.M.IT.B.A2D.A.B.A.2250.EUR.N
Italia,credito_consumo_hogares_referencia,volumen | Bank business volumes - loans to households for other purposes (new business),2694,eur_millones,2026-02,"BCE, ECB Data Portal, dataset MIR",https://data.ecb.europa.eu/data/datasets/MIR/MIR.MIR.M.IT.B.A2D.A.B.A.2250.EUR.N,2026-09-16,Total,Total initial rate fixation,n/a,volumen,dato_unico,serie MIR.M.IT.B.A2D.A.B.A.2250.EUR.N
Italia,credito_consumo_hogares_referencia,volumen | Bank business volumes - loans to households for other purposes (new business),3319,eur_millones,2026-03,"BCE, ECB Data Portal, dataset MIR",https://data.ecb.europa.eu/data/datasets/MIR/MIR.MIR.M.IT.B.A2D.A.B.A.2250.EUR.N,2026-09-16,Total,Total initial rate fixation,n/a,volumen,dato_unico,serie MIR.M.IT.B.A2D.A.B.A.2250.EUR.N
Italia,credito_consumo_hogares_referencia,volumen | Bank business volumes - loans to households for other purposes (new business),2614,eur_millones,2026-04,"BCE, ECB Data Portal, dataset MIR",https://data.ecb.europa.eu/data/datasets/MIR/MIR.MIR.M.IT.B.A2D.A.B.A.2250.EUR.N,2026-09-16,Total,Total initial rate fixation,n/a,volumen,dato_unico,serie MIR.M.IT.B.A2D.A.B.A.2250.EUR.N
Italia,credito_consumo_hogares_referencia,volumen | Bank business volumes - loans to households for other purposes (new business),2641,eur_millones,2026-05,"BCE, ECB Data Portal, dataset MIR",https://data.ecb.europa.eu/data/datasets/MIR/MIR.MIR.M.IT.B.A2D.A.B.A.2250.EUR.N,2026-09-16,Total,Total initial rate fixation,n/a,volumen,dato_unico,serie MIR.M.IT.B.A2D.A.B.A.2250.EUR.N
Italia,credito_consumo_hogares_referencia,volumen | Bank business volumes - loans to households for other purposes (new business),2989,eur_millones,2026-06,"BCE, ECB Data Portal, dataset MIR",https://data.ecb.europa.eu/data/datasets/MIR/MIR.MIR.M.IT.B.A2D.A.B.A.2250.EUR.N,2026-09-16,Total,Total initial rate fixation,n/a,volumen,dato_unico,serie MIR.M.IT.B.A2D.A.B.A.2250.EUR.N
Italia,credito_consumo_hogares_referencia,volumen | Bank business volumes - loans to households for other purposes (new business),2779,eur_millones,2026-07,"BCE, ECB Data Portal, dataset MIR",https://data.ecb.europa.eu/data/datasets/MIR/MIR.MIR.M.IT.B.A2D.A.B.A.2250.EUR.N,2026-09-16,Total,Total initial rate fixation,n/a,volumen,dato_unico,serie MIR.M.IT.B.A2D.A.B.A.2250.EUR.N
Portugal,credito_consumo_hogares_referencia,tipo | Bank interest rates - loans to households for other purposes (new business),3.95,pct_anual,2025-01,"BCE, ECB Data Portal, dataset MIR",https://data.ecb.europa.eu/data/datasets/MIR/MIR.MIR.M.PT.B.A2D.A.R.A.2250.EUR.N,2026-09-16,Total,Total initial rate fixation,n/a,nivel,media_ponderada_volumen,serie MIR.M.PT.B.A2D.A.R.A.2250.EUR.N
Portugal,credito_consumo_hogares_referencia,tipo | Bank interest rates - loans to households for other purposes (new business),3.94,pct_anual,2025-02,"BCE, ECB Data Portal, dataset MIR",https://data.ecb.europa.eu/data/datasets/MIR/MIR.MIR.M.PT.B.A2D.A.R.A.2250.EUR.N,2026-09-16,Total,Total initial rate fixation,n/a,nivel,media_ponderada_volumen,serie MIR.M.PT.B.A2D.A.R.A.2250.EUR.N
Portugal,credito_consumo_hogares_referencia,tipo | Bank interest rates - loans to households for other purposes (new business),3.88,pct_anual,2025-03,"BCE, ECB Data Portal, dataset MIR",https://data.ecb.europa.eu/data/datasets/MIR/MIR.MIR.M.PT.B.A2D.A.R.A.2250.EUR.N,2026-09-16,Total,Total initial rate fixation,n/a,nivel,media_ponderada_volumen,serie MIR.M.PT.B.A2D.A.R.A.2250.EUR.N
Portugal,credito_consumo_hogares_referencia,tipo | Bank interest rates - loans to households for other purposes (new business),3.78,pct_anual,2025-04,"BCE, ECB Data Portal, dataset MIR",https://data.ecb.europa.eu/data/datasets/MIR/MIR.MIR.M.PT.B.A2D.A.R.A.2250.EUR.N,2026-09-16,Total,Total initial rate fixation,n/a,nivel,media_ponderada_volumen,serie MIR.M.PT.B.A2D.A.R.A.2250.EUR.N
Portugal,credito_consumo_hogares_referencia,tipo | Bank interest rates - loans to households for other purposes (new business),3.73,pct_anual,2025-05,"BCE, ECB Data Portal, dataset MIR",https://data.ecb.europa.eu/data/datasets/MIR/MIR.MIR.M.PT.B.A2D.A.R.A.2250.EUR.N,2026-09-16,Total,Total initial rate fixation,n/a,nivel,media_ponderada_volumen,serie MIR.M.PT.B.A2D.A.R.A.2250.EUR.N
Portugal,credito_consumo_hogares_referencia,tipo | Bank interest rates - loans to households for other purposes (new business),3.56,pct_anual,2025-06,"BCE, ECB Data Portal, dataset MIR",https://data.ecb.europa.eu/data/datasets/MIR/MIR.MIR.M.PT.B.A2D.A.R.A.2250.EUR.N,2026-09-16,Total,Total initial rate fixation,n/a,nivel,media_ponderada_volumen,serie MIR.M.PT.B.A2D.A.R.A.2250.EUR.N
Portugal,credito_consumo_hogares_referencia,tipo | Bank interest rates - loans to households for other purposes (new business),3.53,pct_anual,2025-07,"BCE, ECB Data Portal, dataset MIR",https://data.ecb.europa.eu/data/datasets/MIR/MIR.MIR.M.PT.B.A2D.A.R.A.2250.EUR.N,2026-09-16,Total,Total initial rate fixation,n/a,nivel,media_ponderada_volumen,serie MIR.M.PT.B.A2D.A.R.A.2250.EUR.N
Portugal,credito_consumo_hogares_referencia,tipo | Bank interest rates - loans to households for other purposes (new business),3.55,pct_anual,2025-08,"BCE, ECB Data Portal, dataset MIR",https://data.ecb.europa.eu/data/datasets/MIR/MIR.MIR.M.PT.B.A2D.A.R.A.2250.EUR.N,2026-09-16,Total,Total initial rate fixation,n/a,nivel,media_ponderada_volumen,serie MIR.M.PT.B.A2D.A.R.A.2250.EUR.N
Portugal,credito_consumo_hogares_referencia,tipo | Bank interest rates - loans to households for other purposes (new business),3.54,pct_anual,2025-09,"BCE, ECB Data Portal, dataset MIR",https://data.ecb.europa.eu/data/datasets/MIR/MIR.MIR.M.PT.B.A2D.A.R.A.2250.EUR.N,2026-09-16,Total,Total initial rate fixation,n/a,nivel,media_ponderada_volumen,serie MIR.M.PT.B.A2D.A.R.A.2250.EUR.N
Portugal,credito_consumo_hogares_referencia,tipo | Bank interest rates - loans to households for other purposes (new business),3.5,pct_anual,2025-10,"BCE, ECB Data Portal, dataset MIR",https://data.ecb.europa.eu/data/datasets/MIR/MIR.MIR.M.PT.B.A2D.A.R.A.2250.EUR.N,2026-09-16,Total,Total initial rate fixation,n/a,nivel,media_ponderada_volumen,serie MIR.M.PT.B.A2D.A.R.A.2250.EUR.N
Portugal,credito_consumo_hogares_referencia,tipo | Bank interest rates - loans to households for other purposes (new business),3.42,pct_anual,2025-11,"BCE, ECB Data Portal, dataset MIR",https://data.ecb.europa.eu/data/datasets/MIR/MIR.MIR.M.PT.B.A2D.A.R.A.2250.EUR.N,2026-09-16,Total,Total initial rate fixation,n/a,nivel,media_ponderada_volumen,serie MIR.M.PT.B.A2D.A.R.A.2250.EUR.N
Portugal,credito_consumo_hogares_referencia,tipo | Bank interest rates - loans to households for other purposes (new business),3.43,pct_anual,2025-12,"BCE, ECB Data Portal, dataset MIR",https://data.ecb.europa.eu/data/datasets/MIR/MIR.MIR.M.PT.B.A2D.A.R.A.2250.EUR.N,2026-09-16,Total,Total initial rate fixation,n/a,nivel,media_ponderada_volumen,serie MIR.M.PT.B.A2D.A.R.A.2250.EUR.N
Portugal,credito_consumo_hogares_referencia,tipo | Bank interest rates - loans to households for other purposes (new business),3.55,pct_anual,2026-01,"BCE, ECB Data Portal, dataset MIR",https://data.ecb.europa.eu/data/datasets/MIR/MIR.MIR.M.PT.B.A2D.A.R.A.2250.EUR.N,2026-09-16,Total,Total initial rate fixation,n/a,nivel,media_ponderada_volumen,serie MIR.M.PT.B.A2D.A.R.A.2250.EUR.N
Portugal,credito_consumo_hogares_referencia,tipo | Bank interest rates - loans to households for other purposes (new business),3.43,pct_anual,2026-02,"BCE, ECB Data Portal, dataset MIR",https://data.ecb.europa.eu/data/datasets/MIR/MIR.MIR.M.PT.B.A2D.A.R.A.2250.EUR.N,2026-09-16,Total,Total initial rate fixation,n/a,nivel,media_ponderada_volumen,serie MIR.M.PT.B.A2D.A.R.A.2250.EUR.N
Portugal,credito_consumo_hogares_referencia,tipo | Bank interest rates - loans to households for other purposes (new business),3.4,pct_anual,2026-03,"BCE, ECB Data Portal, dataset MIR",https://data.ecb.europa.eu/data/datasets/MIR/MIR.MIR.M.PT.B.A2D.A.R.A.2250.EUR.N,2026-09-16,Total,Total initial rate fixation,n/a,nivel,media_ponderada_volumen,serie MIR.M.PT.B.A2D.A.R.A.2250.EUR.N
Portugal,credito_consumo_hogares_referencia,tipo | Bank interest rates - loans to households for other purposes (new business),3.56,pct_anual,2026-04,"BCE, ECB Data Portal, dataset MIR",https://data.ecb.europa.eu/data/datasets/MIR/MIR.MIR.M.PT.B.A2D.A.R.A.2250.EUR.N,2026-09-16,Total,Total initial rate fixation,n/a,nivel,media_ponderada_volumen,serie MIR.M.PT.B.A2D.A.R.A.2250.EUR.N
Portugal,credito_consumo_hogares_referencia,tipo | Bank interest rates - loans to households for other purposes (new business),3.64,pct_anual,2026-05,"BCE, ECB Data Portal, dataset MIR",https://data.ecb.europa.eu/data/datasets/MIR/MIR.MIR.M.PT.B.A2D.A.R.A.2250.EUR.N,2026-09-16,Total,Total initial rate fixation,n/a,nivel,media_ponderada_volumen,serie MIR.M.PT.B.A2D.A.R.A.2250.EUR.N
Portugal,credito_consumo_hogares_referencia,tipo | Bank interest rates - loans to households for other purposes (new business),3.69,pct_anual,2026-06,"BCE, ECB Data Portal, dataset MIR",https://data.ecb.europa.eu/data/datasets/MIR/MIR.MIR.M.PT.B.A2D.A.R.A.2250.EUR.N,2026-09-16,Total,Total initial rate fixation,n/a,nivel,media_ponderada_volumen,serie MIR.M.PT.B.A2D.A.R.A.2250.EUR.N
Portugal,credito_consumo_hogares_referencia,tipo | Bank interest rates - loans to households for other purposes (new business),3.76,pct_anual,2026-07,"BCE, ECB Data Portal, dataset MIR",https://data.ecb.europa.eu/data/datasets/MIR/MIR.MIR.M.PT.B.A2D.A.R.A.2250.EUR.N,2026-09-16,Total,Total initial rate fixation,n/a,nivel,media_ponderada_volumen,serie MIR.M.PT.B.A2D.A.R.A.2250.EUR.N
Portugal,credito_consumo_hogares_referencia,tipo | Bank interest rates - loans to households for other purposes with a variable rate and an interest rate fixation period of up to one year (new business),4.14,pct_anual,2025-01,"BCE, ECB Data Portal, dataset MIR",https://data.ecb.europa.eu/data/datasets/MIR/MIR.MIR.M.PT.B.A2D.F.R.A.2250.EUR.N,2026-09-16,Total,Up to 1 year initial rate fixation,n/a,nivel,media_ponderada_volumen,serie MIR.M.PT.B.A2D.F.R.A.2250.EUR.N
Portugal,credito_consumo_hogares_referencia,tipo | Bank interest rates - loans to households for other purposes with a variable rate and an interest rate fixation period of up to one year (new business),4.2,pct_anual,2025-02,"BCE, ECB Data Portal, dataset MIR",https://data.ecb.europa.eu/data/datasets/MIR/MIR.MIR.M.PT.B.A2D.F.R.A.2250.EUR.N,2026-09-16,Total,Up to 1 year initial rate fixation,n/a,nivel,media_ponderada_volumen,serie MIR.M.PT.B.A2D.F.R.A.2250.EUR.N
Portugal,credito_consumo_hogares_referencia,tipo | Bank interest rates - loans to households for other purposes with a variable rate and an interest rate fixation period of up to one year (new business),3.98,pct_anual,2025-03,"BCE, ECB Data Portal, dataset MIR",https://data.ecb.europa.eu/data/datasets/MIR/MIR.MIR.M.PT.B.A2D.F.R.A.2250.EUR.N,2026-09-16,Total,Up to 1 year initial rate fixation,n/a,nivel,media_ponderada_volumen,serie MIR.M.PT.B.A2D.F.R.A.2250.EUR.N
Portugal,credito_consumo_hogares_referencia,tipo | Bank interest rates - loans to households for other purposes with a variable rate and an interest rate fixation period of up to one year (new business),3.93,pct_anual,2025-04,"BCE, ECB Data Portal, dataset MIR",https://data.ecb.europa.eu/data/datasets/MIR/MIR.MIR.M.PT.B.A2D.F.R.A.2250.EUR.N,2026-09-16,Total,Up to 1 year initial rate fixation,n/a,nivel,media_ponderada_volumen,serie MIR.M.PT.B.A2D.F.R.A.2250.EUR.N
Portugal,credito_consumo_hogares_referencia,tipo | Bank interest rates - loans to households for other purposes with a variable rate and an interest rate fixation period of up to one year (new business),3.79,pct_anual,2025-05,"BCE, ECB Data Portal, dataset MIR",https://data.ecb.europa.eu/data/datasets/MIR/MIR.MIR.M.PT.B.A2D.F.R.A.2250.EUR.N,2026-09-16,Total,Up to 1 year initial rate fixation,n/a,nivel,media_ponderada_volumen,serie MIR.M.PT.B.A2D.F.R.A.2250.EUR.N
Portugal,credito_consumo_hogares_referencia,tipo | Bank interest rates - loans to households for other purposes with a variable rate and an interest rate fixation period of up to one year (new business),3.49,pct_anual,2025-06,"BCE, ECB Data Portal, dataset MIR",https://data.ecb.europa.eu/data/datasets/MIR/MIR.MIR.M.PT.B.A2D.F.R.A.2250.EUR.N,2026-09-16,Total,Up to 1 year initial rate fixation,n/a,nivel,media_ponderada_volumen,serie MIR.M.PT.B.A2D.F.R.A.2250.EUR.N
Portugal,credito_consumo_hogares_referencia,tipo | Bank interest rates - loans to households for other purposes with a variable rate and an interest rate fixation period of up to one year (new business),3.42,pct_anual,2025-07,"BCE, ECB Data Portal, dataset MIR",https://data.ecb.europa.eu/data/datasets/MIR/MIR.MIR.M.PT.B.A2D.F.R.A.2250.EUR.N,2026-09-16,Total,Up to 1 year initial rate fixation,n/a,nivel,media_ponderada_volumen,serie MIR.M.PT.B.A2D.F.R.A.2250.EUR.N
Portugal,credito_consumo_hogares_referencia,tipo | Bank interest rates - loans to households for other purposes with a variable rate and an interest rate fixation period of up to one year (new business),3.44,pct_anual,2025-08,"BCE, ECB Data Portal, dataset MIR",https://data.ecb.europa.eu/data/datasets/MIR/MIR.MIR.M.PT.B.A2D.F.R.A.2250.EUR.N,2026-09-16,Total,Up to 1 year initial rate fixation,n/a,nivel,media_ponderada_volumen,serie MIR.M.PT.B.A2D.F.R.A.2250.EUR.N
Portugal,credito_consumo_hogares_referencia,tipo | Bank interest rates - loans to households for other purposes with a variable rate and an interest rate fixation period of up to one year (new business),3.41,pct_anual,2025-09,"BCE, ECB Data Portal, dataset MIR",https://data.ecb.europa.eu/data/datasets/MIR/MIR.MIR.M.PT.B.A2D.F.R.A.2250.EUR.N,2026-09-16,Total,Up to 1 year initial rate fixation,n/a,nivel,media_ponderada_volumen,serie MIR.M.PT.B.A2D.F.R.A.2250.EUR.N
Portugal,credito_consumo_hogares_referencia,tipo | Bank interest rates - loans to households for other purposes with a variable rate and an interest rate fixation period of up to one year (new business),3.39,pct_anual,2025-10,"BCE, ECB Data Portal, dataset MIR",https://data.ecb.europa.eu/data/datasets/MIR/MIR.MIR.M.PT.B.A2D.F.R.A.2250.EUR.N,2026-09-16,Total,Up to 1 year initial rate fixation,n/a,nivel,media_ponderada_volumen,serie MIR.M.PT.B.A2D.F.R.A.2250.EUR.N
Portugal,credito_consumo_hogares_referencia,tipo | Bank interest rates - loans to households for other purposes with a variable rate and an interest rate fixation period of up to one year (new business),3.39,pct_anual,2025-11,"BCE, ECB Data Portal, dataset MIR",https://data.ecb.europa.eu/data/datasets/MIR/MIR.MIR.M.PT.B.A2D.F.R.A.2250.EUR.N,2026-09-16,Total,Up to 1 year initial rate fixation,n/a,nivel,media_ponderada_volumen,serie MIR.M.PT.B.A2D.F.R.A.2250.EUR.N
Portugal,credito_consumo_hogares_referencia,tipo | Bank interest rates - loans to households for other purposes with a variable rate and an interest rate fixation period of up to one year (new business),3.4,pct_anual,2025-12,"BCE, ECB Data Portal, dataset MIR",https://data.ecb.europa.eu/data/datasets/MIR/MIR.MIR.M.PT.B.A2D.F.R.A.2250.EUR.N,2026-09-16,Total,Up to 1 year initial rate fixation,n/a,nivel,media_ponderada_volumen,serie MIR.M.PT.B.A2D.F.R.A.2250.EUR.N
Portugal,credito_consumo_hogares_referencia,tipo | Bank interest rates - loans to households for other purposes with a variable rate and an interest rate fixation period of up to one year (new business),3.64,pct_anual,2026-01,"BCE, ECB Data Portal, dataset MIR",https://data.ecb.europa.eu/data/datasets/MIR/MIR.MIR.M.PT.B.A2D.F.R.A.2250.EUR.N,2026-09-16,Total,Up to 1 year initial rate fixation,n/a,nivel,media_ponderada_volumen,serie MIR.M.PT.B.A2D.F.R.A.2250.EUR.N
Portugal,credito_consumo_hogares_referencia,tipo | Bank interest rates - loans to households for other purposes with a variable rate and an interest rate fixation period of up to one year (new business),3.46,pct_anual,2026-02,"BCE, ECB Data Portal, dataset MIR",https://data.ecb.europa.eu/data/datasets/MIR/MIR.MIR.M.PT.B.A2D.F.R.A.2250.EUR.N,2026-09-16,Total,Up to 1 year initial rate fixation,n/a,nivel,media_ponderada_volumen,serie MIR.M.PT.B.A2D.F.R.A.2250.EUR.N
Portugal,credito_consumo_hogares_referencia,tipo | Bank interest rates - loans to households for other purposes with a variable rate and an interest rate fixation period of up to one year (new business),3.43,pct_anual,2026-03,"BCE, ECB Data Portal, dataset MIR",https://data.ecb.europa.eu/data/datasets/MIR/MIR.MIR.M.PT.B.A2D.F.R.A.2250.EUR.N,2026-09-16,Total,Up to 1 year initial rate fixation,n/a,nivel,media_ponderada_volumen,serie MIR.M.PT.B.A2D.F.R.A.2250.EUR.N
Portugal,credito_consumo_hogares_referencia,tipo | Bank interest rates - loans to households for other purposes with a variable rate and an interest rate fixation period of up to one year (new business),3.68,pct_anual,2026-04,"BCE, ECB Data Portal, dataset MIR",https://data.ecb.europa.eu/data/datasets/MIR/MIR.MIR.M.PT.B.A2D.F.R.A.2250.EUR.N,2026-09-16,Total,Up to 1 year initial rate fixation,n/a,nivel,media_ponderada_volumen,serie MIR.M.PT.B.A2D.F.R.A.2250.EUR.N
Portugal,credito_consumo_hogares_referencia,tipo | Bank interest rates - loans to households for other purposes with a variable rate and an interest rate fixation period of up to one year (new business),3.85,pct_anual,2026-05,"BCE, ECB Data Portal, dataset MIR",https://data.ecb.europa.eu/data/datasets/MIR/MIR.MIR.M.PT.B.A2D.F.R.A.2250.EUR.N,2026-09-16,Total,Up to 1 year initial rate fixation,n/a,nivel,media_ponderada_volumen,serie MIR.M.PT.B.A2D.F.R.A.2250.EUR.N
Portugal,credito_consumo_hogares_referencia,tipo | Bank interest rates - loans to households for other purposes with a variable rate and an interest rate fixation period of up to one year (new business),3.93,pct_anual,2026-06,"BCE, ECB Data Portal, dataset MIR",https://data.ecb.europa.eu/data/datasets/MIR/MIR.MIR.M.PT.B.A2D.F.R.A.2250.EUR.N,2026-09-16,Total,Up to 1 year initial rate fixation,n/a,nivel,media_ponderada_volumen,serie MIR.M.PT.B.A2D.F.R.A.2250.EUR.N
Portugal,credito_consumo_hogares_referencia,tipo | Bank interest rates - loans to households for other purposes with a variable rate and an interest rate fixation period of up to one year (new business),3.99,pct_anual,2026-07,"BCE, ECB Data Portal, dataset MIR",https://data.ecb.europa.eu/data/datasets/MIR/MIR.MIR.M.PT.B.A2D.F.R.A.2250.EUR.N,2026-09-16,Total,Up to 1 year initial rate fixation,n/a,nivel,media_ponderada_volumen,serie MIR.M.PT.B.A2D.F.R.A.2250.EUR.N
Portugal,credito_consumo_hogares_referencia,tipo | Bank interest rates - loans to households for other purposes with an interest rate fixation period of over one & up to five years (new business),3.19,pct_anual,2025-01,"BCE, ECB Data Portal, dataset MIR",https://data.ecb.europa.eu/data/datasets/MIR/MIR.MIR.M.PT.B.A2D.I.R.A.2250.EUR.N,2026-09-16,Total,Over 1 and up to 5 years initial rate fixation,n/a,nivel,media_ponderada_volumen,serie MIR.M.PT.B.A2D.I.R.A.2250.EUR.N
Portugal,credito_consumo_hogares_referencia,tipo | Bank interest rates - loans to households for other purposes with an interest rate fixation period of over one & up to five years (new business),3.16,pct_anual,2025-02,"BCE, ECB Data Portal, dataset MIR",https://data.ecb.europa.eu/data/datasets/MIR/MIR.MIR.M.PT.B.A2D.I.R.A.2250.EUR.N,2026-09-16,Total,Over 1 and up to 5 years initial rate fixation,n/a,nivel,media_ponderada_volumen,serie MIR.M.PT.B.A2D.I.R.A.2250.EUR.N
Portugal,credito_consumo_hogares_referencia,tipo | Bank interest rates - loans to households for other purposes with an interest rate fixation period of over one & up to five years (new business),3.2,pct_anual,2025-03,"BCE, ECB Data Portal, dataset MIR",https://data.ecb.europa.eu/data/datasets/MIR/MIR.MIR.M.PT.B.A2D.I.R.A.2250.EUR.N,2026-09-16,Total,Over 1 and up to 5 years initial rate fixation,n/a,nivel,media_ponderada_volumen,serie MIR.M.PT.B.A2D.I.R.A.2250.EUR.N
Portugal,credito_consumo_hogares_referencia,tipo | Bank interest rates - loans to households for other purposes with an interest rate fixation period of over one & up to five years (new business),3.12,pct_anual,2025-04,"BCE, ECB Data Portal, dataset MIR",https://data.ecb.europa.eu/data/datasets/MIR/MIR.MIR.M.PT.B.A2D.I.R.A.2250.EUR.N,2026-09-16,Total,Over 1 and up to 5 years initial rate fixation,n/a,nivel,media_ponderada_volumen,serie MIR.M.PT.B.A2D.I.R.A.2250.EUR.N
Portugal,credito_consumo_hogares_referencia,tipo | Bank interest rates - loans to households for other purposes with an interest rate fixation period of over one & up to five years (new business),3.05,pct_anual,2025-05,"BCE, ECB Data Portal, dataset MIR",https://data.ecb.europa.eu/data/datasets/MIR/MIR.MIR.M.PT.B.A2D.I.R.A.2250.EUR.N,2026-09-16,Total,Over 1 and up to 5 years initial rate fixation,n/a,nivel,media_ponderada_volumen,serie MIR.M.PT.B.A2D.I.R.A.2250.EUR.N
Portugal,credito_consumo_hogares_referencia,tipo | Bank interest rates - loans to households for other purposes with an interest rate fixation period of over one & up to five years (new business),3.06,pct_anual,2025-06,"BCE, ECB Data Portal, dataset MIR",https://data.ecb.europa.eu/data/datasets/MIR/MIR.MIR.M.PT.B.A2D.I.R.A.2250.EUR.N,2026-09-16,Total,Over 1 and up to 5 years initial rate fixation,n/a,nivel,media_ponderada_volumen,serie MIR.M.PT.B.A2D.I.R.A.2250.EUR.N
Portugal,credito_consumo_hogares_referencia,tipo | Bank interest rates - loans to households for other purposes with an interest rate fixation period of over one & up to five years (new business),2.95,pct_anual,2025-07,"BCE, ECB Data Portal, dataset MIR",https://data.ecb.europa.eu/data/datasets/MIR/MIR.MIR.M.PT.B.A2D.I.R.A.2250.EUR.N,2026-09-16,Total,Over 1 and up to 5 years initial rate fixation,n/a,nivel,media_ponderada_volumen,serie MIR.M.PT.B.A2D.I.R.A.2250.EUR.N
Portugal,credito_consumo_hogares_referencia,tipo | Bank interest rates - loans to households for other purposes with an interest rate fixation period of over one & up to five years (new business),2.96,pct_anual,2025-08,"BCE, ECB Data Portal, dataset MIR",https://data.ecb.europa.eu/data/datasets/MIR/MIR.MIR.M.PT.B.A2D.I.R.A.2250.EUR.N,2026-09-16,Total,Over 1 and up to 5 years initial rate fixation,n/a,nivel,media_ponderada_volumen,serie MIR.M.PT.B.A2D.I.R.A.2250.EUR.N
Portugal,credito_consumo_hogares_referencia,tipo | Bank interest rates - loans to households for other purposes with an interest rate fixation period of over one & up to five years (new business),2.97,pct_anual,2025-09,"BCE, ECB Data Portal, dataset MIR",https://data.ecb.europa.eu/data/datasets/MIR/MIR.MIR.M.PT.B.A2D.I.R.A.2250.EUR.N,2026-09-16,Total,Over 1 and up to 5 years initial rate fixation,n/a,nivel,media_ponderada_volumen,serie MIR.M.PT.B.A2D.I.R.A.2250.EUR.N
Portugal,credito_consumo_hogares_referencia,tipo | Bank interest rates - loans to households for other purposes with an interest rate fixation period of over one & up to five years (new business),2.9,pct_anual,2025-10,"BCE, ECB Data Portal, dataset MIR",https://data.ecb.europa.eu/data/datasets/MIR/MIR.MIR.M.PT.B.A2D.I.R.A.2250.EUR.N,2026-09-16,Total,Over 1 and up to 5 years initial rate fixation,n/a,nivel,media_ponderada_volumen,serie MIR.M.PT.B.A2D.I.R.A.2250.EUR.N
Portugal,credito_consumo_hogares_referencia,tipo | Bank interest rates - loans to households for other purposes with an interest rate fixation period of over one & up to five years (new business),2.89,pct_anual,2025-11,"BCE, ECB Data Portal, dataset MIR",https://data.ecb.europa.eu/data/datasets/MIR/MIR.MIR.M.PT.B.A2D.I.R.A.2250.EUR.N,2026-09-16,Total,Over 1 and up to 5 years initial rate fixation,n/a,nivel,media_ponderada_volumen,serie MIR.M.PT.B.A2D.I.R.A.2250.EUR.N
Portugal,credito_consumo_hogares_referencia,tipo | Bank interest rates - loans to households for other purposes with an interest rate fixation period of over one & up to five years (new business),2.95,pct_anual,2025-12,"BCE, ECB Data Portal, dataset MIR",https://data.ecb.europa.eu/data/datasets/MIR/MIR.MIR.M.PT.B.A2D.I.R.A.2250.EUR.N,2026-09-16,Total,Over 1 and up to 5 years initial rate fixation,n/a,nivel,media_ponderada_volumen,serie MIR.M.PT.B.A2D.I.R.A.2250.EUR.N
Portugal,credito_consumo_hogares_referencia,tipo | Bank interest rates - loans to households for other purposes with an interest rate fixation period of over one & up to five years (new business),2.87,pct_anual,2026-01,"BCE, ECB Data Portal, dataset MIR",https://data.ecb.europa.eu/data/datasets/MIR/MIR.MIR.M.PT.B.A2D.I.R.A.2250.EUR.N,2026-09-16,Total,Over 1 and up to 5 years initial rate fixation,n/a,nivel,media_ponderada_volumen,serie MIR.M.PT.B.A2D.I.R.A.2250.EUR.N
Portugal,credito_consumo_hogares_referencia,tipo | Bank interest rates - loans to households for other purposes with an interest rate fixation period of over one & up to five years (new business),2.85,pct_anual,2026-02,"BCE, ECB Data Portal, dataset MIR",https://data.ecb.europa.eu/data/datasets/MIR/MIR.MIR.M.PT.B.A2D.I.R.A.2250.EUR.N,2026-09-16,Total,Over 1 and up to 5 years initial rate fixation,n/a,nivel,media_ponderada_volumen,serie MIR.M.PT.B.A2D.I.R.A.2250.EUR.N
Portugal,credito_consumo_hogares_referencia,tipo | Bank interest rates - loans to households for other purposes with an interest rate fixation period of over one & up to five years (new business),2.93,pct_anual,2026-03,"BCE, ECB Data Portal, dataset MIR",https://data.ecb.europa.eu/data/datasets/MIR/MIR.MIR.M.PT.B.A2D.I.R.A.2250.EUR.N,2026-09-16,Total,Over 1 and up to 5 years initial rate fixation,n/a,nivel,media_ponderada_volumen,serie MIR.M.PT.B.A2D.I.R.A.2250.EUR.N
Portugal,credito_consumo_hogares_referencia,tipo | Bank interest rates - loans to households for other purposes with an interest rate fixation period of over one & up to five years (new business),2.99,pct_anual,2026-04,"BCE, ECB Data Portal, dataset MIR",https://data.ecb.europa.eu/data/datasets/MIR/MIR.MIR.M.PT.B.A2D.I.R.A.2250.EUR.N,2026-09-16,Total,Over 1 and up to 5 years initial rate fixation,n/a,nivel,media_ponderada_volumen,serie MIR.M.PT.B.A2D.I.R.A.2250.EUR.N
Portugal,credito_consumo_hogares_referencia,tipo | Bank interest rates - loans to households for other purposes with an interest rate fixation period of over one & up to five years (new business),3,pct_anual,2026-05,"BCE, ECB Data Portal, dataset MIR",https://data.ecb.europa.eu/data/datasets/MIR/MIR.MIR.M.PT.B.A2D.I.R.A.2250.EUR.N,2026-09-16,Total,Over 1 and up to 5 years initial rate fixation,n/a,nivel,media_ponderada_volumen,serie MIR.M.PT.B.A2D.I.R.A.2250.EUR.N
Portugal,credito_consumo_hogares_referencia,tipo | Bank interest rates - loans to households for other purposes with an interest rate fixation period of over one & up to five years (new business),3.03,pct_anual,2026-06,"BCE, ECB Data Portal, dataset MIR",https://data.ecb.europa.eu/data/datasets/MIR/MIR.MIR.M.PT.B.A2D.I.R.A.2250.EUR.N,2026-09-16,Total,Over 1 and up to 5 years initial rate fixation,n/a,nivel,media_ponderada_volumen,serie MIR.M.PT.B.A2D.I.R.A.2250.EUR.N
Portugal,credito_consumo_hogares_referencia,tipo | Bank interest rates - loans to households for other purposes with an interest rate fixation period of over one & up to five years (new business),3.06,pct_anual,2026-07,"BCE, ECB Data Portal, dataset MIR",https://data.ecb.europa.eu/data/datasets/MIR/MIR.MIR.M.PT.B.A2D.I.R.A.2250.EUR.N,2026-09-16,Total,Over 1 and up to 5 years initial rate fixation,n/a,nivel,media_ponderada_volumen,serie MIR.M.PT.B.A2D.I.R.A.2250.EUR.N
Portugal,credito_consumo_hogares_referencia,tipo | Bank interest rates - loans to households for other purposes with an interest rate fixation period of over five years (new business),5.38,pct_anual,2025-01,"BCE, ECB Data Portal, dataset MIR",https://data.ecb.europa.eu/data/datasets/MIR/MIR.MIR.M.PT.B.A2D.J.R.A.2250.EUR.N,2026-09-16,Total,Over 5 years initial rate fixation,n/a,nivel,media_ponderada_volumen,serie MIR.M.PT.B.A2D.J.R.A.2250.EUR.N
Portugal,credito_consumo_hogares_referencia,tipo | Bank interest rates - loans to households for other purposes with an interest rate fixation period of over five years (new business),5.66,pct_anual,2025-02,"BCE, ECB Data Portal, dataset MIR",https://data.ecb.europa.eu/data/datasets/MIR/MIR.MIR.M.PT.B.A2D.J.R.A.2250.EUR.N,2026-09-16,Total,Over 5 years initial rate fixation,n/a,nivel,media_ponderada_volumen,serie MIR.M.PT.B.A2D.J.R.A.2250.EUR.N
Portugal,credito_consumo_hogares_referencia,tipo | Bank interest rates - loans to households for other purposes with an interest rate fixation period of over five years (new business),5.84,pct_anual,2025-03,"BCE, ECB Data Portal, dataset MIR",https://data.ecb.europa.eu/data/datasets/MIR/MIR.MIR.M.PT.B.A2D.J.R.A.2250.EUR.N,2026-09-16,Total,Over 5 years initial rate fixation,n/a,nivel,media_ponderada_volumen,serie MIR.M.PT.B.A2D.J.R.A.2250.EUR.N
Portugal,credito_consumo_hogares_referencia,tipo | Bank interest rates - loans to households for other purposes with an interest rate fixation period of over five years (new business),5.46,pct_anual,2025-04,"BCE, ECB Data Portal, dataset MIR",https://data.ecb.europa.eu/data/datasets/MIR/MIR.MIR.M.PT.B.A2D.J.R.A.2250.EUR.N,2026-09-16,Total,Over 5 years initial rate fixation,n/a,nivel,media_ponderada_volumen,serie MIR.M.PT.B.A2D.J.R.A.2250.EUR.N
Portugal,credito_consumo_hogares_referencia,tipo | Bank interest rates - loans to households for other purposes with an interest rate fixation period of over five years (new business),5.55,pct_anual,2025-05,"BCE, ECB Data Portal, dataset MIR",https://data.ecb.europa.eu/data/datasets/MIR/MIR.MIR.M.PT.B.A2D.J.R.A.2250.EUR.N,2026-09-16,Total,Over 5 years initial rate fixation,n/a,nivel,media_ponderada_volumen,serie MIR.M.PT.B.A2D.J.R.A.2250.EUR.N
Portugal,credito_consumo_hogares_referencia,tipo | Bank interest rates - loans to households for other purposes with an interest rate fixation period of over five years (new business),5.46,pct_anual,2025-06,"BCE, ECB Data Portal, dataset MIR",https://data.ecb.europa.eu/data/datasets/MIR/MIR.MIR.M.PT.B.A2D.J.R.A.2250.EUR.N,2026-09-16,Total,Over 5 years initial rate fixation,n/a,nivel,media_ponderada_volumen,serie MIR.M.PT.B.A2D.J.R.A.2250.EUR.N
Portugal,credito_consumo_hogares_referencia,tipo | Bank interest rates - loans to households for other purposes with an interest rate fixation period of over five years (new business),5.54,pct_anual,2025-07,"BCE, ECB Data Portal, dataset MIR",https://data.ecb.europa.eu/data/datasets/MIR/MIR.MIR.M.PT.B.A2D.J.R.A.2250.EUR.N,2026-09-16,Total,Over 5 years initial rate fixation,n/a,nivel,media_ponderada_volumen,serie MIR.M.PT.B.A2D.J.R.A.2250.EUR.N
Portugal,credito_consumo_hogares_referencia,tipo | Bank interest rates - loans to households for other purposes with an interest rate fixation period of over five years (new business),5.83,pct_anual,2025-08,"BCE, ECB Data Portal, dataset MIR",https://data.ecb.europa.eu/data/datasets/MIR/MIR.MIR.M.PT.B.A2D.J.R.A.2250.EUR.N,2026-09-16,Total,Over 5 years initial rate fixation,n/a,nivel,media_ponderada_volumen,serie MIR.M.PT.B.A2D.J.R.A.2250.EUR.N
Portugal,credito_consumo_hogares_referencia,tipo | Bank interest rates - loans to households for other purposes with an interest rate fixation period of over five years (new business),5.79,pct_anual,2025-09,"BCE, ECB Data Portal, dataset MIR",https://data.ecb.europa.eu/data/datasets/MIR/MIR.MIR.M.PT.B.A2D.J.R.A.2250.EUR.N,2026-09-16,Total,Over 5 years initial rate fixation,n/a,nivel,media_ponderada_volumen,serie MIR.M.PT.B.A2D.J.R.A.2250.EUR.N
Portugal,credito_consumo_hogares_referencia,tipo | Bank interest rates - loans to households for other purposes with an interest rate fixation period of over five years (new business),5.62,pct_anual,2025-10,"BCE, ECB Data Portal, dataset MIR",https://data.ecb.europa.eu/data/datasets/MIR/MIR.MIR.M.PT.B.A2D.J.R.A.2250.EUR.N,2026-09-16,Total,Over 5 years initial rate fixation,n/a,nivel,media_ponderada_volumen,serie MIR.M.PT.B.A2D.J.R.A.2250.EUR.N
Portugal,credito_consumo_hogares_referencia,tipo | Bank interest rates - loans to households for other purposes with an interest rate fixation period of over five years (new business),5.32,pct_anual,2025-11,"BCE, ECB Data Portal, dataset MIR",https://data.ecb.europa.eu/data/datasets/MIR/MIR.MIR.M.PT.B.A2D.J.R.A.2250.EUR.N,2026-09-16,Total,Over 5 years initial rate fixation,n/a,nivel,media_ponderada_volumen,serie MIR.M.PT.B.A2D.J.R.A.2250.EUR.N
Portugal,credito_consumo_hogares_referencia,tipo | Bank interest rates - loans to households for other purposes with an interest rate fixation period of over five years (new business),5.32,pct_anual,2025-12,"BCE, ECB Data Portal, dataset MIR",https://data.ecb.europa.eu/data/datasets/MIR/MIR.MIR.M.PT.B.A2D.J.R.A.2250.EUR.N,2026-09-16,Total,Over 5 years initial rate fixation,n/a,nivel,media_ponderada_volumen,serie MIR.M.PT.B.A2D.J.R.A.2250.EUR.N
Portugal,credito_consumo_hogares_referencia,tipo | Bank interest rates - loans to households for other purposes with an interest rate fixation period of over five years (new business),5.65,pct_anual,2026-01,"BCE, ECB Data Portal, dataset MIR",https://data.ecb.europa.eu/data/datasets/MIR/MIR.MIR.M.PT.B.A2D.J.R.A.2250.EUR.N,2026-09-16,Total,Over 5 years initial rate fixation,n/a,nivel,media_ponderada_volumen,serie MIR.M.PT.B.A2D.J.R.A.2250.EUR.N
Portugal,credito_consumo_hogares_referencia,tipo | Bank interest rates - loans to households for other purposes with an interest rate fixation period of over five years (new business),5.77,pct_anual,2026-02,"BCE, ECB Data Portal, dataset MIR",https://data.ecb.europa.eu/data/datasets/MIR/MIR.MIR.M.PT.B.A2D.J.R.A.2250.EUR.N,2026-09-16,Total,Over 5 years initial rate fixation,n/a,nivel,media_ponderada_volumen,serie MIR.M.PT.B.A2D.J.R.A.2250.EUR.N
Portugal,credito_consumo_hogares_referencia,tipo | Bank interest rates - loans to households for other purposes with an interest rate fixation period of over five years (new business),5.98,pct_anual,2026-03,"BCE, ECB Data Portal, dataset MIR",https://data.ecb.europa.eu/data/datasets/MIR/MIR.MIR.M.PT.B.A2D.J.R.A.2250.EUR.N,2026-09-16,Total,Over 5 years initial rate fixation,n/a,nivel,media_ponderada_volumen,serie MIR.M.PT.B.A2D.J.R.A.2250.EUR.N
Portugal,credito_consumo_hogares_referencia,tipo | Bank interest rates - loans to households for other purposes with an interest rate fixation period of over five years (new business),6.4,pct_anual,2026-04,"BCE, ECB Data Portal, dataset MIR",https://data.ecb.europa.eu/data/datasets/MIR/MIR.MIR.M.PT.B.A2D.J.R.A.2250.EUR.N,2026-09-16,Total,Over 5 years initial rate fixation,n/a,nivel,media_ponderada_volumen,serie MIR.M.PT.B.A2D.J.R.A.2250.EUR.N
Portugal,credito_consumo_hogares_referencia,tipo | Bank interest rates - loans to households for other purposes with an interest rate fixation period of over five years (new business),6.51,pct_anual,2026-05,"BCE, ECB Data Portal, dataset MIR",https://data.ecb.europa.eu/data/datasets/MIR/MIR.MIR.M.PT.B.A2D.J.R.A.2250.EUR.N,2026-09-16,Total,Over 5 years initial rate fixation,n/a,nivel,media_ponderada_volumen,serie MIR.M.PT.B.A2D.J.R.A.2250.EUR.N
Portugal,credito_consumo_hogares_referencia,tipo | Bank interest rates - loans to households for other purposes with an interest rate fixation period of over five years (new business),6.52,pct_anual,2026-06,"BCE, ECB Data Portal, dataset MIR",https://data.ecb.europa.eu/data/datasets/MIR/MIR.MIR.M.PT.B.A2D.J.R.A.2250.EUR.N,2026-09-16,Total,Over 5 years initial rate fixation,n/a,nivel,media_ponderada_volumen,serie MIR.M.PT.B.A2D.J.R.A.2250.EUR.N
Portugal,credito_consumo_hogares_referencia,tipo | Bank interest rates - loans to households for other purposes with an interest rate fixation period of over five years (new business),6.71,pct_anual,2026-07,"BCE, ECB Data Portal, dataset MIR",https://data.ecb.europa.eu/data/datasets/MIR/MIR.MIR.M.PT.B.A2D.J.R.A.2250.EUR.N,2026-09-16,Total,Over 5 years initial rate fixation,n/a,nivel,media_ponderada_volumen,serie MIR.M.PT.B.A2D.J.R.A.2250.EUR.N
Portugal,credito_consumo_hogares_referencia,tipo | Bank interest rates - loans to households for other purposes with an interest rate fixation period of over one year (new business),3.79,pct_anual,2025-01,"BCE, ECB Data Portal, dataset MIR",https://data.ecb.europa.eu/data/datasets/MIR/MIR.MIR.M.PT.B.A2D.K.R.A.2250.EUR.N,2026-09-16,Total,Over 1 year initial rate fixation,n/a,nivel,media_ponderada_volumen,serie MIR.M.PT.B.A2D.K.R.A.2250.EUR.N
Portugal,credito_consumo_hogares_referencia,tipo | Bank interest rates - loans to households for other purposes with an interest rate fixation period of over one year (new business),3.76,pct_anual,2025-02,"BCE, ECB Data Portal, dataset MIR",https://data.ecb.europa.eu/data/datasets/MIR/MIR.MIR.M.PT.B.A2D.K.R.A.2250.EUR.N,2026-09-16,Total,Over 1 year initial rate fixation,n/a,nivel,media_ponderada_volumen,serie MIR.M.PT.B.A2D.K.R.A.2250.EUR.N
Portugal,credito_consumo_hogares_referencia,tipo | Bank interest rates - loans to households for other purposes with an interest rate fixation period of over one year (new business),3.79,pct_anual,2025-03,"BCE, ECB Data Portal, dataset MIR",https://data.ecb.europa.eu/data/datasets/MIR/MIR.MIR.M.PT.B.A2D.K.R.A.2250.EUR.N,2026-09-16,Total,Over 1 year initial rate fixation,n/a,nivel,media_ponderada_volumen,serie MIR.M.PT.B.A2D.K.R.A.2250.EUR.N
Portugal,credito_consumo_hogares_referencia,tipo | Bank interest rates - loans to households for other purposes with an interest rate fixation period of over one year (new business),3.66,pct_anual,2025-04,"BCE, ECB Data Portal, dataset MIR",https://data.ecb.europa.eu/data/datasets/MIR/MIR.MIR.M.PT.B.A2D.K.R.A.2250.EUR.N,2026-09-16,Total,Over 1 year initial rate fixation,n/a,nivel,media_ponderada_volumen,serie MIR.M.PT.B.A2D.K.R.A.2250.EUR.N
Portugal,credito_consumo_hogares_referencia,tipo | Bank interest rates - loans to households for other purposes with an interest rate fixation period of over one year (new business),3.69,pct_anual,2025-05,"BCE, ECB Data Portal, dataset MIR",https://data.ecb.europa.eu/data/datasets/MIR/MIR.MIR.M.PT.B.A2D.K.R.A.2250.EUR.N,2026-09-16,Total,Over 1 year initial rate fixation,n/a,nivel,media_ponderada_volumen,serie MIR.M.PT.B.A2D.K.R.A.2250.EUR.N
Portugal,credito_consumo_hogares_referencia,tipo | Bank interest rates - loans to households for other purposes with an interest rate fixation period of over one year (new business),3.62,pct_anual,2025-06,"BCE, ECB Data Portal, dataset MIR",https://data.ecb.europa.eu/data/datasets/MIR/MIR.MIR.M.PT.B.A2D.K.R.A.2250.EUR.N,2026-09-16,Total,Over 1 year initial rate fixation,n/a,nivel,media_ponderada_volumen,serie MIR.M.PT.B.A2D.K.R.A.2250.EUR.N
Portugal,credito_consumo_hogares_referencia,tipo | Bank interest rates - loans to households for other purposes with an interest rate fixation period of over one year (new business),3.62,pct_anual,2025-07,"BCE, ECB Data Portal, dataset MIR",https://data.ecb.europa.eu/data/datasets/MIR/MIR.MIR.M.PT.B.A2D.K.R.A.2250.EUR.N,2026-09-16,Total,Over 1 year initial rate fixation,n/a,nivel,media_ponderada_volumen,serie MIR.M.PT.B.A2D.K.R.A.2250.EUR.N
Portugal,credito_consumo_hogares_referencia,tipo | Bank interest rates - loans to households for other purposes with an interest rate fixation period of over one year (new business),3.65,pct_anual,2025-08,"BCE, ECB Data Portal, dataset MIR",https://data.ecb.europa.eu/data/datasets/MIR/MIR.MIR.M.PT.B.A2D.K.R.A.2250.EUR.N,2026-09-16,Total,Over 1 year initial rate fixation,n/a,nivel,media_ponderada_volumen,serie MIR.M.PT.B.A2D.K.R.A.2250.EUR.N
Portugal,credito_consumo_hogares_referencia,tipo | Bank interest rates - loans to households for other purposes with an interest rate fixation period of over one year (new business),3.65,pct_anual,2025-09,"BCE, ECB Data Portal, dataset MIR",https://data.ecb.europa.eu/data/datasets/MIR/MIR.MIR.M.PT.B.A2D.K.R.A.2250.EUR.N,2026-09-16,Total,Over 1 year initial rate fixation,n/a,nivel,media_ponderada_volumen,serie MIR.M.PT.B.A2D.K.R.A.2250.EUR.N
Portugal,credito_consumo_hogares_referencia,tipo | Bank interest rates - loans to households for other purposes with an interest rate fixation period of over one year (new business),3.6,pct_anual,2025-10,"BCE, ECB Data Portal, dataset MIR",https://data.ecb.europa.eu/data/datasets/MIR/MIR.MIR.M.PT.B.A2D.K.R.A.2250.EUR.N,2026-09-16,Total,Over 1 year initial rate fixation,n/a,nivel,media_ponderada_volumen,serie MIR.M.PT.B.A2D.K.R.A.2250.EUR.N
Portugal,credito_consumo_hogares_referencia,tipo | Bank interest rates - loans to households for other purposes with an interest rate fixation period of over one year (new business),3.44,pct_anual,2025-11,"BCE, ECB Data Portal, dataset MIR",https://data.ecb.europa.eu/data/datasets/MIR/MIR.MIR.M.PT.B.A2D.K.R.A.2250.EUR.N,2026-09-16,Total,Over 1 year initial rate fixation,n/a,nivel,media_ponderada_volumen,serie MIR.M.PT.B.A2D.K.R.A.2250.EUR.N
Portugal,credito_consumo_hogares_referencia,tipo | Bank interest rates - loans to households for other purposes with an interest rate fixation period of over one year (new business),3.46,pct_anual,2025-12,"BCE, ECB Data Portal, dataset MIR",https://data.ecb.europa.eu/data/datasets/MIR/MIR.MIR.M.PT.B.A2D.K.R.A.2250.EUR.N,2026-09-16,Total,Over 1 year initial rate fixation,n/a,nivel,media_ponderada_volumen,serie MIR.M.PT.B.A2D.K.R.A.2250.EUR.N
Portugal,credito_consumo_hogares_referencia,tipo | Bank interest rates - loans to households for other purposes with an interest rate fixation period of over one year (new business),3.45,pct_anual,2026-01,"BCE, ECB Data Portal, dataset MIR",https://data.ecb.europa.eu/data/datasets/MIR/MIR.MIR.M.PT.B.A2D.K.R.A.2250.EUR.N,2026-09-16,Total,Over 1 year initial rate fixation,n/a,nivel,media_ponderada_volumen,serie MIR.M.PT.B.A2D.K.R.A.2250.EUR.N
Portugal,credito_consumo_hogares_referencia,tipo | Bank interest rates - loans to households for other purposes with an interest rate fixation period of over one year (new business),3.41,pct_anual,2026-02,"BCE, ECB Data Portal, dataset MIR",https://data.ecb.europa.eu/data/datasets/MIR/MIR.MIR.M.PT.B.A2D.K.R.A.2250.EUR.N,2026-09-16,Total,Over 1 year initial rate fixation,n/a,nivel,media_ponderada_volumen,serie MIR.M.PT.B.A2D.K.R.A.2250.EUR.N
Portugal,credito_consumo_hogares_referencia,tipo | Bank interest rates - loans to households for other purposes with an interest rate fixation period of over one year (new business),3.38,pct_anual,2026-03,"BCE, ECB Data Portal, dataset MIR",https://data.ecb.europa.eu/data/datasets/MIR/MIR.MIR.M.PT.B.A2D.K.R.A.2250.EUR.N,2026-09-16,Total,Over 1 year initial rate fixation,n/a,nivel,media_ponderada_volumen,serie MIR.M.PT.B.A2D.K.R.A.2250.EUR.N
Portugal,credito_consumo_hogares_referencia,tipo | Bank interest rates - loans to households for other purposes with an interest rate fixation period of over one year (new business),3.48,pct_anual,2026-04,"BCE, ECB Data Portal, dataset MIR",https://data.ecb.europa.eu/data/datasets/MIR/MIR.MIR.M.PT.B.A2D.K.R.A.2250.EUR.N,2026-09-16,Total,Over 1 year initial rate fixation,n/a,nivel,media_ponderada_volumen,serie MIR.M.PT.B.A2D.K.R.A.2250.EUR.N
Portugal,credito_consumo_hogares_referencia,tipo | Bank interest rates - loans to households for other purposes with an interest rate fixation period of over one year (new business),3.48,pct_anual,2026-05,"BCE, ECB Data Portal, dataset MIR",https://data.ecb.europa.eu/data/datasets/MIR/MIR.MIR.M.PT.B.A2D.K.R.A.2250.EUR.N,2026-09-16,Total,Over 1 year initial rate fixation,n/a,nivel,media_ponderada_volumen,serie MIR.M.PT.B.A2D.K.R.A.2250.EUR.N
Portugal,credito_consumo_hogares_referencia,tipo | Bank interest rates - loans to households for other purposes with an interest rate fixation period of over one year (new business),3.53,pct_anual,2026-06,"BCE, ECB Data Portal, dataset MIR",https://data.ecb.europa.eu/data/datasets/MIR/MIR.MIR.M.PT.B.A2D.K.R.A.2250.EUR.N,2026-09-16,Total,Over 1 year initial rate fixation,n/a,nivel,media_ponderada_volumen,serie MIR.M.PT.B.A2D.K.R.A.2250.EUR.N
Portugal,credito_consumo_hogares_referencia,tipo | Bank interest rates - loans to households for other purposes with an interest rate fixation period of over one year (new business),3.6,pct_anual,2026-07,"BCE, ECB Data Portal, dataset MIR",https://data.ecb.europa.eu/data/datasets/MIR/MIR.MIR.M.PT.B.A2D.K.R.A.2250.EUR.N,2026-09-16,Total,Over 1 year initial rate fixation,n/a,nivel,media_ponderada_volumen,serie MIR.M.PT.B.A2D.K.R.A.2250.EUR.N
Portugal,credito_consumo_hogares_referencia,volumen | Bank business volumes - loans to households for other purposes (new business),249.77,eur_millones,2025-01,"BCE, ECB Data Portal, dataset MIR",https://data.ecb.europa.eu/data/datasets/MIR/MIR.MIR.M.PT.B.A2D.A.B.A.2250.EUR.N,2026-09-16,Total,Total initial rate fixation,n/a,volumen,dato_unico,serie MIR.M.PT.B.A2D.A.B.A.2250.EUR.N
Portugal,credito_consumo_hogares_referencia,volumen | Bank business volumes - loans to households for other purposes (new business),271.53,eur_millones,2025-02,"BCE, ECB Data Portal, dataset MIR",https://data.ecb.europa.eu/data/datasets/MIR/MIR.MIR.M.PT.B.A2D.A.B.A.2250.EUR.N,2026-09-16,Total,Total initial rate fixation,n/a,volumen,dato_unico,serie MIR.M.PT.B.A2D.A.B.A.2250.EUR.N
Portugal,credito_consumo_hogares_referencia,volumen | Bank business volumes - loans to households for other purposes (new business),306.35,eur_millones,2025-03,"BCE, ECB Data Portal, dataset MIR",https://data.ecb.europa.eu/data/datasets/MIR/MIR.MIR.M.PT.B.A2D.A.B.A.2250.EUR.N,2026-09-16,Total,Total initial rate fixation,n/a,volumen,dato_unico,serie MIR.M.PT.B.A2D.A.B.A.2250.EUR.N
Portugal,credito_consumo_hogares_referencia,volumen | Bank business volumes - loans to households for other purposes (new business),267.65,eur_millones,2025-04,"BCE, ECB Data Portal, dataset MIR",https://data.ecb.europa.eu/data/datasets/MIR/MIR.MIR.M.PT.B.A2D.A.B.A.2250.EUR.N,2026-09-16,Total,Total initial rate fixation,n/a,volumen,dato_unico,serie MIR.M.PT.B.A2D.A.B.A.2250.EUR.N
Portugal,credito_consumo_hogares_referencia,volumen | Bank business volumes - loans to households for other purposes (new business),293.03,eur_millones,2025-05,"BCE, ECB Data Portal, dataset MIR",https://data.ecb.europa.eu/data/datasets/MIR/MIR.MIR.M.PT.B.A2D.A.B.A.2250.EUR.N,2026-09-16,Total,Total initial rate fixation,n/a,volumen,dato_unico,serie MIR.M.PT.B.A2D.A.B.A.2250.EUR.N
Portugal,credito_consumo_hogares_referencia,volumen | Bank business volumes - loans to households for other purposes (new business),295.31,eur_millones,2025-06,"BCE, ECB Data Portal, dataset MIR",https://data.ecb.europa.eu/data/datasets/MIR/MIR.MIR.M.PT.B.A2D.A.B.A.2250.EUR.N,2026-09-16,Total,Total initial rate fixation,n/a,volumen,dato_unico,serie MIR.M.PT.B.A2D.A.B.A.2250.EUR.N
Portugal,credito_consumo_hogares_referencia,volumen | Bank business volumes - loans to households for other purposes (new business),320.86,eur_millones,2025-07,"BCE, ECB Data Portal, dataset MIR",https://data.ecb.europa.eu/data/datasets/MIR/MIR.MIR.M.PT.B.A2D.A.B.A.2250.EUR.N,2026-09-16,Total,Total initial rate fixation,n/a,volumen,dato_unico,serie MIR.M.PT.B.A2D.A.B.A.2250.EUR.N
Portugal,credito_consumo_hogares_referencia,volumen | Bank business volumes - loans to households for other purposes (new business),248.19,eur_millones,2025-08,"BCE, ECB Data Portal, dataset MIR",https://data.ecb.europa.eu/data/datasets/MIR/MIR.MIR.M.PT.B.A2D.A.B.A.2250.EUR.N,2026-09-16,Total,Total initial rate fixation,n/a,volumen,dato_unico,serie MIR.M.PT.B.A2D.A.B.A.2250.EUR.N
Portugal,credito_consumo_hogares_referencia,volumen | Bank business volumes - loans to households for other purposes (new business),292.77,eur_millones,2025-09,"BCE, ECB Data Portal, dataset MIR",https://data.ecb.europa.eu/data/datasets/MIR/MIR.MIR.M.PT.B.A2D.A.B.A.2250.EUR.N,2026-09-16,Total,Total initial rate fixation,n/a,volumen,dato_unico,serie MIR.M.PT.B.A2D.A.B.A.2250.EUR.N
Portugal,credito_consumo_hogares_referencia,volumen | Bank business volumes - loans to households for other purposes (new business),314.04,eur_millones,2025-10,"BCE, ECB Data Portal, dataset MIR",https://data.ecb.europa.eu/data/datasets/MIR/MIR.MIR.M.PT.B.A2D.A.B.A.2250.EUR.N,2026-09-16,Total,Total initial rate fixation,n/a,volumen,dato_unico,serie MIR.M.PT.B.A2D.A.B.A.2250.EUR.N
Portugal,credito_consumo_hogares_referencia,volumen | Bank business volumes - loans to households for other purposes (new business),294.64,eur_millones,2025-11,"BCE, ECB Data Portal, dataset MIR",https://data.ecb.europa.eu/data/datasets/MIR/MIR.MIR.M.PT.B.A2D.A.B.A.2250.EUR.N,2026-09-16,Total,Total initial rate fixation,n/a,volumen,dato_unico,serie MIR.M.PT.B.A2D.A.B.A.2250.EUR.N
Portugal,credito_consumo_hogares_referencia,volumen | Bank business volumes - loans to households for other purposes (new business),349.07,eur_millones,2025-12,"BCE, ECB Data Portal, dataset MIR",https://data.ecb.europa.eu/data/datasets/MIR/MIR.MIR.M.PT.B.A2D.A.B.A.2250.EUR.N,2026-09-16,Total,Total initial rate fixation,n/a,volumen,dato_unico,serie MIR.M.PT.B.A2D.A.B.A.2250.EUR.N
Portugal,credito_consumo_hogares_referencia,volumen | Bank business volumes - loans to households for other purposes (new business),282.62,eur_millones,2026-01,"BCE, ECB Data Portal, dataset MIR",https://data.ecb.europa.eu/data/datasets/MIR/MIR.MIR.M.PT.B.A2D.A.B.A.2250.EUR.N,2026-09-16,Total,Total initial rate fixation,n/a,volumen,dato_unico,serie MIR.M.PT.B.A2D.A.B.A.2250.EUR.N
Portugal,credito_consumo_hogares_referencia,volumen | Bank business volumes - loans to households for other purposes (new business),278.6,eur_millones,2026-02,"BCE, ECB Data Portal, dataset MIR",https://data.ecb.europa.eu/data/datasets/MIR/MIR.MIR.M.PT.B.A2D.A.B.A.2250.EUR.N,2026-09-16,Total,Total initial rate fixation,n/a,volumen,dato_unico,serie MIR.M.PT.B.A2D.A.B.A.2250.EUR.N
Portugal,credito_consumo_hogares_referencia,volumen | Bank business volumes - loans to households for other purposes (new business),370.69,eur_millones,2026-03,"BCE, ECB Data Portal, dataset MIR",https://data.ecb.europa.eu/data/datasets/MIR/MIR.MIR.M.PT.B.A2D.A.B.A.2250.EUR.N,2026-09-16,Total,Total initial rate fixation,n/a,volumen,dato_unico,serie MIR.M.PT.B.A2D.A.B.A.2250.EUR.N
Portugal,credito_consumo_hogares_referencia,volumen | Bank business volumes - loans to households for other purposes (new business),315.14,eur_millones,2026-04,"BCE, ECB Data Portal, dataset MIR",https://data.ecb.europa.eu/data/datasets/MIR/MIR.MIR.M.PT.B.A2D.A.B.A.2250.EUR.N,2026-09-16,Total,Total initial rate fixation,n/a,volumen,dato_unico,serie MIR.M.PT.B.A2D.A.B.A.2250.EUR.N
Portugal,credito_consumo_hogares_referencia,volumen | Bank business volumes - loans to households for other purposes (new business),323.55,eur_millones,2026-05,"BCE, ECB Data Portal, dataset MIR",https://data.ecb.europa.eu/data/datasets/MIR/MIR.MIR.M.PT.B.A2D.A.B.A.2250.EUR.N,2026-09-16,Total,Total initial rate fixation,n/a,volumen,dato_unico,serie MIR.M.PT.B.A2D.A.B.A.2250.EUR.N
Portugal,credito_consumo_hogares_referencia,volumen | Bank business volumes - loans to households for other purposes (new business),335.66,eur_millones,2026-06,"BCE, ECB Data Portal, dataset MIR",https://data.ecb.europa.eu/data/datasets/MIR/MIR.MIR.M.PT.B.A2D.A.B.A.2250.EUR.N,2026-09-16,Total,Total initial rate fixation,n/a,volumen,dato_unico,serie MIR.M.PT.B.A2D.A.B.A.2250.EUR.N
Portugal,credito_consumo_hogares_referencia,volumen | Bank business volumes - loans to households for other purposes (new business),340.32,eur_millones,2026-07,"BCE, ECB Data Portal, dataset MIR",https://data.ecb.europa.eu/data/datasets/MIR/MIR.MIR.M.PT.B.A2D.A.B.A.2250.EUR.N,2026-09-16,Total,Total initial rate fixation,n/a,volumen,dato_unico,serie MIR.M.PT.B.A2D.A.B.A.2250.EUR.N
Paises Bajos,credito_consumo_hogares_referencia,tipo | Bank interest rates - loans to households for other purposes (new business),4.64,pct_anual,2025-01,"BCE, ECB Data Portal, dataset MIR",https://data.ecb.europa.eu/data/datasets/MIR/MIR.MIR.M.NL.B.A2D.A.R.A.2250.EUR.N,2026-09-16,Total,Total initial rate fixation,n/a,nivel,media_ponderada_volumen,serie MIR.M.NL.B.A2D.A.R.A.2250.EUR.N
Paises Bajos,credito_consumo_hogares_referencia,tipo | Bank interest rates - loans to households for other purposes (new business),4.77,pct_anual,2025-02,"BCE, ECB Data Portal, dataset MIR",https://data.ecb.europa.eu/data/datasets/MIR/MIR.MIR.M.NL.B.A2D.A.R.A.2250.EUR.N,2026-09-16,Total,Total initial rate fixation,n/a,nivel,media_ponderada_volumen,serie MIR.M.NL.B.A2D.A.R.A.2250.EUR.N
Paises Bajos,credito_consumo_hogares_referencia,tipo | Bank interest rates - loans to households for other purposes (new business),4.7,pct_anual,2025-03,"BCE, ECB Data Portal, dataset MIR",https://data.ecb.europa.eu/data/datasets/MIR/MIR.MIR.M.NL.B.A2D.A.R.A.2250.EUR.N,2026-09-16,Total,Total initial rate fixation,n/a,nivel,media_ponderada_volumen,serie MIR.M.NL.B.A2D.A.R.A.2250.EUR.N
Paises Bajos,credito_consumo_hogares_referencia,tipo | Bank interest rates - loans to households for other purposes (new business),4.72,pct_anual,2025-04,"BCE, ECB Data Portal, dataset MIR",https://data.ecb.europa.eu/data/datasets/MIR/MIR.MIR.M.NL.B.A2D.A.R.A.2250.EUR.N,2026-09-16,Total,Total initial rate fixation,n/a,nivel,media_ponderada_volumen,serie MIR.M.NL.B.A2D.A.R.A.2250.EUR.N
Paises Bajos,credito_consumo_hogares_referencia,tipo | Bank interest rates - loans to households for other purposes (new business),4.72,pct_anual,2025-05,"BCE, ECB Data Portal, dataset MIR",https://data.ecb.europa.eu/data/datasets/MIR/MIR.MIR.M.NL.B.A2D.A.R.A.2250.EUR.N,2026-09-16,Total,Total initial rate fixation,n/a,nivel,media_ponderada_volumen,serie MIR.M.NL.B.A2D.A.R.A.2250.EUR.N
Paises Bajos,credito_consumo_hogares_referencia,tipo | Bank interest rates - loans to households for other purposes (new business),4.61,pct_anual,2025-06,"BCE, ECB Data Portal, dataset MIR",https://data.ecb.europa.eu/data/datasets/MIR/MIR.MIR.M.NL.B.A2D.A.R.A.2250.EUR.N,2026-09-16,Total,Total initial rate fixation,n/a,nivel,media_ponderada_volumen,serie MIR.M.NL.B.A2D.A.R.A.2250.EUR.N
Paises Bajos,credito_consumo_hogares_referencia,tipo | Bank interest rates - loans to households for other purposes (new business),4.4,pct_anual,2025-07,"BCE, ECB Data Portal, dataset MIR",https://data.ecb.europa.eu/data/datasets/MIR/MIR.MIR.M.NL.B.A2D.A.R.A.2250.EUR.N,2026-09-16,Total,Total initial rate fixation,n/a,nivel,media_ponderada_volumen,serie MIR.M.NL.B.A2D.A.R.A.2250.EUR.N
Paises Bajos,credito_consumo_hogares_referencia,tipo | Bank interest rates - loans to households for other purposes (new business),4.57,pct_anual,2025-08,"BCE, ECB Data Portal, dataset MIR",https://data.ecb.europa.eu/data/datasets/MIR/MIR.MIR.M.NL.B.A2D.A.R.A.2250.EUR.N,2026-09-16,Total,Total initial rate fixation,n/a,nivel,media_ponderada_volumen,serie MIR.M.NL.B.A2D.A.R.A.2250.EUR.N
Paises Bajos,credito_consumo_hogares_referencia,tipo | Bank interest rates - loans to households for other purposes (new business),4.48,pct_anual,2025-09,"BCE, ECB Data Portal, dataset MIR",https://data.ecb.europa.eu/data/datasets/MIR/MIR.MIR.M.NL.B.A2D.A.R.A.2250.EUR.N,2026-09-16,Total,Total initial rate fixation,n/a,nivel,media_ponderada_volumen,serie MIR.M.NL.B.A2D.A.R.A.2250.EUR.N
Paises Bajos,credito_consumo_hogares_referencia,tipo | Bank interest rates - loans to households for other purposes (new business),4.45,pct_anual,2025-10,"BCE, ECB Data Portal, dataset MIR",https://data.ecb.europa.eu/data/datasets/MIR/MIR.MIR.M.NL.B.A2D.A.R.A.2250.EUR.N,2026-09-16,Total,Total initial rate fixation,n/a,nivel,media_ponderada_volumen,serie MIR.M.NL.B.A2D.A.R.A.2250.EUR.N
Paises Bajos,credito_consumo_hogares_referencia,tipo | Bank interest rates - loans to households for other purposes (new business),4.52,pct_anual,2025-11,"BCE, ECB Data Portal, dataset MIR",https://data.ecb.europa.eu/data/datasets/MIR/MIR.MIR.M.NL.B.A2D.A.R.A.2250.EUR.N,2026-09-16,Total,Total initial rate fixation,n/a,nivel,media_ponderada_volumen,serie MIR.M.NL.B.A2D.A.R.A.2250.EUR.N
Paises Bajos,credito_consumo_hogares_referencia,tipo | Bank interest rates - loans to households for other purposes (new business),4.4,pct_anual,2025-12,"BCE, ECB Data Portal, dataset MIR",https://data.ecb.europa.eu/data/datasets/MIR/MIR.MIR.M.NL.B.A2D.A.R.A.2250.EUR.N,2026-09-16,Total,Total initial rate fixation,n/a,nivel,media_ponderada_volumen,serie MIR.M.NL.B.A2D.A.R.A.2250.EUR.N
Paises Bajos,credito_consumo_hogares_referencia,tipo | Bank interest rates - loans to households for other purposes (new business),4.56,pct_anual,2026-01,"BCE, ECB Data Portal, dataset MIR",https://data.ecb.europa.eu/data/datasets/MIR/MIR.MIR.M.NL.B.A2D.A.R.A.2250.EUR.N,2026-09-16,Total,Total initial rate fixation,n/a,nivel,media_ponderada_volumen,serie MIR.M.NL.B.A2D.A.R.A.2250.EUR.N
Paises Bajos,credito_consumo_hogares_referencia,tipo | Bank interest rates - loans to households for other purposes (new business),4.48,pct_anual,2026-02,"BCE, ECB Data Portal, dataset MIR",https://data.ecb.europa.eu/data/datasets/MIR/MIR.MIR.M.NL.B.A2D.A.R.A.2250.EUR.N,2026-09-16,Total,Total initial rate fixation,n/a,nivel,media_ponderada_volumen,serie MIR.M.NL.B.A2D.A.R.A.2250.EUR.N
Paises Bajos,credito_consumo_hogares_referencia,tipo | Bank interest rates - loans to households for other purposes (new business),4.54,pct_anual,2026-03,"BCE, ECB Data Portal, dataset MIR",https://data.ecb.europa.eu/data/datasets/MIR/MIR.MIR.M.NL.B.A2D.A.R.A.2250.EUR.N,2026-09-16,Total,Total initial rate fixation,n/a,nivel,media_ponderada_volumen,serie MIR.M.NL.B.A2D.A.R.A.2250.EUR.N
Paises Bajos,credito_consumo_hogares_referencia,tipo | Bank interest rates - loans to households for other purposes (new business),4.51,pct_anual,2026-04,"BCE, ECB Data Portal, dataset MIR",https://data.ecb.europa.eu/data/datasets/MIR/MIR.MIR.M.NL.B.A2D.A.R.A.2250.EUR.N,2026-09-16,Total,Total initial rate fixation,n/a,nivel,media_ponderada_volumen,serie MIR.M.NL.B.A2D.A.R.A.2250.EUR.N
Paises Bajos,credito_consumo_hogares_referencia,tipo | Bank interest rates - loans to households for other purposes (new business),4.75,pct_anual,2026-05,"BCE, ECB Data Portal, dataset MIR",https://data.ecb.europa.eu/data/datasets/MIR/MIR.MIR.M.NL.B.A2D.A.R.A.2250.EUR.N,2026-09-16,Total,Total initial rate fixation,n/a,nivel,media_ponderada_volumen,serie MIR.M.NL.B.A2D.A.R.A.2250.EUR.N
Paises Bajos,credito_consumo_hogares_referencia,tipo | Bank interest rates - loans to households for other purposes (new business),4.89,pct_anual,2026-06,"BCE, ECB Data Portal, dataset MIR",https://data.ecb.europa.eu/data/datasets/MIR/MIR.MIR.M.NL.B.A2D.A.R.A.2250.EUR.N,2026-09-16,Total,Total initial rate fixation,n/a,nivel,media_ponderada_volumen,serie MIR.M.NL.B.A2D.A.R.A.2250.EUR.N
Paises Bajos,credito_consumo_hogares_referencia,tipo | Bank interest rates - loans to households for other purposes (new business),4.74,pct_anual,2026-07,"BCE, ECB Data Portal, dataset MIR",https://data.ecb.europa.eu/data/datasets/MIR/MIR.MIR.M.NL.B.A2D.A.R.A.2250.EUR.N,2026-09-16,Total,Total initial rate fixation,n/a,nivel,media_ponderada_volumen,serie MIR.M.NL.B.A2D.A.R.A.2250.EUR.N
Paises Bajos,credito_consumo_hogares_referencia,tipo | Bank interest rates - loans to households for other purposes with a variable rate and an interest rate fixation period of up to one year (new business),4.96,pct_anual,2025-01,"BCE, ECB Data Portal, dataset MIR",https://data.ecb.europa.eu/data/datasets/MIR/MIR.MIR.M.NL.B.A2D.F.R.A.2250.EUR.N,2026-09-16,Total,Up to 1 year initial rate fixation,n/a,nivel,media_ponderada_volumen,serie MIR.M.NL.B.A2D.F.R.A.2250.EUR.N
Paises Bajos,credito_consumo_hogares_referencia,tipo | Bank interest rates - loans to households for other purposes with a variable rate and an interest rate fixation period of up to one year (new business),5.03,pct_anual,2025-02,"BCE, ECB Data Portal, dataset MIR",https://data.ecb.europa.eu/data/datasets/MIR/MIR.MIR.M.NL.B.A2D.F.R.A.2250.EUR.N,2026-09-16,Total,Up to 1 year initial rate fixation,n/a,nivel,media_ponderada_volumen,serie MIR.M.NL.B.A2D.F.R.A.2250.EUR.N
Paises Bajos,credito_consumo_hogares_referencia,tipo | Bank interest rates - loans to households for other purposes with a variable rate and an interest rate fixation period of up to one year (new business),4.78,pct_anual,2025-03,"BCE, ECB Data Portal, dataset MIR",https://data.ecb.europa.eu/data/datasets/MIR/MIR.MIR.M.NL.B.A2D.F.R.A.2250.EUR.N,2026-09-16,Total,Up to 1 year initial rate fixation,n/a,nivel,media_ponderada_volumen,serie MIR.M.NL.B.A2D.F.R.A.2250.EUR.N
Paises Bajos,credito_consumo_hogares_referencia,tipo | Bank interest rates - loans to households for other purposes with a variable rate and an interest rate fixation period of up to one year (new business),4.82,pct_anual,2025-04,"BCE, ECB Data Portal, dataset MIR",https://data.ecb.europa.eu/data/datasets/MIR/MIR.MIR.M.NL.B.A2D.F.R.A.2250.EUR.N,2026-09-16,Total,Up to 1 year initial rate fixation,n/a,nivel,media_ponderada_volumen,serie MIR.M.NL.B.A2D.F.R.A.2250.EUR.N
Paises Bajos,credito_consumo_hogares_referencia,tipo | Bank interest rates - loans to households for other purposes with a variable rate and an interest rate fixation period of up to one year (new business),4.82,pct_anual,2025-05,"BCE, ECB Data Portal, dataset MIR",https://data.ecb.europa.eu/data/datasets/MIR/MIR.MIR.M.NL.B.A2D.F.R.A.2250.EUR.N,2026-09-16,Total,Up to 1 year initial rate fixation,n/a,nivel,media_ponderada_volumen,serie MIR.M.NL.B.A2D.F.R.A.2250.EUR.N
Paises Bajos,credito_consumo_hogares_referencia,tipo | Bank interest rates - loans to households for other purposes with a variable rate and an interest rate fixation period of up to one year (new business),4.63,pct_anual,2025-06,"BCE, ECB Data Portal, dataset MIR",https://data.ecb.europa.eu/data/datasets/MIR/MIR.MIR.M.NL.B.A2D.F.R.A.2250.EUR.N,2026-09-16,Total,Up to 1 year initial rate fixation,n/a,nivel,media_ponderada_volumen,serie MIR.M.NL.B.A2D.F.R.A.2250.EUR.N
Paises Bajos,credito_consumo_hogares_referencia,tipo | Bank interest rates - loans to households for other purposes with a variable rate and an interest rate fixation period of up to one year (new business),4.36,pct_anual,2025-07,"BCE, ECB Data Portal, dataset MIR",https://data.ecb.europa.eu/data/datasets/MIR/MIR.MIR.M.NL.B.A2D.F.R.A.2250.EUR.N,2026-09-16,Total,Up to 1 year initial rate fixation,n/a,nivel,media_ponderada_volumen,serie MIR.M.NL.B.A2D.F.R.A.2250.EUR.N
Paises Bajos,credito_consumo_hogares_referencia,tipo | Bank interest rates - loans to households for other purposes with a variable rate and an interest rate fixation period of up to one year (new business),4.6,pct_anual,2025-08,"BCE, ECB Data Portal, dataset MIR",https://data.ecb.europa.eu/data/datasets/MIR/MIR.MIR.M.NL.B.A2D.F.R.A.2250.EUR.N,2026-09-16,Total,Up to 1 year initial rate fixation,n/a,nivel,media_ponderada_volumen,serie MIR.M.NL.B.A2D.F.R.A.2250.EUR.N
Paises Bajos,credito_consumo_hogares_referencia,tipo | Bank interest rates - loans to households for other purposes with a variable rate and an interest rate fixation period of up to one year (new business),4.54,pct_anual,2025-09,"BCE, ECB Data Portal, dataset MIR",https://data.ecb.europa.eu/data/datasets/MIR/MIR.MIR.M.NL.B.A2D.F.R.A.2250.EUR.N,2026-09-16,Total,Up to 1 year initial rate fixation,n/a,nivel,media_ponderada_volumen,serie MIR.M.NL.B.A2D.F.R.A.2250.EUR.N
Paises Bajos,credito_consumo_hogares_referencia,tipo | Bank interest rates - loans to households for other purposes with a variable rate and an interest rate fixation period of up to one year (new business),4.47,pct_anual,2025-10,"BCE, ECB Data Portal, dataset MIR",https://data.ecb.europa.eu/data/datasets/MIR/MIR.MIR.M.NL.B.A2D.F.R.A.2250.EUR.N,2026-09-16,Total,Up to 1 year initial rate fixation,n/a,nivel,media_ponderada_volumen,serie MIR.M.NL.B.A2D.F.R.A.2250.EUR.N
Paises Bajos,credito_consumo_hogares_referencia,tipo | Bank interest rates - loans to households for other purposes with a variable rate and an interest rate fixation period of up to one year (new business),4.64,pct_anual,2025-11,"BCE, ECB Data Portal, dataset MIR",https://data.ecb.europa.eu/data/datasets/MIR/MIR.MIR.M.NL.B.A2D.F.R.A.2250.EUR.N,2026-09-16,Total,Up to 1 year initial rate fixation,n/a,nivel,media_ponderada_volumen,serie MIR.M.NL.B.A2D.F.R.A.2250.EUR.N
Paises Bajos,credito_consumo_hogares_referencia,tipo | Bank interest rates - loans to households for other purposes with a variable rate and an interest rate fixation period of up to one year (new business),4.55,pct_anual,2025-12,"BCE, ECB Data Portal, dataset MIR",https://data.ecb.europa.eu/data/datasets/MIR/MIR.MIR.M.NL.B.A2D.F.R.A.2250.EUR.N,2026-09-16,Total,Up to 1 year initial rate fixation,n/a,nivel,media_ponderada_volumen,serie MIR.M.NL.B.A2D.F.R.A.2250.EUR.N
Paises Bajos,credito_consumo_hogares_referencia,tipo | Bank interest rates - loans to households for other purposes with a variable rate and an interest rate fixation period of up to one year (new business),4.61,pct_anual,2026-01,"BCE, ECB Data Portal, dataset MIR",https://data.ecb.europa.eu/data/datasets/MIR/MIR.MIR.M.NL.B.A2D.F.R.A.2250.EUR.N,2026-09-16,Total,Up to 1 year initial rate fixation,n/a,nivel,media_ponderada_volumen,serie MIR.M.NL.B.A2D.F.R.A.2250.EUR.N
Paises Bajos,credito_consumo_hogares_referencia,tipo | Bank interest rates - loans to households for other purposes with a variable rate and an interest rate fixation period of up to one year (new business),4.51,pct_anual,2026-02,"BCE, ECB Data Portal, dataset MIR",https://data.ecb.europa.eu/data/datasets/MIR/MIR.MIR.M.NL.B.A2D.F.R.A.2250.EUR.N,2026-09-16,Total,Up to 1 year initial rate fixation,n/a,nivel,media_ponderada_volumen,serie MIR.M.NL.B.A2D.F.R.A.2250.EUR.N
Paises Bajos,credito_consumo_hogares_referencia,tipo | Bank interest rates - loans to households for other purposes with a variable rate and an interest rate fixation period of up to one year (new business),4.73,pct_anual,2026-03,"BCE, ECB Data Portal, dataset MIR",https://data.ecb.europa.eu/data/datasets/MIR/MIR.MIR.M.NL.B.A2D.F.R.A.2250.EUR.N,2026-09-16,Total,Up to 1 year initial rate fixation,n/a,nivel,media_ponderada_volumen,serie MIR.M.NL.B.A2D.F.R.A.2250.EUR.N
Paises Bajos,credito_consumo_hogares_referencia,tipo | Bank interest rates - loans to households for other purposes with a variable rate and an interest rate fixation period of up to one year (new business),4.57,pct_anual,2026-04,"BCE, ECB Data Portal, dataset MIR",https://data.ecb.europa.eu/data/datasets/MIR/MIR.MIR.M.NL.B.A2D.F.R.A.2250.EUR.N,2026-09-16,Total,Up to 1 year initial rate fixation,n/a,nivel,media_ponderada_volumen,serie MIR.M.NL.B.A2D.F.R.A.2250.EUR.N
Paises Bajos,credito_consumo_hogares_referencia,tipo | Bank interest rates - loans to households for other purposes with a variable rate and an interest rate fixation period of up to one year (new business),4.75,pct_anual,2026-05,"BCE, ECB Data Portal, dataset MIR",https://data.ecb.europa.eu/data/datasets/MIR/MIR.MIR.M.NL.B.A2D.F.R.A.2250.EUR.N,2026-09-16,Total,Up to 1 year initial rate fixation,n/a,nivel,media_ponderada_volumen,serie MIR.M.NL.B.A2D.F.R.A.2250.EUR.N
Paises Bajos,credito_consumo_hogares_referencia,tipo | Bank interest rates - loans to households for other purposes with a variable rate and an interest rate fixation period of up to one year (new business),4.86,pct_anual,2026-06,"BCE, ECB Data Portal, dataset MIR",https://data.ecb.europa.eu/data/datasets/MIR/MIR.MIR.M.NL.B.A2D.F.R.A.2250.EUR.N,2026-09-16,Total,Up to 1 year initial rate fixation,n/a,nivel,media_ponderada_volumen,serie MIR.M.NL.B.A2D.F.R.A.2250.EUR.N
Paises Bajos,credito_consumo_hogares_referencia,tipo | Bank interest rates - loans to households for other purposes with a variable rate and an interest rate fixation period of up to one year (new business),4.58,pct_anual,2026-07,"BCE, ECB Data Portal, dataset MIR",https://data.ecb.europa.eu/data/datasets/MIR/MIR.MIR.M.NL.B.A2D.F.R.A.2250.EUR.N,2026-09-16,Total,Up to 1 year initial rate fixation,n/a,nivel,media_ponderada_volumen,serie MIR.M.NL.B.A2D.F.R.A.2250.EUR.N
Paises Bajos,credito_consumo_hogares_referencia,tipo | Bank interest rates - loans to households for other purposes with an interest rate fixation period of over one & up to five years (new business),4.61,pct_anual,2025-01,"BCE, ECB Data Portal, dataset MIR",https://data.ecb.europa.eu/data/datasets/MIR/MIR.MIR.M.NL.B.A2D.I.R.A.2250.EUR.N,2026-09-16,Total,Over 1 and up to 5 years initial rate fixation,n/a,nivel,media_ponderada_volumen,serie MIR.M.NL.B.A2D.I.R.A.2250.EUR.N
Paises Bajos,credito_consumo_hogares_referencia,tipo | Bank interest rates - loans to households for other purposes with an interest rate fixation period of over one & up to five years (new business),4.63,pct_anual,2025-02,"BCE, ECB Data Portal, dataset MIR",https://data.ecb.europa.eu/data/datasets/MIR/MIR.MIR.M.NL.B.A2D.I.R.A.2250.EUR.N,2026-09-16,Total,Over 1 and up to 5 years initial rate fixation,n/a,nivel,media_ponderada_volumen,serie MIR.M.NL.B.A2D.I.R.A.2250.EUR.N
Paises Bajos,credito_consumo_hogares_referencia,tipo | Bank interest rates - loans to households for other purposes with an interest rate fixation period of over one & up to five years (new business),4.72,pct_anual,2025-03,"BCE, ECB Data Portal, dataset MIR",https://data.ecb.europa.eu/data/datasets/MIR/MIR.MIR.M.NL.B.A2D.I.R.A.2250.EUR.N,2026-09-16,Total,Over 1 and up to 5 years initial rate fixation,n/a,nivel,media_ponderada_volumen,serie MIR.M.NL.B.A2D.I.R.A.2250.EUR.N
Paises Bajos,credito_consumo_hogares_referencia,tipo | Bank interest rates - loans to households for other purposes with an interest rate fixation period of over one & up to five years (new business),4.74,pct_anual,2025-04,"BCE, ECB Data Portal, dataset MIR",https://data.ecb.europa.eu/data/datasets/MIR/MIR.MIR.M.NL.B.A2D.I.R.A.2250.EUR.N,2026-09-16,Total,Over 1 and up to 5 years initial rate fixation,n/a,nivel,media_ponderada_volumen,serie MIR.M.NL.B.A2D.I.R.A.2250.EUR.N
Paises Bajos,credito_consumo_hogares_referencia,tipo | Bank interest rates - loans to households for other purposes with an interest rate fixation period of over one & up to five years (new business),4.7,pct_anual,2025-05,"BCE, ECB Data Portal, dataset MIR",https://data.ecb.europa.eu/data/datasets/MIR/MIR.MIR.M.NL.B.A2D.I.R.A.2250.EUR.N,2026-09-16,Total,Over 1 and up to 5 years initial rate fixation,n/a,nivel,media_ponderada_volumen,serie MIR.M.NL.B.A2D.I.R.A.2250.EUR.N
Paises Bajos,credito_consumo_hogares_referencia,tipo | Bank interest rates - loans to households for other purposes with an interest rate fixation period of over one & up to five years (new business),4.61,pct_anual,2025-06,"BCE, ECB Data Portal, dataset MIR",https://data.ecb.europa.eu/data/datasets/MIR/MIR.MIR.M.NL.B.A2D.I.R.A.2250.EUR.N,2026-09-16,Total,Over 1 and up to 5 years initial rate fixation,n/a,nivel,media_ponderada_volumen,serie MIR.M.NL.B.A2D.I.R.A.2250.EUR.N
Paises Bajos,credito_consumo_hogares_referencia,tipo | Bank interest rates - loans to households for other purposes with an interest rate fixation period of over one & up to five years (new business),4.49,pct_anual,2025-07,"BCE, ECB Data Portal, dataset MIR",https://data.ecb.europa.eu/data/datasets/MIR/MIR.MIR.M.NL.B.A2D.I.R.A.2250.EUR.N,2026-09-16,Total,Over 1 and up to 5 years initial rate fixation,n/a,nivel,media_ponderada_volumen,serie MIR.M.NL.B.A2D.I.R.A.2250.EUR.N
Paises Bajos,credito_consumo_hogares_referencia,tipo | Bank interest rates - loans to households for other purposes with an interest rate fixation period of over one & up to five years (new business),4.57,pct_anual,2025-08,"BCE, ECB Data Portal, dataset MIR",https://data.ecb.europa.eu/data/datasets/MIR/MIR.MIR.M.NL.B.A2D.I.R.A.2250.EUR.N,2026-09-16,Total,Over 1 and up to 5 years initial rate fixation,n/a,nivel,media_ponderada_volumen,serie MIR.M.NL.B.A2D.I.R.A.2250.EUR.N
Paises Bajos,credito_consumo_hogares_referencia,tipo | Bank interest rates - loans to households for other purposes with an interest rate fixation period of over one & up to five years (new business),4.46,pct_anual,2025-09,"BCE, ECB Data Portal, dataset MIR",https://data.ecb.europa.eu/data/datasets/MIR/MIR.MIR.M.NL.B.A2D.I.R.A.2250.EUR.N,2026-09-16,Total,Over 1 and up to 5 years initial rate fixation,n/a,nivel,media_ponderada_volumen,serie MIR.M.NL.B.A2D.I.R.A.2250.EUR.N
Paises Bajos,credito_consumo_hogares_referencia,tipo | Bank interest rates - loans to households for other purposes with an interest rate fixation period of over one & up to five years (new business),4.44,pct_anual,2025-10,"BCE, ECB Data Portal, dataset MIR",https://data.ecb.europa.eu/data/datasets/MIR/MIR.MIR.M.NL.B.A2D.I.R.A.2250.EUR.N,2026-09-16,Total,Over 1 and up to 5 years initial rate fixation,n/a,nivel,media_ponderada_volumen,serie MIR.M.NL.B.A2D.I.R.A.2250.EUR.N
Paises Bajos,credito_consumo_hogares_referencia,tipo | Bank interest rates - loans to households for other purposes with an interest rate fixation period of over one & up to five years (new business),4.5,pct_anual,2025-11,"BCE, ECB Data Portal, dataset MIR",https://data.ecb.europa.eu/data/datasets/MIR/MIR.MIR.M.NL.B.A2D.I.R.A.2250.EUR.N,2026-09-16,Total,Over 1 and up to 5 years initial rate fixation,n/a,nivel,media_ponderada_volumen,serie MIR.M.NL.B.A2D.I.R.A.2250.EUR.N
Paises Bajos,credito_consumo_hogares_referencia,tipo | Bank interest rates - loans to households for other purposes with an interest rate fixation period of over one & up to five years (new business),4.36,pct_anual,2025-12,"BCE, ECB Data Portal, dataset MIR",https://data.ecb.europa.eu/data/datasets/MIR/MIR.MIR.M.NL.B.A2D.I.R.A.2250.EUR.N,2026-09-16,Total,Over 1 and up to 5 years initial rate fixation,n/a,nivel,media_ponderada_volumen,serie MIR.M.NL.B.A2D.I.R.A.2250.EUR.N
Paises Bajos,credito_consumo_hogares_referencia,tipo | Bank interest rates - loans to households for other purposes with an interest rate fixation period of over one & up to five years (new business),4.57,pct_anual,2026-01,"BCE, ECB Data Portal, dataset MIR",https://data.ecb.europa.eu/data/datasets/MIR/MIR.MIR.M.NL.B.A2D.I.R.A.2250.EUR.N,2026-09-16,Total,Over 1 and up to 5 years initial rate fixation,n/a,nivel,media_ponderada_volumen,serie MIR.M.NL.B.A2D.I.R.A.2250.EUR.N
Paises Bajos,credito_consumo_hogares_referencia,tipo | Bank interest rates - loans to households for other purposes with an interest rate fixation period of over one & up to five years (new business),4.61,pct_anual,2026-02,"BCE, ECB Data Portal, dataset MIR",https://data.ecb.europa.eu/data/datasets/MIR/MIR.MIR.M.NL.B.A2D.I.R.A.2250.EUR.N,2026-09-16,Total,Over 1 and up to 5 years initial rate fixation,n/a,nivel,media_ponderada_volumen,serie MIR.M.NL.B.A2D.I.R.A.2250.EUR.N
Paises Bajos,credito_consumo_hogares_referencia,tipo | Bank interest rates - loans to households for other purposes with an interest rate fixation period of over one & up to five years (new business),4.62,pct_anual,2026-03,"BCE, ECB Data Portal, dataset MIR",https://data.ecb.europa.eu/data/datasets/MIR/MIR.MIR.M.NL.B.A2D.I.R.A.2250.EUR.N,2026-09-16,Total,Over 1 and up to 5 years initial rate fixation,n/a,nivel,media_ponderada_volumen,serie MIR.M.NL.B.A2D.I.R.A.2250.EUR.N
Paises Bajos,credito_consumo_hogares_referencia,tipo | Bank interest rates - loans to households for other purposes with an interest rate fixation period of over one & up to five years (new business),4.48,pct_anual,2026-04,"BCE, ECB Data Portal, dataset MIR",https://data.ecb.europa.eu/data/datasets/MIR/MIR.MIR.M.NL.B.A2D.I.R.A.2250.EUR.N,2026-09-16,Total,Over 1 and up to 5 years initial rate fixation,n/a,nivel,media_ponderada_volumen,serie MIR.M.NL.B.A2D.I.R.A.2250.EUR.N
Paises Bajos,credito_consumo_hogares_referencia,tipo | Bank interest rates - loans to households for other purposes with an interest rate fixation period of over one & up to five years (new business),4.79,pct_anual,2026-05,"BCE, ECB Data Portal, dataset MIR",https://data.ecb.europa.eu/data/datasets/MIR/MIR.MIR.M.NL.B.A2D.I.R.A.2250.EUR.N,2026-09-16,Total,Over 1 and up to 5 years initial rate fixation,n/a,nivel,media_ponderada_volumen,serie MIR.M.NL.B.A2D.I.R.A.2250.EUR.N
Paises Bajos,credito_consumo_hogares_referencia,tipo | Bank interest rates - loans to households for other purposes with an interest rate fixation period of over one & up to five years (new business),5.07,pct_anual,2026-06,"BCE, ECB Data Portal, dataset MIR",https://data.ecb.europa.eu/data/datasets/MIR/MIR.MIR.M.NL.B.A2D.I.R.A.2250.EUR.N,2026-09-16,Total,Over 1 and up to 5 years initial rate fixation,n/a,nivel,media_ponderada_volumen,serie MIR.M.NL.B.A2D.I.R.A.2250.EUR.N
Paises Bajos,credito_consumo_hogares_referencia,tipo | Bank interest rates - loans to households for other purposes with an interest rate fixation period of over one & up to five years (new business),4.99,pct_anual,2026-07,"BCE, ECB Data Portal, dataset MIR",https://data.ecb.europa.eu/data/datasets/MIR/MIR.MIR.M.NL.B.A2D.I.R.A.2250.EUR.N,2026-09-16,Total,Over 1 and up to 5 years initial rate fixation,n/a,nivel,media_ponderada_volumen,serie MIR.M.NL.B.A2D.I.R.A.2250.EUR.N
Paises Bajos,credito_consumo_hogares_referencia,tipo | Bank interest rates - loans to households for other purposes with an interest rate fixation period of over five years (new business),4.05,pct_anual,2025-01,"BCE, ECB Data Portal, dataset MIR",https://data.ecb.europa.eu/data/datasets/MIR/MIR.MIR.M.NL.B.A2D.J.R.A.2250.EUR.N,2026-09-16,Total,Over 5 years initial rate fixation,n/a,nivel,media_ponderada_volumen,serie MIR.M.NL.B.A2D.J.R.A.2250.EUR.N
Paises Bajos,credito_consumo_hogares_referencia,tipo | Bank interest rates - loans to households for other purposes with an interest rate fixation period of over five years (new business),4.53,pct_anual,2025-02,"BCE, ECB Data Portal, dataset MIR",https://data.ecb.europa.eu/data/datasets/MIR/MIR.MIR.M.NL.B.A2D.J.R.A.2250.EUR.N,2026-09-16,Total,Over 5 years initial rate fixation,n/a,nivel,media_ponderada_volumen,serie MIR.M.NL.B.A2D.J.R.A.2250.EUR.N
Paises Bajos,credito_consumo_hogares_referencia,tipo | Bank interest rates - loans to households for other purposes with an interest rate fixation period of over five years (new business),4.3,pct_anual,2025-03,"BCE, ECB Data Portal, dataset MIR",https://data.ecb.europa.eu/data/datasets/MIR/MIR.MIR.M.NL.B.A2D.J.R.A.2250.EUR.N,2026-09-16,Total,Over 5 years initial rate fixation,n/a,nivel,media_ponderada_volumen,serie MIR.M.NL.B.A2D.J.R.A.2250.EUR.N
Paises Bajos,credito_consumo_hogares_referencia,tipo | Bank interest rates - loans to households for other purposes with an interest rate fixation period of over five years (new business),4.33,pct_anual,2025-04,"BCE, ECB Data Portal, dataset MIR",https://data.ecb.europa.eu/data/datasets/MIR/MIR.MIR.M.NL.B.A2D.J.R.A.2250.EUR.N,2026-09-16,Total,Over 5 years initial rate fixation,n/a,nivel,media_ponderada_volumen,serie MIR.M.NL.B.A2D.J.R.A.2250.EUR.N
Paises Bajos,credito_consumo_hogares_referencia,tipo | Bank interest rates - loans to households for other purposes with an interest rate fixation period of over five years (new business),4.54,pct_anual,2025-05,"BCE, ECB Data Portal, dataset MIR",https://data.ecb.europa.eu/data/datasets/MIR/MIR.MIR.M.NL.B.A2D.J.R.A.2250.EUR.N,2026-09-16,Total,Over 5 years initial rate fixation,n/a,nivel,media_ponderada_volumen,serie MIR.M.NL.B.A2D.J.R.A.2250.EUR.N
Paises Bajos,credito_consumo_hogares_referencia,tipo | Bank interest rates - loans to households for other purposes with an interest rate fixation period of over five years (new business),4.56,pct_anual,2025-06,"BCE, ECB Data Portal, dataset MIR",https://data.ecb.europa.eu/data/datasets/MIR/MIR.MIR.M.NL.B.A2D.J.R.A.2250.EUR.N,2026-09-16,Total,Over 5 years initial rate fixation,n/a,nivel,media_ponderada_volumen,serie MIR.M.NL.B.A2D.J.R.A.2250.EUR.N
Paises Bajos,credito_consumo_hogares_referencia,tipo | Bank interest rates - loans to households for other purposes with an interest rate fixation period of over five years (new business),4.13,pct_anual,2025-07,"BCE, ECB Data Portal, dataset MIR",https://data.ecb.europa.eu/data/datasets/MIR/MIR.MIR.M.NL.B.A2D.J.R.A.2250.EUR.N,2026-09-16,Total,Over 5 years initial rate fixation,n/a,nivel,media_ponderada_volumen,serie MIR.M.NL.B.A2D.J.R.A.2250.EUR.N
Paises Bajos,credito_consumo_hogares_referencia,tipo | Bank interest rates - loans to households for other purposes with an interest rate fixation period of over five years (new business),4.53,pct_anual,2025-08,"BCE, ECB Data Portal, dataset MIR",https://data.ecb.europa.eu/data/datasets/MIR/MIR.MIR.M.NL.B.A2D.J.R.A.2250.EUR.N,2026-09-16,Total,Over 5 years initial rate fixation,n/a,nivel,media_ponderada_volumen,serie MIR.M.NL.B.A2D.J.R.A.2250.EUR.N
Paises Bajos,credito_consumo_hogares_referencia,tipo | Bank interest rates - loans to households for other purposes with an interest rate fixation period of over five years (new business),4.44,pct_anual,2025-09,"BCE, ECB Data Portal, dataset MIR",https://data.ecb.europa.eu/data/datasets/MIR/MIR.MIR.M.NL.B.A2D.J.R.A.2250.EUR.N,2026-09-16,Total,Over 5 years initial rate fixation,n/a,nivel,media_ponderada_volumen,serie MIR.M.NL.B.A2D.J.R.A.2250.EUR.N
Paises Bajos,credito_consumo_hogares_referencia,tipo | Bank interest rates - loans to households for other purposes with an interest rate fixation period of over five years (new business),4.49,pct_anual,2025-10,"BCE, ECB Data Portal, dataset MIR",https://data.ecb.europa.eu/data/datasets/MIR/MIR.MIR.M.NL.B.A2D.J.R.A.2250.EUR.N,2026-09-16,Total,Over 5 years initial rate fixation,n/a,nivel,media_ponderada_volumen,serie MIR.M.NL.B.A2D.J.R.A.2250.EUR.N
Paises Bajos,credito_consumo_hogares_referencia,tipo | Bank interest rates - loans to households for other purposes with an interest rate fixation period of over five years (new business),4.31,pct_anual,2025-11,"BCE, ECB Data Portal, dataset MIR",https://data.ecb.europa.eu/data/datasets/MIR/MIR.MIR.M.NL.B.A2D.J.R.A.2250.EUR.N,2026-09-16,Total,Over 5 years initial rate fixation,n/a,nivel,media_ponderada_volumen,serie MIR.M.NL.B.A2D.J.R.A.2250.EUR.N
Paises Bajos,credito_consumo_hogares_referencia,tipo | Bank interest rates - loans to households for other purposes with an interest rate fixation period of over five years (new business),4.32,pct_anual,2025-12,"BCE, ECB Data Portal, dataset MIR",https://data.ecb.europa.eu/data/datasets/MIR/MIR.MIR.M.NL.B.A2D.J.R.A.2250.EUR.N,2026-09-16,Total,Over 5 years initial rate fixation,n/a,nivel,media_ponderada_volumen,serie MIR.M.NL.B.A2D.J.R.A.2250.EUR.N
Paises Bajos,credito_consumo_hogares_referencia,tipo | Bank interest rates - loans to households for other purposes with an interest rate fixation period of over five years (new business),4.39,pct_anual,2026-01,"BCE, ECB Data Portal, dataset MIR",https://data.ecb.europa.eu/data/datasets/MIR/MIR.MIR.M.NL.B.A2D.J.R.A.2250.EUR.N,2026-09-16,Total,Over 5 years initial rate fixation,n/a,nivel,media_ponderada_volumen,serie MIR.M.NL.B.A2D.J.R.A.2250.EUR.N
Paises Bajos,credito_consumo_hogares_referencia,tipo | Bank interest rates - loans to households for other purposes with an interest rate fixation period of over five years (new business),4.01,pct_anual,2026-02,"BCE, ECB Data Portal, dataset MIR",https://data.ecb.europa.eu/data/datasets/MIR/MIR.MIR.M.NL.B.A2D.J.R.A.2250.EUR.N,2026-09-16,Total,Over 5 years initial rate fixation,n/a,nivel,media_ponderada_volumen,serie MIR.M.NL.B.A2D.J.R.A.2250.EUR.N
Paises Bajos,credito_consumo_hogares_referencia,tipo | Bank interest rates - loans to households for other purposes with an interest rate fixation period of over five years (new business),4,pct_anual,2026-03,"BCE, ECB Data Portal, dataset MIR",https://data.ecb.europa.eu/data/datasets/MIR/MIR.MIR.M.NL.B.A2D.J.R.A.2250.EUR.N,2026-09-16,Total,Over 5 years initial rate fixation,n/a,nivel,media_ponderada_volumen,serie MIR.M.NL.B.A2D.J.R.A.2250.EUR.N
Paises Bajos,credito_consumo_hogares_referencia,tipo | Bank interest rates - loans to households for other purposes with an interest rate fixation period of over five years (new business),4.53,pct_anual,2026-04,"BCE, ECB Data Portal, dataset MIR",https://data.ecb.europa.eu/data/datasets/MIR/MIR.MIR.M.NL.B.A2D.J.R.A.2250.EUR.N,2026-09-16,Total,Over 5 years initial rate fixation,n/a,nivel,media_ponderada_volumen,serie MIR.M.NL.B.A2D.J.R.A.2250.EUR.N
Paises Bajos,credito_consumo_hogares_referencia,tipo | Bank interest rates - loans to households for other purposes with an interest rate fixation period of over five years (new business),4.64,pct_anual,2026-05,"BCE, ECB Data Portal, dataset MIR",https://data.ecb.europa.eu/data/datasets/MIR/MIR.MIR.M.NL.B.A2D.J.R.A.2250.EUR.N,2026-09-16,Total,Over 5 years initial rate fixation,n/a,nivel,media_ponderada_volumen,serie MIR.M.NL.B.A2D.J.R.A.2250.EUR.N
Paises Bajos,credito_consumo_hogares_referencia,tipo | Bank interest rates - loans to households for other purposes with an interest rate fixation period of over five years (new business),4.53,pct_anual,2026-06,"BCE, ECB Data Portal, dataset MIR",https://data.ecb.europa.eu/data/datasets/MIR/MIR.MIR.M.NL.B.A2D.J.R.A.2250.EUR.N,2026-09-16,Total,Over 5 years initial rate fixation,n/a,nivel,media_ponderada_volumen,serie MIR.M.NL.B.A2D.J.R.A.2250.EUR.N
Paises Bajos,credito_consumo_hogares_referencia,tipo | Bank interest rates - loans to households for other purposes with an interest rate fixation period of over five years (new business),4.74,pct_anual,2026-07,"BCE, ECB Data Portal, dataset MIR",https://data.ecb.europa.eu/data/datasets/MIR/MIR.MIR.M.NL.B.A2D.J.R.A.2250.EUR.N,2026-09-16,Total,Over 5 years initial rate fixation,n/a,nivel,media_ponderada_volumen,serie MIR.M.NL.B.A2D.J.R.A.2250.EUR.N
Paises Bajos,credito_consumo_hogares_referencia,tipo | Bank interest rates - loans to households for other purposes with an interest rate fixation period of over one year (new business),4.47,pct_anual,2025-01,"BCE, ECB Data Portal, dataset MIR",https://data.ecb.europa.eu/data/datasets/MIR/MIR.MIR.M.NL.B.A2D.K.R.A.2250.EUR.N,2026-09-16,Total,Over 1 year initial rate fixation,n/a,nivel,media_ponderada_volumen,serie MIR.M.NL.B.A2D.K.R.A.2250.EUR.N
Paises Bajos,credito_consumo_hogares_referencia,tipo | Bank interest rates - loans to households for other purposes with an interest rate fixation period of over one year (new business),4.61,pct_anual,2025-02,"BCE, ECB Data Portal, dataset MIR",https://data.ecb.europa.eu/data/datasets/MIR/MIR.MIR.M.NL.B.A2D.K.R.A.2250.EUR.N,2026-09-16,Total,Over 1 year initial rate fixation,n/a,nivel,media_ponderada_volumen,serie MIR.M.NL.B.A2D.K.R.A.2250.EUR.N
Paises Bajos,credito_consumo_hogares_referencia,tipo | Bank interest rates - loans to households for other purposes with an interest rate fixation period of over one year (new business),4.64,pct_anual,2025-03,"BCE, ECB Data Portal, dataset MIR",https://data.ecb.europa.eu/data/datasets/MIR/MIR.MIR.M.NL.B.A2D.K.R.A.2250.EUR.N,2026-09-16,Total,Over 1 year initial rate fixation,n/a,nivel,media_ponderada_volumen,serie MIR.M.NL.B.A2D.K.R.A.2250.EUR.N
Paises Bajos,credito_consumo_hogares_referencia,tipo | Bank interest rates - loans to households for other purposes with an interest rate fixation period of over one year (new business),4.65,pct_anual,2025-04,"BCE, ECB Data Portal, dataset MIR",https://data.ecb.europa.eu/data/datasets/MIR/MIR.MIR.M.NL.B.A2D.K.R.A.2250.EUR.N,2026-09-16,Total,Over 1 year initial rate fixation,n/a,nivel,media_ponderada_volumen,serie MIR.M.NL.B.A2D.K.R.A.2250.EUR.N
Paises Bajos,credito_consumo_hogares_referencia,tipo | Bank interest rates - loans to households for other purposes with an interest rate fixation period of over one year (new business),4.67,pct_anual,2025-05,"BCE, ECB Data Portal, dataset MIR",https://data.ecb.europa.eu/data/datasets/MIR/MIR.MIR.M.NL.B.A2D.K.R.A.2250.EUR.N,2026-09-16,Total,Over 1 year initial rate fixation,n/a,nivel,media_ponderada_volumen,serie MIR.M.NL.B.A2D.K.R.A.2250.EUR.N
Paises Bajos,credito_consumo_hogares_referencia,tipo | Bank interest rates - loans to households for other purposes with an interest rate fixation period of over one year (new business),4.6,pct_anual,2025-06,"BCE, ECB Data Portal, dataset MIR",https://data.ecb.europa.eu/data/datasets/MIR/MIR.MIR.M.NL.B.A2D.K.R.A.2250.EUR.N,2026-09-16,Total,Over 1 year initial rate fixation,n/a,nivel,media_ponderada_volumen,serie MIR.M.NL.B.A2D.K.R.A.2250.EUR.N
Paises Bajos,credito_consumo_hogares_referencia,tipo | Bank interest rates - loans to households for other purposes with an interest rate fixation period of over one year (new business),4.42,pct_anual,2025-07,"BCE, ECB Data Portal, dataset MIR",https://data.ecb.europa.eu/data/datasets/MIR/MIR.MIR.M.NL.B.A2D.K.R.A.2250.EUR.N,2026-09-16,Total,Over 1 year initial rate fixation,n/a,nivel,media_ponderada_volumen,serie MIR.M.NL.B.A2D.K.R.A.2250.EUR.N
Paises Bajos,credito_consumo_hogares_referencia,tipo | Bank interest rates - loans to households for other purposes with an interest rate fixation period of over one year (new business),4.56,pct_anual,2025-08,"BCE, ECB Data Portal, dataset MIR",https://data.ecb.europa.eu/data/datasets/MIR/MIR.MIR.M.NL.B.A2D.K.R.A.2250.EUR.N,2026-09-16,Total,Over 1 year initial rate fixation,n/a,nivel,media_ponderada_volumen,serie MIR.M.NL.B.A2D.K.R.A.2250.EUR.N
Paises Bajos,credito_consumo_hogares_referencia,tipo | Bank interest rates - loans to households for other purposes with an interest rate fixation period of over one year (new business),4.45,pct_anual,2025-09,"BCE, ECB Data Portal, dataset MIR",https://data.ecb.europa.eu/data/datasets/MIR/MIR.MIR.M.NL.B.A2D.K.R.A.2250.EUR.N,2026-09-16,Total,Over 1 year initial rate fixation,n/a,nivel,media_ponderada_volumen,serie MIR.M.NL.B.A2D.K.R.A.2250.EUR.N
Paises Bajos,credito_consumo_hogares_referencia,tipo | Bank interest rates - loans to households for other purposes with an interest rate fixation period of over one year (new business),4.45,pct_anual,2025-10,"BCE, ECB Data Portal, dataset MIR",https://data.ecb.europa.eu/data/datasets/MIR/MIR.MIR.M.NL.B.A2D.K.R.A.2250.EUR.N,2026-09-16,Total,Over 1 year initial rate fixation,n/a,nivel,media_ponderada_volumen,serie MIR.M.NL.B.A2D.K.R.A.2250.EUR.N
Paises Bajos,credito_consumo_hogares_referencia,tipo | Bank interest rates - loans to households for other purposes with an interest rate fixation period of over one year (new business),4.45,pct_anual,2025-11,"BCE, ECB Data Portal, dataset MIR",https://data.ecb.europa.eu/data/datasets/MIR/MIR.MIR.M.NL.B.A2D.K.R.A.2250.EUR.N,2026-09-16,Total,Over 1 year initial rate fixation,n/a,nivel,media_ponderada_volumen,serie MIR.M.NL.B.A2D.K.R.A.2250.EUR.N
Paises Bajos,credito_consumo_hogares_referencia,tipo | Bank interest rates - loans to households for other purposes with an interest rate fixation period of over one year (new business),4.35,pct_anual,2025-12,"BCE, ECB Data Portal, dataset MIR",https://data.ecb.europa.eu/data/datasets/MIR/MIR.MIR.M.NL.B.A2D.K.R.A.2250.EUR.N,2026-09-16,Total,Over 1 year initial rate fixation,n/a,nivel,media_ponderada_volumen,serie MIR.M.NL.B.A2D.K.R.A.2250.EUR.N
Paises Bajos,credito_consumo_hogares_referencia,tipo | Bank interest rates - loans to households for other purposes with an interest rate fixation period of over one year (new business),4.53,pct_anual,2026-01,"BCE, ECB Data Portal, dataset MIR",https://data.ecb.europa.eu/data/datasets/MIR/MIR.MIR.M.NL.B.A2D.K.R.A.2250.EUR.N,2026-09-16,Total,Over 1 year initial rate fixation,n/a,nivel,media_ponderada_volumen,serie MIR.M.NL.B.A2D.K.R.A.2250.EUR.N
Paises Bajos,credito_consumo_hogares_referencia,tipo | Bank interest rates - loans to households for other purposes with an interest rate fixation period of over one year (new business),4.46,pct_anual,2026-02,"BCE, ECB Data Portal, dataset MIR",https://data.ecb.europa.eu/data/datasets/MIR/MIR.MIR.M.NL.B.A2D.K.R.A.2250.EUR.N,2026-09-16,Total,Over 1 year initial rate fixation,n/a,nivel,media_ponderada_volumen,serie MIR.M.NL.B.A2D.K.R.A.2250.EUR.N
Paises Bajos,credito_consumo_hogares_referencia,tipo | Bank interest rates - loans to households for other purposes with an interest rate fixation period of over one year (new business),4.44,pct_anual,2026-03,"BCE, ECB Data Portal, dataset MIR",https://data.ecb.europa.eu/data/datasets/MIR/MIR.MIR.M.NL.B.A2D.K.R.A.2250.EUR.N,2026-09-16,Total,Over 1 year initial rate fixation,n/a,nivel,media_ponderada_volumen,serie MIR.M.NL.B.A2D.K.R.A.2250.EUR.N
Paises Bajos,credito_consumo_hogares_referencia,tipo | Bank interest rates - loans to households for other purposes with an interest rate fixation period of over one year (new business),4.49,pct_anual,2026-04,"BCE, ECB Data Portal, dataset MIR",https://data.ecb.europa.eu/data/datasets/MIR/MIR.MIR.M.NL.B.A2D.K.R.A.2250.EUR.N,2026-09-16,Total,Over 1 year initial rate fixation,n/a,nivel,media_ponderada_volumen,serie MIR.M.NL.B.A2D.K.R.A.2250.EUR.N
Paises Bajos,credito_consumo_hogares_referencia,tipo | Bank interest rates - loans to households for other purposes with an interest rate fixation period of over one year (new business),4.76,pct_anual,2026-05,"BCE, ECB Data Portal, dataset MIR",https://data.ecb.europa.eu/data/datasets/MIR/MIR.MIR.M.NL.B.A2D.K.R.A.2250.EUR.N,2026-09-16,Total,Over 1 year initial rate fixation,n/a,nivel,media_ponderada_volumen,serie MIR.M.NL.B.A2D.K.R.A.2250.EUR.N
Paises Bajos,credito_consumo_hogares_referencia,tipo | Bank interest rates - loans to households for other purposes with an interest rate fixation period of over one year (new business),4.9,pct_anual,2026-06,"BCE, ECB Data Portal, dataset MIR",https://data.ecb.europa.eu/data/datasets/MIR/MIR.MIR.M.NL.B.A2D.K.R.A.2250.EUR.N,2026-09-16,Total,Over 1 year initial rate fixation,n/a,nivel,media_ponderada_volumen,serie MIR.M.NL.B.A2D.K.R.A.2250.EUR.N
Paises Bajos,credito_consumo_hogares_referencia,tipo | Bank interest rates - loans to households for other purposes with an interest rate fixation period of over one year (new business),4.91,pct_anual,2026-07,"BCE, ECB Data Portal, dataset MIR",https://data.ecb.europa.eu/data/datasets/MIR/MIR.MIR.M.NL.B.A2D.K.R.A.2250.EUR.N,2026-09-16,Total,Over 1 year initial rate fixation,n/a,nivel,media_ponderada_volumen,serie MIR.M.NL.B.A2D.K.R.A.2250.EUR.N
Paises Bajos,credito_consumo_hogares_referencia,volumen | Bank business volumes - loans to households for other purposes (new business),580,eur_millones,2025-01,"BCE, ECB Data Portal, dataset MIR",https://data.ecb.europa.eu/data/datasets/MIR/MIR.MIR.M.NL.B.A2D.A.B.A.2250.EUR.N,2026-09-16,Total,Total initial rate fixation,n/a,volumen,dato_unico,serie MIR.M.NL.B.A2D.A.B.A.2250.EUR.N
Paises Bajos,credito_consumo_hogares_referencia,volumen | Bank business volumes - loans to households for other purposes (new business),335,eur_millones,2025-02,"BCE, ECB Data Portal, dataset MIR",https://data.ecb.europa.eu/data/datasets/MIR/MIR.MIR.M.NL.B.A2D.A.B.A.2250.EUR.N,2026-09-16,Total,Total initial rate fixation,n/a,volumen,dato_unico,serie MIR.M.NL.B.A2D.A.B.A.2250.EUR.N
Paises Bajos,credito_consumo_hogares_referencia,volumen | Bank business volumes - loans to households for other purposes (new business),367,eur_millones,2025-03,"BCE, ECB Data Portal, dataset MIR",https://data.ecb.europa.eu/data/datasets/MIR/MIR.MIR.M.NL.B.A2D.A.B.A.2250.EUR.N,2026-09-16,Total,Total initial rate fixation,n/a,volumen,dato_unico,serie MIR.M.NL.B.A2D.A.B.A.2250.EUR.N
Paises Bajos,credito_consumo_hogares_referencia,volumen | Bank business volumes - loans to households for other purposes (new business),426,eur_millones,2025-04,"BCE, ECB Data Portal, dataset MIR",https://data.ecb.europa.eu/data/datasets/MIR/MIR.MIR.M.NL.B.A2D.A.B.A.2250.EUR.N,2026-09-16,Total,Total initial rate fixation,n/a,volumen,dato_unico,serie MIR.M.NL.B.A2D.A.B.A.2250.EUR.N
Paises Bajos,credito_consumo_hogares_referencia,volumen | Bank business volumes - loans to households for other purposes (new business),310,eur_millones,2025-05,"BCE, ECB Data Portal, dataset MIR",https://data.ecb.europa.eu/data/datasets/MIR/MIR.MIR.M.NL.B.A2D.A.B.A.2250.EUR.N,2026-09-16,Total,Total initial rate fixation,n/a,volumen,dato_unico,serie MIR.M.NL.B.A2D.A.B.A.2250.EUR.N
Paises Bajos,credito_consumo_hogares_referencia,volumen | Bank business volumes - loans to households for other purposes (new business),380,eur_millones,2025-06,"BCE, ECB Data Portal, dataset MIR",https://data.ecb.europa.eu/data/datasets/MIR/MIR.MIR.M.NL.B.A2D.A.B.A.2250.EUR.N,2026-09-16,Total,Total initial rate fixation,n/a,volumen,dato_unico,serie MIR.M.NL.B.A2D.A.B.A.2250.EUR.N
Paises Bajos,credito_consumo_hogares_referencia,volumen | Bank business volumes - loans to households for other purposes (new business),511,eur_millones,2025-07,"BCE, ECB Data Portal, dataset MIR",https://data.ecb.europa.eu/data/datasets/MIR/MIR.MIR.M.NL.B.A2D.A.B.A.2250.EUR.N,2026-09-16,Total,Total initial rate fixation,n/a,volumen,dato_unico,serie MIR.M.NL.B.A2D.A.B.A.2250.EUR.N
Paises Bajos,credito_consumo_hogares_referencia,volumen | Bank business volumes - loans to households for other purposes (new business),292,eur_millones,2025-08,"BCE, ECB Data Portal, dataset MIR",https://data.ecb.europa.eu/data/datasets/MIR/MIR.MIR.M.NL.B.A2D.A.B.A.2250.EUR.N,2026-09-16,Total,Total initial rate fixation,n/a,volumen,dato_unico,serie MIR.M.NL.B.A2D.A.B.A.2250.EUR.N
Paises Bajos,credito_consumo_hogares_referencia,volumen | Bank business volumes - loans to households for other purposes (new business),313,eur_millones,2025-09,"BCE, ECB Data Portal, dataset MIR",https://data.ecb.europa.eu/data/datasets/MIR/MIR.MIR.M.NL.B.A2D.A.B.A.2250.EUR.N,2026-09-16,Total,Total initial rate fixation,n/a,volumen,dato_unico,serie MIR.M.NL.B.A2D.A.B.A.2250.EUR.N
Paises Bajos,credito_consumo_hogares_referencia,volumen | Bank business volumes - loans to households for other purposes (new business),365,eur_millones,2025-10,"BCE, ECB Data Portal, dataset MIR",https://data.ecb.europa.eu/data/datasets/MIR/MIR.MIR.M.NL.B.A2D.A.B.A.2250.EUR.N,2026-09-16,Total,Total initial rate fixation,n/a,volumen,dato_unico,serie MIR.M.NL.B.A2D.A.B.A.2250.EUR.N
Paises Bajos,credito_consumo_hogares_referencia,volumen | Bank business volumes - loans to households for other purposes (new business),261,eur_millones,2025-11,"BCE, ECB Data Portal, dataset MIR",https://data.ecb.europa.eu/data/datasets/MIR/MIR.MIR.M.NL.B.A2D.A.B.A.2250.EUR.N,2026-09-16,Total,Total initial rate fixation,n/a,volumen,dato_unico,serie MIR.M.NL.B.A2D.A.B.A.2250.EUR.N
Paises Bajos,credito_consumo_hogares_referencia,volumen | Bank business volumes - loans to households for other purposes (new business),571,eur_millones,2025-12,"BCE, ECB Data Portal, dataset MIR",https://data.ecb.europa.eu/data/datasets/MIR/MIR.MIR.M.NL.B.A2D.A.B.A.2250.EUR.N,2026-09-16,Total,Total initial rate fixation,n/a,volumen,dato_unico,serie MIR.M.NL.B.A2D.A.B.A.2250.EUR.N
Paises Bajos,credito_consumo_hogares_referencia,volumen | Bank business volumes - loans to households for other purposes (new business),484,eur_millones,2026-01,"BCE, ECB Data Portal, dataset MIR",https://data.ecb.europa.eu/data/datasets/MIR/MIR.MIR.M.NL.B.A2D.A.B.A.2250.EUR.N,2026-09-16,Total,Total initial rate fixation,n/a,volumen,dato_unico,serie MIR.M.NL.B.A2D.A.B.A.2250.EUR.N
Paises Bajos,credito_consumo_hogares_referencia,volumen | Bank business volumes - loans to households for other purposes (new business),383,eur_millones,2026-02,"BCE, ECB Data Portal, dataset MIR",https://data.ecb.europa.eu/data/datasets/MIR/MIR.MIR.M.NL.B.A2D.A.B.A.2250.EUR.N,2026-09-16,Total,Total initial rate fixation,n/a,volumen,dato_unico,serie MIR.M.NL.B.A2D.A.B.A.2250.EUR.N
Paises Bajos,credito_consumo_hogares_referencia,volumen | Bank business volumes - loans to households for other purposes (new business),355,eur_millones,2026-03,"BCE, ECB Data Portal, dataset MIR",https://data.ecb.europa.eu/data/datasets/MIR/MIR.MIR.M.NL.B.A2D.A.B.A.2250.EUR.N,2026-09-16,Total,Total initial rate fixation,n/a,volumen,dato_unico,serie MIR.M.NL.B.A2D.A.B.A.2250.EUR.N
Paises Bajos,credito_consumo_hogares_referencia,volumen | Bank business volumes - loans to households for other purposes (new business),535,eur_millones,2026-04,"BCE, ECB Data Portal, dataset MIR",https://data.ecb.europa.eu/data/datasets/MIR/MIR.MIR.M.NL.B.A2D.A.B.A.2250.EUR.N,2026-09-16,Total,Total initial rate fixation,n/a,volumen,dato_unico,serie MIR.M.NL.B.A2D.A.B.A.2250.EUR.N
Paises Bajos,credito_consumo_hogares_referencia,volumen | Bank business volumes - loans to households for other purposes (new business),389,eur_millones,2026-05,"BCE, ECB Data Portal, dataset MIR",https://data.ecb.europa.eu/data/datasets/MIR/MIR.MIR.M.NL.B.A2D.A.B.A.2250.EUR.N,2026-09-16,Total,Total initial rate fixation,n/a,volumen,dato_unico,serie MIR.M.NL.B.A2D.A.B.A.2250.EUR.N
Paises Bajos,credito_consumo_hogares_referencia,volumen | Bank business volumes - loans to households for other purposes (new business),352,eur_millones,2026-06,"BCE, ECB Data Portal, dataset MIR",https://data.ecb.europa.eu/data/datasets/MIR/MIR.MIR.M.NL.B.A2D.A.B.A.2250.EUR.N,2026-09-16,Total,Total initial rate fixation,n/a,volumen,dato_unico,serie MIR.M.NL.B.A2D.A.B.A.2250.EUR.N
Paises Bajos,credito_consumo_hogares_referencia,volumen | Bank business volumes - loans to households for other purposes (new business),556,eur_millones,2026-07,"BCE, ECB Data Portal, dataset MIR",https://data.ecb.europa.eu/data/datasets/MIR/MIR.MIR.M.NL.B.A2D.A.B.A.2250.EUR.N,2026-09-16,Total,Total initial rate fixation,n/a,volumen,dato_unico,serie MIR.M.NL.B.A2D.A.B.A.2250.EUR.N
Zona euro (referencia),credito_consumo_hogares_referencia,tipo | Bank interest rates - loans to households for other purposes (new business),4.46,pct_anual,2025-01,"BCE, ECB Data Portal, dataset MIR",https://data.ecb.europa.eu/data/datasets/MIR/MIR.MIR.M.U2.B.A2D.A.R.A.2250.EUR.N,2026-09-16,Total,Total initial rate fixation,n/a,nivel,media_ponderada_volumen,serie MIR.M.U2.B.A2D.A.R.A.2250.EUR.N
Zona euro (referencia),credito_consumo_hogares_referencia,tipo | Bank interest rates - loans to households for other purposes (new business),4.43,pct_anual,2025-02,"BCE, ECB Data Portal, dataset MIR",https://data.ecb.europa.eu/data/datasets/MIR/MIR.MIR.M.U2.B.A2D.A.R.A.2250.EUR.N,2026-09-16,Total,Total initial rate fixation,n/a,nivel,media_ponderada_volumen,serie MIR.M.U2.B.A2D.A.R.A.2250.EUR.N
Zona euro (referencia),credito_consumo_hogares_referencia,tipo | Bank interest rates - loans to households for other purposes (new business),4.35,pct_anual,2025-03,"BCE, ECB Data Portal, dataset MIR",https://data.ecb.europa.eu/data/datasets/MIR/MIR.MIR.M.U2.B.A2D.A.R.A.2250.EUR.N,2026-09-16,Total,Total initial rate fixation,n/a,nivel,media_ponderada_volumen,serie MIR.M.U2.B.A2D.A.R.A.2250.EUR.N
Zona euro (referencia),credito_consumo_hogares_referencia,tipo | Bank interest rates - loans to households for other purposes (new business),4.29,pct_anual,2025-04,"BCE, ECB Data Portal, dataset MIR",https://data.ecb.europa.eu/data/datasets/MIR/MIR.MIR.M.U2.B.A2D.A.R.A.2250.EUR.N,2026-09-16,Total,Total initial rate fixation,n/a,nivel,media_ponderada_volumen,serie MIR.M.U2.B.A2D.A.R.A.2250.EUR.N
Zona euro (referencia),credito_consumo_hogares_referencia,tipo | Bank interest rates - loans to households for other purposes (new business),4.18,pct_anual,2025-05,"BCE, ECB Data Portal, dataset MIR",https://data.ecb.europa.eu/data/datasets/MIR/MIR.MIR.M.U2.B.A2D.A.R.A.2250.EUR.N,2026-09-16,Total,Total initial rate fixation,n/a,nivel,media_ponderada_volumen,serie MIR.M.U2.B.A2D.A.R.A.2250.EUR.N
Zona euro (referencia),credito_consumo_hogares_referencia,tipo | Bank interest rates - loans to households for other purposes (new business),4.03,pct_anual,2025-06,"BCE, ECB Data Portal, dataset MIR",https://data.ecb.europa.eu/data/datasets/MIR/MIR.MIR.M.U2.B.A2D.A.R.A.2250.EUR.N,2026-09-16,Total,Total initial rate fixation,n/a,nivel,media_ponderada_volumen,serie MIR.M.U2.B.A2D.A.R.A.2250.EUR.N
Zona euro (referencia),credito_consumo_hogares_referencia,tipo | Bank interest rates - loans to households for other purposes (new business),4.01,pct_anual,2025-07,"BCE, ECB Data Portal, dataset MIR",https://data.ecb.europa.eu/data/datasets/MIR/MIR.MIR.M.U2.B.A2D.A.R.A.2250.EUR.N,2026-09-16,Total,Total initial rate fixation,n/a,nivel,media_ponderada_volumen,serie MIR.M.U2.B.A2D.A.R.A.2250.EUR.N
Zona euro (referencia),credito_consumo_hogares_referencia,tipo | Bank interest rates - loans to households for other purposes (new business),4.1,pct_anual,2025-08,"BCE, ECB Data Portal, dataset MIR",https://data.ecb.europa.eu/data/datasets/MIR/MIR.MIR.M.U2.B.A2D.A.R.A.2250.EUR.N,2026-09-16,Total,Total initial rate fixation,n/a,nivel,media_ponderada_volumen,serie MIR.M.U2.B.A2D.A.R.A.2250.EUR.N
Zona euro (referencia),credito_consumo_hogares_referencia,tipo | Bank interest rates - loans to households for other purposes (new business),4.08,pct_anual,2025-09,"BCE, ECB Data Portal, dataset MIR",https://data.ecb.europa.eu/data/datasets/MIR/MIR.MIR.M.U2.B.A2D.A.R.A.2250.EUR.N,2026-09-16,Total,Total initial rate fixation,n/a,nivel,media_ponderada_volumen,serie MIR.M.U2.B.A2D.A.R.A.2250.EUR.N
Zona euro (referencia),credito_consumo_hogares_referencia,tipo | Bank interest rates - loans to households for other purposes (new business),4.08,pct_anual,2025-10,"BCE, ECB Data Portal, dataset MIR",https://data.ecb.europa.eu/data/datasets/MIR/MIR.MIR.M.U2.B.A2D.A.R.A.2250.EUR.N,2026-09-16,Total,Total initial rate fixation,n/a,nivel,media_ponderada_volumen,serie MIR.M.U2.B.A2D.A.R.A.2250.EUR.N
Zona euro (referencia),credito_consumo_hogares_referencia,tipo | Bank interest rates - loans to households for other purposes (new business),4.02,pct_anual,2025-11,"BCE, ECB Data Portal, dataset MIR",https://data.ecb.europa.eu/data/datasets/MIR/MIR.MIR.M.U2.B.A2D.A.R.A.2250.EUR.N,2026-09-16,Total,Total initial rate fixation,n/a,nivel,media_ponderada_volumen,serie MIR.M.U2.B.A2D.A.R.A.2250.EUR.N
Zona euro (referencia),credito_consumo_hogares_referencia,tipo | Bank interest rates - loans to households for other purposes (new business),3.89,pct_anual,2025-12,"BCE, ECB Data Portal, dataset MIR",https://data.ecb.europa.eu/data/datasets/MIR/MIR.MIR.M.U2.B.A2D.A.R.A.2250.EUR.N,2026-09-16,Total,Total initial rate fixation,n/a,nivel,media_ponderada_volumen,serie MIR.M.U2.B.A2D.A.R.A.2250.EUR.N
Zona euro (referencia),credito_consumo_hogares_referencia,tipo | Bank interest rates - loans to households for other purposes (new business),4.03,pct_anual,2026-01,"BCE, ECB Data Portal, dataset MIR",https://data.ecb.europa.eu/data/datasets/MIR/MIR.MIR.M.U2.B.A2D.A.R.A.2250.EUR.N,2026-09-16,Total,Total initial rate fixation,n/a,nivel,media_ponderada_volumen,serie MIR.M.U2.B.A2D.A.R.A.2250.EUR.N
Zona euro (referencia),credito_consumo_hogares_referencia,tipo | Bank interest rates - loans to households for other purposes (new business),4.06,pct_anual,2026-02,"BCE, ECB Data Portal, dataset MIR",https://data.ecb.europa.eu/data/datasets/MIR/MIR.MIR.M.U2.B.A2D.A.R.A.2250.EUR.N,2026-09-16,Total,Total initial rate fixation,n/a,nivel,media_ponderada_volumen,serie MIR.M.U2.B.A2D.A.R.A.2250.EUR.N
Zona euro (referencia),credito_consumo_hogares_referencia,tipo | Bank interest rates - loans to households for other purposes (new business),4.04,pct_anual,2026-03,"BCE, ECB Data Portal, dataset MIR",https://data.ecb.europa.eu/data/datasets/MIR/MIR.MIR.M.U2.B.A2D.A.R.A.2250.EUR.N,2026-09-16,Total,Total initial rate fixation,n/a,nivel,media_ponderada_volumen,serie MIR.M.U2.B.A2D.A.R.A.2250.EUR.N
Zona euro (referencia),credito_consumo_hogares_referencia,tipo | Bank interest rates - loans to households for other purposes (new business),4.13,pct_anual,2026-04,"BCE, ECB Data Portal, dataset MIR",https://data.ecb.europa.eu/data/datasets/MIR/MIR.MIR.M.U2.B.A2D.A.R.A.2250.EUR.N,2026-09-16,Total,Total initial rate fixation,n/a,nivel,media_ponderada_volumen,serie MIR.M.U2.B.A2D.A.R.A.2250.EUR.N
Zona euro (referencia),credito_consumo_hogares_referencia,tipo | Bank interest rates - loans to households for other purposes (new business),4.17,pct_anual,2026-05,"BCE, ECB Data Portal, dataset MIR",https://data.ecb.europa.eu/data/datasets/MIR/MIR.MIR.M.U2.B.A2D.A.R.A.2250.EUR.N,2026-09-16,Total,Total initial rate fixation,n/a,nivel,media_ponderada_volumen,serie MIR.M.U2.B.A2D.A.R.A.2250.EUR.N
Zona euro (referencia),credito_consumo_hogares_referencia,tipo | Bank interest rates - loans to households for other purposes (new business),4.21,pct_anual,2026-06,"BCE, ECB Data Portal, dataset MIR",https://data.ecb.europa.eu/data/datasets/MIR/MIR.MIR.M.U2.B.A2D.A.R.A.2250.EUR.N,2026-09-16,Total,Total initial rate fixation,n/a,nivel,media_ponderada_volumen,serie MIR.M.U2.B.A2D.A.R.A.2250.EUR.N
Zona euro (referencia),credito_consumo_hogares_referencia,tipo | Bank interest rates - loans to households for other purposes (new business),4.29,pct_anual,2026-07,"BCE, ECB Data Portal, dataset MIR",https://data.ecb.europa.eu/data/datasets/MIR/MIR.MIR.M.U2.B.A2D.A.R.A.2250.EUR.N,2026-09-16,Total,Total initial rate fixation,n/a,nivel,media_ponderada_volumen,serie MIR.M.U2.B.A2D.A.R.A.2250.EUR.N; OBS_STATUS=P (no definitivo)
Zona euro (referencia),credito_consumo_hogares_referencia,tipo | Bank interest rates - loans to households for other purposes with a variable rate and an interest rate fixation period of up to one year (new business),4.53,pct_anual,2025-01,"BCE, ECB Data Portal, dataset MIR",https://data.ecb.europa.eu/data/datasets/MIR/MIR.MIR.M.U2.B.A2D.F.R.A.2250.EUR.N,2026-09-16,Total,Up to 1 year initial rate fixation,n/a,nivel,media_ponderada_volumen,serie MIR.M.U2.B.A2D.F.R.A.2250.EUR.N
Zona euro (referencia),credito_consumo_hogares_referencia,tipo | Bank interest rates - loans to households for other purposes with a variable rate and an interest rate fixation period of up to one year (new business),4.46,pct_anual,2025-02,"BCE, ECB Data Portal, dataset MIR",https://data.ecb.europa.eu/data/datasets/MIR/MIR.MIR.M.U2.B.A2D.F.R.A.2250.EUR.N,2026-09-16,Total,Up to 1 year initial rate fixation,n/a,nivel,media_ponderada_volumen,serie MIR.M.U2.B.A2D.F.R.A.2250.EUR.N
Zona euro (referencia),credito_consumo_hogares_referencia,tipo | Bank interest rates - loans to households for other purposes with a variable rate and an interest rate fixation period of up to one year (new business),4.34,pct_anual,2025-03,"BCE, ECB Data Portal, dataset MIR",https://data.ecb.europa.eu/data/datasets/MIR/MIR.MIR.M.U2.B.A2D.F.R.A.2250.EUR.N,2026-09-16,Total,Up to 1 year initial rate fixation,n/a,nivel,media_ponderada_volumen,serie MIR.M.U2.B.A2D.F.R.A.2250.EUR.N
Zona euro (referencia),credito_consumo_hogares_referencia,tipo | Bank interest rates - loans to households for other purposes with a variable rate and an interest rate fixation period of up to one year (new business),4.26,pct_anual,2025-04,"BCE, ECB Data Portal, dataset MIR",https://data.ecb.europa.eu/data/datasets/MIR/MIR.MIR.M.U2.B.A2D.F.R.A.2250.EUR.N,2026-09-16,Total,Up to 1 year initial rate fixation,n/a,nivel,media_ponderada_volumen,serie MIR.M.U2.B.A2D.F.R.A.2250.EUR.N
Zona euro (referencia),credito_consumo_hogares_referencia,tipo | Bank interest rates - loans to households for other purposes with a variable rate and an interest rate fixation period of up to one year (new business),4.01,pct_anual,2025-05,"BCE, ECB Data Portal, dataset MIR",https://data.ecb.europa.eu/data/datasets/MIR/MIR.MIR.M.U2.B.A2D.F.R.A.2250.EUR.N,2026-09-16,Total,Up to 1 year initial rate fixation,n/a,nivel,media_ponderada_volumen,serie MIR.M.U2.B.A2D.F.R.A.2250.EUR.N
Zona euro (referencia),credito_consumo_hogares_referencia,tipo | Bank interest rates - loans to households for other purposes with a variable rate and an interest rate fixation period of up to one year (new business),3.83,pct_anual,2025-06,"BCE, ECB Data Portal, dataset MIR",https://data.ecb.europa.eu/data/datasets/MIR/MIR.MIR.M.U2.B.A2D.F.R.A.2250.EUR.N,2026-09-16,Total,Up to 1 year initial rate fixation,n/a,nivel,media_ponderada_volumen,serie MIR.M.U2.B.A2D.F.R.A.2250.EUR.N
Zona euro (referencia),credito_consumo_hogares_referencia,tipo | Bank interest rates - loans to households for other purposes with a variable rate and an interest rate fixation period of up to one year (new business),3.81,pct_anual,2025-07,"BCE, ECB Data Portal, dataset MIR",https://data.ecb.europa.eu/data/datasets/MIR/MIR.MIR.M.U2.B.A2D.F.R.A.2250.EUR.N,2026-09-16,Total,Up to 1 year initial rate fixation,n/a,nivel,media_ponderada_volumen,serie MIR.M.U2.B.A2D.F.R.A.2250.EUR.N
Zona euro (referencia),credito_consumo_hogares_referencia,tipo | Bank interest rates - loans to households for other purposes with a variable rate and an interest rate fixation period of up to one year (new business),3.92,pct_anual,2025-08,"BCE, ECB Data Portal, dataset MIR",https://data.ecb.europa.eu/data/datasets/MIR/MIR.MIR.M.U2.B.A2D.F.R.A.2250.EUR.N,2026-09-16,Total,Up to 1 year initial rate fixation,n/a,nivel,media_ponderada_volumen,serie MIR.M.U2.B.A2D.F.R.A.2250.EUR.N
Zona euro (referencia),credito_consumo_hogares_referencia,tipo | Bank interest rates - loans to households for other purposes with a variable rate and an interest rate fixation period of up to one year (new business),3.87,pct_anual,2025-09,"BCE, ECB Data Portal, dataset MIR",https://data.ecb.europa.eu/data/datasets/MIR/MIR.MIR.M.U2.B.A2D.F.R.A.2250.EUR.N,2026-09-16,Total,Up to 1 year initial rate fixation,n/a,nivel,media_ponderada_volumen,serie MIR.M.U2.B.A2D.F.R.A.2250.EUR.N
Zona euro (referencia),credito_consumo_hogares_referencia,tipo | Bank interest rates - loans to households for other purposes with a variable rate and an interest rate fixation period of up to one year (new business),3.88,pct_anual,2025-10,"BCE, ECB Data Portal, dataset MIR",https://data.ecb.europa.eu/data/datasets/MIR/MIR.MIR.M.U2.B.A2D.F.R.A.2250.EUR.N,2026-09-16,Total,Up to 1 year initial rate fixation,n/a,nivel,media_ponderada_volumen,serie MIR.M.U2.B.A2D.F.R.A.2250.EUR.N
Zona euro (referencia),credito_consumo_hogares_referencia,tipo | Bank interest rates - loans to households for other purposes with a variable rate and an interest rate fixation period of up to one year (new business),3.82,pct_anual,2025-11,"BCE, ECB Data Portal, dataset MIR",https://data.ecb.europa.eu/data/datasets/MIR/MIR.MIR.M.U2.B.A2D.F.R.A.2250.EUR.N,2026-09-16,Total,Up to 1 year initial rate fixation,n/a,nivel,media_ponderada_volumen,serie MIR.M.U2.B.A2D.F.R.A.2250.EUR.N
Zona euro (referencia),credito_consumo_hogares_referencia,tipo | Bank interest rates - loans to households for other purposes with a variable rate and an interest rate fixation period of up to one year (new business),3.64,pct_anual,2025-12,"BCE, ECB Data Portal, dataset MIR",https://data.ecb.europa.eu/data/datasets/MIR/MIR.MIR.M.U2.B.A2D.F.R.A.2250.EUR.N,2026-09-16,Total,Up to 1 year initial rate fixation,n/a,nivel,media_ponderada_volumen,serie MIR.M.U2.B.A2D.F.R.A.2250.EUR.N
Zona euro (referencia),credito_consumo_hogares_referencia,tipo | Bank interest rates - loans to households for other purposes with a variable rate and an interest rate fixation period of up to one year (new business),3.86,pct_anual,2026-01,"BCE, ECB Data Portal, dataset MIR",https://data.ecb.europa.eu/data/datasets/MIR/MIR.MIR.M.U2.B.A2D.F.R.A.2250.EUR.N,2026-09-16,Total,Up to 1 year initial rate fixation,n/a,nivel,media_ponderada_volumen,serie MIR.M.U2.B.A2D.F.R.A.2250.EUR.N
Zona euro (referencia),credito_consumo_hogares_referencia,tipo | Bank interest rates - loans to households for other purposes with a variable rate and an interest rate fixation period of up to one year (new business),3.87,pct_anual,2026-02,"BCE, ECB Data Portal, dataset MIR",https://data.ecb.europa.eu/data/datasets/MIR/MIR.MIR.M.U2.B.A2D.F.R.A.2250.EUR.N,2026-09-16,Total,Up to 1 year initial rate fixation,n/a,nivel,media_ponderada_volumen,serie MIR.M.U2.B.A2D.F.R.A.2250.EUR.N
Zona euro (referencia),credito_consumo_hogares_referencia,tipo | Bank interest rates - loans to households for other purposes with a variable rate and an interest rate fixation period of up to one year (new business),3.89,pct_anual,2026-03,"BCE, ECB Data Portal, dataset MIR",https://data.ecb.europa.eu/data/datasets/MIR/MIR.MIR.M.U2.B.A2D.F.R.A.2250.EUR.N,2026-09-16,Total,Up to 1 year initial rate fixation,n/a,nivel,media_ponderada_volumen,serie MIR.M.U2.B.A2D.F.R.A.2250.EUR.N
Zona euro (referencia),credito_consumo_hogares_referencia,tipo | Bank interest rates - loans to households for other purposes with a variable rate and an interest rate fixation period of up to one year (new business),3.91,pct_anual,2026-04,"BCE, ECB Data Portal, dataset MIR",https://data.ecb.europa.eu/data/datasets/MIR/MIR.MIR.M.U2.B.A2D.F.R.A.2250.EUR.N,2026-09-16,Total,Up to 1 year initial rate fixation,n/a,nivel,media_ponderada_volumen,serie MIR.M.U2.B.A2D.F.R.A.2250.EUR.N
Zona euro (referencia),credito_consumo_hogares_referencia,tipo | Bank interest rates - loans to households for other purposes with a variable rate and an interest rate fixation period of up to one year (new business),3.92,pct_anual,2026-05,"BCE, ECB Data Portal, dataset MIR",https://data.ecb.europa.eu/data/datasets/MIR/MIR.MIR.M.U2.B.A2D.F.R.A.2250.EUR.N,2026-09-16,Total,Up to 1 year initial rate fixation,n/a,nivel,media_ponderada_volumen,serie MIR.M.U2.B.A2D.F.R.A.2250.EUR.N
Zona euro (referencia),credito_consumo_hogares_referencia,tipo | Bank interest rates - loans to households for other purposes with a variable rate and an interest rate fixation period of up to one year (new business),4.04,pct_anual,2026-06,"BCE, ECB Data Portal, dataset MIR",https://data.ecb.europa.eu/data/datasets/MIR/MIR.MIR.M.U2.B.A2D.F.R.A.2250.EUR.N,2026-09-16,Total,Up to 1 year initial rate fixation,n/a,nivel,media_ponderada_volumen,serie MIR.M.U2.B.A2D.F.R.A.2250.EUR.N
Zona euro (referencia),credito_consumo_hogares_referencia,tipo | Bank interest rates - loans to households for other purposes with a variable rate and an interest rate fixation period of up to one year (new business),4.12,pct_anual,2026-07,"BCE, ECB Data Portal, dataset MIR",https://data.ecb.europa.eu/data/datasets/MIR/MIR.MIR.M.U2.B.A2D.F.R.A.2250.EUR.N,2026-09-16,Total,Up to 1 year initial rate fixation,n/a,nivel,media_ponderada_volumen,serie MIR.M.U2.B.A2D.F.R.A.2250.EUR.N; OBS_STATUS=P (no definitivo)
Zona euro (referencia),credito_consumo_hogares_referencia,tipo | Bank interest rates - loans to households for other purposes with an interest rate fixation period of over one & up to five years (new business),4.61,pct_anual,2025-01,"BCE, ECB Data Portal, dataset MIR",https://data.ecb.europa.eu/data/datasets/MIR/MIR.MIR.M.U2.B.A2D.I.R.A.2250.EUR.N,2026-09-16,Total,Over 1 and up to 5 years initial rate fixation,n/a,nivel,media_ponderada_volumen,serie MIR.M.U2.B.A2D.I.R.A.2250.EUR.N
Zona euro (referencia),credito_consumo_hogares_referencia,tipo | Bank interest rates - loans to households for other purposes with an interest rate fixation period of over one & up to five years (new business),4.65,pct_anual,2025-02,"BCE, ECB Data Portal, dataset MIR",https://data.ecb.europa.eu/data/datasets/MIR/MIR.MIR.M.U2.B.A2D.I.R.A.2250.EUR.N,2026-09-16,Total,Over 1 and up to 5 years initial rate fixation,n/a,nivel,media_ponderada_volumen,serie MIR.M.U2.B.A2D.I.R.A.2250.EUR.N
Zona euro (referencia),credito_consumo_hogares_referencia,tipo | Bank interest rates - loans to households for other purposes with an interest rate fixation period of over one & up to five years (new business),4.56,pct_anual,2025-03,"BCE, ECB Data Portal, dataset MIR",https://data.ecb.europa.eu/data/datasets/MIR/MIR.MIR.M.U2.B.A2D.I.R.A.2250.EUR.N,2026-09-16,Total,Over 1 and up to 5 years initial rate fixation,n/a,nivel,media_ponderada_volumen,serie MIR.M.U2.B.A2D.I.R.A.2250.EUR.N
Zona euro (referencia),credito_consumo_hogares_referencia,tipo | Bank interest rates - loans to households for other purposes with an interest rate fixation period of over one & up to five years (new business),4.53,pct_anual,2025-04,"BCE, ECB Data Portal, dataset MIR",https://data.ecb.europa.eu/data/datasets/MIR/MIR.MIR.M.U2.B.A2D.I.R.A.2250.EUR.N,2026-09-16,Total,Over 1 and up to 5 years initial rate fixation,n/a,nivel,media_ponderada_volumen,serie MIR.M.U2.B.A2D.I.R.A.2250.EUR.N
Zona euro (referencia),credito_consumo_hogares_referencia,tipo | Bank interest rates - loans to households for other purposes with an interest rate fixation period of over one & up to five years (new business),4.52,pct_anual,2025-05,"BCE, ECB Data Portal, dataset MIR",https://data.ecb.europa.eu/data/datasets/MIR/MIR.MIR.M.U2.B.A2D.I.R.A.2250.EUR.N,2026-09-16,Total,Over 1 and up to 5 years initial rate fixation,n/a,nivel,media_ponderada_volumen,serie MIR.M.U2.B.A2D.I.R.A.2250.EUR.N
Zona euro (referencia),credito_consumo_hogares_referencia,tipo | Bank interest rates - loans to households for other purposes with an interest rate fixation period of over one & up to five years (new business),4.37,pct_anual,2025-06,"BCE, ECB Data Portal, dataset MIR",https://data.ecb.europa.eu/data/datasets/MIR/MIR.MIR.M.U2.B.A2D.I.R.A.2250.EUR.N,2026-09-16,Total,Over 1 and up to 5 years initial rate fixation,n/a,nivel,media_ponderada_volumen,serie MIR.M.U2.B.A2D.I.R.A.2250.EUR.N
Zona euro (referencia),credito_consumo_hogares_referencia,tipo | Bank interest rates - loans to households for other purposes with an interest rate fixation period of over one & up to five years (new business),4.35,pct_anual,2025-07,"BCE, ECB Data Portal, dataset MIR",https://data.ecb.europa.eu/data/datasets/MIR/MIR.MIR.M.U2.B.A2D.I.R.A.2250.EUR.N,2026-09-16,Total,Over 1 and up to 5 years initial rate fixation,n/a,nivel,media_ponderada_volumen,serie MIR.M.U2.B.A2D.I.R.A.2250.EUR.N
Zona euro (referencia),credito_consumo_hogares_referencia,tipo | Bank interest rates - loans to households for other purposes with an interest rate fixation period of over one & up to five years (new business),4.38,pct_anual,2025-08,"BCE, ECB Data Portal, dataset MIR",https://data.ecb.europa.eu/data/datasets/MIR/MIR.MIR.M.U2.B.A2D.I.R.A.2250.EUR.N,2026-09-16,Total,Over 1 and up to 5 years initial rate fixation,n/a,nivel,media_ponderada_volumen,serie MIR.M.U2.B.A2D.I.R.A.2250.EUR.N
Zona euro (referencia),credito_consumo_hogares_referencia,tipo | Bank interest rates - loans to households for other purposes with an interest rate fixation period of over one & up to five years (new business),4.39,pct_anual,2025-09,"BCE, ECB Data Portal, dataset MIR",https://data.ecb.europa.eu/data/datasets/MIR/MIR.MIR.M.U2.B.A2D.I.R.A.2250.EUR.N,2026-09-16,Total,Over 1 and up to 5 years initial rate fixation,n/a,nivel,media_ponderada_volumen,serie MIR.M.U2.B.A2D.I.R.A.2250.EUR.N
Zona euro (referencia),credito_consumo_hogares_referencia,tipo | Bank interest rates - loans to households for other purposes with an interest rate fixation period of over one & up to five years (new business),4.37,pct_anual,2025-10,"BCE, ECB Data Portal, dataset MIR",https://data.ecb.europa.eu/data/datasets/MIR/MIR.MIR.M.U2.B.A2D.I.R.A.2250.EUR.N,2026-09-16,Total,Over 1 and up to 5 years initial rate fixation,n/a,nivel,media_ponderada_volumen,serie MIR.M.U2.B.A2D.I.R.A.2250.EUR.N
Zona euro (referencia),credito_consumo_hogares_referencia,tipo | Bank interest rates - loans to households for other purposes with an interest rate fixation period of over one & up to five years (new business),4.41,pct_anual,2025-11,"BCE, ECB Data Portal, dataset MIR",https://data.ecb.europa.eu/data/datasets/MIR/MIR.MIR.M.U2.B.A2D.I.R.A.2250.EUR.N,2026-09-16,Total,Over 1 and up to 5 years initial rate fixation,n/a,nivel,media_ponderada_volumen,serie MIR.M.U2.B.A2D.I.R.A.2250.EUR.N
Zona euro (referencia),credito_consumo_hogares_referencia,tipo | Bank interest rates - loans to households for other purposes with an interest rate fixation period of over one & up to five years (new business),4.38,pct_anual,2025-12,"BCE, ECB Data Portal, dataset MIR",https://data.ecb.europa.eu/data/datasets/MIR/MIR.MIR.M.U2.B.A2D.I.R.A.2250.EUR.N,2026-09-16,Total,Over 1 and up to 5 years initial rate fixation,n/a,nivel,media_ponderada_volumen,serie MIR.M.U2.B.A2D.I.R.A.2250.EUR.N
Zona euro (referencia),credito_consumo_hogares_referencia,tipo | Bank interest rates - loans to households for other purposes with an interest rate fixation period of over one & up to five years (new business),4.35,pct_anual,2026-01,"BCE, ECB Data Portal, dataset MIR",https://data.ecb.europa.eu/data/datasets/MIR/MIR.MIR.M.U2.B.A2D.I.R.A.2250.EUR.N,2026-09-16,Total,Over 1 and up to 5 years initial rate fixation,n/a,nivel,media_ponderada_volumen,serie MIR.M.U2.B.A2D.I.R.A.2250.EUR.N
Zona euro (referencia),credito_consumo_hogares_referencia,tipo | Bank interest rates - loans to households for other purposes with an interest rate fixation period of over one & up to five years (new business),4.32,pct_anual,2026-02,"BCE, ECB Data Portal, dataset MIR",https://data.ecb.europa.eu/data/datasets/MIR/MIR.MIR.M.U2.B.A2D.I.R.A.2250.EUR.N,2026-09-16,Total,Over 1 and up to 5 years initial rate fixation,n/a,nivel,media_ponderada_volumen,serie MIR.M.U2.B.A2D.I.R.A.2250.EUR.N
Zona euro (referencia),credito_consumo_hogares_referencia,tipo | Bank interest rates - loans to households for other purposes with an interest rate fixation period of over one & up to five years (new business),4.16,pct_anual,2026-03,"BCE, ECB Data Portal, dataset MIR",https://data.ecb.europa.eu/data/datasets/MIR/MIR.MIR.M.U2.B.A2D.I.R.A.2250.EUR.N,2026-09-16,Total,Over 1 and up to 5 years initial rate fixation,n/a,nivel,media_ponderada_volumen,serie MIR.M.U2.B.A2D.I.R.A.2250.EUR.N
Zona euro (referencia),credito_consumo_hogares_referencia,tipo | Bank interest rates - loans to households for other purposes with an interest rate fixation period of over one & up to five years (new business),4.42,pct_anual,2026-04,"BCE, ECB Data Portal, dataset MIR",https://data.ecb.europa.eu/data/datasets/MIR/MIR.MIR.M.U2.B.A2D.I.R.A.2250.EUR.N,2026-09-16,Total,Over 1 and up to 5 years initial rate fixation,n/a,nivel,media_ponderada_volumen,serie MIR.M.U2.B.A2D.I.R.A.2250.EUR.N
Zona euro (referencia),credito_consumo_hogares_referencia,tipo | Bank interest rates - loans to households for other purposes with an interest rate fixation period of over one & up to five years (new business),4.51,pct_anual,2026-05,"BCE, ECB Data Portal, dataset MIR",https://data.ecb.europa.eu/data/datasets/MIR/MIR.MIR.M.U2.B.A2D.I.R.A.2250.EUR.N,2026-09-16,Total,Over 1 and up to 5 years initial rate fixation,n/a,nivel,media_ponderada_volumen,serie MIR.M.U2.B.A2D.I.R.A.2250.EUR.N
Zona euro (referencia),credito_consumo_hogares_referencia,tipo | Bank interest rates - loans to households for other purposes with an interest rate fixation period of over one & up to five years (new business),4.54,pct_anual,2026-06,"BCE, ECB Data Portal, dataset MIR",https://data.ecb.europa.eu/data/datasets/MIR/MIR.MIR.M.U2.B.A2D.I.R.A.2250.EUR.N,2026-09-16,Total,Over 1 and up to 5 years initial rate fixation,n/a,nivel,media_ponderada_volumen,serie MIR.M.U2.B.A2D.I.R.A.2250.EUR.N
Zona euro (referencia),credito_consumo_hogares_referencia,tipo | Bank interest rates - loans to households for other purposes with an interest rate fixation period of over one & up to five years (new business),4.55,pct_anual,2026-07,"BCE, ECB Data Portal, dataset MIR",https://data.ecb.europa.eu/data/datasets/MIR/MIR.MIR.M.U2.B.A2D.I.R.A.2250.EUR.N,2026-09-16,Total,Over 1 and up to 5 years initial rate fixation,n/a,nivel,media_ponderada_volumen,serie MIR.M.U2.B.A2D.I.R.A.2250.EUR.N; OBS_STATUS=P (no definitivo)
Zona euro (referencia),credito_consumo_hogares_referencia,tipo | Bank interest rates - loans to households for other purposes with an interest rate fixation period of over five years (new business),4.22,pct_anual,2025-01,"BCE, ECB Data Portal, dataset MIR",https://data.ecb.europa.eu/data/datasets/MIR/MIR.MIR.M.U2.B.A2D.J.R.A.2250.EUR.N,2026-09-16,Total,Over 5 years initial rate fixation,n/a,nivel,media_ponderada_volumen,serie MIR.M.U2.B.A2D.J.R.A.2250.EUR.N
Zona euro (referencia),credito_consumo_hogares_referencia,tipo | Bank interest rates - loans to households for other purposes with an interest rate fixation period of over five years (new business),4.25,pct_anual,2025-02,"BCE, ECB Data Portal, dataset MIR",https://data.ecb.europa.eu/data/datasets/MIR/MIR.MIR.M.U2.B.A2D.J.R.A.2250.EUR.N,2026-09-16,Total,Over 5 years initial rate fixation,n/a,nivel,media_ponderada_volumen,serie MIR.M.U2.B.A2D.J.R.A.2250.EUR.N
Zona euro (referencia),credito_consumo_hogares_referencia,tipo | Bank interest rates - loans to households for other purposes with an interest rate fixation period of over five years (new business),4.24,pct_anual,2025-03,"BCE, ECB Data Portal, dataset MIR",https://data.ecb.europa.eu/data/datasets/MIR/MIR.MIR.M.U2.B.A2D.J.R.A.2250.EUR.N,2026-09-16,Total,Over 5 years initial rate fixation,n/a,nivel,media_ponderada_volumen,serie MIR.M.U2.B.A2D.J.R.A.2250.EUR.N
Zona euro (referencia),credito_consumo_hogares_referencia,tipo | Bank interest rates - loans to households for other purposes with an interest rate fixation period of over five years (new business),4.19,pct_anual,2025-04,"BCE, ECB Data Portal, dataset MIR",https://data.ecb.europa.eu/data/datasets/MIR/MIR.MIR.M.U2.B.A2D.J.R.A.2250.EUR.N,2026-09-16,Total,Over 5 years initial rate fixation,n/a,nivel,media_ponderada_volumen,serie MIR.M.U2.B.A2D.J.R.A.2250.EUR.N
Zona euro (referencia),credito_consumo_hogares_referencia,tipo | Bank interest rates - loans to households for other purposes with an interest rate fixation period of over five years (new business),4.23,pct_anual,2025-05,"BCE, ECB Data Portal, dataset MIR",https://data.ecb.europa.eu/data/datasets/MIR/MIR.MIR.M.U2.B.A2D.J.R.A.2250.EUR.N,2026-09-16,Total,Over 5 years initial rate fixation,n/a,nivel,media_ponderada_volumen,serie MIR.M.U2.B.A2D.J.R.A.2250.EUR.N
Zona euro (referencia),credito_consumo_hogares_referencia,tipo | Bank interest rates - loans to households for other purposes with an interest rate fixation period of over five years (new business),4.15,pct_anual,2025-06,"BCE, ECB Data Portal, dataset MIR",https://data.ecb.europa.eu/data/datasets/MIR/MIR.MIR.M.U2.B.A2D.J.R.A.2250.EUR.N,2026-09-16,Total,Over 5 years initial rate fixation,n/a,nivel,media_ponderada_volumen,serie MIR.M.U2.B.A2D.J.R.A.2250.EUR.N
Zona euro (referencia),credito_consumo_hogares_referencia,tipo | Bank interest rates - loans to households for other purposes with an interest rate fixation period of over five years (new business),4.09,pct_anual,2025-07,"BCE, ECB Data Portal, dataset MIR",https://data.ecb.europa.eu/data/datasets/MIR/MIR.MIR.M.U2.B.A2D.J.R.A.2250.EUR.N,2026-09-16,Total,Over 5 years initial rate fixation,n/a,nivel,media_ponderada_volumen,serie MIR.M.U2.B.A2D.J.R.A.2250.EUR.N
Zona euro (referencia),credito_consumo_hogares_referencia,tipo | Bank interest rates - loans to households for other purposes with an interest rate fixation period of over five years (new business),4.2,pct_anual,2025-08,"BCE, ECB Data Portal, dataset MIR",https://data.ecb.europa.eu/data/datasets/MIR/MIR.MIR.M.U2.B.A2D.J.R.A.2250.EUR.N,2026-09-16,Total,Over 5 years initial rate fixation,n/a,nivel,media_ponderada_volumen,serie MIR.M.U2.B.A2D.J.R.A.2250.EUR.N
Zona euro (referencia),credito_consumo_hogares_referencia,tipo | Bank interest rates - loans to households for other purposes with an interest rate fixation period of over five years (new business),4.23,pct_anual,2025-09,"BCE, ECB Data Portal, dataset MIR",https://data.ecb.europa.eu/data/datasets/MIR/MIR.MIR.M.U2.B.A2D.J.R.A.2250.EUR.N,2026-09-16,Total,Over 5 years initial rate fixation,n/a,nivel,media_ponderada_volumen,serie MIR.M.U2.B.A2D.J.R.A.2250.EUR.N
Zona euro (referencia),credito_consumo_hogares_referencia,tipo | Bank interest rates - loans to households for other purposes with an interest rate fixation period of over five years (new business),4.25,pct_anual,2025-10,"BCE, ECB Data Portal, dataset MIR",https://data.ecb.europa.eu/data/datasets/MIR/MIR.MIR.M.U2.B.A2D.J.R.A.2250.EUR.N,2026-09-16,Total,Over 5 years initial rate fixation,n/a,nivel,media_ponderada_volumen,serie MIR.M.U2.B.A2D.J.R.A.2250.EUR.N
Zona euro (referencia),credito_consumo_hogares_referencia,tipo | Bank interest rates - loans to households for other purposes with an interest rate fixation period of over five years (new business),4.15,pct_anual,2025-11,"BCE, ECB Data Portal, dataset MIR",https://data.ecb.europa.eu/data/datasets/MIR/MIR.MIR.M.U2.B.A2D.J.R.A.2250.EUR.N,2026-09-16,Total,Over 5 years initial rate fixation,n/a,nivel,media_ponderada_volumen,serie MIR.M.U2.B.A2D.J.R.A.2250.EUR.N
Zona euro (referencia),credito_consumo_hogares_referencia,tipo | Bank interest rates - loans to households for other purposes with an interest rate fixation period of over five years (new business),4,pct_anual,2025-12,"BCE, ECB Data Portal, dataset MIR",https://data.ecb.europa.eu/data/datasets/MIR/MIR.MIR.M.U2.B.A2D.J.R.A.2250.EUR.N,2026-09-16,Total,Over 5 years initial rate fixation,n/a,nivel,media_ponderada_volumen,serie MIR.M.U2.B.A2D.J.R.A.2250.EUR.N
Zona euro (referencia),credito_consumo_hogares_referencia,tipo | Bank interest rates - loans to households for other purposes with an interest rate fixation period of over five years (new business),4.18,pct_anual,2026-01,"BCE, ECB Data Portal, dataset MIR",https://data.ecb.europa.eu/data/datasets/MIR/MIR.MIR.M.U2.B.A2D.J.R.A.2250.EUR.N,2026-09-16,Total,Over 5 years initial rate fixation,n/a,nivel,media_ponderada_volumen,serie MIR.M.U2.B.A2D.J.R.A.2250.EUR.N
Zona euro (referencia),credito_consumo_hogares_referencia,tipo | Bank interest rates - loans to households for other purposes with an interest rate fixation period of over five years (new business),4.21,pct_anual,2026-02,"BCE, ECB Data Portal, dataset MIR",https://data.ecb.europa.eu/data/datasets/MIR/MIR.MIR.M.U2.B.A2D.J.R.A.2250.EUR.N,2026-09-16,Total,Over 5 years initial rate fixation,n/a,nivel,media_ponderada_volumen,serie MIR.M.U2.B.A2D.J.R.A.2250.EUR.N
Zona euro (referencia),credito_consumo_hogares_referencia,tipo | Bank interest rates - loans to households for other purposes with an interest rate fixation period of over five years (new business),4.2,pct_anual,2026-03,"BCE, ECB Data Portal, dataset MIR",https://data.ecb.europa.eu/data/datasets/MIR/MIR.MIR.M.U2.B.A2D.J.R.A.2250.EUR.N,2026-09-16,Total,Over 5 years initial rate fixation,n/a,nivel,media_ponderada_volumen,serie MIR.M.U2.B.A2D.J.R.A.2250.EUR.N
Zona euro (referencia),credito_consumo_hogares_referencia,tipo | Bank interest rates - loans to households for other purposes with an interest rate fixation period of over five years (new business),4.31,pct_anual,2026-04,"BCE, ECB Data Portal, dataset MIR",https://data.ecb.europa.eu/data/datasets/MIR/MIR.MIR.M.U2.B.A2D.J.R.A.2250.EUR.N,2026-09-16,Total,Over 5 years initial rate fixation,n/a,nivel,media_ponderada_volumen,serie MIR.M.U2.B.A2D.J.R.A.2250.EUR.N
Zona euro (referencia),credito_consumo_hogares_referencia,tipo | Bank interest rates - loans to households for other purposes with an interest rate fixation period of over five years (new business),4.44,pct_anual,2026-05,"BCE, ECB Data Portal, dataset MIR",https://data.ecb.europa.eu/data/datasets/MIR/MIR.MIR.M.U2.B.A2D.J.R.A.2250.EUR.N,2026-09-16,Total,Over 5 years initial rate fixation,n/a,nivel,media_ponderada_volumen,serie MIR.M.U2.B.A2D.J.R.A.2250.EUR.N
Zona euro (referencia),credito_consumo_hogares_referencia,tipo | Bank interest rates - loans to households for other purposes with an interest rate fixation period of over five years (new business),4.32,pct_anual,2026-06,"BCE, ECB Data Portal, dataset MIR",https://data.ecb.europa.eu/data/datasets/MIR/MIR.MIR.M.U2.B.A2D.J.R.A.2250.EUR.N,2026-09-16,Total,Over 5 years initial rate fixation,n/a,nivel,media_ponderada_volumen,serie MIR.M.U2.B.A2D.J.R.A.2250.EUR.N
Zona euro (referencia),credito_consumo_hogares_referencia,tipo | Bank interest rates - loans to households for other purposes with an interest rate fixation period of over five years (new business),4.41,pct_anual,2026-07,"BCE, ECB Data Portal, dataset MIR",https://data.ecb.europa.eu/data/datasets/MIR/MIR.MIR.M.U2.B.A2D.J.R.A.2250.EUR.N,2026-09-16,Total,Over 5 years initial rate fixation,n/a,nivel,media_ponderada_volumen,serie MIR.M.U2.B.A2D.J.R.A.2250.EUR.N; OBS_STATUS=P (no definitivo)
Zona euro (referencia),credito_consumo_hogares_referencia,tipo | Bank interest rates - loans to households for other purposes with an interest rate fixation period of over one year (new business),4.37,pct_anual,2025-01,"BCE, ECB Data Portal, dataset MIR",https://data.ecb.europa.eu/data/datasets/MIR/MIR.MIR.M.U2.B.A2D.K.R.A.2250.EUR.N,2026-09-16,Total,Over 1 year initial rate fixation,n/a,nivel,media_ponderada_volumen,serie MIR.M.U2.B.A2D.K.R.A.2250.EUR.N
Zona euro (referencia),credito_consumo_hogares_referencia,tipo | Bank interest rates - loans to households for other purposes with an interest rate fixation period of over one year (new business),4.4,pct_anual,2025-02,"BCE, ECB Data Portal, dataset MIR",https://data.ecb.europa.eu/data/datasets/MIR/MIR.MIR.M.U2.B.A2D.K.R.A.2250.EUR.N,2026-09-16,Total,Over 1 year initial rate fixation,n/a,nivel,media_ponderada_volumen,serie MIR.M.U2.B.A2D.K.R.A.2250.EUR.N
Zona euro (referencia),credito_consumo_hogares_referencia,tipo | Bank interest rates - loans to households for other purposes with an interest rate fixation period of over one year (new business),4.36,pct_anual,2025-03,"BCE, ECB Data Portal, dataset MIR",https://data.ecb.europa.eu/data/datasets/MIR/MIR.MIR.M.U2.B.A2D.K.R.A.2250.EUR.N,2026-09-16,Total,Over 1 year initial rate fixation,n/a,nivel,media_ponderada_volumen,serie MIR.M.U2.B.A2D.K.R.A.2250.EUR.N
Zona euro (referencia),credito_consumo_hogares_referencia,tipo | Bank interest rates - loans to households for other purposes with an interest rate fixation period of over one year (new business),4.32,pct_anual,2025-04,"BCE, ECB Data Portal, dataset MIR",https://data.ecb.europa.eu/data/datasets/MIR/MIR.MIR.M.U2.B.A2D.K.R.A.2250.EUR.N,2026-09-16,Total,Over 1 year initial rate fixation,n/a,nivel,media_ponderada_volumen,serie MIR.M.U2.B.A2D.K.R.A.2250.EUR.N
Zona euro (referencia),credito_consumo_hogares_referencia,tipo | Bank interest rates - loans to households for other purposes with an interest rate fixation period of over one year (new business),4.33,pct_anual,2025-05,"BCE, ECB Data Portal, dataset MIR",https://data.ecb.europa.eu/data/datasets/MIR/MIR.MIR.M.U2.B.A2D.K.R.A.2250.EUR.N,2026-09-16,Total,Over 1 year initial rate fixation,n/a,nivel,media_ponderada_volumen,serie MIR.M.U2.B.A2D.K.R.A.2250.EUR.N
Zona euro (referencia),credito_consumo_hogares_referencia,tipo | Bank interest rates - loans to households for other purposes with an interest rate fixation period of over one year (new business),4.23,pct_anual,2025-06,"BCE, ECB Data Portal, dataset MIR",https://data.ecb.europa.eu/data/datasets/MIR/MIR.MIR.M.U2.B.A2D.K.R.A.2250.EUR.N,2026-09-16,Total,Over 1 year initial rate fixation,n/a,nivel,media_ponderada_volumen,serie MIR.M.U2.B.A2D.K.R.A.2250.EUR.N
Zona euro (referencia),credito_consumo_hogares_referencia,tipo | Bank interest rates - loans to households for other purposes with an interest rate fixation period of over one year (new business),4.19,pct_anual,2025-07,"BCE, ECB Data Portal, dataset MIR",https://data.ecb.europa.eu/data/datasets/MIR/MIR.MIR.M.U2.B.A2D.K.R.A.2250.EUR.N,2026-09-16,Total,Over 1 year initial rate fixation,n/a,nivel,media_ponderada_volumen,serie MIR.M.U2.B.A2D.K.R.A.2250.EUR.N
Zona euro (referencia),credito_consumo_hogares_referencia,tipo | Bank interest rates - loans to households for other purposes with an interest rate fixation period of over one year (new business),4.27,pct_anual,2025-08,"BCE, ECB Data Portal, dataset MIR",https://data.ecb.europa.eu/data/datasets/MIR/MIR.MIR.M.U2.B.A2D.K.R.A.2250.EUR.N,2026-09-16,Total,Over 1 year initial rate fixation,n/a,nivel,media_ponderada_volumen,serie MIR.M.U2.B.A2D.K.R.A.2250.EUR.N
Zona euro (referencia),credito_consumo_hogares_referencia,tipo | Bank interest rates - loans to households for other purposes with an interest rate fixation period of over one year (new business),4.29,pct_anual,2025-09,"BCE, ECB Data Portal, dataset MIR",https://data.ecb.europa.eu/data/datasets/MIR/MIR.MIR.M.U2.B.A2D.K.R.A.2250.EUR.N,2026-09-16,Total,Over 1 year initial rate fixation,n/a,nivel,media_ponderada_volumen,serie MIR.M.U2.B.A2D.K.R.A.2250.EUR.N
Zona euro (referencia),credito_consumo_hogares_referencia,tipo | Bank interest rates - loans to households for other purposes with an interest rate fixation period of over one year (new business),4.29,pct_anual,2025-10,"BCE, ECB Data Portal, dataset MIR",https://data.ecb.europa.eu/data/datasets/MIR/MIR.MIR.M.U2.B.A2D.K.R.A.2250.EUR.N,2026-09-16,Total,Over 1 year initial rate fixation,n/a,nivel,media_ponderada_volumen,serie MIR.M.U2.B.A2D.K.R.A.2250.EUR.N
Zona euro (referencia),credito_consumo_hogares_referencia,tipo | Bank interest rates - loans to households for other purposes with an interest rate fixation period of over one year (new business),4.24,pct_anual,2025-11,"BCE, ECB Data Portal, dataset MIR",https://data.ecb.europa.eu/data/datasets/MIR/MIR.MIR.M.U2.B.A2D.K.R.A.2250.EUR.N,2026-09-16,Total,Over 1 year initial rate fixation,n/a,nivel,media_ponderada_volumen,serie MIR.M.U2.B.A2D.K.R.A.2250.EUR.N
Zona euro (referencia),credito_consumo_hogares_referencia,tipo | Bank interest rates - loans to households for other purposes with an interest rate fixation period of over one year (new business),4.14,pct_anual,2025-12,"BCE, ECB Data Portal, dataset MIR",https://data.ecb.europa.eu/data/datasets/MIR/MIR.MIR.M.U2.B.A2D.K.R.A.2250.EUR.N,2026-09-16,Total,Over 1 year initial rate fixation,n/a,nivel,media_ponderada_volumen,serie MIR.M.U2.B.A2D.K.R.A.2250.EUR.N
Zona euro (referencia),credito_consumo_hogares_referencia,tipo | Bank interest rates - loans to households for other purposes with an interest rate fixation period of over one year (new business),4.25,pct_anual,2026-01,"BCE, ECB Data Portal, dataset MIR",https://data.ecb.europa.eu/data/datasets/MIR/MIR.MIR.M.U2.B.A2D.K.R.A.2250.EUR.N,2026-09-16,Total,Over 1 year initial rate fixation,n/a,nivel,media_ponderada_volumen,serie MIR.M.U2.B.A2D.K.R.A.2250.EUR.N
Zona euro (referencia),credito_consumo_hogares_referencia,tipo | Bank interest rates - loans to households for other purposes with an interest rate fixation period of over one year (new business),4.25,pct_anual,2026-02,"BCE, ECB Data Portal, dataset MIR",https://data.ecb.europa.eu/data/datasets/MIR/MIR.MIR.M.U2.B.A2D.K.R.A.2250.EUR.N,2026-09-16,Total,Over 1 year initial rate fixation,n/a,nivel,media_ponderada_volumen,serie MIR.M.U2.B.A2D.K.R.A.2250.EUR.N
Zona euro (referencia),credito_consumo_hogares_referencia,tipo | Bank interest rates - loans to households for other purposes with an interest rate fixation period of over one year (new business),4.19,pct_anual,2026-03,"BCE, ECB Data Portal, dataset MIR",https://data.ecb.europa.eu/data/datasets/MIR/MIR.MIR.M.U2.B.A2D.K.R.A.2250.EUR.N,2026-09-16,Total,Over 1 year initial rate fixation,n/a,nivel,media_ponderada_volumen,serie MIR.M.U2.B.A2D.K.R.A.2250.EUR.N
Zona euro (referencia),credito_consumo_hogares_referencia,tipo | Bank interest rates - loans to households for other purposes with an interest rate fixation period of over one year (new business),4.35,pct_anual,2026-04,"BCE, ECB Data Portal, dataset MIR",https://data.ecb.europa.eu/data/datasets/MIR/MIR.MIR.M.U2.B.A2D.K.R.A.2250.EUR.N,2026-09-16,Total,Over 1 year initial rate fixation,n/a,nivel,media_ponderada_volumen,serie MIR.M.U2.B.A2D.K.R.A.2250.EUR.N
Zona euro (referencia),credito_consumo_hogares_referencia,tipo | Bank interest rates - loans to households for other purposes with an interest rate fixation period of over one year (new business),4.47,pct_anual,2026-05,"BCE, ECB Data Portal, dataset MIR",https://data.ecb.europa.eu/data/datasets/MIR/MIR.MIR.M.U2.B.A2D.K.R.A.2250.EUR.N,2026-09-16,Total,Over 1 year initial rate fixation,n/a,nivel,media_ponderada_volumen,serie MIR.M.U2.B.A2D.K.R.A.2250.EUR.N
Zona euro (referencia),credito_consumo_hogares_referencia,tipo | Bank interest rates - loans to households for other purposes with an interest rate fixation period of over one year (new business),4.4,pct_anual,2026-06,"BCE, ECB Data Portal, dataset MIR",https://data.ecb.europa.eu/data/datasets/MIR/MIR.MIR.M.U2.B.A2D.K.R.A.2250.EUR.N,2026-09-16,Total,Over 1 year initial rate fixation,n/a,nivel,media_ponderada_volumen,serie MIR.M.U2.B.A2D.K.R.A.2250.EUR.N
Zona euro (referencia),credito_consumo_hogares_referencia,tipo | Bank interest rates - loans to households for other purposes with an interest rate fixation period of over one year (new business),4.47,pct_anual,2026-07,"BCE, ECB Data Portal, dataset MIR",https://data.ecb.europa.eu/data/datasets/MIR/MIR.MIR.M.U2.B.A2D.K.R.A.2250.EUR.N,2026-09-16,Total,Over 1 year initial rate fixation,n/a,nivel,media_ponderada_volumen,serie MIR.M.U2.B.A2D.K.R.A.2250.EUR.N; OBS_STATUS=P (no definitivo)
Zona euro (referencia),credito_consumo_hogares_referencia,volumen | Bank business volumes - loans to households for other purposes (new business),14028.71,eur_millones,2025-01,"BCE, ECB Data Portal, dataset MIR",https://data.ecb.europa.eu/data/datasets/MIR/MIR.MIR.M.U2.B.A2D.A.B.A.2250.EUR.N,2026-09-16,Total,Total initial rate fixation,n/a,volumen,dato_unico,serie MIR.M.U2.B.A2D.A.B.A.2250.EUR.N
Zona euro (referencia),credito_consumo_hogares_referencia,volumen | Bank business volumes - loans to households for other purposes (new business),12261.57,eur_millones,2025-02,"BCE, ECB Data Portal, dataset MIR",https://data.ecb.europa.eu/data/datasets/MIR/MIR.MIR.M.U2.B.A2D.A.B.A.2250.EUR.N,2026-09-16,Total,Total initial rate fixation,n/a,volumen,dato_unico,serie MIR.M.U2.B.A2D.A.B.A.2250.EUR.N
Zona euro (referencia),credito_consumo_hogares_referencia,volumen | Bank business volumes - loans to households for other purposes (new business),14713.25,eur_millones,2025-03,"BCE, ECB Data Portal, dataset MIR",https://data.ecb.europa.eu/data/datasets/MIR/MIR.MIR.M.U2.B.A2D.A.B.A.2250.EUR.N,2026-09-16,Total,Total initial rate fixation,n/a,volumen,dato_unico,serie MIR.M.U2.B.A2D.A.B.A.2250.EUR.N
Zona euro (referencia),credito_consumo_hogares_referencia,volumen | Bank business volumes - loans to households for other purposes (new business),14457.37,eur_millones,2025-04,"BCE, ECB Data Portal, dataset MIR",https://data.ecb.europa.eu/data/datasets/MIR/MIR.MIR.M.U2.B.A2D.A.B.A.2250.EUR.N,2026-09-16,Total,Total initial rate fixation,n/a,volumen,dato_unico,serie MIR.M.U2.B.A2D.A.B.A.2250.EUR.N
Zona euro (referencia),credito_consumo_hogares_referencia,volumen | Bank business volumes - loans to households for other purposes (new business),13078.47,eur_millones,2025-05,"BCE, ECB Data Portal, dataset MIR",https://data.ecb.europa.eu/data/datasets/MIR/MIR.MIR.M.U2.B.A2D.A.B.A.2250.EUR.N,2026-09-16,Total,Total initial rate fixation,n/a,volumen,dato_unico,serie MIR.M.U2.B.A2D.A.B.A.2250.EUR.N
Zona euro (referencia),credito_consumo_hogares_referencia,volumen | Bank business volumes - loans to households for other purposes (new business),14661.45,eur_millones,2025-06,"BCE, ECB Data Portal, dataset MIR",https://data.ecb.europa.eu/data/datasets/MIR/MIR.MIR.M.U2.B.A2D.A.B.A.2250.EUR.N,2026-09-16,Total,Total initial rate fixation,n/a,volumen,dato_unico,serie MIR.M.U2.B.A2D.A.B.A.2250.EUR.N
Zona euro (referencia),credito_consumo_hogares_referencia,volumen | Bank business volumes - loans to households for other purposes (new business),15843.47,eur_millones,2025-07,"BCE, ECB Data Portal, dataset MIR",https://data.ecb.europa.eu/data/datasets/MIR/MIR.MIR.M.U2.B.A2D.A.B.A.2250.EUR.N,2026-09-16,Total,Total initial rate fixation,n/a,volumen,dato_unico,serie MIR.M.U2.B.A2D.A.B.A.2250.EUR.N
Zona euro (referencia),credito_consumo_hogares_referencia,volumen | Bank business volumes - loans to households for other purposes (new business),10788.64,eur_millones,2025-08,"BCE, ECB Data Portal, dataset MIR",https://data.ecb.europa.eu/data/datasets/MIR/MIR.MIR.M.U2.B.A2D.A.B.A.2250.EUR.N,2026-09-16,Total,Total initial rate fixation,n/a,volumen,dato_unico,serie MIR.M.U2.B.A2D.A.B.A.2250.EUR.N
Zona euro (referencia),credito_consumo_hogares_referencia,volumen | Bank business volumes - loans to households for other purposes (new business),13070.48,eur_millones,2025-09,"BCE, ECB Data Portal, dataset MIR",https://data.ecb.europa.eu/data/datasets/MIR/MIR.MIR.M.U2.B.A2D.A.B.A.2250.EUR.N,2026-09-16,Total,Total initial rate fixation,n/a,volumen,dato_unico,serie MIR.M.U2.B.A2D.A.B.A.2250.EUR.N
Zona euro (referencia),credito_consumo_hogares_referencia,volumen | Bank business volumes - loans to households for other purposes (new business),13827.01,eur_millones,2025-10,"BCE, ECB Data Portal, dataset MIR",https://data.ecb.europa.eu/data/datasets/MIR/MIR.MIR.M.U2.B.A2D.A.B.A.2250.EUR.N,2026-09-16,Total,Total initial rate fixation,n/a,volumen,dato_unico,serie MIR.M.U2.B.A2D.A.B.A.2250.EUR.N
Zona euro (referencia),credito_consumo_hogares_referencia,volumen | Bank business volumes - loans to households for other purposes (new business),12580.29,eur_millones,2025-11,"BCE, ECB Data Portal, dataset MIR",https://data.ecb.europa.eu/data/datasets/MIR/MIR.MIR.M.U2.B.A2D.A.B.A.2250.EUR.N,2026-09-16,Total,Total initial rate fixation,n/a,volumen,dato_unico,serie MIR.M.U2.B.A2D.A.B.A.2250.EUR.N
Zona euro (referencia),credito_consumo_hogares_referencia,volumen | Bank business volumes - loans to households for other purposes (new business),16137.83,eur_millones,2025-12,"BCE, ECB Data Portal, dataset MIR",https://data.ecb.europa.eu/data/datasets/MIR/MIR.MIR.M.U2.B.A2D.A.B.A.2250.EUR.N,2026-09-16,Total,Total initial rate fixation,n/a,volumen,dato_unico,serie MIR.M.U2.B.A2D.A.B.A.2250.EUR.N
Zona euro (referencia),credito_consumo_hogares_referencia,volumen | Bank business volumes - loans to households for other purposes (new business),13421.25,eur_millones,2026-01,"BCE, ECB Data Portal, dataset MIR",https://data.ecb.europa.eu/data/datasets/MIR/MIR.MIR.M.U2.B.A2D.A.B.A.2250.EUR.N,2026-09-16,Total,Total initial rate fixation,n/a,volumen,dato_unico,serie MIR.M.U2.B.A2D.A.B.A.2250.EUR.N
Zona euro (referencia),credito_consumo_hogares_referencia,volumen | Bank business volumes - loans to households for other purposes (new business),12791.81,eur_millones,2026-02,"BCE, ECB Data Portal, dataset MIR",https://data.ecb.europa.eu/data/datasets/MIR/MIR.MIR.M.U2.B.A2D.A.B.A.2250.EUR.N,2026-09-16,Total,Total initial rate fixation,n/a,volumen,dato_unico,serie MIR.M.U2.B.A2D.A.B.A.2250.EUR.N
Zona euro (referencia),credito_consumo_hogares_referencia,volumen | Bank business volumes - loans to households for other purposes (new business),16071.23,eur_millones,2026-03,"BCE, ECB Data Portal, dataset MIR",https://data.ecb.europa.eu/data/datasets/MIR/MIR.MIR.M.U2.B.A2D.A.B.A.2250.EUR.N,2026-09-16,Total,Total initial rate fixation,n/a,volumen,dato_unico,serie MIR.M.U2.B.A2D.A.B.A.2250.EUR.N
Zona euro (referencia),credito_consumo_hogares_referencia,volumen | Bank business volumes - loans to households for other purposes (new business),13586.77,eur_millones,2026-04,"BCE, ECB Data Portal, dataset MIR",https://data.ecb.europa.eu/data/datasets/MIR/MIR.MIR.M.U2.B.A2D.A.B.A.2250.EUR.N,2026-09-16,Total,Total initial rate fixation,n/a,volumen,dato_unico,serie MIR.M.U2.B.A2D.A.B.A.2250.EUR.N
Zona euro (referencia),credito_consumo_hogares_referencia,volumen | Bank business volumes - loans to households for other purposes (new business),12200.28,eur_millones,2026-05,"BCE, ECB Data Portal, dataset MIR",https://data.ecb.europa.eu/data/datasets/MIR/MIR.MIR.M.U2.B.A2D.A.B.A.2250.EUR.N,2026-09-16,Total,Total initial rate fixation,n/a,volumen,dato_unico,serie MIR.M.U2.B.A2D.A.B.A.2250.EUR.N
Zona euro (referencia),credito_consumo_hogares_referencia,volumen | Bank business volumes - loans to households for other purposes (new business),14837.85,eur_millones,2026-06,"BCE, ECB Data Portal, dataset MIR",https://data.ecb.europa.eu/data/datasets/MIR/MIR.MIR.M.U2.B.A2D.A.B.A.2250.EUR.N,2026-09-16,Total,Total initial rate fixation,n/a,volumen,dato_unico,serie MIR.M.U2.B.A2D.A.B.A.2250.EUR.N
Zona euro (referencia),credito_consumo_hogares_referencia,volumen | Bank business volumes - loans to households for other purposes (new business),14324.16,eur_millones,2026-07,"BCE, ECB Data Portal, dataset MIR",https://data.ecb.europa.eu/data/datasets/MIR/MIR.MIR.M.U2.B.A2D.A.B.A.2250.EUR.N,2026-09-16,Total,Total initial rate fixation,n/a,volumen,dato_unico,serie MIR.M.U2.B.A2D.A.B.A.2250.EUR.N; OBS_STATUS=P (no definitivo)
Zona euro (referencia),credito_consumo_hogares_referencia,volumen | Bank business volumes - loans to households for other purposes with a variable rate and an interest rate fixation period of up to one year (new business),7642.84,eur_millones,2025-01,"BCE, ECB Data Portal, dataset MIR",https://data.ecb.europa.eu/data/datasets/MIR/MIR.MIR.M.U2.B.A2D.F.B.A.2250.EUR.N,2026-09-16,Total,Up to 1 year initial rate fixation,n/a,volumen,dato_unico,serie MIR.M.U2.B.A2D.F.B.A.2250.EUR.N
Zona euro (referencia),credito_consumo_hogares_referencia,volumen | Bank business volumes - loans to households for other purposes with a variable rate and an interest rate fixation period of up to one year (new business),6017.16,eur_millones,2025-02,"BCE, ECB Data Portal, dataset MIR",https://data.ecb.europa.eu/data/datasets/MIR/MIR.MIR.M.U2.B.A2D.F.B.A.2250.EUR.N,2026-09-16,Total,Up to 1 year initial rate fixation,n/a,volumen,dato_unico,serie MIR.M.U2.B.A2D.F.B.A.2250.EUR.N
Zona euro (referencia),credito_consumo_hogares_referencia,volumen | Bank business volumes - loans to households for other purposes with a variable rate and an interest rate fixation period of up to one year (new business),7338.4,eur_millones,2025-03,"BCE, ECB Data Portal, dataset MIR",https://data.ecb.europa.eu/data/datasets/MIR/MIR.MIR.M.U2.B.A2D.F.B.A.2250.EUR.N,2026-09-16,Total,Up to 1 year initial rate fixation,n/a,volumen,dato_unico,serie MIR.M.U2.B.A2D.F.B.A.2250.EUR.N
Zona euro (referencia),credito_consumo_hogares_referencia,volumen | Bank business volumes - loans to households for other purposes with a variable rate and an interest rate fixation period of up to one year (new business),7033.66,eur_millones,2025-04,"BCE, ECB Data Portal, dataset MIR",https://data.ecb.europa.eu/data/datasets/MIR/MIR.MIR.M.U2.B.A2D.F.B.A.2250.EUR.N,2026-09-16,Total,Up to 1 year initial rate fixation,n/a,volumen,dato_unico,serie MIR.M.U2.B.A2D.F.B.A.2250.EUR.N
Zona euro (referencia),credito_consumo_hogares_referencia,volumen | Bank business volumes - loans to households for other purposes with a variable rate and an interest rate fixation period of up to one year (new business),6342.29,eur_millones,2025-05,"BCE, ECB Data Portal, dataset MIR",https://data.ecb.europa.eu/data/datasets/MIR/MIR.MIR.M.U2.B.A2D.F.B.A.2250.EUR.N,2026-09-16,Total,Up to 1 year initial rate fixation,n/a,volumen,dato_unico,serie MIR.M.U2.B.A2D.F.B.A.2250.EUR.N
Zona euro (referencia),credito_consumo_hogares_referencia,volumen | Bank business volumes - loans to households for other purposes with a variable rate and an interest rate fixation period of up to one year (new business),7476.02,eur_millones,2025-06,"BCE, ECB Data Portal, dataset MIR",https://data.ecb.europa.eu/data/datasets/MIR/MIR.MIR.M.U2.B.A2D.F.B.A.2250.EUR.N,2026-09-16,Total,Up to 1 year initial rate fixation,n/a,volumen,dato_unico,serie MIR.M.U2.B.A2D.F.B.A.2250.EUR.N
Zona euro (referencia),credito_consumo_hogares_referencia,volumen | Bank business volumes - loans to households for other purposes with a variable rate and an interest rate fixation period of up to one year (new business),7621.03,eur_millones,2025-07,"BCE, ECB Data Portal, dataset MIR",https://data.ecb.europa.eu/data/datasets/MIR/MIR.MIR.M.U2.B.A2D.F.B.A.2250.EUR.N,2026-09-16,Total,Up to 1 year initial rate fixation,n/a,volumen,dato_unico,serie MIR.M.U2.B.A2D.F.B.A.2250.EUR.N
Zona euro (referencia),credito_consumo_hogares_referencia,volumen | Bank business volumes - loans to households for other purposes with a variable rate and an interest rate fixation period of up to one year (new business),5374.21,eur_millones,2025-08,"BCE, ECB Data Portal, dataset MIR",https://data.ecb.europa.eu/data/datasets/MIR/MIR.MIR.M.U2.B.A2D.F.B.A.2250.EUR.N,2026-09-16,Total,Up to 1 year initial rate fixation,n/a,volumen,dato_unico,serie MIR.M.U2.B.A2D.F.B.A.2250.EUR.N
Zona euro (referencia),credito_consumo_hogares_referencia,volumen | Bank business volumes - loans to households for other purposes with a variable rate and an interest rate fixation period of up to one year (new business),6633.67,eur_millones,2025-09,"BCE, ECB Data Portal, dataset MIR",https://data.ecb.europa.eu/data/datasets/MIR/MIR.MIR.M.U2.B.A2D.F.B.A.2250.EUR.N,2026-09-16,Total,Up to 1 year initial rate fixation,n/a,volumen,dato_unico,serie MIR.M.U2.B.A2D.F.B.A.2250.EUR.N
Zona euro (referencia),credito_consumo_hogares_referencia,volumen | Bank business volumes - loans to households for other purposes with a variable rate and an interest rate fixation period of up to one year (new business),7208.03,eur_millones,2025-10,"BCE, ECB Data Portal, dataset MIR",https://data.ecb.europa.eu/data/datasets/MIR/MIR.MIR.M.U2.B.A2D.F.B.A.2250.EUR.N,2026-09-16,Total,Up to 1 year initial rate fixation,n/a,volumen,dato_unico,serie MIR.M.U2.B.A2D.F.B.A.2250.EUR.N
Zona euro (referencia),credito_consumo_hogares_referencia,volumen | Bank business volumes - loans to households for other purposes with a variable rate and an interest rate fixation period of up to one year (new business),6539.16,eur_millones,2025-11,"BCE, ECB Data Portal, dataset MIR",https://data.ecb.europa.eu/data/datasets/MIR/MIR.MIR.M.U2.B.A2D.F.B.A.2250.EUR.N,2026-09-16,Total,Up to 1 year initial rate fixation,n/a,volumen,dato_unico,serie MIR.M.U2.B.A2D.F.B.A.2250.EUR.N
Zona euro (referencia),credito_consumo_hogares_referencia,volumen | Bank business volumes - loans to households for other purposes with a variable rate and an interest rate fixation period of up to one year (new business),8140.11,eur_millones,2025-12,"BCE, ECB Data Portal, dataset MIR",https://data.ecb.europa.eu/data/datasets/MIR/MIR.MIR.M.U2.B.A2D.F.B.A.2250.EUR.N,2026-09-16,Total,Up to 1 year initial rate fixation,n/a,volumen,dato_unico,serie MIR.M.U2.B.A2D.F.B.A.2250.EUR.N
Zona euro (referencia),credito_consumo_hogares_referencia,volumen | Bank business volumes - loans to households for other purposes with a variable rate and an interest rate fixation period of up to one year (new business),7465.31,eur_millones,2026-01,"BCE, ECB Data Portal, dataset MIR",https://data.ecb.europa.eu/data/datasets/MIR/MIR.MIR.M.U2.B.A2D.F.B.A.2250.EUR.N,2026-09-16,Total,Up to 1 year initial rate fixation,n/a,volumen,dato_unico,serie MIR.M.U2.B.A2D.F.B.A.2250.EUR.N
Zona euro (referencia),credito_consumo_hogares_referencia,volumen | Bank business volumes - loans to households for other purposes with a variable rate and an interest rate fixation period of up to one year (new business),6430.63,eur_millones,2026-02,"BCE, ECB Data Portal, dataset MIR",https://data.ecb.europa.eu/data/datasets/MIR/MIR.MIR.M.U2.B.A2D.F.B.A.2250.EUR.N,2026-09-16,Total,Up to 1 year initial rate fixation,n/a,volumen,dato_unico,serie MIR.M.U2.B.A2D.F.B.A.2250.EUR.N
Zona euro (referencia),credito_consumo_hogares_referencia,volumen | Bank business volumes - loans to households for other purposes with a variable rate and an interest rate fixation period of up to one year (new business),7970.66,eur_millones,2026-03,"BCE, ECB Data Portal, dataset MIR",https://data.ecb.europa.eu/data/datasets/MIR/MIR.MIR.M.U2.B.A2D.F.B.A.2250.EUR.N,2026-09-16,Total,Up to 1 year initial rate fixation,n/a,volumen,dato_unico,serie MIR.M.U2.B.A2D.F.B.A.2250.EUR.N
Zona euro (referencia),credito_consumo_hogares_referencia,volumen | Bank business volumes - loans to households for other purposes with a variable rate and an interest rate fixation period of up to one year (new business),6993.12,eur_millones,2026-04,"BCE, ECB Data Portal, dataset MIR",https://data.ecb.europa.eu/data/datasets/MIR/MIR.MIR.M.U2.B.A2D.F.B.A.2250.EUR.N,2026-09-16,Total,Up to 1 year initial rate fixation,n/a,volumen,dato_unico,serie MIR.M.U2.B.A2D.F.B.A.2250.EUR.N
Zona euro (referencia),credito_consumo_hogares_referencia,volumen | Bank business volumes - loans to households for other purposes with a variable rate and an interest rate fixation period of up to one year (new business),6601.7,eur_millones,2026-05,"BCE, ECB Data Portal, dataset MIR",https://data.ecb.europa.eu/data/datasets/MIR/MIR.MIR.M.U2.B.A2D.F.B.A.2250.EUR.N,2026-09-16,Total,Up to 1 year initial rate fixation,n/a,volumen,dato_unico,serie MIR.M.U2.B.A2D.F.B.A.2250.EUR.N
Zona euro (referencia),credito_consumo_hogares_referencia,volumen | Bank business volumes - loans to households for other purposes with a variable rate and an interest rate fixation period of up to one year (new business),7922.38,eur_millones,2026-06,"BCE, ECB Data Portal, dataset MIR",https://data.ecb.europa.eu/data/datasets/MIR/MIR.MIR.M.U2.B.A2D.F.B.A.2250.EUR.N,2026-09-16,Total,Up to 1 year initial rate fixation,n/a,volumen,dato_unico,serie MIR.M.U2.B.A2D.F.B.A.2250.EUR.N
Zona euro (referencia),credito_consumo_hogares_referencia,volumen | Bank business volumes - loans to households for other purposes with a variable rate and an interest rate fixation period of up to one year (new business),7355.71,eur_millones,2026-07,"BCE, ECB Data Portal, dataset MIR",https://data.ecb.europa.eu/data/datasets/MIR/MIR.MIR.M.U2.B.A2D.F.B.A.2250.EUR.N,2026-09-16,Total,Up to 1 year initial rate fixation,n/a,volumen,dato_unico,serie MIR.M.U2.B.A2D.F.B.A.2250.EUR.N; OBS_STATUS=P (no definitivo)
Zona euro (referencia),credito_consumo_hogares_referencia,volumen | Bank business volumes - loans to households for other purposes with an interest rate fixation period of over one & up to five years (new business),2463.21,eur_millones,2025-01,"BCE, ECB Data Portal, dataset MIR",https://data.ecb.europa.eu/data/datasets/MIR/MIR.MIR.M.U2.B.A2D.I.B.A.2250.EUR.N,2026-09-16,Total,Over 1 and up to 5 years initial rate fixation,n/a,volumen,dato_unico,serie MIR.M.U2.B.A2D.I.B.A.2250.EUR.N
Zona euro (referencia),credito_consumo_hogares_referencia,volumen | Bank business volumes - loans to households for other purposes with an interest rate fixation period of over one & up to five years (new business),2322.98,eur_millones,2025-02,"BCE, ECB Data Portal, dataset MIR",https://data.ecb.europa.eu/data/datasets/MIR/MIR.MIR.M.U2.B.A2D.I.B.A.2250.EUR.N,2026-09-16,Total,Over 1 and up to 5 years initial rate fixation,n/a,volumen,dato_unico,serie MIR.M.U2.B.A2D.I.B.A.2250.EUR.N
Zona euro (referencia),credito_consumo_hogares_referencia,volumen | Bank business volumes - loans to households for other purposes with an interest rate fixation period of over one & up to five years (new business),2876.18,eur_millones,2025-03,"BCE, ECB Data Portal, dataset MIR",https://data.ecb.europa.eu/data/datasets/MIR/MIR.MIR.M.U2.B.A2D.I.B.A.2250.EUR.N,2026-09-16,Total,Over 1 and up to 5 years initial rate fixation,n/a,volumen,dato_unico,serie MIR.M.U2.B.A2D.I.B.A.2250.EUR.N
Zona euro (referencia),credito_consumo_hogares_referencia,volumen | Bank business volumes - loans to households for other purposes with an interest rate fixation period of over one & up to five years (new business),2790.63,eur_millones,2025-04,"BCE, ECB Data Portal, dataset MIR",https://data.ecb.europa.eu/data/datasets/MIR/MIR.MIR.M.U2.B.A2D.I.B.A.2250.EUR.N,2026-09-16,Total,Over 1 and up to 5 years initial rate fixation,n/a,volumen,dato_unico,serie MIR.M.U2.B.A2D.I.B.A.2250.EUR.N
Zona euro (referencia),credito_consumo_hogares_referencia,volumen | Bank business volumes - loans to households for other purposes with an interest rate fixation period of over one & up to five years (new business),2445.64,eur_millones,2025-05,"BCE, ECB Data Portal, dataset MIR",https://data.ecb.europa.eu/data/datasets/MIR/MIR.MIR.M.U2.B.A2D.I.B.A.2250.EUR.N,2026-09-16,Total,Over 1 and up to 5 years initial rate fixation,n/a,volumen,dato_unico,serie MIR.M.U2.B.A2D.I.B.A.2250.EUR.N
Zona euro (referencia),credito_consumo_hogares_referencia,volumen | Bank business volumes - loans to households for other purposes with an interest rate fixation period of over one & up to five years (new business),2719.45,eur_millones,2025-06,"BCE, ECB Data Portal, dataset MIR",https://data.ecb.europa.eu/data/datasets/MIR/MIR.MIR.M.U2.B.A2D.I.B.A.2250.EUR.N,2026-09-16,Total,Over 1 and up to 5 years initial rate fixation,n/a,volumen,dato_unico,serie MIR.M.U2.B.A2D.I.B.A.2250.EUR.N
Zona euro (referencia),credito_consumo_hogares_referencia,volumen | Bank business volumes - loans to households for other purposes with an interest rate fixation period of over one & up to five years (new business),3071.08,eur_millones,2025-07,"BCE, ECB Data Portal, dataset MIR",https://data.ecb.europa.eu/data/datasets/MIR/MIR.MIR.M.U2.B.A2D.I.B.A.2250.EUR.N,2026-09-16,Total,Over 1 and up to 5 years initial rate fixation,n/a,volumen,dato_unico,serie MIR.M.U2.B.A2D.I.B.A.2250.EUR.N
Zona euro (referencia),credito_consumo_hogares_referencia,volumen | Bank business volumes - loans to households for other purposes with an interest rate fixation period of over one & up to five years (new business),2082.51,eur_millones,2025-08,"BCE, ECB Data Portal, dataset MIR",https://data.ecb.europa.eu/data/datasets/MIR/MIR.MIR.M.U2.B.A2D.I.B.A.2250.EUR.N,2026-09-16,Total,Over 1 and up to 5 years initial rate fixation,n/a,volumen,dato_unico,serie MIR.M.U2.B.A2D.I.B.A.2250.EUR.N
Zona euro (referencia),credito_consumo_hogares_referencia,volumen | Bank business volumes - loans to households for other purposes with an interest rate fixation period of over one & up to five years (new business),2448.14,eur_millones,2025-09,"BCE, ECB Data Portal, dataset MIR",https://data.ecb.europa.eu/data/datasets/MIR/MIR.MIR.M.U2.B.A2D.I.B.A.2250.EUR.N,2026-09-16,Total,Over 1 and up to 5 years initial rate fixation,n/a,volumen,dato_unico,serie MIR.M.U2.B.A2D.I.B.A.2250.EUR.N
Zona euro (referencia),credito_consumo_hogares_referencia,volumen | Bank business volumes - loans to households for other purposes with an interest rate fixation period of over one & up to five years (new business),2624.53,eur_millones,2025-10,"BCE, ECB Data Portal, dataset MIR",https://data.ecb.europa.eu/data/datasets/MIR/MIR.MIR.M.U2.B.A2D.I.B.A.2250.EUR.N,2026-09-16,Total,Over 1 and up to 5 years initial rate fixation,n/a,volumen,dato_unico,serie MIR.M.U2.B.A2D.I.B.A.2250.EUR.N
Zona euro (referencia),credito_consumo_hogares_referencia,volumen | Bank business volumes - loans to households for other purposes with an interest rate fixation period of over one & up to five years (new business),2249.69,eur_millones,2025-11,"BCE, ECB Data Portal, dataset MIR",https://data.ecb.europa.eu/data/datasets/MIR/MIR.MIR.M.U2.B.A2D.I.B.A.2250.EUR.N,2026-09-16,Total,Over 1 and up to 5 years initial rate fixation,n/a,volumen,dato_unico,serie MIR.M.U2.B.A2D.I.B.A.2250.EUR.N
Zona euro (referencia),credito_consumo_hogares_referencia,volumen | Bank business volumes - loans to households for other purposes with an interest rate fixation period of over one & up to five years (new business),2922.74,eur_millones,2025-12,"BCE, ECB Data Portal, dataset MIR",https://data.ecb.europa.eu/data/datasets/MIR/MIR.MIR.M.U2.B.A2D.I.B.A.2250.EUR.N,2026-09-16,Total,Over 1 and up to 5 years initial rate fixation,n/a,volumen,dato_unico,serie MIR.M.U2.B.A2D.I.B.A.2250.EUR.N
Zona euro (referencia),credito_consumo_hogares_referencia,volumen | Bank business volumes - loans to households for other purposes with an interest rate fixation period of over one & up to five years (new business),2332.66,eur_millones,2026-01,"BCE, ECB Data Portal, dataset MIR",https://data.ecb.europa.eu/data/datasets/MIR/MIR.MIR.M.U2.B.A2D.I.B.A.2250.EUR.N,2026-09-16,Total,Over 1 and up to 5 years initial rate fixation,n/a,volumen,dato_unico,serie MIR.M.U2.B.A2D.I.B.A.2250.EUR.N
Zona euro (referencia),credito_consumo_hogares_referencia,volumen | Bank business volumes - loans to households for other purposes with an interest rate fixation period of over one & up to five years (new business),2500.36,eur_millones,2026-02,"BCE, ECB Data Portal, dataset MIR",https://data.ecb.europa.eu/data/datasets/MIR/MIR.MIR.M.U2.B.A2D.I.B.A.2250.EUR.N,2026-09-16,Total,Over 1 and up to 5 years initial rate fixation,n/a,volumen,dato_unico,serie MIR.M.U2.B.A2D.I.B.A.2250.EUR.N
Zona euro (referencia),credito_consumo_hogares_referencia,volumen | Bank business volumes - loans to households for other purposes with an interest rate fixation period of over one & up to five years (new business),3344.53,eur_millones,2026-03,"BCE, ECB Data Portal, dataset MIR",https://data.ecb.europa.eu/data/datasets/MIR/MIR.MIR.M.U2.B.A2D.I.B.A.2250.EUR.N,2026-09-16,Total,Over 1 and up to 5 years initial rate fixation,n/a,volumen,dato_unico,serie MIR.M.U2.B.A2D.I.B.A.2250.EUR.N
Zona euro (referencia),credito_consumo_hogares_referencia,volumen | Bank business volumes - loans to households for other purposes with an interest rate fixation period of over one & up to five years (new business),2613.08,eur_millones,2026-04,"BCE, ECB Data Portal, dataset MIR",https://data.ecb.europa.eu/data/datasets/MIR/MIR.MIR.M.U2.B.A2D.I.B.A.2250.EUR.N,2026-09-16,Total,Over 1 and up to 5 years initial rate fixation,n/a,volumen,dato_unico,serie MIR.M.U2.B.A2D.I.B.A.2250.EUR.N
Zona euro (referencia),credito_consumo_hogares_referencia,volumen | Bank business volumes - loans to households for other purposes with an interest rate fixation period of over one & up to five years (new business),2276.93,eur_millones,2026-05,"BCE, ECB Data Portal, dataset MIR",https://data.ecb.europa.eu/data/datasets/MIR/MIR.MIR.M.U2.B.A2D.I.B.A.2250.EUR.N,2026-09-16,Total,Over 1 and up to 5 years initial rate fixation,n/a,volumen,dato_unico,serie MIR.M.U2.B.A2D.I.B.A.2250.EUR.N
Zona euro (referencia),credito_consumo_hogares_referencia,volumen | Bank business volumes - loans to households for other purposes with an interest rate fixation period of over one & up to five years (new business),2729.4,eur_millones,2026-06,"BCE, ECB Data Portal, dataset MIR",https://data.ecb.europa.eu/data/datasets/MIR/MIR.MIR.M.U2.B.A2D.I.B.A.2250.EUR.N,2026-09-16,Total,Over 1 and up to 5 years initial rate fixation,n/a,volumen,dato_unico,serie MIR.M.U2.B.A2D.I.B.A.2250.EUR.N
Zona euro (referencia),credito_consumo_hogares_referencia,volumen | Bank business volumes - loans to households for other purposes with an interest rate fixation period of over one & up to five years (new business),2693.13,eur_millones,2026-07,"BCE, ECB Data Portal, dataset MIR",https://data.ecb.europa.eu/data/datasets/MIR/MIR.MIR.M.U2.B.A2D.I.B.A.2250.EUR.N,2026-09-16,Total,Over 1 and up to 5 years initial rate fixation,n/a,volumen,dato_unico,serie MIR.M.U2.B.A2D.I.B.A.2250.EUR.N; OBS_STATUS=P (no definitivo)
Zona euro (referencia),credito_consumo_hogares_referencia,volumen | Bank business volumes - loans to households for other purposes with an interest rate fixation period of over five years (new business),3922.67,eur_millones,2025-01,"BCE, ECB Data Portal, dataset MIR",https://data.ecb.europa.eu/data/datasets/MIR/MIR.MIR.M.U2.B.A2D.J.B.A.2250.EUR.N,2026-09-16,Total,Over 5 years initial rate fixation,n/a,volumen,dato_unico,serie MIR.M.U2.B.A2D.J.B.A.2250.EUR.N
Zona euro (referencia),credito_consumo_hogares_referencia,volumen | Bank business volumes - loans to households for other purposes with an interest rate fixation period of over five years (new business),3921.43,eur_millones,2025-02,"BCE, ECB Data Portal, dataset MIR",https://data.ecb.europa.eu/data/datasets/MIR/MIR.MIR.M.U2.B.A2D.J.B.A.2250.EUR.N,2026-09-16,Total,Over 5 years initial rate fixation,n/a,volumen,dato_unico,serie MIR.M.U2.B.A2D.J.B.A.2250.EUR.N
Zona euro (referencia),credito_consumo_hogares_referencia,volumen | Bank business volumes - loans to households for other purposes with an interest rate fixation period of over five years (new business),4498.67,eur_millones,2025-03,"BCE, ECB Data Portal, dataset MIR",https://data.ecb.europa.eu/data/datasets/MIR/MIR.MIR.M.U2.B.A2D.J.B.A.2250.EUR.N,2026-09-16,Total,Over 5 years initial rate fixation,n/a,volumen,dato_unico,serie MIR.M.U2.B.A2D.J.B.A.2250.EUR.N
Zona euro (referencia),credito_consumo_hogares_referencia,volumen | Bank business volumes - loans to households for other purposes with an interest rate fixation period of over five years (new business),4633.08,eur_millones,2025-04,"BCE, ECB Data Portal, dataset MIR",https://data.ecb.europa.eu/data/datasets/MIR/MIR.MIR.M.U2.B.A2D.J.B.A.2250.EUR.N,2026-09-16,Total,Over 5 years initial rate fixation,n/a,volumen,dato_unico,serie MIR.M.U2.B.A2D.J.B.A.2250.EUR.N
Zona euro (referencia),credito_consumo_hogares_referencia,volumen | Bank business volumes - loans to households for other purposes with an interest rate fixation period of over five years (new business),4290.54,eur_millones,2025-05,"BCE, ECB Data Portal, dataset MIR",https://data.ecb.europa.eu/data/datasets/MIR/MIR.MIR.M.U2.B.A2D.J.B.A.2250.EUR.N,2026-09-16,Total,Over 5 years initial rate fixation,n/a,volumen,dato_unico,serie MIR.M.U2.B.A2D.J.B.A.2250.EUR.N
Zona euro (referencia),credito_consumo_hogares_referencia,volumen | Bank business volumes - loans to households for other purposes with an interest rate fixation period of over five years (new business),4465.99,eur_millones,2025-06,"BCE, ECB Data Portal, dataset MIR",https://data.ecb.europa.eu/data/datasets/MIR/MIR.MIR.M.U2.B.A2D.J.B.A.2250.EUR.N,2026-09-16,Total,Over 5 years initial rate fixation,n/a,volumen,dato_unico,serie MIR.M.U2.B.A2D.J.B.A.2250.EUR.N
Zona euro (referencia),credito_consumo_hogares_referencia,volumen | Bank business volumes - loans to households for other purposes with an interest rate fixation period of over five years (new business),5151.36,eur_millones,2025-07,"BCE, ECB Data Portal, dataset MIR",https://data.ecb.europa.eu/data/datasets/MIR/MIR.MIR.M.U2.B.A2D.J.B.A.2250.EUR.N,2026-09-16,Total,Over 5 years initial rate fixation,n/a,volumen,dato_unico,serie MIR.M.U2.B.A2D.J.B.A.2250.EUR.N
Zona euro (referencia),credito_consumo_hogares_referencia,volumen | Bank business volumes - loans to households for other purposes with an interest rate fixation period of over five years (new business),3331.93,eur_millones,2025-08,"BCE, ECB Data Portal, dataset MIR",https://data.ecb.europa.eu/data/datasets/MIR/MIR.MIR.M.U2.B.A2D.J.B.A.2250.EUR.N,2026-09-16,Total,Over 5 years initial rate fixation,n/a,volumen,dato_unico,serie MIR.M.U2.B.A2D.J.B.A.2250.EUR.N
Zona euro (referencia),credito_consumo_hogares_referencia,volumen | Bank business volumes - loans to households for other purposes with an interest rate fixation period of over five years (new business),3988.67,eur_millones,2025-09,"BCE, ECB Data Portal, dataset MIR",https://data.ecb.europa.eu/data/datasets/MIR/MIR.MIR.M.U2.B.A2D.J.B.A.2250.EUR.N,2026-09-16,Total,Over 5 years initial rate fixation,n/a,volumen,dato_unico,serie MIR.M.U2.B.A2D.J.B.A.2250.EUR.N
Zona euro (referencia),credito_consumo_hogares_referencia,volumen | Bank business volumes - loans to households for other purposes with an interest rate fixation period of over five years (new business),3994.45,eur_millones,2025-10,"BCE, ECB Data Portal, dataset MIR",https://data.ecb.europa.eu/data/datasets/MIR/MIR.MIR.M.U2.B.A2D.J.B.A.2250.EUR.N,2026-09-16,Total,Over 5 years initial rate fixation,n/a,volumen,dato_unico,serie MIR.M.U2.B.A2D.J.B.A.2250.EUR.N
Zona euro (referencia),credito_consumo_hogares_referencia,volumen | Bank business volumes - loans to households for other purposes with an interest rate fixation period of over five years (new business),3791.44,eur_millones,2025-11,"BCE, ECB Data Portal, dataset MIR",https://data.ecb.europa.eu/data/datasets/MIR/MIR.MIR.M.U2.B.A2D.J.B.A.2250.EUR.N,2026-09-16,Total,Over 5 years initial rate fixation,n/a,volumen,dato_unico,serie MIR.M.U2.B.A2D.J.B.A.2250.EUR.N
Zona euro (referencia),credito_consumo_hogares_referencia,volumen | Bank business volumes - loans to households for other purposes with an interest rate fixation period of over five years (new business),5074.98,eur_millones,2025-12,"BCE, ECB Data Portal, dataset MIR",https://data.ecb.europa.eu/data/datasets/MIR/MIR.MIR.M.U2.B.A2D.J.B.A.2250.EUR.N,2026-09-16,Total,Over 5 years initial rate fixation,n/a,volumen,dato_unico,serie MIR.M.U2.B.A2D.J.B.A.2250.EUR.N
Zona euro (referencia),credito_consumo_hogares_referencia,volumen | Bank business volumes - loans to households for other purposes with an interest rate fixation period of over five years (new business),3623.28,eur_millones,2026-01,"BCE, ECB Data Portal, dataset MIR",https://data.ecb.europa.eu/data/datasets/MIR/MIR.MIR.M.U2.B.A2D.J.B.A.2250.EUR.N,2026-09-16,Total,Over 5 years initial rate fixation,n/a,volumen,dato_unico,serie MIR.M.U2.B.A2D.J.B.A.2250.EUR.N
Zona euro (referencia),credito_consumo_hogares_referencia,volumen | Bank business volumes - loans to households for other purposes with an interest rate fixation period of over five years (new business),3860.83,eur_millones,2026-02,"BCE, ECB Data Portal, dataset MIR",https://data.ecb.europa.eu/data/datasets/MIR/MIR.MIR.M.U2.B.A2D.J.B.A.2250.EUR.N,2026-09-16,Total,Over 5 years initial rate fixation,n/a,volumen,dato_unico,serie MIR.M.U2.B.A2D.J.B.A.2250.EUR.N
Zona euro (referencia),credito_consumo_hogares_referencia,volumen | Bank business volumes - loans to households for other purposes with an interest rate fixation period of over five years (new business),4756.05,eur_millones,2026-03,"BCE, ECB Data Portal, dataset MIR",https://data.ecb.europa.eu/data/datasets/MIR/MIR.MIR.M.U2.B.A2D.J.B.A.2250.EUR.N,2026-09-16,Total,Over 5 years initial rate fixation,n/a,volumen,dato_unico,serie MIR.M.U2.B.A2D.J.B.A.2250.EUR.N
Zona euro (referencia),credito_consumo_hogares_referencia,volumen | Bank business volumes - loans to households for other purposes with an interest rate fixation period of over five years (new business),3980.57,eur_millones,2026-04,"BCE, ECB Data Portal, dataset MIR",https://data.ecb.europa.eu/data/datasets/MIR/MIR.MIR.M.U2.B.A2D.J.B.A.2250.EUR.N,2026-09-16,Total,Over 5 years initial rate fixation,n/a,volumen,dato_unico,serie MIR.M.U2.B.A2D.J.B.A.2250.EUR.N
Zona euro (referencia),credito_consumo_hogares_referencia,volumen | Bank business volumes - loans to households for other purposes with an interest rate fixation period of over five years (new business),3321.65,eur_millones,2026-05,"BCE, ECB Data Portal, dataset MIR",https://data.ecb.europa.eu/data/datasets/MIR/MIR.MIR.M.U2.B.A2D.J.B.A.2250.EUR.N,2026-09-16,Total,Over 5 years initial rate fixation,n/a,volumen,dato_unico,serie MIR.M.U2.B.A2D.J.B.A.2250.EUR.N
Zona euro (referencia),credito_consumo_hogares_referencia,volumen | Bank business volumes - loans to households for other purposes with an interest rate fixation period of over five years (new business),4186.08,eur_millones,2026-06,"BCE, ECB Data Portal, dataset MIR",https://data.ecb.europa.eu/data/datasets/MIR/MIR.MIR.M.U2.B.A2D.J.B.A.2250.EUR.N,2026-09-16,Total,Over 5 years initial rate fixation,n/a,volumen,dato_unico,serie MIR.M.U2.B.A2D.J.B.A.2250.EUR.N
Zona euro (referencia),credito_consumo_hogares_referencia,volumen | Bank business volumes - loans to households for other purposes with an interest rate fixation period of over five years (new business),4275.32,eur_millones,2026-07,"BCE, ECB Data Portal, dataset MIR",https://data.ecb.europa.eu/data/datasets/MIR/MIR.MIR.M.U2.B.A2D.J.B.A.2250.EUR.N,2026-09-16,Total,Over 5 years initial rate fixation,n/a,volumen,dato_unico,serie MIR.M.U2.B.A2D.J.B.A.2250.EUR.N; OBS_STATUS=P (no definitivo)
Zona euro (referencia),credito_consumo_hogares_referencia,volumen | Bank business volumes - loans to households for other purposes with an interest rate fixation period of over one year (new business),6385.87,eur_millones,2025-01,"BCE, ECB Data Portal, dataset MIR",https://data.ecb.europa.eu/data/datasets/MIR/MIR.MIR.M.U2.B.A2D.K.B.A.2250.EUR.N,2026-09-16,Total,Over 1 year initial rate fixation,n/a,volumen,dato_unico,serie MIR.M.U2.B.A2D.K.B.A.2250.EUR.N
Zona euro (referencia),credito_consumo_hogares_referencia,volumen | Bank business volumes - loans to households for other purposes with an interest rate fixation period of over one year (new business),6244.41,eur_millones,2025-02,"BCE, ECB Data Portal, dataset MIR",https://data.ecb.europa.eu/data/datasets/MIR/MIR.MIR.M.U2.B.A2D.K.B.A.2250.EUR.N,2026-09-16,Total,Over 1 year initial rate fixation,n/a,volumen,dato_unico,serie MIR.M.U2.B.A2D.K.B.A.2250.EUR.N
Zona euro (referencia),credito_consumo_hogares_referencia,volumen | Bank business volumes - loans to households for other purposes with an interest rate fixation period of over one year (new business),7374.85,eur_millones,2025-03,"BCE, ECB Data Portal, dataset MIR",https://data.ecb.europa.eu/data/datasets/MIR/MIR.MIR.M.U2.B.A2D.K.B.A.2250.EUR.N,2026-09-16,Total,Over 1 year initial rate fixation,n/a,volumen,dato_unico,serie MIR.M.U2.B.A2D.K.B.A.2250.EUR.N
Zona euro (referencia),credito_consumo_hogares_referencia,volumen | Bank business volumes - loans to households for other purposes with an interest rate fixation period of over one year (new business),7423.71,eur_millones,2025-04,"BCE, ECB Data Portal, dataset MIR",https://data.ecb.europa.eu/data/datasets/MIR/MIR.MIR.M.U2.B.A2D.K.B.A.2250.EUR.N,2026-09-16,Total,Over 1 year initial rate fixation,n/a,volumen,dato_unico,serie MIR.M.U2.B.A2D.K.B.A.2250.EUR.N
Zona euro (referencia),credito_consumo_hogares_referencia,volumen | Bank business volumes - loans to households for other purposes with an interest rate fixation period of over one year (new business),6736.18,eur_millones,2025-05,"BCE, ECB Data Portal, dataset MIR",https://data.ecb.europa.eu/data/datasets/MIR/MIR.MIR.M.U2.B.A2D.K.B.A.2250.EUR.N,2026-09-16,Total,Over 1 year initial rate fixation,n/a,volumen,dato_unico,serie MIR.M.U2.B.A2D.K.B.A.2250.EUR.N
Zona euro (referencia),credito_consumo_hogares_referencia,volumen | Bank business volumes - loans to households for other purposes with an interest rate fixation period of over one year (new business),7185.44,eur_millones,2025-06,"BCE, ECB Data Portal, dataset MIR",https://data.ecb.europa.eu/data/datasets/MIR/MIR.MIR.M.U2.B.A2D.K.B.A.2250.EUR.N,2026-09-16,Total,Over 1 year initial rate fixation,n/a,volumen,dato_unico,serie MIR.M.U2.B.A2D.K.B.A.2250.EUR.N
Zona euro (referencia),credito_consumo_hogares_referencia,volumen | Bank business volumes - loans to households for other purposes with an interest rate fixation period of over one year (new business),8222.44,eur_millones,2025-07,"BCE, ECB Data Portal, dataset MIR",https://data.ecb.europa.eu/data/datasets/MIR/MIR.MIR.M.U2.B.A2D.K.B.A.2250.EUR.N,2026-09-16,Total,Over 1 year initial rate fixation,n/a,volumen,dato_unico,serie MIR.M.U2.B.A2D.K.B.A.2250.EUR.N
Zona euro (referencia),credito_consumo_hogares_referencia,volumen | Bank business volumes - loans to households for other purposes with an interest rate fixation period of over one year (new business),5414.43,eur_millones,2025-08,"BCE, ECB Data Portal, dataset MIR",https://data.ecb.europa.eu/data/datasets/MIR/MIR.MIR.M.U2.B.A2D.K.B.A.2250.EUR.N,2026-09-16,Total,Over 1 year initial rate fixation,n/a,volumen,dato_unico,serie MIR.M.U2.B.A2D.K.B.A.2250.EUR.N
Zona euro (referencia),credito_consumo_hogares_referencia,volumen | Bank business volumes - loans to households for other purposes with an interest rate fixation period of over one year (new business),6436.81,eur_millones,2025-09,"BCE, ECB Data Portal, dataset MIR",https://data.ecb.europa.eu/data/datasets/MIR/MIR.MIR.M.U2.B.A2D.K.B.A.2250.EUR.N,2026-09-16,Total,Over 1 year initial rate fixation,n/a,volumen,dato_unico,serie MIR.M.U2.B.A2D.K.B.A.2250.EUR.N
Zona euro (referencia),credito_consumo_hogares_referencia,volumen | Bank business volumes - loans to households for other purposes with an interest rate fixation period of over one year (new business),6618.98,eur_millones,2025-10,"BCE, ECB Data Portal, dataset MIR",https://data.ecb.europa.eu/data/datasets/MIR/MIR.MIR.M.U2.B.A2D.K.B.A.2250.EUR.N,2026-09-16,Total,Over 1 year initial rate fixation,n/a,volumen,dato_unico,serie MIR.M.U2.B.A2D.K.B.A.2250.EUR.N
Zona euro (referencia),credito_consumo_hogares_referencia,volumen | Bank business volumes - loans to households for other purposes with an interest rate fixation period of over one year (new business),6041.14,eur_millones,2025-11,"BCE, ECB Data Portal, dataset MIR",https://data.ecb.europa.eu/data/datasets/MIR/MIR.MIR.M.U2.B.A2D.K.B.A.2250.EUR.N,2026-09-16,Total,Over 1 year initial rate fixation,n/a,volumen,dato_unico,serie MIR.M.U2.B.A2D.K.B.A.2250.EUR.N
Zona euro (referencia),credito_consumo_hogares_referencia,volumen | Bank business volumes - loans to households for other purposes with an interest rate fixation period of over one year (new business),7997.72,eur_millones,2025-12,"BCE, ECB Data Portal, dataset MIR",https://data.ecb.europa.eu/data/datasets/MIR/MIR.MIR.M.U2.B.A2D.K.B.A.2250.EUR.N,2026-09-16,Total,Over 1 year initial rate fixation,n/a,volumen,dato_unico,serie MIR.M.U2.B.A2D.K.B.A.2250.EUR.N
Zona euro (referencia),credito_consumo_hogares_referencia,volumen | Bank business volumes - loans to households for other purposes with an interest rate fixation period of over one year (new business),5955.95,eur_millones,2026-01,"BCE, ECB Data Portal, dataset MIR",https://data.ecb.europa.eu/data/datasets/MIR/MIR.MIR.M.U2.B.A2D.K.B.A.2250.EUR.N,2026-09-16,Total,Over 1 year initial rate fixation,n/a,volumen,dato_unico,serie MIR.M.U2.B.A2D.K.B.A.2250.EUR.N
Zona euro (referencia),credito_consumo_hogares_referencia,volumen | Bank business volumes - loans to households for other purposes with an interest rate fixation period of over one year (new business),6361.18,eur_millones,2026-02,"BCE, ECB Data Portal, dataset MIR",https://data.ecb.europa.eu/data/datasets/MIR/MIR.MIR.M.U2.B.A2D.K.B.A.2250.EUR.N,2026-09-16,Total,Over 1 year initial rate fixation,n/a,volumen,dato_unico,serie MIR.M.U2.B.A2D.K.B.A.2250.EUR.N
Zona euro (referencia),credito_consumo_hogares_referencia,volumen | Bank business volumes - loans to households for other purposes with an interest rate fixation period of over one year (new business),8100.58,eur_millones,2026-03,"BCE, ECB Data Portal, dataset MIR",https://data.ecb.europa.eu/data/datasets/MIR/MIR.MIR.M.U2.B.A2D.K.B.A.2250.EUR.N,2026-09-16,Total,Over 1 year initial rate fixation,n/a,volumen,dato_unico,serie MIR.M.U2.B.A2D.K.B.A.2250.EUR.N
Zona euro (referencia),credito_consumo_hogares_referencia,volumen | Bank business volumes - loans to households for other purposes with an interest rate fixation period of over one year (new business),6593.65,eur_millones,2026-04,"BCE, ECB Data Portal, dataset MIR",https://data.ecb.europa.eu/data/datasets/MIR/MIR.MIR.M.U2.B.A2D.K.B.A.2250.EUR.N,2026-09-16,Total,Over 1 year initial rate fixation,n/a,volumen,dato_unico,serie MIR.M.U2.B.A2D.K.B.A.2250.EUR.N
Zona euro (referencia),credito_consumo_hogares_referencia,volumen | Bank business volumes - loans to households for other purposes with an interest rate fixation period of over one year (new business),5598.58,eur_millones,2026-05,"BCE, ECB Data Portal, dataset MIR",https://data.ecb.europa.eu/data/datasets/MIR/MIR.MIR.M.U2.B.A2D.K.B.A.2250.EUR.N,2026-09-16,Total,Over 1 year initial rate fixation,n/a,volumen,dato_unico,serie MIR.M.U2.B.A2D.K.B.A.2250.EUR.N
Zona euro (referencia),credito_consumo_hogares_referencia,volumen | Bank business volumes - loans to households for other purposes with an interest rate fixation period of over one year (new business),6915.47,eur_millones,2026-06,"BCE, ECB Data Portal, dataset MIR",https://data.ecb.europa.eu/data/datasets/MIR/MIR.MIR.M.U2.B.A2D.K.B.A.2250.EUR.N,2026-09-16,Total,Over 1 year initial rate fixation,n/a,volumen,dato_unico,serie MIR.M.U2.B.A2D.K.B.A.2250.EUR.N
Zona euro (referencia),credito_consumo_hogares_referencia,volumen | Bank business volumes - loans to households for other purposes with an interest rate fixation period of over one year (new business),6968.45,eur_millones,2026-07,"BCE, ECB Data Portal, dataset MIR",https://data.ecb.europa.eu/data/datasets/MIR/MIR.MIR.M.U2.B.A2D.K.B.A.2250.EUR.N,2026-09-16,Total,Over 1 year initial rate fixation,n/a,volumen,dato_unico,serie MIR.M.U2.B.A2D.K.B.A.2250.EUR.N; OBS_STATUS=P (no definitivo)
Espana,credito_consumo_hogares_referencia,tipo | Bank interest rates - loans to households for other purposes (new business),4.87,pct_anual,2025-01,"BCE, ECB Data Portal, dataset MIR",https://data.ecb.europa.eu/data/datasets/MIR/MIR.MIR.M.ES.B.A2D.A.R.A.2250.EUR.N,2026-09-16,Total,Total initial rate fixation,n/a,nivel,media_ponderada_volumen,serie MIR.M.ES.B.A2D.A.R.A.2250.EUR.N
Espana,credito_consumo_hogares_referencia,tipo | Bank interest rates - loans to households for other purposes (new business),4.88,pct_anual,2025-02,"BCE, ECB Data Portal, dataset MIR",https://data.ecb.europa.eu/data/datasets/MIR/MIR.MIR.M.ES.B.A2D.A.R.A.2250.EUR.N,2026-09-16,Total,Total initial rate fixation,n/a,nivel,media_ponderada_volumen,serie MIR.M.ES.B.A2D.A.R.A.2250.EUR.N
Espana,credito_consumo_hogares_referencia,tipo | Bank interest rates - loans to households for other purposes (new business),4.47,pct_anual,2025-03,"BCE, ECB Data Portal, dataset MIR",https://data.ecb.europa.eu/data/datasets/MIR/MIR.MIR.M.ES.B.A2D.A.R.A.2250.EUR.N,2026-09-16,Total,Total initial rate fixation,n/a,nivel,media_ponderada_volumen,serie MIR.M.ES.B.A2D.A.R.A.2250.EUR.N
Espana,credito_consumo_hogares_referencia,tipo | Bank interest rates - loans to households for other purposes (new business),4.42,pct_anual,2025-04,"BCE, ECB Data Portal, dataset MIR",https://data.ecb.europa.eu/data/datasets/MIR/MIR.MIR.M.ES.B.A2D.A.R.A.2250.EUR.N,2026-09-16,Total,Total initial rate fixation,n/a,nivel,media_ponderada_volumen,serie MIR.M.ES.B.A2D.A.R.A.2250.EUR.N
Espana,credito_consumo_hogares_referencia,tipo | Bank interest rates - loans to households for other purposes (new business),4.47,pct_anual,2025-05,"BCE, ECB Data Portal, dataset MIR",https://data.ecb.europa.eu/data/datasets/MIR/MIR.MIR.M.ES.B.A2D.A.R.A.2250.EUR.N,2026-09-16,Total,Total initial rate fixation,n/a,nivel,media_ponderada_volumen,serie MIR.M.ES.B.A2D.A.R.A.2250.EUR.N
Espana,credito_consumo_hogares_referencia,tipo | Bank interest rates - loans to households for other purposes (new business),4.22,pct_anual,2025-06,"BCE, ECB Data Portal, dataset MIR",https://data.ecb.europa.eu/data/datasets/MIR/MIR.MIR.M.ES.B.A2D.A.R.A.2250.EUR.N,2026-09-16,Total,Total initial rate fixation,n/a,nivel,media_ponderada_volumen,serie MIR.M.ES.B.A2D.A.R.A.2250.EUR.N
Espana,credito_consumo_hogares_referencia,tipo | Bank interest rates - loans to households for other purposes (new business),4.18,pct_anual,2025-07,"BCE, ECB Data Portal, dataset MIR",https://data.ecb.europa.eu/data/datasets/MIR/MIR.MIR.M.ES.B.A2D.A.R.A.2250.EUR.N,2026-09-16,Total,Total initial rate fixation,n/a,nivel,media_ponderada_volumen,serie MIR.M.ES.B.A2D.A.R.A.2250.EUR.N
Espana,credito_consumo_hogares_referencia,tipo | Bank interest rates - loans to households for other purposes (new business),4.77,pct_anual,2025-08,"BCE, ECB Data Portal, dataset MIR",https://data.ecb.europa.eu/data/datasets/MIR/MIR.MIR.M.ES.B.A2D.A.R.A.2250.EUR.N,2026-09-16,Total,Total initial rate fixation,n/a,nivel,media_ponderada_volumen,serie MIR.M.ES.B.A2D.A.R.A.2250.EUR.N
Espana,credito_consumo_hogares_referencia,tipo | Bank interest rates - loans to households for other purposes (new business),4.38,pct_anual,2025-09,"BCE, ECB Data Portal, dataset MIR",https://data.ecb.europa.eu/data/datasets/MIR/MIR.MIR.M.ES.B.A2D.A.R.A.2250.EUR.N,2026-09-16,Total,Total initial rate fixation,n/a,nivel,media_ponderada_volumen,serie MIR.M.ES.B.A2D.A.R.A.2250.EUR.N
Espana,credito_consumo_hogares_referencia,tipo | Bank interest rates - loans to households for other purposes (new business),4.44,pct_anual,2025-10,"BCE, ECB Data Portal, dataset MIR",https://data.ecb.europa.eu/data/datasets/MIR/MIR.MIR.M.ES.B.A2D.A.R.A.2250.EUR.N,2026-09-16,Total,Total initial rate fixation,n/a,nivel,media_ponderada_volumen,serie MIR.M.ES.B.A2D.A.R.A.2250.EUR.N
Espana,credito_consumo_hogares_referencia,tipo | Bank interest rates - loans to households for other purposes (new business),4.32,pct_anual,2025-11,"BCE, ECB Data Portal, dataset MIR",https://data.ecb.europa.eu/data/datasets/MIR/MIR.MIR.M.ES.B.A2D.A.R.A.2250.EUR.N,2026-09-16,Total,Total initial rate fixation,n/a,nivel,media_ponderada_volumen,serie MIR.M.ES.B.A2D.A.R.A.2250.EUR.N
Espana,credito_consumo_hogares_referencia,tipo | Bank interest rates - loans to households for other purposes (new business),4.13,pct_anual,2025-12,"BCE, ECB Data Portal, dataset MIR",https://data.ecb.europa.eu/data/datasets/MIR/MIR.MIR.M.ES.B.A2D.A.R.A.2250.EUR.N,2026-09-16,Total,Total initial rate fixation,n/a,nivel,media_ponderada_volumen,serie MIR.M.ES.B.A2D.A.R.A.2250.EUR.N
Espana,credito_consumo_hogares_referencia,tipo | Bank interest rates - loans to households for other purposes (new business),4.36,pct_anual,2026-01,"BCE, ECB Data Portal, dataset MIR",https://data.ecb.europa.eu/data/datasets/MIR/MIR.MIR.M.ES.B.A2D.A.R.A.2250.EUR.N,2026-09-16,Total,Total initial rate fixation,n/a,nivel,media_ponderada_volumen,serie MIR.M.ES.B.A2D.A.R.A.2250.EUR.N
Espana,credito_consumo_hogares_referencia,tipo | Bank interest rates - loans to households for other purposes (new business),4.4,pct_anual,2026-02,"BCE, ECB Data Portal, dataset MIR",https://data.ecb.europa.eu/data/datasets/MIR/MIR.MIR.M.ES.B.A2D.A.R.A.2250.EUR.N,2026-09-16,Total,Total initial rate fixation,n/a,nivel,media_ponderada_volumen,serie MIR.M.ES.B.A2D.A.R.A.2250.EUR.N
Espana,credito_consumo_hogares_referencia,tipo | Bank interest rates - loans to households for other purposes (new business),4.34,pct_anual,2026-03,"BCE, ECB Data Portal, dataset MIR",https://data.ecb.europa.eu/data/datasets/MIR/MIR.MIR.M.ES.B.A2D.A.R.A.2250.EUR.N,2026-09-16,Total,Total initial rate fixation,n/a,nivel,media_ponderada_volumen,serie MIR.M.ES.B.A2D.A.R.A.2250.EUR.N
Espana,credito_consumo_hogares_referencia,tipo | Bank interest rates - loans to households for other purposes (new business),4.48,pct_anual,2026-04,"BCE, ECB Data Portal, dataset MIR",https://data.ecb.europa.eu/data/datasets/MIR/MIR.MIR.M.ES.B.A2D.A.R.A.2250.EUR.N,2026-09-16,Total,Total initial rate fixation,n/a,nivel,media_ponderada_volumen,serie MIR.M.ES.B.A2D.A.R.A.2250.EUR.N
Espana,credito_consumo_hogares_referencia,tipo | Bank interest rates - loans to households for other purposes (new business),4.59,pct_anual,2026-05,"BCE, ECB Data Portal, dataset MIR",https://data.ecb.europa.eu/data/datasets/MIR/MIR.MIR.M.ES.B.A2D.A.R.A.2250.EUR.N,2026-09-16,Total,Total initial rate fixation,n/a,nivel,media_ponderada_volumen,serie MIR.M.ES.B.A2D.A.R.A.2250.EUR.N
Espana,credito_consumo_hogares_referencia,tipo | Bank interest rates - loans to households for other purposes (new business),4.48,pct_anual,2026-06,"BCE, ECB Data Portal, dataset MIR",https://data.ecb.europa.eu/data/datasets/MIR/MIR.MIR.M.ES.B.A2D.A.R.A.2250.EUR.N,2026-09-16,Total,Total initial rate fixation,n/a,nivel,media_ponderada_volumen,serie MIR.M.ES.B.A2D.A.R.A.2250.EUR.N
Espana,credito_consumo_hogares_referencia,tipo | Bank interest rates - loans to households for other purposes (new business),4.56,pct_anual,2026-07,"BCE, ECB Data Portal, dataset MIR",https://data.ecb.europa.eu/data/datasets/MIR/MIR.MIR.M.ES.B.A2D.A.R.A.2250.EUR.N,2026-09-16,Total,Total initial rate fixation,n/a,nivel,media_ponderada_volumen,serie MIR.M.ES.B.A2D.A.R.A.2250.EUR.N
Espana,credito_consumo_hogares_referencia,tipo | Bank interest rates - loans to households for other purposes with a variable rate and an interest rate fixation period of up to one year (new business),4.41,pct_anual,2025-01,"BCE, ECB Data Portal, dataset MIR",https://data.ecb.europa.eu/data/datasets/MIR/MIR.MIR.M.ES.B.A2D.F.R.A.2250.EUR.N,2026-09-16,Total,Up to 1 year initial rate fixation,n/a,nivel,media_ponderada_volumen,serie MIR.M.ES.B.A2D.F.R.A.2250.EUR.N
Espana,credito_consumo_hogares_referencia,tipo | Bank interest rates - loans to households for other purposes with a variable rate and an interest rate fixation period of up to one year (new business),4.36,pct_anual,2025-02,"BCE, ECB Data Portal, dataset MIR",https://data.ecb.europa.eu/data/datasets/MIR/MIR.MIR.M.ES.B.A2D.F.R.A.2250.EUR.N,2026-09-16,Total,Up to 1 year initial rate fixation,n/a,nivel,media_ponderada_volumen,serie MIR.M.ES.B.A2D.F.R.A.2250.EUR.N
Espana,credito_consumo_hogares_referencia,tipo | Bank interest rates - loans to households for other purposes with a variable rate and an interest rate fixation period of up to one year (new business),3.92,pct_anual,2025-03,"BCE, ECB Data Portal, dataset MIR",https://data.ecb.europa.eu/data/datasets/MIR/MIR.MIR.M.ES.B.A2D.F.R.A.2250.EUR.N,2026-09-16,Total,Up to 1 year initial rate fixation,n/a,nivel,media_ponderada_volumen,serie MIR.M.ES.B.A2D.F.R.A.2250.EUR.N
Espana,credito_consumo_hogares_referencia,tipo | Bank interest rates - loans to households for other purposes with a variable rate and an interest rate fixation period of up to one year (new business),4.05,pct_anual,2025-04,"BCE, ECB Data Portal, dataset MIR",https://data.ecb.europa.eu/data/datasets/MIR/MIR.MIR.M.ES.B.A2D.F.R.A.2250.EUR.N,2026-09-16,Total,Up to 1 year initial rate fixation,n/a,nivel,media_ponderada_volumen,serie MIR.M.ES.B.A2D.F.R.A.2250.EUR.N
Espana,credito_consumo_hogares_referencia,tipo | Bank interest rates - loans to households for other purposes with a variable rate and an interest rate fixation period of up to one year (new business),3.87,pct_anual,2025-05,"BCE, ECB Data Portal, dataset MIR",https://data.ecb.europa.eu/data/datasets/MIR/MIR.MIR.M.ES.B.A2D.F.R.A.2250.EUR.N,2026-09-16,Total,Up to 1 year initial rate fixation,n/a,nivel,media_ponderada_volumen,serie MIR.M.ES.B.A2D.F.R.A.2250.EUR.N
Espana,credito_consumo_hogares_referencia,tipo | Bank interest rates - loans to households for other purposes with a variable rate and an interest rate fixation period of up to one year (new business),3.65,pct_anual,2025-06,"BCE, ECB Data Portal, dataset MIR",https://data.ecb.europa.eu/data/datasets/MIR/MIR.MIR.M.ES.B.A2D.F.R.A.2250.EUR.N,2026-09-16,Total,Up to 1 year initial rate fixation,n/a,nivel,media_ponderada_volumen,serie MIR.M.ES.B.A2D.F.R.A.2250.EUR.N
Espana,credito_consumo_hogares_referencia,tipo | Bank interest rates - loans to households for other purposes with a variable rate and an interest rate fixation period of up to one year (new business),3.74,pct_anual,2025-07,"BCE, ECB Data Portal, dataset MIR",https://data.ecb.europa.eu/data/datasets/MIR/MIR.MIR.M.ES.B.A2D.F.R.A.2250.EUR.N,2026-09-16,Total,Up to 1 year initial rate fixation,n/a,nivel,media_ponderada_volumen,serie MIR.M.ES.B.A2D.F.R.A.2250.EUR.N
Espana,credito_consumo_hogares_referencia,tipo | Bank interest rates - loans to households for other purposes with a variable rate and an interest rate fixation period of up to one year (new business),4.33,pct_anual,2025-08,"BCE, ECB Data Portal, dataset MIR",https://data.ecb.europa.eu/data/datasets/MIR/MIR.MIR.M.ES.B.A2D.F.R.A.2250.EUR.N,2026-09-16,Total,Up to 1 year initial rate fixation,n/a,nivel,media_ponderada_volumen,serie MIR.M.ES.B.A2D.F.R.A.2250.EUR.N
Espana,credito_consumo_hogares_referencia,tipo | Bank interest rates - loans to households for other purposes with a variable rate and an interest rate fixation period of up to one year (new business),3.84,pct_anual,2025-09,"BCE, ECB Data Portal, dataset MIR",https://data.ecb.europa.eu/data/datasets/MIR/MIR.MIR.M.ES.B.A2D.F.R.A.2250.EUR.N,2026-09-16,Total,Up to 1 year initial rate fixation,n/a,nivel,media_ponderada_volumen,serie MIR.M.ES.B.A2D.F.R.A.2250.EUR.N
Espana,credito_consumo_hogares_referencia,tipo | Bank interest rates - loans to households for other purposes with a variable rate and an interest rate fixation period of up to one year (new business),3.96,pct_anual,2025-10,"BCE, ECB Data Portal, dataset MIR",https://data.ecb.europa.eu/data/datasets/MIR/MIR.MIR.M.ES.B.A2D.F.R.A.2250.EUR.N,2026-09-16,Total,Up to 1 year initial rate fixation,n/a,nivel,media_ponderada_volumen,serie MIR.M.ES.B.A2D.F.R.A.2250.EUR.N
Espana,credito_consumo_hogares_referencia,tipo | Bank interest rates - loans to households for other purposes with a variable rate and an interest rate fixation period of up to one year (new business),3.81,pct_anual,2025-11,"BCE, ECB Data Portal, dataset MIR",https://data.ecb.europa.eu/data/datasets/MIR/MIR.MIR.M.ES.B.A2D.F.R.A.2250.EUR.N,2026-09-16,Total,Up to 1 year initial rate fixation,n/a,nivel,media_ponderada_volumen,serie MIR.M.ES.B.A2D.F.R.A.2250.EUR.N
Espana,credito_consumo_hogares_referencia,tipo | Bank interest rates - loans to households for other purposes with a variable rate and an interest rate fixation period of up to one year (new business),3.62,pct_anual,2025-12,"BCE, ECB Data Portal, dataset MIR",https://data.ecb.europa.eu/data/datasets/MIR/MIR.MIR.M.ES.B.A2D.F.R.A.2250.EUR.N,2026-09-16,Total,Up to 1 year initial rate fixation,n/a,nivel,media_ponderada_volumen,serie MIR.M.ES.B.A2D.F.R.A.2250.EUR.N
Espana,credito_consumo_hogares_referencia,tipo | Bank interest rates - loans to households for other purposes with a variable rate and an interest rate fixation period of up to one year (new business),4.2,pct_anual,2026-01,"BCE, ECB Data Portal, dataset MIR",https://data.ecb.europa.eu/data/datasets/MIR/MIR.MIR.M.ES.B.A2D.F.R.A.2250.EUR.N,2026-09-16,Total,Up to 1 year initial rate fixation,n/a,nivel,media_ponderada_volumen,serie MIR.M.ES.B.A2D.F.R.A.2250.EUR.N
Espana,credito_consumo_hogares_referencia,tipo | Bank interest rates - loans to households for other purposes with a variable rate and an interest rate fixation period of up to one year (new business),4.09,pct_anual,2026-02,"BCE, ECB Data Portal, dataset MIR",https://data.ecb.europa.eu/data/datasets/MIR/MIR.MIR.M.ES.B.A2D.F.R.A.2250.EUR.N,2026-09-16,Total,Up to 1 year initial rate fixation,n/a,nivel,media_ponderada_volumen,serie MIR.M.ES.B.A2D.F.R.A.2250.EUR.N
Espana,credito_consumo_hogares_referencia,tipo | Bank interest rates - loans to households for other purposes with a variable rate and an interest rate fixation period of up to one year (new business),4.05,pct_anual,2026-03,"BCE, ECB Data Portal, dataset MIR",https://data.ecb.europa.eu/data/datasets/MIR/MIR.MIR.M.ES.B.A2D.F.R.A.2250.EUR.N,2026-09-16,Total,Up to 1 year initial rate fixation,n/a,nivel,media_ponderada_volumen,serie MIR.M.ES.B.A2D.F.R.A.2250.EUR.N
Espana,credito_consumo_hogares_referencia,tipo | Bank interest rates - loans to households for other purposes with a variable rate and an interest rate fixation period of up to one year (new business),4.22,pct_anual,2026-04,"BCE, ECB Data Portal, dataset MIR",https://data.ecb.europa.eu/data/datasets/MIR/MIR.MIR.M.ES.B.A2D.F.R.A.2250.EUR.N,2026-09-16,Total,Up to 1 year initial rate fixation,n/a,nivel,media_ponderada_volumen,serie MIR.M.ES.B.A2D.F.R.A.2250.EUR.N
Espana,credito_consumo_hogares_referencia,tipo | Bank interest rates - loans to households for other purposes with a variable rate and an interest rate fixation period of up to one year (new business),4.24,pct_anual,2026-05,"BCE, ECB Data Portal, dataset MIR",https://data.ecb.europa.eu/data/datasets/MIR/MIR.MIR.M.ES.B.A2D.F.R.A.2250.EUR.N,2026-09-16,Total,Up to 1 year initial rate fixation,n/a,nivel,media_ponderada_volumen,serie MIR.M.ES.B.A2D.F.R.A.2250.EUR.N
Espana,credito_consumo_hogares_referencia,tipo | Bank interest rates - loans to households for other purposes with a variable rate and an interest rate fixation period of up to one year (new business),4.2,pct_anual,2026-06,"BCE, ECB Data Portal, dataset MIR",https://data.ecb.europa.eu/data/datasets/MIR/MIR.MIR.M.ES.B.A2D.F.R.A.2250.EUR.N,2026-09-16,Total,Up to 1 year initial rate fixation,n/a,nivel,media_ponderada_volumen,serie MIR.M.ES.B.A2D.F.R.A.2250.EUR.N
Espana,credito_consumo_hogares_referencia,tipo | Bank interest rates - loans to households for other purposes with a variable rate and an interest rate fixation period of up to one year (new business),4.26,pct_anual,2026-07,"BCE, ECB Data Portal, dataset MIR",https://data.ecb.europa.eu/data/datasets/MIR/MIR.MIR.M.ES.B.A2D.F.R.A.2250.EUR.N,2026-09-16,Total,Up to 1 year initial rate fixation,n/a,nivel,media_ponderada_volumen,serie MIR.M.ES.B.A2D.F.R.A.2250.EUR.N; OBS_STATUS=P (no definitivo)
Espana,credito_consumo_hogares_referencia,tipo | Bank interest rates - loans to households for other purposes with an interest rate fixation period of over one & up to five years (new business),5.93,pct_anual,2025-01,"BCE, ECB Data Portal, dataset MIR",https://data.ecb.europa.eu/data/datasets/MIR/MIR.MIR.M.ES.B.A2D.I.R.A.2250.EUR.N,2026-09-16,Total,Over 1 and up to 5 years initial rate fixation,n/a,nivel,media_ponderada_volumen,serie MIR.M.ES.B.A2D.I.R.A.2250.EUR.N
Espana,credito_consumo_hogares_referencia,tipo | Bank interest rates - loans to households for other purposes with an interest rate fixation period of over one & up to five years (new business),5.59,pct_anual,2025-02,"BCE, ECB Data Portal, dataset MIR",https://data.ecb.europa.eu/data/datasets/MIR/MIR.MIR.M.ES.B.A2D.I.R.A.2250.EUR.N,2026-09-16,Total,Over 1 and up to 5 years initial rate fixation,n/a,nivel,media_ponderada_volumen,serie MIR.M.ES.B.A2D.I.R.A.2250.EUR.N
Espana,credito_consumo_hogares_referencia,tipo | Bank interest rates - loans to households for other purposes with an interest rate fixation period of over one & up to five years (new business),5.5,pct_anual,2025-03,"BCE, ECB Data Portal, dataset MIR",https://data.ecb.europa.eu/data/datasets/MIR/MIR.MIR.M.ES.B.A2D.I.R.A.2250.EUR.N,2026-09-16,Total,Over 1 and up to 5 years initial rate fixation,n/a,nivel,media_ponderada_volumen,serie MIR.M.ES.B.A2D.I.R.A.2250.EUR.N
Espana,credito_consumo_hogares_referencia,tipo | Bank interest rates - loans to households for other purposes with an interest rate fixation period of over one & up to five years (new business),5.37,pct_anual,2025-04,"BCE, ECB Data Portal, dataset MIR",https://data.ecb.europa.eu/data/datasets/MIR/MIR.MIR.M.ES.B.A2D.I.R.A.2250.EUR.N,2026-09-16,Total,Over 1 and up to 5 years initial rate fixation,n/a,nivel,media_ponderada_volumen,serie MIR.M.ES.B.A2D.I.R.A.2250.EUR.N
Espana,credito_consumo_hogares_referencia,tipo | Bank interest rates - loans to households for other purposes with an interest rate fixation period of over one & up to five years (new business),5.61,pct_anual,2025-05,"BCE, ECB Data Portal, dataset MIR",https://data.ecb.europa.eu/data/datasets/MIR/MIR.MIR.M.ES.B.A2D.I.R.A.2250.EUR.N,2026-09-16,Total,Over 1 and up to 5 years initial rate fixation,n/a,nivel,media_ponderada_volumen,serie MIR.M.ES.B.A2D.I.R.A.2250.EUR.N
Espana,credito_consumo_hogares_referencia,tipo | Bank interest rates - loans to households for other purposes with an interest rate fixation period of over one & up to five years (new business),5.52,pct_anual,2025-06,"BCE, ECB Data Portal, dataset MIR",https://data.ecb.europa.eu/data/datasets/MIR/MIR.MIR.M.ES.B.A2D.I.R.A.2250.EUR.N,2026-09-16,Total,Over 1 and up to 5 years initial rate fixation,n/a,nivel,media_ponderada_volumen,serie MIR.M.ES.B.A2D.I.R.A.2250.EUR.N
Espana,credito_consumo_hogares_referencia,tipo | Bank interest rates - loans to households for other purposes with an interest rate fixation period of over one & up to five years (new business),5.15,pct_anual,2025-07,"BCE, ECB Data Portal, dataset MIR",https://data.ecb.europa.eu/data/datasets/MIR/MIR.MIR.M.ES.B.A2D.I.R.A.2250.EUR.N,2026-09-16,Total,Over 1 and up to 5 years initial rate fixation,n/a,nivel,media_ponderada_volumen,serie MIR.M.ES.B.A2D.I.R.A.2250.EUR.N
Espana,credito_consumo_hogares_referencia,tipo | Bank interest rates - loans to households for other purposes with an interest rate fixation period of over one & up to five years (new business),5.95,pct_anual,2025-08,"BCE, ECB Data Portal, dataset MIR",https://data.ecb.europa.eu/data/datasets/MIR/MIR.MIR.M.ES.B.A2D.I.R.A.2250.EUR.N,2026-09-16,Total,Over 1 and up to 5 years initial rate fixation,n/a,nivel,media_ponderada_volumen,serie MIR.M.ES.B.A2D.I.R.A.2250.EUR.N
Espana,credito_consumo_hogares_referencia,tipo | Bank interest rates - loans to households for other purposes with an interest rate fixation period of over one & up to five years (new business),5.48,pct_anual,2025-09,"BCE, ECB Data Portal, dataset MIR",https://data.ecb.europa.eu/data/datasets/MIR/MIR.MIR.M.ES.B.A2D.I.R.A.2250.EUR.N,2026-09-16,Total,Over 1 and up to 5 years initial rate fixation,n/a,nivel,media_ponderada_volumen,serie MIR.M.ES.B.A2D.I.R.A.2250.EUR.N
Espana,credito_consumo_hogares_referencia,tipo | Bank interest rates - loans to households for other purposes with an interest rate fixation period of over one & up to five years (new business),5.55,pct_anual,2025-10,"BCE, ECB Data Portal, dataset MIR",https://data.ecb.europa.eu/data/datasets/MIR/MIR.MIR.M.ES.B.A2D.I.R.A.2250.EUR.N,2026-09-16,Total,Over 1 and up to 5 years initial rate fixation,n/a,nivel,media_ponderada_volumen,serie MIR.M.ES.B.A2D.I.R.A.2250.EUR.N
Espana,credito_consumo_hogares_referencia,tipo | Bank interest rates - loans to households for other purposes with an interest rate fixation period of over one & up to five years (new business),5.59,pct_anual,2025-11,"BCE, ECB Data Portal, dataset MIR",https://data.ecb.europa.eu/data/datasets/MIR/MIR.MIR.M.ES.B.A2D.I.R.A.2250.EUR.N,2026-09-16,Total,Over 1 and up to 5 years initial rate fixation,n/a,nivel,media_ponderada_volumen,serie MIR.M.ES.B.A2D.I.R.A.2250.EUR.N
Espana,credito_consumo_hogares_referencia,tipo | Bank interest rates - loans to households for other purposes with an interest rate fixation period of over one & up to five years (new business),5.44,pct_anual,2025-12,"BCE, ECB Data Portal, dataset MIR",https://data.ecb.europa.eu/data/datasets/MIR/MIR.MIR.M.ES.B.A2D.I.R.A.2250.EUR.N,2026-09-16,Total,Over 1 and up to 5 years initial rate fixation,n/a,nivel,media_ponderada_volumen,serie MIR.M.ES.B.A2D.I.R.A.2250.EUR.N
Espana,credito_consumo_hogares_referencia,tipo | Bank interest rates - loans to households for other purposes with an interest rate fixation period of over one & up to five years (new business),5.51,pct_anual,2026-01,"BCE, ECB Data Portal, dataset MIR",https://data.ecb.europa.eu/data/datasets/MIR/MIR.MIR.M.ES.B.A2D.I.R.A.2250.EUR.N,2026-09-16,Total,Over 1 and up to 5 years initial rate fixation,n/a,nivel,media_ponderada_volumen,serie MIR.M.ES.B.A2D.I.R.A.2250.EUR.N
Espana,credito_consumo_hogares_referencia,tipo | Bank interest rates - loans to households for other purposes with an interest rate fixation period of over one & up to five years (new business),5.34,pct_anual,2026-02,"BCE, ECB Data Portal, dataset MIR",https://data.ecb.europa.eu/data/datasets/MIR/MIR.MIR.M.ES.B.A2D.I.R.A.2250.EUR.N,2026-09-16,Total,Over 1 and up to 5 years initial rate fixation,n/a,nivel,media_ponderada_volumen,serie MIR.M.ES.B.A2D.I.R.A.2250.EUR.N
Espana,credito_consumo_hogares_referencia,tipo | Bank interest rates - loans to households for other purposes with an interest rate fixation period of over one & up to five years (new business),5.29,pct_anual,2026-03,"BCE, ECB Data Portal, dataset MIR",https://data.ecb.europa.eu/data/datasets/MIR/MIR.MIR.M.ES.B.A2D.I.R.A.2250.EUR.N,2026-09-16,Total,Over 1 and up to 5 years initial rate fixation,n/a,nivel,media_ponderada_volumen,serie MIR.M.ES.B.A2D.I.R.A.2250.EUR.N
Espana,credito_consumo_hogares_referencia,tipo | Bank interest rates - loans to households for other purposes with an interest rate fixation period of over one & up to five years (new business),5.58,pct_anual,2026-04,"BCE, ECB Data Portal, dataset MIR",https://data.ecb.europa.eu/data/datasets/MIR/MIR.MIR.M.ES.B.A2D.I.R.A.2250.EUR.N,2026-09-16,Total,Over 1 and up to 5 years initial rate fixation,n/a,nivel,media_ponderada_volumen,serie MIR.M.ES.B.A2D.I.R.A.2250.EUR.N
Espana,credito_consumo_hogares_referencia,tipo | Bank interest rates - loans to households for other purposes with an interest rate fixation period of over one & up to five years (new business),5.62,pct_anual,2026-05,"BCE, ECB Data Portal, dataset MIR",https://data.ecb.europa.eu/data/datasets/MIR/MIR.MIR.M.ES.B.A2D.I.R.A.2250.EUR.N,2026-09-16,Total,Over 1 and up to 5 years initial rate fixation,n/a,nivel,media_ponderada_volumen,serie MIR.M.ES.B.A2D.I.R.A.2250.EUR.N
Espana,credito_consumo_hogares_referencia,tipo | Bank interest rates - loans to households for other purposes with an interest rate fixation period of over one & up to five years (new business),5.41,pct_anual,2026-06,"BCE, ECB Data Portal, dataset MIR",https://data.ecb.europa.eu/data/datasets/MIR/MIR.MIR.M.ES.B.A2D.I.R.A.2250.EUR.N,2026-09-16,Total,Over 1 and up to 5 years initial rate fixation,n/a,nivel,media_ponderada_volumen,serie MIR.M.ES.B.A2D.I.R.A.2250.EUR.N
Espana,credito_consumo_hogares_referencia,tipo | Bank interest rates - loans to households for other purposes with an interest rate fixation period of over one & up to five years (new business),5.58,pct_anual,2026-07,"BCE, ECB Data Portal, dataset MIR",https://data.ecb.europa.eu/data/datasets/MIR/MIR.MIR.M.ES.B.A2D.I.R.A.2250.EUR.N,2026-09-16,Total,Over 1 and up to 5 years initial rate fixation,n/a,nivel,media_ponderada_volumen,serie MIR.M.ES.B.A2D.I.R.A.2250.EUR.N; OBS_STATUS=P (no definitivo)
Espana,credito_consumo_hogares_referencia,tipo | Bank interest rates - loans to households for other purposes with an interest rate fixation period of over five years (new business),4.97,pct_anual,2025-01,"BCE, ECB Data Portal, dataset MIR",https://data.ecb.europa.eu/data/datasets/MIR/MIR.MIR.M.ES.B.A2D.J.R.A.2250.EUR.N,2026-09-16,Total,Over 5 years initial rate fixation,n/a,nivel,media_ponderada_volumen,serie MIR.M.ES.B.A2D.J.R.A.2250.EUR.N
Espana,credito_consumo_hogares_referencia,tipo | Bank interest rates - loans to households for other purposes with an interest rate fixation period of over five years (new business),5.09,pct_anual,2025-02,"BCE, ECB Data Portal, dataset MIR",https://data.ecb.europa.eu/data/datasets/MIR/MIR.MIR.M.ES.B.A2D.J.R.A.2250.EUR.N,2026-09-16,Total,Over 5 years initial rate fixation,n/a,nivel,media_ponderada_volumen,serie MIR.M.ES.B.A2D.J.R.A.2250.EUR.N
Espana,credito_consumo_hogares_referencia,tipo | Bank interest rates - loans to households for other purposes with an interest rate fixation period of over five years (new business),4.61,pct_anual,2025-03,"BCE, ECB Data Portal, dataset MIR",https://data.ecb.europa.eu/data/datasets/MIR/MIR.MIR.M.ES.B.A2D.J.R.A.2250.EUR.N,2026-09-16,Total,Over 5 years initial rate fixation,n/a,nivel,media_ponderada_volumen,serie MIR.M.ES.B.A2D.J.R.A.2250.EUR.N
Espana,credito_consumo_hogares_referencia,tipo | Bank interest rates - loans to households for other purposes with an interest rate fixation period of over five years (new business),4.42,pct_anual,2025-04,"BCE, ECB Data Portal, dataset MIR",https://data.ecb.europa.eu/data/datasets/MIR/MIR.MIR.M.ES.B.A2D.J.R.A.2250.EUR.N,2026-09-16,Total,Over 5 years initial rate fixation,n/a,nivel,media_ponderada_volumen,serie MIR.M.ES.B.A2D.J.R.A.2250.EUR.N
Espana,credito_consumo_hogares_referencia,tipo | Bank interest rates - loans to households for other purposes with an interest rate fixation period of over five years (new business),4.56,pct_anual,2025-05,"BCE, ECB Data Portal, dataset MIR",https://data.ecb.europa.eu/data/datasets/MIR/MIR.MIR.M.ES.B.A2D.J.R.A.2250.EUR.N,2026-09-16,Total,Over 5 years initial rate fixation,n/a,nivel,media_ponderada_volumen,serie MIR.M.ES.B.A2D.J.R.A.2250.EUR.N
Espana,credito_consumo_hogares_referencia,tipo | Bank interest rates - loans to households for other purposes with an interest rate fixation period of over five years (new business),4.5,pct_anual,2025-06,"BCE, ECB Data Portal, dataset MIR",https://data.ecb.europa.eu/data/datasets/MIR/MIR.MIR.M.ES.B.A2D.J.R.A.2250.EUR.N,2026-09-16,Total,Over 5 years initial rate fixation,n/a,nivel,media_ponderada_volumen,serie MIR.M.ES.B.A2D.J.R.A.2250.EUR.N
Espana,credito_consumo_hogares_referencia,tipo | Bank interest rates - loans to households for other purposes with an interest rate fixation period of over five years (new business),4.37,pct_anual,2025-07,"BCE, ECB Data Portal, dataset MIR",https://data.ecb.europa.eu/data/datasets/MIR/MIR.MIR.M.ES.B.A2D.J.R.A.2250.EUR.N,2026-09-16,Total,Over 5 years initial rate fixation,n/a,nivel,media_ponderada_volumen,serie MIR.M.ES.B.A2D.J.R.A.2250.EUR.N
Espana,credito_consumo_hogares_referencia,tipo | Bank interest rates - loans to households for other purposes with an interest rate fixation period of over five years (new business),4.69,pct_anual,2025-08,"BCE, ECB Data Portal, dataset MIR",https://data.ecb.europa.eu/data/datasets/MIR/MIR.MIR.M.ES.B.A2D.J.R.A.2250.EUR.N,2026-09-16,Total,Over 5 years initial rate fixation,n/a,nivel,media_ponderada_volumen,serie MIR.M.ES.B.A2D.J.R.A.2250.EUR.N
Espana,credito_consumo_hogares_referencia,tipo | Bank interest rates - loans to households for other purposes with an interest rate fixation period of over five years (new business),4.5,pct_anual,2025-09,"BCE, ECB Data Portal, dataset MIR",https://data.ecb.europa.eu/data/datasets/MIR/MIR.MIR.M.ES.B.A2D.J.R.A.2250.EUR.N,2026-09-16,Total,Over 5 years initial rate fixation,n/a,nivel,media_ponderada_volumen,serie MIR.M.ES.B.A2D.J.R.A.2250.EUR.N
Espana,credito_consumo_hogares_referencia,tipo | Bank interest rates - loans to households for other purposes with an interest rate fixation period of over five years (new business),4.59,pct_anual,2025-10,"BCE, ECB Data Portal, dataset MIR",https://data.ecb.europa.eu/data/datasets/MIR/MIR.MIR.M.ES.B.A2D.J.R.A.2250.EUR.N,2026-09-16,Total,Over 5 years initial rate fixation,n/a,nivel,media_ponderada_volumen,serie MIR.M.ES.B.A2D.J.R.A.2250.EUR.N
Espana,credito_consumo_hogares_referencia,tipo | Bank interest rates - loans to households for other purposes with an interest rate fixation period of over five years (new business),4.38,pct_anual,2025-11,"BCE, ECB Data Portal, dataset MIR",https://data.ecb.europa.eu/data/datasets/MIR/MIR.MIR.M.ES.B.A2D.J.R.A.2250.EUR.N,2026-09-16,Total,Over 5 years initial rate fixation,n/a,nivel,media_ponderada_volumen,serie MIR.M.ES.B.A2D.J.R.A.2250.EUR.N
Espana,credito_consumo_hogares_referencia,tipo | Bank interest rates - loans to households for other purposes with an interest rate fixation period of over five years (new business),4.07,pct_anual,2025-12,"BCE, ECB Data Portal, dataset MIR",https://data.ecb.europa.eu/data/datasets/MIR/MIR.MIR.M.ES.B.A2D.J.R.A.2250.EUR.N,2026-09-16,Total,Over 5 years initial rate fixation,n/a,nivel,media_ponderada_volumen,serie MIR.M.ES.B.A2D.J.R.A.2250.EUR.N
Espana,credito_consumo_hogares_referencia,tipo | Bank interest rates - loans to households for other purposes with an interest rate fixation period of over five years (new business),4.08,pct_anual,2026-01,"BCE, ECB Data Portal, dataset MIR",https://data.ecb.europa.eu/data/datasets/MIR/MIR.MIR.M.ES.B.A2D.J.R.A.2250.EUR.N,2026-09-16,Total,Over 5 years initial rate fixation,n/a,nivel,media_ponderada_volumen,serie MIR.M.ES.B.A2D.J.R.A.2250.EUR.N
Espana,credito_consumo_hogares_referencia,tipo | Bank interest rates - loans to households for other purposes with an interest rate fixation period of over five years (new business),4.3,pct_anual,2026-02,"BCE, ECB Data Portal, dataset MIR",https://data.ecb.europa.eu/data/datasets/MIR/MIR.MIR.M.ES.B.A2D.J.R.A.2250.EUR.N,2026-09-16,Total,Over 5 years initial rate fixation,n/a,nivel,media_ponderada_volumen,serie MIR.M.ES.B.A2D.J.R.A.2250.EUR.N
Espana,credito_consumo_hogares_referencia,tipo | Bank interest rates - loans to households for other purposes with an interest rate fixation period of over five years (new business),4.18,pct_anual,2026-03,"BCE, ECB Data Portal, dataset MIR",https://data.ecb.europa.eu/data/datasets/MIR/MIR.MIR.M.ES.B.A2D.J.R.A.2250.EUR.N,2026-09-16,Total,Over 5 years initial rate fixation,n/a,nivel,media_ponderada_volumen,serie MIR.M.ES.B.A2D.J.R.A.2250.EUR.N
Espana,credito_consumo_hogares_referencia,tipo | Bank interest rates - loans to households for other purposes with an interest rate fixation period of over five years (new business),4.32,pct_anual,2026-04,"BCE, ECB Data Portal, dataset MIR",https://data.ecb.europa.eu/data/datasets/MIR/MIR.MIR.M.ES.B.A2D.J.R.A.2250.EUR.N,2026-09-16,Total,Over 5 years initial rate fixation,n/a,nivel,media_ponderada_volumen,serie MIR.M.ES.B.A2D.J.R.A.2250.EUR.N
Espana,credito_consumo_hogares_referencia,tipo | Bank interest rates - loans to households for other purposes with an interest rate fixation period of over five years (new business),4.52,pct_anual,2026-05,"BCE, ECB Data Portal, dataset MIR",https://data.ecb.europa.eu/data/datasets/MIR/MIR.MIR.M.ES.B.A2D.J.R.A.2250.EUR.N,2026-09-16,Total,Over 5 years initial rate fixation,n/a,nivel,media_ponderada_volumen,serie MIR.M.ES.B.A2D.J.R.A.2250.EUR.N
Espana,credito_consumo_hogares_referencia,tipo | Bank interest rates - loans to households for other purposes with an interest rate fixation period of over five years (new business),4.4,pct_anual,2026-06,"BCE, ECB Data Portal, dataset MIR",https://data.ecb.europa.eu/data/datasets/MIR/MIR.MIR.M.ES.B.A2D.J.R.A.2250.EUR.N,2026-09-16,Total,Over 5 years initial rate fixation,n/a,nivel,media_ponderada_volumen,serie MIR.M.ES.B.A2D.J.R.A.2250.EUR.N
Espana,credito_consumo_hogares_referencia,tipo | Bank interest rates - loans to households for other purposes with an interest rate fixation period of over five years (new business),4.51,pct_anual,2026-07,"BCE, ECB Data Portal, dataset MIR",https://data.ecb.europa.eu/data/datasets/MIR/MIR.MIR.M.ES.B.A2D.J.R.A.2250.EUR.N,2026-09-16,Total,Over 5 years initial rate fixation,n/a,nivel,media_ponderada_volumen,serie MIR.M.ES.B.A2D.J.R.A.2250.EUR.N; OBS_STATUS=P (no definitivo)
Espana,credito_consumo_hogares_referencia,tipo | Bank interest rates - loans to households for other purposes with an interest rate fixation period of over one year (new business),5.27,pct_anual,2025-01,"BCE, ECB Data Portal, dataset MIR",https://data.ecb.europa.eu/data/datasets/MIR/MIR.MIR.M.ES.B.A2D.K.R.A.2250.EUR.N,2026-09-16,Total,Over 1 year initial rate fixation,n/a,nivel,media_ponderada_volumen,serie MIR.M.ES.B.A2D.K.R.A.2250.EUR.N
Espana,credito_consumo_hogares_referencia,tipo | Bank interest rates - loans to households for other purposes with an interest rate fixation period of over one year (new business),5.28,pct_anual,2025-02,"BCE, ECB Data Portal, dataset MIR",https://data.ecb.europa.eu/data/datasets/MIR/MIR.MIR.M.ES.B.A2D.K.R.A.2250.EUR.N,2026-09-16,Total,Over 1 year initial rate fixation,n/a,nivel,media_ponderada_volumen,serie MIR.M.ES.B.A2D.K.R.A.2250.EUR.N
Espana,credito_consumo_hogares_referencia,tipo | Bank interest rates - loans to households for other purposes with an interest rate fixation period of over one year (new business),4.91,pct_anual,2025-03,"BCE, ECB Data Portal, dataset MIR",https://data.ecb.europa.eu/data/datasets/MIR/MIR.MIR.M.ES.B.A2D.K.R.A.2250.EUR.N,2026-09-16,Total,Over 1 year initial rate fixation,n/a,nivel,media_ponderada_volumen,serie MIR.M.ES.B.A2D.K.R.A.2250.EUR.N
Espana,credito_consumo_hogares_referencia,tipo | Bank interest rates - loans to households for other purposes with an interest rate fixation period of over one year (new business),4.74,pct_anual,2025-04,"BCE, ECB Data Portal, dataset MIR",https://data.ecb.europa.eu/data/datasets/MIR/MIR.MIR.M.ES.B.A2D.K.R.A.2250.EUR.N,2026-09-16,Total,Over 1 year initial rate fixation,n/a,nivel,media_ponderada_volumen,serie MIR.M.ES.B.A2D.K.R.A.2250.EUR.N
Espana,credito_consumo_hogares_referencia,tipo | Bank interest rates - loans to households for other purposes with an interest rate fixation period of over one year (new business),4.92,pct_anual,2025-05,"BCE, ECB Data Portal, dataset MIR",https://data.ecb.europa.eu/data/datasets/MIR/MIR.MIR.M.ES.B.A2D.K.R.A.2250.EUR.N,2026-09-16,Total,Over 1 year initial rate fixation,n/a,nivel,media_ponderada_volumen,serie MIR.M.ES.B.A2D.K.R.A.2250.EUR.N
Espana,credito_consumo_hogares_referencia,tipo | Bank interest rates - loans to households for other purposes with an interest rate fixation period of over one year (new business),4.84,pct_anual,2025-06,"BCE, ECB Data Portal, dataset MIR",https://data.ecb.europa.eu/data/datasets/MIR/MIR.MIR.M.ES.B.A2D.K.R.A.2250.EUR.N,2026-09-16,Total,Over 1 year initial rate fixation,n/a,nivel,media_ponderada_volumen,serie MIR.M.ES.B.A2D.K.R.A.2250.EUR.N
Espana,credito_consumo_hogares_referencia,tipo | Bank interest rates - loans to households for other purposes with an interest rate fixation period of over one year (new business),4.63,pct_anual,2025-07,"BCE, ECB Data Portal, dataset MIR",https://data.ecb.europa.eu/data/datasets/MIR/MIR.MIR.M.ES.B.A2D.K.R.A.2250.EUR.N,2026-09-16,Total,Over 1 year initial rate fixation,n/a,nivel,media_ponderada_volumen,serie MIR.M.ES.B.A2D.K.R.A.2250.EUR.N
Espana,credito_consumo_hogares_referencia,tipo | Bank interest rates - loans to households for other purposes with an interest rate fixation period of over one year (new business),5.11,pct_anual,2025-08,"BCE, ECB Data Portal, dataset MIR",https://data.ecb.europa.eu/data/datasets/MIR/MIR.MIR.M.ES.B.A2D.K.R.A.2250.EUR.N,2026-09-16,Total,Over 1 year initial rate fixation,n/a,nivel,media_ponderada_volumen,serie MIR.M.ES.B.A2D.K.R.A.2250.EUR.N
Espana,credito_consumo_hogares_referencia,tipo | Bank interest rates - loans to households for other purposes with an interest rate fixation period of over one year (new business),4.84,pct_anual,2025-09,"BCE, ECB Data Portal, dataset MIR",https://data.ecb.europa.eu/data/datasets/MIR/MIR.MIR.M.ES.B.A2D.K.R.A.2250.EUR.N,2026-09-16,Total,Over 1 year initial rate fixation,n/a,nivel,media_ponderada_volumen,serie MIR.M.ES.B.A2D.K.R.A.2250.EUR.N
Espana,credito_consumo_hogares_referencia,tipo | Bank interest rates - loans to households for other purposes with an interest rate fixation period of over one year (new business),4.93,pct_anual,2025-10,"BCE, ECB Data Portal, dataset MIR",https://data.ecb.europa.eu/data/datasets/MIR/MIR.MIR.M.ES.B.A2D.K.R.A.2250.EUR.N,2026-09-16,Total,Over 1 year initial rate fixation,n/a,nivel,media_ponderada_volumen,serie MIR.M.ES.B.A2D.K.R.A.2250.EUR.N
Espana,credito_consumo_hogares_referencia,tipo | Bank interest rates - loans to households for other purposes with an interest rate fixation period of over one year (new business),4.79,pct_anual,2025-11,"BCE, ECB Data Portal, dataset MIR",https://data.ecb.europa.eu/data/datasets/MIR/MIR.MIR.M.ES.B.A2D.K.R.A.2250.EUR.N,2026-09-16,Total,Over 1 year initial rate fixation,n/a,nivel,media_ponderada_volumen,serie MIR.M.ES.B.A2D.K.R.A.2250.EUR.N
Espana,credito_consumo_hogares_referencia,tipo | Bank interest rates - loans to households for other purposes with an interest rate fixation period of over one year (new business),4.54,pct_anual,2025-12,"BCE, ECB Data Portal, dataset MIR",https://data.ecb.europa.eu/data/datasets/MIR/MIR.MIR.M.ES.B.A2D.K.R.A.2250.EUR.N,2026-09-16,Total,Over 1 year initial rate fixation,n/a,nivel,media_ponderada_volumen,serie MIR.M.ES.B.A2D.K.R.A.2250.EUR.N
Espana,credito_consumo_hogares_referencia,tipo | Bank interest rates - loans to households for other purposes with an interest rate fixation period of over one year (new business),4.5,pct_anual,2026-01,"BCE, ECB Data Portal, dataset MIR",https://data.ecb.europa.eu/data/datasets/MIR/MIR.MIR.M.ES.B.A2D.K.R.A.2250.EUR.N,2026-09-16,Total,Over 1 year initial rate fixation,n/a,nivel,media_ponderada_volumen,serie MIR.M.ES.B.A2D.K.R.A.2250.EUR.N
Espana,credito_consumo_hogares_referencia,tipo | Bank interest rates - loans to households for other purposes with an interest rate fixation period of over one year (new business),4.65,pct_anual,2026-02,"BCE, ECB Data Portal, dataset MIR",https://data.ecb.europa.eu/data/datasets/MIR/MIR.MIR.M.ES.B.A2D.K.R.A.2250.EUR.N,2026-09-16,Total,Over 1 year initial rate fixation,n/a,nivel,media_ponderada_volumen,serie MIR.M.ES.B.A2D.K.R.A.2250.EUR.N
Espana,credito_consumo_hogares_referencia,tipo | Bank interest rates - loans to households for other purposes with an interest rate fixation period of over one year (new business),4.53,pct_anual,2026-03,"BCE, ECB Data Portal, dataset MIR",https://data.ecb.europa.eu/data/datasets/MIR/MIR.MIR.M.ES.B.A2D.K.R.A.2250.EUR.N,2026-09-16,Total,Over 1 year initial rate fixation,n/a,nivel,media_ponderada_volumen,serie MIR.M.ES.B.A2D.K.R.A.2250.EUR.N
Espana,credito_consumo_hogares_referencia,tipo | Bank interest rates - loans to households for other purposes with an interest rate fixation period of over one year (new business),4.73,pct_anual,2026-04,"BCE, ECB Data Portal, dataset MIR",https://data.ecb.europa.eu/data/datasets/MIR/MIR.MIR.M.ES.B.A2D.K.R.A.2250.EUR.N,2026-09-16,Total,Over 1 year initial rate fixation,n/a,nivel,media_ponderada_volumen,serie MIR.M.ES.B.A2D.K.R.A.2250.EUR.N
Espana,credito_consumo_hogares_referencia,tipo | Bank interest rates - loans to households for other purposes with an interest rate fixation period of over one year (new business),4.88,pct_anual,2026-05,"BCE, ECB Data Portal, dataset MIR",https://data.ecb.europa.eu/data/datasets/MIR/MIR.MIR.M.ES.B.A2D.K.R.A.2250.EUR.N,2026-09-16,Total,Over 1 year initial rate fixation,n/a,nivel,media_ponderada_volumen,serie MIR.M.ES.B.A2D.K.R.A.2250.EUR.N
Espana,credito_consumo_hogares_referencia,tipo | Bank interest rates - loans to households for other purposes with an interest rate fixation period of over one year (new business),4.74,pct_anual,2026-06,"BCE, ECB Data Portal, dataset MIR",https://data.ecb.europa.eu/data/datasets/MIR/MIR.MIR.M.ES.B.A2D.K.R.A.2250.EUR.N,2026-09-16,Total,Over 1 year initial rate fixation,n/a,nivel,media_ponderada_volumen,serie MIR.M.ES.B.A2D.K.R.A.2250.EUR.N
Espana,credito_consumo_hogares_referencia,tipo | Bank interest rates - loans to households for other purposes with an interest rate fixation period of over one year (new business),4.87,pct_anual,2026-07,"BCE, ECB Data Portal, dataset MIR",https://data.ecb.europa.eu/data/datasets/MIR/MIR.MIR.M.ES.B.A2D.K.R.A.2250.EUR.N,2026-09-16,Total,Over 1 year initial rate fixation,n/a,nivel,media_ponderada_volumen,serie MIR.M.ES.B.A2D.K.R.A.2250.EUR.N
Espana,credito_consumo_hogares_referencia,volumen | Bank business volumes - loans to households for other purposes (new business),1368,eur_millones,2025-01,"BCE, ECB Data Portal, dataset MIR",https://data.ecb.europa.eu/data/datasets/MIR/MIR.MIR.M.ES.B.A2D.A.B.A.2250.EUR.N,2026-09-16,Total,Total initial rate fixation,n/a,volumen,dato_unico,serie MIR.M.ES.B.A2D.A.B.A.2250.EUR.N
Espana,credito_consumo_hogares_referencia,volumen | Bank business volumes - loans to households for other purposes (new business),1429,eur_millones,2025-02,"BCE, ECB Data Portal, dataset MIR",https://data.ecb.europa.eu/data/datasets/MIR/MIR.MIR.M.ES.B.A2D.A.B.A.2250.EUR.N,2026-09-16,Total,Total initial rate fixation,n/a,volumen,dato_unico,serie MIR.M.ES.B.A2D.A.B.A.2250.EUR.N
Espana,credito_consumo_hogares_referencia,volumen | Bank business volumes - loans to households for other purposes (new business),1766,eur_millones,2025-03,"BCE, ECB Data Portal, dataset MIR",https://data.ecb.europa.eu/data/datasets/MIR/MIR.MIR.M.ES.B.A2D.A.B.A.2250.EUR.N,2026-09-16,Total,Total initial rate fixation,n/a,volumen,dato_unico,serie MIR.M.ES.B.A2D.A.B.A.2250.EUR.N
Espana,credito_consumo_hogares_referencia,volumen | Bank business volumes - loans to households for other purposes (new business),1641,eur_millones,2025-04,"BCE, ECB Data Portal, dataset MIR",https://data.ecb.europa.eu/data/datasets/MIR/MIR.MIR.M.ES.B.A2D.A.B.A.2250.EUR.N,2026-09-16,Total,Total initial rate fixation,n/a,volumen,dato_unico,serie MIR.M.ES.B.A2D.A.B.A.2250.EUR.N
Espana,credito_consumo_hogares_referencia,volumen | Bank business volumes - loans to households for other purposes (new business),1520,eur_millones,2025-05,"BCE, ECB Data Portal, dataset MIR",https://data.ecb.europa.eu/data/datasets/MIR/MIR.MIR.M.ES.B.A2D.A.B.A.2250.EUR.N,2026-09-16,Total,Total initial rate fixation,n/a,volumen,dato_unico,serie MIR.M.ES.B.A2D.A.B.A.2250.EUR.N
Espana,credito_consumo_hogares_referencia,volumen | Bank business volumes - loans to households for other purposes (new business),1934,eur_millones,2025-06,"BCE, ECB Data Portal, dataset MIR",https://data.ecb.europa.eu/data/datasets/MIR/MIR.MIR.M.ES.B.A2D.A.B.A.2250.EUR.N,2026-09-16,Total,Total initial rate fixation,n/a,volumen,dato_unico,serie MIR.M.ES.B.A2D.A.B.A.2250.EUR.N
Espana,credito_consumo_hogares_referencia,volumen | Bank business volumes - loans to households for other purposes (new business),2234,eur_millones,2025-07,"BCE, ECB Data Portal, dataset MIR",https://data.ecb.europa.eu/data/datasets/MIR/MIR.MIR.M.ES.B.A2D.A.B.A.2250.EUR.N,2026-09-16,Total,Total initial rate fixation,n/a,volumen,dato_unico,serie MIR.M.ES.B.A2D.A.B.A.2250.EUR.N
Espana,credito_consumo_hogares_referencia,volumen | Bank business volumes - loans to households for other purposes (new business),997,eur_millones,2025-08,"BCE, ECB Data Portal, dataset MIR",https://data.ecb.europa.eu/data/datasets/MIR/MIR.MIR.M.ES.B.A2D.A.B.A.2250.EUR.N,2026-09-16,Total,Total initial rate fixation,n/a,volumen,dato_unico,serie MIR.M.ES.B.A2D.A.B.A.2250.EUR.N
Espana,credito_consumo_hogares_referencia,volumen | Bank business volumes - loans to households for other purposes (new business),1528,eur_millones,2025-09,"BCE, ECB Data Portal, dataset MIR",https://data.ecb.europa.eu/data/datasets/MIR/MIR.MIR.M.ES.B.A2D.A.B.A.2250.EUR.N,2026-09-16,Total,Total initial rate fixation,n/a,volumen,dato_unico,serie MIR.M.ES.B.A2D.A.B.A.2250.EUR.N
Espana,credito_consumo_hogares_referencia,volumen | Bank business volumes - loans to households for other purposes (new business),1814,eur_millones,2025-10,"BCE, ECB Data Portal, dataset MIR",https://data.ecb.europa.eu/data/datasets/MIR/MIR.MIR.M.ES.B.A2D.A.B.A.2250.EUR.N,2026-09-16,Total,Total initial rate fixation,n/a,volumen,dato_unico,serie MIR.M.ES.B.A2D.A.B.A.2250.EUR.N
Espana,credito_consumo_hogares_referencia,volumen | Bank business volumes - loans to households for other purposes (new business),1511,eur_millones,2025-11,"BCE, ECB Data Portal, dataset MIR",https://data.ecb.europa.eu/data/datasets/MIR/MIR.MIR.M.ES.B.A2D.A.B.A.2250.EUR.N,2026-09-16,Total,Total initial rate fixation,n/a,volumen,dato_unico,serie MIR.M.ES.B.A2D.A.B.A.2250.EUR.N
Espana,credito_consumo_hogares_referencia,volumen | Bank business volumes - loans to households for other purposes (new business),1596,eur_millones,2025-12,"BCE, ECB Data Portal, dataset MIR",https://data.ecb.europa.eu/data/datasets/MIR/MIR.MIR.M.ES.B.A2D.A.B.A.2250.EUR.N,2026-09-16,Total,Total initial rate fixation,n/a,volumen,dato_unico,serie MIR.M.ES.B.A2D.A.B.A.2250.EUR.N
Espana,credito_consumo_hogares_referencia,volumen | Bank business volumes - loans to households for other purposes (new business),1384,eur_millones,2026-01,"BCE, ECB Data Portal, dataset MIR",https://data.ecb.europa.eu/data/datasets/MIR/MIR.MIR.M.ES.B.A2D.A.B.A.2250.EUR.N,2026-09-16,Total,Total initial rate fixation,n/a,volumen,dato_unico,serie MIR.M.ES.B.A2D.A.B.A.2250.EUR.N
Espana,credito_consumo_hogares_referencia,volumen | Bank business volumes - loans to households for other purposes (new business),1495,eur_millones,2026-02,"BCE, ECB Data Portal, dataset MIR",https://data.ecb.europa.eu/data/datasets/MIR/MIR.MIR.M.ES.B.A2D.A.B.A.2250.EUR.N,2026-09-16,Total,Total initial rate fixation,n/a,volumen,dato_unico,serie MIR.M.ES.B.A2D.A.B.A.2250.EUR.N
Espana,credito_consumo_hogares_referencia,volumen | Bank business volumes - loans to households for other purposes (new business),1758,eur_millones,2026-03,"BCE, ECB Data Portal, dataset MIR",https://data.ecb.europa.eu/data/datasets/MIR/MIR.MIR.M.ES.B.A2D.A.B.A.2250.EUR.N,2026-09-16,Total,Total initial rate fixation,n/a,volumen,dato_unico,serie MIR.M.ES.B.A2D.A.B.A.2250.EUR.N
Espana,credito_consumo_hogares_referencia,volumen | Bank business volumes - loans to households for other purposes (new business),1614,eur_millones,2026-04,"BCE, ECB Data Portal, dataset MIR",https://data.ecb.europa.eu/data/datasets/MIR/MIR.MIR.M.ES.B.A2D.A.B.A.2250.EUR.N,2026-09-16,Total,Total initial rate fixation,n/a,volumen,dato_unico,serie MIR.M.ES.B.A2D.A.B.A.2250.EUR.N
Espana,credito_consumo_hogares_referencia,volumen | Bank business volumes - loans to households for other purposes (new business),1448,eur_millones,2026-05,"BCE, ECB Data Portal, dataset MIR",https://data.ecb.europa.eu/data/datasets/MIR/MIR.MIR.M.ES.B.A2D.A.B.A.2250.EUR.N,2026-09-16,Total,Total initial rate fixation,n/a,volumen,dato_unico,serie MIR.M.ES.B.A2D.A.B.A.2250.EUR.N
Espana,credito_consumo_hogares_referencia,volumen | Bank business volumes - loans to households for other purposes (new business),1903,eur_millones,2026-06,"BCE, ECB Data Portal, dataset MIR",https://data.ecb.europa.eu/data/datasets/MIR/MIR.MIR.M.ES.B.A2D.A.B.A.2250.EUR.N,2026-09-16,Total,Total initial rate fixation,n/a,volumen,dato_unico,serie MIR.M.ES.B.A2D.A.B.A.2250.EUR.N
Espana,credito_consumo_hogares_referencia,volumen | Bank business volumes - loans to households for other purposes (new business),1862,eur_millones,2026-07,"BCE, ECB Data Portal, dataset MIR",https://data.ecb.europa.eu/data/datasets/MIR/MIR.MIR.M.ES.B.A2D.A.B.A.2250.EUR.N,2026-09-16,Total,Total initial rate fixation,n/a,volumen,dato_unico,serie MIR.M.ES.B.A2D.A.B.A.2250.EUR.N
Alemania,credito_consumo_hogares_referencia,tipo | Bank interest rates - loans to households for other purposes (new business),4.36,pct_anual,2025-01,"BCE, ECB Data Portal, dataset MIR",https://data.ecb.europa.eu/data/datasets/MIR/MIR.MIR.M.DE.B.A2D.A.R.A.2250.EUR.N,2026-09-16,Total,Total initial rate fixation,n/a,nivel,media_ponderada_volumen,serie MIR.M.DE.B.A2D.A.R.A.2250.EUR.N
Alemania,credito_consumo_hogares_referencia,tipo | Bank interest rates - loans to households for other purposes (new business),4.32,pct_anual,2025-02,"BCE, ECB Data Portal, dataset MIR",https://data.ecb.europa.eu/data/datasets/MIR/MIR.MIR.M.DE.B.A2D.A.R.A.2250.EUR.N,2026-09-16,Total,Total initial rate fixation,n/a,nivel,media_ponderada_volumen,serie MIR.M.DE.B.A2D.A.R.A.2250.EUR.N
Alemania,credito_consumo_hogares_referencia,tipo | Bank interest rates - loans to households for other purposes (new business),4.27,pct_anual,2025-03,"BCE, ECB Data Portal, dataset MIR",https://data.ecb.europa.eu/data/datasets/MIR/MIR.MIR.M.DE.B.A2D.A.R.A.2250.EUR.N,2026-09-16,Total,Total initial rate fixation,n/a,nivel,media_ponderada_volumen,serie MIR.M.DE.B.A2D.A.R.A.2250.EUR.N
Alemania,credito_consumo_hogares_referencia,tipo | Bank interest rates - loans to households for other purposes (new business),4.23,pct_anual,2025-04,"BCE, ECB Data Portal, dataset MIR",https://data.ecb.europa.eu/data/datasets/MIR/MIR.MIR.M.DE.B.A2D.A.R.A.2250.EUR.N,2026-09-16,Total,Total initial rate fixation,n/a,nivel,media_ponderada_volumen,serie MIR.M.DE.B.A2D.A.R.A.2250.EUR.N
Alemania,credito_consumo_hogares_referencia,tipo | Bank interest rates - loans to households for other purposes (new business),4.15,pct_anual,2025-05,"BCE, ECB Data Portal, dataset MIR",https://data.ecb.europa.eu/data/datasets/MIR/MIR.MIR.M.DE.B.A2D.A.R.A.2250.EUR.N,2026-09-16,Total,Total initial rate fixation,n/a,nivel,media_ponderada_volumen,serie MIR.M.DE.B.A2D.A.R.A.2250.EUR.N
Alemania,credito_consumo_hogares_referencia,tipo | Bank interest rates - loans to households for other purposes (new business),4.01,pct_anual,2025-06,"BCE, ECB Data Portal, dataset MIR",https://data.ecb.europa.eu/data/datasets/MIR/MIR.MIR.M.DE.B.A2D.A.R.A.2250.EUR.N,2026-09-16,Total,Total initial rate fixation,n/a,nivel,media_ponderada_volumen,serie MIR.M.DE.B.A2D.A.R.A.2250.EUR.N
Alemania,credito_consumo_hogares_referencia,tipo | Bank interest rates - loans to households for other purposes (new business),4.03,pct_anual,2025-07,"BCE, ECB Data Portal, dataset MIR",https://data.ecb.europa.eu/data/datasets/MIR/MIR.MIR.M.DE.B.A2D.A.R.A.2250.EUR.N,2026-09-16,Total,Total initial rate fixation,n/a,nivel,media_ponderada_volumen,serie MIR.M.DE.B.A2D.A.R.A.2250.EUR.N
Alemania,credito_consumo_hogares_referencia,tipo | Bank interest rates - loans to households for other purposes (new business),4.11,pct_anual,2025-08,"BCE, ECB Data Portal, dataset MIR",https://data.ecb.europa.eu/data/datasets/MIR/MIR.MIR.M.DE.B.A2D.A.R.A.2250.EUR.N,2026-09-16,Total,Total initial rate fixation,n/a,nivel,media_ponderada_volumen,serie MIR.M.DE.B.A2D.A.R.A.2250.EUR.N
Alemania,credito_consumo_hogares_referencia,tipo | Bank interest rates - loans to households for other purposes (new business),4.11,pct_anual,2025-09,"BCE, ECB Data Portal, dataset MIR",https://data.ecb.europa.eu/data/datasets/MIR/MIR.MIR.M.DE.B.A2D.A.R.A.2250.EUR.N,2026-09-16,Total,Total initial rate fixation,n/a,nivel,media_ponderada_volumen,serie MIR.M.DE.B.A2D.A.R.A.2250.EUR.N
Alemania,credito_consumo_hogares_referencia,tipo | Bank interest rates - loans to households for other purposes (new business),4.08,pct_anual,2025-10,"BCE, ECB Data Portal, dataset MIR",https://data.ecb.europa.eu/data/datasets/MIR/MIR.MIR.M.DE.B.A2D.A.R.A.2250.EUR.N,2026-09-16,Total,Total initial rate fixation,n/a,nivel,media_ponderada_volumen,serie MIR.M.DE.B.A2D.A.R.A.2250.EUR.N
Alemania,credito_consumo_hogares_referencia,tipo | Bank interest rates - loans to households for other purposes (new business),4.05,pct_anual,2025-11,"BCE, ECB Data Portal, dataset MIR",https://data.ecb.europa.eu/data/datasets/MIR/MIR.MIR.M.DE.B.A2D.A.R.A.2250.EUR.N,2026-09-16,Total,Total initial rate fixation,n/a,nivel,media_ponderada_volumen,serie MIR.M.DE.B.A2D.A.R.A.2250.EUR.N
Alemania,credito_consumo_hogares_referencia,tipo | Bank interest rates - loans to households for other purposes (new business),3.96,pct_anual,2025-12,"BCE, ECB Data Portal, dataset MIR",https://data.ecb.europa.eu/data/datasets/MIR/MIR.MIR.M.DE.B.A2D.A.R.A.2250.EUR.N,2026-09-16,Total,Total initial rate fixation,n/a,nivel,media_ponderada_volumen,serie MIR.M.DE.B.A2D.A.R.A.2250.EUR.N
Alemania,credito_consumo_hogares_referencia,tipo | Bank interest rates - loans to households for other purposes (new business),4.06,pct_anual,2026-01,"BCE, ECB Data Portal, dataset MIR",https://data.ecb.europa.eu/data/datasets/MIR/MIR.MIR.M.DE.B.A2D.A.R.A.2250.EUR.N,2026-09-16,Total,Total initial rate fixation,n/a,nivel,media_ponderada_volumen,serie MIR.M.DE.B.A2D.A.R.A.2250.EUR.N
Alemania,credito_consumo_hogares_referencia,tipo | Bank interest rates - loans to households for other purposes (new business),4.04,pct_anual,2026-02,"BCE, ECB Data Portal, dataset MIR",https://data.ecb.europa.eu/data/datasets/MIR/MIR.MIR.M.DE.B.A2D.A.R.A.2250.EUR.N,2026-09-16,Total,Total initial rate fixation,n/a,nivel,media_ponderada_volumen,serie MIR.M.DE.B.A2D.A.R.A.2250.EUR.N
Alemania,credito_consumo_hogares_referencia,tipo | Bank interest rates - loans to households for other purposes (new business),3.92,pct_anual,2026-03,"BCE, ECB Data Portal, dataset MIR",https://data.ecb.europa.eu/data/datasets/MIR/MIR.MIR.M.DE.B.A2D.A.R.A.2250.EUR.N,2026-09-16,Total,Total initial rate fixation,n/a,nivel,media_ponderada_volumen,serie MIR.M.DE.B.A2D.A.R.A.2250.EUR.N
Alemania,credito_consumo_hogares_referencia,tipo | Bank interest rates - loans to households for other purposes (new business),4.12,pct_anual,2026-04,"BCE, ECB Data Portal, dataset MIR",https://data.ecb.europa.eu/data/datasets/MIR/MIR.MIR.M.DE.B.A2D.A.R.A.2250.EUR.N,2026-09-16,Total,Total initial rate fixation,n/a,nivel,media_ponderada_volumen,serie MIR.M.DE.B.A2D.A.R.A.2250.EUR.N
Alemania,credito_consumo_hogares_referencia,tipo | Bank interest rates - loans to households for other purposes (new business),4.15,pct_anual,2026-05,"BCE, ECB Data Portal, dataset MIR",https://data.ecb.europa.eu/data/datasets/MIR/MIR.MIR.M.DE.B.A2D.A.R.A.2250.EUR.N,2026-09-16,Total,Total initial rate fixation,n/a,nivel,media_ponderada_volumen,serie MIR.M.DE.B.A2D.A.R.A.2250.EUR.N
Alemania,credito_consumo_hogares_referencia,tipo | Bank interest rates - loans to households for other purposes (new business),4.17,pct_anual,2026-06,"BCE, ECB Data Portal, dataset MIR",https://data.ecb.europa.eu/data/datasets/MIR/MIR.MIR.M.DE.B.A2D.A.R.A.2250.EUR.N,2026-09-16,Total,Total initial rate fixation,n/a,nivel,media_ponderada_volumen,serie MIR.M.DE.B.A2D.A.R.A.2250.EUR.N
Alemania,credito_consumo_hogares_referencia,tipo | Bank interest rates - loans to households for other purposes (new business),4.25,pct_anual,2026-07,"BCE, ECB Data Portal, dataset MIR",https://data.ecb.europa.eu/data/datasets/MIR/MIR.MIR.M.DE.B.A2D.A.R.A.2250.EUR.N,2026-09-16,Total,Total initial rate fixation,n/a,nivel,media_ponderada_volumen,serie MIR.M.DE.B.A2D.A.R.A.2250.EUR.N
Alemania,credito_consumo_hogares_referencia,tipo | Bank interest rates - loans to households for other purposes with a variable rate and an interest rate fixation period of up to one year (new business),4.66,pct_anual,2025-01,"BCE, ECB Data Portal, dataset MIR",https://data.ecb.europa.eu/data/datasets/MIR/MIR.MIR.M.DE.B.A2D.F.R.A.2250.EUR.N,2026-09-16,Total,Up to 1 year initial rate fixation,n/a,nivel,media_ponderada_volumen,serie MIR.M.DE.B.A2D.F.R.A.2250.EUR.N
Alemania,credito_consumo_hogares_referencia,tipo | Bank interest rates - loans to households for other purposes with a variable rate and an interest rate fixation period of up to one year (new business),4.58,pct_anual,2025-02,"BCE, ECB Data Portal, dataset MIR",https://data.ecb.europa.eu/data/datasets/MIR/MIR.MIR.M.DE.B.A2D.F.R.A.2250.EUR.N,2026-09-16,Total,Up to 1 year initial rate fixation,n/a,nivel,media_ponderada_volumen,serie MIR.M.DE.B.A2D.F.R.A.2250.EUR.N
Alemania,credito_consumo_hogares_referencia,tipo | Bank interest rates - loans to households for other purposes with a variable rate and an interest rate fixation period of up to one year (new business),4.36,pct_anual,2025-03,"BCE, ECB Data Portal, dataset MIR",https://data.ecb.europa.eu/data/datasets/MIR/MIR.MIR.M.DE.B.A2D.F.R.A.2250.EUR.N,2026-09-16,Total,Up to 1 year initial rate fixation,n/a,nivel,media_ponderada_volumen,serie MIR.M.DE.B.A2D.F.R.A.2250.EUR.N
Alemania,credito_consumo_hogares_referencia,tipo | Bank interest rates - loans to households for other purposes with a variable rate and an interest rate fixation period of up to one year (new business),4.26,pct_anual,2025-04,"BCE, ECB Data Portal, dataset MIR",https://data.ecb.europa.eu/data/datasets/MIR/MIR.MIR.M.DE.B.A2D.F.R.A.2250.EUR.N,2026-09-16,Total,Up to 1 year initial rate fixation,n/a,nivel,media_ponderada_volumen,serie MIR.M.DE.B.A2D.F.R.A.2250.EUR.N
Alemania,credito_consumo_hogares_referencia,tipo | Bank interest rates - loans to households for other purposes with a variable rate and an interest rate fixation period of up to one year (new business),4.1,pct_anual,2025-05,"BCE, ECB Data Portal, dataset MIR",https://data.ecb.europa.eu/data/datasets/MIR/MIR.MIR.M.DE.B.A2D.F.R.A.2250.EUR.N,2026-09-16,Total,Up to 1 year initial rate fixation,n/a,nivel,media_ponderada_volumen,serie MIR.M.DE.B.A2D.F.R.A.2250.EUR.N
Alemania,credito_consumo_hogares_referencia,tipo | Bank interest rates - loans to households for other purposes with a variable rate and an interest rate fixation period of up to one year (new business),3.96,pct_anual,2025-06,"BCE, ECB Data Portal, dataset MIR",https://data.ecb.europa.eu/data/datasets/MIR/MIR.MIR.M.DE.B.A2D.F.R.A.2250.EUR.N,2026-09-16,Total,Up to 1 year initial rate fixation,n/a,nivel,media_ponderada_volumen,serie MIR.M.DE.B.A2D.F.R.A.2250.EUR.N
Alemania,credito_consumo_hogares_referencia,tipo | Bank interest rates - loans to households for other purposes with a variable rate and an interest rate fixation period of up to one year (new business),4,pct_anual,2025-07,"BCE, ECB Data Portal, dataset MIR",https://data.ecb.europa.eu/data/datasets/MIR/MIR.MIR.M.DE.B.A2D.F.R.A.2250.EUR.N,2026-09-16,Total,Up to 1 year initial rate fixation,n/a,nivel,media_ponderada_volumen,serie MIR.M.DE.B.A2D.F.R.A.2250.EUR.N
Alemania,credito_consumo_hogares_referencia,tipo | Bank interest rates - loans to households for other purposes with a variable rate and an interest rate fixation period of up to one year (new business),4.08,pct_anual,2025-08,"BCE, ECB Data Portal, dataset MIR",https://data.ecb.europa.eu/data/datasets/MIR/MIR.MIR.M.DE.B.A2D.F.R.A.2250.EUR.N,2026-09-16,Total,Up to 1 year initial rate fixation,n/a,nivel,media_ponderada_volumen,serie MIR.M.DE.B.A2D.F.R.A.2250.EUR.N
Alemania,credito_consumo_hogares_referencia,tipo | Bank interest rates - loans to households for other purposes with a variable rate and an interest rate fixation period of up to one year (new business),3.99,pct_anual,2025-09,"BCE, ECB Data Portal, dataset MIR",https://data.ecb.europa.eu/data/datasets/MIR/MIR.MIR.M.DE.B.A2D.F.R.A.2250.EUR.N,2026-09-16,Total,Up to 1 year initial rate fixation,n/a,nivel,media_ponderada_volumen,serie MIR.M.DE.B.A2D.F.R.A.2250.EUR.N
Alemania,credito_consumo_hogares_referencia,tipo | Bank interest rates - loans to households for other purposes with a variable rate and an interest rate fixation period of up to one year (new business),3.93,pct_anual,2025-10,"BCE, ECB Data Portal, dataset MIR",https://data.ecb.europa.eu/data/datasets/MIR/MIR.MIR.M.DE.B.A2D.F.R.A.2250.EUR.N,2026-09-16,Total,Up to 1 year initial rate fixation,n/a,nivel,media_ponderada_volumen,serie MIR.M.DE.B.A2D.F.R.A.2250.EUR.N
Alemania,credito_consumo_hogares_referencia,tipo | Bank interest rates - loans to households for other purposes with a variable rate and an interest rate fixation period of up to one year (new business),3.93,pct_anual,2025-11,"BCE, ECB Data Portal, dataset MIR",https://data.ecb.europa.eu/data/datasets/MIR/MIR.MIR.M.DE.B.A2D.F.R.A.2250.EUR.N,2026-09-16,Total,Up to 1 year initial rate fixation,n/a,nivel,media_ponderada_volumen,serie MIR.M.DE.B.A2D.F.R.A.2250.EUR.N
Alemania,credito_consumo_hogares_referencia,tipo | Bank interest rates - loans to households for other purposes with a variable rate and an interest rate fixation period of up to one year (new business),3.78,pct_anual,2025-12,"BCE, ECB Data Portal, dataset MIR",https://data.ecb.europa.eu/data/datasets/MIR/MIR.MIR.M.DE.B.A2D.F.R.A.2250.EUR.N,2026-09-16,Total,Up to 1 year initial rate fixation,n/a,nivel,media_ponderada_volumen,serie MIR.M.DE.B.A2D.F.R.A.2250.EUR.N
Alemania,credito_consumo_hogares_referencia,tipo | Bank interest rates - loans to households for other purposes with a variable rate and an interest rate fixation period of up to one year (new business),3.91,pct_anual,2026-01,"BCE, ECB Data Portal, dataset MIR",https://data.ecb.europa.eu/data/datasets/MIR/MIR.MIR.M.DE.B.A2D.F.R.A.2250.EUR.N,2026-09-16,Total,Up to 1 year initial rate fixation,n/a,nivel,media_ponderada_volumen,serie MIR.M.DE.B.A2D.F.R.A.2250.EUR.N
Alemania,credito_consumo_hogares_referencia,tipo | Bank interest rates - loans to households for other purposes with a variable rate and an interest rate fixation period of up to one year (new business),3.86,pct_anual,2026-02,"BCE, ECB Data Portal, dataset MIR",https://data.ecb.europa.eu/data/datasets/MIR/MIR.MIR.M.DE.B.A2D.F.R.A.2250.EUR.N,2026-09-16,Total,Up to 1 year initial rate fixation,n/a,nivel,media_ponderada_volumen,serie MIR.M.DE.B.A2D.F.R.A.2250.EUR.N
Alemania,credito_consumo_hogares_referencia,tipo | Bank interest rates - loans to households for other purposes with a variable rate and an interest rate fixation period of up to one year (new business),3.73,pct_anual,2026-03,"BCE, ECB Data Portal, dataset MIR",https://data.ecb.europa.eu/data/datasets/MIR/MIR.MIR.M.DE.B.A2D.F.R.A.2250.EUR.N,2026-09-16,Total,Up to 1 year initial rate fixation,n/a,nivel,media_ponderada_volumen,serie MIR.M.DE.B.A2D.F.R.A.2250.EUR.N
Alemania,credito_consumo_hogares_referencia,tipo | Bank interest rates - loans to households for other purposes with a variable rate and an interest rate fixation period of up to one year (new business),3.81,pct_anual,2026-04,"BCE, ECB Data Portal, dataset MIR",https://data.ecb.europa.eu/data/datasets/MIR/MIR.MIR.M.DE.B.A2D.F.R.A.2250.EUR.N,2026-09-16,Total,Up to 1 year initial rate fixation,n/a,nivel,media_ponderada_volumen,serie MIR.M.DE.B.A2D.F.R.A.2250.EUR.N
Alemania,credito_consumo_hogares_referencia,tipo | Bank interest rates - loans to households for other purposes with a variable rate and an interest rate fixation period of up to one year (new business),3.78,pct_anual,2026-05,"BCE, ECB Data Portal, dataset MIR",https://data.ecb.europa.eu/data/datasets/MIR/MIR.MIR.M.DE.B.A2D.F.R.A.2250.EUR.N,2026-09-16,Total,Up to 1 year initial rate fixation,n/a,nivel,media_ponderada_volumen,serie MIR.M.DE.B.A2D.F.R.A.2250.EUR.N
Alemania,credito_consumo_hogares_referencia,tipo | Bank interest rates - loans to households for other purposes with a variable rate and an interest rate fixation period of up to one year (new business),3.98,pct_anual,2026-06,"BCE, ECB Data Portal, dataset MIR",https://data.ecb.europa.eu/data/datasets/MIR/MIR.MIR.M.DE.B.A2D.F.R.A.2250.EUR.N,2026-09-16,Total,Up to 1 year initial rate fixation,n/a,nivel,media_ponderada_volumen,serie MIR.M.DE.B.A2D.F.R.A.2250.EUR.N
Alemania,credito_consumo_hogares_referencia,tipo | Bank interest rates - loans to households for other purposes with a variable rate and an interest rate fixation period of up to one year (new business),4.01,pct_anual,2026-07,"BCE, ECB Data Portal, dataset MIR",https://data.ecb.europa.eu/data/datasets/MIR/MIR.MIR.M.DE.B.A2D.F.R.A.2250.EUR.N,2026-09-16,Total,Up to 1 year initial rate fixation,n/a,nivel,media_ponderada_volumen,serie MIR.M.DE.B.A2D.F.R.A.2250.EUR.N; OBS_STATUS=P (no definitivo)
Alemania,credito_consumo_hogares_referencia,tipo | Bank interest rates - loans to households for other purposes with an interest rate fixation period of over one & up to five years (new business),4.65,pct_anual,2025-01,"BCE, ECB Data Portal, dataset MIR",https://data.ecb.europa.eu/data/datasets/MIR/MIR.MIR.M.DE.B.A2D.I.R.A.2250.EUR.N,2026-09-16,Total,Over 1 and up to 5 years initial rate fixation,n/a,nivel,media_ponderada_volumen,serie MIR.M.DE.B.A2D.I.R.A.2250.EUR.N
Alemania,credito_consumo_hogares_referencia,tipo | Bank interest rates - loans to households for other purposes with an interest rate fixation period of over one & up to five years (new business),4.84,pct_anual,2025-02,"BCE, ECB Data Portal, dataset MIR",https://data.ecb.europa.eu/data/datasets/MIR/MIR.MIR.M.DE.B.A2D.I.R.A.2250.EUR.N,2026-09-16,Total,Over 1 and up to 5 years initial rate fixation,n/a,nivel,media_ponderada_volumen,serie MIR.M.DE.B.A2D.I.R.A.2250.EUR.N
Alemania,credito_consumo_hogares_referencia,tipo | Bank interest rates - loans to households for other purposes with an interest rate fixation period of over one & up to five years (new business),4.63,pct_anual,2025-03,"BCE, ECB Data Portal, dataset MIR",https://data.ecb.europa.eu/data/datasets/MIR/MIR.MIR.M.DE.B.A2D.I.R.A.2250.EUR.N,2026-09-16,Total,Over 1 and up to 5 years initial rate fixation,n/a,nivel,media_ponderada_volumen,serie MIR.M.DE.B.A2D.I.R.A.2250.EUR.N
Alemania,credito_consumo_hogares_referencia,tipo | Bank interest rates - loans to households for other purposes with an interest rate fixation period of over one & up to five years (new business),4.64,pct_anual,2025-04,"BCE, ECB Data Portal, dataset MIR",https://data.ecb.europa.eu/data/datasets/MIR/MIR.MIR.M.DE.B.A2D.I.R.A.2250.EUR.N,2026-09-16,Total,Over 1 and up to 5 years initial rate fixation,n/a,nivel,media_ponderada_volumen,serie MIR.M.DE.B.A2D.I.R.A.2250.EUR.N
Alemania,credito_consumo_hogares_referencia,tipo | Bank interest rates - loans to households for other purposes with an interest rate fixation period of over one & up to five years (new business),4.55,pct_anual,2025-05,"BCE, ECB Data Portal, dataset MIR",https://data.ecb.europa.eu/data/datasets/MIR/MIR.MIR.M.DE.B.A2D.I.R.A.2250.EUR.N,2026-09-16,Total,Over 1 and up to 5 years initial rate fixation,n/a,nivel,media_ponderada_volumen,serie MIR.M.DE.B.A2D.I.R.A.2250.EUR.N
Alemania,credito_consumo_hogares_referencia,tipo | Bank interest rates - loans to households for other purposes with an interest rate fixation period of over one & up to five years (new business),4.23,pct_anual,2025-06,"BCE, ECB Data Portal, dataset MIR",https://data.ecb.europa.eu/data/datasets/MIR/MIR.MIR.M.DE.B.A2D.I.R.A.2250.EUR.N,2026-09-16,Total,Over 1 and up to 5 years initial rate fixation,n/a,nivel,media_ponderada_volumen,serie MIR.M.DE.B.A2D.I.R.A.2250.EUR.N
Alemania,credito_consumo_hogares_referencia,tipo | Bank interest rates - loans to households for other purposes with an interest rate fixation period of over one & up to five years (new business),4.36,pct_anual,2025-07,"BCE, ECB Data Portal, dataset MIR",https://data.ecb.europa.eu/data/datasets/MIR/MIR.MIR.M.DE.B.A2D.I.R.A.2250.EUR.N,2026-09-16,Total,Over 1 and up to 5 years initial rate fixation,n/a,nivel,media_ponderada_volumen,serie MIR.M.DE.B.A2D.I.R.A.2250.EUR.N
Alemania,credito_consumo_hogares_referencia,tipo | Bank interest rates - loans to households for other purposes with an interest rate fixation period of over one & up to five years (new business),4.48,pct_anual,2025-08,"BCE, ECB Data Portal, dataset MIR",https://data.ecb.europa.eu/data/datasets/MIR/MIR.MIR.M.DE.B.A2D.I.R.A.2250.EUR.N,2026-09-16,Total,Over 1 and up to 5 years initial rate fixation,n/a,nivel,media_ponderada_volumen,serie MIR.M.DE.B.A2D.I.R.A.2250.EUR.N
Alemania,credito_consumo_hogares_referencia,tipo | Bank interest rates - loans to households for other purposes with an interest rate fixation period of over one & up to five years (new business),4.55,pct_anual,2025-09,"BCE, ECB Data Portal, dataset MIR",https://data.ecb.europa.eu/data/datasets/MIR/MIR.MIR.M.DE.B.A2D.I.R.A.2250.EUR.N,2026-09-16,Total,Over 1 and up to 5 years initial rate fixation,n/a,nivel,media_ponderada_volumen,serie MIR.M.DE.B.A2D.I.R.A.2250.EUR.N
Alemania,credito_consumo_hogares_referencia,tipo | Bank interest rates - loans to households for other purposes with an interest rate fixation period of over one & up to five years (new business),4.5,pct_anual,2025-10,"BCE, ECB Data Portal, dataset MIR",https://data.ecb.europa.eu/data/datasets/MIR/MIR.MIR.M.DE.B.A2D.I.R.A.2250.EUR.N,2026-09-16,Total,Over 1 and up to 5 years initial rate fixation,n/a,nivel,media_ponderada_volumen,serie MIR.M.DE.B.A2D.I.R.A.2250.EUR.N
Alemania,credito_consumo_hogares_referencia,tipo | Bank interest rates - loans to households for other purposes with an interest rate fixation period of over one & up to five years (new business),4.55,pct_anual,2025-11,"BCE, ECB Data Portal, dataset MIR",https://data.ecb.europa.eu/data/datasets/MIR/MIR.MIR.M.DE.B.A2D.I.R.A.2250.EUR.N,2026-09-16,Total,Over 1 and up to 5 years initial rate fixation,n/a,nivel,media_ponderada_volumen,serie MIR.M.DE.B.A2D.I.R.A.2250.EUR.N
Alemania,credito_consumo_hogares_referencia,tipo | Bank interest rates - loans to households for other purposes with an interest rate fixation period of over one & up to five years (new business),4.49,pct_anual,2025-12,"BCE, ECB Data Portal, dataset MIR",https://data.ecb.europa.eu/data/datasets/MIR/MIR.MIR.M.DE.B.A2D.I.R.A.2250.EUR.N,2026-09-16,Total,Over 1 and up to 5 years initial rate fixation,n/a,nivel,media_ponderada_volumen,serie MIR.M.DE.B.A2D.I.R.A.2250.EUR.N
Alemania,credito_consumo_hogares_referencia,tipo | Bank interest rates - loans to households for other purposes with an interest rate fixation period of over one & up to five years (new business),4.4,pct_anual,2026-01,"BCE, ECB Data Portal, dataset MIR",https://data.ecb.europa.eu/data/datasets/MIR/MIR.MIR.M.DE.B.A2D.I.R.A.2250.EUR.N,2026-09-16,Total,Over 1 and up to 5 years initial rate fixation,n/a,nivel,media_ponderada_volumen,serie MIR.M.DE.B.A2D.I.R.A.2250.EUR.N
Alemania,credito_consumo_hogares_referencia,tipo | Bank interest rates - loans to households for other purposes with an interest rate fixation period of over one & up to five years (new business),4.38,pct_anual,2026-02,"BCE, ECB Data Portal, dataset MIR",https://data.ecb.europa.eu/data/datasets/MIR/MIR.MIR.M.DE.B.A2D.I.R.A.2250.EUR.N,2026-09-16,Total,Over 1 and up to 5 years initial rate fixation,n/a,nivel,media_ponderada_volumen,serie MIR.M.DE.B.A2D.I.R.A.2250.EUR.N
Alemania,credito_consumo_hogares_referencia,tipo | Bank interest rates - loans to households for other purposes with an interest rate fixation period of over one & up to five years (new business),3.95,pct_anual,2026-03,"BCE, ECB Data Portal, dataset MIR",https://data.ecb.europa.eu/data/datasets/MIR/MIR.MIR.M.DE.B.A2D.I.R.A.2250.EUR.N,2026-09-16,Total,Over 1 and up to 5 years initial rate fixation,n/a,nivel,media_ponderada_volumen,serie MIR.M.DE.B.A2D.I.R.A.2250.EUR.N
Alemania,credito_consumo_hogares_referencia,tipo | Bank interest rates - loans to households for other purposes with an interest rate fixation period of over one & up to five years (new business),4.66,pct_anual,2026-04,"BCE, ECB Data Portal, dataset MIR",https://data.ecb.europa.eu/data/datasets/MIR/MIR.MIR.M.DE.B.A2D.I.R.A.2250.EUR.N,2026-09-16,Total,Over 1 and up to 5 years initial rate fixation,n/a,nivel,media_ponderada_volumen,serie MIR.M.DE.B.A2D.I.R.A.2250.EUR.N
Alemania,credito_consumo_hogares_referencia,tipo | Bank interest rates - loans to households for other purposes with an interest rate fixation period of over one & up to five years (new business),4.57,pct_anual,2026-05,"BCE, ECB Data Portal, dataset MIR",https://data.ecb.europa.eu/data/datasets/MIR/MIR.MIR.M.DE.B.A2D.I.R.A.2250.EUR.N,2026-09-16,Total,Over 1 and up to 5 years initial rate fixation,n/a,nivel,media_ponderada_volumen,serie MIR.M.DE.B.A2D.I.R.A.2250.EUR.N
Alemania,credito_consumo_hogares_referencia,tipo | Bank interest rates - loans to households for other purposes with an interest rate fixation period of over one & up to five years (new business),4.62,pct_anual,2026-06,"BCE, ECB Data Portal, dataset MIR",https://data.ecb.europa.eu/data/datasets/MIR/MIR.MIR.M.DE.B.A2D.I.R.A.2250.EUR.N,2026-09-16,Total,Over 1 and up to 5 years initial rate fixation,n/a,nivel,media_ponderada_volumen,serie MIR.M.DE.B.A2D.I.R.A.2250.EUR.N
Alemania,credito_consumo_hogares_referencia,tipo | Bank interest rates - loans to households for other purposes with an interest rate fixation period of over one & up to five years (new business),4.63,pct_anual,2026-07,"BCE, ECB Data Portal, dataset MIR",https://data.ecb.europa.eu/data/datasets/MIR/MIR.MIR.M.DE.B.A2D.I.R.A.2250.EUR.N,2026-09-16,Total,Over 1 and up to 5 years initial rate fixation,n/a,nivel,media_ponderada_volumen,serie MIR.M.DE.B.A2D.I.R.A.2250.EUR.N; OBS_STATUS=P (no definitivo)
Alemania,credito_consumo_hogares_referencia,tipo | Bank interest rates - loans to households for other purposes with an interest rate fixation period of over five years (new business),3.95,pct_anual,2025-01,"BCE, ECB Data Portal, dataset MIR",https://data.ecb.europa.eu/data/datasets/MIR/MIR.MIR.M.DE.B.A2D.J.R.A.2250.EUR.N,2026-09-16,Total,Over 5 years initial rate fixation,n/a,nivel,media_ponderada_volumen,serie MIR.M.DE.B.A2D.J.R.A.2250.EUR.N
Alemania,credito_consumo_hogares_referencia,tipo | Bank interest rates - loans to households for other purposes with an interest rate fixation period of over five years (new business),3.96,pct_anual,2025-02,"BCE, ECB Data Portal, dataset MIR",https://data.ecb.europa.eu/data/datasets/MIR/MIR.MIR.M.DE.B.A2D.J.R.A.2250.EUR.N,2026-09-16,Total,Over 5 years initial rate fixation,n/a,nivel,media_ponderada_volumen,serie MIR.M.DE.B.A2D.J.R.A.2250.EUR.N
Alemania,credito_consumo_hogares_referencia,tipo | Bank interest rates - loans to households for other purposes with an interest rate fixation period of over five years (new business),4.02,pct_anual,2025-03,"BCE, ECB Data Portal, dataset MIR",https://data.ecb.europa.eu/data/datasets/MIR/MIR.MIR.M.DE.B.A2D.J.R.A.2250.EUR.N,2026-09-16,Total,Over 5 years initial rate fixation,n/a,nivel,media_ponderada_volumen,serie MIR.M.DE.B.A2D.J.R.A.2250.EUR.N
Alemania,credito_consumo_hogares_referencia,tipo | Bank interest rates - loans to households for other purposes with an interest rate fixation period of over five years (new business),4.03,pct_anual,2025-04,"BCE, ECB Data Portal, dataset MIR",https://data.ecb.europa.eu/data/datasets/MIR/MIR.MIR.M.DE.B.A2D.J.R.A.2250.EUR.N,2026-09-16,Total,Over 5 years initial rate fixation,n/a,nivel,media_ponderada_volumen,serie MIR.M.DE.B.A2D.J.R.A.2250.EUR.N
Alemania,credito_consumo_hogares_referencia,tipo | Bank interest rates - loans to households for other purposes with an interest rate fixation period of over five years (new business),4.04,pct_anual,2025-05,"BCE, ECB Data Portal, dataset MIR",https://data.ecb.europa.eu/data/datasets/MIR/MIR.MIR.M.DE.B.A2D.J.R.A.2250.EUR.N,2026-09-16,Total,Over 5 years initial rate fixation,n/a,nivel,media_ponderada_volumen,serie MIR.M.DE.B.A2D.J.R.A.2250.EUR.N
Alemania,credito_consumo_hogares_referencia,tipo | Bank interest rates - loans to households for other purposes with an interest rate fixation period of over five years (new business),3.96,pct_anual,2025-06,"BCE, ECB Data Portal, dataset MIR",https://data.ecb.europa.eu/data/datasets/MIR/MIR.MIR.M.DE.B.A2D.J.R.A.2250.EUR.N,2026-09-16,Total,Over 5 years initial rate fixation,n/a,nivel,media_ponderada_volumen,serie MIR.M.DE.B.A2D.J.R.A.2250.EUR.N
Alemania,credito_consumo_hogares_referencia,tipo | Bank interest rates - loans to households for other purposes with an interest rate fixation period of over five years (new business),3.91,pct_anual,2025-07,"BCE, ECB Data Portal, dataset MIR",https://data.ecb.europa.eu/data/datasets/MIR/MIR.MIR.M.DE.B.A2D.J.R.A.2250.EUR.N,2026-09-16,Total,Over 5 years initial rate fixation,n/a,nivel,media_ponderada_volumen,serie MIR.M.DE.B.A2D.J.R.A.2250.EUR.N
Alemania,credito_consumo_hogares_referencia,tipo | Bank interest rates - loans to households for other purposes with an interest rate fixation period of over five years (new business),3.98,pct_anual,2025-08,"BCE, ECB Data Portal, dataset MIR",https://data.ecb.europa.eu/data/datasets/MIR/MIR.MIR.M.DE.B.A2D.J.R.A.2250.EUR.N,2026-09-16,Total,Over 5 years initial rate fixation,n/a,nivel,media_ponderada_volumen,serie MIR.M.DE.B.A2D.J.R.A.2250.EUR.N
Alemania,credito_consumo_hogares_referencia,tipo | Bank interest rates - loans to households for other purposes with an interest rate fixation period of over five years (new business),4.05,pct_anual,2025-09,"BCE, ECB Data Portal, dataset MIR",https://data.ecb.europa.eu/data/datasets/MIR/MIR.MIR.M.DE.B.A2D.J.R.A.2250.EUR.N,2026-09-16,Total,Over 5 years initial rate fixation,n/a,nivel,media_ponderada_volumen,serie MIR.M.DE.B.A2D.J.R.A.2250.EUR.N
Alemania,credito_consumo_hogares_referencia,tipo | Bank interest rates - loans to households for other purposes with an interest rate fixation period of over five years (new business),4.02,pct_anual,2025-10,"BCE, ECB Data Portal, dataset MIR",https://data.ecb.europa.eu/data/datasets/MIR/MIR.MIR.M.DE.B.A2D.J.R.A.2250.EUR.N,2026-09-16,Total,Over 5 years initial rate fixation,n/a,nivel,media_ponderada_volumen,serie MIR.M.DE.B.A2D.J.R.A.2250.EUR.N
Alemania,credito_consumo_hogares_referencia,tipo | Bank interest rates - loans to households for other purposes with an interest rate fixation period of over five years (new business),3.96,pct_anual,2025-11,"BCE, ECB Data Portal, dataset MIR",https://data.ecb.europa.eu/data/datasets/MIR/MIR.MIR.M.DE.B.A2D.J.R.A.2250.EUR.N,2026-09-16,Total,Over 5 years initial rate fixation,n/a,nivel,media_ponderada_volumen,serie MIR.M.DE.B.A2D.J.R.A.2250.EUR.N
Alemania,credito_consumo_hogares_referencia,tipo | Bank interest rates - loans to households for other purposes with an interest rate fixation period of over five years (new business),3.91,pct_anual,2025-12,"BCE, ECB Data Portal, dataset MIR",https://data.ecb.europa.eu/data/datasets/MIR/MIR.MIR.M.DE.B.A2D.J.R.A.2250.EUR.N,2026-09-16,Total,Over 5 years initial rate fixation,n/a,nivel,media_ponderada_volumen,serie MIR.M.DE.B.A2D.J.R.A.2250.EUR.N
Alemania,credito_consumo_hogares_referencia,tipo | Bank interest rates - loans to households for other purposes with an interest rate fixation period of over five years (new business),4.04,pct_anual,2026-01,"BCE, ECB Data Portal, dataset MIR",https://data.ecb.europa.eu/data/datasets/MIR/MIR.MIR.M.DE.B.A2D.J.R.A.2250.EUR.N,2026-09-16,Total,Over 5 years initial rate fixation,n/a,nivel,media_ponderada_volumen,serie MIR.M.DE.B.A2D.J.R.A.2250.EUR.N
Alemania,credito_consumo_hogares_referencia,tipo | Bank interest rates - loans to households for other purposes with an interest rate fixation period of over five years (new business),4.04,pct_anual,2026-02,"BCE, ECB Data Portal, dataset MIR",https://data.ecb.europa.eu/data/datasets/MIR/MIR.MIR.M.DE.B.A2D.J.R.A.2250.EUR.N,2026-09-16,Total,Over 5 years initial rate fixation,n/a,nivel,media_ponderada_volumen,serie MIR.M.DE.B.A2D.J.R.A.2250.EUR.N
Alemania,credito_consumo_hogares_referencia,tipo | Bank interest rates - loans to households for other purposes with an interest rate fixation period of over five years (new business),4.1,pct_anual,2026-03,"BCE, ECB Data Portal, dataset MIR",https://data.ecb.europa.eu/data/datasets/MIR/MIR.MIR.M.DE.B.A2D.J.R.A.2250.EUR.N,2026-09-16,Total,Over 5 years initial rate fixation,n/a,nivel,media_ponderada_volumen,serie MIR.M.DE.B.A2D.J.R.A.2250.EUR.N
Alemania,credito_consumo_hogares_referencia,tipo | Bank interest rates - loans to households for other purposes with an interest rate fixation period of over five years (new business),4.22,pct_anual,2026-04,"BCE, ECB Data Portal, dataset MIR",https://data.ecb.europa.eu/data/datasets/MIR/MIR.MIR.M.DE.B.A2D.J.R.A.2250.EUR.N,2026-09-16,Total,Over 5 years initial rate fixation,n/a,nivel,media_ponderada_volumen,serie MIR.M.DE.B.A2D.J.R.A.2250.EUR.N
Alemania,credito_consumo_hogares_referencia,tipo | Bank interest rates - loans to households for other purposes with an interest rate fixation period of over five years (new business),4.34,pct_anual,2026-05,"BCE, ECB Data Portal, dataset MIR",https://data.ecb.europa.eu/data/datasets/MIR/MIR.MIR.M.DE.B.A2D.J.R.A.2250.EUR.N,2026-09-16,Total,Over 5 years initial rate fixation,n/a,nivel,media_ponderada_volumen,serie MIR.M.DE.B.A2D.J.R.A.2250.EUR.N
Alemania,credito_consumo_hogares_referencia,tipo | Bank interest rates - loans to households for other purposes with an interest rate fixation period of over five years (new business),4.13,pct_anual,2026-06,"BCE, ECB Data Portal, dataset MIR",https://data.ecb.europa.eu/data/datasets/MIR/MIR.MIR.M.DE.B.A2D.J.R.A.2250.EUR.N,2026-09-16,Total,Over 5 years initial rate fixation,n/a,nivel,media_ponderada_volumen,serie MIR.M.DE.B.A2D.J.R.A.2250.EUR.N
Alemania,credito_consumo_hogares_referencia,tipo | Bank interest rates - loans to households for other purposes with an interest rate fixation period of over five years (new business),4.26,pct_anual,2026-07,"BCE, ECB Data Portal, dataset MIR",https://data.ecb.europa.eu/data/datasets/MIR/MIR.MIR.M.DE.B.A2D.J.R.A.2250.EUR.N,2026-09-16,Total,Over 5 years initial rate fixation,n/a,nivel,media_ponderada_volumen,serie MIR.M.DE.B.A2D.J.R.A.2250.EUR.N; OBS_STATUS=P (no definitivo)
Alemania,credito_consumo_hogares_referencia,tipo | Bank interest rates - loans to households for other purposes with an interest rate fixation period of over one year (new business),4.16,pct_anual,2025-01,"BCE, ECB Data Portal, dataset MIR",https://data.ecb.europa.eu/data/datasets/MIR/MIR.MIR.M.DE.B.A2D.K.R.A.2250.EUR.N,2026-09-16,Total,Over 1 year initial rate fixation,n/a,nivel,media_ponderada_volumen,serie MIR.M.DE.B.A2D.K.R.A.2250.EUR.N
Alemania,credito_consumo_hogares_referencia,tipo | Bank interest rates - loans to households for other purposes with an interest rate fixation period of over one year (new business),4.2,pct_anual,2025-02,"BCE, ECB Data Portal, dataset MIR",https://data.ecb.europa.eu/data/datasets/MIR/MIR.MIR.M.DE.B.A2D.K.R.A.2250.EUR.N,2026-09-16,Total,Over 1 year initial rate fixation,n/a,nivel,media_ponderada_volumen,serie MIR.M.DE.B.A2D.K.R.A.2250.EUR.N
Alemania,credito_consumo_hogares_referencia,tipo | Bank interest rates - loans to households for other purposes with an interest rate fixation period of over one year (new business),4.21,pct_anual,2025-03,"BCE, ECB Data Portal, dataset MIR",https://data.ecb.europa.eu/data/datasets/MIR/MIR.MIR.M.DE.B.A2D.K.R.A.2250.EUR.N,2026-09-16,Total,Over 1 year initial rate fixation,n/a,nivel,media_ponderada_volumen,serie MIR.M.DE.B.A2D.K.R.A.2250.EUR.N
Alemania,credito_consumo_hogares_referencia,tipo | Bank interest rates - loans to households for other purposes with an interest rate fixation period of over one year (new business),4.21,pct_anual,2025-04,"BCE, ECB Data Portal, dataset MIR",https://data.ecb.europa.eu/data/datasets/MIR/MIR.MIR.M.DE.B.A2D.K.R.A.2250.EUR.N,2026-09-16,Total,Over 1 year initial rate fixation,n/a,nivel,media_ponderada_volumen,serie MIR.M.DE.B.A2D.K.R.A.2250.EUR.N
Alemania,credito_consumo_hogares_referencia,tipo | Bank interest rates - loans to households for other purposes with an interest rate fixation period of over one year (new business),4.17,pct_anual,2025-05,"BCE, ECB Data Portal, dataset MIR",https://data.ecb.europa.eu/data/datasets/MIR/MIR.MIR.M.DE.B.A2D.K.R.A.2250.EUR.N,2026-09-16,Total,Over 1 year initial rate fixation,n/a,nivel,media_ponderada_volumen,serie MIR.M.DE.B.A2D.K.R.A.2250.EUR.N
Alemania,credito_consumo_hogares_referencia,tipo | Bank interest rates - loans to households for other purposes with an interest rate fixation period of over one year (new business),4.04,pct_anual,2025-06,"BCE, ECB Data Portal, dataset MIR",https://data.ecb.europa.eu/data/datasets/MIR/MIR.MIR.M.DE.B.A2D.K.R.A.2250.EUR.N,2026-09-16,Total,Over 1 year initial rate fixation,n/a,nivel,media_ponderada_volumen,serie MIR.M.DE.B.A2D.K.R.A.2250.EUR.N
Alemania,credito_consumo_hogares_referencia,tipo | Bank interest rates - loans to households for other purposes with an interest rate fixation period of over one year (new business),4.04,pct_anual,2025-07,"BCE, ECB Data Portal, dataset MIR",https://data.ecb.europa.eu/data/datasets/MIR/MIR.MIR.M.DE.B.A2D.K.R.A.2250.EUR.N,2026-09-16,Total,Over 1 year initial rate fixation,n/a,nivel,media_ponderada_volumen,serie MIR.M.DE.B.A2D.K.R.A.2250.EUR.N
Alemania,credito_consumo_hogares_referencia,tipo | Bank interest rates - loans to households for other purposes with an interest rate fixation period of over one year (new business),4.12,pct_anual,2025-08,"BCE, ECB Data Portal, dataset MIR",https://data.ecb.europa.eu/data/datasets/MIR/MIR.MIR.M.DE.B.A2D.K.R.A.2250.EUR.N,2026-09-16,Total,Over 1 year initial rate fixation,n/a,nivel,media_ponderada_volumen,serie MIR.M.DE.B.A2D.K.R.A.2250.EUR.N
Alemania,credito_consumo_hogares_referencia,tipo | Bank interest rates - loans to households for other purposes with an interest rate fixation period of over one year (new business),4.19,pct_anual,2025-09,"BCE, ECB Data Portal, dataset MIR",https://data.ecb.europa.eu/data/datasets/MIR/MIR.MIR.M.DE.B.A2D.K.R.A.2250.EUR.N,2026-09-16,Total,Over 1 year initial rate fixation,n/a,nivel,media_ponderada_volumen,serie MIR.M.DE.B.A2D.K.R.A.2250.EUR.N
Alemania,credito_consumo_hogares_referencia,tipo | Bank interest rates - loans to households for other purposes with an interest rate fixation period of over one year (new business),4.17,pct_anual,2025-10,"BCE, ECB Data Portal, dataset MIR",https://data.ecb.europa.eu/data/datasets/MIR/MIR.MIR.M.DE.B.A2D.K.R.A.2250.EUR.N,2026-09-16,Total,Over 1 year initial rate fixation,n/a,nivel,media_ponderada_volumen,serie MIR.M.DE.B.A2D.K.R.A.2250.EUR.N
Alemania,credito_consumo_hogares_referencia,tipo | Bank interest rates - loans to households for other purposes with an interest rate fixation period of over one year (new business),4.12,pct_anual,2025-11,"BCE, ECB Data Portal, dataset MIR",https://data.ecb.europa.eu/data/datasets/MIR/MIR.MIR.M.DE.B.A2D.K.R.A.2250.EUR.N,2026-09-16,Total,Over 1 year initial rate fixation,n/a,nivel,media_ponderada_volumen,serie MIR.M.DE.B.A2D.K.R.A.2250.EUR.N
Alemania,credito_consumo_hogares_referencia,tipo | Bank interest rates - loans to households for other purposes with an interest rate fixation period of over one year (new business),4.07,pct_anual,2025-12,"BCE, ECB Data Portal, dataset MIR",https://data.ecb.europa.eu/data/datasets/MIR/MIR.MIR.M.DE.B.A2D.K.R.A.2250.EUR.N,2026-09-16,Total,Over 1 year initial rate fixation,n/a,nivel,media_ponderada_volumen,serie MIR.M.DE.B.A2D.K.R.A.2250.EUR.N
Alemania,credito_consumo_hogares_referencia,tipo | Bank interest rates - loans to households for other purposes with an interest rate fixation period of over one year (new business),4.16,pct_anual,2026-01,"BCE, ECB Data Portal, dataset MIR",https://data.ecb.europa.eu/data/datasets/MIR/MIR.MIR.M.DE.B.A2D.K.R.A.2250.EUR.N,2026-09-16,Total,Over 1 year initial rate fixation,n/a,nivel,media_ponderada_volumen,serie MIR.M.DE.B.A2D.K.R.A.2250.EUR.N
Alemania,credito_consumo_hogares_referencia,tipo | Bank interest rates - loans to households for other purposes with an interest rate fixation period of over one year (new business),4.14,pct_anual,2026-02,"BCE, ECB Data Portal, dataset MIR",https://data.ecb.europa.eu/data/datasets/MIR/MIR.MIR.M.DE.B.A2D.K.R.A.2250.EUR.N,2026-09-16,Total,Over 1 year initial rate fixation,n/a,nivel,media_ponderada_volumen,serie MIR.M.DE.B.A2D.K.R.A.2250.EUR.N
Alemania,credito_consumo_hogares_referencia,tipo | Bank interest rates - loans to households for other purposes with an interest rate fixation period of over one year (new business),4.04,pct_anual,2026-03,"BCE, ECB Data Portal, dataset MIR",https://data.ecb.europa.eu/data/datasets/MIR/MIR.MIR.M.DE.B.A2D.K.R.A.2250.EUR.N,2026-09-16,Total,Over 1 year initial rate fixation,n/a,nivel,media_ponderada_volumen,serie MIR.M.DE.B.A2D.K.R.A.2250.EUR.N
Alemania,credito_consumo_hogares_referencia,tipo | Bank interest rates - loans to households for other purposes with an interest rate fixation period of over one year (new business),4.35,pct_anual,2026-04,"BCE, ECB Data Portal, dataset MIR",https://data.ecb.europa.eu/data/datasets/MIR/MIR.MIR.M.DE.B.A2D.K.R.A.2250.EUR.N,2026-09-16,Total,Over 1 year initial rate fixation,n/a,nivel,media_ponderada_volumen,serie MIR.M.DE.B.A2D.K.R.A.2250.EUR.N
Alemania,credito_consumo_hogares_referencia,tipo | Bank interest rates - loans to households for other purposes with an interest rate fixation period of over one year (new business),4.42,pct_anual,2026-05,"BCE, ECB Data Portal, dataset MIR",https://data.ecb.europa.eu/data/datasets/MIR/MIR.MIR.M.DE.B.A2D.K.R.A.2250.EUR.N,2026-09-16,Total,Over 1 year initial rate fixation,n/a,nivel,media_ponderada_volumen,serie MIR.M.DE.B.A2D.K.R.A.2250.EUR.N
Alemania,credito_consumo_hogares_referencia,tipo | Bank interest rates - loans to households for other purposes with an interest rate fixation period of over one year (new business),4.3,pct_anual,2026-06,"BCE, ECB Data Portal, dataset MIR",https://data.ecb.europa.eu/data/datasets/MIR/MIR.MIR.M.DE.B.A2D.K.R.A.2250.EUR.N,2026-09-16,Total,Over 1 year initial rate fixation,n/a,nivel,media_ponderada_volumen,serie MIR.M.DE.B.A2D.K.R.A.2250.EUR.N
Alemania,credito_consumo_hogares_referencia,tipo | Bank interest rates - loans to households for other purposes with an interest rate fixation period of over one year (new business),4.38,pct_anual,2026-07,"BCE, ECB Data Portal, dataset MIR",https://data.ecb.europa.eu/data/datasets/MIR/MIR.MIR.M.DE.B.A2D.K.R.A.2250.EUR.N,2026-09-16,Total,Over 1 year initial rate fixation,n/a,nivel,media_ponderada_volumen,serie MIR.M.DE.B.A2D.K.R.A.2250.EUR.N
Alemania,credito_consumo_hogares_referencia,volumen | Bank business volumes - loans to households for other purposes (new business),4448,eur_millones,2025-01,"BCE, ECB Data Portal, dataset MIR",https://data.ecb.europa.eu/data/datasets/MIR/MIR.MIR.M.DE.B.A2D.A.B.A.2250.EUR.N,2026-09-16,Total,Total initial rate fixation,n/a,volumen,dato_unico,serie MIR.M.DE.B.A2D.A.B.A.2250.EUR.N
Alemania,credito_consumo_hogares_referencia,volumen | Bank business volumes - loans to households for other purposes (new business),3912,eur_millones,2025-02,"BCE, ECB Data Portal, dataset MIR",https://data.ecb.europa.eu/data/datasets/MIR/MIR.MIR.M.DE.B.A2D.A.B.A.2250.EUR.N,2026-09-16,Total,Total initial rate fixation,n/a,volumen,dato_unico,serie MIR.M.DE.B.A2D.A.B.A.2250.EUR.N
Alemania,credito_consumo_hogares_referencia,volumen | Bank business volumes - loans to households for other purposes (new business),5067,eur_millones,2025-03,"BCE, ECB Data Portal, dataset MIR",https://data.ecb.europa.eu/data/datasets/MIR/MIR.MIR.M.DE.B.A2D.A.B.A.2250.EUR.N,2026-09-16,Total,Total initial rate fixation,n/a,volumen,dato_unico,serie MIR.M.DE.B.A2D.A.B.A.2250.EUR.N
Alemania,credito_consumo_hogares_referencia,volumen | Bank business volumes - loans to households for other purposes (new business),5045,eur_millones,2025-04,"BCE, ECB Data Portal, dataset MIR",https://data.ecb.europa.eu/data/datasets/MIR/MIR.MIR.M.DE.B.A2D.A.B.A.2250.EUR.N,2026-09-16,Total,Total initial rate fixation,n/a,volumen,dato_unico,serie MIR.M.DE.B.A2D.A.B.A.2250.EUR.N
Alemania,credito_consumo_hogares_referencia,volumen | Bank business volumes - loans to households for other purposes (new business),4448,eur_millones,2025-05,"BCE, ECB Data Portal, dataset MIR",https://data.ecb.europa.eu/data/datasets/MIR/MIR.MIR.M.DE.B.A2D.A.B.A.2250.EUR.N,2026-09-16,Total,Total initial rate fixation,n/a,volumen,dato_unico,serie MIR.M.DE.B.A2D.A.B.A.2250.EUR.N
Alemania,credito_consumo_hogares_referencia,volumen | Bank business volumes - loans to households for other purposes (new business),5040,eur_millones,2025-06,"BCE, ECB Data Portal, dataset MIR",https://data.ecb.europa.eu/data/datasets/MIR/MIR.MIR.M.DE.B.A2D.A.B.A.2250.EUR.N,2026-09-16,Total,Total initial rate fixation,n/a,volumen,dato_unico,serie MIR.M.DE.B.A2D.A.B.A.2250.EUR.N
Alemania,credito_consumo_hogares_referencia,volumen | Bank business volumes - loans to households for other purposes (new business),5481,eur_millones,2025-07,"BCE, ECB Data Portal, dataset MIR",https://data.ecb.europa.eu/data/datasets/MIR/MIR.MIR.M.DE.B.A2D.A.B.A.2250.EUR.N,2026-09-16,Total,Total initial rate fixation,n/a,volumen,dato_unico,serie MIR.M.DE.B.A2D.A.B.A.2250.EUR.N
Alemania,credito_consumo_hogares_referencia,volumen | Bank business volumes - loans to households for other purposes (new business),3905,eur_millones,2025-08,"BCE, ECB Data Portal, dataset MIR",https://data.ecb.europa.eu/data/datasets/MIR/MIR.MIR.M.DE.B.A2D.A.B.A.2250.EUR.N,2026-09-16,Total,Total initial rate fixation,n/a,volumen,dato_unico,serie MIR.M.DE.B.A2D.A.B.A.2250.EUR.N
Alemania,credito_consumo_hogares_referencia,volumen | Bank business volumes - loans to households for other purposes (new business),4276,eur_millones,2025-09,"BCE, ECB Data Portal, dataset MIR",https://data.ecb.europa.eu/data/datasets/MIR/MIR.MIR.M.DE.B.A2D.A.B.A.2250.EUR.N,2026-09-16,Total,Total initial rate fixation,n/a,volumen,dato_unico,serie MIR.M.DE.B.A2D.A.B.A.2250.EUR.N
Alemania,credito_consumo_hogares_referencia,volumen | Bank business volumes - loans to households for other purposes (new business),4210,eur_millones,2025-10,"BCE, ECB Data Portal, dataset MIR",https://data.ecb.europa.eu/data/datasets/MIR/MIR.MIR.M.DE.B.A2D.A.B.A.2250.EUR.N,2026-09-16,Total,Total initial rate fixation,n/a,volumen,dato_unico,serie MIR.M.DE.B.A2D.A.B.A.2250.EUR.N
Alemania,credito_consumo_hogares_referencia,volumen | Bank business volumes - loans to households for other purposes (new business),4017,eur_millones,2025-11,"BCE, ECB Data Portal, dataset MIR",https://data.ecb.europa.eu/data/datasets/MIR/MIR.MIR.M.DE.B.A2D.A.B.A.2250.EUR.N,2026-09-16,Total,Total initial rate fixation,n/a,volumen,dato_unico,serie MIR.M.DE.B.A2D.A.B.A.2250.EUR.N
Alemania,credito_consumo_hogares_referencia,volumen | Bank business volumes - loans to households for other purposes (new business),5840,eur_millones,2025-12,"BCE, ECB Data Portal, dataset MIR",https://data.ecb.europa.eu/data/datasets/MIR/MIR.MIR.M.DE.B.A2D.A.B.A.2250.EUR.N,2026-09-16,Total,Total initial rate fixation,n/a,volumen,dato_unico,serie MIR.M.DE.B.A2D.A.B.A.2250.EUR.N
Alemania,credito_consumo_hogares_referencia,volumen | Bank business volumes - loans to households for other purposes (new business),4386,eur_millones,2026-01,"BCE, ECB Data Portal, dataset MIR",https://data.ecb.europa.eu/data/datasets/MIR/MIR.MIR.M.DE.B.A2D.A.B.A.2250.EUR.N,2026-09-16,Total,Total initial rate fixation,n/a,volumen,dato_unico,serie MIR.M.DE.B.A2D.A.B.A.2250.EUR.N
Alemania,credito_consumo_hogares_referencia,volumen | Bank business volumes - loans to households for other purposes (new business),4239,eur_millones,2026-02,"BCE, ECB Data Portal, dataset MIR",https://data.ecb.europa.eu/data/datasets/MIR/MIR.MIR.M.DE.B.A2D.A.B.A.2250.EUR.N,2026-09-16,Total,Total initial rate fixation,n/a,volumen,dato_unico,serie MIR.M.DE.B.A2D.A.B.A.2250.EUR.N
Alemania,credito_consumo_hogares_referencia,volumen | Bank business volumes - loans to households for other purposes (new business),5766,eur_millones,2026-03,"BCE, ECB Data Portal, dataset MIR",https://data.ecb.europa.eu/data/datasets/MIR/MIR.MIR.M.DE.B.A2D.A.B.A.2250.EUR.N,2026-09-16,Total,Total initial rate fixation,n/a,volumen,dato_unico,serie MIR.M.DE.B.A2D.A.B.A.2250.EUR.N
Alemania,credito_consumo_hogares_referencia,volumen | Bank business volumes - loans to households for other purposes (new business),4072,eur_millones,2026-04,"BCE, ECB Data Portal, dataset MIR",https://data.ecb.europa.eu/data/datasets/MIR/MIR.MIR.M.DE.B.A2D.A.B.A.2250.EUR.N,2026-09-16,Total,Total initial rate fixation,n/a,volumen,dato_unico,serie MIR.M.DE.B.A2D.A.B.A.2250.EUR.N
Alemania,credito_consumo_hogares_referencia,volumen | Bank business volumes - loans to households for other purposes (new business),3503,eur_millones,2026-05,"BCE, ECB Data Portal, dataset MIR",https://data.ecb.europa.eu/data/datasets/MIR/MIR.MIR.M.DE.B.A2D.A.B.A.2250.EUR.N,2026-09-16,Total,Total initial rate fixation,n/a,volumen,dato_unico,serie MIR.M.DE.B.A2D.A.B.A.2250.EUR.N
Alemania,credito_consumo_hogares_referencia,volumen | Bank business volumes - loans to households for other purposes (new business),4910,eur_millones,2026-06,"BCE, ECB Data Portal, dataset MIR",https://data.ecb.europa.eu/data/datasets/MIR/MIR.MIR.M.DE.B.A2D.A.B.A.2250.EUR.N,2026-09-16,Total,Total initial rate fixation,n/a,volumen,dato_unico,serie MIR.M.DE.B.A2D.A.B.A.2250.EUR.N
Alemania,credito_consumo_hogares_referencia,volumen | Bank business volumes - loans to households for other purposes (new business),4575,eur_millones,2026-07,"BCE, ECB Data Portal, dataset MIR",https://data.ecb.europa.eu/data/datasets/MIR/MIR.MIR.M.DE.B.A2D.A.B.A.2250.EUR.N,2026-09-16,Total,Total initial rate fixation,n/a,volumen,dato_unico,serie MIR.M.DE.B.A2D.A.B.A.2250.EUR.N
Francia,credito_consumo_hogares_referencia,tipo | Bank interest rates - loans to households for other purposes (new business),3.49,pct_anual,2025-01,"BCE, ECB Data Portal, dataset MIR",https://data.ecb.europa.eu/data/datasets/MIR/MIR.MIR.M.FR.B.A2D.A.R.A.2250.EUR.N,2026-09-16,Total,Total initial rate fixation,n/a,nivel,media_ponderada_volumen,serie MIR.M.FR.B.A2D.A.R.A.2250.EUR.N
Francia,credito_consumo_hogares_referencia,tipo | Bank interest rates - loans to households for other purposes (new business),3.38,pct_anual,2025-02,"BCE, ECB Data Portal, dataset MIR",https://data.ecb.europa.eu/data/datasets/MIR/MIR.MIR.M.FR.B.A2D.A.R.A.2250.EUR.N,2026-09-16,Total,Total initial rate fixation,n/a,nivel,media_ponderada_volumen,serie MIR.M.FR.B.A2D.A.R.A.2250.EUR.N
Francia,credito_consumo_hogares_referencia,tipo | Bank interest rates - loans to households for other purposes (new business),3.47,pct_anual,2025-03,"BCE, ECB Data Portal, dataset MIR",https://data.ecb.europa.eu/data/datasets/MIR/MIR.MIR.M.FR.B.A2D.A.R.A.2250.EUR.N,2026-09-16,Total,Total initial rate fixation,n/a,nivel,media_ponderada_volumen,serie MIR.M.FR.B.A2D.A.R.A.2250.EUR.N
Francia,credito_consumo_hogares_referencia,tipo | Bank interest rates - loans to households for other purposes (new business),3.43,pct_anual,2025-04,"BCE, ECB Data Portal, dataset MIR",https://data.ecb.europa.eu/data/datasets/MIR/MIR.MIR.M.FR.B.A2D.A.R.A.2250.EUR.N,2026-09-16,Total,Total initial rate fixation,n/a,nivel,media_ponderada_volumen,serie MIR.M.FR.B.A2D.A.R.A.2250.EUR.N
Francia,credito_consumo_hogares_referencia,tipo | Bank interest rates - loans to households for other purposes (new business),3.46,pct_anual,2025-05,"BCE, ECB Data Portal, dataset MIR",https://data.ecb.europa.eu/data/datasets/MIR/MIR.MIR.M.FR.B.A2D.A.R.A.2250.EUR.N,2026-09-16,Total,Total initial rate fixation,n/a,nivel,media_ponderada_volumen,serie MIR.M.FR.B.A2D.A.R.A.2250.EUR.N
Francia,credito_consumo_hogares_referencia,tipo | Bank interest rates - loans to households for other purposes (new business),3.4,pct_anual,2025-06,"BCE, ECB Data Portal, dataset MIR",https://data.ecb.europa.eu/data/datasets/MIR/MIR.MIR.M.FR.B.A2D.A.R.A.2250.EUR.N,2026-09-16,Total,Total initial rate fixation,n/a,nivel,media_ponderada_volumen,serie MIR.M.FR.B.A2D.A.R.A.2250.EUR.N
Francia,credito_consumo_hogares_referencia,tipo | Bank interest rates - loans to households for other purposes (new business),3.39,pct_anual,2025-07,"BCE, ECB Data Portal, dataset MIR",https://data.ecb.europa.eu/data/datasets/MIR/MIR.MIR.M.FR.B.A2D.A.R.A.2250.EUR.N,2026-09-16,Total,Total initial rate fixation,n/a,nivel,media_ponderada_volumen,serie MIR.M.FR.B.A2D.A.R.A.2250.EUR.N
Francia,credito_consumo_hogares_referencia,tipo | Bank interest rates - loans to households for other purposes (new business),3.44,pct_anual,2025-08,"BCE, ECB Data Portal, dataset MIR",https://data.ecb.europa.eu/data/datasets/MIR/MIR.MIR.M.FR.B.A2D.A.R.A.2250.EUR.N,2026-09-16,Total,Total initial rate fixation,n/a,nivel,media_ponderada_volumen,serie MIR.M.FR.B.A2D.A.R.A.2250.EUR.N
Francia,credito_consumo_hogares_referencia,tipo | Bank interest rates - loans to households for other purposes (new business),3.33,pct_anual,2025-09,"BCE, ECB Data Portal, dataset MIR",https://data.ecb.europa.eu/data/datasets/MIR/MIR.MIR.M.FR.B.A2D.A.R.A.2250.EUR.N,2026-09-16,Total,Total initial rate fixation,n/a,nivel,media_ponderada_volumen,serie MIR.M.FR.B.A2D.A.R.A.2250.EUR.N
Francia,credito_consumo_hogares_referencia,tipo | Bank interest rates - loans to households for other purposes (new business),3.43,pct_anual,2025-10,"BCE, ECB Data Portal, dataset MIR",https://data.ecb.europa.eu/data/datasets/MIR/MIR.MIR.M.FR.B.A2D.A.R.A.2250.EUR.N,2026-09-16,Total,Total initial rate fixation,n/a,nivel,media_ponderada_volumen,serie MIR.M.FR.B.A2D.A.R.A.2250.EUR.N
Francia,credito_consumo_hogares_referencia,tipo | Bank interest rates - loans to households for other purposes (new business),3.38,pct_anual,2025-11,"BCE, ECB Data Portal, dataset MIR",https://data.ecb.europa.eu/data/datasets/MIR/MIR.MIR.M.FR.B.A2D.A.R.A.2250.EUR.N,2026-09-16,Total,Total initial rate fixation,n/a,nivel,media_ponderada_volumen,serie MIR.M.FR.B.A2D.A.R.A.2250.EUR.N
Francia,credito_consumo_hogares_referencia,tipo | Bank interest rates - loans to households for other purposes (new business),3.32,pct_anual,2025-12,"BCE, ECB Data Portal, dataset MIR",https://data.ecb.europa.eu/data/datasets/MIR/MIR.MIR.M.FR.B.A2D.A.R.A.2250.EUR.N,2026-09-16,Total,Total initial rate fixation,n/a,nivel,media_ponderada_volumen,serie MIR.M.FR.B.A2D.A.R.A.2250.EUR.N
Francia,credito_consumo_hogares_referencia,tipo | Bank interest rates - loans to households for other purposes (new business),3.32,pct_anual,2026-01,"BCE, ECB Data Portal, dataset MIR",https://data.ecb.europa.eu/data/datasets/MIR/MIR.MIR.M.FR.B.A2D.A.R.A.2250.EUR.N,2026-09-16,Total,Total initial rate fixation,n/a,nivel,media_ponderada_volumen,serie MIR.M.FR.B.A2D.A.R.A.2250.EUR.N
Francia,credito_consumo_hogares_referencia,tipo | Bank interest rates - loans to households for other purposes (new business),3.41,pct_anual,2026-02,"BCE, ECB Data Portal, dataset MIR",https://data.ecb.europa.eu/data/datasets/MIR/MIR.MIR.M.FR.B.A2D.A.R.A.2250.EUR.N,2026-09-16,Total,Total initial rate fixation,n/a,nivel,media_ponderada_volumen,serie MIR.M.FR.B.A2D.A.R.A.2250.EUR.N
Francia,credito_consumo_hogares_referencia,tipo | Bank interest rates - loans to households for other purposes (new business),3.34,pct_anual,2026-03,"BCE, ECB Data Portal, dataset MIR",https://data.ecb.europa.eu/data/datasets/MIR/MIR.MIR.M.FR.B.A2D.A.R.A.2250.EUR.N,2026-09-16,Total,Total initial rate fixation,n/a,nivel,media_ponderada_volumen,serie MIR.M.FR.B.A2D.A.R.A.2250.EUR.N
Francia,credito_consumo_hogares_referencia,tipo | Bank interest rates - loans to households for other purposes (new business),3.44,pct_anual,2026-04,"BCE, ECB Data Portal, dataset MIR",https://data.ecb.europa.eu/data/datasets/MIR/MIR.MIR.M.FR.B.A2D.A.R.A.2250.EUR.N,2026-09-16,Total,Total initial rate fixation,n/a,nivel,media_ponderada_volumen,serie MIR.M.FR.B.A2D.A.R.A.2250.EUR.N
Francia,credito_consumo_hogares_referencia,tipo | Bank interest rates - loans to households for other purposes (new business),3.48,pct_anual,2026-05,"BCE, ECB Data Portal, dataset MIR",https://data.ecb.europa.eu/data/datasets/MIR/MIR.MIR.M.FR.B.A2D.A.R.A.2250.EUR.N,2026-09-16,Total,Total initial rate fixation,n/a,nivel,media_ponderada_volumen,serie MIR.M.FR.B.A2D.A.R.A.2250.EUR.N
Francia,credito_consumo_hogares_referencia,tipo | Bank interest rates - loans to households for other purposes (new business),3.58,pct_anual,2026-06,"BCE, ECB Data Portal, dataset MIR",https://data.ecb.europa.eu/data/datasets/MIR/MIR.MIR.M.FR.B.A2D.A.R.A.2250.EUR.N,2026-09-16,Total,Total initial rate fixation,n/a,nivel,media_ponderada_volumen,serie MIR.M.FR.B.A2D.A.R.A.2250.EUR.N
Francia,credito_consumo_hogares_referencia,tipo | Bank interest rates - loans to households for other purposes (new business),3.54,pct_anual,2026-07,"BCE, ECB Data Portal, dataset MIR",https://data.ecb.europa.eu/data/datasets/MIR/MIR.MIR.M.FR.B.A2D.A.R.A.2250.EUR.N,2026-09-16,Total,Total initial rate fixation,n/a,nivel,media_ponderada_volumen,serie MIR.M.FR.B.A2D.A.R.A.2250.EUR.N
Francia,credito_consumo_hogares_referencia,tipo | Bank interest rates - loans to households for other purposes with a variable rate and an interest rate fixation period of up to one year (new business),3.91,pct_anual,2025-01,"BCE, ECB Data Portal, dataset MIR",https://data.ecb.europa.eu/data/datasets/MIR/MIR.MIR.M.FR.B.A2D.F.R.A.2250.EUR.N,2026-09-16,Total,Up to 1 year initial rate fixation,n/a,nivel,media_ponderada_volumen,serie MIR.M.FR.B.A2D.F.R.A.2250.EUR.N
Francia,credito_consumo_hogares_referencia,tipo | Bank interest rates - loans to households for other purposes with a variable rate and an interest rate fixation period of up to one year (new business),2.92,pct_anual,2025-02,"BCE, ECB Data Portal, dataset MIR",https://data.ecb.europa.eu/data/datasets/MIR/MIR.MIR.M.FR.B.A2D.F.R.A.2250.EUR.N,2026-09-16,Total,Up to 1 year initial rate fixation,n/a,nivel,media_ponderada_volumen,serie MIR.M.FR.B.A2D.F.R.A.2250.EUR.N
Francia,credito_consumo_hogares_referencia,tipo | Bank interest rates - loans to households for other purposes with a variable rate and an interest rate fixation period of up to one year (new business),3.52,pct_anual,2025-03,"BCE, ECB Data Portal, dataset MIR",https://data.ecb.europa.eu/data/datasets/MIR/MIR.MIR.M.FR.B.A2D.F.R.A.2250.EUR.N,2026-09-16,Total,Up to 1 year initial rate fixation,n/a,nivel,media_ponderada_volumen,serie MIR.M.FR.B.A2D.F.R.A.2250.EUR.N
Francia,credito_consumo_hogares_referencia,tipo | Bank interest rates - loans to households for other purposes with a variable rate and an interest rate fixation period of up to one year (new business),3.55,pct_anual,2025-04,"BCE, ECB Data Portal, dataset MIR",https://data.ecb.europa.eu/data/datasets/MIR/MIR.MIR.M.FR.B.A2D.F.R.A.2250.EUR.N,2026-09-16,Total,Up to 1 year initial rate fixation,n/a,nivel,media_ponderada_volumen,serie MIR.M.FR.B.A2D.F.R.A.2250.EUR.N
Francia,credito_consumo_hogares_referencia,tipo | Bank interest rates - loans to households for other purposes with a variable rate and an interest rate fixation period of up to one year (new business),3.56,pct_anual,2025-05,"BCE, ECB Data Portal, dataset MIR",https://data.ecb.europa.eu/data/datasets/MIR/MIR.MIR.M.FR.B.A2D.F.R.A.2250.EUR.N,2026-09-16,Total,Up to 1 year initial rate fixation,n/a,nivel,media_ponderada_volumen,serie MIR.M.FR.B.A2D.F.R.A.2250.EUR.N
Francia,credito_consumo_hogares_referencia,tipo | Bank interest rates - loans to households for other purposes with a variable rate and an interest rate fixation period of up to one year (new business),3.29,pct_anual,2025-06,"BCE, ECB Data Portal, dataset MIR",https://data.ecb.europa.eu/data/datasets/MIR/MIR.MIR.M.FR.B.A2D.F.R.A.2250.EUR.N,2026-09-16,Total,Up to 1 year initial rate fixation,n/a,nivel,media_ponderada_volumen,serie MIR.M.FR.B.A2D.F.R.A.2250.EUR.N
Francia,credito_consumo_hogares_referencia,tipo | Bank interest rates - loans to households for other purposes with a variable rate and an interest rate fixation period of up to one year (new business),3.07,pct_anual,2025-07,"BCE, ECB Data Portal, dataset MIR",https://data.ecb.europa.eu/data/datasets/MIR/MIR.MIR.M.FR.B.A2D.F.R.A.2250.EUR.N,2026-09-16,Total,Up to 1 year initial rate fixation,n/a,nivel,media_ponderada_volumen,serie MIR.M.FR.B.A2D.F.R.A.2250.EUR.N
Francia,credito_consumo_hogares_referencia,tipo | Bank interest rates - loans to households for other purposes with a variable rate and an interest rate fixation period of up to one year (new business),3.48,pct_anual,2025-08,"BCE, ECB Data Portal, dataset MIR",https://data.ecb.europa.eu/data/datasets/MIR/MIR.MIR.M.FR.B.A2D.F.R.A.2250.EUR.N,2026-09-16,Total,Up to 1 year initial rate fixation,n/a,nivel,media_ponderada_volumen,serie MIR.M.FR.B.A2D.F.R.A.2250.EUR.N
Francia,credito_consumo_hogares_referencia,tipo | Bank interest rates - loans to households for other purposes with a variable rate and an interest rate fixation period of up to one year (new business),2.61,pct_anual,2025-09,"BCE, ECB Data Portal, dataset MIR",https://data.ecb.europa.eu/data/datasets/MIR/MIR.MIR.M.FR.B.A2D.F.R.A.2250.EUR.N,2026-09-16,Total,Up to 1 year initial rate fixation,n/a,nivel,media_ponderada_volumen,serie MIR.M.FR.B.A2D.F.R.A.2250.EUR.N
Francia,credito_consumo_hogares_referencia,tipo | Bank interest rates - loans to households for other purposes with a variable rate and an interest rate fixation period of up to one year (new business),3.57,pct_anual,2025-10,"BCE, ECB Data Portal, dataset MIR",https://data.ecb.europa.eu/data/datasets/MIR/MIR.MIR.M.FR.B.A2D.F.R.A.2250.EUR.N,2026-09-16,Total,Up to 1 year initial rate fixation,n/a,nivel,media_ponderada_volumen,serie MIR.M.FR.B.A2D.F.R.A.2250.EUR.N
Francia,credito_consumo_hogares_referencia,tipo | Bank interest rates - loans to households for other purposes with a variable rate and an interest rate fixation period of up to one year (new business),3.43,pct_anual,2025-11,"BCE, ECB Data Portal, dataset MIR",https://data.ecb.europa.eu/data/datasets/MIR/MIR.MIR.M.FR.B.A2D.F.R.A.2250.EUR.N,2026-09-16,Total,Up to 1 year initial rate fixation,n/a,nivel,media_ponderada_volumen,serie MIR.M.FR.B.A2D.F.R.A.2250.EUR.N
Francia,credito_consumo_hogares_referencia,tipo | Bank interest rates - loans to households for other purposes with a variable rate and an interest rate fixation period of up to one year (new business),3.15,pct_anual,2025-12,"BCE, ECB Data Portal, dataset MIR",https://data.ecb.europa.eu/data/datasets/MIR/MIR.MIR.M.FR.B.A2D.F.R.A.2250.EUR.N,2026-09-16,Total,Up to 1 year initial rate fixation,n/a,nivel,media_ponderada_volumen,serie MIR.M.FR.B.A2D.F.R.A.2250.EUR.N
Francia,credito_consumo_hogares_referencia,tipo | Bank interest rates - loans to households for other purposes with a variable rate and an interest rate fixation period of up to one year (new business),3.18,pct_anual,2026-01,"BCE, ECB Data Portal, dataset MIR",https://data.ecb.europa.eu/data/datasets/MIR/MIR.MIR.M.FR.B.A2D.F.R.A.2250.EUR.N,2026-09-16,Total,Up to 1 year initial rate fixation,n/a,nivel,media_ponderada_volumen,serie MIR.M.FR.B.A2D.F.R.A.2250.EUR.N
Francia,credito_consumo_hogares_referencia,tipo | Bank interest rates - loans to households for other purposes with a variable rate and an interest rate fixation period of up to one year (new business),3.52,pct_anual,2026-02,"BCE, ECB Data Portal, dataset MIR",https://data.ecb.europa.eu/data/datasets/MIR/MIR.MIR.M.FR.B.A2D.F.R.A.2250.EUR.N,2026-09-16,Total,Up to 1 year initial rate fixation,n/a,nivel,media_ponderada_volumen,serie MIR.M.FR.B.A2D.F.R.A.2250.EUR.N
Francia,credito_consumo_hogares_referencia,tipo | Bank interest rates - loans to households for other purposes with a variable rate and an interest rate fixation period of up to one year (new business),2.68,pct_anual,2026-03,"BCE, ECB Data Portal, dataset MIR",https://data.ecb.europa.eu/data/datasets/MIR/MIR.MIR.M.FR.B.A2D.F.R.A.2250.EUR.N,2026-09-16,Total,Up to 1 year initial rate fixation,n/a,nivel,media_ponderada_volumen,serie MIR.M.FR.B.A2D.F.R.A.2250.EUR.N
Francia,credito_consumo_hogares_referencia,tipo | Bank interest rates - loans to households for other purposes with a variable rate and an interest rate fixation period of up to one year (new business),3.18,pct_anual,2026-04,"BCE, ECB Data Portal, dataset MIR",https://data.ecb.europa.eu/data/datasets/MIR/MIR.MIR.M.FR.B.A2D.F.R.A.2250.EUR.N,2026-09-16,Total,Up to 1 year initial rate fixation,n/a,nivel,media_ponderada_volumen,serie MIR.M.FR.B.A2D.F.R.A.2250.EUR.N
Francia,credito_consumo_hogares_referencia,tipo | Bank interest rates - loans to households for other purposes with a variable rate and an interest rate fixation period of up to one year (new business),3.43,pct_anual,2026-05,"BCE, ECB Data Portal, dataset MIR",https://data.ecb.europa.eu/data/datasets/MIR/MIR.MIR.M.FR.B.A2D.F.R.A.2250.EUR.N,2026-09-16,Total,Up to 1 year initial rate fixation,n/a,nivel,media_ponderada_volumen,serie MIR.M.FR.B.A2D.F.R.A.2250.EUR.N
Francia,credito_consumo_hogares_referencia,tipo | Bank interest rates - loans to households for other purposes with a variable rate and an interest rate fixation period of up to one year (new business),3.53,pct_anual,2026-06,"BCE, ECB Data Portal, dataset MIR",https://data.ecb.europa.eu/data/datasets/MIR/MIR.MIR.M.FR.B.A2D.F.R.A.2250.EUR.N,2026-09-16,Total,Up to 1 year initial rate fixation,n/a,nivel,media_ponderada_volumen,serie MIR.M.FR.B.A2D.F.R.A.2250.EUR.N
Francia,credito_consumo_hogares_referencia,tipo | Bank interest rates - loans to households for other purposes with a variable rate and an interest rate fixation period of up to one year (new business),2.8,pct_anual,2026-07,"BCE, ECB Data Portal, dataset MIR",https://data.ecb.europa.eu/data/datasets/MIR/MIR.MIR.M.FR.B.A2D.F.R.A.2250.EUR.N,2026-09-16,Total,Up to 1 year initial rate fixation,n/a,nivel,media_ponderada_volumen,serie MIR.M.FR.B.A2D.F.R.A.2250.EUR.N; OBS_STATUS=P (no definitivo)
Francia,credito_consumo_hogares_referencia,tipo | Bank interest rates - loans to households for other purposes with an interest rate fixation period of over one & up to five years (new business),3.69,pct_anual,2025-01,"BCE, ECB Data Portal, dataset MIR",https://data.ecb.europa.eu/data/datasets/MIR/MIR.MIR.M.FR.B.A2D.I.R.A.2250.EUR.N,2026-09-16,Total,Over 1 and up to 5 years initial rate fixation,n/a,nivel,media_ponderada_volumen,serie MIR.M.FR.B.A2D.I.R.A.2250.EUR.N
Francia,credito_consumo_hogares_referencia,tipo | Bank interest rates - loans to households for other purposes with an interest rate fixation period of over one & up to five years (new business),3.66,pct_anual,2025-02,"BCE, ECB Data Portal, dataset MIR",https://data.ecb.europa.eu/data/datasets/MIR/MIR.MIR.M.FR.B.A2D.I.R.A.2250.EUR.N,2026-09-16,Total,Over 1 and up to 5 years initial rate fixation,n/a,nivel,media_ponderada_volumen,serie MIR.M.FR.B.A2D.I.R.A.2250.EUR.N
Francia,credito_consumo_hogares_referencia,tipo | Bank interest rates - loans to households for other purposes with an interest rate fixation period of over one & up to five years (new business),3.61,pct_anual,2025-03,"BCE, ECB Data Portal, dataset MIR",https://data.ecb.europa.eu/data/datasets/MIR/MIR.MIR.M.FR.B.A2D.I.R.A.2250.EUR.N,2026-09-16,Total,Over 1 and up to 5 years initial rate fixation,n/a,nivel,media_ponderada_volumen,serie MIR.M.FR.B.A2D.I.R.A.2250.EUR.N
Francia,credito_consumo_hogares_referencia,tipo | Bank interest rates - loans to households for other purposes with an interest rate fixation period of over one & up to five years (new business),3.55,pct_anual,2025-04,"BCE, ECB Data Portal, dataset MIR",https://data.ecb.europa.eu/data/datasets/MIR/MIR.MIR.M.FR.B.A2D.I.R.A.2250.EUR.N,2026-09-16,Total,Over 1 and up to 5 years initial rate fixation,n/a,nivel,media_ponderada_volumen,serie MIR.M.FR.B.A2D.I.R.A.2250.EUR.N
Francia,credito_consumo_hogares_referencia,tipo | Bank interest rates - loans to households for other purposes with an interest rate fixation period of over one & up to five years (new business),3.62,pct_anual,2025-05,"BCE, ECB Data Portal, dataset MIR",https://data.ecb.europa.eu/data/datasets/MIR/MIR.MIR.M.FR.B.A2D.I.R.A.2250.EUR.N,2026-09-16,Total,Over 1 and up to 5 years initial rate fixation,n/a,nivel,media_ponderada_volumen,serie MIR.M.FR.B.A2D.I.R.A.2250.EUR.N
Francia,credito_consumo_hogares_referencia,tipo | Bank interest rates - loans to households for other purposes with an interest rate fixation period of over one & up to five years (new business),3.48,pct_anual,2025-06,"BCE, ECB Data Portal, dataset MIR",https://data.ecb.europa.eu/data/datasets/MIR/MIR.MIR.M.FR.B.A2D.I.R.A.2250.EUR.N,2026-09-16,Total,Over 1 and up to 5 years initial rate fixation,n/a,nivel,media_ponderada_volumen,serie MIR.M.FR.B.A2D.I.R.A.2250.EUR.N
Francia,credito_consumo_hogares_referencia,tipo | Bank interest rates - loans to households for other purposes with an interest rate fixation period of over one & up to five years (new business),3.48,pct_anual,2025-07,"BCE, ECB Data Portal, dataset MIR",https://data.ecb.europa.eu/data/datasets/MIR/MIR.MIR.M.FR.B.A2D.I.R.A.2250.EUR.N,2026-09-16,Total,Over 1 and up to 5 years initial rate fixation,n/a,nivel,media_ponderada_volumen,serie MIR.M.FR.B.A2D.I.R.A.2250.EUR.N
Francia,credito_consumo_hogares_referencia,tipo | Bank interest rates - loans to households for other purposes with an interest rate fixation period of over one & up to five years (new business),3.55,pct_anual,2025-08,"BCE, ECB Data Portal, dataset MIR",https://data.ecb.europa.eu/data/datasets/MIR/MIR.MIR.M.FR.B.A2D.I.R.A.2250.EUR.N,2026-09-16,Total,Over 1 and up to 5 years initial rate fixation,n/a,nivel,media_ponderada_volumen,serie MIR.M.FR.B.A2D.I.R.A.2250.EUR.N
Francia,credito_consumo_hogares_referencia,tipo | Bank interest rates - loans to households for other purposes with an interest rate fixation period of over one & up to five years (new business),3.43,pct_anual,2025-09,"BCE, ECB Data Portal, dataset MIR",https://data.ecb.europa.eu/data/datasets/MIR/MIR.MIR.M.FR.B.A2D.I.R.A.2250.EUR.N,2026-09-16,Total,Over 1 and up to 5 years initial rate fixation,n/a,nivel,media_ponderada_volumen,serie MIR.M.FR.B.A2D.I.R.A.2250.EUR.N
Francia,credito_consumo_hogares_referencia,tipo | Bank interest rates - loans to households for other purposes with an interest rate fixation period of over one & up to five years (new business),3.52,pct_anual,2025-10,"BCE, ECB Data Portal, dataset MIR",https://data.ecb.europa.eu/data/datasets/MIR/MIR.MIR.M.FR.B.A2D.I.R.A.2250.EUR.N,2026-09-16,Total,Over 1 and up to 5 years initial rate fixation,n/a,nivel,media_ponderada_volumen,serie MIR.M.FR.B.A2D.I.R.A.2250.EUR.N
Francia,credito_consumo_hogares_referencia,tipo | Bank interest rates - loans to households for other purposes with an interest rate fixation period of over one & up to five years (new business),3.49,pct_anual,2025-11,"BCE, ECB Data Portal, dataset MIR",https://data.ecb.europa.eu/data/datasets/MIR/MIR.MIR.M.FR.B.A2D.I.R.A.2250.EUR.N,2026-09-16,Total,Over 1 and up to 5 years initial rate fixation,n/a,nivel,media_ponderada_volumen,serie MIR.M.FR.B.A2D.I.R.A.2250.EUR.N
Francia,credito_consumo_hogares_referencia,tipo | Bank interest rates - loans to households for other purposes with an interest rate fixation period of over one & up to five years (new business),3.45,pct_anual,2025-12,"BCE, ECB Data Portal, dataset MIR",https://data.ecb.europa.eu/data/datasets/MIR/MIR.MIR.M.FR.B.A2D.I.R.A.2250.EUR.N,2026-09-16,Total,Over 1 and up to 5 years initial rate fixation,n/a,nivel,media_ponderada_volumen,serie MIR.M.FR.B.A2D.I.R.A.2250.EUR.N
Francia,credito_consumo_hogares_referencia,tipo | Bank interest rates - loans to households for other purposes with an interest rate fixation period of over one & up to five years (new business),3.5,pct_anual,2026-01,"BCE, ECB Data Portal, dataset MIR",https://data.ecb.europa.eu/data/datasets/MIR/MIR.MIR.M.FR.B.A2D.I.R.A.2250.EUR.N,2026-09-16,Total,Over 1 and up to 5 years initial rate fixation,n/a,nivel,media_ponderada_volumen,serie MIR.M.FR.B.A2D.I.R.A.2250.EUR.N
Francia,credito_consumo_hogares_referencia,tipo | Bank interest rates - loans to households for other purposes with an interest rate fixation period of over one & up to five years (new business),3.6,pct_anual,2026-02,"BCE, ECB Data Portal, dataset MIR",https://data.ecb.europa.eu/data/datasets/MIR/MIR.MIR.M.FR.B.A2D.I.R.A.2250.EUR.N,2026-09-16,Total,Over 1 and up to 5 years initial rate fixation,n/a,nivel,media_ponderada_volumen,serie MIR.M.FR.B.A2D.I.R.A.2250.EUR.N
Francia,credito_consumo_hogares_referencia,tipo | Bank interest rates - loans to households for other purposes with an interest rate fixation period of over one & up to five years (new business),3.56,pct_anual,2026-03,"BCE, ECB Data Portal, dataset MIR",https://data.ecb.europa.eu/data/datasets/MIR/MIR.MIR.M.FR.B.A2D.I.R.A.2250.EUR.N,2026-09-16,Total,Over 1 and up to 5 years initial rate fixation,n/a,nivel,media_ponderada_volumen,serie MIR.M.FR.B.A2D.I.R.A.2250.EUR.N
Francia,credito_consumo_hogares_referencia,tipo | Bank interest rates - loans to households for other purposes with an interest rate fixation period of over one & up to five years (new business),3.61,pct_anual,2026-04,"BCE, ECB Data Portal, dataset MIR",https://data.ecb.europa.eu/data/datasets/MIR/MIR.MIR.M.FR.B.A2D.I.R.A.2250.EUR.N,2026-09-16,Total,Over 1 and up to 5 years initial rate fixation,n/a,nivel,media_ponderada_volumen,serie MIR.M.FR.B.A2D.I.R.A.2250.EUR.N
Francia,credito_consumo_hogares_referencia,tipo | Bank interest rates - loans to households for other purposes with an interest rate fixation period of over one & up to five years (new business),3.68,pct_anual,2026-05,"BCE, ECB Data Portal, dataset MIR",https://data.ecb.europa.eu/data/datasets/MIR/MIR.MIR.M.FR.B.A2D.I.R.A.2250.EUR.N,2026-09-16,Total,Over 1 and up to 5 years initial rate fixation,n/a,nivel,media_ponderada_volumen,serie MIR.M.FR.B.A2D.I.R.A.2250.EUR.N
Francia,credito_consumo_hogares_referencia,tipo | Bank interest rates - loans to households for other purposes with an interest rate fixation period of over one & up to five years (new business),3.67,pct_anual,2026-06,"BCE, ECB Data Portal, dataset MIR",https://data.ecb.europa.eu/data/datasets/MIR/MIR.MIR.M.FR.B.A2D.I.R.A.2250.EUR.N,2026-09-16,Total,Over 1 and up to 5 years initial rate fixation,n/a,nivel,media_ponderada_volumen,serie MIR.M.FR.B.A2D.I.R.A.2250.EUR.N
Francia,credito_consumo_hogares_referencia,tipo | Bank interest rates - loans to households for other purposes with an interest rate fixation period of over one & up to five years (new business),3.61,pct_anual,2026-07,"BCE, ECB Data Portal, dataset MIR",https://data.ecb.europa.eu/data/datasets/MIR/MIR.MIR.M.FR.B.A2D.I.R.A.2250.EUR.N,2026-09-16,Total,Over 1 and up to 5 years initial rate fixation,n/a,nivel,media_ponderada_volumen,serie MIR.M.FR.B.A2D.I.R.A.2250.EUR.N; OBS_STATUS=P (no definitivo)
Francia,credito_consumo_hogares_referencia,tipo | Bank interest rates - loans to households for other purposes with an interest rate fixation period of over five years (new business),3.38,pct_anual,2025-01,"BCE, ECB Data Portal, dataset MIR",https://data.ecb.europa.eu/data/datasets/MIR/MIR.MIR.M.FR.B.A2D.J.R.A.2250.EUR.N,2026-09-16,Total,Over 5 years initial rate fixation,n/a,nivel,media_ponderada_volumen,serie MIR.M.FR.B.A2D.J.R.A.2250.EUR.N
Francia,credito_consumo_hogares_referencia,tipo | Bank interest rates - loans to households for other purposes with an interest rate fixation period of over five years (new business),3.37,pct_anual,2025-02,"BCE, ECB Data Portal, dataset MIR",https://data.ecb.europa.eu/data/datasets/MIR/MIR.MIR.M.FR.B.A2D.J.R.A.2250.EUR.N,2026-09-16,Total,Over 5 years initial rate fixation,n/a,nivel,media_ponderada_volumen,serie MIR.M.FR.B.A2D.J.R.A.2250.EUR.N
Francia,credito_consumo_hogares_referencia,tipo | Bank interest rates - loans to households for other purposes with an interest rate fixation period of over five years (new business),3.4,pct_anual,2025-03,"BCE, ECB Data Portal, dataset MIR",https://data.ecb.europa.eu/data/datasets/MIR/MIR.MIR.M.FR.B.A2D.J.R.A.2250.EUR.N,2026-09-16,Total,Over 5 years initial rate fixation,n/a,nivel,media_ponderada_volumen,serie MIR.M.FR.B.A2D.J.R.A.2250.EUR.N
Francia,credito_consumo_hogares_referencia,tipo | Bank interest rates - loans to households for other purposes with an interest rate fixation period of over five years (new business),3.38,pct_anual,2025-04,"BCE, ECB Data Portal, dataset MIR",https://data.ecb.europa.eu/data/datasets/MIR/MIR.MIR.M.FR.B.A2D.J.R.A.2250.EUR.N,2026-09-16,Total,Over 5 years initial rate fixation,n/a,nivel,media_ponderada_volumen,serie MIR.M.FR.B.A2D.J.R.A.2250.EUR.N
Francia,credito_consumo_hogares_referencia,tipo | Bank interest rates - loans to households for other purposes with an interest rate fixation period of over five years (new business),3.38,pct_anual,2025-05,"BCE, ECB Data Portal, dataset MIR",https://data.ecb.europa.eu/data/datasets/MIR/MIR.MIR.M.FR.B.A2D.J.R.A.2250.EUR.N,2026-09-16,Total,Over 5 years initial rate fixation,n/a,nivel,media_ponderada_volumen,serie MIR.M.FR.B.A2D.J.R.A.2250.EUR.N
Francia,credito_consumo_hogares_referencia,tipo | Bank interest rates - loans to households for other purposes with an interest rate fixation period of over five years (new business),3.37,pct_anual,2025-06,"BCE, ECB Data Portal, dataset MIR",https://data.ecb.europa.eu/data/datasets/MIR/MIR.MIR.M.FR.B.A2D.J.R.A.2250.EUR.N,2026-09-16,Total,Over 5 years initial rate fixation,n/a,nivel,media_ponderada_volumen,serie MIR.M.FR.B.A2D.J.R.A.2250.EUR.N
Francia,credito_consumo_hogares_referencia,tipo | Bank interest rates - loans to households for other purposes with an interest rate fixation period of over five years (new business),3.39,pct_anual,2025-07,"BCE, ECB Data Portal, dataset MIR",https://data.ecb.europa.eu/data/datasets/MIR/MIR.MIR.M.FR.B.A2D.J.R.A.2250.EUR.N,2026-09-16,Total,Over 5 years initial rate fixation,n/a,nivel,media_ponderada_volumen,serie MIR.M.FR.B.A2D.J.R.A.2250.EUR.N
Francia,credito_consumo_hogares_referencia,tipo | Bank interest rates - loans to households for other purposes with an interest rate fixation period of over five years (new business),3.39,pct_anual,2025-08,"BCE, ECB Data Portal, dataset MIR",https://data.ecb.europa.eu/data/datasets/MIR/MIR.MIR.M.FR.B.A2D.J.R.A.2250.EUR.N,2026-09-16,Total,Over 5 years initial rate fixation,n/a,nivel,media_ponderada_volumen,serie MIR.M.FR.B.A2D.J.R.A.2250.EUR.N
Francia,credito_consumo_hogares_referencia,tipo | Bank interest rates - loans to households for other purposes with an interest rate fixation period of over five years (new business),3.32,pct_anual,2025-09,"BCE, ECB Data Portal, dataset MIR",https://data.ecb.europa.eu/data/datasets/MIR/MIR.MIR.M.FR.B.A2D.J.R.A.2250.EUR.N,2026-09-16,Total,Over 5 years initial rate fixation,n/a,nivel,media_ponderada_volumen,serie MIR.M.FR.B.A2D.J.R.A.2250.EUR.N
Francia,credito_consumo_hogares_referencia,tipo | Bank interest rates - loans to households for other purposes with an interest rate fixation period of over five years (new business),3.38,pct_anual,2025-10,"BCE, ECB Data Portal, dataset MIR",https://data.ecb.europa.eu/data/datasets/MIR/MIR.MIR.M.FR.B.A2D.J.R.A.2250.EUR.N,2026-09-16,Total,Over 5 years initial rate fixation,n/a,nivel,media_ponderada_volumen,serie MIR.M.FR.B.A2D.J.R.A.2250.EUR.N
Francia,credito_consumo_hogares_referencia,tipo | Bank interest rates - loans to households for other purposes with an interest rate fixation period of over five years (new business),3.33,pct_anual,2025-11,"BCE, ECB Data Portal, dataset MIR",https://data.ecb.europa.eu/data/datasets/MIR/MIR.MIR.M.FR.B.A2D.J.R.A.2250.EUR.N,2026-09-16,Total,Over 5 years initial rate fixation,n/a,nivel,media_ponderada_volumen,serie MIR.M.FR.B.A2D.J.R.A.2250.EUR.N
Francia,credito_consumo_hogares_referencia,tipo | Bank interest rates - loans to households for other purposes with an interest rate fixation period of over five years (new business),3.28,pct_anual,2025-12,"BCE, ECB Data Portal, dataset MIR",https://data.ecb.europa.eu/data/datasets/MIR/MIR.MIR.M.FR.B.A2D.J.R.A.2250.EUR.N,2026-09-16,Total,Over 5 years initial rate fixation,n/a,nivel,media_ponderada_volumen,serie MIR.M.FR.B.A2D.J.R.A.2250.EUR.N
Francia,credito_consumo_hogares_referencia,tipo | Bank interest rates - loans to households for other purposes with an interest rate fixation period of over five years (new business),3.27,pct_anual,2026-01,"BCE, ECB Data Portal, dataset MIR",https://data.ecb.europa.eu/data/datasets/MIR/MIR.MIR.M.FR.B.A2D.J.R.A.2250.EUR.N,2026-09-16,Total,Over 5 years initial rate fixation,n/a,nivel,media_ponderada_volumen,serie MIR.M.FR.B.A2D.J.R.A.2250.EUR.N
Francia,credito_consumo_hogares_referencia,tipo | Bank interest rates - loans to households for other purposes with an interest rate fixation period of over five years (new business),3.34,pct_anual,2026-02,"BCE, ECB Data Portal, dataset MIR",https://data.ecb.europa.eu/data/datasets/MIR/MIR.MIR.M.FR.B.A2D.J.R.A.2250.EUR.N,2026-09-16,Total,Over 5 years initial rate fixation,n/a,nivel,media_ponderada_volumen,serie MIR.M.FR.B.A2D.J.R.A.2250.EUR.N
Francia,credito_consumo_hogares_referencia,tipo | Bank interest rates - loans to households for other purposes with an interest rate fixation period of over five years (new business),3.34,pct_anual,2026-03,"BCE, ECB Data Portal, dataset MIR",https://data.ecb.europa.eu/data/datasets/MIR/MIR.MIR.M.FR.B.A2D.J.R.A.2250.EUR.N,2026-09-16,Total,Over 5 years initial rate fixation,n/a,nivel,media_ponderada_volumen,serie MIR.M.FR.B.A2D.J.R.A.2250.EUR.N
Francia,credito_consumo_hogares_referencia,tipo | Bank interest rates - loans to households for other purposes with an interest rate fixation period of over five years (new business),3.4,pct_anual,2026-04,"BCE, ECB Data Portal, dataset MIR",https://data.ecb.europa.eu/data/datasets/MIR/MIR.MIR.M.FR.B.A2D.J.R.A.2250.EUR.N,2026-09-16,Total,Over 5 years initial rate fixation,n/a,nivel,media_ponderada_volumen,serie MIR.M.FR.B.A2D.J.R.A.2250.EUR.N
Francia,credito_consumo_hogares_referencia,tipo | Bank interest rates - loans to households for other purposes with an interest rate fixation period of over five years (new business),3.41,pct_anual,2026-05,"BCE, ECB Data Portal, dataset MIR",https://data.ecb.europa.eu/data/datasets/MIR/MIR.MIR.M.FR.B.A2D.J.R.A.2250.EUR.N,2026-09-16,Total,Over 5 years initial rate fixation,n/a,nivel,media_ponderada_volumen,serie MIR.M.FR.B.A2D.J.R.A.2250.EUR.N
Francia,credito_consumo_hogares_referencia,tipo | Bank interest rates - loans to households for other purposes with an interest rate fixation period of over five years (new business),3.55,pct_anual,2026-06,"BCE, ECB Data Portal, dataset MIR",https://data.ecb.europa.eu/data/datasets/MIR/MIR.MIR.M.FR.B.A2D.J.R.A.2250.EUR.N,2026-09-16,Total,Over 5 years initial rate fixation,n/a,nivel,media_ponderada_volumen,serie MIR.M.FR.B.A2D.J.R.A.2250.EUR.N
Francia,credito_consumo_hogares_referencia,tipo | Bank interest rates - loans to households for other purposes with an interest rate fixation period of over five years (new business),3.6,pct_anual,2026-07,"BCE, ECB Data Portal, dataset MIR",https://data.ecb.europa.eu/data/datasets/MIR/MIR.MIR.M.FR.B.A2D.J.R.A.2250.EUR.N,2026-09-16,Total,Over 5 years initial rate fixation,n/a,nivel,media_ponderada_volumen,serie MIR.M.FR.B.A2D.J.R.A.2250.EUR.N; OBS_STATUS=P (no definitivo)
Francia,credito_consumo_hogares_referencia,tipo | Bank interest rates - loans to households for other purposes with an interest rate fixation period of over one year (new business),3.48,pct_anual,2025-01,"BCE, ECB Data Portal, dataset MIR",https://data.ecb.europa.eu/data/datasets/MIR/MIR.MIR.M.FR.B.A2D.K.R.A.2250.EUR.N,2026-09-16,Total,Over 1 year initial rate fixation,n/a,nivel,media_ponderada_volumen,serie MIR.M.FR.B.A2D.K.R.A.2250.EUR.N
Francia,credito_consumo_hogares_referencia,tipo | Bank interest rates - loans to households for other purposes with an interest rate fixation period of over one year (new business),3.46,pct_anual,2025-02,"BCE, ECB Data Portal, dataset MIR",https://data.ecb.europa.eu/data/datasets/MIR/MIR.MIR.M.FR.B.A2D.K.R.A.2250.EUR.N,2026-09-16,Total,Over 1 year initial rate fixation,n/a,nivel,media_ponderada_volumen,serie MIR.M.FR.B.A2D.K.R.A.2250.EUR.N
Francia,credito_consumo_hogares_referencia,tipo | Bank interest rates - loans to households for other purposes with an interest rate fixation period of over one year (new business),3.46,pct_anual,2025-03,"BCE, ECB Data Portal, dataset MIR",https://data.ecb.europa.eu/data/datasets/MIR/MIR.MIR.M.FR.B.A2D.K.R.A.2250.EUR.N,2026-09-16,Total,Over 1 year initial rate fixation,n/a,nivel,media_ponderada_volumen,serie MIR.M.FR.B.A2D.K.R.A.2250.EUR.N
Francia,credito_consumo_hogares_referencia,tipo | Bank interest rates - loans to households for other purposes with an interest rate fixation period of over one year (new business),3.43,pct_anual,2025-04,"BCE, ECB Data Portal, dataset MIR",https://data.ecb.europa.eu/data/datasets/MIR/MIR.MIR.M.FR.B.A2D.K.R.A.2250.EUR.N,2026-09-16,Total,Over 1 year initial rate fixation,n/a,nivel,media_ponderada_volumen,serie MIR.M.FR.B.A2D.K.R.A.2250.EUR.N
Francia,credito_consumo_hogares_referencia,tipo | Bank interest rates - loans to households for other purposes with an interest rate fixation period of over one year (new business),3.45,pct_anual,2025-05,"BCE, ECB Data Portal, dataset MIR",https://data.ecb.europa.eu/data/datasets/MIR/MIR.MIR.M.FR.B.A2D.K.R.A.2250.EUR.N,2026-09-16,Total,Over 1 year initial rate fixation,n/a,nivel,media_ponderada_volumen,serie MIR.M.FR.B.A2D.K.R.A.2250.EUR.N
Francia,credito_consumo_hogares_referencia,tipo | Bank interest rates - loans to households for other purposes with an interest rate fixation period of over one year (new business),3.4,pct_anual,2025-06,"BCE, ECB Data Portal, dataset MIR",https://data.ecb.europa.eu/data/datasets/MIR/MIR.MIR.M.FR.B.A2D.K.R.A.2250.EUR.N,2026-09-16,Total,Over 1 year initial rate fixation,n/a,nivel,media_ponderada_volumen,serie MIR.M.FR.B.A2D.K.R.A.2250.EUR.N
Francia,credito_consumo_hogares_referencia,tipo | Bank interest rates - loans to households for other purposes with an interest rate fixation period of over one year (new business),3.41,pct_anual,2025-07,"BCE, ECB Data Portal, dataset MIR",https://data.ecb.europa.eu/data/datasets/MIR/MIR.MIR.M.FR.B.A2D.K.R.A.2250.EUR.N,2026-09-16,Total,Over 1 year initial rate fixation,n/a,nivel,media_ponderada_volumen,serie MIR.M.FR.B.A2D.K.R.A.2250.EUR.N
Francia,credito_consumo_hogares_referencia,tipo | Bank interest rates - loans to households for other purposes with an interest rate fixation period of over one year (new business),3.43,pct_anual,2025-08,"BCE, ECB Data Portal, dataset MIR",https://data.ecb.europa.eu/data/datasets/MIR/MIR.MIR.M.FR.B.A2D.K.R.A.2250.EUR.N,2026-09-16,Total,Over 1 year initial rate fixation,n/a,nivel,media_ponderada_volumen,serie MIR.M.FR.B.A2D.K.R.A.2250.EUR.N
Francia,credito_consumo_hogares_referencia,tipo | Bank interest rates - loans to households for other purposes with an interest rate fixation period of over one year (new business),3.35,pct_anual,2025-09,"BCE, ECB Data Portal, dataset MIR",https://data.ecb.europa.eu/data/datasets/MIR/MIR.MIR.M.FR.B.A2D.K.R.A.2250.EUR.N,2026-09-16,Total,Over 1 year initial rate fixation,n/a,nivel,media_ponderada_volumen,serie MIR.M.FR.B.A2D.K.R.A.2250.EUR.N
Francia,credito_consumo_hogares_referencia,tipo | Bank interest rates - loans to households for other purposes with an interest rate fixation period of over one year (new business),3.42,pct_anual,2025-10,"BCE, ECB Data Portal, dataset MIR",https://data.ecb.europa.eu/data/datasets/MIR/MIR.MIR.M.FR.B.A2D.K.R.A.2250.EUR.N,2026-09-16,Total,Over 1 year initial rate fixation,n/a,nivel,media_ponderada_volumen,serie MIR.M.FR.B.A2D.K.R.A.2250.EUR.N
Francia,credito_consumo_hogares_referencia,tipo | Bank interest rates - loans to households for other purposes with an interest rate fixation period of over one year (new business),3.38,pct_anual,2025-11,"BCE, ECB Data Portal, dataset MIR",https://data.ecb.europa.eu/data/datasets/MIR/MIR.MIR.M.FR.B.A2D.K.R.A.2250.EUR.N,2026-09-16,Total,Over 1 year initial rate fixation,n/a,nivel,media_ponderada_volumen,serie MIR.M.FR.B.A2D.K.R.A.2250.EUR.N
Francia,credito_consumo_hogares_referencia,tipo | Bank interest rates - loans to households for other purposes with an interest rate fixation period of over one year (new business),3.32,pct_anual,2025-12,"BCE, ECB Data Portal, dataset MIR",https://data.ecb.europa.eu/data/datasets/MIR/MIR.MIR.M.FR.B.A2D.K.R.A.2250.EUR.N,2026-09-16,Total,Over 1 year initial rate fixation,n/a,nivel,media_ponderada_volumen,serie MIR.M.FR.B.A2D.K.R.A.2250.EUR.N
Francia,credito_consumo_hogares_referencia,tipo | Bank interest rates - loans to households for other purposes with an interest rate fixation period of over one year (new business),3.33,pct_anual,2026-01,"BCE, ECB Data Portal, dataset MIR",https://data.ecb.europa.eu/data/datasets/MIR/MIR.MIR.M.FR.B.A2D.K.R.A.2250.EUR.N,2026-09-16,Total,Over 1 year initial rate fixation,n/a,nivel,media_ponderada_volumen,serie MIR.M.FR.B.A2D.K.R.A.2250.EUR.N
Francia,credito_consumo_hogares_referencia,tipo | Bank interest rates - loans to households for other purposes with an interest rate fixation period of over one year (new business),3.41,pct_anual,2026-02,"BCE, ECB Data Portal, dataset MIR",https://data.ecb.europa.eu/data/datasets/MIR/MIR.MIR.M.FR.B.A2D.K.R.A.2250.EUR.N,2026-09-16,Total,Over 1 year initial rate fixation,n/a,nivel,media_ponderada_volumen,serie MIR.M.FR.B.A2D.K.R.A.2250.EUR.N
Francia,credito_consumo_hogares_referencia,tipo | Bank interest rates - loans to households for other purposes with an interest rate fixation period of over one year (new business),3.4,pct_anual,2026-03,"BCE, ECB Data Portal, dataset MIR",https://data.ecb.europa.eu/data/datasets/MIR/MIR.MIR.M.FR.B.A2D.K.R.A.2250.EUR.N,2026-09-16,Total,Over 1 year initial rate fixation,n/a,nivel,media_ponderada_volumen,serie MIR.M.FR.B.A2D.K.R.A.2250.EUR.N
Francia,credito_consumo_hogares_referencia,tipo | Bank interest rates - loans to households for other purposes with an interest rate fixation period of over one year (new business),3.45,pct_anual,2026-04,"BCE, ECB Data Portal, dataset MIR",https://data.ecb.europa.eu/data/datasets/MIR/MIR.MIR.M.FR.B.A2D.K.R.A.2250.EUR.N,2026-09-16,Total,Over 1 year initial rate fixation,n/a,nivel,media_ponderada_volumen,serie MIR.M.FR.B.A2D.K.R.A.2250.EUR.N
Francia,credito_consumo_hogares_referencia,tipo | Bank interest rates - loans to households for other purposes with an interest rate fixation period of over one year (new business),3.48,pct_anual,2026-05,"BCE, ECB Data Portal, dataset MIR",https://data.ecb.europa.eu/data/datasets/MIR/MIR.MIR.M.FR.B.A2D.K.R.A.2250.EUR.N,2026-09-16,Total,Over 1 year initial rate fixation,n/a,nivel,media_ponderada_volumen,serie MIR.M.FR.B.A2D.K.R.A.2250.EUR.N
Francia,credito_consumo_hogares_referencia,tipo | Bank interest rates - loans to households for other purposes with an interest rate fixation period of over one year (new business),3.58,pct_anual,2026-06,"BCE, ECB Data Portal, dataset MIR",https://data.ecb.europa.eu/data/datasets/MIR/MIR.MIR.M.FR.B.A2D.K.R.A.2250.EUR.N,2026-09-16,Total,Over 1 year initial rate fixation,n/a,nivel,media_ponderada_volumen,serie MIR.M.FR.B.A2D.K.R.A.2250.EUR.N
Francia,credito_consumo_hogares_referencia,tipo | Bank interest rates - loans to households for other purposes with an interest rate fixation period of over one year (new business),3.6,pct_anual,2026-07,"BCE, ECB Data Portal, dataset MIR",https://data.ecb.europa.eu/data/datasets/MIR/MIR.MIR.M.FR.B.A2D.K.R.A.2250.EUR.N,2026-09-16,Total,Over 1 year initial rate fixation,n/a,nivel,media_ponderada_volumen,serie MIR.M.FR.B.A2D.K.R.A.2250.EUR.N
Francia,credito_consumo_hogares_referencia,volumen | Bank business volumes - loans to households for other purposes (new business),624,eur_millones,2025-01,"BCE, ECB Data Portal, dataset MIR",https://data.ecb.europa.eu/data/datasets/MIR/MIR.MIR.M.FR.B.A2D.A.B.A.2250.EUR.N,2026-09-16,Total,Total initial rate fixation,n/a,volumen,dato_unico,serie MIR.M.FR.B.A2D.A.B.A.2250.EUR.N
Francia,credito_consumo_hogares_referencia,volumen | Bank business volumes - loans to households for other purposes (new business),631,eur_millones,2025-02,"BCE, ECB Data Portal, dataset MIR",https://data.ecb.europa.eu/data/datasets/MIR/MIR.MIR.M.FR.B.A2D.A.B.A.2250.EUR.N,2026-09-16,Total,Total initial rate fixation,n/a,volumen,dato_unico,serie MIR.M.FR.B.A2D.A.B.A.2250.EUR.N
Francia,credito_consumo_hogares_referencia,volumen | Bank business volumes - loans to households for other purposes (new business),652,eur_millones,2025-03,"BCE, ECB Data Portal, dataset MIR",https://data.ecb.europa.eu/data/datasets/MIR/MIR.MIR.M.FR.B.A2D.A.B.A.2250.EUR.N,2026-09-16,Total,Total initial rate fixation,n/a,volumen,dato_unico,serie MIR.M.FR.B.A2D.A.B.A.2250.EUR.N
Francia,credito_consumo_hogares_referencia,volumen | Bank business volumes - loans to households for other purposes (new business),649,eur_millones,2025-04,"BCE, ECB Data Portal, dataset MIR",https://data.ecb.europa.eu/data/datasets/MIR/MIR.MIR.M.FR.B.A2D.A.B.A.2250.EUR.N,2026-09-16,Total,Total initial rate fixation,n/a,volumen,dato_unico,serie MIR.M.FR.B.A2D.A.B.A.2250.EUR.N
Francia,credito_consumo_hogares_referencia,volumen | Bank business volumes - loans to households for other purposes (new business),588,eur_millones,2025-05,"BCE, ECB Data Portal, dataset MIR",https://data.ecb.europa.eu/data/datasets/MIR/MIR.MIR.M.FR.B.A2D.A.B.A.2250.EUR.N,2026-09-16,Total,Total initial rate fixation,n/a,volumen,dato_unico,serie MIR.M.FR.B.A2D.A.B.A.2250.EUR.N
Francia,credito_consumo_hogares_referencia,volumen | Bank business volumes - loans to households for other purposes (new business),616,eur_millones,2025-06,"BCE, ECB Data Portal, dataset MIR",https://data.ecb.europa.eu/data/datasets/MIR/MIR.MIR.M.FR.B.A2D.A.B.A.2250.EUR.N,2026-09-16,Total,Total initial rate fixation,n/a,volumen,dato_unico,serie MIR.M.FR.B.A2D.A.B.A.2250.EUR.N
Francia,credito_consumo_hogares_referencia,volumen | Bank business volumes - loans to households for other purposes (new business),759,eur_millones,2025-07,"BCE, ECB Data Portal, dataset MIR",https://data.ecb.europa.eu/data/datasets/MIR/MIR.MIR.M.FR.B.A2D.A.B.A.2250.EUR.N,2026-09-16,Total,Total initial rate fixation,n/a,volumen,dato_unico,serie MIR.M.FR.B.A2D.A.B.A.2250.EUR.N
Francia,credito_consumo_hogares_referencia,volumen | Bank business volumes - loans to households for other purposes (new business),425,eur_millones,2025-08,"BCE, ECB Data Portal, dataset MIR",https://data.ecb.europa.eu/data/datasets/MIR/MIR.MIR.M.FR.B.A2D.A.B.A.2250.EUR.N,2026-09-16,Total,Total initial rate fixation,n/a,volumen,dato_unico,serie MIR.M.FR.B.A2D.A.B.A.2250.EUR.N
Francia,credito_consumo_hogares_referencia,volumen | Bank business volumes - loans to households for other purposes (new business),601,eur_millones,2025-09,"BCE, ECB Data Portal, dataset MIR",https://data.ecb.europa.eu/data/datasets/MIR/MIR.MIR.M.FR.B.A2D.A.B.A.2250.EUR.N,2026-09-16,Total,Total initial rate fixation,n/a,volumen,dato_unico,serie MIR.M.FR.B.A2D.A.B.A.2250.EUR.N
Francia,credito_consumo_hogares_referencia,volumen | Bank business volumes - loans to households for other purposes (new business),662,eur_millones,2025-10,"BCE, ECB Data Portal, dataset MIR",https://data.ecb.europa.eu/data/datasets/MIR/MIR.MIR.M.FR.B.A2D.A.B.A.2250.EUR.N,2026-09-16,Total,Total initial rate fixation,n/a,volumen,dato_unico,serie MIR.M.FR.B.A2D.A.B.A.2250.EUR.N
Francia,credito_consumo_hogares_referencia,volumen | Bank business volumes - loans to households for other purposes (new business),545,eur_millones,2025-11,"BCE, ECB Data Portal, dataset MIR",https://data.ecb.europa.eu/data/datasets/MIR/MIR.MIR.M.FR.B.A2D.A.B.A.2250.EUR.N,2026-09-16,Total,Total initial rate fixation,n/a,volumen,dato_unico,serie MIR.M.FR.B.A2D.A.B.A.2250.EUR.N
Francia,credito_consumo_hogares_referencia,volumen | Bank business volumes - loans to households for other purposes (new business),863,eur_millones,2025-12,"BCE, ECB Data Portal, dataset MIR",https://data.ecb.europa.eu/data/datasets/MIR/MIR.MIR.M.FR.B.A2D.A.B.A.2250.EUR.N,2026-09-16,Total,Total initial rate fixation,n/a,volumen,dato_unico,serie MIR.M.FR.B.A2D.A.B.A.2250.EUR.N
Francia,credito_consumo_hogares_referencia,volumen | Bank business volumes - loans to households for other purposes (new business),583,eur_millones,2026-01,"BCE, ECB Data Portal, dataset MIR",https://data.ecb.europa.eu/data/datasets/MIR/MIR.MIR.M.FR.B.A2D.A.B.A.2250.EUR.N,2026-09-16,Total,Total initial rate fixation,n/a,volumen,dato_unico,serie MIR.M.FR.B.A2D.A.B.A.2250.EUR.N
Francia,credito_consumo_hogares_referencia,volumen | Bank business volumes - loans to households for other purposes (new business),539,eur_millones,2026-02,"BCE, ECB Data Portal, dataset MIR",https://data.ecb.europa.eu/data/datasets/MIR/MIR.MIR.M.FR.B.A2D.A.B.A.2250.EUR.N,2026-09-16,Total,Total initial rate fixation,n/a,volumen,dato_unico,serie MIR.M.FR.B.A2D.A.B.A.2250.EUR.N
Francia,credito_consumo_hogares_referencia,volumen | Bank business volumes - loans to households for other purposes (new business),718,eur_millones,2026-03,"BCE, ECB Data Portal, dataset MIR",https://data.ecb.europa.eu/data/datasets/MIR/MIR.MIR.M.FR.B.A2D.A.B.A.2250.EUR.N,2026-09-16,Total,Total initial rate fixation,n/a,volumen,dato_unico,serie MIR.M.FR.B.A2D.A.B.A.2250.EUR.N
Francia,credito_consumo_hogares_referencia,volumen | Bank business volumes - loans to households for other purposes (new business),719,eur_millones,2026-04,"BCE, ECB Data Portal, dataset MIR",https://data.ecb.europa.eu/data/datasets/MIR/MIR.MIR.M.FR.B.A2D.A.B.A.2250.EUR.N,2026-09-16,Total,Total initial rate fixation,n/a,volumen,dato_unico,serie MIR.M.FR.B.A2D.A.B.A.2250.EUR.N
Francia,credito_consumo_hogares_referencia,volumen | Bank business volumes - loans to households for other purposes (new business),531,eur_millones,2026-05,"BCE, ECB Data Portal, dataset MIR",https://data.ecb.europa.eu/data/datasets/MIR/MIR.MIR.M.FR.B.A2D.A.B.A.2250.EUR.N,2026-09-16,Total,Total initial rate fixation,n/a,volumen,dato_unico,serie MIR.M.FR.B.A2D.A.B.A.2250.EUR.N
Francia,credito_consumo_hogares_referencia,volumen | Bank business volumes - loans to households for other purposes (new business),711,eur_millones,2026-06,"BCE, ECB Data Portal, dataset MIR",https://data.ecb.europa.eu/data/datasets/MIR/MIR.MIR.M.FR.B.A2D.A.B.A.2250.EUR.N,2026-09-16,Total,Total initial rate fixation,n/a,volumen,dato_unico,serie MIR.M.FR.B.A2D.A.B.A.2250.EUR.N
Francia,credito_consumo_hogares_referencia,volumen | Bank business volumes - loans to households for other purposes (new business),669,eur_millones,2026-07,"BCE, ECB Data Portal, dataset MIR",https://data.ecb.europa.eu/data/datasets/MIR/MIR.MIR.M.FR.B.A2D.A.B.A.2250.EUR.N,2026-09-16,Total,Total initial rate fixation,n/a,volumen,dato_unico,serie MIR.M.FR.B.A2D.A.B.A.2250.EUR.N
Italia,credito_consumo_hogares_referencia,tipo | Bank interest rates - loans to households for other purposes (new business),4.7,pct_anual,2025-01,"BCE, ECB Data Portal, dataset MIR",https://data.ecb.europa.eu/data/datasets/MIR/MIR.MIR.M.IT.B.A2D.A.R.A.2250.EUR.N,2026-09-16,Total,Total initial rate fixation,n/a,nivel,media_ponderada_volumen,serie MIR.M.IT.B.A2D.A.R.A.2250.EUR.N
Italia,credito_consumo_hogares_referencia,tipo | Bank interest rates - loans to households for other purposes (new business),4.82,pct_anual,2025-02,"BCE, ECB Data Portal, dataset MIR",https://data.ecb.europa.eu/data/datasets/MIR/MIR.MIR.M.IT.B.A2D.A.R.A.2250.EUR.N,2026-09-16,Total,Total initial rate fixation,n/a,nivel,media_ponderada_volumen,serie MIR.M.IT.B.A2D.A.R.A.2250.EUR.N
Italia,credito_consumo_hogares_referencia,tipo | Bank interest rates - loans to households for other purposes (new business),4.74,pct_anual,2025-03,"BCE, ECB Data Portal, dataset MIR",https://data.ecb.europa.eu/data/datasets/MIR/MIR.MIR.M.IT.B.A2D.A.R.A.2250.EUR.N,2026-09-16,Total,Total initial rate fixation,n/a,nivel,media_ponderada_volumen,serie MIR.M.IT.B.A2D.A.R.A.2250.EUR.N
Italia,credito_consumo_hogares_referencia,tipo | Bank interest rates - loans to households for other purposes (new business),4.7,pct_anual,2025-04,"BCE, ECB Data Portal, dataset MIR",https://data.ecb.europa.eu/data/datasets/MIR/MIR.MIR.M.IT.B.A2D.A.R.A.2250.EUR.N,2026-09-16,Total,Total initial rate fixation,n/a,nivel,media_ponderada_volumen,serie MIR.M.IT.B.A2D.A.R.A.2250.EUR.N
Italia,credito_consumo_hogares_referencia,tipo | Bank interest rates - loans to households for other purposes (new business),4.4,pct_anual,2025-05,"BCE, ECB Data Portal, dataset MIR",https://data.ecb.europa.eu/data/datasets/MIR/MIR.MIR.M.IT.B.A2D.A.R.A.2250.EUR.N,2026-09-16,Total,Total initial rate fixation,n/a,nivel,media_ponderada_volumen,serie MIR.M.IT.B.A2D.A.R.A.2250.EUR.N
Italia,credito_consumo_hogares_referencia,tipo | Bank interest rates - loans to households for other purposes (new business),4.16,pct_anual,2025-06,"BCE, ECB Data Portal, dataset MIR",https://data.ecb.europa.eu/data/datasets/MIR/MIR.MIR.M.IT.B.A2D.A.R.A.2250.EUR.N,2026-09-16,Total,Total initial rate fixation,n/a,nivel,media_ponderada_volumen,serie MIR.M.IT.B.A2D.A.R.A.2250.EUR.N
Italia,credito_consumo_hogares_referencia,tipo | Bank interest rates - loans to households for other purposes (new business),4.2,pct_anual,2025-07,"BCE, ECB Data Portal, dataset MIR",https://data.ecb.europa.eu/data/datasets/MIR/MIR.MIR.M.IT.B.A2D.A.R.A.2250.EUR.N,2026-09-16,Total,Total initial rate fixation,n/a,nivel,media_ponderada_volumen,serie MIR.M.IT.B.A2D.A.R.A.2250.EUR.N
Italia,credito_consumo_hogares_referencia,tipo | Bank interest rates - loans to households for other purposes (new business),4.31,pct_anual,2025-08,"BCE, ECB Data Portal, dataset MIR",https://data.ecb.europa.eu/data/datasets/MIR/MIR.MIR.M.IT.B.A2D.A.R.A.2250.EUR.N,2026-09-16,Total,Total initial rate fixation,n/a,nivel,media_ponderada_volumen,serie MIR.M.IT.B.A2D.A.R.A.2250.EUR.N
Italia,credito_consumo_hogares_referencia,tipo | Bank interest rates - loans to households for other purposes (new business),4.27,pct_anual,2025-09,"BCE, ECB Data Portal, dataset MIR",https://data.ecb.europa.eu/data/datasets/MIR/MIR.MIR.M.IT.B.A2D.A.R.A.2250.EUR.N,2026-09-16,Total,Total initial rate fixation,n/a,nivel,media_ponderada_volumen,serie MIR.M.IT.B.A2D.A.R.A.2250.EUR.N
Italia,credito_consumo_hogares_referencia,tipo | Bank interest rates - loans to households for other purposes (new business),4.22,pct_anual,2025-10,"BCE, ECB Data Portal, dataset MIR",https://data.ecb.europa.eu/data/datasets/MIR/MIR.MIR.M.IT.B.A2D.A.R.A.2250.EUR.N,2026-09-16,Total,Total initial rate fixation,n/a,nivel,media_ponderada_volumen,serie MIR.M.IT.B.A2D.A.R.A.2250.EUR.N
Italia,credito_consumo_hogares_referencia,tipo | Bank interest rates - loans to households for other purposes (new business),4.16,pct_anual,2025-11,"BCE, ECB Data Portal, dataset MIR",https://data.ecb.europa.eu/data/datasets/MIR/MIR.MIR.M.IT.B.A2D.A.R.A.2250.EUR.N,2026-09-16,Total,Total initial rate fixation,n/a,nivel,media_ponderada_volumen,serie MIR.M.IT.B.A2D.A.R.A.2250.EUR.N
Italia,credito_consumo_hogares_referencia,tipo | Bank interest rates - loans to households for other purposes (new business),3.9,pct_anual,2025-12,"BCE, ECB Data Portal, dataset MIR",https://data.ecb.europa.eu/data/datasets/MIR/MIR.MIR.M.IT.B.A2D.A.R.A.2250.EUR.N,2026-09-16,Total,Total initial rate fixation,n/a,nivel,media_ponderada_volumen,serie MIR.M.IT.B.A2D.A.R.A.2250.EUR.N
Italia,credito_consumo_hogares_referencia,tipo | Bank interest rates - loans to households for other purposes (new business),4.15,pct_anual,2026-01,"BCE, ECB Data Portal, dataset MIR",https://data.ecb.europa.eu/data/datasets/MIR/MIR.MIR.M.IT.B.A2D.A.R.A.2250.EUR.N,2026-09-16,Total,Total initial rate fixation,n/a,nivel,media_ponderada_volumen,serie MIR.M.IT.B.A2D.A.R.A.2250.EUR.N
Italia,credito_consumo_hogares_referencia,tipo | Bank interest rates - loans to households for other purposes (new business),4.34,pct_anual,2026-02,"BCE, ECB Data Portal, dataset MIR",https://data.ecb.europa.eu/data/datasets/MIR/MIR.MIR.M.IT.B.A2D.A.R.A.2250.EUR.N,2026-09-16,Total,Total initial rate fixation,n/a,nivel,media_ponderada_volumen,serie MIR.M.IT.B.A2D.A.R.A.2250.EUR.N
Italia,credito_consumo_hogares_referencia,tipo | Bank interest rates - loans to households for other purposes (new business),4.41,pct_anual,2026-03,"BCE, ECB Data Portal, dataset MIR",https://data.ecb.europa.eu/data/datasets/MIR/MIR.MIR.M.IT.B.A2D.A.R.A.2250.EUR.N,2026-09-16,Total,Total initial rate fixation,n/a,nivel,media_ponderada_volumen,serie MIR.M.IT.B.A2D.A.R.A.2250.EUR.N
Italia,credito_consumo_hogares_referencia,tipo | Bank interest rates - loans to households for other purposes (new business),4.4,pct_anual,2026-04,"BCE, ECB Data Portal, dataset MIR",https://data.ecb.europa.eu/data/datasets/MIR/MIR.MIR.M.IT.B.A2D.A.R.A.2250.EUR.N,2026-09-16,Total,Total initial rate fixation,n/a,nivel,media_ponderada_volumen,serie MIR.M.IT.B.A2D.A.R.A.2250.EUR.N
Italia,credito_consumo_hogares_referencia,tipo | Bank interest rates - loans to households for other purposes (new business),4.47,pct_anual,2026-05,"BCE, ECB Data Portal, dataset MIR",https://data.ecb.europa.eu/data/datasets/MIR/MIR.MIR.M.IT.B.A2D.A.R.A.2250.EUR.N,2026-09-16,Total,Total initial rate fixation,n/a,nivel,media_ponderada_volumen,serie MIR.M.IT.B.A2D.A.R.A.2250.EUR.N
Italia,credito_consumo_hogares_referencia,tipo | Bank interest rates - loans to households for other purposes (new business),4.58,pct_anual,2026-06,"BCE, ECB Data Portal, dataset MIR",https://data.ecb.europa.eu/data/datasets/MIR/MIR.MIR.M.IT.B.A2D.A.R.A.2250.EUR.N,2026-09-16,Total,Total initial rate fixation,n/a,nivel,media_ponderada_volumen,serie MIR.M.IT.B.A2D.A.R.A.2250.EUR.N
Italia,credito_consumo_hogares_referencia,tipo | Bank interest rates - loans to households for other purposes (new business),4.61,pct_anual,2026-07,"BCE, ECB Data Portal, dataset MIR",https://data.ecb.europa.eu/data/datasets/MIR/MIR.MIR.M.IT.B.A2D.A.R.A.2250.EUR.N,2026-09-16,Total,Total initial rate fixation,n/a,nivel,media_ponderada_volumen,serie MIR.M.IT.B.A2D.A.R.A.2250.EUR.N
Italia,credito_consumo_hogares_referencia,tipo | Bank interest rates - loans to households for other purposes with a variable rate and an interest rate fixation period of up to one year (new business),4.73,pct_anual,2025-01,"BCE, ECB Data Portal, dataset MIR",https://data.ecb.europa.eu/data/datasets/MIR/MIR.MIR.M.IT.B.A2D.F.R.A.2250.EUR.N,2026-09-16,Total,Up to 1 year initial rate fixation,n/a,nivel,media_ponderada_volumen,serie MIR.M.IT.B.A2D.F.R.A.2250.EUR.N
Italia,credito_consumo_hogares_referencia,tipo | Bank interest rates - loans to households for other purposes with a variable rate and an interest rate fixation period of up to one year (new business),4.93,pct_anual,2025-02,"BCE, ECB Data Portal, dataset MIR",https://data.ecb.europa.eu/data/datasets/MIR/MIR.MIR.M.IT.B.A2D.F.R.A.2250.EUR.N,2026-09-16,Total,Up to 1 year initial rate fixation,n/a,nivel,media_ponderada_volumen,serie MIR.M.IT.B.A2D.F.R.A.2250.EUR.N
Italia,credito_consumo_hogares_referencia,tipo | Bank interest rates - loans to households for other purposes with a variable rate and an interest rate fixation period of up to one year (new business),4.85,pct_anual,2025-03,"BCE, ECB Data Portal, dataset MIR",https://data.ecb.europa.eu/data/datasets/MIR/MIR.MIR.M.IT.B.A2D.F.R.A.2250.EUR.N,2026-09-16,Total,Up to 1 year initial rate fixation,n/a,nivel,media_ponderada_volumen,serie MIR.M.IT.B.A2D.F.R.A.2250.EUR.N
Italia,credito_consumo_hogares_referencia,tipo | Bank interest rates - loans to households for other purposes with a variable rate and an interest rate fixation period of up to one year (new business),4.77,pct_anual,2025-04,"BCE, ECB Data Portal, dataset MIR",https://data.ecb.europa.eu/data/datasets/MIR/MIR.MIR.M.IT.B.A2D.F.R.A.2250.EUR.N,2026-09-16,Total,Up to 1 year initial rate fixation,n/a,nivel,media_ponderada_volumen,serie MIR.M.IT.B.A2D.F.R.A.2250.EUR.N
Italia,credito_consumo_hogares_referencia,tipo | Bank interest rates - loans to households for other purposes with a variable rate and an interest rate fixation period of up to one year (new business),4.39,pct_anual,2025-05,"BCE, ECB Data Portal, dataset MIR",https://data.ecb.europa.eu/data/datasets/MIR/MIR.MIR.M.IT.B.A2D.F.R.A.2250.EUR.N,2026-09-16,Total,Up to 1 year initial rate fixation,n/a,nivel,media_ponderada_volumen,serie MIR.M.IT.B.A2D.F.R.A.2250.EUR.N
Italia,credito_consumo_hogares_referencia,tipo | Bank interest rates - loans to households for other purposes with a variable rate and an interest rate fixation period of up to one year (new business),4.04,pct_anual,2025-06,"BCE, ECB Data Portal, dataset MIR",https://data.ecb.europa.eu/data/datasets/MIR/MIR.MIR.M.IT.B.A2D.F.R.A.2250.EUR.N,2026-09-16,Total,Up to 1 year initial rate fixation,n/a,nivel,media_ponderada_volumen,serie MIR.M.IT.B.A2D.F.R.A.2250.EUR.N
Italia,credito_consumo_hogares_referencia,tipo | Bank interest rates - loans to households for other purposes with a variable rate and an interest rate fixation period of up to one year (new business),4.09,pct_anual,2025-07,"BCE, ECB Data Portal, dataset MIR",https://data.ecb.europa.eu/data/datasets/MIR/MIR.MIR.M.IT.B.A2D.F.R.A.2250.EUR.N,2026-09-16,Total,Up to 1 year initial rate fixation,n/a,nivel,media_ponderada_volumen,serie MIR.M.IT.B.A2D.F.R.A.2250.EUR.N
Italia,credito_consumo_hogares_referencia,tipo | Bank interest rates - loans to households for other purposes with a variable rate and an interest rate fixation period of up to one year (new business),4.24,pct_anual,2025-08,"BCE, ECB Data Portal, dataset MIR",https://data.ecb.europa.eu/data/datasets/MIR/MIR.MIR.M.IT.B.A2D.F.R.A.2250.EUR.N,2026-09-16,Total,Up to 1 year initial rate fixation,n/a,nivel,media_ponderada_volumen,serie MIR.M.IT.B.A2D.F.R.A.2250.EUR.N
Italia,credito_consumo_hogares_referencia,tipo | Bank interest rates - loans to households for other purposes with a variable rate and an interest rate fixation period of up to one year (new business),4.18,pct_anual,2025-09,"BCE, ECB Data Portal, dataset MIR",https://data.ecb.europa.eu/data/datasets/MIR/MIR.MIR.M.IT.B.A2D.F.R.A.2250.EUR.N,2026-09-16,Total,Up to 1 year initial rate fixation,n/a,nivel,media_ponderada_volumen,serie MIR.M.IT.B.A2D.F.R.A.2250.EUR.N
Italia,credito_consumo_hogares_referencia,tipo | Bank interest rates - loans to households for other purposes with a variable rate and an interest rate fixation period of up to one year (new business),4.11,pct_anual,2025-10,"BCE, ECB Data Portal, dataset MIR",https://data.ecb.europa.eu/data/datasets/MIR/MIR.MIR.M.IT.B.A2D.F.R.A.2250.EUR.N,2026-09-16,Total,Up to 1 year initial rate fixation,n/a,nivel,media_ponderada_volumen,serie MIR.M.IT.B.A2D.F.R.A.2250.EUR.N
Italia,credito_consumo_hogares_referencia,tipo | Bank interest rates - loans to households for other purposes with a variable rate and an interest rate fixation period of up to one year (new business),4.07,pct_anual,2025-11,"BCE, ECB Data Portal, dataset MIR",https://data.ecb.europa.eu/data/datasets/MIR/MIR.MIR.M.IT.B.A2D.F.R.A.2250.EUR.N,2026-09-16,Total,Up to 1 year initial rate fixation,n/a,nivel,media_ponderada_volumen,serie MIR.M.IT.B.A2D.F.R.A.2250.EUR.N
Italia,credito_consumo_hogares_referencia,tipo | Bank interest rates - loans to households for other purposes with a variable rate and an interest rate fixation period of up to one year (new business),3.77,pct_anual,2025-12,"BCE, ECB Data Portal, dataset MIR",https://data.ecb.europa.eu/data/datasets/MIR/MIR.MIR.M.IT.B.A2D.F.R.A.2250.EUR.N,2026-09-16,Total,Up to 1 year initial rate fixation,n/a,nivel,media_ponderada_volumen,serie MIR.M.IT.B.A2D.F.R.A.2250.EUR.N
Italia,credito_consumo_hogares_referencia,tipo | Bank interest rates - loans to households for other purposes with a variable rate and an interest rate fixation period of up to one year (new business),4.05,pct_anual,2026-01,"BCE, ECB Data Portal, dataset MIR",https://data.ecb.europa.eu/data/datasets/MIR/MIR.MIR.M.IT.B.A2D.F.R.A.2250.EUR.N,2026-09-16,Total,Up to 1 year initial rate fixation,n/a,nivel,media_ponderada_volumen,serie MIR.M.IT.B.A2D.F.R.A.2250.EUR.N
Italia,credito_consumo_hogares_referencia,tipo | Bank interest rates - loans to households for other purposes with a variable rate and an interest rate fixation period of up to one year (new business),4.26,pct_anual,2026-02,"BCE, ECB Data Portal, dataset MIR",https://data.ecb.europa.eu/data/datasets/MIR/MIR.MIR.M.IT.B.A2D.F.R.A.2250.EUR.N,2026-09-16,Total,Up to 1 year initial rate fixation,n/a,nivel,media_ponderada_volumen,serie MIR.M.IT.B.A2D.F.R.A.2250.EUR.N
Italia,credito_consumo_hogares_referencia,tipo | Bank interest rates - loans to households for other purposes with a variable rate and an interest rate fixation period of up to one year (new business),4.32,pct_anual,2026-03,"BCE, ECB Data Portal, dataset MIR",https://data.ecb.europa.eu/data/datasets/MIR/MIR.MIR.M.IT.B.A2D.F.R.A.2250.EUR.N,2026-09-16,Total,Up to 1 year initial rate fixation,n/a,nivel,media_ponderada_volumen,serie MIR.M.IT.B.A2D.F.R.A.2250.EUR.N
Italia,credito_consumo_hogares_referencia,tipo | Bank interest rates - loans to households for other purposes with a variable rate and an interest rate fixation period of up to one year (new business),4.25,pct_anual,2026-04,"BCE, ECB Data Portal, dataset MIR",https://data.ecb.europa.eu/data/datasets/MIR/MIR.MIR.M.IT.B.A2D.F.R.A.2250.EUR.N,2026-09-16,Total,Up to 1 year initial rate fixation,n/a,nivel,media_ponderada_volumen,serie MIR.M.IT.B.A2D.F.R.A.2250.EUR.N
Italia,credito_consumo_hogares_referencia,tipo | Bank interest rates - loans to households for other purposes with a variable rate and an interest rate fixation period of up to one year (new business),4.32,pct_anual,2026-05,"BCE, ECB Data Portal, dataset MIR",https://data.ecb.europa.eu/data/datasets/MIR/MIR.MIR.M.IT.B.A2D.F.R.A.2250.EUR.N,2026-09-16,Total,Up to 1 year initial rate fixation,n/a,nivel,media_ponderada_volumen,serie MIR.M.IT.B.A2D.F.R.A.2250.EUR.N
Italia,credito_consumo_hogares_referencia,tipo | Bank interest rates - loans to households for other purposes with a variable rate and an interest rate fixation period of up to one year (new business),4.47,pct_anual,2026-06,"BCE, ECB Data Portal, dataset MIR",https://data.ecb.europa.eu/data/datasets/MIR/MIR.MIR.M.IT.B.A2D.F.R.A.2250.EUR.N,2026-09-16,Total,Up to 1 year initial rate fixation,n/a,nivel,media_ponderada_volumen,serie MIR.M.IT.B.A2D.F.R.A.2250.EUR.N
Italia,credito_consumo_hogares_referencia,tipo | Bank interest rates - loans to households for other purposes with a variable rate and an interest rate fixation period of up to one year (new business),4.52,pct_anual,2026-07,"BCE, ECB Data Portal, dataset MIR",https://data.ecb.europa.eu/data/datasets/MIR/MIR.MIR.M.IT.B.A2D.F.R.A.2250.EUR.N,2026-09-16,Total,Up to 1 year initial rate fixation,n/a,nivel,media_ponderada_volumen,serie MIR.M.IT.B.A2D.F.R.A.2250.EUR.N; OBS_STATUS=P (no definitivo)
Italia,credito_consumo_hogares_referencia,tipo | Bank interest rates - loans to households for other purposes with an interest rate fixation period of over one & up to five years (new business),4.42,pct_anual,2025-01,"BCE, ECB Data Portal, dataset MIR",https://data.ecb.europa.eu/data/datasets/MIR/MIR.MIR.M.IT.B.A2D.I.R.A.2250.EUR.N,2026-09-16,Total,Over 1 and up to 5 years initial rate fixation,n/a,nivel,media_ponderada_volumen,serie MIR.M.IT.B.A2D.I.R.A.2250.EUR.N
Italia,credito_consumo_hogares_referencia,tipo | Bank interest rates - loans to households for other purposes with an interest rate fixation period of over one & up to five years (new business),4.43,pct_anual,2025-02,"BCE, ECB Data Portal, dataset MIR",https://data.ecb.europa.eu/data/datasets/MIR/MIR.MIR.M.IT.B.A2D.I.R.A.2250.EUR.N,2026-09-16,Total,Over 1 and up to 5 years initial rate fixation,n/a,nivel,media_ponderada_volumen,serie MIR.M.IT.B.A2D.I.R.A.2250.EUR.N
Italia,credito_consumo_hogares_referencia,tipo | Bank interest rates - loans to households for other purposes with an interest rate fixation period of over one & up to five years (new business),4.46,pct_anual,2025-03,"BCE, ECB Data Portal, dataset MIR",https://data.ecb.europa.eu/data/datasets/MIR/MIR.MIR.M.IT.B.A2D.I.R.A.2250.EUR.N,2026-09-16,Total,Over 1 and up to 5 years initial rate fixation,n/a,nivel,media_ponderada_volumen,serie MIR.M.IT.B.A2D.I.R.A.2250.EUR.N
Italia,credito_consumo_hogares_referencia,tipo | Bank interest rates - loans to households for other purposes with an interest rate fixation period of over one & up to five years (new business),4.54,pct_anual,2025-04,"BCE, ECB Data Portal, dataset MIR",https://data.ecb.europa.eu/data/datasets/MIR/MIR.MIR.M.IT.B.A2D.I.R.A.2250.EUR.N,2026-09-16,Total,Over 1 and up to 5 years initial rate fixation,n/a,nivel,media_ponderada_volumen,serie MIR.M.IT.B.A2D.I.R.A.2250.EUR.N
Italia,credito_consumo_hogares_referencia,tipo | Bank interest rates - loans to households for other purposes with an interest rate fixation period of over one & up to five years (new business),4.5,pct_anual,2025-05,"BCE, ECB Data Portal, dataset MIR",https://data.ecb.europa.eu/data/datasets/MIR/MIR.MIR.M.IT.B.A2D.I.R.A.2250.EUR.N,2026-09-16,Total,Over 1 and up to 5 years initial rate fixation,n/a,nivel,media_ponderada_volumen,serie MIR.M.IT.B.A2D.I.R.A.2250.EUR.N
Italia,credito_consumo_hogares_referencia,tipo | Bank interest rates - loans to households for other purposes with an interest rate fixation period of over one & up to five years (new business),4.47,pct_anual,2025-06,"BCE, ECB Data Portal, dataset MIR",https://data.ecb.europa.eu/data/datasets/MIR/MIR.MIR.M.IT.B.A2D.I.R.A.2250.EUR.N,2026-09-16,Total,Over 1 and up to 5 years initial rate fixation,n/a,nivel,media_ponderada_volumen,serie MIR.M.IT.B.A2D.I.R.A.2250.EUR.N
Italia,credito_consumo_hogares_referencia,tipo | Bank interest rates - loans to households for other purposes with an interest rate fixation period of over one & up to five years (new business),4.69,pct_anual,2025-07,"BCE, ECB Data Portal, dataset MIR",https://data.ecb.europa.eu/data/datasets/MIR/MIR.MIR.M.IT.B.A2D.I.R.A.2250.EUR.N,2026-09-16,Total,Over 1 and up to 5 years initial rate fixation,n/a,nivel,media_ponderada_volumen,serie MIR.M.IT.B.A2D.I.R.A.2250.EUR.N
Italia,credito_consumo_hogares_referencia,tipo | Bank interest rates - loans to households for other purposes with an interest rate fixation period of over one & up to five years (new business),4.51,pct_anual,2025-08,"BCE, ECB Data Portal, dataset MIR",https://data.ecb.europa.eu/data/datasets/MIR/MIR.MIR.M.IT.B.A2D.I.R.A.2250.EUR.N,2026-09-16,Total,Over 1 and up to 5 years initial rate fixation,n/a,nivel,media_ponderada_volumen,serie MIR.M.IT.B.A2D.I.R.A.2250.EUR.N
Italia,credito_consumo_hogares_referencia,tipo | Bank interest rates - loans to households for other purposes with an interest rate fixation period of over one & up to five years (new business),4.43,pct_anual,2025-09,"BCE, ECB Data Portal, dataset MIR",https://data.ecb.europa.eu/data/datasets/MIR/MIR.MIR.M.IT.B.A2D.I.R.A.2250.EUR.N,2026-09-16,Total,Over 1 and up to 5 years initial rate fixation,n/a,nivel,media_ponderada_volumen,serie MIR.M.IT.B.A2D.I.R.A.2250.EUR.N
Italia,credito_consumo_hogares_referencia,tipo | Bank interest rates - loans to households for other purposes with an interest rate fixation period of over one & up to five years (new business),4.54,pct_anual,2025-10,"BCE, ECB Data Portal, dataset MIR",https://data.ecb.europa.eu/data/datasets/MIR/MIR.MIR.M.IT.B.A2D.I.R.A.2250.EUR.N,2026-09-16,Total,Over 1 and up to 5 years initial rate fixation,n/a,nivel,media_ponderada_volumen,serie MIR.M.IT.B.A2D.I.R.A.2250.EUR.N
Italia,credito_consumo_hogares_referencia,tipo | Bank interest rates - loans to households for other purposes with an interest rate fixation period of over one & up to five years (new business),4.3,pct_anual,2025-11,"BCE, ECB Data Portal, dataset MIR",https://data.ecb.europa.eu/data/datasets/MIR/MIR.MIR.M.IT.B.A2D.I.R.A.2250.EUR.N,2026-09-16,Total,Over 1 and up to 5 years initial rate fixation,n/a,nivel,media_ponderada_volumen,serie MIR.M.IT.B.A2D.I.R.A.2250.EUR.N
Italia,credito_consumo_hogares_referencia,tipo | Bank interest rates - loans to households for other purposes with an interest rate fixation period of over one & up to five years (new business),4.25,pct_anual,2025-12,"BCE, ECB Data Portal, dataset MIR",https://data.ecb.europa.eu/data/datasets/MIR/MIR.MIR.M.IT.B.A2D.I.R.A.2250.EUR.N,2026-09-16,Total,Over 1 and up to 5 years initial rate fixation,n/a,nivel,media_ponderada_volumen,serie MIR.M.IT.B.A2D.I.R.A.2250.EUR.N
Italia,credito_consumo_hogares_referencia,tipo | Bank interest rates - loans to households for other purposes with an interest rate fixation period of over one & up to five years (new business),4.39,pct_anual,2026-01,"BCE, ECB Data Portal, dataset MIR",https://data.ecb.europa.eu/data/datasets/MIR/MIR.MIR.M.IT.B.A2D.I.R.A.2250.EUR.N,2026-09-16,Total,Over 1 and up to 5 years initial rate fixation,n/a,nivel,media_ponderada_volumen,serie MIR.M.IT.B.A2D.I.R.A.2250.EUR.N
Italia,credito_consumo_hogares_referencia,tipo | Bank interest rates - loans to households for other purposes with an interest rate fixation period of over one & up to five years (new business),4.26,pct_anual,2026-02,"BCE, ECB Data Portal, dataset MIR",https://data.ecb.europa.eu/data/datasets/MIR/MIR.MIR.M.IT.B.A2D.I.R.A.2250.EUR.N,2026-09-16,Total,Over 1 and up to 5 years initial rate fixation,n/a,nivel,media_ponderada_volumen,serie MIR.M.IT.B.A2D.I.R.A.2250.EUR.N
Italia,credito_consumo_hogares_referencia,tipo | Bank interest rates - loans to households for other purposes with an interest rate fixation period of over one & up to five years (new business),4.51,pct_anual,2026-03,"BCE, ECB Data Portal, dataset MIR",https://data.ecb.europa.eu/data/datasets/MIR/MIR.MIR.M.IT.B.A2D.I.R.A.2250.EUR.N,2026-09-16,Total,Over 1 and up to 5 years initial rate fixation,n/a,nivel,media_ponderada_volumen,serie MIR.M.IT.B.A2D.I.R.A.2250.EUR.N
Italia,credito_consumo_hogares_referencia,tipo | Bank interest rates - loans to households for other purposes with an interest rate fixation period of over one & up to five years (new business),4.76,pct_anual,2026-04,"BCE, ECB Data Portal, dataset MIR",https://data.ecb.europa.eu/data/datasets/MIR/MIR.MIR.M.IT.B.A2D.I.R.A.2250.EUR.N,2026-09-16,Total,Over 1 and up to 5 years initial rate fixation,n/a,nivel,media_ponderada_volumen,serie MIR.M.IT.B.A2D.I.R.A.2250.EUR.N
Italia,credito_consumo_hogares_referencia,tipo | Bank interest rates - loans to households for other purposes with an interest rate fixation period of over one & up to five years (new business),4.83,pct_anual,2026-05,"BCE, ECB Data Portal, dataset MIR",https://data.ecb.europa.eu/data/datasets/MIR/MIR.MIR.M.IT.B.A2D.I.R.A.2250.EUR.N,2026-09-16,Total,Over 1 and up to 5 years initial rate fixation,n/a,nivel,media_ponderada_volumen,serie MIR.M.IT.B.A2D.I.R.A.2250.EUR.N
Italia,credito_consumo_hogares_referencia,tipo | Bank interest rates - loans to households for other purposes with an interest rate fixation period of over one & up to five years (new business),4.88,pct_anual,2026-06,"BCE, ECB Data Portal, dataset MIR",https://data.ecb.europa.eu/data/datasets/MIR/MIR.MIR.M.IT.B.A2D.I.R.A.2250.EUR.N,2026-09-16,Total,Over 1 and up to 5 years initial rate fixation,n/a,nivel,media_ponderada_volumen,serie MIR.M.IT.B.A2D.I.R.A.2250.EUR.N
Italia,credito_consumo_hogares_referencia,tipo | Bank interest rates - loans to households for other purposes with an interest rate fixation period of over one & up to five years (new business),4.76,pct_anual,2026-07,"BCE, ECB Data Portal, dataset MIR",https://data.ecb.europa.eu/data/datasets/MIR/MIR.MIR.M.IT.B.A2D.I.R.A.2250.EUR.N,2026-09-16,Total,Over 1 and up to 5 years initial rate fixation,n/a,nivel,media_ponderada_volumen,serie MIR.M.IT.B.A2D.I.R.A.2250.EUR.N; OBS_STATUS=P (no definitivo)
Italia,credito_consumo_hogares_referencia,tipo | Bank interest rates - loans to households for other purposes with an interest rate fixation period of over five years (new business),4.7,pct_anual,2025-01,"BCE, ECB Data Portal, dataset MIR",https://data.ecb.europa.eu/data/datasets/MIR/MIR.MIR.M.IT.B.A2D.J.R.A.2250.EUR.N,2026-09-16,Total,Over 5 years initial rate fixation,n/a,nivel,media_ponderada_volumen,serie MIR.M.IT.B.A2D.J.R.A.2250.EUR.N
Italia,credito_consumo_hogares_referencia,tipo | Bank interest rates - loans to households for other purposes with an interest rate fixation period of over five years (new business),4.55,pct_anual,2025-02,"BCE, ECB Data Portal, dataset MIR",https://data.ecb.europa.eu/data/datasets/MIR/MIR.MIR.M.IT.B.A2D.J.R.A.2250.EUR.N,2026-09-16,Total,Over 5 years initial rate fixation,n/a,nivel,media_ponderada_volumen,serie MIR.M.IT.B.A2D.J.R.A.2250.EUR.N
Italia,credito_consumo_hogares_referencia,tipo | Bank interest rates - loans to households for other purposes with an interest rate fixation period of over five years (new business),4.48,pct_anual,2025-03,"BCE, ECB Data Portal, dataset MIR",https://data.ecb.europa.eu/data/datasets/MIR/MIR.MIR.M.IT.B.A2D.J.R.A.2250.EUR.N,2026-09-16,Total,Over 5 years initial rate fixation,n/a,nivel,media_ponderada_volumen,serie MIR.M.IT.B.A2D.J.R.A.2250.EUR.N
Italia,credito_consumo_hogares_referencia,tipo | Bank interest rates - loans to households for other purposes with an interest rate fixation period of over five years (new business),4.49,pct_anual,2025-04,"BCE, ECB Data Portal, dataset MIR",https://data.ecb.europa.eu/data/datasets/MIR/MIR.MIR.M.IT.B.A2D.J.R.A.2250.EUR.N,2026-09-16,Total,Over 5 years initial rate fixation,n/a,nivel,media_ponderada_volumen,serie MIR.M.IT.B.A2D.J.R.A.2250.EUR.N
Italia,credito_consumo_hogares_referencia,tipo | Bank interest rates - loans to households for other purposes with an interest rate fixation period of over five years (new business),4.41,pct_anual,2025-05,"BCE, ECB Data Portal, dataset MIR",https://data.ecb.europa.eu/data/datasets/MIR/MIR.MIR.M.IT.B.A2D.J.R.A.2250.EUR.N,2026-09-16,Total,Over 5 years initial rate fixation,n/a,nivel,media_ponderada_volumen,serie MIR.M.IT.B.A2D.J.R.A.2250.EUR.N
Italia,credito_consumo_hogares_referencia,tipo | Bank interest rates - loans to households for other purposes with an interest rate fixation period of over five years (new business),4.56,pct_anual,2025-06,"BCE, ECB Data Portal, dataset MIR",https://data.ecb.europa.eu/data/datasets/MIR/MIR.MIR.M.IT.B.A2D.J.R.A.2250.EUR.N,2026-09-16,Total,Over 5 years initial rate fixation,n/a,nivel,media_ponderada_volumen,serie MIR.M.IT.B.A2D.J.R.A.2250.EUR.N
Italia,credito_consumo_hogares_referencia,tipo | Bank interest rates - loans to households for other purposes with an interest rate fixation period of over five years (new business),4.38,pct_anual,2025-07,"BCE, ECB Data Portal, dataset MIR",https://data.ecb.europa.eu/data/datasets/MIR/MIR.MIR.M.IT.B.A2D.J.R.A.2250.EUR.N,2026-09-16,Total,Over 5 years initial rate fixation,n/a,nivel,media_ponderada_volumen,serie MIR.M.IT.B.A2D.J.R.A.2250.EUR.N
Italia,credito_consumo_hogares_referencia,tipo | Bank interest rates - loans to households for other purposes with an interest rate fixation period of over five years (new business),4.66,pct_anual,2025-08,"BCE, ECB Data Portal, dataset MIR",https://data.ecb.europa.eu/data/datasets/MIR/MIR.MIR.M.IT.B.A2D.J.R.A.2250.EUR.N,2026-09-16,Total,Over 5 years initial rate fixation,n/a,nivel,media_ponderada_volumen,serie MIR.M.IT.B.A2D.J.R.A.2250.EUR.N
Italia,credito_consumo_hogares_referencia,tipo | Bank interest rates - loans to households for other purposes with an interest rate fixation period of over five years (new business),4.68,pct_anual,2025-09,"BCE, ECB Data Portal, dataset MIR",https://data.ecb.europa.eu/data/datasets/MIR/MIR.MIR.M.IT.B.A2D.J.R.A.2250.EUR.N,2026-09-16,Total,Over 5 years initial rate fixation,n/a,nivel,media_ponderada_volumen,serie MIR.M.IT.B.A2D.J.R.A.2250.EUR.N
Italia,credito_consumo_hogares_referencia,tipo | Bank interest rates - loans to households for other purposes with an interest rate fixation period of over five years (new business),4.69,pct_anual,2025-10,"BCE, ECB Data Portal, dataset MIR",https://data.ecb.europa.eu/data/datasets/MIR/MIR.MIR.M.IT.B.A2D.J.R.A.2250.EUR.N,2026-09-16,Total,Over 5 years initial rate fixation,n/a,nivel,media_ponderada_volumen,serie MIR.M.IT.B.A2D.J.R.A.2250.EUR.N
Italia,credito_consumo_hogares_referencia,tipo | Bank interest rates - loans to households for other purposes with an interest rate fixation period of over five years (new business),4.65,pct_anual,2025-11,"BCE, ECB Data Portal, dataset MIR",https://data.ecb.europa.eu/data/datasets/MIR/MIR.MIR.M.IT.B.A2D.J.R.A.2250.EUR.N,2026-09-16,Total,Over 5 years initial rate fixation,n/a,nivel,media_ponderada_volumen,serie MIR.M.IT.B.A2D.J.R.A.2250.EUR.N
Italia,credito_consumo_hogares_referencia,tipo | Bank interest rates - loans to households for other purposes with an interest rate fixation period of over five years (new business),4.56,pct_anual,2025-12,"BCE, ECB Data Portal, dataset MIR",https://data.ecb.europa.eu/data/datasets/MIR/MIR.MIR.M.IT.B.A2D.J.R.A.2250.EUR.N,2026-09-16,Total,Over 5 years initial rate fixation,n/a,nivel,media_ponderada_volumen,serie MIR.M.IT.B.A2D.J.R.A.2250.EUR.N
Italia,credito_consumo_hogares_referencia,tipo | Bank interest rates - loans to households for other purposes with an interest rate fixation period of over five years (new business),4.91,pct_anual,2026-01,"BCE, ECB Data Portal, dataset MIR",https://data.ecb.europa.eu/data/datasets/MIR/MIR.MIR.M.IT.B.A2D.J.R.A.2250.EUR.N,2026-09-16,Total,Over 5 years initial rate fixation,n/a,nivel,media_ponderada_volumen,serie MIR.M.IT.B.A2D.J.R.A.2250.EUR.N
Italia,credito_consumo_hogares_referencia,tipo | Bank interest rates - loans to households for other purposes with an interest rate fixation period of over five years (new business),4.9,pct_anual,2026-02,"BCE, ECB Data Portal, dataset MIR",https://data.ecb.europa.eu/data/datasets/MIR/MIR.MIR.M.IT.B.A2D.J.R.A.2250.EUR.N,2026-09-16,Total,Over 5 years initial rate fixation,n/a,nivel,media_ponderada_volumen,serie MIR.M.IT.B.A2D.J.R.A.2250.EUR.N
Italia,credito_consumo_hogares_referencia,tipo | Bank interest rates - loans to households for other purposes with an interest rate fixation period of over five years (new business),4.83,pct_anual,2026-03,"BCE, ECB Data Portal, dataset MIR",https://data.ecb.europa.eu/data/datasets/MIR/MIR.MIR.M.IT.B.A2D.J.R.A.2250.EUR.N,2026-09-16,Total,Over 5 years initial rate fixation,n/a,nivel,media_ponderada_volumen,serie MIR.M.IT.B.A2D.J.R.A.2250.EUR.N
Italia,credito_consumo_hogares_referencia,tipo | Bank interest rates - loans to households for other purposes with an interest rate fixation period of over five years (new business),4.93,pct_anual,2026-04,"BCE, ECB Data Portal, dataset MIR",https://data.ecb.europa.eu/data/datasets/MIR/MIR.MIR.M.IT.B.A2D.J.R.A.2250.EUR.N,2026-09-16,Total,Over 5 years initial rate fixation,n/a,nivel,media_ponderada_volumen,serie MIR.M.IT.B.A2D.J.R.A.2250.EUR.N
Italia,credito_consumo_hogares_referencia,tipo | Bank interest rates - loans to households for other purposes with an interest rate fixation period of over five years (new business),5.08,pct_anual,2026-05,"BCE, ECB Data Portal, dataset MIR",https://data.ecb.europa.eu/data/datasets/MIR/MIR.MIR.M.IT.B.A2D.J.R.A.2250.EUR.N,2026-09-16,Total,Over 5 years initial rate fixation,n/a,nivel,media_ponderada_volumen,serie MIR.M.IT.B.A2D.J.R.A.2250.EUR.N
Italia,credito_consumo_hogares_referencia,tipo | Bank interest rates - loans to households for other purposes with an interest rate fixation period of over five years (new business),5.08,pct_anual,2026-06,"BCE, ECB Data Portal, dataset MIR",https://data.ecb.europa.eu/data/datasets/MIR/MIR.MIR.M.IT.B.A2D.J.R.A.2250.EUR.N,2026-09-16,Total,Over 5 years initial rate fixation,n/a,nivel,media_ponderada_volumen,serie MIR.M.IT.B.A2D.J.R.A.2250.EUR.N
Italia,credito_consumo_hogares_referencia,tipo | Bank interest rates - loans to households for other purposes with an interest rate fixation period of over five years (new business),4.99,pct_anual,2026-07,"BCE, ECB Data Portal, dataset MIR",https://data.ecb.europa.eu/data/datasets/MIR/MIR.MIR.M.IT.B.A2D.J.R.A.2250.EUR.N,2026-09-16,Total,Over 5 years initial rate fixation,n/a,nivel,media_ponderada_volumen,serie MIR.M.IT.B.A2D.J.R.A.2250.EUR.N; OBS_STATUS=P (no definitivo)
Italia,credito_consumo_hogares_referencia,tipo | Bank interest rates - loans to households for other purposes with an interest rate fixation period of over one year (new business),4.56,pct_anual,2025-01,"BCE, ECB Data Portal, dataset MIR",https://data.ecb.europa.eu/data/datasets/MIR/MIR.MIR.M.IT.B.A2D.K.R.A.2250.EUR.N,2026-09-16,Total,Over 1 year initial rate fixation,n/a,nivel,media_ponderada_volumen,serie MIR.M.IT.B.A2D.K.R.A.2250.EUR.N
Italia,credito_consumo_hogares_referencia,tipo | Bank interest rates - loans to households for other purposes with an interest rate fixation period of over one year (new business),4.49,pct_anual,2025-02,"BCE, ECB Data Portal, dataset MIR",https://data.ecb.europa.eu/data/datasets/MIR/MIR.MIR.M.IT.B.A2D.K.R.A.2250.EUR.N,2026-09-16,Total,Over 1 year initial rate fixation,n/a,nivel,media_ponderada_volumen,serie MIR.M.IT.B.A2D.K.R.A.2250.EUR.N
Italia,credito_consumo_hogares_referencia,tipo | Bank interest rates - loans to households for other purposes with an interest rate fixation period of over one year (new business),4.47,pct_anual,2025-03,"BCE, ECB Data Portal, dataset MIR",https://data.ecb.europa.eu/data/datasets/MIR/MIR.MIR.M.IT.B.A2D.K.R.A.2250.EUR.N,2026-09-16,Total,Over 1 year initial rate fixation,n/a,nivel,media_ponderada_volumen,serie MIR.M.IT.B.A2D.K.R.A.2250.EUR.N
Italia,credito_consumo_hogares_referencia,tipo | Bank interest rates - loans to households for other purposes with an interest rate fixation period of over one year (new business),4.51,pct_anual,2025-04,"BCE, ECB Data Portal, dataset MIR",https://data.ecb.europa.eu/data/datasets/MIR/MIR.MIR.M.IT.B.A2D.K.R.A.2250.EUR.N,2026-09-16,Total,Over 1 year initial rate fixation,n/a,nivel,media_ponderada_volumen,serie MIR.M.IT.B.A2D.K.R.A.2250.EUR.N
Italia,credito_consumo_hogares_referencia,tipo | Bank interest rates - loans to households for other purposes with an interest rate fixation period of over one year (new business),4.45,pct_anual,2025-05,"BCE, ECB Data Portal, dataset MIR",https://data.ecb.europa.eu/data/datasets/MIR/MIR.MIR.M.IT.B.A2D.K.R.A.2250.EUR.N,2026-09-16,Total,Over 1 year initial rate fixation,n/a,nivel,media_ponderada_volumen,serie MIR.M.IT.B.A2D.K.R.A.2250.EUR.N
Italia,credito_consumo_hogares_referencia,tipo | Bank interest rates - loans to households for other purposes with an interest rate fixation period of over one year (new business),4.52,pct_anual,2025-06,"BCE, ECB Data Portal, dataset MIR",https://data.ecb.europa.eu/data/datasets/MIR/MIR.MIR.M.IT.B.A2D.K.R.A.2250.EUR.N,2026-09-16,Total,Over 1 year initial rate fixation,n/a,nivel,media_ponderada_volumen,serie MIR.M.IT.B.A2D.K.R.A.2250.EUR.N
Italia,credito_consumo_hogares_referencia,tipo | Bank interest rates - loans to households for other purposes with an interest rate fixation period of over one year (new business),4.5,pct_anual,2025-07,"BCE, ECB Data Portal, dataset MIR",https://data.ecb.europa.eu/data/datasets/MIR/MIR.MIR.M.IT.B.A2D.K.R.A.2250.EUR.N,2026-09-16,Total,Over 1 year initial rate fixation,n/a,nivel,media_ponderada_volumen,serie MIR.M.IT.B.A2D.K.R.A.2250.EUR.N
Italia,credito_consumo_hogares_referencia,tipo | Bank interest rates - loans to households for other purposes with an interest rate fixation period of over one year (new business),4.59,pct_anual,2025-08,"BCE, ECB Data Portal, dataset MIR",https://data.ecb.europa.eu/data/datasets/MIR/MIR.MIR.M.IT.B.A2D.K.R.A.2250.EUR.N,2026-09-16,Total,Over 1 year initial rate fixation,n/a,nivel,media_ponderada_volumen,serie MIR.M.IT.B.A2D.K.R.A.2250.EUR.N
Italia,credito_consumo_hogares_referencia,tipo | Bank interest rates - loans to households for other purposes with an interest rate fixation period of over one year (new business),4.56,pct_anual,2025-09,"BCE, ECB Data Portal, dataset MIR",https://data.ecb.europa.eu/data/datasets/MIR/MIR.MIR.M.IT.B.A2D.K.R.A.2250.EUR.N,2026-09-16,Total,Over 1 year initial rate fixation,n/a,nivel,media_ponderada_volumen,serie MIR.M.IT.B.A2D.K.R.A.2250.EUR.N
Italia,credito_consumo_hogares_referencia,tipo | Bank interest rates - loans to households for other purposes with an interest rate fixation period of over one year (new business),4.62,pct_anual,2025-10,"BCE, ECB Data Portal, dataset MIR",https://data.ecb.europa.eu/data/datasets/MIR/MIR.MIR.M.IT.B.A2D.K.R.A.2250.EUR.N,2026-09-16,Total,Over 1 year initial rate fixation,n/a,nivel,media_ponderada_volumen,serie MIR.M.IT.B.A2D.K.R.A.2250.EUR.N
Italia,credito_consumo_hogares_referencia,tipo | Bank interest rates - loans to households for other purposes with an interest rate fixation period of over one year (new business),4.48,pct_anual,2025-11,"BCE, ECB Data Portal, dataset MIR",https://data.ecb.europa.eu/data/datasets/MIR/MIR.MIR.M.IT.B.A2D.K.R.A.2250.EUR.N,2026-09-16,Total,Over 1 year initial rate fixation,n/a,nivel,media_ponderada_volumen,serie MIR.M.IT.B.A2D.K.R.A.2250.EUR.N
Italia,credito_consumo_hogares_referencia,tipo | Bank interest rates - loans to households for other purposes with an interest rate fixation period of over one year (new business),4.42,pct_anual,2025-12,"BCE, ECB Data Portal, dataset MIR",https://data.ecb.europa.eu/data/datasets/MIR/MIR.MIR.M.IT.B.A2D.K.R.A.2250.EUR.N,2026-09-16,Total,Over 1 year initial rate fixation,n/a,nivel,media_ponderada_volumen,serie MIR.M.IT.B.A2D.K.R.A.2250.EUR.N
Italia,credito_consumo_hogares_referencia,tipo | Bank interest rates - loans to households for other purposes with an interest rate fixation period of over one year (new business),4.66,pct_anual,2026-01,"BCE, ECB Data Portal, dataset MIR",https://data.ecb.europa.eu/data/datasets/MIR/MIR.MIR.M.IT.B.A2D.K.R.A.2250.EUR.N,2026-09-16,Total,Over 1 year initial rate fixation,n/a,nivel,media_ponderada_volumen,serie MIR.M.IT.B.A2D.K.R.A.2250.EUR.N
Italia,credito_consumo_hogares_referencia,tipo | Bank interest rates - loans to households for other purposes with an interest rate fixation period of over one year (new business),4.57,pct_anual,2026-02,"BCE, ECB Data Portal, dataset MIR",https://data.ecb.europa.eu/data/datasets/MIR/MIR.MIR.M.IT.B.A2D.K.R.A.2250.EUR.N,2026-09-16,Total,Over 1 year initial rate fixation,n/a,nivel,media_ponderada_volumen,serie MIR.M.IT.B.A2D.K.R.A.2250.EUR.N
Italia,credito_consumo_hogares_referencia,tipo | Bank interest rates - loans to households for other purposes with an interest rate fixation period of over one year (new business),4.67,pct_anual,2026-03,"BCE, ECB Data Portal, dataset MIR",https://data.ecb.europa.eu/data/datasets/MIR/MIR.MIR.M.IT.B.A2D.K.R.A.2250.EUR.N,2026-09-16,Total,Over 1 year initial rate fixation,n/a,nivel,media_ponderada_volumen,serie MIR.M.IT.B.A2D.K.R.A.2250.EUR.N
Italia,credito_consumo_hogares_referencia,tipo | Bank interest rates - loans to households for other purposes with an interest rate fixation period of over one year (new business),4.85,pct_anual,2026-04,"BCE, ECB Data Portal, dataset MIR",https://data.ecb.europa.eu/data/datasets/MIR/MIR.MIR.M.IT.B.A2D.K.R.A.2250.EUR.N,2026-09-16,Total,Over 1 year initial rate fixation,n/a,nivel,media_ponderada_volumen,serie MIR.M.IT.B.A2D.K.R.A.2250.EUR.N
Italia,credito_consumo_hogares_referencia,tipo | Bank interest rates - loans to households for other purposes with an interest rate fixation period of over one year (new business),4.96,pct_anual,2026-05,"BCE, ECB Data Portal, dataset MIR",https://data.ecb.europa.eu/data/datasets/MIR/MIR.MIR.M.IT.B.A2D.K.R.A.2250.EUR.N,2026-09-16,Total,Over 1 year initial rate fixation,n/a,nivel,media_ponderada_volumen,serie MIR.M.IT.B.A2D.K.R.A.2250.EUR.N
Italia,credito_consumo_hogares_referencia,tipo | Bank interest rates - loans to households for other purposes with an interest rate fixation period of over one year (new business),4.99,pct_anual,2026-06,"BCE, ECB Data Portal, dataset MIR",https://data.ecb.europa.eu/data/datasets/MIR/MIR.MIR.M.IT.B.A2D.K.R.A.2250.EUR.N,2026-09-16,Total,Over 1 year initial rate fixation,n/a,nivel,media_ponderada_volumen,serie MIR.M.IT.B.A2D.K.R.A.2250.EUR.N
Italia,credito_consumo_hogares_referencia,tipo | Bank interest rates - loans to households for other purposes with an interest rate fixation period of over one year (new business),4.89,pct_anual,2026-07,"BCE, ECB Data Portal, dataset MIR",https://data.ecb.europa.eu/data/datasets/MIR/MIR.MIR.M.IT.B.A2D.K.R.A.2250.EUR.N,2026-09-16,Total,Over 1 year initial rate fixation,n/a,nivel,media_ponderada_volumen,serie MIR.M.IT.B.A2D.K.R.A.2250.EUR.N
Italia,credito_consumo_hogares_referencia,volumen | Bank business volumes - loans to households for other purposes (new business),3669,eur_millones,2025-01,"BCE, ECB Data Portal, dataset MIR",https://data.ecb.europa.eu/data/datasets/MIR/MIR.MIR.M.IT.B.A2D.A.B.A.2250.EUR.N,2026-09-16,Total,Total initial rate fixation,n/a,volumen,dato_unico,serie MIR.M.IT.B.A2D.A.B.A.2250.EUR.N
Italia,credito_consumo_hogares_referencia,volumen | Bank business volumes - loans to households for other purposes (new business),2666,eur_millones,2025-02,"BCE, ECB Data Portal, dataset MIR",https://data.ecb.europa.eu/data/datasets/MIR/MIR.MIR.M.IT.B.A2D.A.B.A.2250.EUR.N,2026-09-16,Total,Total initial rate fixation,n/a,volumen,dato_unico,serie MIR.M.IT.B.A2D.A.B.A.2250.EUR.N
Italia,credito_consumo_hogares_referencia,volumen | Bank business volumes - loans to households for other purposes (new business),3220,eur_millones,2025-03,"BCE, ECB Data Portal, dataset MIR",https://data.ecb.europa.eu/data/datasets/MIR/MIR.MIR.M.IT.B.A2D.A.B.A.2250.EUR.N,2026-09-16,Total,Total initial rate fixation,n/a,volumen,dato_unico,serie MIR.M.IT.B.A2D.A.B.A.2250.EUR.N
Italia,credito_consumo_hogares_referencia,volumen | Bank business volumes - loans to households for other purposes (new business),2930,eur_millones,2025-04,"BCE, ECB Data Portal, dataset MIR",https://data.ecb.europa.eu/data/datasets/MIR/MIR.MIR.M.IT.B.A2D.A.B.A.2250.EUR.N,2026-09-16,Total,Total initial rate fixation,n/a,volumen,dato_unico,serie MIR.M.IT.B.A2D.A.B.A.2250.EUR.N
Italia,credito_consumo_hogares_referencia,volumen | Bank business volumes - loans to households for other purposes (new business),2727,eur_millones,2025-05,"BCE, ECB Data Portal, dataset MIR",https://data.ecb.europa.eu/data/datasets/MIR/MIR.MIR.M.IT.B.A2D.A.B.A.2250.EUR.N,2026-09-16,Total,Total initial rate fixation,n/a,volumen,dato_unico,serie MIR.M.IT.B.A2D.A.B.A.2250.EUR.N
Italia,credito_consumo_hogares_referencia,volumen | Bank business volumes - loans to households for other purposes (new business),2945,eur_millones,2025-06,"BCE, ECB Data Portal, dataset MIR",https://data.ecb.europa.eu/data/datasets/MIR/MIR.MIR.M.IT.B.A2D.A.B.A.2250.EUR.N,2026-09-16,Total,Total initial rate fixation,n/a,volumen,dato_unico,serie MIR.M.IT.B.A2D.A.B.A.2250.EUR.N
Italia,credito_consumo_hogares_referencia,volumen | Bank business volumes - loans to households for other purposes (new business),3077,eur_millones,2025-07,"BCE, ECB Data Portal, dataset MIR",https://data.ecb.europa.eu/data/datasets/MIR/MIR.MIR.M.IT.B.A2D.A.B.A.2250.EUR.N,2026-09-16,Total,Total initial rate fixation,n/a,volumen,dato_unico,serie MIR.M.IT.B.A2D.A.B.A.2250.EUR.N
Italia,credito_consumo_hogares_referencia,volumen | Bank business volumes - loans to households for other purposes (new business),1955,eur_millones,2025-08,"BCE, ECB Data Portal, dataset MIR",https://data.ecb.europa.eu/data/datasets/MIR/MIR.MIR.M.IT.B.A2D.A.B.A.2250.EUR.N,2026-09-16,Total,Total initial rate fixation,n/a,volumen,dato_unico,serie MIR.M.IT.B.A2D.A.B.A.2250.EUR.N
Italia,credito_consumo_hogares_referencia,volumen | Bank business volumes - loans to households for other purposes (new business),2771,eur_millones,2025-09,"BCE, ECB Data Portal, dataset MIR",https://data.ecb.europa.eu/data/datasets/MIR/MIR.MIR.M.IT.B.A2D.A.B.A.2250.EUR.N,2026-09-16,Total,Total initial rate fixation,n/a,volumen,dato_unico,serie MIR.M.IT.B.A2D.A.B.A.2250.EUR.N
Italia,credito_consumo_hogares_referencia,volumen | Bank business volumes - loans to households for other purposes (new business),3099,eur_millones,2025-10,"BCE, ECB Data Portal, dataset MIR",https://data.ecb.europa.eu/data/datasets/MIR/MIR.MIR.M.IT.B.A2D.A.B.A.2250.EUR.N,2026-09-16,Total,Total initial rate fixation,n/a,volumen,dato_unico,serie MIR.M.IT.B.A2D.A.B.A.2250.EUR.N
Italia,credito_consumo_hogares_referencia,volumen | Bank business volumes - loans to households for other purposes (new business),2910,eur_millones,2025-11,"BCE, ECB Data Portal, dataset MIR",https://data.ecb.europa.eu/data/datasets/MIR/MIR.MIR.M.IT.B.A2D.A.B.A.2250.EUR.N,2026-09-16,Total,Total initial rate fixation,n/a,volumen,dato_unico,serie MIR.M.IT.B.A2D.A.B.A.2250.EUR.N
Italia,credito_consumo_hogares_referencia,volumen | Bank business volumes - loans to households for other purposes (new business),3123,eur_millones,2025-12,"BCE, ECB Data Portal, dataset MIR",https://data.ecb.europa.eu/data/datasets/MIR/MIR.MIR.M.IT.B.A2D.A.B.A.2250.EUR.N,2026-09-16,Total,Total initial rate fixation,n/a,volumen,dato_unico,serie MIR.M.IT.B.A2D.A.B.A.2250.EUR.N
Italia,credito_consumo_hogares_referencia,volumen | Bank business volumes - loans to households for other purposes (new business),3267,eur_millones,2026-01,"BCE, ECB Data Portal, dataset MIR",https://data.ecb.europa.eu/data/datasets/MIR/MIR.MIR.M.IT.B.A2D.A.B.A.2250.EUR.N,2026-09-16,Total,Total initial rate fixation,n/a,volumen,dato_unico,serie MIR.M.IT.B.A2D.A.B.A.2250.EUR.N
Italia,credito_consumo_hogares_referencia,volumen | Bank business volumes - loans to households for other purposes (new business),2694,eur_millones,2026-02,"BCE, ECB Data Portal, dataset MIR",https://data.ecb.europa.eu/data/datasets/MIR/MIR.MIR.M.IT.B.A2D.A.B.A.2250.EUR.N,2026-09-16,Total,Total initial rate fixation,n/a,volumen,dato_unico,serie MIR.M.IT.B.A2D.A.B.A.2250.EUR.N
Italia,credito_consumo_hogares_referencia,volumen | Bank business volumes - loans to households for other purposes (new business),3319,eur_millones,2026-03,"BCE, ECB Data Portal, dataset MIR",https://data.ecb.europa.eu/data/datasets/MIR/MIR.MIR.M.IT.B.A2D.A.B.A.2250.EUR.N,2026-09-16,Total,Total initial rate fixation,n/a,volumen,dato_unico,serie MIR.M.IT.B.A2D.A.B.A.2250.EUR.N
Italia,credito_consumo_hogares_referencia,volumen | Bank business volumes - loans to households for other purposes (new business),2614,eur_millones,2026-04,"BCE, ECB Data Portal, dataset MIR",https://data.ecb.europa.eu/data/datasets/MIR/MIR.MIR.M.IT.B.A2D.A.B.A.2250.EUR.N,2026-09-16,Total,Total initial rate fixation,n/a,volumen,dato_unico,serie MIR.M.IT.B.A2D.A.B.A.2250.EUR.N
Italia,credito_consumo_hogares_referencia,volumen | Bank business volumes - loans to households for other purposes (new business),2641,eur_millones,2026-05,"BCE, ECB Data Portal, dataset MIR",https://data.ecb.europa.eu/data/datasets/MIR/MIR.MIR.M.IT.B.A2D.A.B.A.2250.EUR.N,2026-09-16,Total,Total initial rate fixation,n/a,volumen,dato_unico,serie MIR.M.IT.B.A2D.A.B.A.2250.EUR.N
Italia,credito_consumo_hogares_referencia,volumen | Bank business volumes - loans to households for other purposes (new business),2989,eur_millones,2026-06,"BCE, ECB Data Portal, dataset MIR",https://data.ecb.europa.eu/data/datasets/MIR/MIR.MIR.M.IT.B.A2D.A.B.A.2250.EUR.N,2026-09-16,Total,Total initial rate fixation,n/a,volumen,dato_unico,serie MIR.M.IT.B.A2D.A.B.A.2250.EUR.N
Italia,credito_consumo_hogares_referencia,volumen | Bank business volumes - loans to households for other purposes (new business),2779,eur_millones,2026-07,"BCE, ECB Data Portal, dataset MIR",https://data.ecb.europa.eu/data/datasets/MIR/MIR.MIR.M.IT.B.A2D.A.B.A.2250.EUR.N,2026-09-16,Total,Total initial rate fixation,n/a,volumen,dato_unico,serie MIR.M.IT.B.A2D.A.B.A.2250.EUR.N
Portugal,credito_consumo_hogares_referencia,tipo | Bank interest rates - loans to households for other purposes (new business),3.95,pct_anual,2025-01,"BCE, ECB Data Portal, dataset MIR",https://data.ecb.europa.eu/data/datasets/MIR/MIR.MIR.M.PT.B.A2D.A.R.A.2250.EUR.N,2026-09-16,Total,Total initial rate fixation,n/a,nivel,media_ponderada_volumen,serie MIR.M.PT.B.A2D.A.R.A.2250.EUR.N
Portugal,credito_consumo_hogares_referencia,tipo | Bank interest rates - loans to households for other purposes (new business),3.94,pct_anual,2025-02,"BCE, ECB Data Portal, dataset MIR",https://data.ecb.europa.eu/data/datasets/MIR/MIR.MIR.M.PT.B.A2D.A.R.A.2250.EUR.N,2026-09-16,Total,Total initial rate fixation,n/a,nivel,media_ponderada_volumen,serie MIR.M.PT.B.A2D.A.R.A.2250.EUR.N
Portugal,credito_consumo_hogares_referencia,tipo | Bank interest rates - loans to households for other purposes (new business),3.88,pct_anual,2025-03,"BCE, ECB Data Portal, dataset MIR",https://data.ecb.europa.eu/data/datasets/MIR/MIR.MIR.M.PT.B.A2D.A.R.A.2250.EUR.N,2026-09-16,Total,Total initial rate fixation,n/a,nivel,media_ponderada_volumen,serie MIR.M.PT.B.A2D.A.R.A.2250.EUR.N
Portugal,credito_consumo_hogares_referencia,tipo | Bank interest rates - loans to households for other purposes (new business),3.78,pct_anual,2025-04,"BCE, ECB Data Portal, dataset MIR",https://data.ecb.europa.eu/data/datasets/MIR/MIR.MIR.M.PT.B.A2D.A.R.A.2250.EUR.N,2026-09-16,Total,Total initial rate fixation,n/a,nivel,media_ponderada_volumen,serie MIR.M.PT.B.A2D.A.R.A.2250.EUR.N
Portugal,credito_consumo_hogares_referencia,tipo | Bank interest rates - loans to households for other purposes (new business),3.73,pct_anual,2025-05,"BCE, ECB Data Portal, dataset MIR",https://data.ecb.europa.eu/data/datasets/MIR/MIR.MIR.M.PT.B.A2D.A.R.A.2250.EUR.N,2026-09-16,Total,Total initial rate fixation,n/a,nivel,media_ponderada_volumen,serie MIR.M.PT.B.A2D.A.R.A.2250.EUR.N
Portugal,credito_consumo_hogares_referencia,tipo | Bank interest rates - loans to households for other purposes (new business),3.56,pct_anual,2025-06,"BCE, ECB Data Portal, dataset MIR",https://data.ecb.europa.eu/data/datasets/MIR/MIR.MIR.M.PT.B.A2D.A.R.A.2250.EUR.N,2026-09-16,Total,Total initial rate fixation,n/a,nivel,media_ponderada_volumen,serie MIR.M.PT.B.A2D.A.R.A.2250.EUR.N
Portugal,credito_consumo_hogares_referencia,tipo | Bank interest rates - loans to households for other purposes (new business),3.53,pct_anual,2025-07,"BCE, ECB Data Portal, dataset MIR",https://data.ecb.europa.eu/data/datasets/MIR/MIR.MIR.M.PT.B.A2D.A.R.A.2250.EUR.N,2026-09-16,Total,Total initial rate fixation,n/a,nivel,media_ponderada_volumen,serie MIR.M.PT.B.A2D.A.R.A.2250.EUR.N
Portugal,credito_consumo_hogares_referencia,tipo | Bank interest rates - loans to households for other purposes (new business),3.55,pct_anual,2025-08,"BCE, ECB Data Portal, dataset MIR",https://data.ecb.europa.eu/data/datasets/MIR/MIR.MIR.M.PT.B.A2D.A.R.A.2250.EUR.N,2026-09-16,Total,Total initial rate fixation,n/a,nivel,media_ponderada_volumen,serie MIR.M.PT.B.A2D.A.R.A.2250.EUR.N
Portugal,credito_consumo_hogares_referencia,tipo | Bank interest rates - loans to households for other purposes (new business),3.54,pct_anual,2025-09,"BCE, ECB Data Portal, dataset MIR",https://data.ecb.europa.eu/data/datasets/MIR/MIR.MIR.M.PT.B.A2D.A.R.A.2250.EUR.N,2026-09-16,Total,Total initial rate fixation,n/a,nivel,media_ponderada_volumen,serie MIR.M.PT.B.A2D.A.R.A.2250.EUR.N
Portugal,credito_consumo_hogares_referencia,tipo | Bank interest rates - loans to households for other purposes (new business),3.5,pct_anual,2025-10,"BCE, ECB Data Portal, dataset MIR",https://data.ecb.europa.eu/data/datasets/MIR/MIR.MIR.M.PT.B.A2D.A.R.A.2250.EUR.N,2026-09-16,Total,Total initial rate fixation,n/a,nivel,media_ponderada_volumen,serie MIR.M.PT.B.A2D.A.R.A.2250.EUR.N
Portugal,credito_consumo_hogares_referencia,tipo | Bank interest rates - loans to households for other purposes (new business),3.42,pct_anual,2025-11,"BCE, ECB Data Portal, dataset MIR",https://data.ecb.europa.eu/data/datasets/MIR/MIR.MIR.M.PT.B.A2D.A.R.A.2250.EUR.N,2026-09-16,Total,Total initial rate fixation,n/a,nivel,media_ponderada_volumen,serie MIR.M.PT.B.A2D.A.R.A.2250.EUR.N
Portugal,credito_consumo_hogares_referencia,tipo | Bank interest rates - loans to households for other purposes (new business),3.43,pct_anual,2025-12,"BCE, ECB Data Portal, dataset MIR",https://data.ecb.europa.eu/data/datasets/MIR/MIR.MIR.M.PT.B.A2D.A.R.A.2250.EUR.N,2026-09-16,Total,Total initial rate fixation,n/a,nivel,media_ponderada_volumen,serie MIR.M.PT.B.A2D.A.R.A.2250.EUR.N
Portugal,credito_consumo_hogares_referencia,tipo | Bank interest rates - loans to households for other purposes (new business),3.55,pct_anual,2026-01,"BCE, ECB Data Portal, dataset MIR",https://data.ecb.europa.eu/data/datasets/MIR/MIR.MIR.M.PT.B.A2D.A.R.A.2250.EUR.N,2026-09-16,Total,Total initial rate fixation,n/a,nivel,media_ponderada_volumen,serie MIR.M.PT.B.A2D.A.R.A.2250.EUR.N
Portugal,credito_consumo_hogares_referencia,tipo | Bank interest rates - loans to households for other purposes (new business),3.43,pct_anual,2026-02,"BCE, ECB Data Portal, dataset MIR",https://data.ecb.europa.eu/data/datasets/MIR/MIR.MIR.M.PT.B.A2D.A.R.A.2250.EUR.N,2026-09-16,Total,Total initial rate fixation,n/a,nivel,media_ponderada_volumen,serie MIR.M.PT.B.A2D.A.R.A.2250.EUR.N
Portugal,credito_consumo_hogares_referencia,tipo | Bank interest rates - loans to households for other purposes (new business),3.4,pct_anual,2026-03,"BCE, ECB Data Portal, dataset MIR",https://data.ecb.europa.eu/data/datasets/MIR/MIR.MIR.M.PT.B.A2D.A.R.A.2250.EUR.N,2026-09-16,Total,Total initial rate fixation,n/a,nivel,media_ponderada_volumen,serie MIR.M.PT.B.A2D.A.R.A.2250.EUR.N
Portugal,credito_consumo_hogares_referencia,tipo | Bank interest rates - loans to households for other purposes (new business),3.56,pct_anual,2026-04,"BCE, ECB Data Portal, dataset MIR",https://data.ecb.europa.eu/data/datasets/MIR/MIR.MIR.M.PT.B.A2D.A.R.A.2250.EUR.N,2026-09-16,Total,Total initial rate fixation,n/a,nivel,media_ponderada_volumen,serie MIR.M.PT.B.A2D.A.R.A.2250.EUR.N
Portugal,credito_consumo_hogares_referencia,tipo | Bank interest rates - loans to households for other purposes (new business),3.64,pct_anual,2026-05,"BCE, ECB Data Portal, dataset MIR",https://data.ecb.europa.eu/data/datasets/MIR/MIR.MIR.M.PT.B.A2D.A.R.A.2250.EUR.N,2026-09-16,Total,Total initial rate fixation,n/a,nivel,media_ponderada_volumen,serie MIR.M.PT.B.A2D.A.R.A.2250.EUR.N
Portugal,credito_consumo_hogares_referencia,tipo | Bank interest rates - loans to households for other purposes (new business),3.69,pct_anual,2026-06,"BCE, ECB Data Portal, dataset MIR",https://data.ecb.europa.eu/data/datasets/MIR/MIR.MIR.M.PT.B.A2D.A.R.A.2250.EUR.N,2026-09-16,Total,Total initial rate fixation,n/a,nivel,media_ponderada_volumen,serie MIR.M.PT.B.A2D.A.R.A.2250.EUR.N
Portugal,credito_consumo_hogares_referencia,tipo | Bank interest rates - loans to households for other purposes (new business),3.76,pct_anual,2026-07,"BCE, ECB Data Portal, dataset MIR",https://data.ecb.europa.eu/data/datasets/MIR/MIR.MIR.M.PT.B.A2D.A.R.A.2250.EUR.N,2026-09-16,Total,Total initial rate fixation,n/a,nivel,media_ponderada_volumen,serie MIR.M.PT.B.A2D.A.R.A.2250.EUR.N
Portugal,credito_consumo_hogares_referencia,tipo | Bank interest rates - loans to households for other purposes with a variable rate and an interest rate fixation period of up to one year (new business),4.14,pct_anual,2025-01,"BCE, ECB Data Portal, dataset MIR",https://data.ecb.europa.eu/data/datasets/MIR/MIR.MIR.M.PT.B.A2D.F.R.A.2250.EUR.N,2026-09-16,Total,Up to 1 year initial rate fixation,n/a,nivel,media_ponderada_volumen,serie MIR.M.PT.B.A2D.F.R.A.2250.EUR.N
Portugal,credito_consumo_hogares_referencia,tipo | Bank interest rates - loans to households for other purposes with a variable rate and an interest rate fixation period of up to one year (new business),4.2,pct_anual,2025-02,"BCE, ECB Data Portal, dataset MIR",https://data.ecb.europa.eu/data/datasets/MIR/MIR.MIR.M.PT.B.A2D.F.R.A.2250.EUR.N,2026-09-16,Total,Up to 1 year initial rate fixation,n/a,nivel,media_ponderada_volumen,serie MIR.M.PT.B.A2D.F.R.A.2250.EUR.N
Portugal,credito_consumo_hogares_referencia,tipo | Bank interest rates - loans to households for other purposes with a variable rate and an interest rate fixation period of up to one year (new business),3.98,pct_anual,2025-03,"BCE, ECB Data Portal, dataset MIR",https://data.ecb.europa.eu/data/datasets/MIR/MIR.MIR.M.PT.B.A2D.F.R.A.2250.EUR.N,2026-09-16,Total,Up to 1 year initial rate fixation,n/a,nivel,media_ponderada_volumen,serie MIR.M.PT.B.A2D.F.R.A.2250.EUR.N
Portugal,credito_consumo_hogares_referencia,tipo | Bank interest rates - loans to households for other purposes with a variable rate and an interest rate fixation period of up to one year (new business),3.93,pct_anual,2025-04,"BCE, ECB Data Portal, dataset MIR",https://data.ecb.europa.eu/data/datasets/MIR/MIR.MIR.M.PT.B.A2D.F.R.A.2250.EUR.N,2026-09-16,Total,Up to 1 year initial rate fixation,n/a,nivel,media_ponderada_volumen,serie MIR.M.PT.B.A2D.F.R.A.2250.EUR.N
Portugal,credito_consumo_hogares_referencia,tipo | Bank interest rates - loans to households for other purposes with a variable rate and an interest rate fixation period of up to one year (new business),3.79,pct_anual,2025-05,"BCE, ECB Data Portal, dataset MIR",https://data.ecb.europa.eu/data/datasets/MIR/MIR.MIR.M.PT.B.A2D.F.R.A.2250.EUR.N,2026-09-16,Total,Up to 1 year initial rate fixation,n/a,nivel,media_ponderada_volumen,serie MIR.M.PT.B.A2D.F.R.A.2250.EUR.N
Portugal,credito_consumo_hogares_referencia,tipo | Bank interest rates - loans to households for other purposes with a variable rate and an interest rate fixation period of up to one year (new business),3.49,pct_anual,2025-06,"BCE, ECB Data Portal, dataset MIR",https://data.ecb.europa.eu/data/datasets/MIR/MIR.MIR.M.PT.B.A2D.F.R.A.2250.EUR.N,2026-09-16,Total,Up to 1 year initial rate fixation,n/a,nivel,media_ponderada_volumen,serie MIR.M.PT.B.A2D.F.R.A.2250.EUR.N
Portugal,credito_consumo_hogares_referencia,tipo | Bank interest rates - loans to households for other purposes with a variable rate and an interest rate fixation period of up to one year (new business),3.42,pct_anual,2025-07,"BCE, ECB Data Portal, dataset MIR",https://data.ecb.europa.eu/data/datasets/MIR/MIR.MIR.M.PT.B.A2D.F.R.A.2250.EUR.N,2026-09-16,Total,Up to 1 year initial rate fixation,n/a,nivel,media_ponderada_volumen,serie MIR.M.PT.B.A2D.F.R.A.2250.EUR.N
Portugal,credito_consumo_hogares_referencia,tipo | Bank interest rates - loans to households for other purposes with a variable rate and an interest rate fixation period of up to one year (new business),3.44,pct_anual,2025-08,"BCE, ECB Data Portal, dataset MIR",https://data.ecb.europa.eu/data/datasets/MIR/MIR.MIR.M.PT.B.A2D.F.R.A.2250.EUR.N,2026-09-16,Total,Up to 1 year initial rate fixation,n/a,nivel,media_ponderada_volumen,serie MIR.M.PT.B.A2D.F.R.A.2250.EUR.N
Portugal,credito_consumo_hogares_referencia,tipo | Bank interest rates - loans to households for other purposes with a variable rate and an interest rate fixation period of up to one year (new business),3.41,pct_anual,2025-09,"BCE, ECB Data Portal, dataset MIR",https://data.ecb.europa.eu/data/datasets/MIR/MIR.MIR.M.PT.B.A2D.F.R.A.2250.EUR.N,2026-09-16,Total,Up to 1 year initial rate fixation,n/a,nivel,media_ponderada_volumen,serie MIR.M.PT.B.A2D.F.R.A.2250.EUR.N
Portugal,credito_consumo_hogares_referencia,tipo | Bank interest rates - loans to households for other purposes with a variable rate and an interest rate fixation period of up to one year (new business),3.39,pct_anual,2025-10,"BCE, ECB Data Portal, dataset MIR",https://data.ecb.europa.eu/data/datasets/MIR/MIR.MIR.M.PT.B.A2D.F.R.A.2250.EUR.N,2026-09-16,Total,Up to 1 year initial rate fixation,n/a,nivel,media_ponderada_volumen,serie MIR.M.PT.B.A2D.F.R.A.2250.EUR.N
Portugal,credito_consumo_hogares_referencia,tipo | Bank interest rates - loans to households for other purposes with a variable rate and an interest rate fixation period of up to one year (new business),3.39,pct_anual,2025-11,"BCE, ECB Data Portal, dataset MIR",https://data.ecb.europa.eu/data/datasets/MIR/MIR.MIR.M.PT.B.A2D.F.R.A.2250.EUR.N,2026-09-16,Total,Up to 1 year initial rate fixation,n/a,nivel,media_ponderada_volumen,serie MIR.M.PT.B.A2D.F.R.A.2250.EUR.N
Portugal,credito_consumo_hogares_referencia,tipo | Bank interest rates - loans to households for other purposes with a variable rate and an interest rate fixation period of up to one year (new business),3.4,pct_anual,2025-12,"BCE, ECB Data Portal, dataset MIR",https://data.ecb.europa.eu/data/datasets/MIR/MIR.MIR.M.PT.B.A2D.F.R.A.2250.EUR.N,2026-09-16,Total,Up to 1 year initial rate fixation,n/a,nivel,media_ponderada_volumen,serie MIR.M.PT.B.A2D.F.R.A.2250.EUR.N
Portugal,credito_consumo_hogares_referencia,tipo | Bank interest rates - loans to households for other purposes with a variable rate and an interest rate fixation period of up to one year (new business),3.64,pct_anual,2026-01,"BCE, ECB Data Portal, dataset MIR",https://data.ecb.europa.eu/data/datasets/MIR/MIR.MIR.M.PT.B.A2D.F.R.A.2250.EUR.N,2026-09-16,Total,Up to 1 year initial rate fixation,n/a,nivel,media_ponderada_volumen,serie MIR.M.PT.B.A2D.F.R.A.2250.EUR.N
Portugal,credito_consumo_hogares_referencia,tipo | Bank interest rates - loans to households for other purposes with a variable rate and an interest rate fixation period of up to one year (new business),3.46,pct_anual,2026-02,"BCE, ECB Data Portal, dataset MIR",https://data.ecb.europa.eu/data/datasets/MIR/MIR.MIR.M.PT.B.A2D.F.R.A.2250.EUR.N,2026-09-16,Total,Up to 1 year initial rate fixation,n/a,nivel,media_ponderada_volumen,serie MIR.M.PT.B.A2D.F.R.A.2250.EUR.N
Portugal,credito_consumo_hogares_referencia,tipo | Bank interest rates - loans to households for other purposes with a variable rate and an interest rate fixation period of up to one year (new business),3.43,pct_anual,2026-03,"BCE, ECB Data Portal, dataset MIR",https://data.ecb.europa.eu/data/datasets/MIR/MIR.MIR.M.PT.B.A2D.F.R.A.2250.EUR.N,2026-09-16,Total,Up to 1 year initial rate fixation,n/a,nivel,media_ponderada_volumen,serie MIR.M.PT.B.A2D.F.R.A.2250.EUR.N
Portugal,credito_consumo_hogares_referencia,tipo | Bank interest rates - loans to households for other purposes with a variable rate and an interest rate fixation period of up to one year (new business),3.68,pct_anual,2026-04,"BCE, ECB Data Portal, dataset MIR",https://data.ecb.europa.eu/data/datasets/MIR/MIR.MIR.M.PT.B.A2D.F.R.A.2250.EUR.N,2026-09-16,Total,Up to 1 year initial rate fixation,n/a,nivel,media_ponderada_volumen,serie MIR.M.PT.B.A2D.F.R.A.2250.EUR.N
Portugal,credito_consumo_hogares_referencia,tipo | Bank interest rates - loans to households for other purposes with a variable rate and an interest rate fixation period of up to one year (new business),3.85,pct_anual,2026-05,"BCE, ECB Data Portal, dataset MIR",https://data.ecb.europa.eu/data/datasets/MIR/MIR.MIR.M.PT.B.A2D.F.R.A.2250.EUR.N,2026-09-16,Total,Up to 1 year initial rate fixation,n/a,nivel,media_ponderada_volumen,serie MIR.M.PT.B.A2D.F.R.A.2250.EUR.N
Portugal,credito_consumo_hogares_referencia,tipo | Bank interest rates - loans to households for other purposes with a variable rate and an interest rate fixation period of up to one year (new business),3.93,pct_anual,2026-06,"BCE, ECB Data Portal, dataset MIR",https://data.ecb.europa.eu/data/datasets/MIR/MIR.MIR.M.PT.B.A2D.F.R.A.2250.EUR.N,2026-09-16,Total,Up to 1 year initial rate fixation,n/a,nivel,media_ponderada_volumen,serie MIR.M.PT.B.A2D.F.R.A.2250.EUR.N
Portugal,credito_consumo_hogares_referencia,tipo | Bank interest rates - loans to households for other purposes with a variable rate and an interest rate fixation period of up to one year (new business),3.99,pct_anual,2026-07,"BCE, ECB Data Portal, dataset MIR",https://data.ecb.europa.eu/data/datasets/MIR/MIR.MIR.M.PT.B.A2D.F.R.A.2250.EUR.N,2026-09-16,Total,Up to 1 year initial rate fixation,n/a,nivel,media_ponderada_volumen,serie MIR.M.PT.B.A2D.F.R.A.2250.EUR.N
Portugal,credito_consumo_hogares_referencia,tipo | Bank interest rates - loans to households for other purposes with an interest rate fixation period of over one & up to five years (new business),3.19,pct_anual,2025-01,"BCE, ECB Data Portal, dataset MIR",https://data.ecb.europa.eu/data/datasets/MIR/MIR.MIR.M.PT.B.A2D.I.R.A.2250.EUR.N,2026-09-16,Total,Over 1 and up to 5 years initial rate fixation,n/a,nivel,media_ponderada_volumen,serie MIR.M.PT.B.A2D.I.R.A.2250.EUR.N
Portugal,credito_consumo_hogares_referencia,tipo | Bank interest rates - loans to households for other purposes with an interest rate fixation period of over one & up to five years (new business),3.16,pct_anual,2025-02,"BCE, ECB Data Portal, dataset MIR",https://data.ecb.europa.eu/data/datasets/MIR/MIR.MIR.M.PT.B.A2D.I.R.A.2250.EUR.N,2026-09-16,Total,Over 1 and up to 5 years initial rate fixation,n/a,nivel,media_ponderada_volumen,serie MIR.M.PT.B.A2D.I.R.A.2250.EUR.N
Portugal,credito_consumo_hogares_referencia,tipo | Bank interest rates - loans to households for other purposes with an interest rate fixation period of over one & up to five years (new business),3.2,pct_anual,2025-03,"BCE, ECB Data Portal, dataset MIR",https://data.ecb.europa.eu/data/datasets/MIR/MIR.MIR.M.PT.B.A2D.I.R.A.2250.EUR.N,2026-09-16,Total,Over 1 and up to 5 years initial rate fixation,n/a,nivel,media_ponderada_volumen,serie MIR.M.PT.B.A2D.I.R.A.2250.EUR.N
Portugal,credito_consumo_hogares_referencia,tipo | Bank interest rates - loans to households for other purposes with an interest rate fixation period of over one & up to five years (new business),3.12,pct_anual,2025-04,"BCE, ECB Data Portal, dataset MIR",https://data.ecb.europa.eu/data/datasets/MIR/MIR.MIR.M.PT.B.A2D.I.R.A.2250.EUR.N,2026-09-16,Total,Over 1 and up to 5 years initial rate fixation,n/a,nivel,media_ponderada_volumen,serie MIR.M.PT.B.A2D.I.R.A.2250.EUR.N
Portugal,credito_consumo_hogares_referencia,tipo | Bank interest rates - loans to households for other purposes with an interest rate fixation period of over one & up to five years (new business),3.05,pct_anual,2025-05,"BCE, ECB Data Portal, dataset MIR",https://data.ecb.europa.eu/data/datasets/MIR/MIR.MIR.M.PT.B.A2D.I.R.A.2250.EUR.N,2026-09-16,Total,Over 1 and up to 5 years initial rate fixation,n/a,nivel,media_ponderada_volumen,serie MIR.M.PT.B.A2D.I.R.A.2250.EUR.N
Portugal,credito_consumo_hogares_referencia,tipo | Bank interest rates - loans to households for other purposes with an interest rate fixation period of over one & up to five years (new business),3.06,pct_anual,2025-06,"BCE, ECB Data Portal, dataset MIR",https://data.ecb.europa.eu/data/datasets/MIR/MIR.MIR.M.PT.B.A2D.I.R.A.2250.EUR.N,2026-09-16,Total,Over 1 and up to 5 years initial rate fixation,n/a,nivel,media_ponderada_volumen,serie MIR.M.PT.B.A2D.I.R.A.2250.EUR.N
Portugal,credito_consumo_hogares_referencia,tipo | Bank interest rates - loans to households for other purposes with an interest rate fixation period of over one & up to five years (new business),2.95,pct_anual,2025-07,"BCE, ECB Data Portal, dataset MIR",https://data.ecb.europa.eu/data/datasets/MIR/MIR.MIR.M.PT.B.A2D.I.R.A.2250.EUR.N,2026-09-16,Total,Over 1 and up to 5 years initial rate fixation,n/a,nivel,media_ponderada_volumen,serie MIR.M.PT.B.A2D.I.R.A.2250.EUR.N
Portugal,credito_consumo_hogares_referencia,tipo | Bank interest rates - loans to households for other purposes with an interest rate fixation period of over one & up to five years (new business),2.96,pct_anual,2025-08,"BCE, ECB Data Portal, dataset MIR",https://data.ecb.europa.eu/data/datasets/MIR/MIR.MIR.M.PT.B.A2D.I.R.A.2250.EUR.N,2026-09-16,Total,Over 1 and up to 5 years initial rate fixation,n/a,nivel,media_ponderada_volumen,serie MIR.M.PT.B.A2D.I.R.A.2250.EUR.N
Portugal,credito_consumo_hogares_referencia,tipo | Bank interest rates - loans to households for other purposes with an interest rate fixation period of over one & up to five years (new business),2.97,pct_anual,2025-09,"BCE, ECB Data Portal, dataset MIR",https://data.ecb.europa.eu/data/datasets/MIR/MIR.MIR.M.PT.B.A2D.I.R.A.2250.EUR.N,2026-09-16,Total,Over 1 and up to 5 years initial rate fixation,n/a,nivel,media_ponderada_volumen,serie MIR.M.PT.B.A2D.I.R.A.2250.EUR.N
Portugal,credito_consumo_hogares_referencia,tipo | Bank interest rates - loans to households for other purposes with an interest rate fixation period of over one & up to five years (new business),2.9,pct_anual,2025-10,"BCE, ECB Data Portal, dataset MIR",https://data.ecb.europa.eu/data/datasets/MIR/MIR.MIR.M.PT.B.A2D.I.R.A.2250.EUR.N,2026-09-16,Total,Over 1 and up to 5 years initial rate fixation,n/a,nivel,media_ponderada_volumen,serie MIR.M.PT.B.A2D.I.R.A.2250.EUR.N
Portugal,credito_consumo_hogares_referencia,tipo | Bank interest rates - loans to households for other purposes with an interest rate fixation period of over one & up to five years (new business),2.89,pct_anual,2025-11,"BCE, ECB Data Portal, dataset MIR",https://data.ecb.europa.eu/data/datasets/MIR/MIR.MIR.M.PT.B.A2D.I.R.A.2250.EUR.N,2026-09-16,Total,Over 1 and up to 5 years initial rate fixation,n/a,nivel,media_ponderada_volumen,serie MIR.M.PT.B.A2D.I.R.A.2250.EUR.N
Portugal,credito_consumo_hogares_referencia,tipo | Bank interest rates - loans to households for other purposes with an interest rate fixation period of over one & up to five years (new business),2.95,pct_anual,2025-12,"BCE, ECB Data Portal, dataset MIR",https://data.ecb.europa.eu/data/datasets/MIR/MIR.MIR.M.PT.B.A2D.I.R.A.2250.EUR.N,2026-09-16,Total,Over 1 and up to 5 years initial rate fixation,n/a,nivel,media_ponderada_volumen,serie MIR.M.PT.B.A2D.I.R.A.2250.EUR.N
Portugal,credito_consumo_hogares_referencia,tipo | Bank interest rates - loans to households for other purposes with an interest rate fixation period of over one & up to five years (new business),2.87,pct_anual,2026-01,"BCE, ECB Data Portal, dataset MIR",https://data.ecb.europa.eu/data/datasets/MIR/MIR.MIR.M.PT.B.A2D.I.R.A.2250.EUR.N,2026-09-16,Total,Over 1 and up to 5 years initial rate fixation,n/a,nivel,media_ponderada_volumen,serie MIR.M.PT.B.A2D.I.R.A.2250.EUR.N
Portugal,credito_consumo_hogares_referencia,tipo | Bank interest rates - loans to households for other purposes with an interest rate fixation period of over one & up to five years (new business),2.85,pct_anual,2026-02,"BCE, ECB Data Portal, dataset MIR",https://data.ecb.europa.eu/data/datasets/MIR/MIR.MIR.M.PT.B.A2D.I.R.A.2250.EUR.N,2026-09-16,Total,Over 1 and up to 5 years initial rate fixation,n/a,nivel,media_ponderada_volumen,serie MIR.M.PT.B.A2D.I.R.A.2250.EUR.N
Portugal,credito_consumo_hogares_referencia,tipo | Bank interest rates - loans to households for other purposes with an interest rate fixation period of over one & up to five years (new business),2.93,pct_anual,2026-03,"BCE, ECB Data Portal, dataset MIR",https://data.ecb.europa.eu/data/datasets/MIR/MIR.MIR.M.PT.B.A2D.I.R.A.2250.EUR.N,2026-09-16,Total,Over 1 and up to 5 years initial rate fixation,n/a,nivel,media_ponderada_volumen,serie MIR.M.PT.B.A2D.I.R.A.2250.EUR.N
Portugal,credito_consumo_hogares_referencia,tipo | Bank interest rates - loans to households for other purposes with an interest rate fixation period of over one & up to five years (new business),2.99,pct_anual,2026-04,"BCE, ECB Data Portal, dataset MIR",https://data.ecb.europa.eu/data/datasets/MIR/MIR.MIR.M.PT.B.A2D.I.R.A.2250.EUR.N,2026-09-16,Total,Over 1 and up to 5 years initial rate fixation,n/a,nivel,media_ponderada_volumen,serie MIR.M.PT.B.A2D.I.R.A.2250.EUR.N
Portugal,credito_consumo_hogares_referencia,tipo | Bank interest rates - loans to households for other purposes with an interest rate fixation period of over one & up to five years (new business),3,pct_anual,2026-05,"BCE, ECB Data Portal, dataset MIR",https://data.ecb.europa.eu/data/datasets/MIR/MIR.MIR.M.PT.B.A2D.I.R.A.2250.EUR.N,2026-09-16,Total,Over 1 and up to 5 years initial rate fixation,n/a,nivel,media_ponderada_volumen,serie MIR.M.PT.B.A2D.I.R.A.2250.EUR.N
Portugal,credito_consumo_hogares_referencia,tipo | Bank interest rates - loans to households for other purposes with an interest rate fixation period of over one & up to five years (new business),3.03,pct_anual,2026-06,"BCE, ECB Data Portal, dataset MIR",https://data.ecb.europa.eu/data/datasets/MIR/MIR.MIR.M.PT.B.A2D.I.R.A.2250.EUR.N,2026-09-16,Total,Over 1 and up to 5 years initial rate fixation,n/a,nivel,media_ponderada_volumen,serie MIR.M.PT.B.A2D.I.R.A.2250.EUR.N
Portugal,credito_consumo_hogares_referencia,tipo | Bank interest rates - loans to households for other purposes with an interest rate fixation period of over one & up to five years (new business),3.06,pct_anual,2026-07,"BCE, ECB Data Portal, dataset MIR",https://data.ecb.europa.eu/data/datasets/MIR/MIR.MIR.M.PT.B.A2D.I.R.A.2250.EUR.N,2026-09-16,Total,Over 1 and up to 5 years initial rate fixation,n/a,nivel,media_ponderada_volumen,serie MIR.M.PT.B.A2D.I.R.A.2250.EUR.N
Portugal,credito_consumo_hogares_referencia,tipo | Bank interest rates - loans to households for other purposes with an interest rate fixation period of over five years (new business),5.38,pct_anual,2025-01,"BCE, ECB Data Portal, dataset MIR",https://data.ecb.europa.eu/data/datasets/MIR/MIR.MIR.M.PT.B.A2D.J.R.A.2250.EUR.N,2026-09-16,Total,Over 5 years initial rate fixation,n/a,nivel,media_ponderada_volumen,serie MIR.M.PT.B.A2D.J.R.A.2250.EUR.N
Portugal,credito_consumo_hogares_referencia,tipo | Bank interest rates - loans to households for other purposes with an interest rate fixation period of over five years (new business),5.66,pct_anual,2025-02,"BCE, ECB Data Portal, dataset MIR",https://data.ecb.europa.eu/data/datasets/MIR/MIR.MIR.M.PT.B.A2D.J.R.A.2250.EUR.N,2026-09-16,Total,Over 5 years initial rate fixation,n/a,nivel,media_ponderada_volumen,serie MIR.M.PT.B.A2D.J.R.A.2250.EUR.N
Portugal,credito_consumo_hogares_referencia,tipo | Bank interest rates - loans to households for other purposes with an interest rate fixation period of over five years (new business),5.84,pct_anual,2025-03,"BCE, ECB Data Portal, dataset MIR",https://data.ecb.europa.eu/data/datasets/MIR/MIR.MIR.M.PT.B.A2D.J.R.A.2250.EUR.N,2026-09-16,Total,Over 5 years initial rate fixation,n/a,nivel,media_ponderada_volumen,serie MIR.M.PT.B.A2D.J.R.A.2250.EUR.N
Portugal,credito_consumo_hogares_referencia,tipo | Bank interest rates - loans to households for other purposes with an interest rate fixation period of over five years (new business),5.46,pct_anual,2025-04,"BCE, ECB Data Portal, dataset MIR",https://data.ecb.europa.eu/data/datasets/MIR/MIR.MIR.M.PT.B.A2D.J.R.A.2250.EUR.N,2026-09-16,Total,Over 5 years initial rate fixation,n/a,nivel,media_ponderada_volumen,serie MIR.M.PT.B.A2D.J.R.A.2250.EUR.N
Portugal,credito_consumo_hogares_referencia,tipo | Bank interest rates - loans to households for other purposes with an interest rate fixation period of over five years (new business),5.55,pct_anual,2025-05,"BCE, ECB Data Portal, dataset MIR",https://data.ecb.europa.eu/data/datasets/MIR/MIR.MIR.M.PT.B.A2D.J.R.A.2250.EUR.N,2026-09-16,Total,Over 5 years initial rate fixation,n/a,nivel,media_ponderada_volumen,serie MIR.M.PT.B.A2D.J.R.A.2250.EUR.N
Portugal,credito_consumo_hogares_referencia,tipo | Bank interest rates - loans to households for other purposes with an interest rate fixation period of over five years (new business),5.46,pct_anual,2025-06,"BCE, ECB Data Portal, dataset MIR",https://data.ecb.europa.eu/data/datasets/MIR/MIR.MIR.M.PT.B.A2D.J.R.A.2250.EUR.N,2026-09-16,Total,Over 5 years initial rate fixation,n/a,nivel,media_ponderada_volumen,serie MIR.M.PT.B.A2D.J.R.A.2250.EUR.N
Portugal,credito_consumo_hogares_referencia,tipo | Bank interest rates - loans to households for other purposes with an interest rate fixation period of over five years (new business),5.54,pct_anual,2025-07,"BCE, ECB Data Portal, dataset MIR",https://data.ecb.europa.eu/data/datasets/MIR/MIR.MIR.M.PT.B.A2D.J.R.A.2250.EUR.N,2026-09-16,Total,Over 5 years initial rate fixation,n/a,nivel,media_ponderada_volumen,serie MIR.M.PT.B.A2D.J.R.A.2250.EUR.N
Portugal,credito_consumo_hogares_referencia,tipo | Bank interest rates - loans to households for other purposes with an interest rate fixation period of over five years (new business),5.83,pct_anual,2025-08,"BCE, ECB Data Portal, dataset MIR",https://data.ecb.europa.eu/data/datasets/MIR/MIR.MIR.M.PT.B.A2D.J.R.A.2250.EUR.N,2026-09-16,Total,Over 5 years initial rate fixation,n/a,nivel,media_ponderada_volumen,serie MIR.M.PT.B.A2D.J.R.A.2250.EUR.N
Portugal,credito_consumo_hogares_referencia,tipo | Bank interest rates - loans to households for other purposes with an interest rate fixation period of over five years (new business),5.79,pct_anual,2025-09,"BCE, ECB Data Portal, dataset MIR",https://data.ecb.europa.eu/data/datasets/MIR/MIR.MIR.M.PT.B.A2D.J.R.A.2250.EUR.N,2026-09-16,Total,Over 5 years initial rate fixation,n/a,nivel,media_ponderada_volumen,serie MIR.M.PT.B.A2D.J.R.A.2250.EUR.N
Portugal,credito_consumo_hogares_referencia,tipo | Bank interest rates - loans to households for other purposes with an interest rate fixation period of over five years (new business),5.62,pct_anual,2025-10,"BCE, ECB Data Portal, dataset MIR",https://data.ecb.europa.eu/data/datasets/MIR/MIR.MIR.M.PT.B.A2D.J.R.A.2250.EUR.N,2026-09-16,Total,Over 5 years initial rate fixation,n/a,nivel,media_ponderada_volumen,serie MIR.M.PT.B.A2D.J.R.A.2250.EUR.N
Portugal,credito_consumo_hogares_referencia,tipo | Bank interest rates - loans to households for other purposes with an interest rate fixation period of over five years (new business),5.32,pct_anual,2025-11,"BCE, ECB Data Portal, dataset MIR",https://data.ecb.europa.eu/data/datasets/MIR/MIR.MIR.M.PT.B.A2D.J.R.A.2250.EUR.N,2026-09-16,Total,Over 5 years initial rate fixation,n/a,nivel,media_ponderada_volumen,serie MIR.M.PT.B.A2D.J.R.A.2250.EUR.N
Portugal,credito_consumo_hogares_referencia,tipo | Bank interest rates - loans to households for other purposes with an interest rate fixation period of over five years (new business),5.32,pct_anual,2025-12,"BCE, ECB Data Portal, dataset MIR",https://data.ecb.europa.eu/data/datasets/MIR/MIR.MIR.M.PT.B.A2D.J.R.A.2250.EUR.N,2026-09-16,Total,Over 5 years initial rate fixation,n/a,nivel,media_ponderada_volumen,serie MIR.M.PT.B.A2D.J.R.A.2250.EUR.N
Portugal,credito_consumo_hogares_referencia,tipo | Bank interest rates - loans to households for other purposes with an interest rate fixation period of over five years (new business),5.65,pct_anual,2026-01,"BCE, ECB Data Portal, dataset MIR",https://data.ecb.europa.eu/data/datasets/MIR/MIR.MIR.M.PT.B.A2D.J.R.A.2250.EUR.N,2026-09-16,Total,Over 5 years initial rate fixation,n/a,nivel,media_ponderada_volumen,serie MIR.M.PT.B.A2D.J.R.A.2250.EUR.N
Portugal,credito_consumo_hogares_referencia,tipo | Bank interest rates - loans to households for other purposes with an interest rate fixation period of over five years (new business),5.77,pct_anual,2026-02,"BCE, ECB Data Portal, dataset MIR",https://data.ecb.europa.eu/data/datasets/MIR/MIR.MIR.M.PT.B.A2D.J.R.A.2250.EUR.N,2026-09-16,Total,Over 5 years initial rate fixation,n/a,nivel,media_ponderada_volumen,serie MIR.M.PT.B.A2D.J.R.A.2250.EUR.N
Portugal,credito_consumo_hogares_referencia,tipo | Bank interest rates - loans to households for other purposes with an interest rate fixation period of over five years (new business),5.98,pct_anual,2026-03,"BCE, ECB Data Portal, dataset MIR",https://data.ecb.europa.eu/data/datasets/MIR/MIR.MIR.M.PT.B.A2D.J.R.A.2250.EUR.N,2026-09-16,Total,Over 5 years initial rate fixation,n/a,nivel,media_ponderada_volumen,serie MIR.M.PT.B.A2D.J.R.A.2250.EUR.N
Portugal,credito_consumo_hogares_referencia,tipo | Bank interest rates - loans to households for other purposes with an interest rate fixation period of over five years (new business),6.4,pct_anual,2026-04,"BCE, ECB Data Portal, dataset MIR",https://data.ecb.europa.eu/data/datasets/MIR/MIR.MIR.M.PT.B.A2D.J.R.A.2250.EUR.N,2026-09-16,Total,Over 5 years initial rate fixation,n/a,nivel,media_ponderada_volumen,serie MIR.M.PT.B.A2D.J.R.A.2250.EUR.N
Portugal,credito_consumo_hogares_referencia,tipo | Bank interest rates - loans to households for other purposes with an interest rate fixation period of over five years (new business),6.51,pct_anual,2026-05,"BCE, ECB Data Portal, dataset MIR",https://data.ecb.europa.eu/data/datasets/MIR/MIR.MIR.M.PT.B.A2D.J.R.A.2250.EUR.N,2026-09-16,Total,Over 5 years initial rate fixation,n/a,nivel,media_ponderada_volumen,serie MIR.M.PT.B.A2D.J.R.A.2250.EUR.N
Portugal,credito_consumo_hogares_referencia,tipo | Bank interest rates - loans to households for other purposes with an interest rate fixation period of over five years (new business),6.52,pct_anual,2026-06,"BCE, ECB Data Portal, dataset MIR",https://data.ecb.europa.eu/data/datasets/MIR/MIR.MIR.M.PT.B.A2D.J.R.A.2250.EUR.N,2026-09-16,Total,Over 5 years initial rate fixation,n/a,nivel,media_ponderada_volumen,serie MIR.M.PT.B.A2D.J.R.A.2250.EUR.N
Portugal,credito_consumo_hogares_referencia,tipo | Bank interest rates - loans to households for other purposes with an interest rate fixation period of over five years (new business),6.71,pct_anual,2026-07,"BCE, ECB Data Portal, dataset MIR",https://data.ecb.europa.eu/data/datasets/MIR/MIR.MIR.M.PT.B.A2D.J.R.A.2250.EUR.N,2026-09-16,Total,Over 5 years initial rate fixation,n/a,nivel,media_ponderada_volumen,serie MIR.M.PT.B.A2D.J.R.A.2250.EUR.N
Portugal,credito_consumo_hogares_referencia,tipo | Bank interest rates - loans to households for other purposes with an interest rate fixation period of over one year (new business),3.79,pct_anual,2025-01,"BCE, ECB Data Portal, dataset MIR",https://data.ecb.europa.eu/data/datasets/MIR/MIR.MIR.M.PT.B.A2D.K.R.A.2250.EUR.N,2026-09-16,Total,Over 1 year initial rate fixation,n/a,nivel,media_ponderada_volumen,serie MIR.M.PT.B.A2D.K.R.A.2250.EUR.N
Portugal,credito_consumo_hogares_referencia,tipo | Bank interest rates - loans to households for other purposes with an interest rate fixation period of over one year (new business),3.76,pct_anual,2025-02,"BCE, ECB Data Portal, dataset MIR",https://data.ecb.europa.eu/data/datasets/MIR/MIR.MIR.M.PT.B.A2D.K.R.A.2250.EUR.N,2026-09-16,Total,Over 1 year initial rate fixation,n/a,nivel,media_ponderada_volumen,serie MIR.M.PT.B.A2D.K.R.A.2250.EUR.N
Portugal,credito_consumo_hogares_referencia,tipo | Bank interest rates - loans to households for other purposes with an interest rate fixation period of over one year (new business),3.79,pct_anual,2025-03,"BCE, ECB Data Portal, dataset MIR",https://data.ecb.europa.eu/data/datasets/MIR/MIR.MIR.M.PT.B.A2D.K.R.A.2250.EUR.N,2026-09-16,Total,Over 1 year initial rate fixation,n/a,nivel,media_ponderada_volumen,serie MIR.M.PT.B.A2D.K.R.A.2250.EUR.N
Portugal,credito_consumo_hogares_referencia,tipo | Bank interest rates - loans to households for other purposes with an interest rate fixation period of over one year (new business),3.66,pct_anual,2025-04,"BCE, ECB Data Portal, dataset MIR",https://data.ecb.europa.eu/data/datasets/MIR/MIR.MIR.M.PT.B.A2D.K.R.A.2250.EUR.N,2026-09-16,Total,Over 1 year initial rate fixation,n/a,nivel,media_ponderada_volumen,serie MIR.M.PT.B.A2D.K.R.A.2250.EUR.N
Portugal,credito_consumo_hogares_referencia,tipo | Bank interest rates - loans to households for other purposes with an interest rate fixation period of over one year (new business),3.69,pct_anual,2025-05,"BCE, ECB Data Portal, dataset MIR",https://data.ecb.europa.eu/data/datasets/MIR/MIR.MIR.M.PT.B.A2D.K.R.A.2250.EUR.N,2026-09-16,Total,Over 1 year initial rate fixation,n/a,nivel,media_ponderada_volumen,serie MIR.M.PT.B.A2D.K.R.A.2250.EUR.N
Portugal,credito_consumo_hogares_referencia,tipo | Bank interest rates - loans to households for other purposes with an interest rate fixation period of over one year (new business),3.62,pct_anual,2025-06,"BCE, ECB Data Portal, dataset MIR",https://data.ecb.europa.eu/data/datasets/MIR/MIR.MIR.M.PT.B.A2D.K.R.A.2250.EUR.N,2026-09-16,Total,Over 1 year initial rate fixation,n/a,nivel,media_ponderada_volumen,serie MIR.M.PT.B.A2D.K.R.A.2250.EUR.N
Portugal,credito_consumo_hogares_referencia,tipo | Bank interest rates - loans to households for other purposes with an interest rate fixation period of over one year (new business),3.62,pct_anual,2025-07,"BCE, ECB Data Portal, dataset MIR",https://data.ecb.europa.eu/data/datasets/MIR/MIR.MIR.M.PT.B.A2D.K.R.A.2250.EUR.N,2026-09-16,Total,Over 1 year initial rate fixation,n/a,nivel,media_ponderada_volumen,serie MIR.M.PT.B.A2D.K.R.A.2250.EUR.N
Portugal,credito_consumo_hogares_referencia,tipo | Bank interest rates - loans to households for other purposes with an interest rate fixation period of over one year (new business),3.65,pct_anual,2025-08,"BCE, ECB Data Portal, dataset MIR",https://data.ecb.europa.eu/data/datasets/MIR/MIR.MIR.M.PT.B.A2D.K.R.A.2250.EUR.N,2026-09-16,Total,Over 1 year initial rate fixation,n/a,nivel,media_ponderada_volumen,serie MIR.M.PT.B.A2D.K.R.A.2250.EUR.N
Portugal,credito_consumo_hogares_referencia,tipo | Bank interest rates - loans to households for other purposes with an interest rate fixation period of over one year (new business),3.65,pct_anual,2025-09,"BCE, ECB Data Portal, dataset MIR",https://data.ecb.europa.eu/data/datasets/MIR/MIR.MIR.M.PT.B.A2D.K.R.A.2250.EUR.N,2026-09-16,Total,Over 1 year initial rate fixation,n/a,nivel,media_ponderada_volumen,serie MIR.M.PT.B.A2D.K.R.A.2250.EUR.N
Portugal,credito_consumo_hogares_referencia,tipo | Bank interest rates - loans to households for other purposes with an interest rate fixation period of over one year (new business),3.6,pct_anual,2025-10,"BCE, ECB Data Portal, dataset MIR",https://data.ecb.europa.eu/data/datasets/MIR/MIR.MIR.M.PT.B.A2D.K.R.A.2250.EUR.N,2026-09-16,Total,Over 1 year initial rate fixation,n/a,nivel,media_ponderada_volumen,serie MIR.M.PT.B.A2D.K.R.A.2250.EUR.N
Portugal,credito_consumo_hogares_referencia,tipo | Bank interest rates - loans to households for other purposes with an interest rate fixation period of over one year (new business),3.44,pct_anual,2025-11,"BCE, ECB Data Portal, dataset MIR",https://data.ecb.europa.eu/data/datasets/MIR/MIR.MIR.M.PT.B.A2D.K.R.A.2250.EUR.N,2026-09-16,Total,Over 1 year initial rate fixation,n/a,nivel,media_ponderada_volumen,serie MIR.M.PT.B.A2D.K.R.A.2250.EUR.N
Portugal,credito_consumo_hogares_referencia,tipo | Bank interest rates - loans to households for other purposes with an interest rate fixation period of over one year (new business),3.46,pct_anual,2025-12,"BCE, ECB Data Portal, dataset MIR",https://data.ecb.europa.eu/data/datasets/MIR/MIR.MIR.M.PT.B.A2D.K.R.A.2250.EUR.N,2026-09-16,Total,Over 1 year initial rate fixation,n/a,nivel,media_ponderada_volumen,serie MIR.M.PT.B.A2D.K.R.A.2250.EUR.N
Portugal,credito_consumo_hogares_referencia,tipo | Bank interest rates - loans to households for other purposes with an interest rate fixation period of over one year (new business),3.45,pct_anual,2026-01,"BCE, ECB Data Portal, dataset MIR",https://data.ecb.europa.eu/data/datasets/MIR/MIR.MIR.M.PT.B.A2D.K.R.A.2250.EUR.N,2026-09-16,Total,Over 1 year initial rate fixation,n/a,nivel,media_ponderada_volumen,serie MIR.M.PT.B.A2D.K.R.A.2250.EUR.N
Portugal,credito_consumo_hogares_referencia,tipo | Bank interest rates - loans to households for other purposes with an interest rate fixation period of over one year (new business),3.41,pct_anual,2026-02,"BCE, ECB Data Portal, dataset MIR",https://data.ecb.europa.eu/data/datasets/MIR/MIR.MIR.M.PT.B.A2D.K.R.A.2250.EUR.N,2026-09-16,Total,Over 1 year initial rate fixation,n/a,nivel,media_ponderada_volumen,serie MIR.M.PT.B.A2D.K.R.A.2250.EUR.N
Portugal,credito_consumo_hogares_referencia,tipo | Bank interest rates - loans to households for other purposes with an interest rate fixation period of over one year (new business),3.38,pct_anual,2026-03,"BCE, ECB Data Portal, dataset MIR",https://data.ecb.europa.eu/data/datasets/MIR/MIR.MIR.M.PT.B.A2D.K.R.A.2250.EUR.N,2026-09-16,Total,Over 1 year initial rate fixation,n/a,nivel,media_ponderada_volumen,serie MIR.M.PT.B.A2D.K.R.A.2250.EUR.N
Portugal,credito_consumo_hogares_referencia,tipo | Bank interest rates - loans to households for other purposes with an interest rate fixation period of over one year (new business),3.48,pct_anual,2026-04,"BCE, ECB Data Portal, dataset MIR",https://data.ecb.europa.eu/data/datasets/MIR/MIR.MIR.M.PT.B.A2D.K.R.A.2250.EUR.N,2026-09-16,Total,Over 1 year initial rate fixation,n/a,nivel,media_ponderada_volumen,serie MIR.M.PT.B.A2D.K.R.A.2250.EUR.N
Portugal,credito_consumo_hogares_referencia,tipo | Bank interest rates - loans to households for other purposes with an interest rate fixation period of over one year (new business),3.48,pct_anual,2026-05,"BCE, ECB Data Portal, dataset MIR",https://data.ecb.europa.eu/data/datasets/MIR/MIR.MIR.M.PT.B.A2D.K.R.A.2250.EUR.N,2026-09-16,Total,Over 1 year initial rate fixation,n/a,nivel,media_ponderada_volumen,serie MIR.M.PT.B.A2D.K.R.A.2250.EUR.N
Portugal,credito_consumo_hogares_referencia,tipo | Bank interest rates - loans to households for other purposes with an interest rate fixation period of over one year (new business),3.53,pct_anual,2026-06,"BCE, ECB Data Portal, dataset MIR",https://data.ecb.europa.eu/data/datasets/MIR/MIR.MIR.M.PT.B.A2D.K.R.A.2250.EUR.N,2026-09-16,Total,Over 1 year initial rate fixation,n/a,nivel,media_ponderada_volumen,serie MIR.M.PT.B.A2D.K.R.A.2250.EUR.N
Portugal,credito_consumo_hogares_referencia,tipo | Bank interest rates - loans to households for other purposes with an interest rate fixation period of over one year (new business),3.6,pct_anual,2026-07,"BCE, ECB Data Portal, dataset MIR",https://data.ecb.europa.eu/data/datasets/MIR/MIR.MIR.M.PT.B.A2D.K.R.A.2250.EUR.N,2026-09-16,Total,Over 1 year initial rate fixation,n/a,nivel,media_ponderada_volumen,serie MIR.M.PT.B.A2D.K.R.A.2250.EUR.N
Portugal,credito_consumo_hogares_referencia,volumen | Bank business volumes - loans to households for other purposes (new business),249.77,eur_millones,2025-01,"BCE, ECB Data Portal, dataset MIR",https://data.ecb.europa.eu/data/datasets/MIR/MIR.MIR.M.PT.B.A2D.A.B.A.2250.EUR.N,2026-09-16,Total,Total initial rate fixation,n/a,volumen,dato_unico,serie MIR.M.PT.B.A2D.A.B.A.2250.EUR.N
Portugal,credito_consumo_hogares_referencia,volumen | Bank business volumes - loans to households for other purposes (new business),271.53,eur_millones,2025-02,"BCE, ECB Data Portal, dataset MIR",https://data.ecb.europa.eu/data/datasets/MIR/MIR.MIR.M.PT.B.A2D.A.B.A.2250.EUR.N,2026-09-16,Total,Total initial rate fixation,n/a,volumen,dato_unico,serie MIR.M.PT.B.A2D.A.B.A.2250.EUR.N
Portugal,credito_consumo_hogares_referencia,volumen | Bank business volumes - loans to households for other purposes (new business),306.35,eur_millones,2025-03,"BCE, ECB Data Portal, dataset MIR",https://data.ecb.europa.eu/data/datasets/MIR/MIR.MIR.M.PT.B.A2D.A.B.A.2250.EUR.N,2026-09-16,Total,Total initial rate fixation,n/a,volumen,dato_unico,serie MIR.M.PT.B.A2D.A.B.A.2250.EUR.N
Portugal,credito_consumo_hogares_referencia,volumen | Bank business volumes - loans to households for other purposes (new business),267.65,eur_millones,2025-04,"BCE, ECB Data Portal, dataset MIR",https://data.ecb.europa.eu/data/datasets/MIR/MIR.MIR.M.PT.B.A2D.A.B.A.2250.EUR.N,2026-09-16,Total,Total initial rate fixation,n/a,volumen,dato_unico,serie MIR.M.PT.B.A2D.A.B.A.2250.EUR.N
Portugal,credito_consumo_hogares_referencia,volumen | Bank business volumes - loans to households for other purposes (new business),293.03,eur_millones,2025-05,"BCE, ECB Data Portal, dataset MIR",https://data.ecb.europa.eu/data/datasets/MIR/MIR.MIR.M.PT.B.A2D.A.B.A.2250.EUR.N,2026-09-16,Total,Total initial rate fixation,n/a,volumen,dato_unico,serie MIR.M.PT.B.A2D.A.B.A.2250.EUR.N
Portugal,credito_consumo_hogares_referencia,volumen | Bank business volumes - loans to households for other purposes (new business),295.31,eur_millones,2025-06,"BCE, ECB Data Portal, dataset MIR",https://data.ecb.europa.eu/data/datasets/MIR/MIR.MIR.M.PT.B.A2D.A.B.A.2250.EUR.N,2026-09-16,Total,Total initial rate fixation,n/a,volumen,dato_unico,serie MIR.M.PT.B.A2D.A.B.A.2250.EUR.N
Portugal,credito_consumo_hogares_referencia,volumen | Bank business volumes - loans to households for other purposes (new business),320.86,eur_millones,2025-07,"BCE, ECB Data Portal, dataset MIR",https://data.ecb.europa.eu/data/datasets/MIR/MIR.MIR.M.PT.B.A2D.A.B.A.2250.EUR.N,2026-09-16,Total,Total initial rate fixation,n/a,volumen,dato_unico,serie MIR.M.PT.B.A2D.A.B.A.2250.EUR.N
Portugal,credito_consumo_hogares_referencia,volumen | Bank business volumes - loans to households for other purposes (new business),248.19,eur_millones,2025-08,"BCE, ECB Data Portal, dataset MIR",https://data.ecb.europa.eu/data/datasets/MIR/MIR.MIR.M.PT.B.A2D.A.B.A.2250.EUR.N,2026-09-16,Total,Total initial rate fixation,n/a,volumen,dato_unico,serie MIR.M.PT.B.A2D.A.B.A.2250.EUR.N
Portugal,credito_consumo_hogares_referencia,volumen | Bank business volumes - loans to households for other purposes (new business),292.77,eur_millones,2025-09,"BCE, ECB Data Portal, dataset MIR",https://data.ecb.europa.eu/data/datasets/MIR/MIR.MIR.M.PT.B.A2D.A.B.A.2250.EUR.N,2026-09-16,Total,Total initial rate fixation,n/a,volumen,dato_unico,serie MIR.M.PT.B.A2D.A.B.A.2250.EUR.N
Portugal,credito_consumo_hogares_referencia,volumen | Bank business volumes - loans to households for other purposes (new business),314.04,eur_millones,2025-10,"BCE, ECB Data Portal, dataset MIR",https://data.ecb.europa.eu/data/datasets/MIR/MIR.MIR.M.PT.B.A2D.A.B.A.2250.EUR.N,2026-09-16,Total,Total initial rate fixation,n/a,volumen,dato_unico,serie MIR.M.PT.B.A2D.A.B.A.2250.EUR.N
Portugal,credito_consumo_hogares_referencia,volumen | Bank business volumes - loans to households for other purposes (new business),294.64,eur_millones,2025-11,"BCE, ECB Data Portal, dataset MIR",https://data.ecb.europa.eu/data/datasets/MIR/MIR.MIR.M.PT.B.A2D.A.B.A.2250.EUR.N,2026-09-16,Total,Total initial rate fixation,n/a,volumen,dato_unico,serie MIR.M.PT.B.A2D.A.B.A.2250.EUR.N
Portugal,credito_consumo_hogares_referencia,volumen | Bank business volumes - loans to households for other purposes (new business),349.07,eur_millones,2025-12,"BCE, ECB Data Portal, dataset MIR",https://data.ecb.europa.eu/data/datasets/MIR/MIR.MIR.M.PT.B.A2D.A.B.A.2250.EUR.N,2026-09-16,Total,Total initial rate fixation,n/a,volumen,dato_unico,serie MIR.M.PT.B.A2D.A.B.A.2250.EUR.N
Portugal,credito_consumo_hogares_referencia,volumen | Bank business volumes - loans to households for other purposes (new business),282.62,eur_millones,2026-01,"BCE, ECB Data Portal, dataset MIR",https://data.ecb.europa.eu/data/datasets/MIR/MIR.MIR.M.PT.B.A2D.A.B.A.2250.EUR.N,2026-09-16,Total,Total initial rate fixation,n/a,volumen,dato_unico,serie MIR.M.PT.B.A2D.A.B.A.2250.EUR.N
Portugal,credito_consumo_hogares_referencia,volumen | Bank business volumes - loans to households for other purposes (new business),278.6,eur_millones,2026-02,"BCE, ECB Data Portal, dataset MIR",https://data.ecb.europa.eu/data/datasets/MIR/MIR.MIR.M.PT.B.A2D.A.B.A.2250.EUR.N,2026-09-16,Total,Total initial rate fixation,n/a,volumen,dato_unico,serie MIR.M.PT.B.A2D.A.B.A.2250.EUR.N
Portugal,credito_consumo_hogares_referencia,volumen | Bank business volumes - loans to households for other purposes (new business),370.69,eur_millones,2026-03,"BCE, ECB Data Portal, dataset MIR",https://data.ecb.europa.eu/data/datasets/MIR/MIR.MIR.M.PT.B.A2D.A.B.A.2250.EUR.N,2026-09-16,Total,Total initial rate fixation,n/a,volumen,dato_unico,serie MIR.M.PT.B.A2D.A.B.A.2250.EUR.N
Portugal,credito_consumo_hogares_referencia,volumen | Bank business volumes - loans to households for other purposes (new business),315.14,eur_millones,2026-04,"BCE, ECB Data Portal, dataset MIR",https://data.ecb.europa.eu/data/datasets/MIR/MIR.MIR.M.PT.B.A2D.A.B.A.2250.EUR.N,2026-09-16,Total,Total initial rate fixation,n/a,volumen,dato_unico,serie MIR.M.PT.B.A2D.A.B.A.2250.EUR.N
Portugal,credito_consumo_hogares_referencia,volumen | Bank business volumes - loans to households for other purposes (new business),323.55,eur_millones,2026-05,"BCE, ECB Data Portal, dataset MIR",https://data.ecb.europa.eu/data/datasets/MIR/MIR.MIR.M.PT.B.A2D.A.B.A.2250.EUR.N,2026-09-16,Total,Total initial rate fixation,n/a,volumen,dato_unico,serie MIR.M.PT.B.A2D.A.B.A.2250.EUR.N
Portugal,credito_consumo_hogares_referencia,volumen | Bank business volumes - loans to households for other purposes (new business),335.66,eur_millones,2026-06,"BCE, ECB Data Portal, dataset MIR",https://data.ecb.europa.eu/data/datasets/MIR/MIR.MIR.M.PT.B.A2D.A.B.A.2250.EUR.N,2026-09-16,Total,Total initial rate fixation,n/a,volumen,dato_unico,serie MIR.M.PT.B.A2D.A.B.A.2250.EUR.N
Portugal,credito_consumo_hogares_referencia,volumen | Bank business volumes - loans to households for other purposes (new business),340.32,eur_millones,2026-07,"BCE, ECB Data Portal, dataset MIR",https://data.ecb.europa.eu/data/datasets/MIR/MIR.MIR.M.PT.B.A2D.A.B.A.2250.EUR.N,2026-09-16,Total,Total initial rate fixation,n/a,volumen,dato_unico,serie MIR.M.PT.B.A2D.A.B.A.2250.EUR.N
Paises Bajos,credito_consumo_hogares_referencia,tipo | Bank interest rates - loans to households for other purposes (new business),4.64,pct_anual,2025-01,"BCE, ECB Data Portal, dataset MIR",https://data.ecb.europa.eu/data/datasets/MIR/MIR.MIR.M.NL.B.A2D.A.R.A.2250.EUR.N,2026-09-16,Total,Total initial rate fixation,n/a,nivel,media_ponderada_volumen,serie MIR.M.NL.B.A2D.A.R.A.2250.EUR.N
Paises Bajos,credito_consumo_hogares_referencia,tipo | Bank interest rates - loans to households for other purposes (new business),4.77,pct_anual,2025-02,"BCE, ECB Data Portal, dataset MIR",https://data.ecb.europa.eu/data/datasets/MIR/MIR.MIR.M.NL.B.A2D.A.R.A.2250.EUR.N,2026-09-16,Total,Total initial rate fixation,n/a,nivel,media_ponderada_volumen,serie MIR.M.NL.B.A2D.A.R.A.2250.EUR.N
Paises Bajos,credito_consumo_hogares_referencia,tipo | Bank interest rates - loans to households for other purposes (new business),4.7,pct_anual,2025-03,"BCE, ECB Data Portal, dataset MIR",https://data.ecb.europa.eu/data/datasets/MIR/MIR.MIR.M.NL.B.A2D.A.R.A.2250.EUR.N,2026-09-16,Total,Total initial rate fixation,n/a,nivel,media_ponderada_volumen,serie MIR.M.NL.B.A2D.A.R.A.2250.EUR.N
Paises Bajos,credito_consumo_hogares_referencia,tipo | Bank interest rates - loans to households for other purposes (new business),4.72,pct_anual,2025-04,"BCE, ECB Data Portal, dataset MIR",https://data.ecb.europa.eu/data/datasets/MIR/MIR.MIR.M.NL.B.A2D.A.R.A.2250.EUR.N,2026-09-16,Total,Total initial rate fixation,n/a,nivel,media_ponderada_volumen,serie MIR.M.NL.B.A2D.A.R.A.2250.EUR.N
Paises Bajos,credito_consumo_hogares_referencia,tipo | Bank interest rates - loans to households for other purposes (new business),4.72,pct_anual,2025-05,"BCE, ECB Data Portal, dataset MIR",https://data.ecb.europa.eu/data/datasets/MIR/MIR.MIR.M.NL.B.A2D.A.R.A.2250.EUR.N,2026-09-16,Total,Total initial rate fixation,n/a,nivel,media_ponderada_volumen,serie MIR.M.NL.B.A2D.A.R.A.2250.EUR.N
Paises Bajos,credito_consumo_hogares_referencia,tipo | Bank interest rates - loans to households for other purposes (new business),4.61,pct_anual,2025-06,"BCE, ECB Data Portal, dataset MIR",https://data.ecb.europa.eu/data/datasets/MIR/MIR.MIR.M.NL.B.A2D.A.R.A.2250.EUR.N,2026-09-16,Total,Total initial rate fixation,n/a,nivel,media_ponderada_volumen,serie MIR.M.NL.B.A2D.A.R.A.2250.EUR.N
Paises Bajos,credito_consumo_hogares_referencia,tipo | Bank interest rates - loans to households for other purposes (new business),4.4,pct_anual,2025-07,"BCE, ECB Data Portal, dataset MIR",https://data.ecb.europa.eu/data/datasets/MIR/MIR.MIR.M.NL.B.A2D.A.R.A.2250.EUR.N,2026-09-16,Total,Total initial rate fixation,n/a,nivel,media_ponderada_volumen,serie MIR.M.NL.B.A2D.A.R.A.2250.EUR.N
Paises Bajos,credito_consumo_hogares_referencia,tipo | Bank interest rates - loans to households for other purposes (new business),4.57,pct_anual,2025-08,"BCE, ECB Data Portal, dataset MIR",https://data.ecb.europa.eu/data/datasets/MIR/MIR.MIR.M.NL.B.A2D.A.R.A.2250.EUR.N,2026-09-16,Total,Total initial rate fixation,n/a,nivel,media_ponderada_volumen,serie MIR.M.NL.B.A2D.A.R.A.2250.EUR.N
Paises Bajos,credito_consumo_hogares_referencia,tipo | Bank interest rates - loans to households for other purposes (new business),4.48,pct_anual,2025-09,"BCE, ECB Data Portal, dataset MIR",https://data.ecb.europa.eu/data/datasets/MIR/MIR.MIR.M.NL.B.A2D.A.R.A.2250.EUR.N,2026-09-16,Total,Total initial rate fixation,n/a,nivel,media_ponderada_volumen,serie MIR.M.NL.B.A2D.A.R.A.2250.EUR.N
Paises Bajos,credito_consumo_hogares_referencia,tipo | Bank interest rates - loans to households for other purposes (new business),4.45,pct_anual,2025-10,"BCE, ECB Data Portal, dataset MIR",https://data.ecb.europa.eu/data/datasets/MIR/MIR.MIR.M.NL.B.A2D.A.R.A.2250.EUR.N,2026-09-16,Total,Total initial rate fixation,n/a,nivel,media_ponderada_volumen,serie MIR.M.NL.B.A2D.A.R.A.2250.EUR.N
Paises Bajos,credito_consumo_hogares_referencia,tipo | Bank interest rates - loans to households for other purposes (new business),4.52,pct_anual,2025-11,"BCE, ECB Data Portal, dataset MIR",https://data.ecb.europa.eu/data/datasets/MIR/MIR.MIR.M.NL.B.A2D.A.R.A.2250.EUR.N,2026-09-16,Total,Total initial rate fixation,n/a,nivel,media_ponderada_volumen,serie MIR.M.NL.B.A2D.A.R.A.2250.EUR.N
Paises Bajos,credito_consumo_hogares_referencia,tipo | Bank interest rates - loans to households for other purposes (new business),4.4,pct_anual,2025-12,"BCE, ECB Data Portal, dataset MIR",https://data.ecb.europa.eu/data/datasets/MIR/MIR.MIR.M.NL.B.A2D.A.R.A.2250.EUR.N,2026-09-16,Total,Total initial rate fixation,n/a,nivel,media_ponderada_volumen,serie MIR.M.NL.B.A2D.A.R.A.2250.EUR.N
Paises Bajos,credito_consumo_hogares_referencia,tipo | Bank interest rates - loans to households for other purposes (new business),4.56,pct_anual,2026-01,"BCE, ECB Data Portal, dataset MIR",https://data.ecb.europa.eu/data/datasets/MIR/MIR.MIR.M.NL.B.A2D.A.R.A.2250.EUR.N,2026-09-16,Total,Total initial rate fixation,n/a,nivel,media_ponderada_volumen,serie MIR.M.NL.B.A2D.A.R.A.2250.EUR.N
Paises Bajos,credito_consumo_hogares_referencia,tipo | Bank interest rates - loans to households for other purposes (new business),4.48,pct_anual,2026-02,"BCE, ECB Data Portal, dataset MIR",https://data.ecb.europa.eu/data/datasets/MIR/MIR.MIR.M.NL.B.A2D.A.R.A.2250.EUR.N,2026-09-16,Total,Total initial rate fixation,n/a,nivel,media_ponderada_volumen,serie MIR.M.NL.B.A2D.A.R.A.2250.EUR.N
Paises Bajos,credito_consumo_hogares_referencia,tipo | Bank interest rates - loans to households for other purposes (new business),4.54,pct_anual,2026-03,"BCE, ECB Data Portal, dataset MIR",https://data.ecb.europa.eu/data/datasets/MIR/MIR.MIR.M.NL.B.A2D.A.R.A.2250.EUR.N,2026-09-16,Total,Total initial rate fixation,n/a,nivel,media_ponderada_volumen,serie MIR.M.NL.B.A2D.A.R.A.2250.EUR.N
Paises Bajos,credito_consumo_hogares_referencia,tipo | Bank interest rates - loans to households for other purposes (new business),4.51,pct_anual,2026-04,"BCE, ECB Data Portal, dataset MIR",https://data.ecb.europa.eu/data/datasets/MIR/MIR.MIR.M.NL.B.A2D.A.R.A.2250.EUR.N,2026-09-16,Total,Total initial rate fixation,n/a,nivel,media_ponderada_volumen,serie MIR.M.NL.B.A2D.A.R.A.2250.EUR.N
Paises Bajos,credito_consumo_hogares_referencia,tipo | Bank interest rates - loans to households for other purposes (new business),4.75,pct_anual,2026-05,"BCE, ECB Data Portal, dataset MIR",https://data.ecb.europa.eu/data/datasets/MIR/MIR.MIR.M.NL.B.A2D.A.R.A.2250.EUR.N,2026-09-16,Total,Total initial rate fixation,n/a,nivel,media_ponderada_volumen,serie MIR.M.NL.B.A2D.A.R.A.2250.EUR.N
Paises Bajos,credito_consumo_hogares_referencia,tipo | Bank interest rates - loans to households for other purposes (new business),4.89,pct_anual,2026-06,"BCE, ECB Data Portal, dataset MIR",https://data.ecb.europa.eu/data/datasets/MIR/MIR.MIR.M.NL.B.A2D.A.R.A.2250.EUR.N,2026-09-16,Total,Total initial rate fixation,n/a,nivel,media_ponderada_volumen,serie MIR.M.NL.B.A2D.A.R.A.2250.EUR.N
Paises Bajos,credito_consumo_hogares_referencia,tipo | Bank interest rates - loans to households for other purposes (new business),4.74,pct_anual,2026-07,"BCE, ECB Data Portal, dataset MIR",https://data.ecb.europa.eu/data/datasets/MIR/MIR.MIR.M.NL.B.A2D.A.R.A.2250.EUR.N,2026-09-16,Total,Total initial rate fixation,n/a,nivel,media_ponderada_volumen,serie MIR.M.NL.B.A2D.A.R.A.2250.EUR.N
Paises Bajos,credito_consumo_hogares_referencia,tipo | Bank interest rates - loans to households for other purposes with a variable rate and an interest rate fixation period of up to one year (new business),4.96,pct_anual,2025-01,"BCE, ECB Data Portal, dataset MIR",https://data.ecb.europa.eu/data/datasets/MIR/MIR.MIR.M.NL.B.A2D.F.R.A.2250.EUR.N,2026-09-16,Total,Up to 1 year initial rate fixation,n/a,nivel,media_ponderada_volumen,serie MIR.M.NL.B.A2D.F.R.A.2250.EUR.N
Paises Bajos,credito_consumo_hogares_referencia,tipo | Bank interest rates - loans to households for other purposes with a variable rate and an interest rate fixation period of up to one year (new business),5.03,pct_anual,2025-02,"BCE, ECB Data Portal, dataset MIR",https://data.ecb.europa.eu/data/datasets/MIR/MIR.MIR.M.NL.B.A2D.F.R.A.2250.EUR.N,2026-09-16,Total,Up to 1 year initial rate fixation,n/a,nivel,media_ponderada_volumen,serie MIR.M.NL.B.A2D.F.R.A.2250.EUR.N
Paises Bajos,credito_consumo_hogares_referencia,tipo | Bank interest rates - loans to households for other purposes with a variable rate and an interest rate fixation period of up to one year (new business),4.78,pct_anual,2025-03,"BCE, ECB Data Portal, dataset MIR",https://data.ecb.europa.eu/data/datasets/MIR/MIR.MIR.M.NL.B.A2D.F.R.A.2250.EUR.N,2026-09-16,Total,Up to 1 year initial rate fixation,n/a,nivel,media_ponderada_volumen,serie MIR.M.NL.B.A2D.F.R.A.2250.EUR.N
Paises Bajos,credito_consumo_hogares_referencia,tipo | Bank interest rates - loans to households for other purposes with a variable rate and an interest rate fixation period of up to one year (new business),4.82,pct_anual,2025-04,"BCE, ECB Data Portal, dataset MIR",https://data.ecb.europa.eu/data/datasets/MIR/MIR.MIR.M.NL.B.A2D.F.R.A.2250.EUR.N,2026-09-16,Total,Up to 1 year initial rate fixation,n/a,nivel,media_ponderada_volumen,serie MIR.M.NL.B.A2D.F.R.A.2250.EUR.N
Paises Bajos,credito_consumo_hogares_referencia,tipo | Bank interest rates - loans to households for other purposes with a variable rate and an interest rate fixation period of up to one year (new business),4.82,pct_anual,2025-05,"BCE, ECB Data Portal, dataset MIR",https://data.ecb.europa.eu/data/datasets/MIR/MIR.MIR.M.NL.B.A2D.F.R.A.2250.EUR.N,2026-09-16,Total,Up to 1 year initial rate fixation,n/a,nivel,media_ponderada_volumen,serie MIR.M.NL.B.A2D.F.R.A.2250.EUR.N
Paises Bajos,credito_consumo_hogares_referencia,tipo | Bank interest rates - loans to households for other purposes with a variable rate and an interest rate fixation period of up to one year (new business),4.63,pct_anual,2025-06,"BCE, ECB Data Portal, dataset MIR",https://data.ecb.europa.eu/data/datasets/MIR/MIR.MIR.M.NL.B.A2D.F.R.A.2250.EUR.N,2026-09-16,Total,Up to 1 year initial rate fixation,n/a,nivel,media_ponderada_volumen,serie MIR.M.NL.B.A2D.F.R.A.2250.EUR.N
Paises Bajos,credito_consumo_hogares_referencia,tipo | Bank interest rates - loans to households for other purposes with a variable rate and an interest rate fixation period of up to one year (new business),4.36,pct_anual,2025-07,"BCE, ECB Data Portal, dataset MIR",https://data.ecb.europa.eu/data/datasets/MIR/MIR.MIR.M.NL.B.A2D.F.R.A.2250.EUR.N,2026-09-16,Total,Up to 1 year initial rate fixation,n/a,nivel,media_ponderada_volumen,serie MIR.M.NL.B.A2D.F.R.A.2250.EUR.N
Paises Bajos,credito_consumo_hogares_referencia,tipo | Bank interest rates - loans to households for other purposes with a variable rate and an interest rate fixation period of up to one year (new business),4.6,pct_anual,2025-08,"BCE, ECB Data Portal, dataset MIR",https://data.ecb.europa.eu/data/datasets/MIR/MIR.MIR.M.NL.B.A2D.F.R.A.2250.EUR.N,2026-09-16,Total,Up to 1 year initial rate fixation,n/a,nivel,media_ponderada_volumen,serie MIR.M.NL.B.A2D.F.R.A.2250.EUR.N
Paises Bajos,credito_consumo_hogares_referencia,tipo | Bank interest rates - loans to households for other purposes with a variable rate and an interest rate fixation period of up to one year (new business),4.54,pct_anual,2025-09,"BCE, ECB Data Portal, dataset MIR",https://data.ecb.europa.eu/data/datasets/MIR/MIR.MIR.M.NL.B.A2D.F.R.A.2250.EUR.N,2026-09-16,Total,Up to 1 year initial rate fixation,n/a,nivel,media_ponderada_volumen,serie MIR.M.NL.B.A2D.F.R.A.2250.EUR.N
Paises Bajos,credito_consumo_hogares_referencia,tipo | Bank interest rates - loans to households for other purposes with a variable rate and an interest rate fixation period of up to one year (new business),4.47,pct_anual,2025-10,"BCE, ECB Data Portal, dataset MIR",https://data.ecb.europa.eu/data/datasets/MIR/MIR.MIR.M.NL.B.A2D.F.R.A.2250.EUR.N,2026-09-16,Total,Up to 1 year initial rate fixation,n/a,nivel,media_ponderada_volumen,serie MIR.M.NL.B.A2D.F.R.A.2250.EUR.N
Paises Bajos,credito_consumo_hogares_referencia,tipo | Bank interest rates - loans to households for other purposes with a variable rate and an interest rate fixation period of up to one year (new business),4.64,pct_anual,2025-11,"BCE, ECB Data Portal, dataset MIR",https://data.ecb.europa.eu/data/datasets/MIR/MIR.MIR.M.NL.B.A2D.F.R.A.2250.EUR.N,2026-09-16,Total,Up to 1 year initial rate fixation,n/a,nivel,media_ponderada_volumen,serie MIR.M.NL.B.A2D.F.R.A.2250.EUR.N
Paises Bajos,credito_consumo_hogares_referencia,tipo | Bank interest rates - loans to households for other purposes with a variable rate and an interest rate fixation period of up to one year (new business),4.55,pct_anual,2025-12,"BCE, ECB Data Portal, dataset MIR",https://data.ecb.europa.eu/data/datasets/MIR/MIR.MIR.M.NL.B.A2D.F.R.A.2250.EUR.N,2026-09-16,Total,Up to 1 year initial rate fixation,n/a,nivel,media_ponderada_volumen,serie MIR.M.NL.B.A2D.F.R.A.2250.EUR.N
Paises Bajos,credito_consumo_hogares_referencia,tipo | Bank interest rates - loans to households for other purposes with a variable rate and an interest rate fixation period of up to one year (new business),4.61,pct_anual,2026-01,"BCE, ECB Data Portal, dataset MIR",https://data.ecb.europa.eu/data/datasets/MIR/MIR.MIR.M.NL.B.A2D.F.R.A.2250.EUR.N,2026-09-16,Total,Up to 1 year initial rate fixation,n/a,nivel,media_ponderada_volumen,serie MIR.M.NL.B.A2D.F.R.A.2250.EUR.N
Paises Bajos,credito_consumo_hogares_referencia,tipo | Bank interest rates - loans to households for other purposes with a variable rate and an interest rate fixation period of up to one year (new business),4.51,pct_anual,2026-02,"BCE, ECB Data Portal, dataset MIR",https://data.ecb.europa.eu/data/datasets/MIR/MIR.MIR.M.NL.B.A2D.F.R.A.2250.EUR.N,2026-09-16,Total,Up to 1 year initial rate fixation,n/a,nivel,media_ponderada_volumen,serie MIR.M.NL.B.A2D.F.R.A.2250.EUR.N
Paises Bajos,credito_consumo_hogares_referencia,tipo | Bank interest rates - loans to households for other purposes with a variable rate and an interest rate fixation period of up to one year (new business),4.73,pct_anual,2026-03,"BCE, ECB Data Portal, dataset MIR",https://data.ecb.europa.eu/data/datasets/MIR/MIR.MIR.M.NL.B.A2D.F.R.A.2250.EUR.N,2026-09-16,Total,Up to 1 year initial rate fixation,n/a,nivel,media_ponderada_volumen,serie MIR.M.NL.B.A2D.F.R.A.2250.EUR.N
Paises Bajos,credito_consumo_hogares_referencia,tipo | Bank interest rates - loans to households for other purposes with a variable rate and an interest rate fixation period of up to one year (new business),4.57,pct_anual,2026-04,"BCE, ECB Data Portal, dataset MIR",https://data.ecb.europa.eu/data/datasets/MIR/MIR.MIR.M.NL.B.A2D.F.R.A.2250.EUR.N,2026-09-16,Total,Up to 1 year initial rate fixation,n/a,nivel,media_ponderada_volumen,serie MIR.M.NL.B.A2D.F.R.A.2250.EUR.N
Paises Bajos,credito_consumo_hogares_referencia,tipo | Bank interest rates - loans to households for other purposes with a variable rate and an interest rate fixation period of up to one year (new business),4.75,pct_anual,2026-05,"BCE, ECB Data Portal, dataset MIR",https://data.ecb.europa.eu/data/datasets/MIR/MIR.MIR.M.NL.B.A2D.F.R.A.2250.EUR.N,2026-09-16,Total,Up to 1 year initial rate fixation,n/a,nivel,media_ponderada_volumen,serie MIR.M.NL.B.A2D.F.R.A.2250.EUR.N
Paises Bajos,credito_consumo_hogares_referencia,tipo | Bank interest rates - loans to households for other purposes with a variable rate and an interest rate fixation period of up to one year (new business),4.86,pct_anual,2026-06,"BCE, ECB Data Portal, dataset MIR",https://data.ecb.europa.eu/data/datasets/MIR/MIR.MIR.M.NL.B.A2D.F.R.A.2250.EUR.N,2026-09-16,Total,Up to 1 year initial rate fixation,n/a,nivel,media_ponderada_volumen,serie MIR.M.NL.B.A2D.F.R.A.2250.EUR.N
Paises Bajos,credito_consumo_hogares_referencia,tipo | Bank interest rates - loans to households for other purposes with a variable rate and an interest rate fixation period of up to one year (new business),4.58,pct_anual,2026-07,"BCE, ECB Data Portal, dataset MIR",https://data.ecb.europa.eu/data/datasets/MIR/MIR.MIR.M.NL.B.A2D.F.R.A.2250.EUR.N,2026-09-16,Total,Up to 1 year initial rate fixation,n/a,nivel,media_ponderada_volumen,serie MIR.M.NL.B.A2D.F.R.A.2250.EUR.N
Paises Bajos,credito_consumo_hogares_referencia,tipo | Bank interest rates - loans to households for other purposes with an interest rate fixation period of over one & up to five years (new business),4.61,pct_anual,2025-01,"BCE, ECB Data Portal, dataset MIR",https://data.ecb.europa.eu/data/datasets/MIR/MIR.MIR.M.NL.B.A2D.I.R.A.2250.EUR.N,2026-09-16,Total,Over 1 and up to 5 years initial rate fixation,n/a,nivel,media_ponderada_volumen,serie MIR.M.NL.B.A2D.I.R.A.2250.EUR.N
Paises Bajos,credito_consumo_hogares_referencia,tipo | Bank interest rates - loans to households for other purposes with an interest rate fixation period of over one & up to five years (new business),4.63,pct_anual,2025-02,"BCE, ECB Data Portal, dataset MIR",https://data.ecb.europa.eu/data/datasets/MIR/MIR.MIR.M.NL.B.A2D.I.R.A.2250.EUR.N,2026-09-16,Total,Over 1 and up to 5 years initial rate fixation,n/a,nivel,media_ponderada_volumen,serie MIR.M.NL.B.A2D.I.R.A.2250.EUR.N
Paises Bajos,credito_consumo_hogares_referencia,tipo | Bank interest rates - loans to households for other purposes with an interest rate fixation period of over one & up to five years (new business),4.72,pct_anual,2025-03,"BCE, ECB Data Portal, dataset MIR",https://data.ecb.europa.eu/data/datasets/MIR/MIR.MIR.M.NL.B.A2D.I.R.A.2250.EUR.N,2026-09-16,Total,Over 1 and up to 5 years initial rate fixation,n/a,nivel,media_ponderada_volumen,serie MIR.M.NL.B.A2D.I.R.A.2250.EUR.N
Paises Bajos,credito_consumo_hogares_referencia,tipo | Bank interest rates - loans to households for other purposes with an interest rate fixation period of over one & up to five years (new business),4.74,pct_anual,2025-04,"BCE, ECB Data Portal, dataset MIR",https://data.ecb.europa.eu/data/datasets/MIR/MIR.MIR.M.NL.B.A2D.I.R.A.2250.EUR.N,2026-09-16,Total,Over 1 and up to 5 years initial rate fixation,n/a,nivel,media_ponderada_volumen,serie MIR.M.NL.B.A2D.I.R.A.2250.EUR.N
Paises Bajos,credito_consumo_hogares_referencia,tipo | Bank interest rates - loans to households for other purposes with an interest rate fixation period of over one & up to five years (new business),4.7,pct_anual,2025-05,"BCE, ECB Data Portal, dataset MIR",https://data.ecb.europa.eu/data/datasets/MIR/MIR.MIR.M.NL.B.A2D.I.R.A.2250.EUR.N,2026-09-16,Total,Over 1 and up to 5 years initial rate fixation,n/a,nivel,media_ponderada_volumen,serie MIR.M.NL.B.A2D.I.R.A.2250.EUR.N
Paises Bajos,credito_consumo_hogares_referencia,tipo | Bank interest rates - loans to households for other purposes with an interest rate fixation period of over one & up to five years (new business),4.61,pct_anual,2025-06,"BCE, ECB Data Portal, dataset MIR",https://data.ecb.europa.eu/data/datasets/MIR/MIR.MIR.M.NL.B.A2D.I.R.A.2250.EUR.N,2026-09-16,Total,Over 1 and up to 5 years initial rate fixation,n/a,nivel,media_ponderada_volumen,serie MIR.M.NL.B.A2D.I.R.A.2250.EUR.N
Paises Bajos,credito_consumo_hogares_referencia,tipo | Bank interest rates - loans to households for other purposes with an interest rate fixation period of over one & up to five years (new business),4.49,pct_anual,2025-07,"BCE, ECB Data Portal, dataset MIR",https://data.ecb.europa.eu/data/datasets/MIR/MIR.MIR.M.NL.B.A2D.I.R.A.2250.EUR.N,2026-09-16,Total,Over 1 and up to 5 years initial rate fixation,n/a,nivel,media_ponderada_volumen,serie MIR.M.NL.B.A2D.I.R.A.2250.EUR.N
Paises Bajos,credito_consumo_hogares_referencia,tipo | Bank interest rates - loans to households for other purposes with an interest rate fixation period of over one & up to five years (new business),4.57,pct_anual,2025-08,"BCE, ECB Data Portal, dataset MIR",https://data.ecb.europa.eu/data/datasets/MIR/MIR.MIR.M.NL.B.A2D.I.R.A.2250.EUR.N,2026-09-16,Total,Over 1 and up to 5 years initial rate fixation,n/a,nivel,media_ponderada_volumen,serie MIR.M.NL.B.A2D.I.R.A.2250.EUR.N
Paises Bajos,credito_consumo_hogares_referencia,tipo | Bank interest rates - loans to households for other purposes with an interest rate fixation period of over one & up to five years (new business),4.46,pct_anual,2025-09,"BCE, ECB Data Portal, dataset MIR",https://data.ecb.europa.eu/data/datasets/MIR/MIR.MIR.M.NL.B.A2D.I.R.A.2250.EUR.N,2026-09-16,Total,Over 1 and up to 5 years initial rate fixation,n/a,nivel,media_ponderada_volumen,serie MIR.M.NL.B.A2D.I.R.A.2250.EUR.N
Paises Bajos,credito_consumo_hogares_referencia,tipo | Bank interest rates - loans to households for other purposes with an interest rate fixation period of over one & up to five years (new business),4.44,pct_anual,2025-10,"BCE, ECB Data Portal, dataset MIR",https://data.ecb.europa.eu/data/datasets/MIR/MIR.MIR.M.NL.B.A2D.I.R.A.2250.EUR.N,2026-09-16,Total,Over 1 and up to 5 years initial rate fixation,n/a,nivel,media_ponderada_volumen,serie MIR.M.NL.B.A2D.I.R.A.2250.EUR.N
Paises Bajos,credito_consumo_hogares_referencia,tipo | Bank interest rates - loans to households for other purposes with an interest rate fixation period of over one & up to five years (new business),4.5,pct_anual,2025-11,"BCE, ECB Data Portal, dataset MIR",https://data.ecb.europa.eu/data/datasets/MIR/MIR.MIR.M.NL.B.A2D.I.R.A.2250.EUR.N,2026-09-16,Total,Over 1 and up to 5 years initial rate fixation,n/a,nivel,media_ponderada_volumen,serie MIR.M.NL.B.A2D.I.R.A.2250.EUR.N
Paises Bajos,credito_consumo_hogares_referencia,tipo | Bank interest rates - loans to households for other purposes with an interest rate fixation period of over one & up to five years (new business),4.36,pct_anual,2025-12,"BCE, ECB Data Portal, dataset MIR",https://data.ecb.europa.eu/data/datasets/MIR/MIR.MIR.M.NL.B.A2D.I.R.A.2250.EUR.N,2026-09-16,Total,Over 1 and up to 5 years initial rate fixation,n/a,nivel,media_ponderada_volumen,serie MIR.M.NL.B.A2D.I.R.A.2250.EUR.N
Paises Bajos,credito_consumo_hogares_referencia,tipo | Bank interest rates - loans to households for other purposes with an interest rate fixation period of over one & up to five years (new business),4.57,pct_anual,2026-01,"BCE, ECB Data Portal, dataset MIR",https://data.ecb.europa.eu/data/datasets/MIR/MIR.MIR.M.NL.B.A2D.I.R.A.2250.EUR.N,2026-09-16,Total,Over 1 and up to 5 years initial rate fixation,n/a,nivel,media_ponderada_volumen,serie MIR.M.NL.B.A2D.I.R.A.2250.EUR.N
Paises Bajos,credito_consumo_hogares_referencia,tipo | Bank interest rates - loans to households for other purposes with an interest rate fixation period of over one & up to five years (new business),4.61,pct_anual,2026-02,"BCE, ECB Data Portal, dataset MIR",https://data.ecb.europa.eu/data/datasets/MIR/MIR.MIR.M.NL.B.A2D.I.R.A.2250.EUR.N,2026-09-16,Total,Over 1 and up to 5 years initial rate fixation,n/a,nivel,media_ponderada_volumen,serie MIR.M.NL.B.A2D.I.R.A.2250.EUR.N
Paises Bajos,credito_consumo_hogares_referencia,tipo | Bank interest rates - loans to households for other purposes with an interest rate fixation period of over one & up to five years (new business),4.62,pct_anual,2026-03,"BCE, ECB Data Portal, dataset MIR",https://data.ecb.europa.eu/data/datasets/MIR/MIR.MIR.M.NL.B.A2D.I.R.A.2250.EUR.N,2026-09-16,Total,Over 1 and up to 5 years initial rate fixation,n/a,nivel,media_ponderada_volumen,serie MIR.M.NL.B.A2D.I.R.A.2250.EUR.N
Paises Bajos,credito_consumo_hogares_referencia,tipo | Bank interest rates - loans to households for other purposes with an interest rate fixation period of over one & up to five years (new business),4.48,pct_anual,2026-04,"BCE, ECB Data Portal, dataset MIR",https://data.ecb.europa.eu/data/datasets/MIR/MIR.MIR.M.NL.B.A2D.I.R.A.2250.EUR.N,2026-09-16,Total,Over 1 and up to 5 years initial rate fixation,n/a,nivel,media_ponderada_volumen,serie MIR.M.NL.B.A2D.I.R.A.2250.EUR.N
Paises Bajos,credito_consumo_hogares_referencia,tipo | Bank interest rates - loans to households for other purposes with an interest rate fixation period of over one & up to five years (new business),4.79,pct_anual,2026-05,"BCE, ECB Data Portal, dataset MIR",https://data.ecb.europa.eu/data/datasets/MIR/MIR.MIR.M.NL.B.A2D.I.R.A.2250.EUR.N,2026-09-16,Total,Over 1 and up to 5 years initial rate fixation,n/a,nivel,media_ponderada_volumen,serie MIR.M.NL.B.A2D.I.R.A.2250.EUR.N
Paises Bajos,credito_consumo_hogares_referencia,tipo | Bank interest rates - loans to households for other purposes with an interest rate fixation period of over one & up to five years (new business),5.07,pct_anual,2026-06,"BCE, ECB Data Portal, dataset MIR",https://data.ecb.europa.eu/data/datasets/MIR/MIR.MIR.M.NL.B.A2D.I.R.A.2250.EUR.N,2026-09-16,Total,Over 1 and up to 5 years initial rate fixation,n/a,nivel,media_ponderada_volumen,serie MIR.M.NL.B.A2D.I.R.A.2250.EUR.N
Paises Bajos,credito_consumo_hogares_referencia,tipo | Bank interest rates - loans to households for other purposes with an interest rate fixation period of over one & up to five years (new business),4.99,pct_anual,2026-07,"BCE, ECB Data Portal, dataset MIR",https://data.ecb.europa.eu/data/datasets/MIR/MIR.MIR.M.NL.B.A2D.I.R.A.2250.EUR.N,2026-09-16,Total,Over 1 and up to 5 years initial rate fixation,n/a,nivel,media_ponderada_volumen,serie MIR.M.NL.B.A2D.I.R.A.2250.EUR.N
Paises Bajos,credito_consumo_hogares_referencia,tipo | Bank interest rates - loans to households for other purposes with an interest rate fixation period of over five years (new business),4.05,pct_anual,2025-01,"BCE, ECB Data Portal, dataset MIR",https://data.ecb.europa.eu/data/datasets/MIR/MIR.MIR.M.NL.B.A2D.J.R.A.2250.EUR.N,2026-09-16,Total,Over 5 years initial rate fixation,n/a,nivel,media_ponderada_volumen,serie MIR.M.NL.B.A2D.J.R.A.2250.EUR.N
Paises Bajos,credito_consumo_hogares_referencia,tipo | Bank interest rates - loans to households for other purposes with an interest rate fixation period of over five years (new business),4.53,pct_anual,2025-02,"BCE, ECB Data Portal, dataset MIR",https://data.ecb.europa.eu/data/datasets/MIR/MIR.MIR.M.NL.B.A2D.J.R.A.2250.EUR.N,2026-09-16,Total,Over 5 years initial rate fixation,n/a,nivel,media_ponderada_volumen,serie MIR.M.NL.B.A2D.J.R.A.2250.EUR.N
Paises Bajos,credito_consumo_hogares_referencia,tipo | Bank interest rates - loans to households for other purposes with an interest rate fixation period of over five years (new business),4.3,pct_anual,2025-03,"BCE, ECB Data Portal, dataset MIR",https://data.ecb.europa.eu/data/datasets/MIR/MIR.MIR.M.NL.B.A2D.J.R.A.2250.EUR.N,2026-09-16,Total,Over 5 years initial rate fixation,n/a,nivel,media_ponderada_volumen,serie MIR.M.NL.B.A2D.J.R.A.2250.EUR.N
Paises Bajos,credito_consumo_hogares_referencia,tipo | Bank interest rates - loans to households for other purposes with an interest rate fixation period of over five years (new business),4.33,pct_anual,2025-04,"BCE, ECB Data Portal, dataset MIR",https://data.ecb.europa.eu/data/datasets/MIR/MIR.MIR.M.NL.B.A2D.J.R.A.2250.EUR.N,2026-09-16,Total,Over 5 years initial rate fixation,n/a,nivel,media_ponderada_volumen,serie MIR.M.NL.B.A2D.J.R.A.2250.EUR.N
Paises Bajos,credito_consumo_hogares_referencia,tipo | Bank interest rates - loans to households for other purposes with an interest rate fixation period of over five years (new business),4.54,pct_anual,2025-05,"BCE, ECB Data Portal, dataset MIR",https://data.ecb.europa.eu/data/datasets/MIR/MIR.MIR.M.NL.B.A2D.J.R.A.2250.EUR.N,2026-09-16,Total,Over 5 years initial rate fixation,n/a,nivel,media_ponderada_volumen,serie MIR.M.NL.B.A2D.J.R.A.2250.EUR.N
Paises Bajos,credito_consumo_hogares_referencia,tipo | Bank interest rates - loans to households for other purposes with an interest rate fixation period of over five years (new business),4.56,pct_anual,2025-06,"BCE, ECB Data Portal, dataset MIR",https://data.ecb.europa.eu/data/datasets/MIR/MIR.MIR.M.NL.B.A2D.J.R.A.2250.EUR.N,2026-09-16,Total,Over 5 years initial rate fixation,n/a,nivel,media_ponderada_volumen,serie MIR.M.NL.B.A2D.J.R.A.2250.EUR.N
Paises Bajos,credito_consumo_hogares_referencia,tipo | Bank interest rates - loans to households for other purposes with an interest rate fixation period of over five years (new business),4.13,pct_anual,2025-07,"BCE, ECB Data Portal, dataset MIR",https://data.ecb.europa.eu/data/datasets/MIR/MIR.MIR.M.NL.B.A2D.J.R.A.2250.EUR.N,2026-09-16,Total,Over 5 years initial rate fixation,n/a,nivel,media_ponderada_volumen,serie MIR.M.NL.B.A2D.J.R.A.2250.EUR.N
Paises Bajos,credito_consumo_hogares_referencia,tipo | Bank interest rates - loans to households for other purposes with an interest rate fixation period of over five years (new business),4.53,pct_anual,2025-08,"BCE, ECB Data Portal, dataset MIR",https://data.ecb.europa.eu/data/datasets/MIR/MIR.MIR.M.NL.B.A2D.J.R.A.2250.EUR.N,2026-09-16,Total,Over 5 years initial rate fixation,n/a,nivel,media_ponderada_volumen,serie MIR.M.NL.B.A2D.J.R.A.2250.EUR.N
Paises Bajos,credito_consumo_hogares_referencia,tipo | Bank interest rates - loans to households for other purposes with an interest rate fixation period of over five years (new business),4.44,pct_anual,2025-09,"BCE, ECB Data Portal, dataset MIR",https://data.ecb.europa.eu/data/datasets/MIR/MIR.MIR.M.NL.B.A2D.J.R.A.2250.EUR.N,2026-09-16,Total,Over 5 years initial rate fixation,n/a,nivel,media_ponderada_volumen,serie MIR.M.NL.B.A2D.J.R.A.2250.EUR.N
Paises Bajos,credito_consumo_hogares_referencia,tipo | Bank interest rates - loans to households for other purposes with an interest rate fixation period of over five years (new business),4.49,pct_anual,2025-10,"BCE, ECB Data Portal, dataset MIR",https://data.ecb.europa.eu/data/datasets/MIR/MIR.MIR.M.NL.B.A2D.J.R.A.2250.EUR.N,2026-09-16,Total,Over 5 years initial rate fixation,n/a,nivel,media_ponderada_volumen,serie MIR.M.NL.B.A2D.J.R.A.2250.EUR.N
Paises Bajos,credito_consumo_hogares_referencia,tipo | Bank interest rates - loans to households for other purposes with an interest rate fixation period of over five years (new business),4.31,pct_anual,2025-11,"BCE, ECB Data Portal, dataset MIR",https://data.ecb.europa.eu/data/datasets/MIR/MIR.MIR.M.NL.B.A2D.J.R.A.2250.EUR.N,2026-09-16,Total,Over 5 years initial rate fixation,n/a,nivel,media_ponderada_volumen,serie MIR.M.NL.B.A2D.J.R.A.2250.EUR.N
Paises Bajos,credito_consumo_hogares_referencia,tipo | Bank interest rates - loans to households for other purposes with an interest rate fixation period of over five years (new business),4.32,pct_anual,2025-12,"BCE, ECB Data Portal, dataset MIR",https://data.ecb.europa.eu/data/datasets/MIR/MIR.MIR.M.NL.B.A2D.J.R.A.2250.EUR.N,2026-09-16,Total,Over 5 years initial rate fixation,n/a,nivel,media_ponderada_volumen,serie MIR.M.NL.B.A2D.J.R.A.2250.EUR.N
Paises Bajos,credito_consumo_hogares_referencia,tipo | Bank interest rates - loans to households for other purposes with an interest rate fixation period of over five years (new business),4.39,pct_anual,2026-01,"BCE, ECB Data Portal, dataset MIR",https://data.ecb.europa.eu/data/datasets/MIR/MIR.MIR.M.NL.B.A2D.J.R.A.2250.EUR.N,2026-09-16,Total,Over 5 years initial rate fixation,n/a,nivel,media_ponderada_volumen,serie MIR.M.NL.B.A2D.J.R.A.2250.EUR.N
Paises Bajos,credito_consumo_hogares_referencia,tipo | Bank interest rates - loans to households for other purposes with an interest rate fixation period of over five years (new business),4.01,pct_anual,2026-02,"BCE, ECB Data Portal, dataset MIR",https://data.ecb.europa.eu/data/datasets/MIR/MIR.MIR.M.NL.B.A2D.J.R.A.2250.EUR.N,2026-09-16,Total,Over 5 years initial rate fixation,n/a,nivel,media_ponderada_volumen,serie MIR.M.NL.B.A2D.J.R.A.2250.EUR.N
Paises Bajos,credito_consumo_hogares_referencia,tipo | Bank interest rates - loans to households for other purposes with an interest rate fixation period of over five years (new business),4,pct_anual,2026-03,"BCE, ECB Data Portal, dataset MIR",https://data.ecb.europa.eu/data/datasets/MIR/MIR.MIR.M.NL.B.A2D.J.R.A.2250.EUR.N,2026-09-16,Total,Over 5 years initial rate fixation,n/a,nivel,media_ponderada_volumen,serie MIR.M.NL.B.A2D.J.R.A.2250.EUR.N
Paises Bajos,credito_consumo_hogares_referencia,tipo | Bank interest rates - loans to households for other purposes with an interest rate fixation period of over five years (new business),4.53,pct_anual,2026-04,"BCE, ECB Data Portal, dataset MIR",https://data.ecb.europa.eu/data/datasets/MIR/MIR.MIR.M.NL.B.A2D.J.R.A.2250.EUR.N,2026-09-16,Total,Over 5 years initial rate fixation,n/a,nivel,media_ponderada_volumen,serie MIR.M.NL.B.A2D.J.R.A.2250.EUR.N
Paises Bajos,credito_consumo_hogares_referencia,tipo | Bank interest rates - loans to households for other purposes with an interest rate fixation period of over five years (new business),4.64,pct_anual,2026-05,"BCE, ECB Data Portal, dataset MIR",https://data.ecb.europa.eu/data/datasets/MIR/MIR.MIR.M.NL.B.A2D.J.R.A.2250.EUR.N,2026-09-16,Total,Over 5 years initial rate fixation,n/a,nivel,media_ponderada_volumen,serie MIR.M.NL.B.A2D.J.R.A.2250.EUR.N
Paises Bajos,credito_consumo_hogares_referencia,tipo | Bank interest rates - loans to households for other purposes with an interest rate fixation period of over five years (new business),4.53,pct_anual,2026-06,"BCE, ECB Data Portal, dataset MIR",https://data.ecb.europa.eu/data/datasets/MIR/MIR.MIR.M.NL.B.A2D.J.R.A.2250.EUR.N,2026-09-16,Total,Over 5 years initial rate fixation,n/a,nivel,media_ponderada_volumen,serie MIR.M.NL.B.A2D.J.R.A.2250.EUR.N
Paises Bajos,credito_consumo_hogares_referencia,tipo | Bank interest rates - loans to households for other purposes with an interest rate fixation period of over five years (new business),4.74,pct_anual,2026-07,"BCE, ECB Data Portal, dataset MIR",https://data.ecb.europa.eu/data/datasets/MIR/MIR.MIR.M.NL.B.A2D.J.R.A.2250.EUR.N,2026-09-16,Total,Over 5 years initial rate fixation,n/a,nivel,media_ponderada_volumen,serie MIR.M.NL.B.A2D.J.R.A.2250.EUR.N
Paises Bajos,credito_consumo_hogares_referencia,tipo | Bank interest rates - loans to households for other purposes with an interest rate fixation period of over one year (new business),4.47,pct_anual,2025-01,"BCE, ECB Data Portal, dataset MIR",https://data.ecb.europa.eu/data/datasets/MIR/MIR.MIR.M.NL.B.A2D.K.R.A.2250.EUR.N,2026-09-16,Total,Over 1 year initial rate fixation,n/a,nivel,media_ponderada_volumen,serie MIR.M.NL.B.A2D.K.R.A.2250.EUR.N
Paises Bajos,credito_consumo_hogares_referencia,tipo | Bank interest rates - loans to households for other purposes with an interest rate fixation period of over one year (new business),4.61,pct_anual,2025-02,"BCE, ECB Data Portal, dataset MIR",https://data.ecb.europa.eu/data/datasets/MIR/MIR.MIR.M.NL.B.A2D.K.R.A.2250.EUR.N,2026-09-16,Total,Over 1 year initial rate fixation,n/a,nivel,media_ponderada_volumen,serie MIR.M.NL.B.A2D.K.R.A.2250.EUR.N
Paises Bajos,credito_consumo_hogares_referencia,tipo | Bank interest rates - loans to households for other purposes with an interest rate fixation period of over one year (new business),4.64,pct_anual,2025-03,"BCE, ECB Data Portal, dataset MIR",https://data.ecb.europa.eu/data/datasets/MIR/MIR.MIR.M.NL.B.A2D.K.R.A.2250.EUR.N,2026-09-16,Total,Over 1 year initial rate fixation,n/a,nivel,media_ponderada_volumen,serie MIR.M.NL.B.A2D.K.R.A.2250.EUR.N
Paises Bajos,credito_consumo_hogares_referencia,tipo | Bank interest rates - loans to households for other purposes with an interest rate fixation period of over one year (new business),4.65,pct_anual,2025-04,"BCE, ECB Data Portal, dataset MIR",https://data.ecb.europa.eu/data/datasets/MIR/MIR.MIR.M.NL.B.A2D.K.R.A.2250.EUR.N,2026-09-16,Total,Over 1 year initial rate fixation,n/a,nivel,media_ponderada_volumen,serie MIR.M.NL.B.A2D.K.R.A.2250.EUR.N
Paises Bajos,credito_consumo_hogares_referencia,tipo | Bank interest rates - loans to households for other purposes with an interest rate fixation period of over one year (new business),4.67,pct_anual,2025-05,"BCE, ECB Data Portal, dataset MIR",https://data.ecb.europa.eu/data/datasets/MIR/MIR.MIR.M.NL.B.A2D.K.R.A.2250.EUR.N,2026-09-16,Total,Over 1 year initial rate fixation,n/a,nivel,media_ponderada_volumen,serie MIR.M.NL.B.A2D.K.R.A.2250.EUR.N
Paises Bajos,credito_consumo_hogares_referencia,tipo | Bank interest rates - loans to households for other purposes with an interest rate fixation period of over one year (new business),4.6,pct_anual,2025-06,"BCE, ECB Data Portal, dataset MIR",https://data.ecb.europa.eu/data/datasets/MIR/MIR.MIR.M.NL.B.A2D.K.R.A.2250.EUR.N,2026-09-16,Total,Over 1 year initial rate fixation,n/a,nivel,media_ponderada_volumen,serie MIR.M.NL.B.A2D.K.R.A.2250.EUR.N
Paises Bajos,credito_consumo_hogares_referencia,tipo | Bank interest rates - loans to households for other purposes with an interest rate fixation period of over one year (new business),4.42,pct_anual,2025-07,"BCE, ECB Data Portal, dataset MIR",https://data.ecb.europa.eu/data/datasets/MIR/MIR.MIR.M.NL.B.A2D.K.R.A.2250.EUR.N,2026-09-16,Total,Over 1 year initial rate fixation,n/a,nivel,media_ponderada_volumen,serie MIR.M.NL.B.A2D.K.R.A.2250.EUR.N
Paises Bajos,credito_consumo_hogares_referencia,tipo | Bank interest rates - loans to households for other purposes with an interest rate fixation period of over one year (new business),4.56,pct_anual,2025-08,"BCE, ECB Data Portal, dataset MIR",https://data.ecb.europa.eu/data/datasets/MIR/MIR.MIR.M.NL.B.A2D.K.R.A.2250.EUR.N,2026-09-16,Total,Over 1 year initial rate fixation,n/a,nivel,media_ponderada_volumen,serie MIR.M.NL.B.A2D.K.R.A.2250.EUR.N
Paises Bajos,credito_consumo_hogares_referencia,tipo | Bank interest rates - loans to households for other purposes with an interest rate fixation period of over one year (new business),4.45,pct_anual,2025-09,"BCE, ECB Data Portal, dataset MIR",https://data.ecb.europa.eu/data/datasets/MIR/MIR.MIR.M.NL.B.A2D.K.R.A.2250.EUR.N,2026-09-16,Total,Over 1 year initial rate fixation,n/a,nivel,media_ponderada_volumen,serie MIR.M.NL.B.A2D.K.R.A.2250.EUR.N
Paises Bajos,credito_consumo_hogares_referencia,tipo | Bank interest rates - loans to households for other purposes with an interest rate fixation period of over one year (new business),4.45,pct_anual,2025-10,"BCE, ECB Data Portal, dataset MIR",https://data.ecb.europa.eu/data/datasets/MIR/MIR.MIR.M.NL.B.A2D.K.R.A.2250.EUR.N,2026-09-16,Total,Over 1 year initial rate fixation,n/a,nivel,media_ponderada_volumen,serie MIR.M.NL.B.A2D.K.R.A.2250.EUR.N
Paises Bajos,credito_consumo_hogares_referencia,tipo | Bank interest rates - loans to households for other purposes with an interest rate fixation period of over one year (new business),4.45,pct_anual,2025-11,"BCE, ECB Data Portal, dataset MIR",https://data.ecb.europa.eu/data/datasets/MIR/MIR.MIR.M.NL.B.A2D.K.R.A.2250.EUR.N,2026-09-16,Total,Over 1 year initial rate fixation,n/a,nivel,media_ponderada_volumen,serie MIR.M.NL.B.A2D.K.R.A.2250.EUR.N
Paises Bajos,credito_consumo_hogares_referencia,tipo | Bank interest rates - loans to households for other purposes with an interest rate fixation period of over one year (new business),4.35,pct_anual,2025-12,"BCE, ECB Data Portal, dataset MIR",https://data.ecb.europa.eu/data/datasets/MIR/MIR.MIR.M.NL.B.A2D.K.R.A.2250.EUR.N,2026-09-16,Total,Over 1 year initial rate fixation,n/a,nivel,media_ponderada_volumen,serie MIR.M.NL.B.A2D.K.R.A.2250.EUR.N
Paises Bajos,credito_consumo_hogares_referencia,tipo | Bank interest rates - loans to households for other purposes with an interest rate fixation period of over one year (new business),4.53,pct_anual,2026-01,"BCE, ECB Data Portal, dataset MIR",https://data.ecb.europa.eu/data/datasets/MIR/MIR.MIR.M.NL.B.A2D.K.R.A.2250.EUR.N,2026-09-16,Total,Over 1 year initial rate fixation,n/a,nivel,media_ponderada_volumen,serie MIR.M.NL.B.A2D.K.R.A.2250.EUR.N
Paises Bajos,credito_consumo_hogares_referencia,tipo | Bank interest rates - loans to households for other purposes with an interest rate fixation period of over one year (new business),4.46,pct_anual,2026-02,"BCE, ECB Data Portal, dataset MIR",https://data.ecb.europa.eu/data/datasets/MIR/MIR.MIR.M.NL.B.A2D.K.R.A.2250.EUR.N,2026-09-16,Total,Over 1 year initial rate fixation,n/a,nivel,media_ponderada_volumen,serie MIR.M.NL.B.A2D.K.R.A.2250.EUR.N
Paises Bajos,credito_consumo_hogares_referencia,tipo | Bank interest rates - loans to households for other purposes with an interest rate fixation period of over one year (new business),4.44,pct_anual,2026-03,"BCE, ECB Data Portal, dataset MIR",https://data.ecb.europa.eu/data/datasets/MIR/MIR.MIR.M.NL.B.A2D.K.R.A.2250.EUR.N,2026-09-16,Total,Over 1 year initial rate fixation,n/a,nivel,media_ponderada_volumen,serie MIR.M.NL.B.A2D.K.R.A.2250.EUR.N
Paises Bajos,credito_consumo_hogares_referencia,tipo | Bank interest rates - loans to households for other purposes with an interest rate fixation period of over one year (new business),4.49,pct_anual,2026-04,"BCE, ECB Data Portal, dataset MIR",https://data.ecb.europa.eu/data/datasets/MIR/MIR.MIR.M.NL.B.A2D.K.R.A.2250.EUR.N,2026-09-16,Total,Over 1 year initial rate fixation,n/a,nivel,media_ponderada_volumen,serie MIR.M.NL.B.A2D.K.R.A.2250.EUR.N
Paises Bajos,credito_consumo_hogares_referencia,tipo | Bank interest rates - loans to households for other purposes with an interest rate fixation period of over one year (new business),4.76,pct_anual,2026-05,"BCE, ECB Data Portal, dataset MIR",https://data.ecb.europa.eu/data/datasets/MIR/MIR.MIR.M.NL.B.A2D.K.R.A.2250.EUR.N,2026-09-16,Total,Over 1 year initial rate fixation,n/a,nivel,media_ponderada_volumen,serie MIR.M.NL.B.A2D.K.R.A.2250.EUR.N
Paises Bajos,credito_consumo_hogares_referencia,tipo | Bank interest rates - loans to households for other purposes with an interest rate fixation period of over one year (new business),4.9,pct_anual,2026-06,"BCE, ECB Data Portal, dataset MIR",https://data.ecb.europa.eu/data/datasets/MIR/MIR.MIR.M.NL.B.A2D.K.R.A.2250.EUR.N,2026-09-16,Total,Over 1 year initial rate fixation,n/a,nivel,media_ponderada_volumen,serie MIR.M.NL.B.A2D.K.R.A.2250.EUR.N
Paises Bajos,credito_consumo_hogares_referencia,tipo | Bank interest rates - loans to households for other purposes with an interest rate fixation period of over one year (new business),4.91,pct_anual,2026-07,"BCE, ECB Data Portal, dataset MIR",https://data.ecb.europa.eu/data/datasets/MIR/MIR.MIR.M.NL.B.A2D.K.R.A.2250.EUR.N,2026-09-16,Total,Over 1 year initial rate fixation,n/a,nivel,media_ponderada_volumen,serie MIR.M.NL.B.A2D.K.R.A.2250.EUR.N
Paises Bajos,credito_consumo_hogares_referencia,volumen | Bank business volumes - loans to households for other purposes (new business),580,eur_millones,2025-01,"BCE, ECB Data Portal, dataset MIR",https://data.ecb.europa.eu/data/datasets/MIR/MIR.MIR.M.NL.B.A2D.A.B.A.2250.EUR.N,2026-09-16,Total,Total initial rate fixation,n/a,volumen,dato_unico,serie MIR.M.NL.B.A2D.A.B.A.2250.EUR.N
Paises Bajos,credito_consumo_hogares_referencia,volumen | Bank business volumes - loans to households for other purposes (new business),335,eur_millones,2025-02,"BCE, ECB Data Portal, dataset MIR",https://data.ecb.europa.eu/data/datasets/MIR/MIR.MIR.M.NL.B.A2D.A.B.A.2250.EUR.N,2026-09-16,Total,Total initial rate fixation,n/a,volumen,dato_unico,serie MIR.M.NL.B.A2D.A.B.A.2250.EUR.N
Paises Bajos,credito_consumo_hogares_referencia,volumen | Bank business volumes - loans to households for other purposes (new business),367,eur_millones,2025-03,"BCE, ECB Data Portal, dataset MIR",https://data.ecb.europa.eu/data/datasets/MIR/MIR.MIR.M.NL.B.A2D.A.B.A.2250.EUR.N,2026-09-16,Total,Total initial rate fixation,n/a,volumen,dato_unico,serie MIR.M.NL.B.A2D.A.B.A.2250.EUR.N
Paises Bajos,credito_consumo_hogares_referencia,volumen | Bank business volumes - loans to households for other purposes (new business),426,eur_millones,2025-04,"BCE, ECB Data Portal, dataset MIR",https://data.ecb.europa.eu/data/datasets/MIR/MIR.MIR.M.NL.B.A2D.A.B.A.2250.EUR.N,2026-09-16,Total,Total initial rate fixation,n/a,volumen,dato_unico,serie MIR.M.NL.B.A2D.A.B.A.2250.EUR.N
Paises Bajos,credito_consumo_hogares_referencia,volumen | Bank business volumes - loans to households for other purposes (new business),310,eur_millones,2025-05,"BCE, ECB Data Portal, dataset MIR",https://data.ecb.europa.eu/data/datasets/MIR/MIR.MIR.M.NL.B.A2D.A.B.A.2250.EUR.N,2026-09-16,Total,Total initial rate fixation,n/a,volumen,dato_unico,serie MIR.M.NL.B.A2D.A.B.A.2250.EUR.N
Paises Bajos,credito_consumo_hogares_referencia,volumen | Bank business volumes - loans to households for other purposes (new business),380,eur_millones,2025-06,"BCE, ECB Data Portal, dataset MIR",https://data.ecb.europa.eu/data/datasets/MIR/MIR.MIR.M.NL.B.A2D.A.B.A.2250.EUR.N,2026-09-16,Total,Total initial rate fixation,n/a,volumen,dato_unico,serie MIR.M.NL.B.A2D.A.B.A.2250.EUR.N
Paises Bajos,credito_consumo_hogares_referencia,volumen | Bank business volumes - loans to households for other purposes (new business),511,eur_millones,2025-07,"BCE, ECB Data Portal, dataset MIR",https://data.ecb.europa.eu/data/datasets/MIR/MIR.MIR.M.NL.B.A2D.A.B.A.2250.EUR.N,2026-09-16,Total,Total initial rate fixation,n/a,volumen,dato_unico,serie MIR.M.NL.B.A2D.A.B.A.2250.EUR.N
Paises Bajos,credito_consumo_hogares_referencia,volumen | Bank business volumes - loans to households for other purposes (new business),292,eur_millones,2025-08,"BCE, ECB Data Portal, dataset MIR",https://data.ecb.europa.eu/data/datasets/MIR/MIR.MIR.M.NL.B.A2D.A.B.A.2250.EUR.N,2026-09-16,Total,Total initial rate fixation,n/a,volumen,dato_unico,serie MIR.M.NL.B.A2D.A.B.A.2250.EUR.N
Paises Bajos,credito_consumo_hogares_referencia,volumen | Bank business volumes - loans to households for other purposes (new business),313,eur_millones,2025-09,"BCE, ECB Data Portal, dataset MIR",https://data.ecb.europa.eu/data/datasets/MIR/MIR.MIR.M.NL.B.A2D.A.B.A.2250.EUR.N,2026-09-16,Total,Total initial rate fixation,n/a,volumen,dato_unico,serie MIR.M.NL.B.A2D.A.B.A.2250.EUR.N
Paises Bajos,credito_consumo_hogares_referencia,volumen | Bank business volumes - loans to households for other purposes (new business),365,eur_millones,2025-10,"BCE, ECB Data Portal, dataset MIR",https://data.ecb.europa.eu/data/datasets/MIR/MIR.MIR.M.NL.B.A2D.A.B.A.2250.EUR.N,2026-09-16,Total,Total initial rate fixation,n/a,volumen,dato_unico,serie MIR.M.NL.B.A2D.A.B.A.2250.EUR.N
Paises Bajos,credito_consumo_hogares_referencia,volumen | Bank business volumes - loans to households for other purposes (new business),261,eur_millones,2025-11,"BCE, ECB Data Portal, dataset MIR",https://data.ecb.europa.eu/data/datasets/MIR/MIR.MIR.M.NL.B.A2D.A.B.A.2250.EUR.N,2026-09-16,Total,Total initial rate fixation,n/a,volumen,dato_unico,serie MIR.M.NL.B.A2D.A.B.A.2250.EUR.N
Paises Bajos,credito_consumo_hogares_referencia,volumen | Bank business volumes - loans to households for other purposes (new business),571,eur_millones,2025-12,"BCE, ECB Data Portal, dataset MIR",https://data.ecb.europa.eu/data/datasets/MIR/MIR.MIR.M.NL.B.A2D.A.B.A.2250.EUR.N,2026-09-16,Total,Total initial rate fixation,n/a,volumen,dato_unico,serie MIR.M.NL.B.A2D.A.B.A.2250.EUR.N
Paises Bajos,credito_consumo_hogares_referencia,volumen | Bank business volumes - loans to households for other purposes (new business),484,eur_millones,2026-01,"BCE, ECB Data Portal, dataset MIR",https://data.ecb.europa.eu/data/datasets/MIR/MIR.MIR.M.NL.B.A2D.A.B.A.2250.EUR.N,2026-09-16,Total,Total initial rate fixation,n/a,volumen,dato_unico,serie MIR.M.NL.B.A2D.A.B.A.2250.EUR.N
Paises Bajos,credito_consumo_hogares_referencia,volumen | Bank business volumes - loans to households for other purposes (new business),383,eur_millones,2026-02,"BCE, ECB Data Portal, dataset MIR",https://data.ecb.europa.eu/data/datasets/MIR/MIR.MIR.M.NL.B.A2D.A.B.A.2250.EUR.N,2026-09-16,Total,Total initial rate fixation,n/a,volumen,dato_unico,serie MIR.M.NL.B.A2D.A.B.A.2250.EUR.N
Paises Bajos,credito_consumo_hogares_referencia,volumen | Bank business volumes - loans to households for other purposes (new business),355,eur_millones,2026-03,"BCE, ECB Data Portal, dataset MIR",https://data.ecb.europa.eu/data/datasets/MIR/MIR.MIR.M.NL.B.A2D.A.B.A.2250.EUR.N,2026-09-16,Total,Total initial rate fixation,n/a,volumen,dato_unico,serie MIR.M.NL.B.A2D.A.B.A.2250.EUR.N
Paises Bajos,credito_consumo_hogares_referencia,volumen | Bank business volumes - loans to households for other purposes (new business),535,eur_millones,2026-04,"BCE, ECB Data Portal, dataset MIR",https://data.ecb.europa.eu/data/datasets/MIR/MIR.MIR.M.NL.B.A2D.A.B.A.2250.EUR.N,2026-09-16,Total,Total initial rate fixation,n/a,volumen,dato_unico,serie MIR.M.NL.B.A2D.A.B.A.2250.EUR.N
Paises Bajos,credito_consumo_hogares_referencia,volumen | Bank business volumes - loans to households for other purposes (new business),389,eur_millones,2026-05,"BCE, ECB Data Portal, dataset MIR",https://data.ecb.europa.eu/data/datasets/MIR/MIR.MIR.M.NL.B.A2D.A.B.A.2250.EUR.N,2026-09-16,Total,Total initial rate fixation,n/a,volumen,dato_unico,serie MIR.M.NL.B.A2D.A.B.A.2250.EUR.N
Paises Bajos,credito_consumo_hogares_referencia,volumen | Bank business volumes - loans to households for other purposes (new business),352,eur_millones,2026-06,"BCE, ECB Data Portal, dataset MIR",https://data.ecb.europa.eu/data/datasets/MIR/MIR.MIR.M.NL.B.A2D.A.B.A.2250.EUR.N,2026-09-16,Total,Total initial rate fixation,n/a,volumen,dato_unico,serie MIR.M.NL.B.A2D.A.B.A.2250.EUR.N
Paises Bajos,credito_consumo_hogares_referencia,volumen | Bank business volumes - loans to households for other purposes (new business),556,eur_millones,2026-07,"BCE, ECB Data Portal, dataset MIR",https://data.ecb.europa.eu/data/datasets/MIR/MIR.MIR.M.NL.B.A2D.A.B.A.2250.EUR.N,2026-09-16,Total,Total initial rate fixation,n/a,volumen,dato_unico,serie MIR.M.NL.B.A2D.A.B.A.2250.EUR.N
Zona euro (referencia),credito_consumo_hogares_referencia,tipo | Bank interest rates - loans to households for other purposes (new business),4.46,pct_anual,2025-01,"BCE, ECB Data Portal, dataset MIR",https://data.ecb.europa.eu/data/datasets/MIR/MIR.MIR.M.U2.B.A2D.A.R.A.2250.EUR.N,2026-09-16,Total,Total initial rate fixation,n/a,nivel,media_ponderada_volumen,serie MIR.M.U2.B.A2D.A.R.A.2250.EUR.N
Zona euro (referencia),credito_consumo_hogares_referencia,tipo | Bank interest rates - loans to households for other purposes (new business),4.43,pct_anual,2025-02,"BCE, ECB Data Portal, dataset MIR",https://data.ecb.europa.eu/data/datasets/MIR/MIR.MIR.M.U2.B.A2D.A.R.A.2250.EUR.N,2026-09-16,Total,Total initial rate fixation,n/a,nivel,media_ponderada_volumen,serie MIR.M.U2.B.A2D.A.R.A.2250.EUR.N
Zona euro (referencia),credito_consumo_hogares_referencia,tipo | Bank interest rates - loans to households for other purposes (new business),4.35,pct_anual,2025-03,"BCE, ECB Data Portal, dataset MIR",https://data.ecb.europa.eu/data/datasets/MIR/MIR.MIR.M.U2.B.A2D.A.R.A.2250.EUR.N,2026-09-16,Total,Total initial rate fixation,n/a,nivel,media_ponderada_volumen,serie MIR.M.U2.B.A2D.A.R.A.2250.EUR.N
Zona euro (referencia),credito_consumo_hogares_referencia,tipo | Bank interest rates - loans to households for other purposes (new business),4.29,pct_anual,2025-04,"BCE, ECB Data Portal, dataset MIR",https://data.ecb.europa.eu/data/datasets/MIR/MIR.MIR.M.U2.B.A2D.A.R.A.2250.EUR.N,2026-09-16,Total,Total initial rate fixation,n/a,nivel,media_ponderada_volumen,serie MIR.M.U2.B.A2D.A.R.A.2250.EUR.N
Zona euro (referencia),credito_consumo_hogares_referencia,tipo | Bank interest rates - loans to households for other purposes (new business),4.18,pct_anual,2025-05,"BCE, ECB Data Portal, dataset MIR",https://data.ecb.europa.eu/data/datasets/MIR/MIR.MIR.M.U2.B.A2D.A.R.A.2250.EUR.N,2026-09-16,Total,Total initial rate fixation,n/a,nivel,media_ponderada_volumen,serie MIR.M.U2.B.A2D.A.R.A.2250.EUR.N
Zona euro (referencia),credito_consumo_hogares_referencia,tipo | Bank interest rates - loans to households for other purposes (new business),4.03,pct_anual,2025-06,"BCE, ECB Data Portal, dataset MIR",https://data.ecb.europa.eu/data/datasets/MIR/MIR.MIR.M.U2.B.A2D.A.R.A.2250.EUR.N,2026-09-16,Total,Total initial rate fixation,n/a,nivel,media_ponderada_volumen,serie MIR.M.U2.B.A2D.A.R.A.2250.EUR.N
Zona euro (referencia),credito_consumo_hogares_referencia,tipo | Bank interest rates - loans to households for other purposes (new business),4.01,pct_anual,2025-07,"BCE, ECB Data Portal, dataset MIR",https://data.ecb.europa.eu/data/datasets/MIR/MIR.MIR.M.U2.B.A2D.A.R.A.2250.EUR.N,2026-09-16,Total,Total initial rate fixation,n/a,nivel,media_ponderada_volumen,serie MIR.M.U2.B.A2D.A.R.A.2250.EUR.N
Zona euro (referencia),credito_consumo_hogares_referencia,tipo | Bank interest rates - loans to households for other purposes (new business),4.1,pct_anual,2025-08,"BCE, ECB Data Portal, dataset MIR",https://data.ecb.europa.eu/data/datasets/MIR/MIR.MIR.M.U2.B.A2D.A.R.A.2250.EUR.N,2026-09-16,Total,Total initial rate fixation,n/a,nivel,media_ponderada_volumen,serie MIR.M.U2.B.A2D.A.R.A.2250.EUR.N
Zona euro (referencia),credito_consumo_hogares_referencia,tipo | Bank interest rates - loans to households for other purposes (new business),4.08,pct_anual,2025-09,"BCE, ECB Data Portal, dataset MIR",https://data.ecb.europa.eu/data/datasets/MIR/MIR.MIR.M.U2.B.A2D.A.R.A.2250.EUR.N,2026-09-16,Total,Total initial rate fixation,n/a,nivel,media_ponderada_volumen,serie MIR.M.U2.B.A2D.A.R.A.2250.EUR.N
Zona euro (referencia),credito_consumo_hogares_referencia,tipo | Bank interest rates - loans to households for other purposes (new business),4.08,pct_anual,2025-10,"BCE, ECB Data Portal, dataset MIR",https://data.ecb.europa.eu/data/datasets/MIR/MIR.MIR.M.U2.B.A2D.A.R.A.2250.EUR.N,2026-09-16,Total,Total initial rate fixation,n/a,nivel,media_ponderada_volumen,serie MIR.M.U2.B.A2D.A.R.A.2250.EUR.N
Zona euro (referencia),credito_consumo_hogares_referencia,tipo | Bank interest rates - loans to households for other purposes (new business),4.02,pct_anual,2025-11,"BCE, ECB Data Portal, dataset MIR",https://data.ecb.europa.eu/data/datasets/MIR/MIR.MIR.M.U2.B.A2D.A.R.A.2250.EUR.N,2026-09-16,Total,Total initial rate fixation,n/a,nivel,media_ponderada_volumen,serie MIR.M.U2.B.A2D.A.R.A.2250.EUR.N
Zona euro (referencia),credito_consumo_hogares_referencia,tipo | Bank interest rates - loans to households for other purposes (new business),3.89,pct_anual,2025-12,"BCE, ECB Data Portal, dataset MIR",https://data.ecb.europa.eu/data/datasets/MIR/MIR.MIR.M.U2.B.A2D.A.R.A.2250.EUR.N,2026-09-16,Total,Total initial rate fixation,n/a,nivel,media_ponderada_volumen,serie MIR.M.U2.B.A2D.A.R.A.2250.EUR.N
Zona euro (referencia),credito_consumo_hogares_referencia,tipo | Bank interest rates - loans to households for other purposes (new business),4.03,pct_anual,2026-01,"BCE, ECB Data Portal, dataset MIR",https://data.ecb.europa.eu/data/datasets/MIR/MIR.MIR.M.U2.B.A2D.A.R.A.2250.EUR.N,2026-09-16,Total,Total initial rate fixation,n/a,nivel,media_ponderada_volumen,serie MIR.M.U2.B.A2D.A.R.A.2250.EUR.N
Zona euro (referencia),credito_consumo_hogares_referencia,tipo | Bank interest rates - loans to households for other purposes (new business),4.06,pct_anual,2026-02,"BCE, ECB Data Portal, dataset MIR",https://data.ecb.europa.eu/data/datasets/MIR/MIR.MIR.M.U2.B.A2D.A.R.A.2250.EUR.N,2026-09-16,Total,Total initial rate fixation,n/a,nivel,media_ponderada_volumen,serie MIR.M.U2.B.A2D.A.R.A.2250.EUR.N
Zona euro (referencia),credito_consumo_hogares_referencia,tipo | Bank interest rates - loans to households for other purposes (new business),4.04,pct_anual,2026-03,"BCE, ECB Data Portal, dataset MIR",https://data.ecb.europa.eu/data/datasets/MIR/MIR.MIR.M.U2.B.A2D.A.R.A.2250.EUR.N,2026-09-16,Total,Total initial rate fixation,n/a,nivel,media_ponderada_volumen,serie MIR.M.U2.B.A2D.A.R.A.2250.EUR.N
Zona euro (referencia),credito_consumo_hogares_referencia,tipo | Bank interest rates - loans to households for other purposes (new business),4.13,pct_anual,2026-04,"BCE, ECB Data Portal, dataset MIR",https://data.ecb.europa.eu/data/datasets/MIR/MIR.MIR.M.U2.B.A2D.A.R.A.2250.EUR.N,2026-09-16,Total,Total initial rate fixation,n/a,nivel,media_ponderada_volumen,serie MIR.M.U2.B.A2D.A.R.A.2250.EUR.N
Zona euro (referencia),credito_consumo_hogares_referencia,tipo | Bank interest rates - loans to households for other purposes (new business),4.17,pct_anual,2026-05,"BCE, ECB Data Portal, dataset MIR",https://data.ecb.europa.eu/data/datasets/MIR/MIR.MIR.M.U2.B.A2D.A.R.A.2250.EUR.N,2026-09-16,Total,Total initial rate fixation,n/a,nivel,media_ponderada_volumen,serie MIR.M.U2.B.A2D.A.R.A.2250.EUR.N
Zona euro (referencia),credito_consumo_hogares_referencia,tipo | Bank interest rates - loans to households for other purposes (new business),4.21,pct_anual,2026-06,"BCE, ECB Data Portal, dataset MIR",https://data.ecb.europa.eu/data/datasets/MIR/MIR.MIR.M.U2.B.A2D.A.R.A.2250.EUR.N,2026-09-16,Total,Total initial rate fixation,n/a,nivel,media_ponderada_volumen,serie MIR.M.U2.B.A2D.A.R.A.2250.EUR.N
Zona euro (referencia),credito_consumo_hogares_referencia,tipo | Bank interest rates - loans to households for other purposes (new business),4.29,pct_anual,2026-07,"BCE, ECB Data Portal, dataset MIR",https://data.ecb.europa.eu/data/datasets/MIR/MIR.MIR.M.U2.B.A2D.A.R.A.2250.EUR.N,2026-09-16,Total,Total initial rate fixation,n/a,nivel,media_ponderada_volumen,serie MIR.M.U2.B.A2D.A.R.A.2250.EUR.N; OBS_STATUS=P (no definitivo)
Zona euro (referencia),credito_consumo_hogares_referencia,tipo | Bank interest rates - loans to households for other purposes with a variable rate and an interest rate fixation period of up to one year (new business),4.53,pct_anual,2025-01,"BCE, ECB Data Portal, dataset MIR",https://data.ecb.europa.eu/data/datasets/MIR/MIR.MIR.M.U2.B.A2D.F.R.A.2250.EUR.N,2026-09-16,Total,Up to 1 year initial rate fixation,n/a,nivel,media_ponderada_volumen,serie MIR.M.U2.B.A2D.F.R.A.2250.EUR.N
Zona euro (referencia),credito_consumo_hogares_referencia,tipo | Bank interest rates - loans to households for other purposes with a variable rate and an interest rate fixation period of up to one year (new business),4.46,pct_anual,2025-02,"BCE, ECB Data Portal, dataset MIR",https://data.ecb.europa.eu/data/datasets/MIR/MIR.MIR.M.U2.B.A2D.F.R.A.2250.EUR.N,2026-09-16,Total,Up to 1 year initial rate fixation,n/a,nivel,media_ponderada_volumen,serie MIR.M.U2.B.A2D.F.R.A.2250.EUR.N
Zona euro (referencia),credito_consumo_hogares_referencia,tipo | Bank interest rates - loans to households for other purposes with a variable rate and an interest rate fixation period of up to one year (new business),4.34,pct_anual,2025-03,"BCE, ECB Data Portal, dataset MIR",https://data.ecb.europa.eu/data/datasets/MIR/MIR.MIR.M.U2.B.A2D.F.R.A.2250.EUR.N,2026-09-16,Total,Up to 1 year initial rate fixation,n/a,nivel,media_ponderada_volumen,serie MIR.M.U2.B.A2D.F.R.A.2250.EUR.N
Zona euro (referencia),credito_consumo_hogares_referencia,tipo | Bank interest rates - loans to households for other purposes with a variable rate and an interest rate fixation period of up to one year (new business),4.26,pct_anual,2025-04,"BCE, ECB Data Portal, dataset MIR",https://data.ecb.europa.eu/data/datasets/MIR/MIR.MIR.M.U2.B.A2D.F.R.A.2250.EUR.N,2026-09-16,Total,Up to 1 year initial rate fixation,n/a,nivel,media_ponderada_volumen,serie MIR.M.U2.B.A2D.F.R.A.2250.EUR.N
Zona euro (referencia),credito_consumo_hogares_referencia,tipo | Bank interest rates - loans to households for other purposes with a variable rate and an interest rate fixation period of up to one year (new business),4.01,pct_anual,2025-05,"BCE, ECB Data Portal, dataset MIR",https://data.ecb.europa.eu/data/datasets/MIR/MIR.MIR.M.U2.B.A2D.F.R.A.2250.EUR.N,2026-09-16,Total,Up to 1 year initial rate fixation,n/a,nivel,media_ponderada_volumen,serie MIR.M.U2.B.A2D.F.R.A.2250.EUR.N
Zona euro (referencia),credito_consumo_hogares_referencia,tipo | Bank interest rates - loans to households for other purposes with a variable rate and an interest rate fixation period of up to one year (new business),3.83,pct_anual,2025-06,"BCE, ECB Data Portal, dataset MIR",https://data.ecb.europa.eu/data/datasets/MIR/MIR.MIR.M.U2.B.A2D.F.R.A.2250.EUR.N,2026-09-16,Total,Up to 1 year initial rate fixation,n/a,nivel,media_ponderada_volumen,serie MIR.M.U2.B.A2D.F.R.A.2250.EUR.N
Zona euro (referencia),credito_consumo_hogares_referencia,tipo | Bank interest rates - loans to households for other purposes with a variable rate and an interest rate fixation period of up to one year (new business),3.81,pct_anual,2025-07,"BCE, ECB Data Portal, dataset MIR",https://data.ecb.europa.eu/data/datasets/MIR/MIR.MIR.M.U2.B.A2D.F.R.A.2250.EUR.N,2026-09-16,Total,Up to 1 year initial rate fixation,n/a,nivel,media_ponderada_volumen,serie MIR.M.U2.B.A2D.F.R.A.2250.EUR.N
Zona euro (referencia),credito_consumo_hogares_referencia,tipo | Bank interest rates - loans to households for other purposes with a variable rate and an interest rate fixation period of up to one year (new business),3.92,pct_anual,2025-08,"BCE, ECB Data Portal, dataset MIR",https://data.ecb.europa.eu/data/datasets/MIR/MIR.MIR.M.U2.B.A2D.F.R.A.2250.EUR.N,2026-09-16,Total,Up to 1 year initial rate fixation,n/a,nivel,media_ponderada_volumen,serie MIR.M.U2.B.A2D.F.R.A.2250.EUR.N
Zona euro (referencia),credito_consumo_hogares_referencia,tipo | Bank interest rates - loans to households for other purposes with a variable rate and an interest rate fixation period of up to one year (new business),3.87,pct_anual,2025-09,"BCE, ECB Data Portal, dataset MIR",https://data.ecb.europa.eu/data/datasets/MIR/MIR.MIR.M.U2.B.A2D.F.R.A.2250.EUR.N,2026-09-16,Total,Up to 1 year initial rate fixation,n/a,nivel,media_ponderada_volumen,serie MIR.M.U2.B.A2D.F.R.A.2250.EUR.N
Zona euro (referencia),credito_consumo_hogares_referencia,tipo | Bank interest rates - loans to households for other purposes with a variable rate and an interest rate fixation period of up to one year (new business),3.88,pct_anual,2025-10,"BCE, ECB Data Portal, dataset MIR",https://data.ecb.europa.eu/data/datasets/MIR/MIR.MIR.M.U2.B.A2D.F.R.A.2250.EUR.N,2026-09-16,Total,Up to 1 year initial rate fixation,n/a,nivel,media_ponderada_volumen,serie MIR.M.U2.B.A2D.F.R.A.2250.EUR.N
Zona euro (referencia),credito_consumo_hogares_referencia,tipo | Bank interest rates - loans to households for other purposes with a variable rate and an interest rate fixation period of up to one year (new business),3.82,pct_anual,2025-11,"BCE, ECB Data Portal, dataset MIR",https://data.ecb.europa.eu/data/datasets/MIR/MIR.MIR.M.U2.B.A2D.F.R.A.2250.EUR.N,2026-09-16,Total,Up to 1 year initial rate fixation,n/a,nivel,media_ponderada_volumen,serie MIR.M.U2.B.A2D.F.R.A.2250.EUR.N
Zona euro (referencia),credito_consumo_hogares_referencia,tipo | Bank interest rates - loans to households for other purposes with a variable rate and an interest rate fixation period of up to one year (new business),3.64,pct_anual,2025-12,"BCE, ECB Data Portal, dataset MIR",https://data.ecb.europa.eu/data/datasets/MIR/MIR.MIR.M.U2.B.A2D.F.R.A.2250.EUR.N,2026-09-16,Total,Up to 1 year initial rate fixation,n/a,nivel,media_ponderada_volumen,serie MIR.M.U2.B.A2D.F.R.A.2250.EUR.N
Zona euro (referencia),credito_consumo_hogares_referencia,tipo | Bank interest rates - loans to households for other purposes with a variable rate and an interest rate fixation period of up to one year (new business),3.86,pct_anual,2026-01,"BCE, ECB Data Portal, dataset MIR",https://data.ecb.europa.eu/data/datasets/MIR/MIR.MIR.M.U2.B.A2D.F.R.A.2250.EUR.N,2026-09-16,Total,Up to 1 year initial rate fixation,n/a,nivel,media_ponderada_volumen,serie MIR.M.U2.B.A2D.F.R.A.2250.EUR.N
Zona euro (referencia),credito_consumo_hogares_referencia,tipo | Bank interest rates - loans to households for other purposes with a variable rate and an interest rate fixation period of up to one year (new business),3.87,pct_anual,2026-02,"BCE, ECB Data Portal, dataset MIR",https://data.ecb.europa.eu/data/datasets/MIR/MIR.MIR.M.U2.B.A2D.F.R.A.2250.EUR.N,2026-09-16,Total,Up to 1 year initial rate fixation,n/a,nivel,media_ponderada_volumen,serie MIR.M.U2.B.A2D.F.R.A.2250.EUR.N
Zona euro (referencia),credito_consumo_hogares_referencia,tipo | Bank interest rates - loans to households for other purposes with a variable rate and an interest rate fixation period of up to one year (new business),3.89,pct_anual,2026-03,"BCE, ECB Data Portal, dataset MIR",https://data.ecb.europa.eu/data/datasets/MIR/MIR.MIR.M.U2.B.A2D.F.R.A.2250.EUR.N,2026-09-16,Total,Up to 1 year initial rate fixation,n/a,nivel,media_ponderada_volumen,serie MIR.M.U2.B.A2D.F.R.A.2250.EUR.N
Zona euro (referencia),credito_consumo_hogares_referencia,tipo | Bank interest rates - loans to households for other purposes with a variable rate and an interest rate fixation period of up to one year (new business),3.91,pct_anual,2026-04,"BCE, ECB Data Portal, dataset MIR",https://data.ecb.europa.eu/data/datasets/MIR/MIR.MIR.M.U2.B.A2D.F.R.A.2250.EUR.N,2026-09-16,Total,Up to 1 year initial rate fixation,n/a,nivel,media_ponderada_volumen,serie MIR.M.U2.B.A2D.F.R.A.2250.EUR.N
Zona euro (referencia),credito_consumo_hogares_referencia,tipo | Bank interest rates - loans to households for other purposes with a variable rate and an interest rate fixation period of up to one year (new business),3.92,pct_anual,2026-05,"BCE, ECB Data Portal, dataset MIR",https://data.ecb.europa.eu/data/datasets/MIR/MIR.MIR.M.U2.B.A2D.F.R.A.2250.EUR.N,2026-09-16,Total,Up to 1 year initial rate fixation,n/a,nivel,media_ponderada_volumen,serie MIR.M.U2.B.A2D.F.R.A.2250.EUR.N
Zona euro (referencia),credito_consumo_hogares_referencia,tipo | Bank interest rates - loans to households for other purposes with a variable rate and an interest rate fixation period of up to one year (new business),4.04,pct_anual,2026-06,"BCE, ECB Data Portal, dataset MIR",https://data.ecb.europa.eu/data/datasets/MIR/MIR.MIR.M.U2.B.A2D.F.R.A.2250.EUR.N,2026-09-16,Total,Up to 1 year initial rate fixation,n/a,nivel,media_ponderada_volumen,serie MIR.M.U2.B.A2D.F.R.A.2250.EUR.N
Zona euro (referencia),credito_consumo_hogares_referencia,tipo | Bank interest rates - loans to households for other purposes with a variable rate and an interest rate fixation period of up to one year (new business),4.12,pct_anual,2026-07,"BCE, ECB Data Portal, dataset MIR",https://data.ecb.europa.eu/data/datasets/MIR/MIR.MIR.M.U2.B.A2D.F.R.A.2250.EUR.N,2026-09-16,Total,Up to 1 year initial rate fixation,n/a,nivel,media_ponderada_volumen,serie MIR.M.U2.B.A2D.F.R.A.2250.EUR.N; OBS_STATUS=P (no definitivo)
Zona euro (referencia),credito_consumo_hogares_referencia,tipo | Bank interest rates - loans to households for other purposes with an interest rate fixation period of over one & up to five years (new business),4.61,pct_anual,2025-01,"BCE, ECB Data Portal, dataset MIR",https://data.ecb.europa.eu/data/datasets/MIR/MIR.MIR.M.U2.B.A2D.I.R.A.2250.EUR.N,2026-09-16,Total,Over 1 and up to 5 years initial rate fixation,n/a,nivel,media_ponderada_volumen,serie MIR.M.U2.B.A2D.I.R.A.2250.EUR.N
Zona euro (referencia),credito_consumo_hogares_referencia,tipo | Bank interest rates - loans to households for other purposes with an interest rate fixation period of over one & up to five years (new business),4.65,pct_anual,2025-02,"BCE, ECB Data Portal, dataset MIR",https://data.ecb.europa.eu/data/datasets/MIR/MIR.MIR.M.U2.B.A2D.I.R.A.2250.EUR.N,2026-09-16,Total,Over 1 and up to 5 years initial rate fixation,n/a,nivel,media_ponderada_volumen,serie MIR.M.U2.B.A2D.I.R.A.2250.EUR.N
Zona euro (referencia),credito_consumo_hogares_referencia,tipo | Bank interest rates - loans to households for other purposes with an interest rate fixation period of over one & up to five years (new business),4.56,pct_anual,2025-03,"BCE, ECB Data Portal, dataset MIR",https://data.ecb.europa.eu/data/datasets/MIR/MIR.MIR.M.U2.B.A2D.I.R.A.2250.EUR.N,2026-09-16,Total,Over 1 and up to 5 years initial rate fixation,n/a,nivel,media_ponderada_volumen,serie MIR.M.U2.B.A2D.I.R.A.2250.EUR.N
Zona euro (referencia),credito_consumo_hogares_referencia,tipo | Bank interest rates - loans to households for other purposes with an interest rate fixation period of over one & up to five years (new business),4.53,pct_anual,2025-04,"BCE, ECB Data Portal, dataset MIR",https://data.ecb.europa.eu/data/datasets/MIR/MIR.MIR.M.U2.B.A2D.I.R.A.2250.EUR.N,2026-09-16,Total,Over 1 and up to 5 years initial rate fixation,n/a,nivel,media_ponderada_volumen,serie MIR.M.U2.B.A2D.I.R.A.2250.EUR.N
Zona euro (referencia),credito_consumo_hogares_referencia,tipo | Bank interest rates - loans to households for other purposes with an interest rate fixation period of over one & up to five years (new business),4.52,pct_anual,2025-05,"BCE, ECB Data Portal, dataset MIR",https://data.ecb.europa.eu/data/datasets/MIR/MIR.MIR.M.U2.B.A2D.I.R.A.2250.EUR.N,2026-09-16,Total,Over 1 and up to 5 years initial rate fixation,n/a,nivel,media_ponderada_volumen,serie MIR.M.U2.B.A2D.I.R.A.2250.EUR.N
Zona euro (referencia),credito_consumo_hogares_referencia,tipo | Bank interest rates - loans to households for other purposes with an interest rate fixation period of over one & up to five years (new business),4.37,pct_anual,2025-06,"BCE, ECB Data Portal, dataset MIR",https://data.ecb.europa.eu/data/datasets/MIR/MIR.MIR.M.U2.B.A2D.I.R.A.2250.EUR.N,2026-09-16,Total,Over 1 and up to 5 years initial rate fixation,n/a,nivel,media_ponderada_volumen,serie MIR.M.U2.B.A2D.I.R.A.2250.EUR.N
Zona euro (referencia),credito_consumo_hogares_referencia,tipo | Bank interest rates - loans to households for other purposes with an interest rate fixation period of over one & up to five years (new business),4.35,pct_anual,2025-07,"BCE, ECB Data Portal, dataset MIR",https://data.ecb.europa.eu/data/datasets/MIR/MIR.MIR.M.U2.B.A2D.I.R.A.2250.EUR.N,2026-09-16,Total,Over 1 and up to 5 years initial rate fixation,n/a,nivel,media_ponderada_volumen,serie MIR.M.U2.B.A2D.I.R.A.2250.EUR.N
Zona euro (referencia),credito_consumo_hogares_referencia,tipo | Bank interest rates - loans to households for other purposes with an interest rate fixation period of over one & up to five years (new business),4.38,pct_anual,2025-08,"BCE, ECB Data Portal, dataset MIR",https://data.ecb.europa.eu/data/datasets/MIR/MIR.MIR.M.U2.B.A2D.I.R.A.2250.EUR.N,2026-09-16,Total,Over 1 and up to 5 years initial rate fixation,n/a,nivel,media_ponderada_volumen,serie MIR.M.U2.B.A2D.I.R.A.2250.EUR.N
Zona euro (referencia),credito_consumo_hogares_referencia,tipo | Bank interest rates - loans to households for other purposes with an interest rate fixation period of over one & up to five years (new business),4.39,pct_anual,2025-09,"BCE, ECB Data Portal, dataset MIR",https://data.ecb.europa.eu/data/datasets/MIR/MIR.MIR.M.U2.B.A2D.I.R.A.2250.EUR.N,2026-09-16,Total,Over 1 and up to 5 years initial rate fixation,n/a,nivel,media_ponderada_volumen,serie MIR.M.U2.B.A2D.I.R.A.2250.EUR.N
Zona euro (referencia),credito_consumo_hogares_referencia,tipo | Bank interest rates - loans to households for other purposes with an interest rate fixation period of over one & up to five years (new business),4.37,pct_anual,2025-10,"BCE, ECB Data Portal, dataset MIR",https://data.ecb.europa.eu/data/datasets/MIR/MIR.MIR.M.U2.B.A2D.I.R.A.2250.EUR.N,2026-09-16,Total,Over 1 and up to 5 years initial rate fixation,n/a,nivel,media_ponderada_volumen,serie MIR.M.U2.B.A2D.I.R.A.2250.EUR.N
Zona euro (referencia),credito_consumo_hogares_referencia,tipo | Bank interest rates - loans to households for other purposes with an interest rate fixation period of over one & up to five years (new business),4.41,pct_anual,2025-11,"BCE, ECB Data Portal, dataset MIR",https://data.ecb.europa.eu/data/datasets/MIR/MIR.MIR.M.U2.B.A2D.I.R.A.2250.EUR.N,2026-09-16,Total,Over 1 and up to 5 years initial rate fixation,n/a,nivel,media_ponderada_volumen,serie MIR.M.U2.B.A2D.I.R.A.2250.EUR.N
Zona euro (referencia),credito_consumo_hogares_referencia,tipo | Bank interest rates - loans to households for other purposes with an interest rate fixation period of over one & up to five years (new business),4.38,pct_anual,2025-12,"BCE, ECB Data Portal, dataset MIR",https://data.ecb.europa.eu/data/datasets/MIR/MIR.MIR.M.U2.B.A2D.I.R.A.2250.EUR.N,2026-09-16,Total,Over 1 and up to 5 years initial rate fixation,n/a,nivel,media_ponderada_volumen,serie MIR.M.U2.B.A2D.I.R.A.2250.EUR.N
Zona euro (referencia),credito_consumo_hogares_referencia,tipo | Bank interest rates - loans to households for other purposes with an interest rate fixation period of over one & up to five years (new business),4.35,pct_anual,2026-01,"BCE, ECB Data Portal, dataset MIR",https://data.ecb.europa.eu/data/datasets/MIR/MIR.MIR.M.U2.B.A2D.I.R.A.2250.EUR.N,2026-09-16,Total,Over 1 and up to 5 years initial rate fixation,n/a,nivel,media_ponderada_volumen,serie MIR.M.U2.B.A2D.I.R.A.2250.EUR.N
Zona euro (referencia),credito_consumo_hogares_referencia,tipo | Bank interest rates - loans to households for other purposes with an interest rate fixation period of over one & up to five years (new business),4.32,pct_anual,2026-02,"BCE, ECB Data Portal, dataset MIR",https://data.ecb.europa.eu/data/datasets/MIR/MIR.MIR.M.U2.B.A2D.I.R.A.2250.EUR.N,2026-09-16,Total,Over 1 and up to 5 years initial rate fixation,n/a,nivel,media_ponderada_volumen,serie MIR.M.U2.B.A2D.I.R.A.2250.EUR.N
Zona euro (referencia),credito_consumo_hogares_referencia,tipo | Bank interest rates - loans to households for other purposes with an interest rate fixation period of over one & up to five years (new business),4.16,pct_anual,2026-03,"BCE, ECB Data Portal, dataset MIR",https://data.ecb.europa.eu/data/datasets/MIR/MIR.MIR.M.U2.B.A2D.I.R.A.2250.EUR.N,2026-09-16,Total,Over 1 and up to 5 years initial rate fixation,n/a,nivel,media_ponderada_volumen,serie MIR.M.U2.B.A2D.I.R.A.2250.EUR.N
Zona euro (referencia),credito_consumo_hogares_referencia,tipo | Bank interest rates - loans to households for other purposes with an interest rate fixation period of over one & up to five years (new business),4.42,pct_anual,2026-04,"BCE, ECB Data Portal, dataset MIR",https://data.ecb.europa.eu/data/datasets/MIR/MIR.MIR.M.U2.B.A2D.I.R.A.2250.EUR.N,2026-09-16,Total,Over 1 and up to 5 years initial rate fixation,n/a,nivel,media_ponderada_volumen,serie MIR.M.U2.B.A2D.I.R.A.2250.EUR.N
Zona euro (referencia),credito_consumo_hogares_referencia,tipo | Bank interest rates - loans to households for other purposes with an interest rate fixation period of over one & up to five years (new business),4.51,pct_anual,2026-05,"BCE, ECB Data Portal, dataset MIR",https://data.ecb.europa.eu/data/datasets/MIR/MIR.MIR.M.U2.B.A2D.I.R.A.2250.EUR.N,2026-09-16,Total,Over 1 and up to 5 years initial rate fixation,n/a,nivel,media_ponderada_volumen,serie MIR.M.U2.B.A2D.I.R.A.2250.EUR.N
Zona euro (referencia),credito_consumo_hogares_referencia,tipo | Bank interest rates - loans to households for other purposes with an interest rate fixation period of over one & up to five years (new business),4.54,pct_anual,2026-06,"BCE, ECB Data Portal, dataset MIR",https://data.ecb.europa.eu/data/datasets/MIR/MIR.MIR.M.U2.B.A2D.I.R.A.2250.EUR.N,2026-09-16,Total,Over 1 and up to 5 years initial rate fixation,n/a,nivel,media_ponderada_volumen,serie MIR.M.U2.B.A2D.I.R.A.2250.EUR.N
Zona euro (referencia),credito_consumo_hogares_referencia,tipo | Bank interest rates - loans to households for other purposes with an interest rate fixation period of over one & up to five years (new business),4.55,pct_anual,2026-07,"BCE, ECB Data Portal, dataset MIR",https://data.ecb.europa.eu/data/datasets/MIR/MIR.MIR.M.U2.B.A2D.I.R.A.2250.EUR.N,2026-09-16,Total,Over 1 and up to 5 years initial rate fixation,n/a,nivel,media_ponderada_volumen,serie MIR.M.U2.B.A2D.I.R.A.2250.EUR.N; OBS_STATUS=P (no definitivo)
Zona euro (referencia),credito_consumo_hogares_referencia,tipo | Bank interest rates - loans to households for other purposes with an interest rate fixation period of over five years (new business),4.22,pct_anual,2025-01,"BCE, ECB Data Portal, dataset MIR",https://data.ecb.europa.eu/data/datasets/MIR/MIR.MIR.M.U2.B.A2D.J.R.A.2250.EUR.N,2026-09-16,Total,Over 5 years initial rate fixation,n/a,nivel,media_ponderada_volumen,serie MIR.M.U2.B.A2D.J.R.A.2250.EUR.N
Zona euro (referencia),credito_consumo_hogares_referencia,tipo | Bank interest rates - loans to households for other purposes with an interest rate fixation period of over five years (new business),4.25,pct_anual,2025-02,"BCE, ECB Data Portal, dataset MIR",https://data.ecb.europa.eu/data/datasets/MIR/MIR.MIR.M.U2.B.A2D.J.R.A.2250.EUR.N,2026-09-16,Total,Over 5 years initial rate fixation,n/a,nivel,media_ponderada_volumen,serie MIR.M.U2.B.A2D.J.R.A.2250.EUR.N
Zona euro (referencia),credito_consumo_hogares_referencia,tipo | Bank interest rates - loans to households for other purposes with an interest rate fixation period of over five years (new business),4.24,pct_anual,2025-03,"BCE, ECB Data Portal, dataset MIR",https://data.ecb.europa.eu/data/datasets/MIR/MIR.MIR.M.U2.B.A2D.J.R.A.2250.EUR.N,2026-09-16,Total,Over 5 years initial rate fixation,n/a,nivel,media_ponderada_volumen,serie MIR.M.U2.B.A2D.J.R.A.2250.EUR.N
Zona euro (referencia),credito_consumo_hogares_referencia,tipo | Bank interest rates - loans to households for other purposes with an interest rate fixation period of over five years (new business),4.19,pct_anual,2025-04,"BCE, ECB Data Portal, dataset MIR",https://data.ecb.europa.eu/data/datasets/MIR/MIR.MIR.M.U2.B.A2D.J.R.A.2250.EUR.N,2026-09-16,Total,Over 5 years initial rate fixation,n/a,nivel,media_ponderada_volumen,serie MIR.M.U2.B.A2D.J.R.A.2250.EUR.N
Zona euro (referencia),credito_consumo_hogares_referencia,tipo | Bank interest rates - loans to households for other purposes with an interest rate fixation period of over five years (new business),4.23,pct_anual,2025-05,"BCE, ECB Data Portal, dataset MIR",https://data.ecb.europa.eu/data/datasets/MIR/MIR.MIR.M.U2.B.A2D.J.R.A.2250.EUR.N,2026-09-16,Total,Over 5 years initial rate fixation,n/a,nivel,media_ponderada_volumen,serie MIR.M.U2.B.A2D.J.R.A.2250.EUR.N
Zona euro (referencia),credito_consumo_hogares_referencia,tipo | Bank interest rates - loans to households for other purposes with an interest rate fixation period of over five years (new business),4.15,pct_anual,2025-06,"BCE, ECB Data Portal, dataset MIR",https://data.ecb.europa.eu/data/datasets/MIR/MIR.MIR.M.U2.B.A2D.J.R.A.2250.EUR.N,2026-09-16,Total,Over 5 years initial rate fixation,n/a,nivel,media_ponderada_volumen,serie MIR.M.U2.B.A2D.J.R.A.2250.EUR.N
Zona euro (referencia),credito_consumo_hogares_referencia,tipo | Bank interest rates - loans to households for other purposes with an interest rate fixation period of over five years (new business),4.09,pct_anual,2025-07,"BCE, ECB Data Portal, dataset MIR",https://data.ecb.europa.eu/data/datasets/MIR/MIR.MIR.M.U2.B.A2D.J.R.A.2250.EUR.N,2026-09-16,Total,Over 5 years initial rate fixation,n/a,nivel,media_ponderada_volumen,serie MIR.M.U2.B.A2D.J.R.A.2250.EUR.N
Zona euro (referencia),credito_consumo_hogares_referencia,tipo | Bank interest rates - loans to households for other purposes with an interest rate fixation period of over five years (new business),4.2,pct_anual,2025-08,"BCE, ECB Data Portal, dataset MIR",https://data.ecb.europa.eu/data/datasets/MIR/MIR.MIR.M.U2.B.A2D.J.R.A.2250.EUR.N,2026-09-16,Total,Over 5 years initial rate fixation,n/a,nivel,media_ponderada_volumen,serie MIR.M.U2.B.A2D.J.R.A.2250.EUR.N
Zona euro (referencia),credito_consumo_hogares_referencia,tipo | Bank interest rates - loans to households for other purposes with an interest rate fixation period of over five years (new business),4.23,pct_anual,2025-09,"BCE, ECB Data Portal, dataset MIR",https://data.ecb.europa.eu/data/datasets/MIR/MIR.MIR.M.U2.B.A2D.J.R.A.2250.EUR.N,2026-09-16,Total,Over 5 years initial rate fixation,n/a,nivel,media_ponderada_volumen,serie MIR.M.U2.B.A2D.J.R.A.2250.EUR.N
Zona euro (referencia),credito_consumo_hogares_referencia,tipo | Bank interest rates - loans to households for other purposes with an interest rate fixation period of over five years (new business),4.25,pct_anual,2025-10,"BCE, ECB Data Portal, dataset MIR",https://data.ecb.europa.eu/data/datasets/MIR/MIR.MIR.M.U2.B.A2D.J.R.A.2250.EUR.N,2026-09-16,Total,Over 5 years initial rate fixation,n/a,nivel,media_ponderada_volumen,serie MIR.M.U2.B.A2D.J.R.A.2250.EUR.N
Zona euro (referencia),credito_consumo_hogares_referencia,tipo | Bank interest rates - loans to households for other purposes with an interest rate fixation period of over five years (new business),4.15,pct_anual,2025-11,"BCE, ECB Data Portal, dataset MIR",https://data.ecb.europa.eu/data/datasets/MIR/MIR.MIR.M.U2.B.A2D.J.R.A.2250.EUR.N,2026-09-16,Total,Over 5 years initial rate fixation,n/a,nivel,media_ponderada_volumen,serie MIR.M.U2.B.A2D.J.R.A.2250.EUR.N
Zona euro (referencia),credito_consumo_hogares_referencia,tipo | Bank interest rates - loans to households for other purposes with an interest rate fixation period of over five years (new business),4,pct_anual,2025-12,"BCE, ECB Data Portal, dataset MIR",https://data.ecb.europa.eu/data/datasets/MIR/MIR.MIR.M.U2.B.A2D.J.R.A.2250.EUR.N,2026-09-16,Total,Over 5 years initial rate fixation,n/a,nivel,media_ponderada_volumen,serie MIR.M.U2.B.A2D.J.R.A.2250.EUR.N
Zona euro (referencia),credito_consumo_hogares_referencia,tipo | Bank interest rates - loans to households for other purposes with an interest rate fixation period of over five years (new business),4.18,pct_anual,2026-01,"BCE, ECB Data Portal, dataset MIR",https://data.ecb.europa.eu/data/datasets/MIR/MIR.MIR.M.U2.B.A2D.J.R.A.2250.EUR.N,2026-09-16,Total,Over 5 years initial rate fixation,n/a,nivel,media_ponderada_volumen,serie MIR.M.U2.B.A2D.J.R.A.2250.EUR.N
Zona euro (referencia),credito_consumo_hogares_referencia,tipo | Bank interest rates - loans to households for other purposes with an interest rate fixation period of over five years (new business),4.21,pct_anual,2026-02,"BCE, ECB Data Portal, dataset MIR",https://data.ecb.europa.eu/data/datasets/MIR/MIR.MIR.M.U2.B.A2D.J.R.A.2250.EUR.N,2026-09-16,Total,Over 5 years initial rate fixation,n/a,nivel,media_ponderada_volumen,serie MIR.M.U2.B.A2D.J.R.A.2250.EUR.N
Zona euro (referencia),credito_consumo_hogares_referencia,tipo | Bank interest rates - loans to households for other purposes with an interest rate fixation period of over five years (new business),4.2,pct_anual,2026-03,"BCE, ECB Data Portal, dataset MIR",https://data.ecb.europa.eu/data/datasets/MIR/MIR.MIR.M.U2.B.A2D.J.R.A.2250.EUR.N,2026-09-16,Total,Over 5 years initial rate fixation,n/a,nivel,media_ponderada_volumen,serie MIR.M.U2.B.A2D.J.R.A.2250.EUR.N
Zona euro (referencia),credito_consumo_hogares_referencia,tipo | Bank interest rates - loans to households for other purposes with an interest rate fixation period of over five years (new business),4.31,pct_anual,2026-04,"BCE, ECB Data Portal, dataset MIR",https://data.ecb.europa.eu/data/datasets/MIR/MIR.MIR.M.U2.B.A2D.J.R.A.2250.EUR.N,2026-09-16,Total,Over 5 years initial rate fixation,n/a,nivel,media_ponderada_volumen,serie MIR.M.U2.B.A2D.J.R.A.2250.EUR.N
Zona euro (referencia),credito_consumo_hogares_referencia,tipo | Bank interest rates - loans to households for other purposes with an interest rate fixation period of over five years (new business),4.44,pct_anual,2026-05,"BCE, ECB Data Portal, dataset MIR",https://data.ecb.europa.eu/data/datasets/MIR/MIR.MIR.M.U2.B.A2D.J.R.A.2250.EUR.N,2026-09-16,Total,Over 5 years initial rate fixation,n/a,nivel,media_ponderada_volumen,serie MIR.M.U2.B.A2D.J.R.A.2250.EUR.N
Zona euro (referencia),credito_consumo_hogares_referencia,tipo | Bank interest rates - loans to households for other purposes with an interest rate fixation period of over five years (new business),4.32,pct_anual,2026-06,"BCE, ECB Data Portal, dataset MIR",https://data.ecb.europa.eu/data/datasets/MIR/MIR.MIR.M.U2.B.A2D.J.R.A.2250.EUR.N,2026-09-16,Total,Over 5 years initial rate fixation,n/a,nivel,media_ponderada_volumen,serie MIR.M.U2.B.A2D.J.R.A.2250.EUR.N
Zona euro (referencia),credito_consumo_hogares_referencia,tipo | Bank interest rates - loans to households for other purposes with an interest rate fixation period of over five years (new business),4.41,pct_anual,2026-07,"BCE, ECB Data Portal, dataset MIR",https://data.ecb.europa.eu/data/datasets/MIR/MIR.MIR.M.U2.B.A2D.J.R.A.2250.EUR.N,2026-09-16,Total,Over 5 years initial rate fixation,n/a,nivel,media_ponderada_volumen,serie MIR.M.U2.B.A2D.J.R.A.2250.EUR.N; OBS_STATUS=P (no definitivo)
Zona euro (referencia),credito_consumo_hogares_referencia,tipo | Bank interest rates - loans to households for other purposes with an interest rate fixation period of over one year (new business),4.37,pct_anual,2025-01,"BCE, ECB Data Portal, dataset MIR",https://data.ecb.europa.eu/data/datasets/MIR/MIR.MIR.M.U2.B.A2D.K.R.A.2250.EUR.N,2026-09-16,Total,Over 1 year initial rate fixation,n/a,nivel,media_ponderada_volumen,serie MIR.M.U2.B.A2D.K.R.A.2250.EUR.N
Zona euro (referencia),credito_consumo_hogares_referencia,tipo | Bank interest rates - loans to households for other purposes with an interest rate fixation period of over one year (new business),4.4,pct_anual,2025-02,"BCE, ECB Data Portal, dataset MIR",https://data.ecb.europa.eu/data/datasets/MIR/MIR.MIR.M.U2.B.A2D.K.R.A.2250.EUR.N,2026-09-16,Total,Over 1 year initial rate fixation,n/a,nivel,media_ponderada_volumen,serie MIR.M.U2.B.A2D.K.R.A.2250.EUR.N
Zona euro (referencia),credito_consumo_hogares_referencia,tipo | Bank interest rates - loans to households for other purposes with an interest rate fixation period of over one year (new business),4.36,pct_anual,2025-03,"BCE, ECB Data Portal, dataset MIR",https://data.ecb.europa.eu/data/datasets/MIR/MIR.MIR.M.U2.B.A2D.K.R.A.2250.EUR.N,2026-09-16,Total,Over 1 year initial rate fixation,n/a,nivel,media_ponderada_volumen,serie MIR.M.U2.B.A2D.K.R.A.2250.EUR.N
Zona euro (referencia),credito_consumo_hogares_referencia,tipo | Bank interest rates - loans to households for other purposes with an interest rate fixation period of over one year (new business),4.32,pct_anual,2025-04,"BCE, ECB Data Portal, dataset MIR",https://data.ecb.europa.eu/data/datasets/MIR/MIR.MIR.M.U2.B.A2D.K.R.A.2250.EUR.N,2026-09-16,Total,Over 1 year initial rate fixation,n/a,nivel,media_ponderada_volumen,serie MIR.M.U2.B.A2D.K.R.A.2250.EUR.N
Zona euro (referencia),credito_consumo_hogares_referencia,tipo | Bank interest rates - loans to households for other purposes with an interest rate fixation period of over one year (new business),4.33,pct_anual,2025-05,"BCE, ECB Data Portal, dataset MIR",https://data.ecb.europa.eu/data/datasets/MIR/MIR.MIR.M.U2.B.A2D.K.R.A.2250.EUR.N,2026-09-16,Total,Over 1 year initial rate fixation,n/a,nivel,media_ponderada_volumen,serie MIR.M.U2.B.A2D.K.R.A.2250.EUR.N
Zona euro (referencia),credito_consumo_hogares_referencia,tipo | Bank interest rates - loans to households for other purposes with an interest rate fixation period of over one year (new business),4.23,pct_anual,2025-06,"BCE, ECB Data Portal, dataset MIR",https://data.ecb.europa.eu/data/datasets/MIR/MIR.MIR.M.U2.B.A2D.K.R.A.2250.EUR.N,2026-09-16,Total,Over 1 year initial rate fixation,n/a,nivel,media_ponderada_volumen,serie MIR.M.U2.B.A2D.K.R.A.2250.EUR.N
Zona euro (referencia),credito_consumo_hogares_referencia,tipo | Bank interest rates - loans to households for other purposes with an interest rate fixation period of over one year (new business),4.19,pct_anual,2025-07,"BCE, ECB Data Portal, dataset MIR",https://data.ecb.europa.eu/data/datasets/MIR/MIR.MIR.M.U2.B.A2D.K.R.A.2250.EUR.N,2026-09-16,Total,Over 1 year initial rate fixation,n/a,nivel,media_ponderada_volumen,serie MIR.M.U2.B.A2D.K.R.A.2250.EUR.N
Zona euro (referencia),credito_consumo_hogares_referencia,tipo | Bank interest rates - loans to households for other purposes with an interest rate fixation period of over one year (new business),4.27,pct_anual,2025-08,"BCE, ECB Data Portal, dataset MIR",https://data.ecb.europa.eu/data/datasets/MIR/MIR.MIR.M.U2.B.A2D.K.R.A.2250.EUR.N,2026-09-16,Total,Over 1 year initial rate fixation,n/a,nivel,media_ponderada_volumen,serie MIR.M.U2.B.A2D.K.R.A.2250.EUR.N
Zona euro (referencia),credito_consumo_hogares_referencia,tipo | Bank interest rates - loans to households for other purposes with an interest rate fixation period of over one year (new business),4.29,pct_anual,2025-09,"BCE, ECB Data Portal, dataset MIR",https://data.ecb.europa.eu/data/datasets/MIR/MIR.MIR.M.U2.B.A2D.K.R.A.2250.EUR.N,2026-09-16,Total,Over 1 year initial rate fixation,n/a,nivel,media_ponderada_volumen,serie MIR.M.U2.B.A2D.K.R.A.2250.EUR.N
Zona euro (referencia),credito_consumo_hogares_referencia,tipo | Bank interest rates - loans to households for other purposes with an interest rate fixation period of over one year (new business),4.29,pct_anual,2025-10,"BCE, ECB Data Portal, dataset MIR",https://data.ecb.europa.eu/data/datasets/MIR/MIR.MIR.M.U2.B.A2D.K.R.A.2250.EUR.N,2026-09-16,Total,Over 1 year initial rate fixation,n/a,nivel,media_ponderada_volumen,serie MIR.M.U2.B.A2D.K.R.A.2250.EUR.N
Zona euro (referencia),credito_consumo_hogares_referencia,tipo | Bank interest rates - loans to households for other purposes with an interest rate fixation period of over one year (new business),4.24,pct_anual,2025-11,"BCE, ECB Data Portal, dataset MIR",https://data.ecb.europa.eu/data/datasets/MIR/MIR.MIR.M.U2.B.A2D.K.R.A.2250.EUR.N,2026-09-16,Total,Over 1 year initial rate fixation,n/a,nivel,media_ponderada_volumen,serie MIR.M.U2.B.A2D.K.R.A.2250.EUR.N
Zona euro (referencia),credito_consumo_hogares_referencia,tipo | Bank interest rates - loans to households for other purposes with an interest rate fixation period of over one year (new business),4.14,pct_anual,2025-12,"BCE, ECB Data Portal, dataset MIR",https://data.ecb.europa.eu/data/datasets/MIR/MIR.MIR.M.U2.B.A2D.K.R.A.2250.EUR.N,2026-09-16,Total,Over 1 year initial rate fixation,n/a,nivel,media_ponderada_volumen,serie MIR.M.U2.B.A2D.K.R.A.2250.EUR.N
Zona euro (referencia),credito_consumo_hogares_referencia,tipo | Bank interest rates - loans to households for other purposes with an interest rate fixation period of over one year (new business),4.25,pct_anual,2026-01,"BCE, ECB Data Portal, dataset MIR",https://data.ecb.europa.eu/data/datasets/MIR/MIR.MIR.M.U2.B.A2D.K.R.A.2250.EUR.N,2026-09-16,Total,Over 1 year initial rate fixation,n/a,nivel,media_ponderada_volumen,serie MIR.M.U2.B.A2D.K.R.A.2250.EUR.N
Zona euro (referencia),credito_consumo_hogares_referencia,tipo | Bank interest rates - loans to households for other purposes with an interest rate fixation period of over one year (new business),4.25,pct_anual,2026-02,"BCE, ECB Data Portal, dataset MIR",https://data.ecb.europa.eu/data/datasets/MIR/MIR.MIR.M.U2.B.A2D.K.R.A.2250.EUR.N,2026-09-16,Total,Over 1 year initial rate fixation,n/a,nivel,media_ponderada_volumen,serie MIR.M.U2.B.A2D.K.R.A.2250.EUR.N
Zona euro (referencia),credito_consumo_hogares_referencia,tipo | Bank interest rates - loans to households for other purposes with an interest rate fixation period of over one year (new business),4.19,pct_anual,2026-03,"BCE, ECB Data Portal, dataset MIR",https://data.ecb.europa.eu/data/datasets/MIR/MIR.MIR.M.U2.B.A2D.K.R.A.2250.EUR.N,2026-09-16,Total,Over 1 year initial rate fixation,n/a,nivel,media_ponderada_volumen,serie MIR.M.U2.B.A2D.K.R.A.2250.EUR.N
Zona euro (referencia),credito_consumo_hogares_referencia,tipo | Bank interest rates - loans to households for other purposes with an interest rate fixation period of over one year (new business),4.35,pct_anual,2026-04,"BCE, ECB Data Portal, dataset MIR",https://data.ecb.europa.eu/data/datasets/MIR/MIR.MIR.M.U2.B.A2D.K.R.A.2250.EUR.N,2026-09-16,Total,Over 1 year initial rate fixation,n/a,nivel,media_ponderada_volumen,serie MIR.M.U2.B.A2D.K.R.A.2250.EUR.N
Zona euro (referencia),credito_consumo_hogares_referencia,tipo | Bank interest rates - loans to households for other purposes with an interest rate fixation period of over one year (new business),4.47,pct_anual,2026-05,"BCE, ECB Data Portal, dataset MIR",https://data.ecb.europa.eu/data/datasets/MIR/MIR.MIR.M.U2.B.A2D.K.R.A.2250.EUR.N,2026-09-16,Total,Over 1 year initial rate fixation,n/a,nivel,media_ponderada_volumen,serie MIR.M.U2.B.A2D.K.R.A.2250.EUR.N
Zona euro (referencia),credito_consumo_hogares_referencia,tipo | Bank interest rates - loans to households for other purposes with an interest rate fixation period of over one year (new business),4.4,pct_anual,2026-06,"BCE, ECB Data Portal, dataset MIR",https://data.ecb.europa.eu/data/datasets/MIR/MIR.MIR.M.U2.B.A2D.K.R.A.2250.EUR.N,2026-09-16,Total,Over 1 year initial rate fixation,n/a,nivel,media_ponderada_volumen,serie MIR.M.U2.B.A2D.K.R.A.2250.EUR.N
Zona euro (referencia),credito_consumo_hogares_referencia,tipo | Bank interest rates - loans to households for other purposes with an interest rate fixation period of over one year (new business),4.47,pct_anual,2026-07,"BCE, ECB Data Portal, dataset MIR",https://data.ecb.europa.eu/data/datasets/MIR/MIR.MIR.M.U2.B.A2D.K.R.A.2250.EUR.N,2026-09-16,Total,Over 1 year initial rate fixation,n/a,nivel,media_ponderada_volumen,serie MIR.M.U2.B.A2D.K.R.A.2250.EUR.N; OBS_STATUS=P (no definitivo)
Zona euro (referencia),credito_consumo_hogares_referencia,volumen | Bank business volumes - loans to households for other purposes (new business),14028.71,eur_millones,2025-01,"BCE, ECB Data Portal, dataset MIR",https://data.ecb.europa.eu/data/datasets/MIR/MIR.MIR.M.U2.B.A2D.A.B.A.2250.EUR.N,2026-09-16,Total,Total initial rate fixation,n/a,volumen,dato_unico,serie MIR.M.U2.B.A2D.A.B.A.2250.EUR.N
Zona euro (referencia),credito_consumo_hogares_referencia,volumen | Bank business volumes - loans to households for other purposes (new business),12261.57,eur_millones,2025-02,"BCE, ECB Data Portal, dataset MIR",https://data.ecb.europa.eu/data/datasets/MIR/MIR.MIR.M.U2.B.A2D.A.B.A.2250.EUR.N,2026-09-16,Total,Total initial rate fixation,n/a,volumen,dato_unico,serie MIR.M.U2.B.A2D.A.B.A.2250.EUR.N
Zona euro (referencia),credito_consumo_hogares_referencia,volumen | Bank business volumes - loans to households for other purposes (new business),14713.25,eur_millones,2025-03,"BCE, ECB Data Portal, dataset MIR",https://data.ecb.europa.eu/data/datasets/MIR/MIR.MIR.M.U2.B.A2D.A.B.A.2250.EUR.N,2026-09-16,Total,Total initial rate fixation,n/a,volumen,dato_unico,serie MIR.M.U2.B.A2D.A.B.A.2250.EUR.N
Zona euro (referencia),credito_consumo_hogares_referencia,volumen | Bank business volumes - loans to households for other purposes (new business),14457.37,eur_millones,2025-04,"BCE, ECB Data Portal, dataset MIR",https://data.ecb.europa.eu/data/datasets/MIR/MIR.MIR.M.U2.B.A2D.A.B.A.2250.EUR.N,2026-09-16,Total,Total initial rate fixation,n/a,volumen,dato_unico,serie MIR.M.U2.B.A2D.A.B.A.2250.EUR.N
Zona euro (referencia),credito_consumo_hogares_referencia,volumen | Bank business volumes - loans to households for other purposes (new business),13078.47,eur_millones,2025-05,"BCE, ECB Data Portal, dataset MIR",https://data.ecb.europa.eu/data/datasets/MIR/MIR.MIR.M.U2.B.A2D.A.B.A.2250.EUR.N,2026-09-16,Total,Total initial rate fixation,n/a,volumen,dato_unico,serie MIR.M.U2.B.A2D.A.B.A.2250.EUR.N
Zona euro (referencia),credito_consumo_hogares_referencia,volumen | Bank business volumes - loans to households for other purposes (new business),14661.45,eur_millones,2025-06,"BCE, ECB Data Portal, dataset MIR",https://data.ecb.europa.eu/data/datasets/MIR/MIR.MIR.M.U2.B.A2D.A.B.A.2250.EUR.N,2026-09-16,Total,Total initial rate fixation,n/a,volumen,dato_unico,serie MIR.M.U2.B.A2D.A.B.A.2250.EUR.N
Zona euro (referencia),credito_consumo_hogares_referencia,volumen | Bank business volumes - loans to households for other purposes (new business),15843.47,eur_millones,2025-07,"BCE, ECB Data Portal, dataset MIR",https://data.ecb.europa.eu/data/datasets/MIR/MIR.MIR.M.U2.B.A2D.A.B.A.2250.EUR.N,2026-09-16,Total,Total initial rate fixation,n/a,volumen,dato_unico,serie MIR.M.U2.B.A2D.A.B.A.2250.EUR.N
Zona euro (referencia),credito_consumo_hogares_referencia,volumen | Bank business volumes - loans to households for other purposes (new business),10788.64,eur_millones,2025-08,"BCE, ECB Data Portal, dataset MIR",https://data.ecb.europa.eu/data/datasets/MIR/MIR.MIR.M.U2.B.A2D.A.B.A.2250.EUR.N,2026-09-16,Total,Total initial rate fixation,n/a,volumen,dato_unico,serie MIR.M.U2.B.A2D.A.B.A.2250.EUR.N
Zona euro (referencia),credito_consumo_hogares_referencia,volumen | Bank business volumes - loans to households for other purposes (new business),13070.48,eur_millones,2025-09,"BCE, ECB Data Portal, dataset MIR",https://data.ecb.europa.eu/data/datasets/MIR/MIR.MIR.M.U2.B.A2D.A.B.A.2250.EUR.N,2026-09-16,Total,Total initial rate fixation,n/a,volumen,dato_unico,serie MIR.M.U2.B.A2D.A.B.A.2250.EUR.N
Zona euro (referencia),credito_consumo_hogares_referencia,volumen | Bank business volumes - loans to households for other purposes (new business),13827.01,eur_millones,2025-10,"BCE, ECB Data Portal, dataset MIR",https://data.ecb.europa.eu/data/datasets/MIR/MIR.MIR.M.U2.B.A2D.A.B.A.2250.EUR.N,2026-09-16,Total,Total initial rate fixation,n/a,volumen,dato_unico,serie MIR.M.U2.B.A2D.A.B.A.2250.EUR.N
Zona euro (referencia),credito_consumo_hogares_referencia,volumen | Bank business volumes - loans to households for other purposes (new business),12580.29,eur_millones,2025-11,"BCE, ECB Data Portal, dataset MIR",https://data.ecb.europa.eu/data/datasets/MIR/MIR.MIR.M.U2.B.A2D.A.B.A.2250.EUR.N,2026-09-16,Total,Total initial rate fixation,n/a,volumen,dato_unico,serie MIR.M.U2.B.A2D.A.B.A.2250.EUR.N
Zona euro (referencia),credito_consumo_hogares_referencia,volumen | Bank business volumes - loans to households for other purposes (new business),16137.83,eur_millones,2025-12,"BCE, ECB Data Portal, dataset MIR",https://data.ecb.europa.eu/data/datasets/MIR/MIR.MIR.M.U2.B.A2D.A.B.A.2250.EUR.N,2026-09-16,Total,Total initial rate fixation,n/a,volumen,dato_unico,serie MIR.M.U2.B.A2D.A.B.A.2250.EUR.N
Zona euro (referencia),credito_consumo_hogares_referencia,volumen | Bank business volumes - loans to households for other purposes (new business),13421.25,eur_millones,2026-01,"BCE, ECB Data Portal, dataset MIR",https://data.ecb.europa.eu/data/datasets/MIR/MIR.MIR.M.U2.B.A2D.A.B.A.2250.EUR.N,2026-09-16,Total,Total initial rate fixation,n/a,volumen,dato_unico,serie MIR.M.U2.B.A2D.A.B.A.2250.EUR.N
Zona euro (referencia),credito_consumo_hogares_referencia,volumen | Bank business volumes - loans to households for other purposes (new business),12791.81,eur_millones,2026-02,"BCE, ECB Data Portal, dataset MIR",https://data.ecb.europa.eu/data/datasets/MIR/MIR.MIR.M.U2.B.A2D.A.B.A.2250.EUR.N,2026-09-16,Total,Total initial rate fixation,n/a,volumen,dato_unico,serie MIR.M.U2.B.A2D.A.B.A.2250.EUR.N
Zona euro (referencia),credito_consumo_hogares_referencia,volumen | Bank business volumes - loans to households for other purposes (new business),16071.23,eur_millones,2026-03,"BCE, ECB Data Portal, dataset MIR",https://data.ecb.europa.eu/data/datasets/MIR/MIR.MIR.M.U2.B.A2D.A.B.A.2250.EUR.N,2026-09-16,Total,Total initial rate fixation,n/a,volumen,dato_unico,serie MIR.M.U2.B.A2D.A.B.A.2250.EUR.N
Zona euro (referencia),credito_consumo_hogares_referencia,volumen | Bank business volumes - loans to households for other purposes (new business),13586.77,eur_millones,2026-04,"BCE, ECB Data Portal, dataset MIR",https://data.ecb.europa.eu/data/datasets/MIR/MIR.MIR.M.U2.B.A2D.A.B.A.2250.EUR.N,2026-09-16,Total,Total initial rate fixation,n/a,volumen,dato_unico,serie MIR.M.U2.B.A2D.A.B.A.2250.EUR.N
Zona euro (referencia),credito_consumo_hogares_referencia,volumen | Bank business volumes - loans to households for other purposes (new business),12200.28,eur_millones,2026-05,"BCE, ECB Data Portal, dataset MIR",https://data.ecb.europa.eu/data/datasets/MIR/MIR.MIR.M.U2.B.A2D.A.B.A.2250.EUR.N,2026-09-16,Total,Total initial rate fixation,n/a,volumen,dato_unico,serie MIR.M.U2.B.A2D.A.B.A.2250.EUR.N
Zona euro (referencia),credito_consumo_hogares_referencia,volumen | Bank business volumes - loans to households for other purposes (new business),14837.85,eur_millones,2026-06,"BCE, ECB Data Portal, dataset MIR",https://data.ecb.europa.eu/data/datasets/MIR/MIR.MIR.M.U2.B.A2D.A.B.A.2250.EUR.N,2026-09-16,Total,Total initial rate fixation,n/a,volumen,dato_unico,serie MIR.M.U2.B.A2D.A.B.A.2250.EUR.N
Zona euro (referencia),credito_consumo_hogares_referencia,volumen | Bank business volumes - loans to households for other purposes (new business),14324.16,eur_millones,2026-07,"BCE, ECB Data Portal, dataset MIR",https://data.ecb.europa.eu/data/datasets/MIR/MIR.MIR.M.U2.B.A2D.A.B.A.2250.EUR.N,2026-09-16,Total,Total initial rate fixation,n/a,volumen,dato_unico,serie MIR.M.U2.B.A2D.A.B.A.2250.EUR.N; OBS_STATUS=P (no definitivo)
Zona euro (referencia),credito_consumo_hogares_referencia,volumen | Bank business volumes - loans to households for other purposes with a variable rate and an interest rate fixation period of up to one year (new business),7642.84,eur_millones,2025-01,"BCE, ECB Data Portal, dataset MIR",https://data.ecb.europa.eu/data/datasets/MIR/MIR.MIR.M.U2.B.A2D.F.B.A.2250.EUR.N,2026-09-16,Total,Up to 1 year initial rate fixation,n/a,volumen,dato_unico,serie MIR.M.U2.B.A2D.F.B.A.2250.EUR.N
Zona euro (referencia),credito_consumo_hogares_referencia,volumen | Bank business volumes - loans to households for other purposes with a variable rate and an interest rate fixation period of up to one year (new business),6017.16,eur_millones,2025-02,"BCE, ECB Data Portal, dataset MIR",https://data.ecb.europa.eu/data/datasets/MIR/MIR.MIR.M.U2.B.A2D.F.B.A.2250.EUR.N,2026-09-16,Total,Up to 1 year initial rate fixation,n/a,volumen,dato_unico,serie MIR.M.U2.B.A2D.F.B.A.2250.EUR.N
Zona euro (referencia),credito_consumo_hogares_referencia,volumen | Bank business volumes - loans to households for other purposes with a variable rate and an interest rate fixation period of up to one year (new business),7338.4,eur_millones,2025-03,"BCE, ECB Data Portal, dataset MIR",https://data.ecb.europa.eu/data/datasets/MIR/MIR.MIR.M.U2.B.A2D.F.B.A.2250.EUR.N,2026-09-16,Total,Up to 1 year initial rate fixation,n/a,volumen,dato_unico,serie MIR.M.U2.B.A2D.F.B.A.2250.EUR.N
Zona euro (referencia),credito_consumo_hogares_referencia,volumen | Bank business volumes - loans to households for other purposes with a variable rate and an interest rate fixation period of up to one year (new business),7033.66,eur_millones,2025-04,"BCE, ECB Data Portal, dataset MIR",https://data.ecb.europa.eu/data/datasets/MIR/MIR.MIR.M.U2.B.A2D.F.B.A.2250.EUR.N,2026-09-16,Total,Up to 1 year initial rate fixation,n/a,volumen,dato_unico,serie MIR.M.U2.B.A2D.F.B.A.2250.EUR.N
Zona euro (referencia),credito_consumo_hogares_referencia,volumen | Bank business volumes - loans to households for other purposes with a variable rate and an interest rate fixation period of up to one year (new business),6342.29,eur_millones,2025-05,"BCE, ECB Data Portal, dataset MIR",https://data.ecb.europa.eu/data/datasets/MIR/MIR.MIR.M.U2.B.A2D.F.B.A.2250.EUR.N,2026-09-16,Total,Up to 1 year initial rate fixation,n/a,volumen,dato_unico,serie MIR.M.U2.B.A2D.F.B.A.2250.EUR.N
Zona euro (referencia),credito_consumo_hogares_referencia,volumen | Bank business volumes - loans to households for other purposes with a variable rate and an interest rate fixation period of up to one year (new business),7476.02,eur_millones,2025-06,"BCE, ECB Data Portal, dataset MIR",https://data.ecb.europa.eu/data/datasets/MIR/MIR.MIR.M.U2.B.A2D.F.B.A.2250.EUR.N,2026-09-16,Total,Up to 1 year initial rate fixation,n/a,volumen,dato_unico,serie MIR.M.U2.B.A2D.F.B.A.2250.EUR.N
Zona euro (referencia),credito_consumo_hogares_referencia,volumen | Bank business volumes - loans to households for other purposes with a variable rate and an interest rate fixation period of up to one year (new business),7621.03,eur_millones,2025-07,"BCE, ECB Data Portal, dataset MIR",https://data.ecb.europa.eu/data/datasets/MIR/MIR.MIR.M.U2.B.A2D.F.B.A.2250.EUR.N,2026-09-16,Total,Up to 1 year initial rate fixation,n/a,volumen,dato_unico,serie MIR.M.U2.B.A2D.F.B.A.2250.EUR.N
Zona euro (referencia),credito_consumo_hogares_referencia,volumen | Bank business volumes - loans to households for other purposes with a variable rate and an interest rate fixation period of up to one year (new business),5374.21,eur_millones,2025-08,"BCE, ECB Data Portal, dataset MIR",https://data.ecb.europa.eu/data/datasets/MIR/MIR.MIR.M.U2.B.A2D.F.B.A.2250.EUR.N,2026-09-16,Total,Up to 1 year initial rate fixation,n/a,volumen,dato_unico,serie MIR.M.U2.B.A2D.F.B.A.2250.EUR.N
Zona euro (referencia),credito_consumo_hogares_referencia,volumen | Bank business volumes - loans to households for other purposes with a variable rate and an interest rate fixation period of up to one year (new business),6633.67,eur_millones,2025-09,"BCE, ECB Data Portal, dataset MIR",https://data.ecb.europa.eu/data/datasets/MIR/MIR.MIR.M.U2.B.A2D.F.B.A.2250.EUR.N,2026-09-16,Total,Up to 1 year initial rate fixation,n/a,volumen,dato_unico,serie MIR.M.U2.B.A2D.F.B.A.2250.EUR.N
Zona euro (referencia),credito_consumo_hogares_referencia,volumen | Bank business volumes - loans to households for other purposes with a variable rate and an interest rate fixation period of up to one year (new business),7208.03,eur_millones,2025-10,"BCE, ECB Data Portal, dataset MIR",https://data.ecb.europa.eu/data/datasets/MIR/MIR.MIR.M.U2.B.A2D.F.B.A.2250.EUR.N,2026-09-16,Total,Up to 1 year initial rate fixation,n/a,volumen,dato_unico,serie MIR.M.U2.B.A2D.F.B.A.2250.EUR.N
Zona euro (referencia),credito_consumo_hogares_referencia,volumen | Bank business volumes - loans to households for other purposes with a variable rate and an interest rate fixation period of up to one year (new business),6539.16,eur_millones,2025-11,"BCE, ECB Data Portal, dataset MIR",https://data.ecb.europa.eu/data/datasets/MIR/MIR.MIR.M.U2.B.A2D.F.B.A.2250.EUR.N,2026-09-16,Total,Up to 1 year initial rate fixation,n/a,volumen,dato_unico,serie MIR.M.U2.B.A2D.F.B.A.2250.EUR.N
Zona euro (referencia),credito_consumo_hogares_referencia,volumen | Bank business volumes - loans to households for other purposes with a variable rate and an interest rate fixation period of up to one year (new business),8140.11,eur_millones,2025-12,"BCE, ECB Data Portal, dataset MIR",https://data.ecb.europa.eu/data/datasets/MIR/MIR.MIR.M.U2.B.A2D.F.B.A.2250.EUR.N,2026-09-16,Total,Up to 1 year initial rate fixation,n/a,volumen,dato_unico,serie MIR.M.U2.B.A2D.F.B.A.2250.EUR.N
Zona euro (referencia),credito_consumo_hogares_referencia,volumen | Bank business volumes - loans to households for other purposes with a variable rate and an interest rate fixation period of up to one year (new business),7465.31,eur_millones,2026-01,"BCE, ECB Data Portal, dataset MIR",https://data.ecb.europa.eu/data/datasets/MIR/MIR.MIR.M.U2.B.A2D.F.B.A.2250.EUR.N,2026-09-16,Total,Up to 1 year initial rate fixation,n/a,volumen,dato_unico,serie MIR.M.U2.B.A2D.F.B.A.2250.EUR.N
Zona euro (referencia),credito_consumo_hogares_referencia,volumen | Bank business volumes - loans to households for other purposes with a variable rate and an interest rate fixation period of up to one year (new business),6430.63,eur_millones,2026-02,"BCE, ECB Data Portal, dataset MIR",https://data.ecb.europa.eu/data/datasets/MIR/MIR.MIR.M.U2.B.A2D.F.B.A.2250.EUR.N,2026-09-16,Total,Up to 1 year initial rate fixation,n/a,volumen,dato_unico,serie MIR.M.U2.B.A2D.F.B.A.2250.EUR.N
Zona euro (referencia),credito_consumo_hogares_referencia,volumen | Bank business volumes - loans to households for other purposes with a variable rate and an interest rate fixation period of up to one year (new business),7970.66,eur_millones,2026-03,"BCE, ECB Data Portal, dataset MIR",https://data.ecb.europa.eu/data/datasets/MIR/MIR.MIR.M.U2.B.A2D.F.B.A.2250.EUR.N,2026-09-16,Total,Up to 1 year initial rate fixation,n/a,volumen,dato_unico,serie MIR.M.U2.B.A2D.F.B.A.2250.EUR.N
Zona euro (referencia),credito_consumo_hogares_referencia,volumen | Bank business volumes - loans to households for other purposes with a variable rate and an interest rate fixation period of up to one year (new business),6993.12,eur_millones,2026-04,"BCE, ECB Data Portal, dataset MIR",https://data.ecb.europa.eu/data/datasets/MIR/MIR.MIR.M.U2.B.A2D.F.B.A.2250.EUR.N,2026-09-16,Total,Up to 1 year initial rate fixation,n/a,volumen,dato_unico,serie MIR.M.U2.B.A2D.F.B.A.2250.EUR.N
Zona euro (referencia),credito_consumo_hogares_referencia,volumen | Bank business volumes - loans to households for other purposes with a variable rate and an interest rate fixation period of up to one year (new business),6601.7,eur_millones,2026-05,"BCE, ECB Data Portal, dataset MIR",https://data.ecb.europa.eu/data/datasets/MIR/MIR.MIR.M.U2.B.A2D.F.B.A.2250.EUR.N,2026-09-16,Total,Up to 1 year initial rate fixation,n/a,volumen,dato_unico,serie MIR.M.U2.B.A2D.F.B.A.2250.EUR.N
Zona euro (referencia),credito_consumo_hogares_referencia,volumen | Bank business volumes - loans to households for other purposes with a variable rate and an interest rate fixation period of up to one year (new business),7922.38,eur_millones,2026-06,"BCE, ECB Data Portal, dataset MIR",https://data.ecb.europa.eu/data/datasets/MIR/MIR.MIR.M.U2.B.A2D.F.B.A.2250.EUR.N,2026-09-16,Total,Up to 1 year initial rate fixation,n/a,volumen,dato_unico,serie MIR.M.U2.B.A2D.F.B.A.2250.EUR.N
Zona euro (referencia),credito_consumo_hogares_referencia,volumen | Bank business volumes - loans to households for other purposes with a variable rate and an interest rate fixation period of up to one year (new business),7355.71,eur_millones,2026-07,"BCE, ECB Data Portal, dataset MIR",https://data.ecb.europa.eu/data/datasets/MIR/MIR.MIR.M.U2.B.A2D.F.B.A.2250.EUR.N,2026-09-16,Total,Up to 1 year initial rate fixation,n/a,volumen,dato_unico,serie MIR.M.U2.B.A2D.F.B.A.2250.EUR.N; OBS_STATUS=P (no definitivo)
Zona euro (referencia),credito_consumo_hogares_referencia,volumen | Bank business volumes - loans to households for other purposes with an interest rate fixation period of over one & up to five years (new business),2463.21,eur_millones,2025-01,"BCE, ECB Data Portal, dataset MIR",https://data.ecb.europa.eu/data/datasets/MIR/MIR.MIR.M.U2.B.A2D.I.B.A.2250.EUR.N,2026-09-16,Total,Over 1 and up to 5 years initial rate fixation,n/a,volumen,dato_unico,serie MIR.M.U2.B.A2D.I.B.A.2250.EUR.N
Zona euro (referencia),credito_consumo_hogares_referencia,volumen | Bank business volumes - loans to households for other purposes with an interest rate fixation period of over one & up to five years (new business),2322.98,eur_millones,2025-02,"BCE, ECB Data Portal, dataset MIR",https://data.ecb.europa.eu/data/datasets/MIR/MIR.MIR.M.U2.B.A2D.I.B.A.2250.EUR.N,2026-09-16,Total,Over 1 and up to 5 years initial rate fixation,n/a,volumen,dato_unico,serie MIR.M.U2.B.A2D.I.B.A.2250.EUR.N
Zona euro (referencia),credito_consumo_hogares_referencia,volumen | Bank business volumes - loans to households for other purposes with an interest rate fixation period of over one & up to five years (new business),2876.18,eur_millones,2025-03,"BCE, ECB Data Portal, dataset MIR",https://data.ecb.europa.eu/data/datasets/MIR/MIR.MIR.M.U2.B.A2D.I.B.A.2250.EUR.N,2026-09-16,Total,Over 1 and up to 5 years initial rate fixation,n/a,volumen,dato_unico,serie MIR.M.U2.B.A2D.I.B.A.2250.EUR.N
Zona euro (referencia),credito_consumo_hogares_referencia,volumen | Bank business volumes - loans to households for other purposes with an interest rate fixation period of over one & up to five years (new business),2790.63,eur_millones,2025-04,"BCE, ECB Data Portal, dataset MIR",https://data.ecb.europa.eu/data/datasets/MIR/MIR.MIR.M.U2.B.A2D.I.B.A.2250.EUR.N,2026-09-16,Total,Over 1 and up to 5 years initial rate fixation,n/a,volumen,dato_unico,serie MIR.M.U2.B.A2D.I.B.A.2250.EUR.N
Zona euro (referencia),credito_consumo_hogares_referencia,volumen | Bank business volumes - loans to households for other purposes with an interest rate fixation period of over one & up to five years (new business),2445.64,eur_millones,2025-05,"BCE, ECB Data Portal, dataset MIR",https://data.ecb.europa.eu/data/datasets/MIR/MIR.MIR.M.U2.B.A2D.I.B.A.2250.EUR.N,2026-09-16,Total,Over 1 and up to 5 years initial rate fixation,n/a,volumen,dato_unico,serie MIR.M.U2.B.A2D.I.B.A.2250.EUR.N
Zona euro (referencia),credito_consumo_hogares_referencia,volumen | Bank business volumes - loans to households for other purposes with an interest rate fixation period of over one & up to five years (new business),2719.45,eur_millones,2025-06,"BCE, ECB Data Portal, dataset MIR",https://data.ecb.europa.eu/data/datasets/MIR/MIR.MIR.M.U2.B.A2D.I.B.A.2250.EUR.N,2026-09-16,Total,Over 1 and up to 5 years initial rate fixation,n/a,volumen,dato_unico,serie MIR.M.U2.B.A2D.I.B.A.2250.EUR.N
Zona euro (referencia),credito_consumo_hogares_referencia,volumen | Bank business volumes - loans to households for other purposes with an interest rate fixation period of over one & up to five years (new business),3071.08,eur_millones,2025-07,"BCE, ECB Data Portal, dataset MIR",https://data.ecb.europa.eu/data/datasets/MIR/MIR.MIR.M.U2.B.A2D.I.B.A.2250.EUR.N,2026-09-16,Total,Over 1 and up to 5 years initial rate fixation,n/a,volumen,dato_unico,serie MIR.M.U2.B.A2D.I.B.A.2250.EUR.N
Zona euro (referencia),credito_consumo_hogares_referencia,volumen | Bank business volumes - loans to households for other purposes with an interest rate fixation period of over one & up to five years (new business),2082.51,eur_millones,2025-08,"BCE, ECB Data Portal, dataset MIR",https://data.ecb.europa.eu/data/datasets/MIR/MIR.MIR.M.U2.B.A2D.I.B.A.2250.EUR.N,2026-09-16,Total,Over 1 and up to 5 years initial rate fixation,n/a,volumen,dato_unico,serie MIR.M.U2.B.A2D.I.B.A.2250.EUR.N
Zona euro (referencia),credito_consumo_hogares_referencia,volumen | Bank business volumes - loans to households for other purposes with an interest rate fixation period of over one & up to five years (new business),2448.14,eur_millones,2025-09,"BCE, ECB Data Portal, dataset MIR",https://data.ecb.europa.eu/data/datasets/MIR/MIR.MIR.M.U2.B.A2D.I.B.A.2250.EUR.N,2026-09-16,Total,Over 1 and up to 5 years initial rate fixation,n/a,volumen,dato_unico,serie MIR.M.U2.B.A2D.I.B.A.2250.EUR.N
Zona euro (referencia),credito_consumo_hogares_referencia,volumen | Bank business volumes - loans to households for other purposes with an interest rate fixation period of over one & up to five years (new business),2624.53,eur_millones,2025-10,"BCE, ECB Data Portal, dataset MIR",https://data.ecb.europa.eu/data/datasets/MIR/MIR.MIR.M.U2.B.A2D.I.B.A.2250.EUR.N,2026-09-16,Total,Over 1 and up to 5 years initial rate fixation,n/a,volumen,dato_unico,serie MIR.M.U2.B.A2D.I.B.A.2250.EUR.N
Zona euro (referencia),credito_consumo_hogares_referencia,volumen | Bank business volumes - loans to households for other purposes with an interest rate fixation period of over one & up to five years (new business),2249.69,eur_millones,2025-11,"BCE, ECB Data Portal, dataset MIR",https://data.ecb.europa.eu/data/datasets/MIR/MIR.MIR.M.U2.B.A2D.I.B.A.2250.EUR.N,2026-09-16,Total,Over 1 and up to 5 years initial rate fixation,n/a,volumen,dato_unico,serie MIR.M.U2.B.A2D.I.B.A.2250.EUR.N
Zona euro (referencia),credito_consumo_hogares_referencia,volumen | Bank business volumes - loans to households for other purposes with an interest rate fixation period of over one & up to five years (new business),2922.74,eur_millones,2025-12,"BCE, ECB Data Portal, dataset MIR",https://data.ecb.europa.eu/data/datasets/MIR/MIR.MIR.M.U2.B.A2D.I.B.A.2250.EUR.N,2026-09-16,Total,Over 1 and up to 5 years initial rate fixation,n/a,volumen,dato_unico,serie MIR.M.U2.B.A2D.I.B.A.2250.EUR.N
Zona euro (referencia),credito_consumo_hogares_referencia,volumen | Bank business volumes - loans to households for other purposes with an interest rate fixation period of over one & up to five years (new business),2332.66,eur_millones,2026-01,"BCE, ECB Data Portal, dataset MIR",https://data.ecb.europa.eu/data/datasets/MIR/MIR.MIR.M.U2.B.A2D.I.B.A.2250.EUR.N,2026-09-16,Total,Over 1 and up to 5 years initial rate fixation,n/a,volumen,dato_unico,serie MIR.M.U2.B.A2D.I.B.A.2250.EUR.N
Zona euro (referencia),credito_consumo_hogares_referencia,volumen | Bank business volumes - loans to households for other purposes with an interest rate fixation period of over one & up to five years (new business),2500.36,eur_millones,2026-02,"BCE, ECB Data Portal, dataset MIR",https://data.ecb.europa.eu/data/datasets/MIR/MIR.MIR.M.U2.B.A2D.I.B.A.2250.EUR.N,2026-09-16,Total,Over 1 and up to 5 years initial rate fixation,n/a,volumen,dato_unico,serie MIR.M.U2.B.A2D.I.B.A.2250.EUR.N
Zona euro (referencia),credito_consumo_hogares_referencia,volumen | Bank business volumes - loans to households for other purposes with an interest rate fixation period of over one & up to five years (new business),3344.53,eur_millones,2026-03,"BCE, ECB Data Portal, dataset MIR",https://data.ecb.europa.eu/data/datasets/MIR/MIR.MIR.M.U2.B.A2D.I.B.A.2250.EUR.N,2026-09-16,Total,Over 1 and up to 5 years initial rate fixation,n/a,volumen,dato_unico,serie MIR.M.U2.B.A2D.I.B.A.2250.EUR.N
Zona euro (referencia),credito_consumo_hogares_referencia,volumen | Bank business volumes - loans to households for other purposes with an interest rate fixation period of over one & up to five years (new business),2613.08,eur_millones,2026-04,"BCE, ECB Data Portal, dataset MIR",https://data.ecb.europa.eu/data/datasets/MIR/MIR.MIR.M.U2.B.A2D.I.B.A.2250.EUR.N,2026-09-16,Total,Over 1 and up to 5 years initial rate fixation,n/a,volumen,dato_unico,serie MIR.M.U2.B.A2D.I.B.A.2250.EUR.N
Zona euro (referencia),credito_consumo_hogares_referencia,volumen | Bank business volumes - loans to households for other purposes with an interest rate fixation period of over one & up to five years (new business),2276.93,eur_millones,2026-05,"BCE, ECB Data Portal, dataset MIR",https://data.ecb.europa.eu/data/datasets/MIR/MIR.MIR.M.U2.B.A2D.I.B.A.2250.EUR.N,2026-09-16,Total,Over 1 and up to 5 years initial rate fixation,n/a,volumen,dato_unico,serie MIR.M.U2.B.A2D.I.B.A.2250.EUR.N
Zona euro (referencia),credito_consumo_hogares_referencia,volumen | Bank business volumes - loans to households for other purposes with an interest rate fixation period of over one & up to five years (new business),2729.4,eur_millones,2026-06,"BCE, ECB Data Portal, dataset MIR",https://data.ecb.europa.eu/data/datasets/MIR/MIR.MIR.M.U2.B.A2D.I.B.A.2250.EUR.N,2026-09-16,Total,Over 1 and up to 5 years initial rate fixation,n/a,volumen,dato_unico,serie MIR.M.U2.B.A2D.I.B.A.2250.EUR.N
Zona euro (referencia),credito_consumo_hogares_referencia,volumen | Bank business volumes - loans to households for other purposes with an interest rate fixation period of over one & up to five years (new business),2693.13,eur_millones,2026-07,"BCE, ECB Data Portal, dataset MIR",https://data.ecb.europa.eu/data/datasets/MIR/MIR.MIR.M.U2.B.A2D.I.B.A.2250.EUR.N,2026-09-16,Total,Over 1 and up to 5 years initial rate fixation,n/a,volumen,dato_unico,serie MIR.M.U2.B.A2D.I.B.A.2250.EUR.N; OBS_STATUS=P (no definitivo)
Zona euro (referencia),credito_consumo_hogares_referencia,volumen | Bank business volumes - loans to households for other purposes with an interest rate fixation period of over five years (new business),3922.67,eur_millones,2025-01,"BCE, ECB Data Portal, dataset MIR",https://data.ecb.europa.eu/data/datasets/MIR/MIR.MIR.M.U2.B.A2D.J.B.A.2250.EUR.N,2026-09-16,Total,Over 5 years initial rate fixation,n/a,volumen,dato_unico,serie MIR.M.U2.B.A2D.J.B.A.2250.EUR.N
Zona euro (referencia),credito_consumo_hogares_referencia,volumen | Bank business volumes - loans to households for other purposes with an interest rate fixation period of over five years (new business),3921.43,eur_millones,2025-02,"BCE, ECB Data Portal, dataset MIR",https://data.ecb.europa.eu/data/datasets/MIR/MIR.MIR.M.U2.B.A2D.J.B.A.2250.EUR.N,2026-09-16,Total,Over 5 years initial rate fixation,n/a,volumen,dato_unico,serie MIR.M.U2.B.A2D.J.B.A.2250.EUR.N
Zona euro (referencia),credito_consumo_hogares_referencia,volumen | Bank business volumes - loans to households for other purposes with an interest rate fixation period of over five years (new business),4498.67,eur_millones,2025-03,"BCE, ECB Data Portal, dataset MIR",https://data.ecb.europa.eu/data/datasets/MIR/MIR.MIR.M.U2.B.A2D.J.B.A.2250.EUR.N,2026-09-16,Total,Over 5 years initial rate fixation,n/a,volumen,dato_unico,serie MIR.M.U2.B.A2D.J.B.A.2250.EUR.N
Zona euro (referencia),credito_consumo_hogares_referencia,volumen | Bank business volumes - loans to households for other purposes with an interest rate fixation period of over five years (new business),4633.08,eur_millones,2025-04,"BCE, ECB Data Portal, dataset MIR",https://data.ecb.europa.eu/data/datasets/MIR/MIR.MIR.M.U2.B.A2D.J.B.A.2250.EUR.N,2026-09-16,Total,Over 5 years initial rate fixation,n/a,volumen,dato_unico,serie MIR.M.U2.B.A2D.J.B.A.2250.EUR.N
Zona euro (referencia),credito_consumo_hogares_referencia,volumen | Bank business volumes - loans to households for other purposes with an interest rate fixation period of over five years (new business),4290.54,eur_millones,2025-05,"BCE, ECB Data Portal, dataset MIR",https://data.ecb.europa.eu/data/datasets/MIR/MIR.MIR.M.U2.B.A2D.J.B.A.2250.EUR.N,2026-09-16,Total,Over 5 years initial rate fixation,n/a,volumen,dato_unico,serie MIR.M.U2.B.A2D.J.B.A.2250.EUR.N
Zona euro (referencia),credito_consumo_hogares_referencia,volumen | Bank business volumes - loans to households for other purposes with an interest rate fixation period of over five years (new business),4465.99,eur_millones,2025-06,"BCE, ECB Data Portal, dataset MIR",https://data.ecb.europa.eu/data/datasets/MIR/MIR.MIR.M.U2.B.A2D.J.B.A.2250.EUR.N,2026-09-16,Total,Over 5 years initial rate fixation,n/a,volumen,dato_unico,serie MIR.M.U2.B.A2D.J.B.A.2250.EUR.N
Zona euro (referencia),credito_consumo_hogares_referencia,volumen | Bank business volumes - loans to households for other purposes with an interest rate fixation period of over five years (new business),5151.36,eur_millones,2025-07,"BCE, ECB Data Portal, dataset MIR",https://data.ecb.europa.eu/data/datasets/MIR/MIR.MIR.M.U2.B.A2D.J.B.A.2250.EUR.N,2026-09-16,Total,Over 5 years initial rate fixation,n/a,volumen,dato_unico,serie MIR.M.U2.B.A2D.J.B.A.2250.EUR.N
Zona euro (referencia),credito_consumo_hogares_referencia,volumen | Bank business volumes - loans to households for other purposes with an interest rate fixation period of over five years (new business),3331.93,eur_millones,2025-08,"BCE, ECB Data Portal, dataset MIR",https://data.ecb.europa.eu/data/datasets/MIR/MIR.MIR.M.U2.B.A2D.J.B.A.2250.EUR.N,2026-09-16,Total,Over 5 years initial rate fixation,n/a,volumen,dato_unico,serie MIR.M.U2.B.A2D.J.B.A.2250.EUR.N
Zona euro (referencia),credito_consumo_hogares_referencia,volumen | Bank business volumes - loans to households for other purposes with an interest rate fixation period of over five years (new business),3988.67,eur_millones,2025-09,"BCE, ECB Data Portal, dataset MIR",https://data.ecb.europa.eu/data/datasets/MIR/MIR.MIR.M.U2.B.A2D.J.B.A.2250.EUR.N,2026-09-16,Total,Over 5 years initial rate fixation,n/a,volumen,dato_unico,serie MIR.M.U2.B.A2D.J.B.A.2250.EUR.N
Zona euro (referencia),credito_consumo_hogares_referencia,volumen | Bank business volumes - loans to households for other purposes with an interest rate fixation period of over five years (new business),3994.45,eur_millones,2025-10,"BCE, ECB Data Portal, dataset MIR",https://data.ecb.europa.eu/data/datasets/MIR/MIR.MIR.M.U2.B.A2D.J.B.A.2250.EUR.N,2026-09-16,Total,Over 5 years initial rate fixation,n/a,volumen,dato_unico,serie MIR.M.U2.B.A2D.J.B.A.2250.EUR.N
Zona euro (referencia),credito_consumo_hogares_referencia,volumen | Bank business volumes - loans to households for other purposes with an interest rate fixation period of over five years (new business),3791.44,eur_millones,2025-11,"BCE, ECB Data Portal, dataset MIR",https://data.ecb.europa.eu/data/datasets/MIR/MIR.MIR.M.U2.B.A2D.J.B.A.2250.EUR.N,2026-09-16,Total,Over 5 years initial rate fixation,n/a,volumen,dato_unico,serie MIR.M.U2.B.A2D.J.B.A.2250.EUR.N
Zona euro (referencia),credito_consumo_hogares_referencia,volumen | Bank business volumes - loans to households for other purposes with an interest rate fixation period of over five years (new business),5074.98,eur_millones,2025-12,"BCE, ECB Data Portal, dataset MIR",https://data.ecb.europa.eu/data/datasets/MIR/MIR.MIR.M.U2.B.A2D.J.B.A.2250.EUR.N,2026-09-16,Total,Over 5 years initial rate fixation,n/a,volumen,dato_unico,serie MIR.M.U2.B.A2D.J.B.A.2250.EUR.N
Zona euro (referencia),credito_consumo_hogares_referencia,volumen | Bank business volumes - loans to households for other purposes with an interest rate fixation period of over five years (new business),3623.28,eur_millones,2026-01,"BCE, ECB Data Portal, dataset MIR",https://data.ecb.europa.eu/data/datasets/MIR/MIR.MIR.M.U2.B.A2D.J.B.A.2250.EUR.N,2026-09-16,Total,Over 5 years initial rate fixation,n/a,volumen,dato_unico,serie MIR.M.U2.B.A2D.J.B.A.2250.EUR.N
Zona euro (referencia),credito_consumo_hogares_referencia,volumen | Bank business volumes - loans to households for other purposes with an interest rate fixation period of over five years (new business),3860.83,eur_millones,2026-02,"BCE, ECB Data Portal, dataset MIR",https://data.ecb.europa.eu/data/datasets/MIR/MIR.MIR.M.U2.B.A2D.J.B.A.2250.EUR.N,2026-09-16,Total,Over 5 years initial rate fixation,n/a,volumen,dato_unico,serie MIR.M.U2.B.A2D.J.B.A.2250.EUR.N
Zona euro (referencia),credito_consumo_hogares_referencia,volumen | Bank business volumes - loans to households for other purposes with an interest rate fixation period of over five years (new business),4756.05,eur_millones,2026-03,"BCE, ECB Data Portal, dataset MIR",https://data.ecb.europa.eu/data/datasets/MIR/MIR.MIR.M.U2.B.A2D.J.B.A.2250.EUR.N,2026-09-16,Total,Over 5 years initial rate fixation,n/a,volumen,dato_unico,serie MIR.M.U2.B.A2D.J.B.A.2250.EUR.N
Zona euro (referencia),credito_consumo_hogares_referencia,volumen | Bank business volumes - loans to households for other purposes with an interest rate fixation period of over five years (new business),3980.57,eur_millones,2026-04,"BCE, ECB Data Portal, dataset MIR",https://data.ecb.europa.eu/data/datasets/MIR/MIR.MIR.M.U2.B.A2D.J.B.A.2250.EUR.N,2026-09-16,Total,Over 5 years initial rate fixation,n/a,volumen,dato_unico,serie MIR.M.U2.B.A2D.J.B.A.2250.EUR.N
Zona euro (referencia),credito_consumo_hogares_referencia,volumen | Bank business volumes - loans to households for other purposes with an interest rate fixation period of over five years (new business),3321.65,eur_millones,2026-05,"BCE, ECB Data Portal, dataset MIR",https://data.ecb.europa.eu/data/datasets/MIR/MIR.MIR.M.U2.B.A2D.J.B.A.2250.EUR.N,2026-09-16,Total,Over 5 years initial rate fixation,n/a,volumen,dato_unico,serie MIR.M.U2.B.A2D.J.B.A.2250.EUR.N
Zona euro (referencia),credito_consumo_hogares_referencia,volumen | Bank business volumes - loans to households for other purposes with an interest rate fixation period of over five years (new business),4186.08,eur_millones,2026-06,"BCE, ECB Data Portal, dataset MIR",https://data.ecb.europa.eu/data/datasets/MIR/MIR.MIR.M.U2.B.A2D.J.B.A.2250.EUR.N,2026-09-16,Total,Over 5 years initial rate fixation,n/a,volumen,dato_unico,serie MIR.M.U2.B.A2D.J.B.A.2250.EUR.N
Zona euro (referencia),credito_consumo_hogares_referencia,volumen | Bank business volumes - loans to households for other purposes with an interest rate fixation period of over five years (new business),4275.32,eur_millones,2026-07,"BCE, ECB Data Portal, dataset MIR",https://data.ecb.europa.eu/data/datasets/MIR/MIR.MIR.M.U2.B.A2D.J.B.A.2250.EUR.N,2026-09-16,Total,Over 5 years initial rate fixation,n/a,volumen,dato_unico,serie MIR.M.U2.B.A2D.J.B.A.2250.EUR.N; OBS_STATUS=P (no definitivo)
Zona euro (referencia),credito_consumo_hogares_referencia,volumen | Bank business volumes - loans to households for other purposes with an interest rate fixation period of over one year (new business),6385.87,eur_millones,2025-01,"BCE, ECB Data Portal, dataset MIR",https://data.ecb.europa.eu/data/datasets/MIR/MIR.MIR.M.U2.B.A2D.K.B.A.2250.EUR.N,2026-09-16,Total,Over 1 year initial rate fixation,n/a,volumen,dato_unico,serie MIR.M.U2.B.A2D.K.B.A.2250.EUR.N
Zona euro (referencia),credito_consumo_hogares_referencia,volumen | Bank business volumes - loans to households for other purposes with an interest rate fixation period of over one year (new business),6244.41,eur_millones,2025-02,"BCE, ECB Data Portal, dataset MIR",https://data.ecb.europa.eu/data/datasets/MIR/MIR.MIR.M.U2.B.A2D.K.B.A.2250.EUR.N,2026-09-16,Total,Over 1 year initial rate fixation,n/a,volumen,dato_unico,serie MIR.M.U2.B.A2D.K.B.A.2250.EUR.N
Zona euro (referencia),credito_consumo_hogares_referencia,volumen | Bank business volumes - loans to households for other purposes with an interest rate fixation period of over one year (new business),7374.85,eur_millones,2025-03,"BCE, ECB Data Portal, dataset MIR",https://data.ecb.europa.eu/data/datasets/MIR/MIR.MIR.M.U2.B.A2D.K.B.A.2250.EUR.N,2026-09-16,Total,Over 1 year initial rate fixation,n/a,volumen,dato_unico,serie MIR.M.U2.B.A2D.K.B.A.2250.EUR.N
Zona euro (referencia),credito_consumo_hogares_referencia,volumen | Bank business volumes - loans to households for other purposes with an interest rate fixation period of over one year (new business),7423.71,eur_millones,2025-04,"BCE, ECB Data Portal, dataset MIR",https://data.ecb.europa.eu/data/datasets/MIR/MIR.MIR.M.U2.B.A2D.K.B.A.2250.EUR.N,2026-09-16,Total,Over 1 year initial rate fixation,n/a,volumen,dato_unico,serie MIR.M.U2.B.A2D.K.B.A.2250.EUR.N
Zona euro (referencia),credito_consumo_hogares_referencia,volumen | Bank business volumes - loans to households for other purposes with an interest rate fixation period of over one year (new business),6736.18,eur_millones,2025-05,"BCE, ECB Data Portal, dataset MIR",https://data.ecb.europa.eu/data/datasets/MIR/MIR.MIR.M.U2.B.A2D.K.B.A.2250.EUR.N,2026-09-16,Total,Over 1 year initial rate fixation,n/a,volumen,dato_unico,serie MIR.M.U2.B.A2D.K.B.A.2250.EUR.N
Zona euro (referencia),credito_consumo_hogares_referencia,volumen | Bank business volumes - loans to households for other purposes with an interest rate fixation period of over one year (new business),7185.44,eur_millones,2025-06,"BCE, ECB Data Portal, dataset MIR",https://data.ecb.europa.eu/data/datasets/MIR/MIR.MIR.M.U2.B.A2D.K.B.A.2250.EUR.N,2026-09-16,Total,Over 1 year initial rate fixation,n/a,volumen,dato_unico,serie MIR.M.U2.B.A2D.K.B.A.2250.EUR.N
Zona euro (referencia),credito_consumo_hogares_referencia,volumen | Bank business volumes - loans to households for other purposes with an interest rate fixation period of over one year (new business),8222.44,eur_millones,2025-07,"BCE, ECB Data Portal, dataset MIR",https://data.ecb.europa.eu/data/datasets/MIR/MIR.MIR.M.U2.B.A2D.K.B.A.2250.EUR.N,2026-09-16,Total,Over 1 year initial rate fixation,n/a,volumen,dato_unico,serie MIR.M.U2.B.A2D.K.B.A.2250.EUR.N
Zona euro (referencia),credito_consumo_hogares_referencia,volumen | Bank business volumes - loans to households for other purposes with an interest rate fixation period of over one year (new business),5414.43,eur_millones,2025-08,"BCE, ECB Data Portal, dataset MIR",https://data.ecb.europa.eu/data/datasets/MIR/MIR.MIR.M.U2.B.A2D.K.B.A.2250.EUR.N,2026-09-16,Total,Over 1 year initial rate fixation,n/a,volumen,dato_unico,serie MIR.M.U2.B.A2D.K.B.A.2250.EUR.N
Zona euro (referencia),credito_consumo_hogares_referencia,volumen | Bank business volumes - loans to households for other purposes with an interest rate fixation period of over one year (new business),6436.81,eur_millones,2025-09,"BCE, ECB Data Portal, dataset MIR",https://data.ecb.europa.eu/data/datasets/MIR/MIR.MIR.M.U2.B.A2D.K.B.A.2250.EUR.N,2026-09-16,Total,Over 1 year initial rate fixation,n/a,volumen,dato_unico,serie MIR.M.U2.B.A2D.K.B.A.2250.EUR.N
Zona euro (referencia),credito_consumo_hogares_referencia,volumen | Bank business volumes - loans to households for other purposes with an interest rate fixation period of over one year (new business),6618.98,eur_millones,2025-10,"BCE, ECB Data Portal, dataset MIR",https://data.ecb.europa.eu/data/datasets/MIR/MIR.MIR.M.U2.B.A2D.K.B.A.2250.EUR.N,2026-09-16,Total,Over 1 year initial rate fixation,n/a,volumen,dato_unico,serie MIR.M.U2.B.A2D.K.B.A.2250.EUR.N
Zona euro (referencia),credito_consumo_hogares_referencia,volumen | Bank business volumes - loans to households for other purposes with an interest rate fixation period of over one year (new business),6041.14,eur_millones,2025-11,"BCE, ECB Data Portal, dataset MIR",https://data.ecb.europa.eu/data/datasets/MIR/MIR.MIR.M.U2.B.A2D.K.B.A.2250.EUR.N,2026-09-16,Total,Over 1 year initial rate fixation,n/a,volumen,dato_unico,serie MIR.M.U2.B.A2D.K.B.A.2250.EUR.N
Zona euro (referencia),credito_consumo_hogares_referencia,volumen | Bank business volumes - loans to households for other purposes with an interest rate fixation period of over one year (new business),7997.72,eur_millones,2025-12,"BCE, ECB Data Portal, dataset MIR",https://data.ecb.europa.eu/data/datasets/MIR/MIR.MIR.M.U2.B.A2D.K.B.A.2250.EUR.N,2026-09-16,Total,Over 1 year initial rate fixation,n/a,volumen,dato_unico,serie MIR.M.U2.B.A2D.K.B.A.2250.EUR.N
Zona euro (referencia),credito_consumo_hogares_referencia,volumen | Bank business volumes - loans to households for other purposes with an interest rate fixation period of over one year (new business),5955.95,eur_millones,2026-01,"BCE, ECB Data Portal, dataset MIR",https://data.ecb.europa.eu/data/datasets/MIR/MIR.MIR.M.U2.B.A2D.K.B.A.2250.EUR.N,2026-09-16,Total,Over 1 year initial rate fixation,n/a,volumen,dato_unico,serie MIR.M.U2.B.A2D.K.B.A.2250.EUR.N
Zona euro (referencia),credito_consumo_hogares_referencia,volumen | Bank business volumes - loans to households for other purposes with an interest rate fixation period of over one year (new business),6361.18,eur_millones,2026-02,"BCE, ECB Data Portal, dataset MIR",https://data.ecb.europa.eu/data/datasets/MIR/MIR.MIR.M.U2.B.A2D.K.B.A.2250.EUR.N,2026-09-16,Total,Over 1 year initial rate fixation,n/a,volumen,dato_unico,serie MIR.M.U2.B.A2D.K.B.A.2250.EUR.N
Zona euro (referencia),credito_consumo_hogares_referencia,volumen | Bank business volumes - loans to households for other purposes with an interest rate fixation period of over one year (new business),8100.58,eur_millones,2026-03,"BCE, ECB Data Portal, dataset MIR",https://data.ecb.europa.eu/data/datasets/MIR/MIR.MIR.M.U2.B.A2D.K.B.A.2250.EUR.N,2026-09-16,Total,Over 1 year initial rate fixation,n/a,volumen,dato_unico,serie MIR.M.U2.B.A2D.K.B.A.2250.EUR.N
Zona euro (referencia),credito_consumo_hogares_referencia,volumen | Bank business volumes - loans to households for other purposes with an interest rate fixation period of over one year (new business),6593.65,eur_millones,2026-04,"BCE, ECB Data Portal, dataset MIR",https://data.ecb.europa.eu/data/datasets/MIR/MIR.MIR.M.U2.B.A2D.K.B.A.2250.EUR.N,2026-09-16,Total,Over 1 year initial rate fixation,n/a,volumen,dato_unico,serie MIR.M.U2.B.A2D.K.B.A.2250.EUR.N
Zona euro (referencia),credito_consumo_hogares_referencia,volumen | Bank business volumes - loans to households for other purposes with an interest rate fixation period of over one year (new business),5598.58,eur_millones,2026-05,"BCE, ECB Data Portal, dataset MIR",https://data.ecb.europa.eu/data/datasets/MIR/MIR.MIR.M.U2.B.A2D.K.B.A.2250.EUR.N,2026-09-16,Total,Over 1 year initial rate fixation,n/a,volumen,dato_unico,serie MIR.M.U2.B.A2D.K.B.A.2250.EUR.N
Zona euro (referencia),credito_consumo_hogares_referencia,volumen | Bank business volumes - loans to households for other purposes with an interest rate fixation period of over one year (new business),6915.47,eur_millones,2026-06,"BCE, ECB Data Portal, dataset MIR",https://data.ecb.europa.eu/data/datasets/MIR/MIR.MIR.M.U2.B.A2D.K.B.A.2250.EUR.N,2026-09-16,Total,Over 1 year initial rate fixation,n/a,volumen,dato_unico,serie MIR.M.U2.B.A2D.K.B.A.2250.EUR.N
Zona euro (referencia),credito_consumo_hogares_referencia,volumen | Bank business volumes - loans to households for other purposes with an interest rate fixation period of over one year (new business),6968.45,eur_millones,2026-07,"BCE, ECB Data Portal, dataset MIR",https://data.ecb.europa.eu/data/datasets/MIR/MIR.MIR.M.U2.B.A2D.K.B.A.2250.EUR.N,2026-09-16,Total,Over 1 year initial rate fixation,n/a,volumen,dato_unico,serie MIR.M.U2.B.A2D.K.B.A.2250.EUR.N; OBS_STATUS=P (no definitivo)
