pais,producto,metrica,valor,unidad,periodo_referencia,fuente,url,fecha_publicacion,tramo_importe,plazo_fijacion,criterio_segmentacion,tipo_de_dato,ponderacion,notas
Espana,prestamos_empresas,Prima PYME (estrecha) | mensual,0.9000,pct_anual,2022-01,"BCE, MIR (ECB Data Portal)",https://data.ecb.europa.eu/data/datasets/MIR,2026-09-21,"hasta 0,25 M frente a mas de 1 M (extremos)",Total initial rate fixation,tamano_prestamo,nivel,dato_unico,"DIFERENCIAL de dos niveles de tipo, no un saldo neto de encuesta. Prima de tamano de OPERACION, no de empresa. Definicion estrecha."
Espana,prestamos_empresas,Prima PYME (estrecha) | mensual,0.8700,pct_anual,2022-02,"BCE, MIR (ECB Data Portal)",https://data.ecb.europa.eu/data/datasets/MIR,2026-09-21,"hasta 0,25 M frente a mas de 1 M (extremos)",Total initial rate fixation,tamano_prestamo,nivel,dato_unico,"DIFERENCIAL de dos niveles de tipo, no un saldo neto de encuesta. Prima de tamano de OPERACION, no de empresa. Definicion estrecha."
Espana,prestamos_empresas,Prima PYME (estrecha) | mensual,0.7300,pct_anual,2022-03,"BCE, MIR (ECB Data Portal)",https://data.ecb.europa.eu/data/datasets/MIR,2026-09-21,"hasta 0,25 M frente a mas de 1 M (extremos)",Total initial rate fixation,tamano_prestamo,nivel,dato_unico,"DIFERENCIAL de dos niveles de tipo, no un saldo neto de encuesta. Prima de tamano de OPERACION, no de empresa. Definicion estrecha."
Espana,prestamos_empresas,Prima PYME (estrecha) | mensual,0.9900,pct_anual,2022-04,"BCE, MIR (ECB Data Portal)",https://data.ecb.europa.eu/data/datasets/MIR,2026-09-21,"hasta 0,25 M frente a mas de 1 M (extremos)",Total initial rate fixation,tamano_prestamo,nivel,dato_unico,"DIFERENCIAL de dos niveles de tipo, no un saldo neto de encuesta. Prima de tamano de OPERACION, no de empresa. Definicion estrecha."
Espana,prestamos_empresas,Prima PYME (estrecha) | mensual,0.6800,pct_anual,2022-05,"BCE, MIR (ECB Data Portal)",https://data.ecb.europa.eu/data/datasets/MIR,2026-09-21,"hasta 0,25 M frente a mas de 1 M (extremos)",Total initial rate fixation,tamano_prestamo,nivel,dato_unico,"DIFERENCIAL de dos niveles de tipo, no un saldo neto de encuesta. Prima de tamano de OPERACION, no de empresa. Definicion estrecha."
Espana,prestamos_empresas,Prima PYME (estrecha) | mensual,0.5100,pct_anual,2022-06,"BCE, MIR (ECB Data Portal)",https://data.ecb.europa.eu/data/datasets/MIR,2026-09-21,"hasta 0,25 M frente a mas de 1 M (extremos)",Total initial rate fixation,tamano_prestamo,nivel,dato_unico,"DIFERENCIAL de dos niveles de tipo, no un saldo neto de encuesta. Prima de tamano de OPERACION, no de empresa. Definicion estrecha."
Espana,prestamos_empresas,Prima PYME (estrecha) | mensual,0.5200,pct_anual,2022-07,"BCE, MIR (ECB Data Portal)",https://data.ecb.europa.eu/data/datasets/MIR,2026-09-21,"hasta 0,25 M frente a mas de 1 M (extremos)",Total initial rate fixation,tamano_prestamo,nivel,dato_unico,"DIFERENCIAL de dos niveles de tipo, no un saldo neto de encuesta. Prima de tamano de OPERACION, no de empresa. Definicion estrecha."
Espana,prestamos_empresas,Prima PYME (estrecha) | mensual,0.6900,pct_anual,2022-08,"BCE, MIR (ECB Data Portal)",https://data.ecb.europa.eu/data/datasets/MIR,2026-09-21,"hasta 0,25 M frente a mas de 1 M (extremos)",Total initial rate fixation,tamano_prestamo,nivel,dato_unico,"DIFERENCIAL de dos niveles de tipo, no un saldo neto de encuesta. Prima de tamano de OPERACION, no de empresa. Definicion estrecha."
Espana,prestamos_empresas,Prima PYME (estrecha) | mensual,0.2800,pct_anual,2022-09,"BCE, MIR (ECB Data Portal)",https://data.ecb.europa.eu/data/datasets/MIR,2026-09-21,"hasta 0,25 M frente a mas de 1 M (extremos)",Total initial rate fixation,tamano_prestamo,nivel,dato_unico,"DIFERENCIAL de dos niveles de tipo, no un saldo neto de encuesta. Prima de tamano de OPERACION, no de empresa. Definicion estrecha."
Espana,prestamos_empresas,Prima PYME (estrecha) | mensual,0.3100,pct_anual,2022-10,"BCE, MIR (ECB Data Portal)",https://data.ecb.europa.eu/data/datasets/MIR,2026-09-21,"hasta 0,25 M frente a mas de 1 M (extremos)",Total initial rate fixation,tamano_prestamo,nivel,dato_unico,"DIFERENCIAL de dos niveles de tipo, no un saldo neto de encuesta. Prima de tamano de OPERACION, no de empresa. Definicion estrecha."
Espana,prestamos_empresas,Prima PYME (estrecha) | mensual,0.3800,pct_anual,2022-11,"BCE, MIR (ECB Data Portal)",https://data.ecb.europa.eu/data/datasets/MIR,2026-09-21,"hasta 0,25 M frente a mas de 1 M (extremos)",Total initial rate fixation,tamano_prestamo,nivel,dato_unico,"DIFERENCIAL de dos niveles de tipo, no un saldo neto de encuesta. Prima de tamano de OPERACION, no de empresa. Definicion estrecha."
Espana,prestamos_empresas,Prima PYME (estrecha) | mensual,0.2700,pct_anual,2022-12,"BCE, MIR (ECB Data Portal)",https://data.ecb.europa.eu/data/datasets/MIR,2026-09-21,"hasta 0,25 M frente a mas de 1 M (extremos)",Total initial rate fixation,tamano_prestamo,nivel,dato_unico,"DIFERENCIAL de dos niveles de tipo, no un saldo neto de encuesta. Prima de tamano de OPERACION, no de empresa. Definicion estrecha."
Espana,prestamos_empresas,Prima PYME (estrecha) | mensual,0.4700,pct_anual,2023-01,"BCE, MIR (ECB Data Portal)",https://data.ecb.europa.eu/data/datasets/MIR,2026-09-21,"hasta 0,25 M frente a mas de 1 M (extremos)",Total initial rate fixation,tamano_prestamo,nivel,dato_unico,"DIFERENCIAL de dos niveles de tipo, no un saldo neto de encuesta. Prima de tamano de OPERACION, no de empresa. Definicion estrecha."
Espana,prestamos_empresas,Prima PYME (estrecha) | mensual,0.1900,pct_anual,2023-02,"BCE, MIR (ECB Data Portal)",https://data.ecb.europa.eu/data/datasets/MIR,2026-09-21,"hasta 0,25 M frente a mas de 1 M (extremos)",Total initial rate fixation,tamano_prestamo,nivel,dato_unico,"DIFERENCIAL de dos niveles de tipo, no un saldo neto de encuesta. Prima de tamano de OPERACION, no de empresa. Definicion estrecha."
Espana,prestamos_empresas,Prima PYME (estrecha) | mensual,0.3600,pct_anual,2023-03,"BCE, MIR (ECB Data Portal)",https://data.ecb.europa.eu/data/datasets/MIR,2026-09-21,"hasta 0,25 M frente a mas de 1 M (extremos)",Total initial rate fixation,tamano_prestamo,nivel,dato_unico,"DIFERENCIAL de dos niveles de tipo, no un saldo neto de encuesta. Prima de tamano de OPERACION, no de empresa. Definicion estrecha."
Espana,prestamos_empresas,Prima PYME (estrecha) | mensual,0.3500,pct_anual,2023-04,"BCE, MIR (ECB Data Portal)",https://data.ecb.europa.eu/data/datasets/MIR,2026-09-21,"hasta 0,25 M frente a mas de 1 M (extremos)",Total initial rate fixation,tamano_prestamo,nivel,dato_unico,"DIFERENCIAL de dos niveles de tipo, no un saldo neto de encuesta. Prima de tamano de OPERACION, no de empresa. Definicion estrecha."
Espana,prestamos_empresas,Prima PYME (estrecha) | mensual,0.3200,pct_anual,2023-05,"BCE, MIR (ECB Data Portal)",https://data.ecb.europa.eu/data/datasets/MIR,2026-09-21,"hasta 0,25 M frente a mas de 1 M (extremos)",Total initial rate fixation,tamano_prestamo,nivel,dato_unico,"DIFERENCIAL de dos niveles de tipo, no un saldo neto de encuesta. Prima de tamano de OPERACION, no de empresa. Definicion estrecha."
Espana,prestamos_empresas,Prima PYME (estrecha) | mensual,0.4000,pct_anual,2023-06,"BCE, MIR (ECB Data Portal)",https://data.ecb.europa.eu/data/datasets/MIR,2026-09-21,"hasta 0,25 M frente a mas de 1 M (extremos)",Total initial rate fixation,tamano_prestamo,nivel,dato_unico,"DIFERENCIAL de dos niveles de tipo, no un saldo neto de encuesta. Prima de tamano de OPERACION, no de empresa. Definicion estrecha."
Espana,prestamos_empresas,Prima PYME (estrecha) | mensual,-0.0300,pct_anual,2023-07,"BCE, MIR (ECB Data Portal)",https://data.ecb.europa.eu/data/datasets/MIR,2026-09-21,"hasta 0,25 M frente a mas de 1 M (extremos)",Total initial rate fixation,tamano_prestamo,nivel,dato_unico,"DIFERENCIAL de dos niveles de tipo, no un saldo neto de encuesta. Prima de tamano de OPERACION, no de empresa. Definicion estrecha."
Espana,prestamos_empresas,Prima PYME (estrecha) | mensual,0.3600,pct_anual,2023-08,"BCE, MIR (ECB Data Portal)",https://data.ecb.europa.eu/data/datasets/MIR,2026-09-21,"hasta 0,25 M frente a mas de 1 M (extremos)",Total initial rate fixation,tamano_prestamo,nivel,dato_unico,"DIFERENCIAL de dos niveles de tipo, no un saldo neto de encuesta. Prima de tamano de OPERACION, no de empresa. Definicion estrecha."
Espana,prestamos_empresas,Prima PYME (estrecha) | mensual,0.7000,pct_anual,2023-09,"BCE, MIR (ECB Data Portal)",https://data.ecb.europa.eu/data/datasets/MIR,2026-09-21,"hasta 0,25 M frente a mas de 1 M (extremos)",Total initial rate fixation,tamano_prestamo,nivel,dato_unico,"DIFERENCIAL de dos niveles de tipo, no un saldo neto de encuesta. Prima de tamano de OPERACION, no de empresa. Definicion estrecha."
Espana,prestamos_empresas,Prima PYME (estrecha) | mensual,0.1700,pct_anual,2023-10,"BCE, MIR (ECB Data Portal)",https://data.ecb.europa.eu/data/datasets/MIR,2026-09-21,"hasta 0,25 M frente a mas de 1 M (extremos)",Total initial rate fixation,tamano_prestamo,nivel,dato_unico,"DIFERENCIAL de dos niveles de tipo, no un saldo neto de encuesta. Prima de tamano de OPERACION, no de empresa. Definicion estrecha."
Espana,prestamos_empresas,Prima PYME (estrecha) | mensual,0.4900,pct_anual,2023-11,"BCE, MIR (ECB Data Portal)",https://data.ecb.europa.eu/data/datasets/MIR,2026-09-21,"hasta 0,25 M frente a mas de 1 M (extremos)",Total initial rate fixation,tamano_prestamo,nivel,dato_unico,"DIFERENCIAL de dos niveles de tipo, no un saldo neto de encuesta. Prima de tamano de OPERACION, no de empresa. Definicion estrecha."
Espana,prestamos_empresas,Prima PYME (estrecha) | mensual,0.3400,pct_anual,2023-12,"BCE, MIR (ECB Data Portal)",https://data.ecb.europa.eu/data/datasets/MIR,2026-09-21,"hasta 0,25 M frente a mas de 1 M (extremos)",Total initial rate fixation,tamano_prestamo,nivel,dato_unico,"DIFERENCIAL de dos niveles de tipo, no un saldo neto de encuesta. Prima de tamano de OPERACION, no de empresa. Definicion estrecha."
Espana,prestamos_empresas,Prima PYME (estrecha) | mensual,0.2300,pct_anual,2024-01,"BCE, MIR (ECB Data Portal)",https://data.ecb.europa.eu/data/datasets/MIR,2026-09-21,"hasta 0,25 M frente a mas de 1 M (extremos)",Total initial rate fixation,tamano_prestamo,nivel,dato_unico,"DIFERENCIAL de dos niveles de tipo, no un saldo neto de encuesta. Prima de tamano de OPERACION, no de empresa. Definicion estrecha."
Espana,prestamos_empresas,Prima PYME (estrecha) | mensual,0.6500,pct_anual,2024-02,"BCE, MIR (ECB Data Portal)",https://data.ecb.europa.eu/data/datasets/MIR,2026-09-21,"hasta 0,25 M frente a mas de 1 M (extremos)",Total initial rate fixation,tamano_prestamo,nivel,dato_unico,"DIFERENCIAL de dos niveles de tipo, no un saldo neto de encuesta. Prima de tamano de OPERACION, no de empresa. Definicion estrecha."
Espana,prestamos_empresas,Prima PYME (estrecha) | mensual,0.5900,pct_anual,2024-03,"BCE, MIR (ECB Data Portal)",https://data.ecb.europa.eu/data/datasets/MIR,2026-09-21,"hasta 0,25 M frente a mas de 1 M (extremos)",Total initial rate fixation,tamano_prestamo,nivel,dato_unico,"DIFERENCIAL de dos niveles de tipo, no un saldo neto de encuesta. Prima de tamano de OPERACION, no de empresa. Definicion estrecha."
Espana,prestamos_empresas,Prima PYME (estrecha) | mensual,0.1600,pct_anual,2024-04,"BCE, MIR (ECB Data Portal)",https://data.ecb.europa.eu/data/datasets/MIR,2026-09-21,"hasta 0,25 M frente a mas de 1 M (extremos)",Total initial rate fixation,tamano_prestamo,nivel,dato_unico,"DIFERENCIAL de dos niveles de tipo, no un saldo neto de encuesta. Prima de tamano de OPERACION, no de empresa. Definicion estrecha."
Espana,prestamos_empresas,Prima PYME (estrecha) | mensual,0.2300,pct_anual,2024-05,"BCE, MIR (ECB Data Portal)",https://data.ecb.europa.eu/data/datasets/MIR,2026-09-21,"hasta 0,25 M frente a mas de 1 M (extremos)",Total initial rate fixation,tamano_prestamo,nivel,dato_unico,"DIFERENCIAL de dos niveles de tipo, no un saldo neto de encuesta. Prima de tamano de OPERACION, no de empresa. Definicion estrecha."
Espana,prestamos_empresas,Prima PYME (estrecha) | mensual,0.4100,pct_anual,2024-06,"BCE, MIR (ECB Data Portal)",https://data.ecb.europa.eu/data/datasets/MIR,2026-09-21,"hasta 0,25 M frente a mas de 1 M (extremos)",Total initial rate fixation,tamano_prestamo,nivel,dato_unico,"DIFERENCIAL de dos niveles de tipo, no un saldo neto de encuesta. Prima de tamano de OPERACION, no de empresa. Definicion estrecha."
Espana,prestamos_empresas,Prima PYME (estrecha) | mensual,0.1400,pct_anual,2024-07,"BCE, MIR (ECB Data Portal)",https://data.ecb.europa.eu/data/datasets/MIR,2026-09-21,"hasta 0,25 M frente a mas de 1 M (extremos)",Total initial rate fixation,tamano_prestamo,nivel,dato_unico,"DIFERENCIAL de dos niveles de tipo, no un saldo neto de encuesta. Prima de tamano de OPERACION, no de empresa. Definicion estrecha."
Espana,prestamos_empresas,Prima PYME (estrecha) | mensual,0.0800,pct_anual,2024-08,"BCE, MIR (ECB Data Portal)",https://data.ecb.europa.eu/data/datasets/MIR,2026-09-21,"hasta 0,25 M frente a mas de 1 M (extremos)",Total initial rate fixation,tamano_prestamo,nivel,dato_unico,"DIFERENCIAL de dos niveles de tipo, no un saldo neto de encuesta. Prima de tamano de OPERACION, no de empresa. Definicion estrecha."
Espana,prestamos_empresas,Prima PYME (estrecha) | mensual,0.2700,pct_anual,2024-09,"BCE, MIR (ECB Data Portal)",https://data.ecb.europa.eu/data/datasets/MIR,2026-09-21,"hasta 0,25 M frente a mas de 1 M (extremos)",Total initial rate fixation,tamano_prestamo,nivel,dato_unico,"DIFERENCIAL de dos niveles de tipo, no un saldo neto de encuesta. Prima de tamano de OPERACION, no de empresa. Definicion estrecha."
Espana,prestamos_empresas,Prima PYME (estrecha) | mensual,0.1900,pct_anual,2024-10,"BCE, MIR (ECB Data Portal)",https://data.ecb.europa.eu/data/datasets/MIR,2026-09-21,"hasta 0,25 M frente a mas de 1 M (extremos)",Total initial rate fixation,tamano_prestamo,nivel,dato_unico,"DIFERENCIAL de dos niveles de tipo, no un saldo neto de encuesta. Prima de tamano de OPERACION, no de empresa. Definicion estrecha."
Espana,prestamos_empresas,Prima PYME (estrecha) | mensual,0.2400,pct_anual,2024-11,"BCE, MIR (ECB Data Portal)",https://data.ecb.europa.eu/data/datasets/MIR,2026-09-21,"hasta 0,25 M frente a mas de 1 M (extremos)",Total initial rate fixation,tamano_prestamo,nivel,dato_unico,"DIFERENCIAL de dos niveles de tipo, no un saldo neto de encuesta. Prima de tamano de OPERACION, no de empresa. Definicion estrecha."
Espana,prestamos_empresas,Prima PYME (estrecha) | mensual,0.1000,pct_anual,2024-12,"BCE, MIR (ECB Data Portal)",https://data.ecb.europa.eu/data/datasets/MIR,2026-09-21,"hasta 0,25 M frente a mas de 1 M (extremos)",Total initial rate fixation,tamano_prestamo,nivel,dato_unico,"DIFERENCIAL de dos niveles de tipo, no un saldo neto de encuesta. Prima de tamano de OPERACION, no de empresa. Definicion estrecha."
Espana,prestamos_empresas,Prima PYME (estrecha) | mensual,0.2700,pct_anual,2025-01,"BCE, MIR (ECB Data Portal)",https://data.ecb.europa.eu/data/datasets/MIR,2026-09-21,"hasta 0,25 M frente a mas de 1 M (extremos)",Total initial rate fixation,tamano_prestamo,nivel,dato_unico,"DIFERENCIAL de dos niveles de tipo, no un saldo neto de encuesta. Prima de tamano de OPERACION, no de empresa. Definicion estrecha."
Espana,prestamos_empresas,Prima PYME (estrecha) | mensual,0.2900,pct_anual,2025-02,"BCE, MIR (ECB Data Portal)",https://data.ecb.europa.eu/data/datasets/MIR,2026-09-21,"hasta 0,25 M frente a mas de 1 M (extremos)",Total initial rate fixation,tamano_prestamo,nivel,dato_unico,"DIFERENCIAL de dos niveles de tipo, no un saldo neto de encuesta. Prima de tamano de OPERACION, no de empresa. Definicion estrecha."
Espana,prestamos_empresas,Prima PYME (estrecha) | mensual,0.0800,pct_anual,2025-03,"BCE, MIR (ECB Data Portal)",https://data.ecb.europa.eu/data/datasets/MIR,2026-09-21,"hasta 0,25 M frente a mas de 1 M (extremos)",Total initial rate fixation,tamano_prestamo,nivel,dato_unico,"DIFERENCIAL de dos niveles de tipo, no un saldo neto de encuesta. Prima de tamano de OPERACION, no de empresa. Definicion estrecha."
Espana,prestamos_empresas,Prima PYME (estrecha) | mensual,0.0700,pct_anual,2025-04,"BCE, MIR (ECB Data Portal)",https://data.ecb.europa.eu/data/datasets/MIR,2026-09-21,"hasta 0,25 M frente a mas de 1 M (extremos)",Total initial rate fixation,tamano_prestamo,nivel,dato_unico,"DIFERENCIAL de dos niveles de tipo, no un saldo neto de encuesta. Prima de tamano de OPERACION, no de empresa. Definicion estrecha."
Espana,prestamos_empresas,Prima PYME (estrecha) | mensual,0.0100,pct_anual,2025-05,"BCE, MIR (ECB Data Portal)",https://data.ecb.europa.eu/data/datasets/MIR,2026-09-21,"hasta 0,25 M frente a mas de 1 M (extremos)",Total initial rate fixation,tamano_prestamo,nivel,dato_unico,"DIFERENCIAL de dos niveles de tipo, no un saldo neto de encuesta. Prima de tamano de OPERACION, no de empresa. Definicion estrecha."
Espana,prestamos_empresas,Prima PYME (estrecha) | mensual,0.1400,pct_anual,2025-06,"BCE, MIR (ECB Data Portal)",https://data.ecb.europa.eu/data/datasets/MIR,2026-09-21,"hasta 0,25 M frente a mas de 1 M (extremos)",Total initial rate fixation,tamano_prestamo,nivel,dato_unico,"DIFERENCIAL de dos niveles de tipo, no un saldo neto de encuesta. Prima de tamano de OPERACION, no de empresa. Definicion estrecha."
Espana,prestamos_empresas,Prima PYME (estrecha) | mensual,-0.1000,pct_anual,2025-07,"BCE, MIR (ECB Data Portal)",https://data.ecb.europa.eu/data/datasets/MIR,2026-09-21,"hasta 0,25 M frente a mas de 1 M (extremos)",Total initial rate fixation,tamano_prestamo,nivel,dato_unico,"DIFERENCIAL de dos niveles de tipo, no un saldo neto de encuesta. Prima de tamano de OPERACION, no de empresa. Definicion estrecha."
Espana,prestamos_empresas,Prima PYME (estrecha) | mensual,0.0000,pct_anual,2025-08,"BCE, MIR (ECB Data Portal)",https://data.ecb.europa.eu/data/datasets/MIR,2026-09-21,"hasta 0,25 M frente a mas de 1 M (extremos)",Total initial rate fixation,tamano_prestamo,nivel,dato_unico,"DIFERENCIAL de dos niveles de tipo, no un saldo neto de encuesta. Prima de tamano de OPERACION, no de empresa. Definicion estrecha."
Espana,prestamos_empresas,Prima PYME (estrecha) | mensual,-0.0100,pct_anual,2025-09,"BCE, MIR (ECB Data Portal)",https://data.ecb.europa.eu/data/datasets/MIR,2026-09-21,"hasta 0,25 M frente a mas de 1 M (extremos)",Total initial rate fixation,tamano_prestamo,nivel,dato_unico,"DIFERENCIAL de dos niveles de tipo, no un saldo neto de encuesta. Prima de tamano de OPERACION, no de empresa. Definicion estrecha."
Espana,prestamos_empresas,Prima PYME (estrecha) | mensual,0.0800,pct_anual,2025-10,"BCE, MIR (ECB Data Portal)",https://data.ecb.europa.eu/data/datasets/MIR,2026-09-21,"hasta 0,25 M frente a mas de 1 M (extremos)",Total initial rate fixation,tamano_prestamo,nivel,dato_unico,"DIFERENCIAL de dos niveles de tipo, no un saldo neto de encuesta. Prima de tamano de OPERACION, no de empresa. Definicion estrecha."
Espana,prestamos_empresas,Prima PYME (estrecha) | mensual,0.0200,pct_anual,2025-11,"BCE, MIR (ECB Data Portal)",https://data.ecb.europa.eu/data/datasets/MIR,2026-09-21,"hasta 0,25 M frente a mas de 1 M (extremos)",Total initial rate fixation,tamano_prestamo,nivel,dato_unico,"DIFERENCIAL de dos niveles de tipo, no un saldo neto de encuesta. Prima de tamano de OPERACION, no de empresa. Definicion estrecha."
Espana,prestamos_empresas,Prima PYME (estrecha) | mensual,-0.1300,pct_anual,2025-12,"BCE, MIR (ECB Data Portal)",https://data.ecb.europa.eu/data/datasets/MIR,2026-09-21,"hasta 0,25 M frente a mas de 1 M (extremos)",Total initial rate fixation,tamano_prestamo,nivel,dato_unico,"DIFERENCIAL de dos niveles de tipo, no un saldo neto de encuesta. Prima de tamano de OPERACION, no de empresa. Definicion estrecha."
Espana,prestamos_empresas,Prima PYME (estrecha) | mensual,-0.1700,pct_anual,2026-01,"BCE, MIR (ECB Data Portal)",https://data.ecb.europa.eu/data/datasets/MIR,2026-09-21,"hasta 0,25 M frente a mas de 1 M (extremos)",Total initial rate fixation,tamano_prestamo,nivel,dato_unico,"DIFERENCIAL de dos niveles de tipo, no un saldo neto de encuesta. Prima de tamano de OPERACION, no de empresa. Definicion estrecha."
Espana,prestamos_empresas,Prima PYME (estrecha) | mensual,0.0800,pct_anual,2026-02,"BCE, MIR (ECB Data Portal)",https://data.ecb.europa.eu/data/datasets/MIR,2026-09-21,"hasta 0,25 M frente a mas de 1 M (extremos)",Total initial rate fixation,tamano_prestamo,nivel,dato_unico,"DIFERENCIAL de dos niveles de tipo, no un saldo neto de encuesta. Prima de tamano de OPERACION, no de empresa. Definicion estrecha."
Espana,prestamos_empresas,Prima PYME (estrecha) | mensual,0.1500,pct_anual,2026-03,"BCE, MIR (ECB Data Portal)",https://data.ecb.europa.eu/data/datasets/MIR,2026-09-21,"hasta 0,25 M frente a mas de 1 M (extremos)",Total initial rate fixation,tamano_prestamo,nivel,dato_unico,"DIFERENCIAL de dos niveles de tipo, no un saldo neto de encuesta. Prima de tamano de OPERACION, no de empresa. Definicion estrecha."
Espana,prestamos_empresas,Prima PYME (estrecha) | mensual,-0.0300,pct_anual,2026-04,"BCE, MIR (ECB Data Portal)",https://data.ecb.europa.eu/data/datasets/MIR,2026-09-21,"hasta 0,25 M frente a mas de 1 M (extremos)",Total initial rate fixation,tamano_prestamo,nivel,dato_unico,"DIFERENCIAL de dos niveles de tipo, no un saldo neto de encuesta. Prima de tamano de OPERACION, no de empresa. Definicion estrecha."
Espana,prestamos_empresas,Prima PYME (estrecha) | mensual,-0.0200,pct_anual,2026-05,"BCE, MIR (ECB Data Portal)",https://data.ecb.europa.eu/data/datasets/MIR,2026-09-21,"hasta 0,25 M frente a mas de 1 M (extremos)",Total initial rate fixation,tamano_prestamo,nivel,dato_unico,"DIFERENCIAL de dos niveles de tipo, no un saldo neto de encuesta. Prima de tamano de OPERACION, no de empresa. Definicion estrecha."
Espana,prestamos_empresas,Prima PYME (estrecha) | mensual,0.0300,pct_anual,2026-06,"BCE, MIR (ECB Data Portal)",https://data.ecb.europa.eu/data/datasets/MIR,2026-09-21,"hasta 0,25 M frente a mas de 1 M (extremos)",Total initial rate fixation,tamano_prestamo,nivel,dato_unico,"DIFERENCIAL de dos niveles de tipo, no un saldo neto de encuesta. Prima de tamano de OPERACION, no de empresa. Definicion estrecha."
Espana,prestamos_empresas,Prima PYME (estrecha) | mensual,-0.2300,pct_anual,2026-07,"BCE, MIR (ECB Data Portal)",https://data.ecb.europa.eu/data/datasets/MIR,2026-09-21,"hasta 0,25 M frente a mas de 1 M (extremos)",Total initial rate fixation,tamano_prestamo,nivel,dato_unico,"DIFERENCIAL de dos niveles de tipo, no un saldo neto de encuesta. Prima de tamano de OPERACION, no de empresa. Definicion estrecha."
Espana,prestamos_empresas,Prima PYME (estrecha) | media del ano,0.5887,pct_anual,2022,"BCE, MIR (ECB Data Portal)",https://data.ecb.europa.eu/data/datasets/MIR,2026-09-21,"hasta 0,25 M frente a mas de 1 M (extremos)",Total initial rate fixation,tamano_prestamo,nivel,media_ponderada_volumen,"DIFERENCIAL de dos niveles de tipo, no un saldo neto de encuesta. Prima de tamano de OPERACION, no de empresa. Definicion estrecha. Media del diferencial mensual ponderada por el volumen de nueva produccion de los dos tramos."
Espana,prestamos_empresas,Prima PYME (estrecha) | media del ano,0.3419,pct_anual,2023,"BCE, MIR (ECB Data Portal)",https://data.ecb.europa.eu/data/datasets/MIR,2026-09-21,"hasta 0,25 M frente a mas de 1 M (extremos)",Total initial rate fixation,tamano_prestamo,nivel,media_ponderada_volumen,"DIFERENCIAL de dos niveles de tipo, no un saldo neto de encuesta. Prima de tamano de OPERACION, no de empresa. Definicion estrecha. Media del diferencial mensual ponderada por el volumen de nueva produccion de los dos tramos."
Espana,prestamos_empresas,Prima PYME (estrecha) | media del ano,0.2715,pct_anual,2024,"BCE, MIR (ECB Data Portal)",https://data.ecb.europa.eu/data/datasets/MIR,2026-09-21,"hasta 0,25 M frente a mas de 1 M (extremos)",Total initial rate fixation,tamano_prestamo,nivel,media_ponderada_volumen,"DIFERENCIAL de dos niveles de tipo, no un saldo neto de encuesta. Prima de tamano de OPERACION, no de empresa. Definicion estrecha. Media del diferencial mensual ponderada por el volumen de nueva produccion de los dos tramos."
Espana,prestamos_empresas,Prima PYME (estrecha) | media del ano,0.0479,pct_anual,2025,"BCE, MIR (ECB Data Portal)",https://data.ecb.europa.eu/data/datasets/MIR,2026-09-21,"hasta 0,25 M frente a mas de 1 M (extremos)",Total initial rate fixation,tamano_prestamo,nivel,media_ponderada_volumen,"DIFERENCIAL de dos niveles de tipo, no un saldo neto de encuesta. Prima de tamano de OPERACION, no de empresa. Definicion estrecha. Media del diferencial mensual ponderada por el volumen de nueva produccion de los dos tramos."
Espana,prestamos_empresas,Prima PYME (estrecha) | media del ano,-0.0305,pct_anual,2026,"BCE, MIR (ECB Data Portal)",https://data.ecb.europa.eu/data/datasets/MIR,2026-09-21,"hasta 0,25 M frente a mas de 1 M (extremos)",Total initial rate fixation,tamano_prestamo,nivel,media_ponderada_volumen,"DIFERENCIAL de dos niveles de tipo, no un saldo neto de encuesta. Prima de tamano de OPERACION, no de empresa. Definicion estrecha. Media del diferencial mensual ponderada por el volumen de nueva produccion de los dos tramos."
Espana,prestamos_empresas,Prima PYME (estrecha) | ultimos 12 meses,-0.0271,pct_anual,2025-08 a 2026-07,"BCE, MIR (ECB Data Portal)",https://data.ecb.europa.eu/data/datasets/MIR,2026-09-21,"hasta 0,25 M frente a mas de 1 M (extremos)",Total initial rate fixation,tamano_prestamo,nivel,media_ponderada_volumen,"DIFERENCIAL de dos niveles de tipo, no un saldo neto de encuesta. Prima de tamano de OPERACION, no de empresa. Definicion estrecha. 8 de los 55 meses de la serie tienen prima NEGATIVA (el prestamo pequeno sale mas barato que el grande)."
Alemania,prestamos_empresas,Prima PYME (estrecha) | mensual,0.8200,pct_anual,2022-01,"BCE, MIR (ECB Data Portal)",https://data.ecb.europa.eu/data/datasets/MIR,2026-09-21,"hasta 0,25 M frente a mas de 1 M (extremos)",Total initial rate fixation,tamano_prestamo,nivel,dato_unico,"DIFERENCIAL de dos niveles de tipo, no un saldo neto de encuesta. Prima de tamano de OPERACION, no de empresa. Definicion estrecha."
Alemania,prestamos_empresas,Prima PYME (estrecha) | mensual,0.7500,pct_anual,2022-02,"BCE, MIR (ECB Data Portal)",https://data.ecb.europa.eu/data/datasets/MIR,2026-09-21,"hasta 0,25 M frente a mas de 1 M (extremos)",Total initial rate fixation,tamano_prestamo,nivel,dato_unico,"DIFERENCIAL de dos niveles de tipo, no un saldo neto de encuesta. Prima de tamano de OPERACION, no de empresa. Definicion estrecha."
Alemania,prestamos_empresas,Prima PYME (estrecha) | mensual,0.5400,pct_anual,2022-03,"BCE, MIR (ECB Data Portal)",https://data.ecb.europa.eu/data/datasets/MIR,2026-09-21,"hasta 0,25 M frente a mas de 1 M (extremos)",Total initial rate fixation,tamano_prestamo,nivel,dato_unico,"DIFERENCIAL de dos niveles de tipo, no un saldo neto de encuesta. Prima de tamano de OPERACION, no de empresa. Definicion estrecha."
Alemania,prestamos_empresas,Prima PYME (estrecha) | mensual,0.6300,pct_anual,2022-04,"BCE, MIR (ECB Data Portal)",https://data.ecb.europa.eu/data/datasets/MIR,2026-09-21,"hasta 0,25 M frente a mas de 1 M (extremos)",Total initial rate fixation,tamano_prestamo,nivel,dato_unico,"DIFERENCIAL de dos niveles de tipo, no un saldo neto de encuesta. Prima de tamano de OPERACION, no de empresa. Definicion estrecha."
Alemania,prestamos_empresas,Prima PYME (estrecha) | mensual,0.6800,pct_anual,2022-05,"BCE, MIR (ECB Data Portal)",https://data.ecb.europa.eu/data/datasets/MIR,2026-09-21,"hasta 0,25 M frente a mas de 1 M (extremos)",Total initial rate fixation,tamano_prestamo,nivel,dato_unico,"DIFERENCIAL de dos niveles de tipo, no un saldo neto de encuesta. Prima de tamano de OPERACION, no de empresa. Definicion estrecha."
Alemania,prestamos_empresas,Prima PYME (estrecha) | mensual,-0.0600,pct_anual,2022-06,"BCE, MIR (ECB Data Portal)",https://data.ecb.europa.eu/data/datasets/MIR,2026-09-21,"hasta 0,25 M frente a mas de 1 M (extremos)",Total initial rate fixation,tamano_prestamo,nivel,dato_unico,"DIFERENCIAL de dos niveles de tipo, no un saldo neto de encuesta. Prima de tamano de OPERACION, no de empresa. Definicion estrecha."
Alemania,prestamos_empresas,Prima PYME (estrecha) | mensual,0.3800,pct_anual,2022-07,"BCE, MIR (ECB Data Portal)",https://data.ecb.europa.eu/data/datasets/MIR,2026-09-21,"hasta 0,25 M frente a mas de 1 M (extremos)",Total initial rate fixation,tamano_prestamo,nivel,dato_unico,"DIFERENCIAL de dos niveles de tipo, no un saldo neto de encuesta. Prima de tamano de OPERACION, no de empresa. Definicion estrecha."
Alemania,prestamos_empresas,Prima PYME (estrecha) | mensual,0.5400,pct_anual,2022-08,"BCE, MIR (ECB Data Portal)",https://data.ecb.europa.eu/data/datasets/MIR,2026-09-21,"hasta 0,25 M frente a mas de 1 M (extremos)",Total initial rate fixation,tamano_prestamo,nivel,dato_unico,"DIFERENCIAL de dos niveles de tipo, no un saldo neto de encuesta. Prima de tamano de OPERACION, no de empresa. Definicion estrecha."
Alemania,prestamos_empresas,Prima PYME (estrecha) | mensual,0.1600,pct_anual,2022-09,"BCE, MIR (ECB Data Portal)",https://data.ecb.europa.eu/data/datasets/MIR,2026-09-21,"hasta 0,25 M frente a mas de 1 M (extremos)",Total initial rate fixation,tamano_prestamo,nivel,dato_unico,"DIFERENCIAL de dos niveles de tipo, no un saldo neto de encuesta. Prima de tamano de OPERACION, no de empresa. Definicion estrecha."
Alemania,prestamos_empresas,Prima PYME (estrecha) | mensual,0.6300,pct_anual,2022-10,"BCE, MIR (ECB Data Portal)",https://data.ecb.europa.eu/data/datasets/MIR,2026-09-21,"hasta 0,25 M frente a mas de 1 M (extremos)",Total initial rate fixation,tamano_prestamo,nivel,dato_unico,"DIFERENCIAL de dos niveles de tipo, no un saldo neto de encuesta. Prima de tamano de OPERACION, no de empresa. Definicion estrecha."
Alemania,prestamos_empresas,Prima PYME (estrecha) | mensual,0.8100,pct_anual,2022-11,"BCE, MIR (ECB Data Portal)",https://data.ecb.europa.eu/data/datasets/MIR,2026-09-21,"hasta 0,25 M frente a mas de 1 M (extremos)",Total initial rate fixation,tamano_prestamo,nivel,dato_unico,"DIFERENCIAL de dos niveles de tipo, no un saldo neto de encuesta. Prima de tamano de OPERACION, no de empresa. Definicion estrecha."
Alemania,prestamos_empresas,Prima PYME (estrecha) | mensual,0.8600,pct_anual,2022-12,"BCE, MIR (ECB Data Portal)",https://data.ecb.europa.eu/data/datasets/MIR,2026-09-21,"hasta 0,25 M frente a mas de 1 M (extremos)",Total initial rate fixation,tamano_prestamo,nivel,dato_unico,"DIFERENCIAL de dos niveles de tipo, no un saldo neto de encuesta. Prima de tamano de OPERACION, no de empresa. Definicion estrecha."
Alemania,prestamos_empresas,Prima PYME (estrecha) | mensual,1.3200,pct_anual,2023-01,"BCE, MIR (ECB Data Portal)",https://data.ecb.europa.eu/data/datasets/MIR,2026-09-21,"hasta 0,25 M frente a mas de 1 M (extremos)",Total initial rate fixation,tamano_prestamo,nivel,dato_unico,"DIFERENCIAL de dos niveles de tipo, no un saldo neto de encuesta. Prima de tamano de OPERACION, no de empresa. Definicion estrecha."
Alemania,prestamos_empresas,Prima PYME (estrecha) | mensual,1.4900,pct_anual,2023-02,"BCE, MIR (ECB Data Portal)",https://data.ecb.europa.eu/data/datasets/MIR,2026-09-21,"hasta 0,25 M frente a mas de 1 M (extremos)",Total initial rate fixation,tamano_prestamo,nivel,dato_unico,"DIFERENCIAL de dos niveles de tipo, no un saldo neto de encuesta. Prima de tamano de OPERACION, no de empresa. Definicion estrecha."
Alemania,prestamos_empresas,Prima PYME (estrecha) | mensual,1.3000,pct_anual,2023-03,"BCE, MIR (ECB Data Portal)",https://data.ecb.europa.eu/data/datasets/MIR,2026-09-21,"hasta 0,25 M frente a mas de 1 M (extremos)",Total initial rate fixation,tamano_prestamo,nivel,dato_unico,"DIFERENCIAL de dos niveles de tipo, no un saldo neto de encuesta. Prima de tamano de OPERACION, no de empresa. Definicion estrecha."
Alemania,prestamos_empresas,Prima PYME (estrecha) | mensual,1.2600,pct_anual,2023-04,"BCE, MIR (ECB Data Portal)",https://data.ecb.europa.eu/data/datasets/MIR,2026-09-21,"hasta 0,25 M frente a mas de 1 M (extremos)",Total initial rate fixation,tamano_prestamo,nivel,dato_unico,"DIFERENCIAL de dos niveles de tipo, no un saldo neto de encuesta. Prima de tamano de OPERACION, no de empresa. Definicion estrecha."
Alemania,prestamos_empresas,Prima PYME (estrecha) | mensual,1.1800,pct_anual,2023-05,"BCE, MIR (ECB Data Portal)",https://data.ecb.europa.eu/data/datasets/MIR,2026-09-21,"hasta 0,25 M frente a mas de 1 M (extremos)",Total initial rate fixation,tamano_prestamo,nivel,dato_unico,"DIFERENCIAL de dos niveles de tipo, no un saldo neto de encuesta. Prima de tamano de OPERACION, no de empresa. Definicion estrecha."
Alemania,prestamos_empresas,Prima PYME (estrecha) | mensual,1.1100,pct_anual,2023-06,"BCE, MIR (ECB Data Portal)",https://data.ecb.europa.eu/data/datasets/MIR,2026-09-21,"hasta 0,25 M frente a mas de 1 M (extremos)",Total initial rate fixation,tamano_prestamo,nivel,dato_unico,"DIFERENCIAL de dos niveles de tipo, no un saldo neto de encuesta. Prima de tamano de OPERACION, no de empresa. Definicion estrecha."
Alemania,prestamos_empresas,Prima PYME (estrecha) | mensual,2.0000,pct_anual,2023-07,"BCE, MIR (ECB Data Portal)",https://data.ecb.europa.eu/data/datasets/MIR,2026-09-21,"hasta 0,25 M frente a mas de 1 M (extremos)",Total initial rate fixation,tamano_prestamo,nivel,dato_unico,"DIFERENCIAL de dos niveles de tipo, no un saldo neto de encuesta. Prima de tamano de OPERACION, no de empresa. Definicion estrecha."
Alemania,prestamos_empresas,Prima PYME (estrecha) | mensual,1.4000,pct_anual,2023-08,"BCE, MIR (ECB Data Portal)",https://data.ecb.europa.eu/data/datasets/MIR,2026-09-21,"hasta 0,25 M frente a mas de 1 M (extremos)",Total initial rate fixation,tamano_prestamo,nivel,dato_unico,"DIFERENCIAL de dos niveles de tipo, no un saldo neto de encuesta. Prima de tamano de OPERACION, no de empresa. Definicion estrecha."
Alemania,prestamos_empresas,Prima PYME (estrecha) | mensual,1.3400,pct_anual,2023-09,"BCE, MIR (ECB Data Portal)",https://data.ecb.europa.eu/data/datasets/MIR,2026-09-21,"hasta 0,25 M frente a mas de 1 M (extremos)",Total initial rate fixation,tamano_prestamo,nivel,dato_unico,"DIFERENCIAL de dos niveles de tipo, no un saldo neto de encuesta. Prima de tamano de OPERACION, no de empresa. Definicion estrecha."
Alemania,prestamos_empresas,Prima PYME (estrecha) | mensual,1.5500,pct_anual,2023-10,"BCE, MIR (ECB Data Portal)",https://data.ecb.europa.eu/data/datasets/MIR,2026-09-21,"hasta 0,25 M frente a mas de 1 M (extremos)",Total initial rate fixation,tamano_prestamo,nivel,dato_unico,"DIFERENCIAL de dos niveles de tipo, no un saldo neto de encuesta. Prima de tamano de OPERACION, no de empresa. Definicion estrecha."
Alemania,prestamos_empresas,Prima PYME (estrecha) | mensual,1.6400,pct_anual,2023-11,"BCE, MIR (ECB Data Portal)",https://data.ecb.europa.eu/data/datasets/MIR,2026-09-21,"hasta 0,25 M frente a mas de 1 M (extremos)",Total initial rate fixation,tamano_prestamo,nivel,dato_unico,"DIFERENCIAL de dos niveles de tipo, no un saldo neto de encuesta. Prima de tamano de OPERACION, no de empresa. Definicion estrecha."
Alemania,prestamos_empresas,Prima PYME (estrecha) | mensual,1.3000,pct_anual,2023-12,"BCE, MIR (ECB Data Portal)",https://data.ecb.europa.eu/data/datasets/MIR,2026-09-21,"hasta 0,25 M frente a mas de 1 M (extremos)",Total initial rate fixation,tamano_prestamo,nivel,dato_unico,"DIFERENCIAL de dos niveles de tipo, no un saldo neto de encuesta. Prima de tamano de OPERACION, no de empresa. Definicion estrecha."
Alemania,prestamos_empresas,Prima PYME (estrecha) | mensual,1.0200,pct_anual,2024-01,"BCE, MIR (ECB Data Portal)",https://data.ecb.europa.eu/data/datasets/MIR,2026-09-21,"hasta 0,25 M frente a mas de 1 M (extremos)",Total initial rate fixation,tamano_prestamo,nivel,dato_unico,"DIFERENCIAL de dos niveles de tipo, no un saldo neto de encuesta. Prima de tamano de OPERACION, no de empresa. Definicion estrecha."
Alemania,prestamos_empresas,Prima PYME (estrecha) | mensual,1.1300,pct_anual,2024-02,"BCE, MIR (ECB Data Portal)",https://data.ecb.europa.eu/data/datasets/MIR,2026-09-21,"hasta 0,25 M frente a mas de 1 M (extremos)",Total initial rate fixation,tamano_prestamo,nivel,dato_unico,"DIFERENCIAL de dos niveles de tipo, no un saldo neto de encuesta. Prima de tamano de OPERACION, no de empresa. Definicion estrecha."
Alemania,prestamos_empresas,Prima PYME (estrecha) | mensual,0.7300,pct_anual,2024-03,"BCE, MIR (ECB Data Portal)",https://data.ecb.europa.eu/data/datasets/MIR,2026-09-21,"hasta 0,25 M frente a mas de 1 M (extremos)",Total initial rate fixation,tamano_prestamo,nivel,dato_unico,"DIFERENCIAL de dos niveles de tipo, no un saldo neto de encuesta. Prima de tamano de OPERACION, no de empresa. Definicion estrecha."
Alemania,prestamos_empresas,Prima PYME (estrecha) | mensual,0.9700,pct_anual,2024-04,"BCE, MIR (ECB Data Portal)",https://data.ecb.europa.eu/data/datasets/MIR,2026-09-21,"hasta 0,25 M frente a mas de 1 M (extremos)",Total initial rate fixation,tamano_prestamo,nivel,dato_unico,"DIFERENCIAL de dos niveles de tipo, no un saldo neto de encuesta. Prima de tamano de OPERACION, no de empresa. Definicion estrecha."
Alemania,prestamos_empresas,Prima PYME (estrecha) | mensual,1.0700,pct_anual,2024-05,"BCE, MIR (ECB Data Portal)",https://data.ecb.europa.eu/data/datasets/MIR,2026-09-21,"hasta 0,25 M frente a mas de 1 M (extremos)",Total initial rate fixation,tamano_prestamo,nivel,dato_unico,"DIFERENCIAL de dos niveles de tipo, no un saldo neto de encuesta. Prima de tamano de OPERACION, no de empresa. Definicion estrecha."
Alemania,prestamos_empresas,Prima PYME (estrecha) | mensual,1.0500,pct_anual,2024-06,"BCE, MIR (ECB Data Portal)",https://data.ecb.europa.eu/data/datasets/MIR,2026-09-21,"hasta 0,25 M frente a mas de 1 M (extremos)",Total initial rate fixation,tamano_prestamo,nivel,dato_unico,"DIFERENCIAL de dos niveles de tipo, no un saldo neto de encuesta. Prima de tamano de OPERACION, no de empresa. Definicion estrecha."
Alemania,prestamos_empresas,Prima PYME (estrecha) | mensual,1.1300,pct_anual,2024-07,"BCE, MIR (ECB Data Portal)",https://data.ecb.europa.eu/data/datasets/MIR,2026-09-21,"hasta 0,25 M frente a mas de 1 M (extremos)",Total initial rate fixation,tamano_prestamo,nivel,dato_unico,"DIFERENCIAL de dos niveles de tipo, no un saldo neto de encuesta. Prima de tamano de OPERACION, no de empresa. Definicion estrecha."
Alemania,prestamos_empresas,Prima PYME (estrecha) | mensual,0.9000,pct_anual,2024-08,"BCE, MIR (ECB Data Portal)",https://data.ecb.europa.eu/data/datasets/MIR,2026-09-21,"hasta 0,25 M frente a mas de 1 M (extremos)",Total initial rate fixation,tamano_prestamo,nivel,dato_unico,"DIFERENCIAL de dos niveles de tipo, no un saldo neto de encuesta. Prima de tamano de OPERACION, no de empresa. Definicion estrecha."
Alemania,prestamos_empresas,Prima PYME (estrecha) | mensual,1.1200,pct_anual,2024-09,"BCE, MIR (ECB Data Portal)",https://data.ecb.europa.eu/data/datasets/MIR,2026-09-21,"hasta 0,25 M frente a mas de 1 M (extremos)",Total initial rate fixation,tamano_prestamo,nivel,dato_unico,"DIFERENCIAL de dos niveles de tipo, no un saldo neto de encuesta. Prima de tamano de OPERACION, no de empresa. Definicion estrecha."
Alemania,prestamos_empresas,Prima PYME (estrecha) | mensual,0.9700,pct_anual,2024-10,"BCE, MIR (ECB Data Portal)",https://data.ecb.europa.eu/data/datasets/MIR,2026-09-21,"hasta 0,25 M frente a mas de 1 M (extremos)",Total initial rate fixation,tamano_prestamo,nivel,dato_unico,"DIFERENCIAL de dos niveles de tipo, no un saldo neto de encuesta. Prima de tamano de OPERACION, no de empresa. Definicion estrecha."
Alemania,prestamos_empresas,Prima PYME (estrecha) | mensual,1.1100,pct_anual,2024-11,"BCE, MIR (ECB Data Portal)",https://data.ecb.europa.eu/data/datasets/MIR,2026-09-21,"hasta 0,25 M frente a mas de 1 M (extremos)",Total initial rate fixation,tamano_prestamo,nivel,dato_unico,"DIFERENCIAL de dos niveles de tipo, no un saldo neto de encuesta. Prima de tamano de OPERACION, no de empresa. Definicion estrecha."
Alemania,prestamos_empresas,Prima PYME (estrecha) | mensual,1.2000,pct_anual,2024-12,"BCE, MIR (ECB Data Portal)",https://data.ecb.europa.eu/data/datasets/MIR,2026-09-21,"hasta 0,25 M frente a mas de 1 M (extremos)",Total initial rate fixation,tamano_prestamo,nivel,dato_unico,"DIFERENCIAL de dos niveles de tipo, no un saldo neto de encuesta. Prima de tamano de OPERACION, no de empresa. Definicion estrecha."
Alemania,prestamos_empresas,Prima PYME (estrecha) | mensual,0.7700,pct_anual,2025-01,"BCE, MIR (ECB Data Portal)",https://data.ecb.europa.eu/data/datasets/MIR,2026-09-21,"hasta 0,25 M frente a mas de 1 M (extremos)",Total initial rate fixation,tamano_prestamo,nivel,dato_unico,"DIFERENCIAL de dos niveles de tipo, no un saldo neto de encuesta. Prima de tamano de OPERACION, no de empresa. Definicion estrecha."
Alemania,prestamos_empresas,Prima PYME (estrecha) | mensual,0.8100,pct_anual,2025-02,"BCE, MIR (ECB Data Portal)",https://data.ecb.europa.eu/data/datasets/MIR,2026-09-21,"hasta 0,25 M frente a mas de 1 M (extremos)",Total initial rate fixation,tamano_prestamo,nivel,dato_unico,"DIFERENCIAL de dos niveles de tipo, no un saldo neto de encuesta. Prima de tamano de OPERACION, no de empresa. Definicion estrecha."
Alemania,prestamos_empresas,Prima PYME (estrecha) | mensual,1.1600,pct_anual,2025-03,"BCE, MIR (ECB Data Portal)",https://data.ecb.europa.eu/data/datasets/MIR,2026-09-21,"hasta 0,25 M frente a mas de 1 M (extremos)",Total initial rate fixation,tamano_prestamo,nivel,dato_unico,"DIFERENCIAL de dos niveles de tipo, no un saldo neto de encuesta. Prima de tamano de OPERACION, no de empresa. Definicion estrecha."
Alemania,prestamos_empresas,Prima PYME (estrecha) | mensual,1.1500,pct_anual,2025-04,"BCE, MIR (ECB Data Portal)",https://data.ecb.europa.eu/data/datasets/MIR,2026-09-21,"hasta 0,25 M frente a mas de 1 M (extremos)",Total initial rate fixation,tamano_prestamo,nivel,dato_unico,"DIFERENCIAL de dos niveles de tipo, no un saldo neto de encuesta. Prima de tamano de OPERACION, no de empresa. Definicion estrecha."
Alemania,prestamos_empresas,Prima PYME (estrecha) | mensual,1.2600,pct_anual,2025-05,"BCE, MIR (ECB Data Portal)",https://data.ecb.europa.eu/data/datasets/MIR,2026-09-21,"hasta 0,25 M frente a mas de 1 M (extremos)",Total initial rate fixation,tamano_prestamo,nivel,dato_unico,"DIFERENCIAL de dos niveles de tipo, no un saldo neto de encuesta. Prima de tamano de OPERACION, no de empresa. Definicion estrecha."
Alemania,prestamos_empresas,Prima PYME (estrecha) | mensual,1.2500,pct_anual,2025-06,"BCE, MIR (ECB Data Portal)",https://data.ecb.europa.eu/data/datasets/MIR,2026-09-21,"hasta 0,25 M frente a mas de 1 M (extremos)",Total initial rate fixation,tamano_prestamo,nivel,dato_unico,"DIFERENCIAL de dos niveles de tipo, no un saldo neto de encuesta. Prima de tamano de OPERACION, no de empresa. Definicion estrecha."
Alemania,prestamos_empresas,Prima PYME (estrecha) | mensual,1.2800,pct_anual,2025-07,"BCE, MIR (ECB Data Portal)",https://data.ecb.europa.eu/data/datasets/MIR,2026-09-21,"hasta 0,25 M frente a mas de 1 M (extremos)",Total initial rate fixation,tamano_prestamo,nivel,dato_unico,"DIFERENCIAL de dos niveles de tipo, no un saldo neto de encuesta. Prima de tamano de OPERACION, no de empresa. Definicion estrecha."
Alemania,prestamos_empresas,Prima PYME (estrecha) | mensual,1.3000,pct_anual,2025-08,"BCE, MIR (ECB Data Portal)",https://data.ecb.europa.eu/data/datasets/MIR,2026-09-21,"hasta 0,25 M frente a mas de 1 M (extremos)",Total initial rate fixation,tamano_prestamo,nivel,dato_unico,"DIFERENCIAL de dos niveles de tipo, no un saldo neto de encuesta. Prima de tamano de OPERACION, no de empresa. Definicion estrecha."
Alemania,prestamos_empresas,Prima PYME (estrecha) | mensual,1.4500,pct_anual,2025-09,"BCE, MIR (ECB Data Portal)",https://data.ecb.europa.eu/data/datasets/MIR,2026-09-21,"hasta 0,25 M frente a mas de 1 M (extremos)",Total initial rate fixation,tamano_prestamo,nivel,dato_unico,"DIFERENCIAL de dos niveles de tipo, no un saldo neto de encuesta. Prima de tamano de OPERACION, no de empresa. Definicion estrecha."
Alemania,prestamos_empresas,Prima PYME (estrecha) | mensual,1.3300,pct_anual,2025-10,"BCE, MIR (ECB Data Portal)",https://data.ecb.europa.eu/data/datasets/MIR,2026-09-21,"hasta 0,25 M frente a mas de 1 M (extremos)",Total initial rate fixation,tamano_prestamo,nivel,dato_unico,"DIFERENCIAL de dos niveles de tipo, no un saldo neto de encuesta. Prima de tamano de OPERACION, no de empresa. Definicion estrecha."
Alemania,prestamos_empresas,Prima PYME (estrecha) | mensual,1.3500,pct_anual,2025-11,"BCE, MIR (ECB Data Portal)",https://data.ecb.europa.eu/data/datasets/MIR,2026-09-21,"hasta 0,25 M frente a mas de 1 M (extremos)",Total initial rate fixation,tamano_prestamo,nivel,dato_unico,"DIFERENCIAL de dos niveles de tipo, no un saldo neto de encuesta. Prima de tamano de OPERACION, no de empresa. Definicion estrecha."
Alemania,prestamos_empresas,Prima PYME (estrecha) | mensual,1.2500,pct_anual,2025-12,"BCE, MIR (ECB Data Portal)",https://data.ecb.europa.eu/data/datasets/MIR,2026-09-21,"hasta 0,25 M frente a mas de 1 M (extremos)",Total initial rate fixation,tamano_prestamo,nivel,dato_unico,"DIFERENCIAL de dos niveles de tipo, no un saldo neto de encuesta. Prima de tamano de OPERACION, no de empresa. Definicion estrecha."
Alemania,prestamos_empresas,Prima PYME (estrecha) | mensual,1.0500,pct_anual,2026-01,"BCE, MIR (ECB Data Portal)",https://data.ecb.europa.eu/data/datasets/MIR,2026-09-21,"hasta 0,25 M frente a mas de 1 M (extremos)",Total initial rate fixation,tamano_prestamo,nivel,dato_unico,"DIFERENCIAL de dos niveles de tipo, no un saldo neto de encuesta. Prima de tamano de OPERACION, no de empresa. Definicion estrecha."
Alemania,prestamos_empresas,Prima PYME (estrecha) | mensual,1.3100,pct_anual,2026-02,"BCE, MIR (ECB Data Portal)",https://data.ecb.europa.eu/data/datasets/MIR,2026-09-21,"hasta 0,25 M frente a mas de 1 M (extremos)",Total initial rate fixation,tamano_prestamo,nivel,dato_unico,"DIFERENCIAL de dos niveles de tipo, no un saldo neto de encuesta. Prima de tamano de OPERACION, no de empresa. Definicion estrecha."
Alemania,prestamos_empresas,Prima PYME (estrecha) | mensual,1.0900,pct_anual,2026-03,"BCE, MIR (ECB Data Portal)",https://data.ecb.europa.eu/data/datasets/MIR,2026-09-21,"hasta 0,25 M frente a mas de 1 M (extremos)",Total initial rate fixation,tamano_prestamo,nivel,dato_unico,"DIFERENCIAL de dos niveles de tipo, no un saldo neto de encuesta. Prima de tamano de OPERACION, no de empresa. Definicion estrecha."
Alemania,prestamos_empresas,Prima PYME (estrecha) | mensual,1.1200,pct_anual,2026-04,"BCE, MIR (ECB Data Portal)",https://data.ecb.europa.eu/data/datasets/MIR,2026-09-21,"hasta 0,25 M frente a mas de 1 M (extremos)",Total initial rate fixation,tamano_prestamo,nivel,dato_unico,"DIFERENCIAL de dos niveles de tipo, no un saldo neto de encuesta. Prima de tamano de OPERACION, no de empresa. Definicion estrecha."
Alemania,prestamos_empresas,Prima PYME (estrecha) | mensual,1.3800,pct_anual,2026-05,"BCE, MIR (ECB Data Portal)",https://data.ecb.europa.eu/data/datasets/MIR,2026-09-21,"hasta 0,25 M frente a mas de 1 M (extremos)",Total initial rate fixation,tamano_prestamo,nivel,dato_unico,"DIFERENCIAL de dos niveles de tipo, no un saldo neto de encuesta. Prima de tamano de OPERACION, no de empresa. Definicion estrecha."
Alemania,prestamos_empresas,Prima PYME (estrecha) | mensual,1.1100,pct_anual,2026-06,"BCE, MIR (ECB Data Portal)",https://data.ecb.europa.eu/data/datasets/MIR,2026-09-21,"hasta 0,25 M frente a mas de 1 M (extremos)",Total initial rate fixation,tamano_prestamo,nivel,dato_unico,"DIFERENCIAL de dos niveles de tipo, no un saldo neto de encuesta. Prima de tamano de OPERACION, no de empresa. Definicion estrecha."
Alemania,prestamos_empresas,Prima PYME (estrecha) | mensual,1.1000,pct_anual,2026-07,"BCE, MIR (ECB Data Portal)",https://data.ecb.europa.eu/data/datasets/MIR,2026-09-21,"hasta 0,25 M frente a mas de 1 M (extremos)",Total initial rate fixation,tamano_prestamo,nivel,dato_unico,"DIFERENCIAL de dos niveles de tipo, no un saldo neto de encuesta. Prima de tamano de OPERACION, no de empresa. Definicion estrecha."
Alemania,prestamos_empresas,Prima PYME (estrecha) | media del ano,0.5267,pct_anual,2022,"BCE, MIR (ECB Data Portal)",https://data.ecb.europa.eu/data/datasets/MIR,2026-09-21,"hasta 0,25 M frente a mas de 1 M (extremos)",Total initial rate fixation,tamano_prestamo,nivel,media_ponderada_volumen,"DIFERENCIAL de dos niveles de tipo, no un saldo neto de encuesta. Prima de tamano de OPERACION, no de empresa. Definicion estrecha. Media del diferencial mensual ponderada por el volumen de nueva produccion de los dos tramos."
Alemania,prestamos_empresas,Prima PYME (estrecha) | media del ano,1.3998,pct_anual,2023,"BCE, MIR (ECB Data Portal)",https://data.ecb.europa.eu/data/datasets/MIR,2026-09-21,"hasta 0,25 M frente a mas de 1 M (extremos)",Total initial rate fixation,tamano_prestamo,nivel,media_ponderada_volumen,"DIFERENCIAL de dos niveles de tipo, no un saldo neto de encuesta. Prima de tamano de OPERACION, no de empresa. Definicion estrecha. Media del diferencial mensual ponderada por el volumen de nueva produccion de los dos tramos."
Alemania,prestamos_empresas,Prima PYME (estrecha) | media del ano,1.0321,pct_anual,2024,"BCE, MIR (ECB Data Portal)",https://data.ecb.europa.eu/data/datasets/MIR,2026-09-21,"hasta 0,25 M frente a mas de 1 M (extremos)",Total initial rate fixation,tamano_prestamo,nivel,media_ponderada_volumen,"DIFERENCIAL de dos niveles de tipo, no un saldo neto de encuesta. Prima de tamano de OPERACION, no de empresa. Definicion estrecha. Media del diferencial mensual ponderada por el volumen de nueva produccion de los dos tramos."
Alemania,prestamos_empresas,Prima PYME (estrecha) | media del ano,1.2179,pct_anual,2025,"BCE, MIR (ECB Data Portal)",https://data.ecb.europa.eu/data/datasets/MIR,2026-09-21,"hasta 0,25 M frente a mas de 1 M (extremos)",Total initial rate fixation,tamano_prestamo,nivel,media_ponderada_volumen,"DIFERENCIAL de dos niveles de tipo, no un saldo neto de encuesta. Prima de tamano de OPERACION, no de empresa. Definicion estrecha. Media del diferencial mensual ponderada por el volumen de nueva produccion de los dos tramos."
Alemania,prestamos_empresas,Prima PYME (estrecha) | media del ano,1.1593,pct_anual,2026,"BCE, MIR (ECB Data Portal)",https://data.ecb.europa.eu/data/datasets/MIR,2026-09-21,"hasta 0,25 M frente a mas de 1 M (extremos)",Total initial rate fixation,tamano_prestamo,nivel,media_ponderada_volumen,"DIFERENCIAL de dos niveles de tipo, no un saldo neto de encuesta. Prima de tamano de OPERACION, no de empresa. Definicion estrecha. Media del diferencial mensual ponderada por el volumen de nueva produccion de los dos tramos."
Alemania,prestamos_empresas,Prima PYME (estrecha) | ultimos 12 meses,1.2377,pct_anual,2025-08 a 2026-07,"BCE, MIR (ECB Data Portal)",https://data.ecb.europa.eu/data/datasets/MIR,2026-09-21,"hasta 0,25 M frente a mas de 1 M (extremos)",Total initial rate fixation,tamano_prestamo,nivel,media_ponderada_volumen,"DIFERENCIAL de dos niveles de tipo, no un saldo neto de encuesta. Prima de tamano de OPERACION, no de empresa. Definicion estrecha. 1 de los 55 meses de la serie tienen prima NEGATIVA (el prestamo pequeno sale mas barato que el grande)."
Francia,prestamos_empresas,Prima PYME (estrecha) | mensual,0.2700,pct_anual,2022-01,"BCE, MIR (ECB Data Portal)",https://data.ecb.europa.eu/data/datasets/MIR,2026-09-21,"hasta 0,25 M frente a mas de 1 M (extremos)",Total initial rate fixation,tamano_prestamo,nivel,dato_unico,"DIFERENCIAL de dos niveles de tipo, no un saldo neto de encuesta. Prima de tamano de OPERACION, no de empresa. Definicion estrecha."
Francia,prestamos_empresas,Prima PYME (estrecha) | mensual,0.1900,pct_anual,2022-02,"BCE, MIR (ECB Data Portal)",https://data.ecb.europa.eu/data/datasets/MIR,2026-09-21,"hasta 0,25 M frente a mas de 1 M (extremos)",Total initial rate fixation,tamano_prestamo,nivel,dato_unico,"DIFERENCIAL de dos niveles de tipo, no un saldo neto de encuesta. Prima de tamano de OPERACION, no de empresa. Definicion estrecha."
Francia,prestamos_empresas,Prima PYME (estrecha) | mensual,0.4000,pct_anual,2022-03,"BCE, MIR (ECB Data Portal)",https://data.ecb.europa.eu/data/datasets/MIR,2026-09-21,"hasta 0,25 M frente a mas de 1 M (extremos)",Total initial rate fixation,tamano_prestamo,nivel,dato_unico,"DIFERENCIAL de dos niveles de tipo, no un saldo neto de encuesta. Prima de tamano de OPERACION, no de empresa. Definicion estrecha."
Francia,prestamos_empresas,Prima PYME (estrecha) | mensual,0.4800,pct_anual,2022-04,"BCE, MIR (ECB Data Portal)",https://data.ecb.europa.eu/data/datasets/MIR,2026-09-21,"hasta 0,25 M frente a mas de 1 M (extremos)",Total initial rate fixation,tamano_prestamo,nivel,dato_unico,"DIFERENCIAL de dos niveles de tipo, no un saldo neto de encuesta. Prima de tamano de OPERACION, no de empresa. Definicion estrecha."
Francia,prestamos_empresas,Prima PYME (estrecha) | mensual,0.3800,pct_anual,2022-05,"BCE, MIR (ECB Data Portal)",https://data.ecb.europa.eu/data/datasets/MIR,2026-09-21,"hasta 0,25 M frente a mas de 1 M (extremos)",Total initial rate fixation,tamano_prestamo,nivel,dato_unico,"DIFERENCIAL de dos niveles de tipo, no un saldo neto de encuesta. Prima de tamano de OPERACION, no de empresa. Definicion estrecha."
Francia,prestamos_empresas,Prima PYME (estrecha) | mensual,0.2000,pct_anual,2022-06,"BCE, MIR (ECB Data Portal)",https://data.ecb.europa.eu/data/datasets/MIR,2026-09-21,"hasta 0,25 M frente a mas de 1 M (extremos)",Total initial rate fixation,tamano_prestamo,nivel,dato_unico,"DIFERENCIAL de dos niveles de tipo, no un saldo neto de encuesta. Prima de tamano de OPERACION, no de empresa. Definicion estrecha."
Francia,prestamos_empresas,Prima PYME (estrecha) | mensual,0.5600,pct_anual,2022-07,"BCE, MIR (ECB Data Portal)",https://data.ecb.europa.eu/data/datasets/MIR,2026-09-21,"hasta 0,25 M frente a mas de 1 M (extremos)",Total initial rate fixation,tamano_prestamo,nivel,dato_unico,"DIFERENCIAL de dos niveles de tipo, no un saldo neto de encuesta. Prima de tamano de OPERACION, no de empresa. Definicion estrecha."
Francia,prestamos_empresas,Prima PYME (estrecha) | mensual,0.6300,pct_anual,2022-08,"BCE, MIR (ECB Data Portal)",https://data.ecb.europa.eu/data/datasets/MIR,2026-09-21,"hasta 0,25 M frente a mas de 1 M (extremos)",Total initial rate fixation,tamano_prestamo,nivel,dato_unico,"DIFERENCIAL de dos niveles de tipo, no un saldo neto de encuesta. Prima de tamano de OPERACION, no de empresa. Definicion estrecha."
Francia,prestamos_empresas,Prima PYME (estrecha) | mensual,0.4300,pct_anual,2022-09,"BCE, MIR (ECB Data Portal)",https://data.ecb.europa.eu/data/datasets/MIR,2026-09-21,"hasta 0,25 M frente a mas de 1 M (extremos)",Total initial rate fixation,tamano_prestamo,nivel,dato_unico,"DIFERENCIAL de dos niveles de tipo, no un saldo neto de encuesta. Prima de tamano de OPERACION, no de empresa. Definicion estrecha."
Francia,prestamos_empresas,Prima PYME (estrecha) | mensual,0.3100,pct_anual,2022-10,"BCE, MIR (ECB Data Portal)",https://data.ecb.europa.eu/data/datasets/MIR,2026-09-21,"hasta 0,25 M frente a mas de 1 M (extremos)",Total initial rate fixation,tamano_prestamo,nivel,dato_unico,"DIFERENCIAL de dos niveles de tipo, no un saldo neto de encuesta. Prima de tamano de OPERACION, no de empresa. Definicion estrecha."
Francia,prestamos_empresas,Prima PYME (estrecha) | mensual,-0.1400,pct_anual,2022-11,"BCE, MIR (ECB Data Portal)",https://data.ecb.europa.eu/data/datasets/MIR,2026-09-21,"hasta 0,25 M frente a mas de 1 M (extremos)",Total initial rate fixation,tamano_prestamo,nivel,dato_unico,"DIFERENCIAL de dos niveles de tipo, no un saldo neto de encuesta. Prima de tamano de OPERACION, no de empresa. Definicion estrecha."
Francia,prestamos_empresas,Prima PYME (estrecha) | mensual,0.1500,pct_anual,2022-12,"BCE, MIR (ECB Data Portal)",https://data.ecb.europa.eu/data/datasets/MIR,2026-09-21,"hasta 0,25 M frente a mas de 1 M (extremos)",Total initial rate fixation,tamano_prestamo,nivel,dato_unico,"DIFERENCIAL de dos niveles de tipo, no un saldo neto de encuesta. Prima de tamano de OPERACION, no de empresa. Definicion estrecha."
Francia,prestamos_empresas,Prima PYME (estrecha) | mensual,0.1500,pct_anual,2023-01,"BCE, MIR (ECB Data Portal)",https://data.ecb.europa.eu/data/datasets/MIR,2026-09-21,"hasta 0,25 M frente a mas de 1 M (extremos)",Total initial rate fixation,tamano_prestamo,nivel,dato_unico,"DIFERENCIAL de dos niveles de tipo, no un saldo neto de encuesta. Prima de tamano de OPERACION, no de empresa. Definicion estrecha."
Francia,prestamos_empresas,Prima PYME (estrecha) | mensual,-0.0100,pct_anual,2023-02,"BCE, MIR (ECB Data Portal)",https://data.ecb.europa.eu/data/datasets/MIR,2026-09-21,"hasta 0,25 M frente a mas de 1 M (extremos)",Total initial rate fixation,tamano_prestamo,nivel,dato_unico,"DIFERENCIAL de dos niveles de tipo, no un saldo neto de encuesta. Prima de tamano de OPERACION, no de empresa. Definicion estrecha."
Francia,prestamos_empresas,Prima PYME (estrecha) | mensual,0.2600,pct_anual,2023-03,"BCE, MIR (ECB Data Portal)",https://data.ecb.europa.eu/data/datasets/MIR,2026-09-21,"hasta 0,25 M frente a mas de 1 M (extremos)",Total initial rate fixation,tamano_prestamo,nivel,dato_unico,"DIFERENCIAL de dos niveles de tipo, no un saldo neto de encuesta. Prima de tamano de OPERACION, no de empresa. Definicion estrecha."
Francia,prestamos_empresas,Prima PYME (estrecha) | mensual,0.1300,pct_anual,2023-04,"BCE, MIR (ECB Data Portal)",https://data.ecb.europa.eu/data/datasets/MIR,2026-09-21,"hasta 0,25 M frente a mas de 1 M (extremos)",Total initial rate fixation,tamano_prestamo,nivel,dato_unico,"DIFERENCIAL de dos niveles de tipo, no un saldo neto de encuesta. Prima de tamano de OPERACION, no de empresa. Definicion estrecha."
Francia,prestamos_empresas,Prima PYME (estrecha) | mensual,-0.1200,pct_anual,2023-05,"BCE, MIR (ECB Data Portal)",https://data.ecb.europa.eu/data/datasets/MIR,2026-09-21,"hasta 0,25 M frente a mas de 1 M (extremos)",Total initial rate fixation,tamano_prestamo,nivel,dato_unico,"DIFERENCIAL de dos niveles de tipo, no un saldo neto de encuesta. Prima de tamano de OPERACION, no de empresa. Definicion estrecha."
Francia,prestamos_empresas,Prima PYME (estrecha) | mensual,-0.0300,pct_anual,2023-06,"BCE, MIR (ECB Data Portal)",https://data.ecb.europa.eu/data/datasets/MIR,2026-09-21,"hasta 0,25 M frente a mas de 1 M (extremos)",Total initial rate fixation,tamano_prestamo,nivel,dato_unico,"DIFERENCIAL de dos niveles de tipo, no un saldo neto de encuesta. Prima de tamano de OPERACION, no de empresa. Definicion estrecha."
Francia,prestamos_empresas,Prima PYME (estrecha) | mensual,-0.1300,pct_anual,2023-07,"BCE, MIR (ECB Data Portal)",https://data.ecb.europa.eu/data/datasets/MIR,2026-09-21,"hasta 0,25 M frente a mas de 1 M (extremos)",Total initial rate fixation,tamano_prestamo,nivel,dato_unico,"DIFERENCIAL de dos niveles de tipo, no un saldo neto de encuesta. Prima de tamano de OPERACION, no de empresa. Definicion estrecha."
Francia,prestamos_empresas,Prima PYME (estrecha) | mensual,-0.0200,pct_anual,2023-08,"BCE, MIR (ECB Data Portal)",https://data.ecb.europa.eu/data/datasets/MIR,2026-09-21,"hasta 0,25 M frente a mas de 1 M (extremos)",Total initial rate fixation,tamano_prestamo,nivel,dato_unico,"DIFERENCIAL de dos niveles de tipo, no un saldo neto de encuesta. Prima de tamano de OPERACION, no de empresa. Definicion estrecha."
Francia,prestamos_empresas,Prima PYME (estrecha) | mensual,0.0000,pct_anual,2023-09,"BCE, MIR (ECB Data Portal)",https://data.ecb.europa.eu/data/datasets/MIR,2026-09-21,"hasta 0,25 M frente a mas de 1 M (extremos)",Total initial rate fixation,tamano_prestamo,nivel,dato_unico,"DIFERENCIAL de dos niveles de tipo, no un saldo neto de encuesta. Prima de tamano de OPERACION, no de empresa. Definicion estrecha."
Francia,prestamos_empresas,Prima PYME (estrecha) | mensual,-0.1300,pct_anual,2023-10,"BCE, MIR (ECB Data Portal)",https://data.ecb.europa.eu/data/datasets/MIR,2026-09-21,"hasta 0,25 M frente a mas de 1 M (extremos)",Total initial rate fixation,tamano_prestamo,nivel,dato_unico,"DIFERENCIAL de dos niveles de tipo, no un saldo neto de encuesta. Prima de tamano de OPERACION, no de empresa. Definicion estrecha."
Francia,prestamos_empresas,Prima PYME (estrecha) | mensual,-0.2900,pct_anual,2023-11,"BCE, MIR (ECB Data Portal)",https://data.ecb.europa.eu/data/datasets/MIR,2026-09-21,"hasta 0,25 M frente a mas de 1 M (extremos)",Total initial rate fixation,tamano_prestamo,nivel,dato_unico,"DIFERENCIAL de dos niveles de tipo, no un saldo neto de encuesta. Prima de tamano de OPERACION, no de empresa. Definicion estrecha."
Francia,prestamos_empresas,Prima PYME (estrecha) | mensual,-0.1200,pct_anual,2023-12,"BCE, MIR (ECB Data Portal)",https://data.ecb.europa.eu/data/datasets/MIR,2026-09-21,"hasta 0,25 M frente a mas de 1 M (extremos)",Total initial rate fixation,tamano_prestamo,nivel,dato_unico,"DIFERENCIAL de dos niveles de tipo, no un saldo neto de encuesta. Prima de tamano de OPERACION, no de empresa. Definicion estrecha."
Francia,prestamos_empresas,Prima PYME (estrecha) | mensual,0.0400,pct_anual,2024-01,"BCE, MIR (ECB Data Portal)",https://data.ecb.europa.eu/data/datasets/MIR,2026-09-21,"hasta 0,25 M frente a mas de 1 M (extremos)",Total initial rate fixation,tamano_prestamo,nivel,dato_unico,"DIFERENCIAL de dos niveles de tipo, no un saldo neto de encuesta. Prima de tamano de OPERACION, no de empresa. Definicion estrecha."
Francia,prestamos_empresas,Prima PYME (estrecha) | mensual,-0.1200,pct_anual,2024-02,"BCE, MIR (ECB Data Portal)",https://data.ecb.europa.eu/data/datasets/MIR,2026-09-21,"hasta 0,25 M frente a mas de 1 M (extremos)",Total initial rate fixation,tamano_prestamo,nivel,dato_unico,"DIFERENCIAL de dos niveles de tipo, no un saldo neto de encuesta. Prima de tamano de OPERACION, no de empresa. Definicion estrecha."
Francia,prestamos_empresas,Prima PYME (estrecha) | mensual,-0.0900,pct_anual,2024-03,"BCE, MIR (ECB Data Portal)",https://data.ecb.europa.eu/data/datasets/MIR,2026-09-21,"hasta 0,25 M frente a mas de 1 M (extremos)",Total initial rate fixation,tamano_prestamo,nivel,dato_unico,"DIFERENCIAL de dos niveles de tipo, no un saldo neto de encuesta. Prima de tamano de OPERACION, no de empresa. Definicion estrecha."
Francia,prestamos_empresas,Prima PYME (estrecha) | mensual,-0.1900,pct_anual,2024-04,"BCE, MIR (ECB Data Portal)",https://data.ecb.europa.eu/data/datasets/MIR,2026-09-21,"hasta 0,25 M frente a mas de 1 M (extremos)",Total initial rate fixation,tamano_prestamo,nivel,dato_unico,"DIFERENCIAL de dos niveles de tipo, no un saldo neto de encuesta. Prima de tamano de OPERACION, no de empresa. Definicion estrecha."
Francia,prestamos_empresas,Prima PYME (estrecha) | mensual,0.1300,pct_anual,2024-05,"BCE, MIR (ECB Data Portal)",https://data.ecb.europa.eu/data/datasets/MIR,2026-09-21,"hasta 0,25 M frente a mas de 1 M (extremos)",Total initial rate fixation,tamano_prestamo,nivel,dato_unico,"DIFERENCIAL de dos niveles de tipo, no un saldo neto de encuesta. Prima de tamano de OPERACION, no de empresa. Definicion estrecha."
Francia,prestamos_empresas,Prima PYME (estrecha) | mensual,-0.2100,pct_anual,2024-06,"BCE, MIR (ECB Data Portal)",https://data.ecb.europa.eu/data/datasets/MIR,2026-09-21,"hasta 0,25 M frente a mas de 1 M (extremos)",Total initial rate fixation,tamano_prestamo,nivel,dato_unico,"DIFERENCIAL de dos niveles de tipo, no un saldo neto de encuesta. Prima de tamano de OPERACION, no de empresa. Definicion estrecha."
Francia,prestamos_empresas,Prima PYME (estrecha) | mensual,-0.3100,pct_anual,2024-07,"BCE, MIR (ECB Data Portal)",https://data.ecb.europa.eu/data/datasets/MIR,2026-09-21,"hasta 0,25 M frente a mas de 1 M (extremos)",Total initial rate fixation,tamano_prestamo,nivel,dato_unico,"DIFERENCIAL de dos niveles de tipo, no un saldo neto de encuesta. Prima de tamano de OPERACION, no de empresa. Definicion estrecha."
Francia,prestamos_empresas,Prima PYME (estrecha) | mensual,-0.4000,pct_anual,2024-08,"BCE, MIR (ECB Data Portal)",https://data.ecb.europa.eu/data/datasets/MIR,2026-09-21,"hasta 0,25 M frente a mas de 1 M (extremos)",Total initial rate fixation,tamano_prestamo,nivel,dato_unico,"DIFERENCIAL de dos niveles de tipo, no un saldo neto de encuesta. Prima de tamano de OPERACION, no de empresa. Definicion estrecha."
Francia,prestamos_empresas,Prima PYME (estrecha) | mensual,0.0600,pct_anual,2024-09,"BCE, MIR (ECB Data Portal)",https://data.ecb.europa.eu/data/datasets/MIR,2026-09-21,"hasta 0,25 M frente a mas de 1 M (extremos)",Total initial rate fixation,tamano_prestamo,nivel,dato_unico,"DIFERENCIAL de dos niveles de tipo, no un saldo neto de encuesta. Prima de tamano de OPERACION, no de empresa. Definicion estrecha."
Francia,prestamos_empresas,Prima PYME (estrecha) | mensual,0.2600,pct_anual,2024-10,"BCE, MIR (ECB Data Portal)",https://data.ecb.europa.eu/data/datasets/MIR,2026-09-21,"hasta 0,25 M frente a mas de 1 M (extremos)",Total initial rate fixation,tamano_prestamo,nivel,dato_unico,"DIFERENCIAL de dos niveles de tipo, no un saldo neto de encuesta. Prima de tamano de OPERACION, no de empresa. Definicion estrecha."
Francia,prestamos_empresas,Prima PYME (estrecha) | mensual,0.3500,pct_anual,2024-11,"BCE, MIR (ECB Data Portal)",https://data.ecb.europa.eu/data/datasets/MIR,2026-09-21,"hasta 0,25 M frente a mas de 1 M (extremos)",Total initial rate fixation,tamano_prestamo,nivel,dato_unico,"DIFERENCIAL de dos niveles de tipo, no un saldo neto de encuesta. Prima de tamano de OPERACION, no de empresa. Definicion estrecha."
Francia,prestamos_empresas,Prima PYME (estrecha) | mensual,0.2600,pct_anual,2024-12,"BCE, MIR (ECB Data Portal)",https://data.ecb.europa.eu/data/datasets/MIR,2026-09-21,"hasta 0,25 M frente a mas de 1 M (extremos)",Total initial rate fixation,tamano_prestamo,nivel,dato_unico,"DIFERENCIAL de dos niveles de tipo, no un saldo neto de encuesta. Prima de tamano de OPERACION, no de empresa. Definicion estrecha."
Francia,prestamos_empresas,Prima PYME (estrecha) | mensual,0.1900,pct_anual,2025-01,"BCE, MIR (ECB Data Portal)",https://data.ecb.europa.eu/data/datasets/MIR,2026-09-21,"hasta 0,25 M frente a mas de 1 M (extremos)",Total initial rate fixation,tamano_prestamo,nivel,dato_unico,"DIFERENCIAL de dos niveles de tipo, no un saldo neto de encuesta. Prima de tamano de OPERACION, no de empresa. Definicion estrecha."
Francia,prestamos_empresas,Prima PYME (estrecha) | mensual,0.3800,pct_anual,2025-02,"BCE, MIR (ECB Data Portal)",https://data.ecb.europa.eu/data/datasets/MIR,2026-09-21,"hasta 0,25 M frente a mas de 1 M (extremos)",Total initial rate fixation,tamano_prestamo,nivel,dato_unico,"DIFERENCIAL de dos niveles de tipo, no un saldo neto de encuesta. Prima de tamano de OPERACION, no de empresa. Definicion estrecha."
Francia,prestamos_empresas,Prima PYME (estrecha) | mensual,0.3300,pct_anual,2025-03,"BCE, MIR (ECB Data Portal)",https://data.ecb.europa.eu/data/datasets/MIR,2026-09-21,"hasta 0,25 M frente a mas de 1 M (extremos)",Total initial rate fixation,tamano_prestamo,nivel,dato_unico,"DIFERENCIAL de dos niveles de tipo, no un saldo neto de encuesta. Prima de tamano de OPERACION, no de empresa. Definicion estrecha."
Francia,prestamos_empresas,Prima PYME (estrecha) | mensual,0.4400,pct_anual,2025-04,"BCE, MIR (ECB Data Portal)",https://data.ecb.europa.eu/data/datasets/MIR,2026-09-21,"hasta 0,25 M frente a mas de 1 M (extremos)",Total initial rate fixation,tamano_prestamo,nivel,dato_unico,"DIFERENCIAL de dos niveles de tipo, no un saldo neto de encuesta. Prima de tamano de OPERACION, no de empresa. Definicion estrecha."
Francia,prestamos_empresas,Prima PYME (estrecha) | mensual,0.5600,pct_anual,2025-05,"BCE, MIR (ECB Data Portal)",https://data.ecb.europa.eu/data/datasets/MIR,2026-09-21,"hasta 0,25 M frente a mas de 1 M (extremos)",Total initial rate fixation,tamano_prestamo,nivel,dato_unico,"DIFERENCIAL de dos niveles de tipo, no un saldo neto de encuesta. Prima de tamano de OPERACION, no de empresa. Definicion estrecha."
Francia,prestamos_empresas,Prima PYME (estrecha) | mensual,0.4900,pct_anual,2025-06,"BCE, MIR (ECB Data Portal)",https://data.ecb.europa.eu/data/datasets/MIR,2026-09-21,"hasta 0,25 M frente a mas de 1 M (extremos)",Total initial rate fixation,tamano_prestamo,nivel,dato_unico,"DIFERENCIAL de dos niveles de tipo, no un saldo neto de encuesta. Prima de tamano de OPERACION, no de empresa. Definicion estrecha."
Francia,prestamos_empresas,Prima PYME (estrecha) | mensual,0.4700,pct_anual,2025-07,"BCE, MIR (ECB Data Portal)",https://data.ecb.europa.eu/data/datasets/MIR,2026-09-21,"hasta 0,25 M frente a mas de 1 M (extremos)",Total initial rate fixation,tamano_prestamo,nivel,dato_unico,"DIFERENCIAL de dos niveles de tipo, no un saldo neto de encuesta. Prima de tamano de OPERACION, no de empresa. Definicion estrecha."
Francia,prestamos_empresas,Prima PYME (estrecha) | mensual,0.6100,pct_anual,2025-08,"BCE, MIR (ECB Data Portal)",https://data.ecb.europa.eu/data/datasets/MIR,2026-09-21,"hasta 0,25 M frente a mas de 1 M (extremos)",Total initial rate fixation,tamano_prestamo,nivel,dato_unico,"DIFERENCIAL de dos niveles de tipo, no un saldo neto de encuesta. Prima de tamano de OPERACION, no de empresa. Definicion estrecha."
Francia,prestamos_empresas,Prima PYME (estrecha) | mensual,0.5100,pct_anual,2025-09,"BCE, MIR (ECB Data Portal)",https://data.ecb.europa.eu/data/datasets/MIR,2026-09-21,"hasta 0,25 M frente a mas de 1 M (extremos)",Total initial rate fixation,tamano_prestamo,nivel,dato_unico,"DIFERENCIAL de dos niveles de tipo, no un saldo neto de encuesta. Prima de tamano de OPERACION, no de empresa. Definicion estrecha."
Francia,prestamos_empresas,Prima PYME (estrecha) | mensual,0.5800,pct_anual,2025-10,"BCE, MIR (ECB Data Portal)",https://data.ecb.europa.eu/data/datasets/MIR,2026-09-21,"hasta 0,25 M frente a mas de 1 M (extremos)",Total initial rate fixation,tamano_prestamo,nivel,dato_unico,"DIFERENCIAL de dos niveles de tipo, no un saldo neto de encuesta. Prima de tamano de OPERACION, no de empresa. Definicion estrecha."
Francia,prestamos_empresas,Prima PYME (estrecha) | mensual,0.5500,pct_anual,2025-11,"BCE, MIR (ECB Data Portal)",https://data.ecb.europa.eu/data/datasets/MIR,2026-09-21,"hasta 0,25 M frente a mas de 1 M (extremos)",Total initial rate fixation,tamano_prestamo,nivel,dato_unico,"DIFERENCIAL de dos niveles de tipo, no un saldo neto de encuesta. Prima de tamano de OPERACION, no de empresa. Definicion estrecha."
Francia,prestamos_empresas,Prima PYME (estrecha) | mensual,0.4700,pct_anual,2025-12,"BCE, MIR (ECB Data Portal)",https://data.ecb.europa.eu/data/datasets/MIR,2026-09-21,"hasta 0,25 M frente a mas de 1 M (extremos)",Total initial rate fixation,tamano_prestamo,nivel,dato_unico,"DIFERENCIAL de dos niveles de tipo, no un saldo neto de encuesta. Prima de tamano de OPERACION, no de empresa. Definicion estrecha."
Francia,prestamos_empresas,Prima PYME (estrecha) | mensual,0.5000,pct_anual,2026-01,"BCE, MIR (ECB Data Portal)",https://data.ecb.europa.eu/data/datasets/MIR,2026-09-21,"hasta 0,25 M frente a mas de 1 M (extremos)",Total initial rate fixation,tamano_prestamo,nivel,dato_unico,"DIFERENCIAL de dos niveles de tipo, no un saldo neto de encuesta. Prima de tamano de OPERACION, no de empresa. Definicion estrecha."
Francia,prestamos_empresas,Prima PYME (estrecha) | mensual,0.4900,pct_anual,2026-02,"BCE, MIR (ECB Data Portal)",https://data.ecb.europa.eu/data/datasets/MIR,2026-09-21,"hasta 0,25 M frente a mas de 1 M (extremos)",Total initial rate fixation,tamano_prestamo,nivel,dato_unico,"DIFERENCIAL de dos niveles de tipo, no un saldo neto de encuesta. Prima de tamano de OPERACION, no de empresa. Definicion estrecha."
Francia,prestamos_empresas,Prima PYME (estrecha) | mensual,0.4900,pct_anual,2026-03,"BCE, MIR (ECB Data Portal)",https://data.ecb.europa.eu/data/datasets/MIR,2026-09-21,"hasta 0,25 M frente a mas de 1 M (extremos)",Total initial rate fixation,tamano_prestamo,nivel,dato_unico,"DIFERENCIAL de dos niveles de tipo, no un saldo neto de encuesta. Prima de tamano de OPERACION, no de empresa. Definicion estrecha."
Francia,prestamos_empresas,Prima PYME (estrecha) | mensual,0.5200,pct_anual,2026-04,"BCE, MIR (ECB Data Portal)",https://data.ecb.europa.eu/data/datasets/MIR,2026-09-21,"hasta 0,25 M frente a mas de 1 M (extremos)",Total initial rate fixation,tamano_prestamo,nivel,dato_unico,"DIFERENCIAL de dos niveles de tipo, no un saldo neto de encuesta. Prima de tamano de OPERACION, no de empresa. Definicion estrecha."
Francia,prestamos_empresas,Prima PYME (estrecha) | mensual,0.5900,pct_anual,2026-05,"BCE, MIR (ECB Data Portal)",https://data.ecb.europa.eu/data/datasets/MIR,2026-09-21,"hasta 0,25 M frente a mas de 1 M (extremos)",Total initial rate fixation,tamano_prestamo,nivel,dato_unico,"DIFERENCIAL de dos niveles de tipo, no un saldo neto de encuesta. Prima de tamano de OPERACION, no de empresa. Definicion estrecha."
Francia,prestamos_empresas,Prima PYME (estrecha) | mensual,0.4000,pct_anual,2026-06,"BCE, MIR (ECB Data Portal)",https://data.ecb.europa.eu/data/datasets/MIR,2026-09-21,"hasta 0,25 M frente a mas de 1 M (extremos)",Total initial rate fixation,tamano_prestamo,nivel,dato_unico,"DIFERENCIAL de dos niveles de tipo, no un saldo neto de encuesta. Prima de tamano de OPERACION, no de empresa. Definicion estrecha."
Francia,prestamos_empresas,Prima PYME (estrecha) | mensual,0.5300,pct_anual,2026-07,"BCE, MIR (ECB Data Portal)",https://data.ecb.europa.eu/data/datasets/MIR,2026-09-21,"hasta 0,25 M frente a mas de 1 M (extremos)",Total initial rate fixation,tamano_prestamo,nivel,dato_unico,"DIFERENCIAL de dos niveles de tipo, no un saldo neto de encuesta. Prima de tamano de OPERACION, no de empresa. Definicion estrecha."
Francia,prestamos_empresas,Prima PYME (estrecha) | media del ano,0.3269,pct_anual,2022,"BCE, MIR (ECB Data Portal)",https://data.ecb.europa.eu/data/datasets/MIR,2026-09-21,"hasta 0,25 M frente a mas de 1 M (extremos)",Total initial rate fixation,tamano_prestamo,nivel,media_ponderada_volumen,"DIFERENCIAL de dos niveles de tipo, no un saldo neto de encuesta. Prima de tamano de OPERACION, no de empresa. Definicion estrecha. Media del diferencial mensual ponderada por el volumen de nueva produccion de los dos tramos."
Francia,prestamos_empresas,Prima PYME (estrecha) | media del ano,-0.0223,pct_anual,2023,"BCE, MIR (ECB Data Portal)",https://data.ecb.europa.eu/data/datasets/MIR,2026-09-21,"hasta 0,25 M frente a mas de 1 M (extremos)",Total initial rate fixation,tamano_prestamo,nivel,media_ponderada_volumen,"DIFERENCIAL de dos niveles de tipo, no un saldo neto de encuesta. Prima de tamano de OPERACION, no de empresa. Definicion estrecha. Media del diferencial mensual ponderada por el volumen de nueva produccion de los dos tramos."
Francia,prestamos_empresas,Prima PYME (estrecha) | media del ano,-0.0097,pct_anual,2024,"BCE, MIR (ECB Data Portal)",https://data.ecb.europa.eu/data/datasets/MIR,2026-09-21,"hasta 0,25 M frente a mas de 1 M (extremos)",Total initial rate fixation,tamano_prestamo,nivel,media_ponderada_volumen,"DIFERENCIAL de dos niveles de tipo, no un saldo neto de encuesta. Prima de tamano de OPERACION, no de empresa. Definicion estrecha. Media del diferencial mensual ponderada por el volumen de nueva produccion de los dos tramos."
Francia,prestamos_empresas,Prima PYME (estrecha) | media del ano,0.4621,pct_anual,2025,"BCE, MIR (ECB Data Portal)",https://data.ecb.europa.eu/data/datasets/MIR,2026-09-21,"hasta 0,25 M frente a mas de 1 M (extremos)",Total initial rate fixation,tamano_prestamo,nivel,media_ponderada_volumen,"DIFERENCIAL de dos niveles de tipo, no un saldo neto de encuesta. Prima de tamano de OPERACION, no de empresa. Definicion estrecha. Media del diferencial mensual ponderada por el volumen de nueva produccion de los dos tramos."
Francia,prestamos_empresas,Prima PYME (estrecha) | media del ano,0.5005,pct_anual,2026,"BCE, MIR (ECB Data Portal)",https://data.ecb.europa.eu/data/datasets/MIR,2026-09-21,"hasta 0,25 M frente a mas de 1 M (extremos)",Total initial rate fixation,tamano_prestamo,nivel,media_ponderada_volumen,"DIFERENCIAL de dos niveles de tipo, no un saldo neto de encuesta. Prima de tamano de OPERACION, no de empresa. Definicion estrecha. Media del diferencial mensual ponderada por el volumen de nueva produccion de los dos tramos."
Francia,prestamos_empresas,Prima PYME (estrecha) | ultimos 12 meses,0.5126,pct_anual,2025-08 a 2026-07,"BCE, MIR (ECB Data Portal)",https://data.ecb.europa.eu/data/datasets/MIR,2026-09-21,"hasta 0,25 M frente a mas de 1 M (extremos)",Total initial rate fixation,tamano_prestamo,nivel,media_ponderada_volumen,"DIFERENCIAL de dos niveles de tipo, no un saldo neto de encuesta. Prima de tamano de OPERACION, no de empresa. Definicion estrecha. 15 de los 55 meses de la serie tienen prima NEGATIVA (el prestamo pequeno sale mas barato que el grande)."
Italia,prestamos_empresas,Prima PYME (estrecha) | mensual,1.3500,pct_anual,2022-01,"BCE, MIR (ECB Data Portal)",https://data.ecb.europa.eu/data/datasets/MIR,2026-09-21,"hasta 0,25 M frente a mas de 1 M (extremos)",Total initial rate fixation,tamano_prestamo,nivel,dato_unico,"DIFERENCIAL de dos niveles de tipo, no un saldo neto de encuesta. Prima de tamano de OPERACION, no de empresa. Definicion estrecha."
Italia,prestamos_empresas,Prima PYME (estrecha) | mensual,1.3800,pct_anual,2022-02,"BCE, MIR (ECB Data Portal)",https://data.ecb.europa.eu/data/datasets/MIR,2026-09-21,"hasta 0,25 M frente a mas de 1 M (extremos)",Total initial rate fixation,tamano_prestamo,nivel,dato_unico,"DIFERENCIAL de dos niveles de tipo, no un saldo neto de encuesta. Prima de tamano de OPERACION, no de empresa. Definicion estrecha."
Italia,prestamos_empresas,Prima PYME (estrecha) | mensual,1.2800,pct_anual,2022-03,"BCE, MIR (ECB Data Portal)",https://data.ecb.europa.eu/data/datasets/MIR,2026-09-21,"hasta 0,25 M frente a mas de 1 M (extremos)",Total initial rate fixation,tamano_prestamo,nivel,dato_unico,"DIFERENCIAL de dos niveles de tipo, no un saldo neto de encuesta. Prima de tamano de OPERACION, no de empresa. Definicion estrecha."
Italia,prestamos_empresas,Prima PYME (estrecha) | mensual,1.2900,pct_anual,2022-04,"BCE, MIR (ECB Data Portal)",https://data.ecb.europa.eu/data/datasets/MIR,2026-09-21,"hasta 0,25 M frente a mas de 1 M (extremos)",Total initial rate fixation,tamano_prestamo,nivel,dato_unico,"DIFERENCIAL de dos niveles de tipo, no un saldo neto de encuesta. Prima de tamano de OPERACION, no de empresa. Definicion estrecha."
Italia,prestamos_empresas,Prima PYME (estrecha) | mensual,1.3800,pct_anual,2022-05,"BCE, MIR (ECB Data Portal)",https://data.ecb.europa.eu/data/datasets/MIR,2026-09-21,"hasta 0,25 M frente a mas de 1 M (extremos)",Total initial rate fixation,tamano_prestamo,nivel,dato_unico,"DIFERENCIAL de dos niveles de tipo, no un saldo neto de encuesta. Prima de tamano de OPERACION, no de empresa. Definicion estrecha."
Italia,prestamos_empresas,Prima PYME (estrecha) | mensual,1.1700,pct_anual,2022-06,"BCE, MIR (ECB Data Portal)",https://data.ecb.europa.eu/data/datasets/MIR,2026-09-21,"hasta 0,25 M frente a mas de 1 M (extremos)",Total initial rate fixation,tamano_prestamo,nivel,dato_unico,"DIFERENCIAL de dos niveles de tipo, no un saldo neto de encuesta. Prima de tamano de OPERACION, no de empresa. Definicion estrecha."
Italia,prestamos_empresas,Prima PYME (estrecha) | mensual,1.3000,pct_anual,2022-07,"BCE, MIR (ECB Data Portal)",https://data.ecb.europa.eu/data/datasets/MIR,2026-09-21,"hasta 0,25 M frente a mas de 1 M (extremos)",Total initial rate fixation,tamano_prestamo,nivel,dato_unico,"DIFERENCIAL de dos niveles de tipo, no un saldo neto de encuesta. Prima de tamano de OPERACION, no de empresa. Definicion estrecha."
Italia,prestamos_empresas,Prima PYME (estrecha) | mensual,1.4000,pct_anual,2022-08,"BCE, MIR (ECB Data Portal)",https://data.ecb.europa.eu/data/datasets/MIR,2026-09-21,"hasta 0,25 M frente a mas de 1 M (extremos)",Total initial rate fixation,tamano_prestamo,nivel,dato_unico,"DIFERENCIAL de dos niveles de tipo, no un saldo neto de encuesta. Prima de tamano de OPERACION, no de empresa. Definicion estrecha."
Italia,prestamos_empresas,Prima PYME (estrecha) | mensual,1.1900,pct_anual,2022-09,"BCE, MIR (ECB Data Portal)",https://data.ecb.europa.eu/data/datasets/MIR,2026-09-21,"hasta 0,25 M frente a mas de 1 M (extremos)",Total initial rate fixation,tamano_prestamo,nivel,dato_unico,"DIFERENCIAL de dos niveles de tipo, no un saldo neto de encuesta. Prima de tamano de OPERACION, no de empresa. Definicion estrecha."
Italia,prestamos_empresas,Prima PYME (estrecha) | mensual,1.2300,pct_anual,2022-10,"BCE, MIR (ECB Data Portal)",https://data.ecb.europa.eu/data/datasets/MIR,2026-09-21,"hasta 0,25 M frente a mas de 1 M (extremos)",Total initial rate fixation,tamano_prestamo,nivel,dato_unico,"DIFERENCIAL de dos niveles de tipo, no un saldo neto de encuesta. Prima de tamano de OPERACION, no de empresa. Definicion estrecha."
Italia,prestamos_empresas,Prima PYME (estrecha) | mensual,1.0200,pct_anual,2022-11,"BCE, MIR (ECB Data Portal)",https://data.ecb.europa.eu/data/datasets/MIR,2026-09-21,"hasta 0,25 M frente a mas de 1 M (extremos)",Total initial rate fixation,tamano_prestamo,nivel,dato_unico,"DIFERENCIAL de dos niveles de tipo, no un saldo neto de encuesta. Prima de tamano de OPERACION, no de empresa. Definicion estrecha."
Italia,prestamos_empresas,Prima PYME (estrecha) | mensual,0.8400,pct_anual,2022-12,"BCE, MIR (ECB Data Portal)",https://data.ecb.europa.eu/data/datasets/MIR,2026-09-21,"hasta 0,25 M frente a mas de 1 M (extremos)",Total initial rate fixation,tamano_prestamo,nivel,dato_unico,"DIFERENCIAL de dos niveles de tipo, no un saldo neto de encuesta. Prima de tamano de OPERACION, no de empresa. Definicion estrecha."
Italia,prestamos_empresas,Prima PYME (estrecha) | mensual,0.9600,pct_anual,2023-01,"BCE, MIR (ECB Data Portal)",https://data.ecb.europa.eu/data/datasets/MIR,2026-09-21,"hasta 0,25 M frente a mas de 1 M (extremos)",Total initial rate fixation,tamano_prestamo,nivel,dato_unico,"DIFERENCIAL de dos niveles de tipo, no un saldo neto de encuesta. Prima de tamano de OPERACION, no de empresa. Definicion estrecha."
Italia,prestamos_empresas,Prima PYME (estrecha) | mensual,1.5500,pct_anual,2023-02,"BCE, MIR (ECB Data Portal)",https://data.ecb.europa.eu/data/datasets/MIR,2026-09-21,"hasta 0,25 M frente a mas de 1 M (extremos)",Total initial rate fixation,tamano_prestamo,nivel,dato_unico,"DIFERENCIAL de dos niveles de tipo, no un saldo neto de encuesta. Prima de tamano de OPERACION, no de empresa. Definicion estrecha."
Italia,prestamos_empresas,Prima PYME (estrecha) | mensual,0.8900,pct_anual,2023-03,"BCE, MIR (ECB Data Portal)",https://data.ecb.europa.eu/data/datasets/MIR,2026-09-21,"hasta 0,25 M frente a mas de 1 M (extremos)",Total initial rate fixation,tamano_prestamo,nivel,dato_unico,"DIFERENCIAL de dos niveles de tipo, no un saldo neto de encuesta. Prima de tamano de OPERACION, no de empresa. Definicion estrecha."
Italia,prestamos_empresas,Prima PYME (estrecha) | mensual,0.7100,pct_anual,2023-04,"BCE, MIR (ECB Data Portal)",https://data.ecb.europa.eu/data/datasets/MIR,2026-09-21,"hasta 0,25 M frente a mas de 1 M (extremos)",Total initial rate fixation,tamano_prestamo,nivel,dato_unico,"DIFERENCIAL de dos niveles de tipo, no un saldo neto de encuesta. Prima de tamano de OPERACION, no de empresa. Definicion estrecha."
Italia,prestamos_empresas,Prima PYME (estrecha) | mensual,0.7800,pct_anual,2023-05,"BCE, MIR (ECB Data Portal)",https://data.ecb.europa.eu/data/datasets/MIR,2026-09-21,"hasta 0,25 M frente a mas de 1 M (extremos)",Total initial rate fixation,tamano_prestamo,nivel,dato_unico,"DIFERENCIAL de dos niveles de tipo, no un saldo neto de encuesta. Prima de tamano de OPERACION, no de empresa. Definicion estrecha."
Italia,prestamos_empresas,Prima PYME (estrecha) | mensual,0.9100,pct_anual,2023-06,"BCE, MIR (ECB Data Portal)",https://data.ecb.europa.eu/data/datasets/MIR,2026-09-21,"hasta 0,25 M frente a mas de 1 M (extremos)",Total initial rate fixation,tamano_prestamo,nivel,dato_unico,"DIFERENCIAL de dos niveles de tipo, no un saldo neto de encuesta. Prima de tamano de OPERACION, no de empresa. Definicion estrecha."
Italia,prestamos_empresas,Prima PYME (estrecha) | mensual,0.8500,pct_anual,2023-07,"BCE, MIR (ECB Data Portal)",https://data.ecb.europa.eu/data/datasets/MIR,2026-09-21,"hasta 0,25 M frente a mas de 1 M (extremos)",Total initial rate fixation,tamano_prestamo,nivel,dato_unico,"DIFERENCIAL de dos niveles de tipo, no un saldo neto de encuesta. Prima de tamano de OPERACION, no de empresa. Definicion estrecha."
Italia,prestamos_empresas,Prima PYME (estrecha) | mensual,1.3400,pct_anual,2023-08,"BCE, MIR (ECB Data Portal)",https://data.ecb.europa.eu/data/datasets/MIR,2026-09-21,"hasta 0,25 M frente a mas de 1 M (extremos)",Total initial rate fixation,tamano_prestamo,nivel,dato_unico,"DIFERENCIAL de dos niveles de tipo, no un saldo neto de encuesta. Prima de tamano de OPERACION, no de empresa. Definicion estrecha."
Italia,prestamos_empresas,Prima PYME (estrecha) | mensual,0.9300,pct_anual,2023-09,"BCE, MIR (ECB Data Portal)",https://data.ecb.europa.eu/data/datasets/MIR,2026-09-21,"hasta 0,25 M frente a mas de 1 M (extremos)",Total initial rate fixation,tamano_prestamo,nivel,dato_unico,"DIFERENCIAL de dos niveles de tipo, no un saldo neto de encuesta. Prima de tamano de OPERACION, no de empresa. Definicion estrecha."
Italia,prestamos_empresas,Prima PYME (estrecha) | mensual,0.9900,pct_anual,2023-10,"BCE, MIR (ECB Data Portal)",https://data.ecb.europa.eu/data/datasets/MIR,2026-09-21,"hasta 0,25 M frente a mas de 1 M (extremos)",Total initial rate fixation,tamano_prestamo,nivel,dato_unico,"DIFERENCIAL de dos niveles de tipo, no un saldo neto de encuesta. Prima de tamano de OPERACION, no de empresa. Definicion estrecha."
Italia,prestamos_empresas,Prima PYME (estrecha) | mensual,0.9000,pct_anual,2023-11,"BCE, MIR (ECB Data Portal)",https://data.ecb.europa.eu/data/datasets/MIR,2026-09-21,"hasta 0,25 M frente a mas de 1 M (extremos)",Total initial rate fixation,tamano_prestamo,nivel,dato_unico,"DIFERENCIAL de dos niveles de tipo, no un saldo neto de encuesta. Prima de tamano de OPERACION, no de empresa. Definicion estrecha."
Italia,prestamos_empresas,Prima PYME (estrecha) | mensual,0.6100,pct_anual,2023-12,"BCE, MIR (ECB Data Portal)",https://data.ecb.europa.eu/data/datasets/MIR,2026-09-21,"hasta 0,25 M frente a mas de 1 M (extremos)",Total initial rate fixation,tamano_prestamo,nivel,dato_unico,"DIFERENCIAL de dos niveles de tipo, no un saldo neto de encuesta. Prima de tamano de OPERACION, no de empresa. Definicion estrecha."
Italia,prestamos_empresas,Prima PYME (estrecha) | mensual,0.6300,pct_anual,2024-01,"BCE, MIR (ECB Data Portal)",https://data.ecb.europa.eu/data/datasets/MIR,2026-09-21,"hasta 0,25 M frente a mas de 1 M (extremos)",Total initial rate fixation,tamano_prestamo,nivel,dato_unico,"DIFERENCIAL de dos niveles de tipo, no un saldo neto de encuesta. Prima de tamano de OPERACION, no de empresa. Definicion estrecha."
Italia,prestamos_empresas,Prima PYME (estrecha) | mensual,0.9900,pct_anual,2024-02,"BCE, MIR (ECB Data Portal)",https://data.ecb.europa.eu/data/datasets/MIR,2026-09-21,"hasta 0,25 M frente a mas de 1 M (extremos)",Total initial rate fixation,tamano_prestamo,nivel,dato_unico,"DIFERENCIAL de dos niveles de tipo, no un saldo neto de encuesta. Prima de tamano de OPERACION, no de empresa. Definicion estrecha."
Italia,prestamos_empresas,Prima PYME (estrecha) | mensual,0.9800,pct_anual,2024-03,"BCE, MIR (ECB Data Portal)",https://data.ecb.europa.eu/data/datasets/MIR,2026-09-21,"hasta 0,25 M frente a mas de 1 M (extremos)",Total initial rate fixation,tamano_prestamo,nivel,dato_unico,"DIFERENCIAL de dos niveles de tipo, no un saldo neto de encuesta. Prima de tamano de OPERACION, no de empresa. Definicion estrecha."
Italia,prestamos_empresas,Prima PYME (estrecha) | mensual,0.8600,pct_anual,2024-04,"BCE, MIR (ECB Data Portal)",https://data.ecb.europa.eu/data/datasets/MIR,2026-09-21,"hasta 0,25 M frente a mas de 1 M (extremos)",Total initial rate fixation,tamano_prestamo,nivel,dato_unico,"DIFERENCIAL de dos niveles de tipo, no un saldo neto de encuesta. Prima de tamano de OPERACION, no de empresa. Definicion estrecha."
Italia,prestamos_empresas,Prima PYME (estrecha) | mensual,0.7900,pct_anual,2024-05,"BCE, MIR (ECB Data Portal)",https://data.ecb.europa.eu/data/datasets/MIR,2026-09-21,"hasta 0,25 M frente a mas de 1 M (extremos)",Total initial rate fixation,tamano_prestamo,nivel,dato_unico,"DIFERENCIAL de dos niveles de tipo, no un saldo neto de encuesta. Prima de tamano de OPERACION, no de empresa. Definicion estrecha."
Italia,prestamos_empresas,Prima PYME (estrecha) | mensual,0.8500,pct_anual,2024-06,"BCE, MIR (ECB Data Portal)",https://data.ecb.europa.eu/data/datasets/MIR,2026-09-21,"hasta 0,25 M frente a mas de 1 M (extremos)",Total initial rate fixation,tamano_prestamo,nivel,dato_unico,"DIFERENCIAL de dos niveles de tipo, no un saldo neto de encuesta. Prima de tamano de OPERACION, no de empresa. Definicion estrecha."
Italia,prestamos_empresas,Prima PYME (estrecha) | mensual,0.6800,pct_anual,2024-07,"BCE, MIR (ECB Data Portal)",https://data.ecb.europa.eu/data/datasets/MIR,2026-09-21,"hasta 0,25 M frente a mas de 1 M (extremos)",Total initial rate fixation,tamano_prestamo,nivel,dato_unico,"DIFERENCIAL de dos niveles de tipo, no un saldo neto de encuesta. Prima de tamano de OPERACION, no de empresa. Definicion estrecha."
Italia,prestamos_empresas,Prima PYME (estrecha) | mensual,0.7800,pct_anual,2024-08,"BCE, MIR (ECB Data Portal)",https://data.ecb.europa.eu/data/datasets/MIR,2026-09-21,"hasta 0,25 M frente a mas de 1 M (extremos)",Total initial rate fixation,tamano_prestamo,nivel,dato_unico,"DIFERENCIAL de dos niveles de tipo, no un saldo neto de encuesta. Prima de tamano de OPERACION, no de empresa. Definicion estrecha."
Italia,prestamos_empresas,Prima PYME (estrecha) | mensual,0.9400,pct_anual,2024-09,"BCE, MIR (ECB Data Portal)",https://data.ecb.europa.eu/data/datasets/MIR,2026-09-21,"hasta 0,25 M frente a mas de 1 M (extremos)",Total initial rate fixation,tamano_prestamo,nivel,dato_unico,"DIFERENCIAL de dos niveles de tipo, no un saldo neto de encuesta. Prima de tamano de OPERACION, no de empresa. Definicion estrecha."
Italia,prestamos_empresas,Prima PYME (estrecha) | mensual,1.1300,pct_anual,2024-10,"BCE, MIR (ECB Data Portal)",https://data.ecb.europa.eu/data/datasets/MIR,2026-09-21,"hasta 0,25 M frente a mas de 1 M (extremos)",Total initial rate fixation,tamano_prestamo,nivel,dato_unico,"DIFERENCIAL de dos niveles de tipo, no un saldo neto de encuesta. Prima de tamano de OPERACION, no de empresa. Definicion estrecha."
Italia,prestamos_empresas,Prima PYME (estrecha) | mensual,1.2600,pct_anual,2024-11,"BCE, MIR (ECB Data Portal)",https://data.ecb.europa.eu/data/datasets/MIR,2026-09-21,"hasta 0,25 M frente a mas de 1 M (extremos)",Total initial rate fixation,tamano_prestamo,nivel,dato_unico,"DIFERENCIAL de dos niveles de tipo, no un saldo neto de encuesta. Prima de tamano de OPERACION, no de empresa. Definicion estrecha."
Italia,prestamos_empresas,Prima PYME (estrecha) | mensual,1.1400,pct_anual,2024-12,"BCE, MIR (ECB Data Portal)",https://data.ecb.europa.eu/data/datasets/MIR,2026-09-21,"hasta 0,25 M frente a mas de 1 M (extremos)",Total initial rate fixation,tamano_prestamo,nivel,dato_unico,"DIFERENCIAL de dos niveles de tipo, no un saldo neto de encuesta. Prima de tamano de OPERACION, no de empresa. Definicion estrecha."
Italia,prestamos_empresas,Prima PYME (estrecha) | mensual,1.1100,pct_anual,2025-01,"BCE, MIR (ECB Data Portal)",https://data.ecb.europa.eu/data/datasets/MIR,2026-09-21,"hasta 0,25 M frente a mas de 1 M (extremos)",Total initial rate fixation,tamano_prestamo,nivel,dato_unico,"DIFERENCIAL de dos niveles de tipo, no un saldo neto de encuesta. Prima de tamano de OPERACION, no de empresa. Definicion estrecha."
Italia,prestamos_empresas,Prima PYME (estrecha) | mensual,1.2800,pct_anual,2025-02,"BCE, MIR (ECB Data Portal)",https://data.ecb.europa.eu/data/datasets/MIR,2026-09-21,"hasta 0,25 M frente a mas de 1 M (extremos)",Total initial rate fixation,tamano_prestamo,nivel,dato_unico,"DIFERENCIAL de dos niveles de tipo, no un saldo neto de encuesta. Prima de tamano de OPERACION, no de empresa. Definicion estrecha."
Italia,prestamos_empresas,Prima PYME (estrecha) | mensual,1.2400,pct_anual,2025-03,"BCE, MIR (ECB Data Portal)",https://data.ecb.europa.eu/data/datasets/MIR,2026-09-21,"hasta 0,25 M frente a mas de 1 M (extremos)",Total initial rate fixation,tamano_prestamo,nivel,dato_unico,"DIFERENCIAL de dos niveles de tipo, no un saldo neto de encuesta. Prima de tamano de OPERACION, no de empresa. Definicion estrecha."
Italia,prestamos_empresas,Prima PYME (estrecha) | mensual,1.1900,pct_anual,2025-04,"BCE, MIR (ECB Data Portal)",https://data.ecb.europa.eu/data/datasets/MIR,2026-09-21,"hasta 0,25 M frente a mas de 1 M (extremos)",Total initial rate fixation,tamano_prestamo,nivel,dato_unico,"DIFERENCIAL de dos niveles de tipo, no un saldo neto de encuesta. Prima de tamano de OPERACION, no de empresa. Definicion estrecha."
Italia,prestamos_empresas,Prima PYME (estrecha) | mensual,1.2900,pct_anual,2025-05,"BCE, MIR (ECB Data Portal)",https://data.ecb.europa.eu/data/datasets/MIR,2026-09-21,"hasta 0,25 M frente a mas de 1 M (extremos)",Total initial rate fixation,tamano_prestamo,nivel,dato_unico,"DIFERENCIAL de dos niveles de tipo, no un saldo neto de encuesta. Prima de tamano de OPERACION, no de empresa. Definicion estrecha."
Italia,prestamos_empresas,Prima PYME (estrecha) | mensual,1.2800,pct_anual,2025-06,"BCE, MIR (ECB Data Portal)",https://data.ecb.europa.eu/data/datasets/MIR,2026-09-21,"hasta 0,25 M frente a mas de 1 M (extremos)",Total initial rate fixation,tamano_prestamo,nivel,dato_unico,"DIFERENCIAL de dos niveles de tipo, no un saldo neto de encuesta. Prima de tamano de OPERACION, no de empresa. Definicion estrecha."
Italia,prestamos_empresas,Prima PYME (estrecha) | mensual,1.1100,pct_anual,2025-07,"BCE, MIR (ECB Data Portal)",https://data.ecb.europa.eu/data/datasets/MIR,2026-09-21,"hasta 0,25 M frente a mas de 1 M (extremos)",Total initial rate fixation,tamano_prestamo,nivel,dato_unico,"DIFERENCIAL de dos niveles de tipo, no un saldo neto de encuesta. Prima de tamano de OPERACION, no de empresa. Definicion estrecha."
Italia,prestamos_empresas,Prima PYME (estrecha) | mensual,1.1600,pct_anual,2025-08,"BCE, MIR (ECB Data Portal)",https://data.ecb.europa.eu/data/datasets/MIR,2026-09-21,"hasta 0,25 M frente a mas de 1 M (extremos)",Total initial rate fixation,tamano_prestamo,nivel,dato_unico,"DIFERENCIAL de dos niveles de tipo, no un saldo neto de encuesta. Prima de tamano de OPERACION, no de empresa. Definicion estrecha."
Italia,prestamos_empresas,Prima PYME (estrecha) | mensual,1.3800,pct_anual,2025-09,"BCE, MIR (ECB Data Portal)",https://data.ecb.europa.eu/data/datasets/MIR,2026-09-21,"hasta 0,25 M frente a mas de 1 M (extremos)",Total initial rate fixation,tamano_prestamo,nivel,dato_unico,"DIFERENCIAL de dos niveles de tipo, no un saldo neto de encuesta. Prima de tamano de OPERACION, no de empresa. Definicion estrecha."
Italia,prestamos_empresas,Prima PYME (estrecha) | mensual,1.3400,pct_anual,2025-10,"BCE, MIR (ECB Data Portal)",https://data.ecb.europa.eu/data/datasets/MIR,2026-09-21,"hasta 0,25 M frente a mas de 1 M (extremos)",Total initial rate fixation,tamano_prestamo,nivel,dato_unico,"DIFERENCIAL de dos niveles de tipo, no un saldo neto de encuesta. Prima de tamano de OPERACION, no de empresa. Definicion estrecha."
Italia,prestamos_empresas,Prima PYME (estrecha) | mensual,1.3300,pct_anual,2025-11,"BCE, MIR (ECB Data Portal)",https://data.ecb.europa.eu/data/datasets/MIR,2026-09-21,"hasta 0,25 M frente a mas de 1 M (extremos)",Total initial rate fixation,tamano_prestamo,nivel,dato_unico,"DIFERENCIAL de dos niveles de tipo, no un saldo neto de encuesta. Prima de tamano de OPERACION, no de empresa. Definicion estrecha."
Italia,prestamos_empresas,Prima PYME (estrecha) | mensual,1.2600,pct_anual,2025-12,"BCE, MIR (ECB Data Portal)",https://data.ecb.europa.eu/data/datasets/MIR,2026-09-21,"hasta 0,25 M frente a mas de 1 M (extremos)",Total initial rate fixation,tamano_prestamo,nivel,dato_unico,"DIFERENCIAL de dos niveles de tipo, no un saldo neto de encuesta. Prima de tamano de OPERACION, no de empresa. Definicion estrecha."
Italia,prestamos_empresas,Prima PYME (estrecha) | mensual,1.1900,pct_anual,2026-01,"BCE, MIR (ECB Data Portal)",https://data.ecb.europa.eu/data/datasets/MIR,2026-09-21,"hasta 0,25 M frente a mas de 1 M (extremos)",Total initial rate fixation,tamano_prestamo,nivel,dato_unico,"DIFERENCIAL de dos niveles de tipo, no un saldo neto de encuesta. Prima de tamano de OPERACION, no de empresa. Definicion estrecha."
Italia,prestamos_empresas,Prima PYME (estrecha) | mensual,1.6400,pct_anual,2026-02,"BCE, MIR (ECB Data Portal)",https://data.ecb.europa.eu/data/datasets/MIR,2026-09-21,"hasta 0,25 M frente a mas de 1 M (extremos)",Total initial rate fixation,tamano_prestamo,nivel,dato_unico,"DIFERENCIAL de dos niveles de tipo, no un saldo neto de encuesta. Prima de tamano de OPERACION, no de empresa. Definicion estrecha."
Italia,prestamos_empresas,Prima PYME (estrecha) | mensual,1.6300,pct_anual,2026-03,"BCE, MIR (ECB Data Portal)",https://data.ecb.europa.eu/data/datasets/MIR,2026-09-21,"hasta 0,25 M frente a mas de 1 M (extremos)",Total initial rate fixation,tamano_prestamo,nivel,dato_unico,"DIFERENCIAL de dos niveles de tipo, no un saldo neto de encuesta. Prima de tamano de OPERACION, no de empresa. Definicion estrecha."
Italia,prestamos_empresas,Prima PYME (estrecha) | mensual,1.5200,pct_anual,2026-04,"BCE, MIR (ECB Data Portal)",https://data.ecb.europa.eu/data/datasets/MIR,2026-09-21,"hasta 0,25 M frente a mas de 1 M (extremos)",Total initial rate fixation,tamano_prestamo,nivel,dato_unico,"DIFERENCIAL de dos niveles de tipo, no un saldo neto de encuesta. Prima de tamano de OPERACION, no de empresa. Definicion estrecha."
Italia,prestamos_empresas,Prima PYME (estrecha) | mensual,1.4800,pct_anual,2026-05,"BCE, MIR (ECB Data Portal)",https://data.ecb.europa.eu/data/datasets/MIR,2026-09-21,"hasta 0,25 M frente a mas de 1 M (extremos)",Total initial rate fixation,tamano_prestamo,nivel,dato_unico,"DIFERENCIAL de dos niveles de tipo, no un saldo neto de encuesta. Prima de tamano de OPERACION, no de empresa. Definicion estrecha."
Italia,prestamos_empresas,Prima PYME (estrecha) | mensual,1.4500,pct_anual,2026-06,"BCE, MIR (ECB Data Portal)",https://data.ecb.europa.eu/data/datasets/MIR,2026-09-21,"hasta 0,25 M frente a mas de 1 M (extremos)",Total initial rate fixation,tamano_prestamo,nivel,dato_unico,"DIFERENCIAL de dos niveles de tipo, no un saldo neto de encuesta. Prima de tamano de OPERACION, no de empresa. Definicion estrecha."
Italia,prestamos_empresas,Prima PYME (estrecha) | mensual,1.2000,pct_anual,2026-07,"BCE, MIR (ECB Data Portal)",https://data.ecb.europa.eu/data/datasets/MIR,2026-09-21,"hasta 0,25 M frente a mas de 1 M (extremos)",Total initial rate fixation,tamano_prestamo,nivel,dato_unico,"DIFERENCIAL de dos niveles de tipo, no un saldo neto de encuesta. Prima de tamano de OPERACION, no de empresa. Definicion estrecha."
Italia,prestamos_empresas,Prima PYME (estrecha) | media del ano,1.2273,pct_anual,2022,"BCE, MIR (ECB Data Portal)",https://data.ecb.europa.eu/data/datasets/MIR,2026-09-21,"hasta 0,25 M frente a mas de 1 M (extremos)",Total initial rate fixation,tamano_prestamo,nivel,media_ponderada_volumen,"DIFERENCIAL de dos niveles de tipo, no un saldo neto de encuesta. Prima de tamano de OPERACION, no de empresa. Definicion estrecha. Media del diferencial mensual ponderada por el volumen de nueva produccion de los dos tramos."
Italia,prestamos_empresas,Prima PYME (estrecha) | media del ano,0.9381,pct_anual,2023,"BCE, MIR (ECB Data Portal)",https://data.ecb.europa.eu/data/datasets/MIR,2026-09-21,"hasta 0,25 M frente a mas de 1 M (extremos)",Total initial rate fixation,tamano_prestamo,nivel,media_ponderada_volumen,"DIFERENCIAL de dos niveles de tipo, no un saldo neto de encuesta. Prima de tamano de OPERACION, no de empresa. Definicion estrecha. Media del diferencial mensual ponderada por el volumen de nueva produccion de los dos tramos."
Italia,prestamos_empresas,Prima PYME (estrecha) | media del ano,0.9297,pct_anual,2024,"BCE, MIR (ECB Data Portal)",https://data.ecb.europa.eu/data/datasets/MIR,2026-09-21,"hasta 0,25 M frente a mas de 1 M (extremos)",Total initial rate fixation,tamano_prestamo,nivel,media_ponderada_volumen,"DIFERENCIAL de dos niveles de tipo, no un saldo neto de encuesta. Prima de tamano de OPERACION, no de empresa. Definicion estrecha. Media del diferencial mensual ponderada por el volumen de nueva produccion de los dos tramos."
Italia,prestamos_empresas,Prima PYME (estrecha) | media del ano,1.2490,pct_anual,2025,"BCE, MIR (ECB Data Portal)",https://data.ecb.europa.eu/data/datasets/MIR,2026-09-21,"hasta 0,25 M frente a mas de 1 M (extremos)",Total initial rate fixation,tamano_prestamo,nivel,media_ponderada_volumen,"DIFERENCIAL de dos niveles de tipo, no un saldo neto de encuesta. Prima de tamano de OPERACION, no de empresa. Definicion estrecha. Media del diferencial mensual ponderada por el volumen de nueva produccion de los dos tramos."
Italia,prestamos_empresas,Prima PYME (estrecha) | media del ano,1.4395,pct_anual,2026,"BCE, MIR (ECB Data Portal)",https://data.ecb.europa.eu/data/datasets/MIR,2026-09-21,"hasta 0,25 M frente a mas de 1 M (extremos)",Total initial rate fixation,tamano_prestamo,nivel,media_ponderada_volumen,"DIFERENCIAL de dos niveles de tipo, no un saldo neto de encuesta. Prima de tamano de OPERACION, no de empresa. Definicion estrecha. Media del diferencial mensual ponderada por el volumen de nueva produccion de los dos tramos."
Italia,prestamos_empresas,Prima PYME (estrecha) | ultimos 12 meses,1.3868,pct_anual,2025-08 a 2026-07,"BCE, MIR (ECB Data Portal)",https://data.ecb.europa.eu/data/datasets/MIR,2026-09-21,"hasta 0,25 M frente a mas de 1 M (extremos)",Total initial rate fixation,tamano_prestamo,nivel,media_ponderada_volumen,"DIFERENCIAL de dos niveles de tipo, no un saldo neto de encuesta. Prima de tamano de OPERACION, no de empresa. Definicion estrecha. 0 de los 55 meses de la serie tienen prima NEGATIVA (el prestamo pequeno sale mas barato que el grande)."
Portugal,prestamos_empresas,Prima PYME (estrecha) | mensual,1.2000,pct_anual,2022-01,"BCE, MIR (ECB Data Portal)",https://data.ecb.europa.eu/data/datasets/MIR,2026-09-21,"hasta 0,25 M frente a mas de 1 M (extremos)",Total initial rate fixation,tamano_prestamo,nivel,dato_unico,"DIFERENCIAL de dos niveles de tipo, no un saldo neto de encuesta. Prima de tamano de OPERACION, no de empresa. Definicion estrecha."
Portugal,prestamos_empresas,Prima PYME (estrecha) | mensual,0.6900,pct_anual,2022-02,"BCE, MIR (ECB Data Portal)",https://data.ecb.europa.eu/data/datasets/MIR,2026-09-21,"hasta 0,25 M frente a mas de 1 M (extremos)",Total initial rate fixation,tamano_prestamo,nivel,dato_unico,"DIFERENCIAL de dos niveles de tipo, no un saldo neto de encuesta. Prima de tamano de OPERACION, no de empresa. Definicion estrecha."
Portugal,prestamos_empresas,Prima PYME (estrecha) | mensual,1.0500,pct_anual,2022-03,"BCE, MIR (ECB Data Portal)",https://data.ecb.europa.eu/data/datasets/MIR,2026-09-21,"hasta 0,25 M frente a mas de 1 M (extremos)",Total initial rate fixation,tamano_prestamo,nivel,dato_unico,"DIFERENCIAL de dos niveles de tipo, no un saldo neto de encuesta. Prima de tamano de OPERACION, no de empresa. Definicion estrecha."
Portugal,prestamos_empresas,Prima PYME (estrecha) | mensual,0.9400,pct_anual,2022-04,"BCE, MIR (ECB Data Portal)",https://data.ecb.europa.eu/data/datasets/MIR,2026-09-21,"hasta 0,25 M frente a mas de 1 M (extremos)",Total initial rate fixation,tamano_prestamo,nivel,dato_unico,"DIFERENCIAL de dos niveles de tipo, no un saldo neto de encuesta. Prima de tamano de OPERACION, no de empresa. Definicion estrecha."
Portugal,prestamos_empresas,Prima PYME (estrecha) | mensual,0.6400,pct_anual,2022-05,"BCE, MIR (ECB Data Portal)",https://data.ecb.europa.eu/data/datasets/MIR,2026-09-21,"hasta 0,25 M frente a mas de 1 M (extremos)",Total initial rate fixation,tamano_prestamo,nivel,dato_unico,"DIFERENCIAL de dos niveles de tipo, no un saldo neto de encuesta. Prima de tamano de OPERACION, no de empresa. Definicion estrecha."
Portugal,prestamos_empresas,Prima PYME (estrecha) | mensual,0.6300,pct_anual,2022-06,"BCE, MIR (ECB Data Portal)",https://data.ecb.europa.eu/data/datasets/MIR,2026-09-21,"hasta 0,25 M frente a mas de 1 M (extremos)",Total initial rate fixation,tamano_prestamo,nivel,dato_unico,"DIFERENCIAL de dos niveles de tipo, no un saldo neto de encuesta. Prima de tamano de OPERACION, no de empresa. Definicion estrecha."
Portugal,prestamos_empresas,Prima PYME (estrecha) | mensual,0.7900,pct_anual,2022-07,"BCE, MIR (ECB Data Portal)",https://data.ecb.europa.eu/data/datasets/MIR,2026-09-21,"hasta 0,25 M frente a mas de 1 M (extremos)",Total initial rate fixation,tamano_prestamo,nivel,dato_unico,"DIFERENCIAL de dos niveles de tipo, no un saldo neto de encuesta. Prima de tamano de OPERACION, no de empresa. Definicion estrecha."
Portugal,prestamos_empresas,Prima PYME (estrecha) | mensual,0.9900,pct_anual,2022-08,"BCE, MIR (ECB Data Portal)",https://data.ecb.europa.eu/data/datasets/MIR,2026-09-21,"hasta 0,25 M frente a mas de 1 M (extremos)",Total initial rate fixation,tamano_prestamo,nivel,dato_unico,"DIFERENCIAL de dos niveles de tipo, no un saldo neto de encuesta. Prima de tamano de OPERACION, no de empresa. Definicion estrecha."
Portugal,prestamos_empresas,Prima PYME (estrecha) | mensual,0.8500,pct_anual,2022-09,"BCE, MIR (ECB Data Portal)",https://data.ecb.europa.eu/data/datasets/MIR,2026-09-21,"hasta 0,25 M frente a mas de 1 M (extremos)",Total initial rate fixation,tamano_prestamo,nivel,dato_unico,"DIFERENCIAL de dos niveles de tipo, no un saldo neto de encuesta. Prima de tamano de OPERACION, no de empresa. Definicion estrecha."
Portugal,prestamos_empresas,Prima PYME (estrecha) | mensual,1.2100,pct_anual,2022-10,"BCE, MIR (ECB Data Portal)",https://data.ecb.europa.eu/data/datasets/MIR,2026-09-21,"hasta 0,25 M frente a mas de 1 M (extremos)",Total initial rate fixation,tamano_prestamo,nivel,dato_unico,"DIFERENCIAL de dos niveles de tipo, no un saldo neto de encuesta. Prima de tamano de OPERACION, no de empresa. Definicion estrecha."
Portugal,prestamos_empresas,Prima PYME (estrecha) | mensual,0.9300,pct_anual,2022-11,"BCE, MIR (ECB Data Portal)",https://data.ecb.europa.eu/data/datasets/MIR,2026-09-21,"hasta 0,25 M frente a mas de 1 M (extremos)",Total initial rate fixation,tamano_prestamo,nivel,dato_unico,"DIFERENCIAL de dos niveles de tipo, no un saldo neto de encuesta. Prima de tamano de OPERACION, no de empresa. Definicion estrecha."
Portugal,prestamos_empresas,Prima PYME (estrecha) | mensual,0.0900,pct_anual,2022-12,"BCE, MIR (ECB Data Portal)",https://data.ecb.europa.eu/data/datasets/MIR,2026-09-21,"hasta 0,25 M frente a mas de 1 M (extremos)",Total initial rate fixation,tamano_prestamo,nivel,dato_unico,"DIFERENCIAL de dos niveles de tipo, no un saldo neto de encuesta. Prima de tamano de OPERACION, no de empresa. Definicion estrecha."
Portugal,prestamos_empresas,Prima PYME (estrecha) | mensual,0.9000,pct_anual,2023-01,"BCE, MIR (ECB Data Portal)",https://data.ecb.europa.eu/data/datasets/MIR,2026-09-21,"hasta 0,25 M frente a mas de 1 M (extremos)",Total initial rate fixation,tamano_prestamo,nivel,dato_unico,"DIFERENCIAL de dos niveles de tipo, no un saldo neto de encuesta. Prima de tamano de OPERACION, no de empresa. Definicion estrecha."
Portugal,prestamos_empresas,Prima PYME (estrecha) | mensual,0.9900,pct_anual,2023-02,"BCE, MIR (ECB Data Portal)",https://data.ecb.europa.eu/data/datasets/MIR,2026-09-21,"hasta 0,25 M frente a mas de 1 M (extremos)",Total initial rate fixation,tamano_prestamo,nivel,dato_unico,"DIFERENCIAL de dos niveles de tipo, no un saldo neto de encuesta. Prima de tamano de OPERACION, no de empresa. Definicion estrecha."
Portugal,prestamos_empresas,Prima PYME (estrecha) | mensual,0.5000,pct_anual,2023-03,"BCE, MIR (ECB Data Portal)",https://data.ecb.europa.eu/data/datasets/MIR,2026-09-21,"hasta 0,25 M frente a mas de 1 M (extremos)",Total initial rate fixation,tamano_prestamo,nivel,dato_unico,"DIFERENCIAL de dos niveles de tipo, no un saldo neto de encuesta. Prima de tamano de OPERACION, no de empresa. Definicion estrecha."
Portugal,prestamos_empresas,Prima PYME (estrecha) | mensual,0.7800,pct_anual,2023-04,"BCE, MIR (ECB Data Portal)",https://data.ecb.europa.eu/data/datasets/MIR,2026-09-21,"hasta 0,25 M frente a mas de 1 M (extremos)",Total initial rate fixation,tamano_prestamo,nivel,dato_unico,"DIFERENCIAL de dos niveles de tipo, no un saldo neto de encuesta. Prima de tamano de OPERACION, no de empresa. Definicion estrecha."
Portugal,prestamos_empresas,Prima PYME (estrecha) | mensual,0.6400,pct_anual,2023-05,"BCE, MIR (ECB Data Portal)",https://data.ecb.europa.eu/data/datasets/MIR,2026-09-21,"hasta 0,25 M frente a mas de 1 M (extremos)",Total initial rate fixation,tamano_prestamo,nivel,dato_unico,"DIFERENCIAL de dos niveles de tipo, no un saldo neto de encuesta. Prima de tamano de OPERACION, no de empresa. Definicion estrecha."
Portugal,prestamos_empresas,Prima PYME (estrecha) | mensual,0.6300,pct_anual,2023-06,"BCE, MIR (ECB Data Portal)",https://data.ecb.europa.eu/data/datasets/MIR,2026-09-21,"hasta 0,25 M frente a mas de 1 M (extremos)",Total initial rate fixation,tamano_prestamo,nivel,dato_unico,"DIFERENCIAL de dos niveles de tipo, no un saldo neto de encuesta. Prima de tamano de OPERACION, no de empresa. Definicion estrecha."
Portugal,prestamos_empresas,Prima PYME (estrecha) | mensual,0.4100,pct_anual,2023-07,"BCE, MIR (ECB Data Portal)",https://data.ecb.europa.eu/data/datasets/MIR,2026-09-21,"hasta 0,25 M frente a mas de 1 M (extremos)",Total initial rate fixation,tamano_prestamo,nivel,dato_unico,"DIFERENCIAL de dos niveles de tipo, no un saldo neto de encuesta. Prima de tamano de OPERACION, no de empresa. Definicion estrecha."
Portugal,prestamos_empresas,Prima PYME (estrecha) | mensual,0.3700,pct_anual,2023-08,"BCE, MIR (ECB Data Portal)",https://data.ecb.europa.eu/data/datasets/MIR,2026-09-21,"hasta 0,25 M frente a mas de 1 M (extremos)",Total initial rate fixation,tamano_prestamo,nivel,dato_unico,"DIFERENCIAL de dos niveles de tipo, no un saldo neto de encuesta. Prima de tamano de OPERACION, no de empresa. Definicion estrecha."
Portugal,prestamos_empresas,Prima PYME (estrecha) | mensual,0.6100,pct_anual,2023-09,"BCE, MIR (ECB Data Portal)",https://data.ecb.europa.eu/data/datasets/MIR,2026-09-21,"hasta 0,25 M frente a mas de 1 M (extremos)",Total initial rate fixation,tamano_prestamo,nivel,dato_unico,"DIFERENCIAL de dos niveles de tipo, no un saldo neto de encuesta. Prima de tamano de OPERACION, no de empresa. Definicion estrecha."
Portugal,prestamos_empresas,Prima PYME (estrecha) | mensual,0.8100,pct_anual,2023-10,"BCE, MIR (ECB Data Portal)",https://data.ecb.europa.eu/data/datasets/MIR,2026-09-21,"hasta 0,25 M frente a mas de 1 M (extremos)",Total initial rate fixation,tamano_prestamo,nivel,dato_unico,"DIFERENCIAL de dos niveles de tipo, no un saldo neto de encuesta. Prima de tamano de OPERACION, no de empresa. Definicion estrecha."
Portugal,prestamos_empresas,Prima PYME (estrecha) | mensual,0.7500,pct_anual,2023-11,"BCE, MIR (ECB Data Portal)",https://data.ecb.europa.eu/data/datasets/MIR,2026-09-21,"hasta 0,25 M frente a mas de 1 M (extremos)",Total initial rate fixation,tamano_prestamo,nivel,dato_unico,"DIFERENCIAL de dos niveles de tipo, no un saldo neto de encuesta. Prima de tamano de OPERACION, no de empresa. Definicion estrecha."
Portugal,prestamos_empresas,Prima PYME (estrecha) | mensual,0.4700,pct_anual,2023-12,"BCE, MIR (ECB Data Portal)",https://data.ecb.europa.eu/data/datasets/MIR,2026-09-21,"hasta 0,25 M frente a mas de 1 M (extremos)",Total initial rate fixation,tamano_prestamo,nivel,dato_unico,"DIFERENCIAL de dos niveles de tipo, no un saldo neto de encuesta. Prima de tamano de OPERACION, no de empresa. Definicion estrecha."
Portugal,prestamos_empresas,Prima PYME (estrecha) | mensual,0.5300,pct_anual,2024-01,"BCE, MIR (ECB Data Portal)",https://data.ecb.europa.eu/data/datasets/MIR,2026-09-21,"hasta 0,25 M frente a mas de 1 M (extremos)",Total initial rate fixation,tamano_prestamo,nivel,dato_unico,"DIFERENCIAL de dos niveles de tipo, no un saldo neto de encuesta. Prima de tamano de OPERACION, no de empresa. Definicion estrecha."
Portugal,prestamos_empresas,Prima PYME (estrecha) | mensual,0.7000,pct_anual,2024-02,"BCE, MIR (ECB Data Portal)",https://data.ecb.europa.eu/data/datasets/MIR,2026-09-21,"hasta 0,25 M frente a mas de 1 M (extremos)",Total initial rate fixation,tamano_prestamo,nivel,dato_unico,"DIFERENCIAL de dos niveles de tipo, no un saldo neto de encuesta. Prima de tamano de OPERACION, no de empresa. Definicion estrecha."
Portugal,prestamos_empresas,Prima PYME (estrecha) | mensual,0.6600,pct_anual,2024-03,"BCE, MIR (ECB Data Portal)",https://data.ecb.europa.eu/data/datasets/MIR,2026-09-21,"hasta 0,25 M frente a mas de 1 M (extremos)",Total initial rate fixation,tamano_prestamo,nivel,dato_unico,"DIFERENCIAL de dos niveles de tipo, no un saldo neto de encuesta. Prima de tamano de OPERACION, no de empresa. Definicion estrecha."
Portugal,prestamos_empresas,Prima PYME (estrecha) | mensual,0.5900,pct_anual,2024-04,"BCE, MIR (ECB Data Portal)",https://data.ecb.europa.eu/data/datasets/MIR,2026-09-21,"hasta 0,25 M frente a mas de 1 M (extremos)",Total initial rate fixation,tamano_prestamo,nivel,dato_unico,"DIFERENCIAL de dos niveles de tipo, no un saldo neto de encuesta. Prima de tamano de OPERACION, no de empresa. Definicion estrecha."
Portugal,prestamos_empresas,Prima PYME (estrecha) | mensual,0.4300,pct_anual,2024-05,"BCE, MIR (ECB Data Portal)",https://data.ecb.europa.eu/data/datasets/MIR,2026-09-21,"hasta 0,25 M frente a mas de 1 M (extremos)",Total initial rate fixation,tamano_prestamo,nivel,dato_unico,"DIFERENCIAL de dos niveles de tipo, no un saldo neto de encuesta. Prima de tamano de OPERACION, no de empresa. Definicion estrecha."
Portugal,prestamos_empresas,Prima PYME (estrecha) | mensual,0.7100,pct_anual,2024-06,"BCE, MIR (ECB Data Portal)",https://data.ecb.europa.eu/data/datasets/MIR,2026-09-21,"hasta 0,25 M frente a mas de 1 M (extremos)",Total initial rate fixation,tamano_prestamo,nivel,dato_unico,"DIFERENCIAL de dos niveles de tipo, no un saldo neto de encuesta. Prima de tamano de OPERACION, no de empresa. Definicion estrecha."
Portugal,prestamos_empresas,Prima PYME (estrecha) | mensual,0.4200,pct_anual,2024-07,"BCE, MIR (ECB Data Portal)",https://data.ecb.europa.eu/data/datasets/MIR,2026-09-21,"hasta 0,25 M frente a mas de 1 M (extremos)",Total initial rate fixation,tamano_prestamo,nivel,dato_unico,"DIFERENCIAL de dos niveles de tipo, no un saldo neto de encuesta. Prima de tamano de OPERACION, no de empresa. Definicion estrecha."
Portugal,prestamos_empresas,Prima PYME (estrecha) | mensual,0.6400,pct_anual,2024-08,"BCE, MIR (ECB Data Portal)",https://data.ecb.europa.eu/data/datasets/MIR,2026-09-21,"hasta 0,25 M frente a mas de 1 M (extremos)",Total initial rate fixation,tamano_prestamo,nivel,dato_unico,"DIFERENCIAL de dos niveles de tipo, no un saldo neto de encuesta. Prima de tamano de OPERACION, no de empresa. Definicion estrecha."
Portugal,prestamos_empresas,Prima PYME (estrecha) | mensual,0.5100,pct_anual,2024-09,"BCE, MIR (ECB Data Portal)",https://data.ecb.europa.eu/data/datasets/MIR,2026-09-21,"hasta 0,25 M frente a mas de 1 M (extremos)",Total initial rate fixation,tamano_prestamo,nivel,dato_unico,"DIFERENCIAL de dos niveles de tipo, no un saldo neto de encuesta. Prima de tamano de OPERACION, no de empresa. Definicion estrecha."
Portugal,prestamos_empresas,Prima PYME (estrecha) | mensual,0.8700,pct_anual,2024-10,"BCE, MIR (ECB Data Portal)",https://data.ecb.europa.eu/data/datasets/MIR,2026-09-21,"hasta 0,25 M frente a mas de 1 M (extremos)",Total initial rate fixation,tamano_prestamo,nivel,dato_unico,"DIFERENCIAL de dos niveles de tipo, no un saldo neto de encuesta. Prima de tamano de OPERACION, no de empresa. Definicion estrecha."
Portugal,prestamos_empresas,Prima PYME (estrecha) | mensual,0.4800,pct_anual,2024-11,"BCE, MIR (ECB Data Portal)",https://data.ecb.europa.eu/data/datasets/MIR,2026-09-21,"hasta 0,25 M frente a mas de 1 M (extremos)",Total initial rate fixation,tamano_prestamo,nivel,dato_unico,"DIFERENCIAL de dos niveles de tipo, no un saldo neto de encuesta. Prima de tamano de OPERACION, no de empresa. Definicion estrecha."
Portugal,prestamos_empresas,Prima PYME (estrecha) | mensual,0.4300,pct_anual,2024-12,"BCE, MIR (ECB Data Portal)",https://data.ecb.europa.eu/data/datasets/MIR,2026-09-21,"hasta 0,25 M frente a mas de 1 M (extremos)",Total initial rate fixation,tamano_prestamo,nivel,dato_unico,"DIFERENCIAL de dos niveles de tipo, no un saldo neto de encuesta. Prima de tamano de OPERACION, no de empresa. Definicion estrecha."
Portugal,prestamos_empresas,Prima PYME (estrecha) | mensual,0.4600,pct_anual,2025-01,"BCE, MIR (ECB Data Portal)",https://data.ecb.europa.eu/data/datasets/MIR,2026-09-21,"hasta 0,25 M frente a mas de 1 M (extremos)",Total initial rate fixation,tamano_prestamo,nivel,dato_unico,"DIFERENCIAL de dos niveles de tipo, no un saldo neto de encuesta. Prima de tamano de OPERACION, no de empresa. Definicion estrecha."
Portugal,prestamos_empresas,Prima PYME (estrecha) | mensual,0.4400,pct_anual,2025-02,"BCE, MIR (ECB Data Portal)",https://data.ecb.europa.eu/data/datasets/MIR,2026-09-21,"hasta 0,25 M frente a mas de 1 M (extremos)",Total initial rate fixation,tamano_prestamo,nivel,dato_unico,"DIFERENCIAL de dos niveles de tipo, no un saldo neto de encuesta. Prima de tamano de OPERACION, no de empresa. Definicion estrecha."
Portugal,prestamos_empresas,Prima PYME (estrecha) | mensual,0.7000,pct_anual,2025-03,"BCE, MIR (ECB Data Portal)",https://data.ecb.europa.eu/data/datasets/MIR,2026-09-21,"hasta 0,25 M frente a mas de 1 M (extremos)",Total initial rate fixation,tamano_prestamo,nivel,dato_unico,"DIFERENCIAL de dos niveles de tipo, no un saldo neto de encuesta. Prima de tamano de OPERACION, no de empresa. Definicion estrecha."
Portugal,prestamos_empresas,Prima PYME (estrecha) | mensual,0.8300,pct_anual,2025-04,"BCE, MIR (ECB Data Portal)",https://data.ecb.europa.eu/data/datasets/MIR,2026-09-21,"hasta 0,25 M frente a mas de 1 M (extremos)",Total initial rate fixation,tamano_prestamo,nivel,dato_unico,"DIFERENCIAL de dos niveles de tipo, no un saldo neto de encuesta. Prima de tamano de OPERACION, no de empresa. Definicion estrecha."
Portugal,prestamos_empresas,Prima PYME (estrecha) | mensual,0.7700,pct_anual,2025-05,"BCE, MIR (ECB Data Portal)",https://data.ecb.europa.eu/data/datasets/MIR,2026-09-21,"hasta 0,25 M frente a mas de 1 M (extremos)",Total initial rate fixation,tamano_prestamo,nivel,dato_unico,"DIFERENCIAL de dos niveles de tipo, no un saldo neto de encuesta. Prima de tamano de OPERACION, no de empresa. Definicion estrecha."
Portugal,prestamos_empresas,Prima PYME (estrecha) | mensual,0.6600,pct_anual,2025-06,"BCE, MIR (ECB Data Portal)",https://data.ecb.europa.eu/data/datasets/MIR,2026-09-21,"hasta 0,25 M frente a mas de 1 M (extremos)",Total initial rate fixation,tamano_prestamo,nivel,dato_unico,"DIFERENCIAL de dos niveles de tipo, no un saldo neto de encuesta. Prima de tamano de OPERACION, no de empresa. Definicion estrecha."
Portugal,prestamos_empresas,Prima PYME (estrecha) | mensual,0.8100,pct_anual,2025-07,"BCE, MIR (ECB Data Portal)",https://data.ecb.europa.eu/data/datasets/MIR,2026-09-21,"hasta 0,25 M frente a mas de 1 M (extremos)",Total initial rate fixation,tamano_prestamo,nivel,dato_unico,"DIFERENCIAL de dos niveles de tipo, no un saldo neto de encuesta. Prima de tamano de OPERACION, no de empresa. Definicion estrecha."
Portugal,prestamos_empresas,Prima PYME (estrecha) | mensual,1.0900,pct_anual,2025-08,"BCE, MIR (ECB Data Portal)",https://data.ecb.europa.eu/data/datasets/MIR,2026-09-21,"hasta 0,25 M frente a mas de 1 M (extremos)",Total initial rate fixation,tamano_prestamo,nivel,dato_unico,"DIFERENCIAL de dos niveles de tipo, no un saldo neto de encuesta. Prima de tamano de OPERACION, no de empresa. Definicion estrecha."
Portugal,prestamos_empresas,Prima PYME (estrecha) | mensual,0.7400,pct_anual,2025-09,"BCE, MIR (ECB Data Portal)",https://data.ecb.europa.eu/data/datasets/MIR,2026-09-21,"hasta 0,25 M frente a mas de 1 M (extremos)",Total initial rate fixation,tamano_prestamo,nivel,dato_unico,"DIFERENCIAL de dos niveles de tipo, no un saldo neto de encuesta. Prima de tamano de OPERACION, no de empresa. Definicion estrecha."
Portugal,prestamos_empresas,Prima PYME (estrecha) | mensual,0.4900,pct_anual,2025-10,"BCE, MIR (ECB Data Portal)",https://data.ecb.europa.eu/data/datasets/MIR,2026-09-21,"hasta 0,25 M frente a mas de 1 M (extremos)",Total initial rate fixation,tamano_prestamo,nivel,dato_unico,"DIFERENCIAL de dos niveles de tipo, no un saldo neto de encuesta. Prima de tamano de OPERACION, no de empresa. Definicion estrecha."
Portugal,prestamos_empresas,Prima PYME (estrecha) | mensual,0.4200,pct_anual,2025-11,"BCE, MIR (ECB Data Portal)",https://data.ecb.europa.eu/data/datasets/MIR,2026-09-21,"hasta 0,25 M frente a mas de 1 M (extremos)",Total initial rate fixation,tamano_prestamo,nivel,dato_unico,"DIFERENCIAL de dos niveles de tipo, no un saldo neto de encuesta. Prima de tamano de OPERACION, no de empresa. Definicion estrecha."
Portugal,prestamos_empresas,Prima PYME (estrecha) | mensual,0.5800,pct_anual,2025-12,"BCE, MIR (ECB Data Portal)",https://data.ecb.europa.eu/data/datasets/MIR,2026-09-21,"hasta 0,25 M frente a mas de 1 M (extremos)",Total initial rate fixation,tamano_prestamo,nivel,dato_unico,"DIFERENCIAL de dos niveles de tipo, no un saldo neto de encuesta. Prima de tamano de OPERACION, no de empresa. Definicion estrecha."
Portugal,prestamos_empresas,Prima PYME (estrecha) | mensual,0.6800,pct_anual,2026-01,"BCE, MIR (ECB Data Portal)",https://data.ecb.europa.eu/data/datasets/MIR,2026-09-21,"hasta 0,25 M frente a mas de 1 M (extremos)",Total initial rate fixation,tamano_prestamo,nivel,dato_unico,"DIFERENCIAL de dos niveles de tipo, no un saldo neto de encuesta. Prima de tamano de OPERACION, no de empresa. Definicion estrecha."
Portugal,prestamos_empresas,Prima PYME (estrecha) | mensual,0.7900,pct_anual,2026-02,"BCE, MIR (ECB Data Portal)",https://data.ecb.europa.eu/data/datasets/MIR,2026-09-21,"hasta 0,25 M frente a mas de 1 M (extremos)",Total initial rate fixation,tamano_prestamo,nivel,dato_unico,"DIFERENCIAL de dos niveles de tipo, no un saldo neto de encuesta. Prima de tamano de OPERACION, no de empresa. Definicion estrecha."
Portugal,prestamos_empresas,Prima PYME (estrecha) | mensual,0.5900,pct_anual,2026-03,"BCE, MIR (ECB Data Portal)",https://data.ecb.europa.eu/data/datasets/MIR,2026-09-21,"hasta 0,25 M frente a mas de 1 M (extremos)",Total initial rate fixation,tamano_prestamo,nivel,dato_unico,"DIFERENCIAL de dos niveles de tipo, no un saldo neto de encuesta. Prima de tamano de OPERACION, no de empresa. Definicion estrecha."
Portugal,prestamos_empresas,Prima PYME (estrecha) | mensual,0.7700,pct_anual,2026-04,"BCE, MIR (ECB Data Portal)",https://data.ecb.europa.eu/data/datasets/MIR,2026-09-21,"hasta 0,25 M frente a mas de 1 M (extremos)",Total initial rate fixation,tamano_prestamo,nivel,dato_unico,"DIFERENCIAL de dos niveles de tipo, no un saldo neto de encuesta. Prima de tamano de OPERACION, no de empresa. Definicion estrecha."
Portugal,prestamos_empresas,Prima PYME (estrecha) | mensual,0.6700,pct_anual,2026-05,"BCE, MIR (ECB Data Portal)",https://data.ecb.europa.eu/data/datasets/MIR,2026-09-21,"hasta 0,25 M frente a mas de 1 M (extremos)",Total initial rate fixation,tamano_prestamo,nivel,dato_unico,"DIFERENCIAL de dos niveles de tipo, no un saldo neto de encuesta. Prima de tamano de OPERACION, no de empresa. Definicion estrecha."
Portugal,prestamos_empresas,Prima PYME (estrecha) | mensual,0.5100,pct_anual,2026-06,"BCE, MIR (ECB Data Portal)",https://data.ecb.europa.eu/data/datasets/MIR,2026-09-21,"hasta 0,25 M frente a mas de 1 M (extremos)",Total initial rate fixation,tamano_prestamo,nivel,dato_unico,"DIFERENCIAL de dos niveles de tipo, no un saldo neto de encuesta. Prima de tamano de OPERACION, no de empresa. Definicion estrecha."
Portugal,prestamos_empresas,Prima PYME (estrecha) | mensual,0.7400,pct_anual,2026-07,"BCE, MIR (ECB Data Portal)",https://data.ecb.europa.eu/data/datasets/MIR,2026-09-21,"hasta 0,25 M frente a mas de 1 M (extremos)",Total initial rate fixation,tamano_prestamo,nivel,dato_unico,"DIFERENCIAL de dos niveles de tipo, no un saldo neto de encuesta. Prima de tamano de OPERACION, no de empresa. Definicion estrecha."
Portugal,prestamos_empresas,Prima PYME (estrecha) | media del ano,0.7566,pct_anual,2022,"BCE, MIR (ECB Data Portal)",https://data.ecb.europa.eu/data/datasets/MIR,2026-09-21,"hasta 0,25 M frente a mas de 1 M (extremos)",Total initial rate fixation,tamano_prestamo,nivel,media_ponderada_volumen,"DIFERENCIAL de dos niveles de tipo, no un saldo neto de encuesta. Prima de tamano de OPERACION, no de empresa. Definicion estrecha. Media del diferencial mensual ponderada por el volumen de nueva produccion de los dos tramos."
Portugal,prestamos_empresas,Prima PYME (estrecha) | media del ano,0.6228,pct_anual,2023,"BCE, MIR (ECB Data Portal)",https://data.ecb.europa.eu/data/datasets/MIR,2026-09-21,"hasta 0,25 M frente a mas de 1 M (extremos)",Total initial rate fixation,tamano_prestamo,nivel,media_ponderada_volumen,"DIFERENCIAL de dos niveles de tipo, no un saldo neto de encuesta. Prima de tamano de OPERACION, no de empresa. Definicion estrecha. Media del diferencial mensual ponderada por el volumen de nueva produccion de los dos tramos."
Portugal,prestamos_empresas,Prima PYME (estrecha) | media del ano,0.5714,pct_anual,2024,"BCE, MIR (ECB Data Portal)",https://data.ecb.europa.eu/data/datasets/MIR,2026-09-21,"hasta 0,25 M frente a mas de 1 M (extremos)",Total initial rate fixation,tamano_prestamo,nivel,media_ponderada_volumen,"DIFERENCIAL de dos niveles de tipo, no un saldo neto de encuesta. Prima de tamano de OPERACION, no de empresa. Definicion estrecha. Media del diferencial mensual ponderada por el volumen de nueva produccion de los dos tramos."
Portugal,prestamos_empresas,Prima PYME (estrecha) | media del ano,0.6612,pct_anual,2025,"BCE, MIR (ECB Data Portal)",https://data.ecb.europa.eu/data/datasets/MIR,2026-09-21,"hasta 0,25 M frente a mas de 1 M (extremos)",Total initial rate fixation,tamano_prestamo,nivel,media_ponderada_volumen,"DIFERENCIAL de dos niveles de tipo, no un saldo neto de encuesta. Prima de tamano de OPERACION, no de empresa. Definicion estrecha. Media del diferencial mensual ponderada por el volumen de nueva produccion de los dos tramos."
Portugal,prestamos_empresas,Prima PYME (estrecha) | media del ano,0.6719,pct_anual,2026,"BCE, MIR (ECB Data Portal)",https://data.ecb.europa.eu/data/datasets/MIR,2026-09-21,"hasta 0,25 M frente a mas de 1 M (extremos)",Total initial rate fixation,tamano_prestamo,nivel,media_ponderada_volumen,"DIFERENCIAL de dos niveles de tipo, no un saldo neto de encuesta. Prima de tamano de OPERACION, no de empresa. Definicion estrecha. Media del diferencial mensual ponderada por el volumen de nueva produccion de los dos tramos."
Portugal,prestamos_empresas,Prima PYME (estrecha) | ultimos 12 meses,0.6595,pct_anual,2025-08 a 2026-07,"BCE, MIR (ECB Data Portal)",https://data.ecb.europa.eu/data/datasets/MIR,2026-09-21,"hasta 0,25 M frente a mas de 1 M (extremos)",Total initial rate fixation,tamano_prestamo,nivel,media_ponderada_volumen,"DIFERENCIAL de dos niveles de tipo, no un saldo neto de encuesta. Prima de tamano de OPERACION, no de empresa. Definicion estrecha. 0 de los 55 meses de la serie tienen prima NEGATIVA (el prestamo pequeno sale mas barato que el grande)."
Paises Bajos,prestamos_empresas,Prima PYME (estrecha) | mensual,1.4100,pct_anual,2022-01,"BCE, MIR (ECB Data Portal)",https://data.ecb.europa.eu/data/datasets/MIR,2026-09-21,"hasta 0,25 M frente a mas de 1 M (extremos)",Total initial rate fixation,tamano_prestamo,nivel,dato_unico,"DIFERENCIAL de dos niveles de tipo, no un saldo neto de encuesta. Prima de tamano de OPERACION, no de empresa. Definicion estrecha."
Paises Bajos,prestamos_empresas,Prima PYME (estrecha) | mensual,1.4700,pct_anual,2022-02,"BCE, MIR (ECB Data Portal)",https://data.ecb.europa.eu/data/datasets/MIR,2026-09-21,"hasta 0,25 M frente a mas de 1 M (extremos)",Total initial rate fixation,tamano_prestamo,nivel,dato_unico,"DIFERENCIAL de dos niveles de tipo, no un saldo neto de encuesta. Prima de tamano de OPERACION, no de empresa. Definicion estrecha."
Paises Bajos,prestamos_empresas,Prima PYME (estrecha) | mensual,1.2900,pct_anual,2022-03,"BCE, MIR (ECB Data Portal)",https://data.ecb.europa.eu/data/datasets/MIR,2026-09-21,"hasta 0,25 M frente a mas de 1 M (extremos)",Total initial rate fixation,tamano_prestamo,nivel,dato_unico,"DIFERENCIAL de dos niveles de tipo, no un saldo neto de encuesta. Prima de tamano de OPERACION, no de empresa. Definicion estrecha."
Paises Bajos,prestamos_empresas,Prima PYME (estrecha) | mensual,1.6100,pct_anual,2022-04,"BCE, MIR (ECB Data Portal)",https://data.ecb.europa.eu/data/datasets/MIR,2026-09-21,"hasta 0,25 M frente a mas de 1 M (extremos)",Total initial rate fixation,tamano_prestamo,nivel,dato_unico,"DIFERENCIAL de dos niveles de tipo, no un saldo neto de encuesta. Prima de tamano de OPERACION, no de empresa. Definicion estrecha."
Paises Bajos,prestamos_empresas,Prima PYME (estrecha) | mensual,1.7400,pct_anual,2022-05,"BCE, MIR (ECB Data Portal)",https://data.ecb.europa.eu/data/datasets/MIR,2026-09-21,"hasta 0,25 M frente a mas de 1 M (extremos)",Total initial rate fixation,tamano_prestamo,nivel,dato_unico,"DIFERENCIAL de dos niveles de tipo, no un saldo neto de encuesta. Prima de tamano de OPERACION, no de empresa. Definicion estrecha."
Paises Bajos,prestamos_empresas,Prima PYME (estrecha) | mensual,1.7200,pct_anual,2022-06,"BCE, MIR (ECB Data Portal)",https://data.ecb.europa.eu/data/datasets/MIR,2026-09-21,"hasta 0,25 M frente a mas de 1 M (extremos)",Total initial rate fixation,tamano_prestamo,nivel,dato_unico,"DIFERENCIAL de dos niveles de tipo, no un saldo neto de encuesta. Prima de tamano de OPERACION, no de empresa. Definicion estrecha."
Paises Bajos,prestamos_empresas,Prima PYME (estrecha) | mensual,1.8300,pct_anual,2022-07,"BCE, MIR (ECB Data Portal)",https://data.ecb.europa.eu/data/datasets/MIR,2026-09-21,"hasta 0,25 M frente a mas de 1 M (extremos)",Total initial rate fixation,tamano_prestamo,nivel,dato_unico,"DIFERENCIAL de dos niveles de tipo, no un saldo neto de encuesta. Prima de tamano de OPERACION, no de empresa. Definicion estrecha."
Paises Bajos,prestamos_empresas,Prima PYME (estrecha) | mensual,1.7200,pct_anual,2022-08,"BCE, MIR (ECB Data Portal)",https://data.ecb.europa.eu/data/datasets/MIR,2026-09-21,"hasta 0,25 M frente a mas de 1 M (extremos)",Total initial rate fixation,tamano_prestamo,nivel,dato_unico,"DIFERENCIAL de dos niveles de tipo, no un saldo neto de encuesta. Prima de tamano de OPERACION, no de empresa. Definicion estrecha."
Paises Bajos,prestamos_empresas,Prima PYME (estrecha) | mensual,1.6300,pct_anual,2022-09,"BCE, MIR (ECB Data Portal)",https://data.ecb.europa.eu/data/datasets/MIR,2026-09-21,"hasta 0,25 M frente a mas de 1 M (extremos)",Total initial rate fixation,tamano_prestamo,nivel,dato_unico,"DIFERENCIAL de dos niveles de tipo, no un saldo neto de encuesta. Prima de tamano de OPERACION, no de empresa. Definicion estrecha."
Paises Bajos,prestamos_empresas,Prima PYME (estrecha) | mensual,1.7600,pct_anual,2022-10,"BCE, MIR (ECB Data Portal)",https://data.ecb.europa.eu/data/datasets/MIR,2026-09-21,"hasta 0,25 M frente a mas de 1 M (extremos)",Total initial rate fixation,tamano_prestamo,nivel,dato_unico,"DIFERENCIAL de dos niveles de tipo, no un saldo neto de encuesta. Prima de tamano de OPERACION, no de empresa. Definicion estrecha."
Paises Bajos,prestamos_empresas,Prima PYME (estrecha) | mensual,1.5800,pct_anual,2022-11,"BCE, MIR (ECB Data Portal)",https://data.ecb.europa.eu/data/datasets/MIR,2026-09-21,"hasta 0,25 M frente a mas de 1 M (extremos)",Total initial rate fixation,tamano_prestamo,nivel,dato_unico,"DIFERENCIAL de dos niveles de tipo, no un saldo neto de encuesta. Prima de tamano de OPERACION, no de empresa. Definicion estrecha."
Paises Bajos,prestamos_empresas,Prima PYME (estrecha) | mensual,1.5300,pct_anual,2022-12,"BCE, MIR (ECB Data Portal)",https://data.ecb.europa.eu/data/datasets/MIR,2026-09-21,"hasta 0,25 M frente a mas de 1 M (extremos)",Total initial rate fixation,tamano_prestamo,nivel,dato_unico,"DIFERENCIAL de dos niveles de tipo, no un saldo neto de encuesta. Prima de tamano de OPERACION, no de empresa. Definicion estrecha."
Paises Bajos,prestamos_empresas,Prima PYME (estrecha) | mensual,1.8000,pct_anual,2023-01,"BCE, MIR (ECB Data Portal)",https://data.ecb.europa.eu/data/datasets/MIR,2026-09-21,"hasta 0,25 M frente a mas de 1 M (extremos)",Total initial rate fixation,tamano_prestamo,nivel,dato_unico,"DIFERENCIAL de dos niveles de tipo, no un saldo neto de encuesta. Prima de tamano de OPERACION, no de empresa. Definicion estrecha."
Paises Bajos,prestamos_empresas,Prima PYME (estrecha) | mensual,2.2400,pct_anual,2023-02,"BCE, MIR (ECB Data Portal)",https://data.ecb.europa.eu/data/datasets/MIR,2026-09-21,"hasta 0,25 M frente a mas de 1 M (extremos)",Total initial rate fixation,tamano_prestamo,nivel,dato_unico,"DIFERENCIAL de dos niveles de tipo, no un saldo neto de encuesta. Prima de tamano de OPERACION, no de empresa. Definicion estrecha."
Paises Bajos,prestamos_empresas,Prima PYME (estrecha) | mensual,1.7900,pct_anual,2023-03,"BCE, MIR (ECB Data Portal)",https://data.ecb.europa.eu/data/datasets/MIR,2026-09-21,"hasta 0,25 M frente a mas de 1 M (extremos)",Total initial rate fixation,tamano_prestamo,nivel,dato_unico,"DIFERENCIAL de dos niveles de tipo, no un saldo neto de encuesta. Prima de tamano de OPERACION, no de empresa. Definicion estrecha."
Paises Bajos,prestamos_empresas,Prima PYME (estrecha) | mensual,1.9200,pct_anual,2023-04,"BCE, MIR (ECB Data Portal)",https://data.ecb.europa.eu/data/datasets/MIR,2026-09-21,"hasta 0,25 M frente a mas de 1 M (extremos)",Total initial rate fixation,tamano_prestamo,nivel,dato_unico,"DIFERENCIAL de dos niveles de tipo, no un saldo neto de encuesta. Prima de tamano de OPERACION, no de empresa. Definicion estrecha."
Paises Bajos,prestamos_empresas,Prima PYME (estrecha) | mensual,1.9600,pct_anual,2023-05,"BCE, MIR (ECB Data Portal)",https://data.ecb.europa.eu/data/datasets/MIR,2026-09-21,"hasta 0,25 M frente a mas de 1 M (extremos)",Total initial rate fixation,tamano_prestamo,nivel,dato_unico,"DIFERENCIAL de dos niveles de tipo, no un saldo neto de encuesta. Prima de tamano de OPERACION, no de empresa. Definicion estrecha."
Paises Bajos,prestamos_empresas,Prima PYME (estrecha) | mensual,1.4800,pct_anual,2023-06,"BCE, MIR (ECB Data Portal)",https://data.ecb.europa.eu/data/datasets/MIR,2026-09-21,"hasta 0,25 M frente a mas de 1 M (extremos)",Total initial rate fixation,tamano_prestamo,nivel,dato_unico,"DIFERENCIAL de dos niveles de tipo, no un saldo neto de encuesta. Prima de tamano de OPERACION, no de empresa. Definicion estrecha."
Paises Bajos,prestamos_empresas,Prima PYME (estrecha) | mensual,1.4200,pct_anual,2023-07,"BCE, MIR (ECB Data Portal)",https://data.ecb.europa.eu/data/datasets/MIR,2026-09-21,"hasta 0,25 M frente a mas de 1 M (extremos)",Total initial rate fixation,tamano_prestamo,nivel,dato_unico,"DIFERENCIAL de dos niveles de tipo, no un saldo neto de encuesta. Prima de tamano de OPERACION, no de empresa. Definicion estrecha."
Paises Bajos,prestamos_empresas,Prima PYME (estrecha) | mensual,1.2800,pct_anual,2023-08,"BCE, MIR (ECB Data Portal)",https://data.ecb.europa.eu/data/datasets/MIR,2026-09-21,"hasta 0,25 M frente a mas de 1 M (extremos)",Total initial rate fixation,tamano_prestamo,nivel,dato_unico,"DIFERENCIAL de dos niveles de tipo, no un saldo neto de encuesta. Prima de tamano de OPERACION, no de empresa. Definicion estrecha."
Paises Bajos,prestamos_empresas,Prima PYME (estrecha) | mensual,1.2800,pct_anual,2023-09,"BCE, MIR (ECB Data Portal)",https://data.ecb.europa.eu/data/datasets/MIR,2026-09-21,"hasta 0,25 M frente a mas de 1 M (extremos)",Total initial rate fixation,tamano_prestamo,nivel,dato_unico,"DIFERENCIAL de dos niveles de tipo, no un saldo neto de encuesta. Prima de tamano de OPERACION, no de empresa. Definicion estrecha."
Paises Bajos,prestamos_empresas,Prima PYME (estrecha) | mensual,1.1700,pct_anual,2023-10,"BCE, MIR (ECB Data Portal)",https://data.ecb.europa.eu/data/datasets/MIR,2026-09-21,"hasta 0,25 M frente a mas de 1 M (extremos)",Total initial rate fixation,tamano_prestamo,nivel,dato_unico,"DIFERENCIAL de dos niveles de tipo, no un saldo neto de encuesta. Prima de tamano de OPERACION, no de empresa. Definicion estrecha."
Paises Bajos,prestamos_empresas,Prima PYME (estrecha) | mensual,1.3500,pct_anual,2023-11,"BCE, MIR (ECB Data Portal)",https://data.ecb.europa.eu/data/datasets/MIR,2026-09-21,"hasta 0,25 M frente a mas de 1 M (extremos)",Total initial rate fixation,tamano_prestamo,nivel,dato_unico,"DIFERENCIAL de dos niveles de tipo, no un saldo neto de encuesta. Prima de tamano de OPERACION, no de empresa. Definicion estrecha."
Paises Bajos,prestamos_empresas,Prima PYME (estrecha) | mensual,1.1500,pct_anual,2023-12,"BCE, MIR (ECB Data Portal)",https://data.ecb.europa.eu/data/datasets/MIR,2026-09-21,"hasta 0,25 M frente a mas de 1 M (extremos)",Total initial rate fixation,tamano_prestamo,nivel,dato_unico,"DIFERENCIAL de dos niveles de tipo, no un saldo neto de encuesta. Prima de tamano de OPERACION, no de empresa. Definicion estrecha."
Paises Bajos,prestamos_empresas,Prima PYME (estrecha) | mensual,1.6100,pct_anual,2024-01,"BCE, MIR (ECB Data Portal)",https://data.ecb.europa.eu/data/datasets/MIR,2026-09-21,"hasta 0,25 M frente a mas de 1 M (extremos)",Total initial rate fixation,tamano_prestamo,nivel,dato_unico,"DIFERENCIAL de dos niveles de tipo, no un saldo neto de encuesta. Prima de tamano de OPERACION, no de empresa. Definicion estrecha."
Paises Bajos,prestamos_empresas,Prima PYME (estrecha) | mensual,1.1800,pct_anual,2024-02,"BCE, MIR (ECB Data Portal)",https://data.ecb.europa.eu/data/datasets/MIR,2026-09-21,"hasta 0,25 M frente a mas de 1 M (extremos)",Total initial rate fixation,tamano_prestamo,nivel,dato_unico,"DIFERENCIAL de dos niveles de tipo, no un saldo neto de encuesta. Prima de tamano de OPERACION, no de empresa. Definicion estrecha."
Paises Bajos,prestamos_empresas,Prima PYME (estrecha) | mensual,0.8700,pct_anual,2024-03,"BCE, MIR (ECB Data Portal)",https://data.ecb.europa.eu/data/datasets/MIR,2026-09-21,"hasta 0,25 M frente a mas de 1 M (extremos)",Total initial rate fixation,tamano_prestamo,nivel,dato_unico,"DIFERENCIAL de dos niveles de tipo, no un saldo neto de encuesta. Prima de tamano de OPERACION, no de empresa. Definicion estrecha."
Paises Bajos,prestamos_empresas,Prima PYME (estrecha) | mensual,1.2000,pct_anual,2024-04,"BCE, MIR (ECB Data Portal)",https://data.ecb.europa.eu/data/datasets/MIR,2026-09-21,"hasta 0,25 M frente a mas de 1 M (extremos)",Total initial rate fixation,tamano_prestamo,nivel,dato_unico,"DIFERENCIAL de dos niveles de tipo, no un saldo neto de encuesta. Prima de tamano de OPERACION, no de empresa. Definicion estrecha."
Paises Bajos,prestamos_empresas,Prima PYME (estrecha) | mensual,1.2300,pct_anual,2024-05,"BCE, MIR (ECB Data Portal)",https://data.ecb.europa.eu/data/datasets/MIR,2026-09-21,"hasta 0,25 M frente a mas de 1 M (extremos)",Total initial rate fixation,tamano_prestamo,nivel,dato_unico,"DIFERENCIAL de dos niveles de tipo, no un saldo neto de encuesta. Prima de tamano de OPERACION, no de empresa. Definicion estrecha."
Paises Bajos,prestamos_empresas,Prima PYME (estrecha) | mensual,0.8400,pct_anual,2024-06,"BCE, MIR (ECB Data Portal)",https://data.ecb.europa.eu/data/datasets/MIR,2026-09-21,"hasta 0,25 M frente a mas de 1 M (extremos)",Total initial rate fixation,tamano_prestamo,nivel,dato_unico,"DIFERENCIAL de dos niveles de tipo, no un saldo neto de encuesta. Prima de tamano de OPERACION, no de empresa. Definicion estrecha."
Paises Bajos,prestamos_empresas,Prima PYME (estrecha) | mensual,0.7300,pct_anual,2024-07,"BCE, MIR (ECB Data Portal)",https://data.ecb.europa.eu/data/datasets/MIR,2026-09-21,"hasta 0,25 M frente a mas de 1 M (extremos)",Total initial rate fixation,tamano_prestamo,nivel,dato_unico,"DIFERENCIAL de dos niveles de tipo, no un saldo neto de encuesta. Prima de tamano de OPERACION, no de empresa. Definicion estrecha."
Paises Bajos,prestamos_empresas,Prima PYME (estrecha) | mensual,0.7600,pct_anual,2024-08,"BCE, MIR (ECB Data Portal)",https://data.ecb.europa.eu/data/datasets/MIR,2026-09-21,"hasta 0,25 M frente a mas de 1 M (extremos)",Total initial rate fixation,tamano_prestamo,nivel,dato_unico,"DIFERENCIAL de dos niveles de tipo, no un saldo neto de encuesta. Prima de tamano de OPERACION, no de empresa. Definicion estrecha."
Paises Bajos,prestamos_empresas,Prima PYME (estrecha) | mensual,0.6600,pct_anual,2024-09,"BCE, MIR (ECB Data Portal)",https://data.ecb.europa.eu/data/datasets/MIR,2026-09-21,"hasta 0,25 M frente a mas de 1 M (extremos)",Total initial rate fixation,tamano_prestamo,nivel,dato_unico,"DIFERENCIAL de dos niveles de tipo, no un saldo neto de encuesta. Prima de tamano de OPERACION, no de empresa. Definicion estrecha."
Paises Bajos,prestamos_empresas,Prima PYME (estrecha) | mensual,0.6300,pct_anual,2024-10,"BCE, MIR (ECB Data Portal)",https://data.ecb.europa.eu/data/datasets/MIR,2026-09-21,"hasta 0,25 M frente a mas de 1 M (extremos)",Total initial rate fixation,tamano_prestamo,nivel,dato_unico,"DIFERENCIAL de dos niveles de tipo, no un saldo neto de encuesta. Prima de tamano de OPERACION, no de empresa. Definicion estrecha."
Paises Bajos,prestamos_empresas,Prima PYME (estrecha) | mensual,0.3200,pct_anual,2024-11,"BCE, MIR (ECB Data Portal)",https://data.ecb.europa.eu/data/datasets/MIR,2026-09-21,"hasta 0,25 M frente a mas de 1 M (extremos)",Total initial rate fixation,tamano_prestamo,nivel,dato_unico,"DIFERENCIAL de dos niveles de tipo, no un saldo neto de encuesta. Prima de tamano de OPERACION, no de empresa. Definicion estrecha."
Paises Bajos,prestamos_empresas,Prima PYME (estrecha) | mensual,0.5000,pct_anual,2024-12,"BCE, MIR (ECB Data Portal)",https://data.ecb.europa.eu/data/datasets/MIR,2026-09-21,"hasta 0,25 M frente a mas de 1 M (extremos)",Total initial rate fixation,tamano_prestamo,nivel,dato_unico,"DIFERENCIAL de dos niveles de tipo, no un saldo neto de encuesta. Prima de tamano de OPERACION, no de empresa. Definicion estrecha."
Paises Bajos,prestamos_empresas,Prima PYME (estrecha) | mensual,0.9400,pct_anual,2025-01,"BCE, MIR (ECB Data Portal)",https://data.ecb.europa.eu/data/datasets/MIR,2026-09-21,"hasta 0,25 M frente a mas de 1 M (extremos)",Total initial rate fixation,tamano_prestamo,nivel,dato_unico,"DIFERENCIAL de dos niveles de tipo, no un saldo neto de encuesta. Prima de tamano de OPERACION, no de empresa. Definicion estrecha."
Paises Bajos,prestamos_empresas,Prima PYME (estrecha) | mensual,0.8000,pct_anual,2025-02,"BCE, MIR (ECB Data Portal)",https://data.ecb.europa.eu/data/datasets/MIR,2026-09-21,"hasta 0,25 M frente a mas de 1 M (extremos)",Total initial rate fixation,tamano_prestamo,nivel,dato_unico,"DIFERENCIAL de dos niveles de tipo, no un saldo neto de encuesta. Prima de tamano de OPERACION, no de empresa. Definicion estrecha."
Paises Bajos,prestamos_empresas,Prima PYME (estrecha) | mensual,0.7700,pct_anual,2025-03,"BCE, MIR (ECB Data Portal)",https://data.ecb.europa.eu/data/datasets/MIR,2026-09-21,"hasta 0,25 M frente a mas de 1 M (extremos)",Total initial rate fixation,tamano_prestamo,nivel,dato_unico,"DIFERENCIAL de dos niveles de tipo, no un saldo neto de encuesta. Prima de tamano de OPERACION, no de empresa. Definicion estrecha."
Paises Bajos,prestamos_empresas,Prima PYME (estrecha) | mensual,0.9600,pct_anual,2025-04,"BCE, MIR (ECB Data Portal)",https://data.ecb.europa.eu/data/datasets/MIR,2026-09-21,"hasta 0,25 M frente a mas de 1 M (extremos)",Total initial rate fixation,tamano_prestamo,nivel,dato_unico,"DIFERENCIAL de dos niveles de tipo, no un saldo neto de encuesta. Prima de tamano de OPERACION, no de empresa. Definicion estrecha."
Paises Bajos,prestamos_empresas,Prima PYME (estrecha) | mensual,1.1200,pct_anual,2025-05,"BCE, MIR (ECB Data Portal)",https://data.ecb.europa.eu/data/datasets/MIR,2026-09-21,"hasta 0,25 M frente a mas de 1 M (extremos)",Total initial rate fixation,tamano_prestamo,nivel,dato_unico,"DIFERENCIAL de dos niveles de tipo, no un saldo neto de encuesta. Prima de tamano de OPERACION, no de empresa. Definicion estrecha."
Paises Bajos,prestamos_empresas,Prima PYME (estrecha) | mensual,1.1500,pct_anual,2025-06,"BCE, MIR (ECB Data Portal)",https://data.ecb.europa.eu/data/datasets/MIR,2026-09-21,"hasta 0,25 M frente a mas de 1 M (extremos)",Total initial rate fixation,tamano_prestamo,nivel,dato_unico,"DIFERENCIAL de dos niveles de tipo, no un saldo neto de encuesta. Prima de tamano de OPERACION, no de empresa. Definicion estrecha."
Paises Bajos,prestamos_empresas,Prima PYME (estrecha) | mensual,1.0300,pct_anual,2025-07,"BCE, MIR (ECB Data Portal)",https://data.ecb.europa.eu/data/datasets/MIR,2026-09-21,"hasta 0,25 M frente a mas de 1 M (extremos)",Total initial rate fixation,tamano_prestamo,nivel,dato_unico,"DIFERENCIAL de dos niveles de tipo, no un saldo neto de encuesta. Prima de tamano de OPERACION, no de empresa. Definicion estrecha."
Paises Bajos,prestamos_empresas,Prima PYME (estrecha) | mensual,1.0200,pct_anual,2025-08,"BCE, MIR (ECB Data Portal)",https://data.ecb.europa.eu/data/datasets/MIR,2026-09-21,"hasta 0,25 M frente a mas de 1 M (extremos)",Total initial rate fixation,tamano_prestamo,nivel,dato_unico,"DIFERENCIAL de dos niveles de tipo, no un saldo neto de encuesta. Prima de tamano de OPERACION, no de empresa. Definicion estrecha."
Paises Bajos,prestamos_empresas,Prima PYME (estrecha) | mensual,1.0200,pct_anual,2025-09,"BCE, MIR (ECB Data Portal)",https://data.ecb.europa.eu/data/datasets/MIR,2026-09-21,"hasta 0,25 M frente a mas de 1 M (extremos)",Total initial rate fixation,tamano_prestamo,nivel,dato_unico,"DIFERENCIAL de dos niveles de tipo, no un saldo neto de encuesta. Prima de tamano de OPERACION, no de empresa. Definicion estrecha."
Paises Bajos,prestamos_empresas,Prima PYME (estrecha) | mensual,1.1600,pct_anual,2025-10,"BCE, MIR (ECB Data Portal)",https://data.ecb.europa.eu/data/datasets/MIR,2026-09-21,"hasta 0,25 M frente a mas de 1 M (extremos)",Total initial rate fixation,tamano_prestamo,nivel,dato_unico,"DIFERENCIAL de dos niveles de tipo, no un saldo neto de encuesta. Prima de tamano de OPERACION, no de empresa. Definicion estrecha."
Paises Bajos,prestamos_empresas,Prima PYME (estrecha) | mensual,1.1400,pct_anual,2025-11,"BCE, MIR (ECB Data Portal)",https://data.ecb.europa.eu/data/datasets/MIR,2026-09-21,"hasta 0,25 M frente a mas de 1 M (extremos)",Total initial rate fixation,tamano_prestamo,nivel,dato_unico,"DIFERENCIAL de dos niveles de tipo, no un saldo neto de encuesta. Prima de tamano de OPERACION, no de empresa. Definicion estrecha."
Paises Bajos,prestamos_empresas,Prima PYME (estrecha) | mensual,0.9600,pct_anual,2025-12,"BCE, MIR (ECB Data Portal)",https://data.ecb.europa.eu/data/datasets/MIR,2026-09-21,"hasta 0,25 M frente a mas de 1 M (extremos)",Total initial rate fixation,tamano_prestamo,nivel,dato_unico,"DIFERENCIAL de dos niveles de tipo, no un saldo neto de encuesta. Prima de tamano de OPERACION, no de empresa. Definicion estrecha."
Paises Bajos,prestamos_empresas,Prima PYME (estrecha) | mensual,1.0300,pct_anual,2026-01,"BCE, MIR (ECB Data Portal)",https://data.ecb.europa.eu/data/datasets/MIR,2026-09-21,"hasta 0,25 M frente a mas de 1 M (extremos)",Total initial rate fixation,tamano_prestamo,nivel,dato_unico,"DIFERENCIAL de dos niveles de tipo, no un saldo neto de encuesta. Prima de tamano de OPERACION, no de empresa. Definicion estrecha."
Paises Bajos,prestamos_empresas,Prima PYME (estrecha) | mensual,0.7800,pct_anual,2026-02,"BCE, MIR (ECB Data Portal)",https://data.ecb.europa.eu/data/datasets/MIR,2026-09-21,"hasta 0,25 M frente a mas de 1 M (extremos)",Total initial rate fixation,tamano_prestamo,nivel,dato_unico,"DIFERENCIAL de dos niveles de tipo, no un saldo neto de encuesta. Prima de tamano de OPERACION, no de empresa. Definicion estrecha."
Paises Bajos,prestamos_empresas,Prima PYME (estrecha) | mensual,1.0100,pct_anual,2026-03,"BCE, MIR (ECB Data Portal)",https://data.ecb.europa.eu/data/datasets/MIR,2026-09-21,"hasta 0,25 M frente a mas de 1 M (extremos)",Total initial rate fixation,tamano_prestamo,nivel,dato_unico,"DIFERENCIAL de dos niveles de tipo, no un saldo neto de encuesta. Prima de tamano de OPERACION, no de empresa. Definicion estrecha."
Paises Bajos,prestamos_empresas,Prima PYME (estrecha) | mensual,1.1800,pct_anual,2026-04,"BCE, MIR (ECB Data Portal)",https://data.ecb.europa.eu/data/datasets/MIR,2026-09-21,"hasta 0,25 M frente a mas de 1 M (extremos)",Total initial rate fixation,tamano_prestamo,nivel,dato_unico,"DIFERENCIAL de dos niveles de tipo, no un saldo neto de encuesta. Prima de tamano de OPERACION, no de empresa. Definicion estrecha."
Paises Bajos,prestamos_empresas,Prima PYME (estrecha) | mensual,1.2500,pct_anual,2026-05,"BCE, MIR (ECB Data Portal)",https://data.ecb.europa.eu/data/datasets/MIR,2026-09-21,"hasta 0,25 M frente a mas de 1 M (extremos)",Total initial rate fixation,tamano_prestamo,nivel,dato_unico,"DIFERENCIAL de dos niveles de tipo, no un saldo neto de encuesta. Prima de tamano de OPERACION, no de empresa. Definicion estrecha."
Paises Bajos,prestamos_empresas,Prima PYME (estrecha) | mensual,1.2800,pct_anual,2026-06,"BCE, MIR (ECB Data Portal)",https://data.ecb.europa.eu/data/datasets/MIR,2026-09-21,"hasta 0,25 M frente a mas de 1 M (extremos)",Total initial rate fixation,tamano_prestamo,nivel,dato_unico,"DIFERENCIAL de dos niveles de tipo, no un saldo neto de encuesta. Prima de tamano de OPERACION, no de empresa. Definicion estrecha."
Paises Bajos,prestamos_empresas,Prima PYME (estrecha) | mensual,1.7200,pct_anual,2026-07,"BCE, MIR (ECB Data Portal)",https://data.ecb.europa.eu/data/datasets/MIR,2026-09-21,"hasta 0,25 M frente a mas de 1 M (extremos)",Total initial rate fixation,tamano_prestamo,nivel,dato_unico,"DIFERENCIAL de dos niveles de tipo, no un saldo neto de encuesta. Prima de tamano de OPERACION, no de empresa. Definicion estrecha."
Paises Bajos,prestamos_empresas,Prima PYME (estrecha) | media del ano,1.6061,pct_anual,2022,"BCE, MIR (ECB Data Portal)",https://data.ecb.europa.eu/data/datasets/MIR,2026-09-21,"hasta 0,25 M frente a mas de 1 M (extremos)",Total initial rate fixation,tamano_prestamo,nivel,media_ponderada_volumen,"DIFERENCIAL de dos niveles de tipo, no un saldo neto de encuesta. Prima de tamano de OPERACION, no de empresa. Definicion estrecha. Media del diferencial mensual ponderada por el volumen de nueva produccion de los dos tramos."
Paises Bajos,prestamos_empresas,Prima PYME (estrecha) | media del ano,1.5566,pct_anual,2023,"BCE, MIR (ECB Data Portal)",https://data.ecb.europa.eu/data/datasets/MIR,2026-09-21,"hasta 0,25 M frente a mas de 1 M (extremos)",Total initial rate fixation,tamano_prestamo,nivel,media_ponderada_volumen,"DIFERENCIAL de dos niveles de tipo, no un saldo neto de encuesta. Prima de tamano de OPERACION, no de empresa. Definicion estrecha. Media del diferencial mensual ponderada por el volumen de nueva produccion de los dos tramos."
Paises Bajos,prestamos_empresas,Prima PYME (estrecha) | media del ano,0.8686,pct_anual,2024,"BCE, MIR (ECB Data Portal)",https://data.ecb.europa.eu/data/datasets/MIR,2026-09-21,"hasta 0,25 M frente a mas de 1 M (extremos)",Total initial rate fixation,tamano_prestamo,nivel,media_ponderada_volumen,"DIFERENCIAL de dos niveles de tipo, no un saldo neto de encuesta. Prima de tamano de OPERACION, no de empresa. Definicion estrecha. Media del diferencial mensual ponderada por el volumen de nueva produccion de los dos tramos."
Paises Bajos,prestamos_empresas,Prima PYME (estrecha) | media del ano,1.0094,pct_anual,2025,"BCE, MIR (ECB Data Portal)",https://data.ecb.europa.eu/data/datasets/MIR,2026-09-21,"hasta 0,25 M frente a mas de 1 M (extremos)",Total initial rate fixation,tamano_prestamo,nivel,media_ponderada_volumen,"DIFERENCIAL de dos niveles de tipo, no un saldo neto de encuesta. Prima de tamano de OPERACION, no de empresa. Definicion estrecha. Media del diferencial mensual ponderada por el volumen de nueva produccion de los dos tramos."
Paises Bajos,prestamos_empresas,Prima PYME (estrecha) | media del ano,1.2025,pct_anual,2026,"BCE, MIR (ECB Data Portal)",https://data.ecb.europa.eu/data/datasets/MIR,2026-09-21,"hasta 0,25 M frente a mas de 1 M (extremos)",Total initial rate fixation,tamano_prestamo,nivel,media_ponderada_volumen,"DIFERENCIAL de dos niveles de tipo, no un saldo neto de encuesta. Prima de tamano de OPERACION, no de empresa. Definicion estrecha. Media del diferencial mensual ponderada por el volumen de nueva produccion de los dos tramos."
Paises Bajos,prestamos_empresas,Prima PYME (estrecha) | ultimos 12 meses,1.1491,pct_anual,2025-08 a 2026-07,"BCE, MIR (ECB Data Portal)",https://data.ecb.europa.eu/data/datasets/MIR,2026-09-21,"hasta 0,25 M frente a mas de 1 M (extremos)",Total initial rate fixation,tamano_prestamo,nivel,media_ponderada_volumen,"DIFERENCIAL de dos niveles de tipo, no un saldo neto de encuesta. Prima de tamano de OPERACION, no de empresa. Definicion estrecha. 0 de los 55 meses de la serie tienen prima NEGATIVA (el prestamo pequeno sale mas barato que el grande)."
Irlanda,prestamos_empresas,Prima PYME (estrecha) | mensual,2.0700,pct_anual,2022-03,"BCE, MIR (ECB Data Portal)",https://data.ecb.europa.eu/data/datasets/MIR,2026-09-21,"hasta 0,25 M frente a mas de 1 M (extremos)",Total initial rate fixation,tamano_prestamo,nivel,dato_unico,"DIFERENCIAL de dos niveles de tipo, no un saldo neto de encuesta. Prima de tamano de OPERACION, no de empresa. Definicion estrecha."
Irlanda,prestamos_empresas,Prima PYME (estrecha) | mensual,1.2700,pct_anual,2022-04,"BCE, MIR (ECB Data Portal)",https://data.ecb.europa.eu/data/datasets/MIR,2026-09-21,"hasta 0,25 M frente a mas de 1 M (extremos)",Total initial rate fixation,tamano_prestamo,nivel,dato_unico,"DIFERENCIAL de dos niveles de tipo, no un saldo neto de encuesta. Prima de tamano de OPERACION, no de empresa. Definicion estrecha."
Irlanda,prestamos_empresas,Prima PYME (estrecha) | mensual,1.4100,pct_anual,2022-05,"BCE, MIR (ECB Data Portal)",https://data.ecb.europa.eu/data/datasets/MIR,2026-09-21,"hasta 0,25 M frente a mas de 1 M (extremos)",Total initial rate fixation,tamano_prestamo,nivel,dato_unico,"DIFERENCIAL de dos niveles de tipo, no un saldo neto de encuesta. Prima de tamano de OPERACION, no de empresa. Definicion estrecha."
Irlanda,prestamos_empresas,Prima PYME (estrecha) | mensual,1.1200,pct_anual,2022-06,"BCE, MIR (ECB Data Portal)",https://data.ecb.europa.eu/data/datasets/MIR,2026-09-21,"hasta 0,25 M frente a mas de 1 M (extremos)",Total initial rate fixation,tamano_prestamo,nivel,dato_unico,"DIFERENCIAL de dos niveles de tipo, no un saldo neto de encuesta. Prima de tamano de OPERACION, no de empresa. Definicion estrecha."
Irlanda,prestamos_empresas,Prima PYME (estrecha) | mensual,1.9800,pct_anual,2022-08,"BCE, MIR (ECB Data Portal)",https://data.ecb.europa.eu/data/datasets/MIR,2026-09-21,"hasta 0,25 M frente a mas de 1 M (extremos)",Total initial rate fixation,tamano_prestamo,nivel,dato_unico,"DIFERENCIAL de dos niveles de tipo, no un saldo neto de encuesta. Prima de tamano de OPERACION, no de empresa. Definicion estrecha."
Irlanda,prestamos_empresas,Prima PYME (estrecha) | mensual,1.9600,pct_anual,2022-10,"BCE, MIR (ECB Data Portal)",https://data.ecb.europa.eu/data/datasets/MIR,2026-09-21,"hasta 0,25 M frente a mas de 1 M (extremos)",Total initial rate fixation,tamano_prestamo,nivel,dato_unico,"DIFERENCIAL de dos niveles de tipo, no un saldo neto de encuesta. Prima de tamano de OPERACION, no de empresa. Definicion estrecha."
Irlanda,prestamos_empresas,Prima PYME (estrecha) | mensual,1.6900,pct_anual,2023-01,"BCE, MIR (ECB Data Portal)",https://data.ecb.europa.eu/data/datasets/MIR,2026-09-21,"hasta 0,25 M frente a mas de 1 M (extremos)",Total initial rate fixation,tamano_prestamo,nivel,dato_unico,"DIFERENCIAL de dos niveles de tipo, no un saldo neto de encuesta. Prima de tamano de OPERACION, no de empresa. Definicion estrecha."
Irlanda,prestamos_empresas,Prima PYME (estrecha) | mensual,0.3300,pct_anual,2023-04,"BCE, MIR (ECB Data Portal)",https://data.ecb.europa.eu/data/datasets/MIR,2026-09-21,"hasta 0,25 M frente a mas de 1 M (extremos)",Total initial rate fixation,tamano_prestamo,nivel,dato_unico,"DIFERENCIAL de dos niveles de tipo, no un saldo neto de encuesta. Prima de tamano de OPERACION, no de empresa. Definicion estrecha."
Irlanda,prestamos_empresas,Prima PYME (estrecha) | mensual,0.0100,pct_anual,2023-05,"BCE, MIR (ECB Data Portal)",https://data.ecb.europa.eu/data/datasets/MIR,2026-09-21,"hasta 0,25 M frente a mas de 1 M (extremos)",Total initial rate fixation,tamano_prestamo,nivel,dato_unico,"DIFERENCIAL de dos niveles de tipo, no un saldo neto de encuesta. Prima de tamano de OPERACION, no de empresa. Definicion estrecha."
Irlanda,prestamos_empresas,Prima PYME (estrecha) | mensual,1.2100,pct_anual,2023-06,"BCE, MIR (ECB Data Portal)",https://data.ecb.europa.eu/data/datasets/MIR,2026-09-21,"hasta 0,25 M frente a mas de 1 M (extremos)",Total initial rate fixation,tamano_prestamo,nivel,dato_unico,"DIFERENCIAL de dos niveles de tipo, no un saldo neto de encuesta. Prima de tamano de OPERACION, no de empresa. Definicion estrecha."
Irlanda,prestamos_empresas,Prima PYME (estrecha) | mensual,0.3600,pct_anual,2023-07,"BCE, MIR (ECB Data Portal)",https://data.ecb.europa.eu/data/datasets/MIR,2026-09-21,"hasta 0,25 M frente a mas de 1 M (extremos)",Total initial rate fixation,tamano_prestamo,nivel,dato_unico,"DIFERENCIAL de dos niveles de tipo, no un saldo neto de encuesta. Prima de tamano de OPERACION, no de empresa. Definicion estrecha."
Irlanda,prestamos_empresas,Prima PYME (estrecha) | mensual,0.3200,pct_anual,2023-08,"BCE, MIR (ECB Data Portal)",https://data.ecb.europa.eu/data/datasets/MIR,2026-09-21,"hasta 0,25 M frente a mas de 1 M (extremos)",Total initial rate fixation,tamano_prestamo,nivel,dato_unico,"DIFERENCIAL de dos niveles de tipo, no un saldo neto de encuesta. Prima de tamano de OPERACION, no de empresa. Definicion estrecha."
Irlanda,prestamos_empresas,Prima PYME (estrecha) | mensual,0.6800,pct_anual,2023-12,"BCE, MIR (ECB Data Portal)",https://data.ecb.europa.eu/data/datasets/MIR,2026-09-21,"hasta 0,25 M frente a mas de 1 M (extremos)",Total initial rate fixation,tamano_prestamo,nivel,dato_unico,"DIFERENCIAL de dos niveles de tipo, no un saldo neto de encuesta. Prima de tamano de OPERACION, no de empresa. Definicion estrecha."
Irlanda,prestamos_empresas,Prima PYME (estrecha) | mensual,-0.1200,pct_anual,2024-02,"BCE, MIR (ECB Data Portal)",https://data.ecb.europa.eu/data/datasets/MIR,2026-09-21,"hasta 0,25 M frente a mas de 1 M (extremos)",Total initial rate fixation,tamano_prestamo,nivel,dato_unico,"DIFERENCIAL de dos niveles de tipo, no un saldo neto de encuesta. Prima de tamano de OPERACION, no de empresa. Definicion estrecha."
Irlanda,prestamos_empresas,Prima PYME (estrecha) | mensual,-0.4500,pct_anual,2024-03,"BCE, MIR (ECB Data Portal)",https://data.ecb.europa.eu/data/datasets/MIR,2026-09-21,"hasta 0,25 M frente a mas de 1 M (extremos)",Total initial rate fixation,tamano_prestamo,nivel,dato_unico,"DIFERENCIAL de dos niveles de tipo, no un saldo neto de encuesta. Prima de tamano de OPERACION, no de empresa. Definicion estrecha."
Irlanda,prestamos_empresas,Prima PYME (estrecha) | mensual,-0.7100,pct_anual,2024-04,"BCE, MIR (ECB Data Portal)",https://data.ecb.europa.eu/data/datasets/MIR,2026-09-21,"hasta 0,25 M frente a mas de 1 M (extremos)",Total initial rate fixation,tamano_prestamo,nivel,dato_unico,"DIFERENCIAL de dos niveles de tipo, no un saldo neto de encuesta. Prima de tamano de OPERACION, no de empresa. Definicion estrecha."
Irlanda,prestamos_empresas,Prima PYME (estrecha) | mensual,0.1800,pct_anual,2024-05,"BCE, MIR (ECB Data Portal)",https://data.ecb.europa.eu/data/datasets/MIR,2026-09-21,"hasta 0,25 M frente a mas de 1 M (extremos)",Total initial rate fixation,tamano_prestamo,nivel,dato_unico,"DIFERENCIAL de dos niveles de tipo, no un saldo neto de encuesta. Prima de tamano de OPERACION, no de empresa. Definicion estrecha."
Irlanda,prestamos_empresas,Prima PYME (estrecha) | mensual,0.5200,pct_anual,2024-06,"BCE, MIR (ECB Data Portal)",https://data.ecb.europa.eu/data/datasets/MIR,2026-09-21,"hasta 0,25 M frente a mas de 1 M (extremos)",Total initial rate fixation,tamano_prestamo,nivel,dato_unico,"DIFERENCIAL de dos niveles de tipo, no un saldo neto de encuesta. Prima de tamano de OPERACION, no de empresa. Definicion estrecha."
Irlanda,prestamos_empresas,Prima PYME (estrecha) | mensual,-0.5000,pct_anual,2024-07,"BCE, MIR (ECB Data Portal)",https://data.ecb.europa.eu/data/datasets/MIR,2026-09-21,"hasta 0,25 M frente a mas de 1 M (extremos)",Total initial rate fixation,tamano_prestamo,nivel,dato_unico,"DIFERENCIAL de dos niveles de tipo, no un saldo neto de encuesta. Prima de tamano de OPERACION, no de empresa. Definicion estrecha."
Irlanda,prestamos_empresas,Prima PYME (estrecha) | mensual,0.1200,pct_anual,2024-08,"BCE, MIR (ECB Data Portal)",https://data.ecb.europa.eu/data/datasets/MIR,2026-09-21,"hasta 0,25 M frente a mas de 1 M (extremos)",Total initial rate fixation,tamano_prestamo,nivel,dato_unico,"DIFERENCIAL de dos niveles de tipo, no un saldo neto de encuesta. Prima de tamano de OPERACION, no de empresa. Definicion estrecha."
Irlanda,prestamos_empresas,Prima PYME (estrecha) | mensual,1.8700,pct_anual,2024-09,"BCE, MIR (ECB Data Portal)",https://data.ecb.europa.eu/data/datasets/MIR,2026-09-21,"hasta 0,25 M frente a mas de 1 M (extremos)",Total initial rate fixation,tamano_prestamo,nivel,dato_unico,"DIFERENCIAL de dos niveles de tipo, no un saldo neto de encuesta. Prima de tamano de OPERACION, no de empresa. Definicion estrecha."
Irlanda,prestamos_empresas,Prima PYME (estrecha) | mensual,0.8600,pct_anual,2024-10,"BCE, MIR (ECB Data Portal)",https://data.ecb.europa.eu/data/datasets/MIR,2026-09-21,"hasta 0,25 M frente a mas de 1 M (extremos)",Total initial rate fixation,tamano_prestamo,nivel,dato_unico,"DIFERENCIAL de dos niveles de tipo, no un saldo neto de encuesta. Prima de tamano de OPERACION, no de empresa. Definicion estrecha."
Irlanda,prestamos_empresas,Prima PYME (estrecha) | mensual,0.6600,pct_anual,2024-11,"BCE, MIR (ECB Data Portal)",https://data.ecb.europa.eu/data/datasets/MIR,2026-09-21,"hasta 0,25 M frente a mas de 1 M (extremos)",Total initial rate fixation,tamano_prestamo,nivel,dato_unico,"DIFERENCIAL de dos niveles de tipo, no un saldo neto de encuesta. Prima de tamano de OPERACION, no de empresa. Definicion estrecha."
Irlanda,prestamos_empresas,Prima PYME (estrecha) | mensual,0.1500,pct_anual,2024-12,"BCE, MIR (ECB Data Portal)",https://data.ecb.europa.eu/data/datasets/MIR,2026-09-21,"hasta 0,25 M frente a mas de 1 M (extremos)",Total initial rate fixation,tamano_prestamo,nivel,dato_unico,"DIFERENCIAL de dos niveles de tipo, no un saldo neto de encuesta. Prima de tamano de OPERACION, no de empresa. Definicion estrecha."
Irlanda,prestamos_empresas,Prima PYME (estrecha) | mensual,0.7000,pct_anual,2025-01,"BCE, MIR (ECB Data Portal)",https://data.ecb.europa.eu/data/datasets/MIR,2026-09-21,"hasta 0,25 M frente a mas de 1 M (extremos)",Total initial rate fixation,tamano_prestamo,nivel,dato_unico,"DIFERENCIAL de dos niveles de tipo, no un saldo neto de encuesta. Prima de tamano de OPERACION, no de empresa. Definicion estrecha."
Irlanda,prestamos_empresas,Prima PYME (estrecha) | mensual,0.0500,pct_anual,2025-02,"BCE, MIR (ECB Data Portal)",https://data.ecb.europa.eu/data/datasets/MIR,2026-09-21,"hasta 0,25 M frente a mas de 1 M (extremos)",Total initial rate fixation,tamano_prestamo,nivel,dato_unico,"DIFERENCIAL de dos niveles de tipo, no un saldo neto de encuesta. Prima de tamano de OPERACION, no de empresa. Definicion estrecha."
Irlanda,prestamos_empresas,Prima PYME (estrecha) | mensual,-0.5800,pct_anual,2025-03,"BCE, MIR (ECB Data Portal)",https://data.ecb.europa.eu/data/datasets/MIR,2026-09-21,"hasta 0,25 M frente a mas de 1 M (extremos)",Total initial rate fixation,tamano_prestamo,nivel,dato_unico,"DIFERENCIAL de dos niveles de tipo, no un saldo neto de encuesta. Prima de tamano de OPERACION, no de empresa. Definicion estrecha."
Irlanda,prestamos_empresas,Prima PYME (estrecha) | mensual,0.1000,pct_anual,2025-04,"BCE, MIR (ECB Data Portal)",https://data.ecb.europa.eu/data/datasets/MIR,2026-09-21,"hasta 0,25 M frente a mas de 1 M (extremos)",Total initial rate fixation,tamano_prestamo,nivel,dato_unico,"DIFERENCIAL de dos niveles de tipo, no un saldo neto de encuesta. Prima de tamano de OPERACION, no de empresa. Definicion estrecha."
Irlanda,prestamos_empresas,Prima PYME (estrecha) | mensual,1.3800,pct_anual,2025-05,"BCE, MIR (ECB Data Portal)",https://data.ecb.europa.eu/data/datasets/MIR,2026-09-21,"hasta 0,25 M frente a mas de 1 M (extremos)",Total initial rate fixation,tamano_prestamo,nivel,dato_unico,"DIFERENCIAL de dos niveles de tipo, no un saldo neto de encuesta. Prima de tamano de OPERACION, no de empresa. Definicion estrecha."
Irlanda,prestamos_empresas,Prima PYME (estrecha) | mensual,0.8100,pct_anual,2025-06,"BCE, MIR (ECB Data Portal)",https://data.ecb.europa.eu/data/datasets/MIR,2026-09-21,"hasta 0,25 M frente a mas de 1 M (extremos)",Total initial rate fixation,tamano_prestamo,nivel,dato_unico,"DIFERENCIAL de dos niveles de tipo, no un saldo neto de encuesta. Prima de tamano de OPERACION, no de empresa. Definicion estrecha."
Irlanda,prestamos_empresas,Prima PYME (estrecha) | mensual,0.9500,pct_anual,2025-07,"BCE, MIR (ECB Data Portal)",https://data.ecb.europa.eu/data/datasets/MIR,2026-09-21,"hasta 0,25 M frente a mas de 1 M (extremos)",Total initial rate fixation,tamano_prestamo,nivel,dato_unico,"DIFERENCIAL de dos niveles de tipo, no un saldo neto de encuesta. Prima de tamano de OPERACION, no de empresa. Definicion estrecha."
Irlanda,prestamos_empresas,Prima PYME (estrecha) | mensual,1.5600,pct_anual,2025-08,"BCE, MIR (ECB Data Portal)",https://data.ecb.europa.eu/data/datasets/MIR,2026-09-21,"hasta 0,25 M frente a mas de 1 M (extremos)",Total initial rate fixation,tamano_prestamo,nivel,dato_unico,"DIFERENCIAL de dos niveles de tipo, no un saldo neto de encuesta. Prima de tamano de OPERACION, no de empresa. Definicion estrecha."
Irlanda,prestamos_empresas,Prima PYME (estrecha) | mensual,0.9800,pct_anual,2025-09,"BCE, MIR (ECB Data Portal)",https://data.ecb.europa.eu/data/datasets/MIR,2026-09-21,"hasta 0,25 M frente a mas de 1 M (extremos)",Total initial rate fixation,tamano_prestamo,nivel,dato_unico,"DIFERENCIAL de dos niveles de tipo, no un saldo neto de encuesta. Prima de tamano de OPERACION, no de empresa. Definicion estrecha."
Irlanda,prestamos_empresas,Prima PYME (estrecha) | mensual,0.7800,pct_anual,2025-10,"BCE, MIR (ECB Data Portal)",https://data.ecb.europa.eu/data/datasets/MIR,2026-09-21,"hasta 0,25 M frente a mas de 1 M (extremos)",Total initial rate fixation,tamano_prestamo,nivel,dato_unico,"DIFERENCIAL de dos niveles de tipo, no un saldo neto de encuesta. Prima de tamano de OPERACION, no de empresa. Definicion estrecha."
Irlanda,prestamos_empresas,Prima PYME (estrecha) | mensual,1.6600,pct_anual,2025-11,"BCE, MIR (ECB Data Portal)",https://data.ecb.europa.eu/data/datasets/MIR,2026-09-21,"hasta 0,25 M frente a mas de 1 M (extremos)",Total initial rate fixation,tamano_prestamo,nivel,dato_unico,"DIFERENCIAL de dos niveles de tipo, no un saldo neto de encuesta. Prima de tamano de OPERACION, no de empresa. Definicion estrecha."
Irlanda,prestamos_empresas,Prima PYME (estrecha) | mensual,1.4000,pct_anual,2025-12,"BCE, MIR (ECB Data Portal)",https://data.ecb.europa.eu/data/datasets/MIR,2026-09-21,"hasta 0,25 M frente a mas de 1 M (extremos)",Total initial rate fixation,tamano_prestamo,nivel,dato_unico,"DIFERENCIAL de dos niveles de tipo, no un saldo neto de encuesta. Prima de tamano de OPERACION, no de empresa. Definicion estrecha."
Irlanda,prestamos_empresas,Prima PYME (estrecha) | mensual,1.0600,pct_anual,2026-01,"BCE, MIR (ECB Data Portal)",https://data.ecb.europa.eu/data/datasets/MIR,2026-09-21,"hasta 0,25 M frente a mas de 1 M (extremos)",Total initial rate fixation,tamano_prestamo,nivel,dato_unico,"DIFERENCIAL de dos niveles de tipo, no un saldo neto de encuesta. Prima de tamano de OPERACION, no de empresa. Definicion estrecha."
Irlanda,prestamos_empresas,Prima PYME (estrecha) | mensual,1.1100,pct_anual,2026-02,"BCE, MIR (ECB Data Portal)",https://data.ecb.europa.eu/data/datasets/MIR,2026-09-21,"hasta 0,25 M frente a mas de 1 M (extremos)",Total initial rate fixation,tamano_prestamo,nivel,dato_unico,"DIFERENCIAL de dos niveles de tipo, no un saldo neto de encuesta. Prima de tamano de OPERACION, no de empresa. Definicion estrecha."
Irlanda,prestamos_empresas,Prima PYME (estrecha) | mensual,0.2900,pct_anual,2026-03,"BCE, MIR (ECB Data Portal)",https://data.ecb.europa.eu/data/datasets/MIR,2026-09-21,"hasta 0,25 M frente a mas de 1 M (extremos)",Total initial rate fixation,tamano_prestamo,nivel,dato_unico,"DIFERENCIAL de dos niveles de tipo, no un saldo neto de encuesta. Prima de tamano de OPERACION, no de empresa. Definicion estrecha."
Irlanda,prestamos_empresas,Prima PYME (estrecha) | mensual,1.0500,pct_anual,2026-04,"BCE, MIR (ECB Data Portal)",https://data.ecb.europa.eu/data/datasets/MIR,2026-09-21,"hasta 0,25 M frente a mas de 1 M (extremos)",Total initial rate fixation,tamano_prestamo,nivel,dato_unico,"DIFERENCIAL de dos niveles de tipo, no un saldo neto de encuesta. Prima de tamano de OPERACION, no de empresa. Definicion estrecha."
Irlanda,prestamos_empresas,Prima PYME (estrecha) | mensual,0.7900,pct_anual,2026-05,"BCE, MIR (ECB Data Portal)",https://data.ecb.europa.eu/data/datasets/MIR,2026-09-21,"hasta 0,25 M frente a mas de 1 M (extremos)",Total initial rate fixation,tamano_prestamo,nivel,dato_unico,"DIFERENCIAL de dos niveles de tipo, no un saldo neto de encuesta. Prima de tamano de OPERACION, no de empresa. Definicion estrecha."
Irlanda,prestamos_empresas,Prima PYME (estrecha) | mensual,0.7200,pct_anual,2026-06,"BCE, MIR (ECB Data Portal)",https://data.ecb.europa.eu/data/datasets/MIR,2026-09-21,"hasta 0,25 M frente a mas de 1 M (extremos)",Total initial rate fixation,tamano_prestamo,nivel,dato_unico,"DIFERENCIAL de dos niveles de tipo, no un saldo neto de encuesta. Prima de tamano de OPERACION, no de empresa. Definicion estrecha."
Irlanda,prestamos_empresas,Prima PYME (estrecha) | mensual,0.4200,pct_anual,2026-07,"BCE, MIR (ECB Data Portal)",https://data.ecb.europa.eu/data/datasets/MIR,2026-09-21,"hasta 0,25 M frente a mas de 1 M (extremos)",Total initial rate fixation,tamano_prestamo,nivel,dato_unico,"DIFERENCIAL de dos niveles de tipo, no un saldo neto de encuesta. Prima de tamano de OPERACION, no de empresa. Definicion estrecha."
Irlanda,prestamos_empresas,Prima PYME (estrecha) | media del ano,1.6394,pct_anual,2022,"BCE, MIR (ECB Data Portal)",https://data.ecb.europa.eu/data/datasets/MIR,2026-09-21,"hasta 0,25 M frente a mas de 1 M (extremos)",Total initial rate fixation,tamano_prestamo,nivel,media_ponderada_volumen,"DIFERENCIAL de dos niveles de tipo, no un saldo neto de encuesta. Prima de tamano de OPERACION, no de empresa. Definicion estrecha. Media del diferencial mensual ponderada por el volumen de nueva produccion de los dos tramos."
Irlanda,prestamos_empresas,Prima PYME (estrecha) | media del ano,0.6985,pct_anual,2023,"BCE, MIR (ECB Data Portal)",https://data.ecb.europa.eu/data/datasets/MIR,2026-09-21,"hasta 0,25 M frente a mas de 1 M (extremos)",Total initial rate fixation,tamano_prestamo,nivel,media_ponderada_volumen,"DIFERENCIAL de dos niveles de tipo, no un saldo neto de encuesta. Prima de tamano de OPERACION, no de empresa. Definicion estrecha. Media del diferencial mensual ponderada por el volumen de nueva produccion de los dos tramos."
Irlanda,prestamos_empresas,Prima PYME (estrecha) | media del ano,0.2867,pct_anual,2024,"BCE, MIR (ECB Data Portal)",https://data.ecb.europa.eu/data/datasets/MIR,2026-09-21,"hasta 0,25 M frente a mas de 1 M (extremos)",Total initial rate fixation,tamano_prestamo,nivel,media_ponderada_volumen,"DIFERENCIAL de dos niveles de tipo, no un saldo neto de encuesta. Prima de tamano de OPERACION, no de empresa. Definicion estrecha. Media del diferencial mensual ponderada por el volumen de nueva produccion de los dos tramos."
Irlanda,prestamos_empresas,Prima PYME (estrecha) | media del ano,0.6780,pct_anual,2025,"BCE, MIR (ECB Data Portal)",https://data.ecb.europa.eu/data/datasets/MIR,2026-09-21,"hasta 0,25 M frente a mas de 1 M (extremos)",Total initial rate fixation,tamano_prestamo,nivel,media_ponderada_volumen,"DIFERENCIAL de dos niveles de tipo, no un saldo neto de encuesta. Prima de tamano de OPERACION, no de empresa. Definicion estrecha. Media del diferencial mensual ponderada por el volumen de nueva produccion de los dos tramos."
Irlanda,prestamos_empresas,Prima PYME (estrecha) | media del ano,0.6226,pct_anual,2026,"BCE, MIR (ECB Data Portal)",https://data.ecb.europa.eu/data/datasets/MIR,2026-09-21,"hasta 0,25 M frente a mas de 1 M (extremos)",Total initial rate fixation,tamano_prestamo,nivel,media_ponderada_volumen,"DIFERENCIAL de dos niveles de tipo, no un saldo neto de encuesta. Prima de tamano de OPERACION, no de empresa. Definicion estrecha. Media del diferencial mensual ponderada por el volumen de nueva produccion de los dos tramos."
Irlanda,prestamos_empresas,Prima PYME (estrecha) | ultimos 12 meses,0.8069,pct_anual,2025-08 a 2026-07,"BCE, MIR (ECB Data Portal)",https://data.ecb.europa.eu/data/datasets/MIR,2026-09-21,"hasta 0,25 M frente a mas de 1 M (extremos)",Total initial rate fixation,tamano_prestamo,nivel,media_ponderada_volumen,"DIFERENCIAL de dos niveles de tipo, no un saldo neto de encuesta. Prima de tamano de OPERACION, no de empresa. Definicion estrecha. 5 de los 43 meses de la serie tienen prima NEGATIVA (el prestamo pequeno sale mas barato que el grande)."
Espana,prestamos_empresas,Prima PYME (amplia) | mensual,0.7800,pct_anual,2022-01,"BCE, MIR (ECB Data Portal)",https://data.ecb.europa.eu/data/datasets/MIR,2026-09-21,hasta 1 M frente a mas de 1 M (corte convencional PYME),Total initial rate fixation,tamano_prestamo,nivel,dato_unico,"DIFERENCIAL de dos niveles de tipo, no un saldo neto de encuesta. Prima de tamano de OPERACION, no de empresa. Definicion amplia."
Espana,prestamos_empresas,Prima PYME (amplia) | mensual,0.7900,pct_anual,2022-02,"BCE, MIR (ECB Data Portal)",https://data.ecb.europa.eu/data/datasets/MIR,2026-09-21,hasta 1 M frente a mas de 1 M (corte convencional PYME),Total initial rate fixation,tamano_prestamo,nivel,dato_unico,"DIFERENCIAL de dos niveles de tipo, no un saldo neto de encuesta. Prima de tamano de OPERACION, no de empresa. Definicion amplia."
Espana,prestamos_empresas,Prima PYME (amplia) | mensual,0.6400,pct_anual,2022-03,"BCE, MIR (ECB Data Portal)",https://data.ecb.europa.eu/data/datasets/MIR,2026-09-21,hasta 1 M frente a mas de 1 M (corte convencional PYME),Total initial rate fixation,tamano_prestamo,nivel,dato_unico,"DIFERENCIAL de dos niveles de tipo, no un saldo neto de encuesta. Prima de tamano de OPERACION, no de empresa. Definicion amplia."
Espana,prestamos_empresas,Prima PYME (amplia) | mensual,0.8800,pct_anual,2022-04,"BCE, MIR (ECB Data Portal)",https://data.ecb.europa.eu/data/datasets/MIR,2026-09-21,hasta 1 M frente a mas de 1 M (corte convencional PYME),Total initial rate fixation,tamano_prestamo,nivel,dato_unico,"DIFERENCIAL de dos niveles de tipo, no un saldo neto de encuesta. Prima de tamano de OPERACION, no de empresa. Definicion amplia."
Espana,prestamos_empresas,Prima PYME (amplia) | mensual,0.6100,pct_anual,2022-05,"BCE, MIR (ECB Data Portal)",https://data.ecb.europa.eu/data/datasets/MIR,2026-09-21,hasta 1 M frente a mas de 1 M (corte convencional PYME),Total initial rate fixation,tamano_prestamo,nivel,dato_unico,"DIFERENCIAL de dos niveles de tipo, no un saldo neto de encuesta. Prima de tamano de OPERACION, no de empresa. Definicion amplia."
Espana,prestamos_empresas,Prima PYME (amplia) | mensual,0.4500,pct_anual,2022-06,"BCE, MIR (ECB Data Portal)",https://data.ecb.europa.eu/data/datasets/MIR,2026-09-21,hasta 1 M frente a mas de 1 M (corte convencional PYME),Total initial rate fixation,tamano_prestamo,nivel,dato_unico,"DIFERENCIAL de dos niveles de tipo, no un saldo neto de encuesta. Prima de tamano de OPERACION, no de empresa. Definicion amplia."
Espana,prestamos_empresas,Prima PYME (amplia) | mensual,0.4500,pct_anual,2022-07,"BCE, MIR (ECB Data Portal)",https://data.ecb.europa.eu/data/datasets/MIR,2026-09-21,hasta 1 M frente a mas de 1 M (corte convencional PYME),Total initial rate fixation,tamano_prestamo,nivel,dato_unico,"DIFERENCIAL de dos niveles de tipo, no un saldo neto de encuesta. Prima de tamano de OPERACION, no de empresa. Definicion amplia."
Espana,prestamos_empresas,Prima PYME (amplia) | mensual,0.6600,pct_anual,2022-08,"BCE, MIR (ECB Data Portal)",https://data.ecb.europa.eu/data/datasets/MIR,2026-09-21,hasta 1 M frente a mas de 1 M (corte convencional PYME),Total initial rate fixation,tamano_prestamo,nivel,dato_unico,"DIFERENCIAL de dos niveles de tipo, no un saldo neto de encuesta. Prima de tamano de OPERACION, no de empresa. Definicion amplia."
Espana,prestamos_empresas,Prima PYME (amplia) | mensual,0.2500,pct_anual,2022-09,"BCE, MIR (ECB Data Portal)",https://data.ecb.europa.eu/data/datasets/MIR,2026-09-21,hasta 1 M frente a mas de 1 M (corte convencional PYME),Total initial rate fixation,tamano_prestamo,nivel,dato_unico,"DIFERENCIAL de dos niveles de tipo, no un saldo neto de encuesta. Prima de tamano de OPERACION, no de empresa. Definicion amplia."
Espana,prestamos_empresas,Prima PYME (amplia) | mensual,0.2700,pct_anual,2022-10,"BCE, MIR (ECB Data Portal)",https://data.ecb.europa.eu/data/datasets/MIR,2026-09-21,hasta 1 M frente a mas de 1 M (corte convencional PYME),Total initial rate fixation,tamano_prestamo,nivel,dato_unico,"DIFERENCIAL de dos niveles de tipo, no un saldo neto de encuesta. Prima de tamano de OPERACION, no de empresa. Definicion amplia."
Espana,prestamos_empresas,Prima PYME (amplia) | mensual,0.3700,pct_anual,2022-11,"BCE, MIR (ECB Data Portal)",https://data.ecb.europa.eu/data/datasets/MIR,2026-09-21,hasta 1 M frente a mas de 1 M (corte convencional PYME),Total initial rate fixation,tamano_prestamo,nivel,dato_unico,"DIFERENCIAL de dos niveles de tipo, no un saldo neto de encuesta. Prima de tamano de OPERACION, no de empresa. Definicion amplia."
Espana,prestamos_empresas,Prima PYME (amplia) | mensual,0.2300,pct_anual,2022-12,"BCE, MIR (ECB Data Portal)",https://data.ecb.europa.eu/data/datasets/MIR,2026-09-21,hasta 1 M frente a mas de 1 M (corte convencional PYME),Total initial rate fixation,tamano_prestamo,nivel,dato_unico,"DIFERENCIAL de dos niveles de tipo, no un saldo neto de encuesta. Prima de tamano de OPERACION, no de empresa. Definicion amplia."
Espana,prestamos_empresas,Prima PYME (amplia) | mensual,0.4200,pct_anual,2023-01,"BCE, MIR (ECB Data Portal)",https://data.ecb.europa.eu/data/datasets/MIR,2026-09-21,hasta 1 M frente a mas de 1 M (corte convencional PYME),Total initial rate fixation,tamano_prestamo,nivel,dato_unico,"DIFERENCIAL de dos niveles de tipo, no un saldo neto de encuesta. Prima de tamano de OPERACION, no de empresa. Definicion amplia."
Espana,prestamos_empresas,Prima PYME (amplia) | mensual,0.1600,pct_anual,2023-02,"BCE, MIR (ECB Data Portal)",https://data.ecb.europa.eu/data/datasets/MIR,2026-09-21,hasta 1 M frente a mas de 1 M (corte convencional PYME),Total initial rate fixation,tamano_prestamo,nivel,dato_unico,"DIFERENCIAL de dos niveles de tipo, no un saldo neto de encuesta. Prima de tamano de OPERACION, no de empresa. Definicion amplia."
Espana,prestamos_empresas,Prima PYME (amplia) | mensual,0.3300,pct_anual,2023-03,"BCE, MIR (ECB Data Portal)",https://data.ecb.europa.eu/data/datasets/MIR,2026-09-21,hasta 1 M frente a mas de 1 M (corte convencional PYME),Total initial rate fixation,tamano_prestamo,nivel,dato_unico,"DIFERENCIAL de dos niveles de tipo, no un saldo neto de encuesta. Prima de tamano de OPERACION, no de empresa. Definicion amplia."
Espana,prestamos_empresas,Prima PYME (amplia) | mensual,0.3000,pct_anual,2023-04,"BCE, MIR (ECB Data Portal)",https://data.ecb.europa.eu/data/datasets/MIR,2026-09-21,hasta 1 M frente a mas de 1 M (corte convencional PYME),Total initial rate fixation,tamano_prestamo,nivel,dato_unico,"DIFERENCIAL de dos niveles de tipo, no un saldo neto de encuesta. Prima de tamano de OPERACION, no de empresa. Definicion amplia."
Espana,prestamos_empresas,Prima PYME (amplia) | mensual,0.2900,pct_anual,2023-05,"BCE, MIR (ECB Data Portal)",https://data.ecb.europa.eu/data/datasets/MIR,2026-09-21,hasta 1 M frente a mas de 1 M (corte convencional PYME),Total initial rate fixation,tamano_prestamo,nivel,dato_unico,"DIFERENCIAL de dos niveles de tipo, no un saldo neto de encuesta. Prima de tamano de OPERACION, no de empresa. Definicion amplia."
Espana,prestamos_empresas,Prima PYME (amplia) | mensual,0.3600,pct_anual,2023-06,"BCE, MIR (ECB Data Portal)",https://data.ecb.europa.eu/data/datasets/MIR,2026-09-21,hasta 1 M frente a mas de 1 M (corte convencional PYME),Total initial rate fixation,tamano_prestamo,nivel,dato_unico,"DIFERENCIAL de dos niveles de tipo, no un saldo neto de encuesta. Prima de tamano de OPERACION, no de empresa. Definicion amplia."
Espana,prestamos_empresas,Prima PYME (amplia) | mensual,-0.0500,pct_anual,2023-07,"BCE, MIR (ECB Data Portal)",https://data.ecb.europa.eu/data/datasets/MIR,2026-09-21,hasta 1 M frente a mas de 1 M (corte convencional PYME),Total initial rate fixation,tamano_prestamo,nivel,dato_unico,"DIFERENCIAL de dos niveles de tipo, no un saldo neto de encuesta. Prima de tamano de OPERACION, no de empresa. Definicion amplia."
Espana,prestamos_empresas,Prima PYME (amplia) | mensual,0.3200,pct_anual,2023-08,"BCE, MIR (ECB Data Portal)",https://data.ecb.europa.eu/data/datasets/MIR,2026-09-21,hasta 1 M frente a mas de 1 M (corte convencional PYME),Total initial rate fixation,tamano_prestamo,nivel,dato_unico,"DIFERENCIAL de dos niveles de tipo, no un saldo neto de encuesta. Prima de tamano de OPERACION, no de empresa. Definicion amplia."
Espana,prestamos_empresas,Prima PYME (amplia) | mensual,0.6400,pct_anual,2023-09,"BCE, MIR (ECB Data Portal)",https://data.ecb.europa.eu/data/datasets/MIR,2026-09-21,hasta 1 M frente a mas de 1 M (corte convencional PYME),Total initial rate fixation,tamano_prestamo,nivel,dato_unico,"DIFERENCIAL de dos niveles de tipo, no un saldo neto de encuesta. Prima de tamano de OPERACION, no de empresa. Definicion amplia."
Espana,prestamos_empresas,Prima PYME (amplia) | mensual,0.1200,pct_anual,2023-10,"BCE, MIR (ECB Data Portal)",https://data.ecb.europa.eu/data/datasets/MIR,2026-09-21,hasta 1 M frente a mas de 1 M (corte convencional PYME),Total initial rate fixation,tamano_prestamo,nivel,dato_unico,"DIFERENCIAL de dos niveles de tipo, no un saldo neto de encuesta. Prima de tamano de OPERACION, no de empresa. Definicion amplia."
Espana,prestamos_empresas,Prima PYME (amplia) | mensual,0.4200,pct_anual,2023-11,"BCE, MIR (ECB Data Portal)",https://data.ecb.europa.eu/data/datasets/MIR,2026-09-21,hasta 1 M frente a mas de 1 M (corte convencional PYME),Total initial rate fixation,tamano_prestamo,nivel,dato_unico,"DIFERENCIAL de dos niveles de tipo, no un saldo neto de encuesta. Prima de tamano de OPERACION, no de empresa. Definicion amplia."
Espana,prestamos_empresas,Prima PYME (amplia) | mensual,0.2900,pct_anual,2023-12,"BCE, MIR (ECB Data Portal)",https://data.ecb.europa.eu/data/datasets/MIR,2026-09-21,hasta 1 M frente a mas de 1 M (corte convencional PYME),Total initial rate fixation,tamano_prestamo,nivel,dato_unico,"DIFERENCIAL de dos niveles de tipo, no un saldo neto de encuesta. Prima de tamano de OPERACION, no de empresa. Definicion amplia."
Espana,prestamos_empresas,Prima PYME (amplia) | mensual,0.1800,pct_anual,2024-01,"BCE, MIR (ECB Data Portal)",https://data.ecb.europa.eu/data/datasets/MIR,2026-09-21,hasta 1 M frente a mas de 1 M (corte convencional PYME),Total initial rate fixation,tamano_prestamo,nivel,dato_unico,"DIFERENCIAL de dos niveles de tipo, no un saldo neto de encuesta. Prima de tamano de OPERACION, no de empresa. Definicion amplia."
Espana,prestamos_empresas,Prima PYME (amplia) | mensual,0.5600,pct_anual,2024-02,"BCE, MIR (ECB Data Portal)",https://data.ecb.europa.eu/data/datasets/MIR,2026-09-21,hasta 1 M frente a mas de 1 M (corte convencional PYME),Total initial rate fixation,tamano_prestamo,nivel,dato_unico,"DIFERENCIAL de dos niveles de tipo, no un saldo neto de encuesta. Prima de tamano de OPERACION, no de empresa. Definicion amplia."
Espana,prestamos_empresas,Prima PYME (amplia) | mensual,0.5100,pct_anual,2024-03,"BCE, MIR (ECB Data Portal)",https://data.ecb.europa.eu/data/datasets/MIR,2026-09-21,hasta 1 M frente a mas de 1 M (corte convencional PYME),Total initial rate fixation,tamano_prestamo,nivel,dato_unico,"DIFERENCIAL de dos niveles de tipo, no un saldo neto de encuesta. Prima de tamano de OPERACION, no de empresa. Definicion amplia."
Espana,prestamos_empresas,Prima PYME (amplia) | mensual,0.0900,pct_anual,2024-04,"BCE, MIR (ECB Data Portal)",https://data.ecb.europa.eu/data/datasets/MIR,2026-09-21,hasta 1 M frente a mas de 1 M (corte convencional PYME),Total initial rate fixation,tamano_prestamo,nivel,dato_unico,"DIFERENCIAL de dos niveles de tipo, no un saldo neto de encuesta. Prima de tamano de OPERACION, no de empresa. Definicion amplia."
Espana,prestamos_empresas,Prima PYME (amplia) | mensual,0.1600,pct_anual,2024-05,"BCE, MIR (ECB Data Portal)",https://data.ecb.europa.eu/data/datasets/MIR,2026-09-21,hasta 1 M frente a mas de 1 M (corte convencional PYME),Total initial rate fixation,tamano_prestamo,nivel,dato_unico,"DIFERENCIAL de dos niveles de tipo, no un saldo neto de encuesta. Prima de tamano de OPERACION, no de empresa. Definicion amplia."
Espana,prestamos_empresas,Prima PYME (amplia) | mensual,0.3200,pct_anual,2024-06,"BCE, MIR (ECB Data Portal)",https://data.ecb.europa.eu/data/datasets/MIR,2026-09-21,hasta 1 M frente a mas de 1 M (corte convencional PYME),Total initial rate fixation,tamano_prestamo,nivel,dato_unico,"DIFERENCIAL de dos niveles de tipo, no un saldo neto de encuesta. Prima de tamano de OPERACION, no de empresa. Definicion amplia."
Espana,prestamos_empresas,Prima PYME (amplia) | mensual,0.0800,pct_anual,2024-07,"BCE, MIR (ECB Data Portal)",https://data.ecb.europa.eu/data/datasets/MIR,2026-09-21,hasta 1 M frente a mas de 1 M (corte convencional PYME),Total initial rate fixation,tamano_prestamo,nivel,dato_unico,"DIFERENCIAL de dos niveles de tipo, no un saldo neto de encuesta. Prima de tamano de OPERACION, no de empresa. Definicion amplia."
Espana,prestamos_empresas,Prima PYME (amplia) | mensual,0.0300,pct_anual,2024-08,"BCE, MIR (ECB Data Portal)",https://data.ecb.europa.eu/data/datasets/MIR,2026-09-21,hasta 1 M frente a mas de 1 M (corte convencional PYME),Total initial rate fixation,tamano_prestamo,nivel,dato_unico,"DIFERENCIAL de dos niveles de tipo, no un saldo neto de encuesta. Prima de tamano de OPERACION, no de empresa. Definicion amplia."
Espana,prestamos_empresas,Prima PYME (amplia) | mensual,0.2100,pct_anual,2024-09,"BCE, MIR (ECB Data Portal)",https://data.ecb.europa.eu/data/datasets/MIR,2026-09-21,hasta 1 M frente a mas de 1 M (corte convencional PYME),Total initial rate fixation,tamano_prestamo,nivel,dato_unico,"DIFERENCIAL de dos niveles de tipo, no un saldo neto de encuesta. Prima de tamano de OPERACION, no de empresa. Definicion amplia."
Espana,prestamos_empresas,Prima PYME (amplia) | mensual,0.1300,pct_anual,2024-10,"BCE, MIR (ECB Data Portal)",https://data.ecb.europa.eu/data/datasets/MIR,2026-09-21,hasta 1 M frente a mas de 1 M (corte convencional PYME),Total initial rate fixation,tamano_prestamo,nivel,dato_unico,"DIFERENCIAL de dos niveles de tipo, no un saldo neto de encuesta. Prima de tamano de OPERACION, no de empresa. Definicion amplia."
Espana,prestamos_empresas,Prima PYME (amplia) | mensual,0.1500,pct_anual,2024-11,"BCE, MIR (ECB Data Portal)",https://data.ecb.europa.eu/data/datasets/MIR,2026-09-21,hasta 1 M frente a mas de 1 M (corte convencional PYME),Total initial rate fixation,tamano_prestamo,nivel,dato_unico,"DIFERENCIAL de dos niveles de tipo, no un saldo neto de encuesta. Prima de tamano de OPERACION, no de empresa. Definicion amplia."
Espana,prestamos_empresas,Prima PYME (amplia) | mensual,0.0400,pct_anual,2024-12,"BCE, MIR (ECB Data Portal)",https://data.ecb.europa.eu/data/datasets/MIR,2026-09-21,hasta 1 M frente a mas de 1 M (corte convencional PYME),Total initial rate fixation,tamano_prestamo,nivel,dato_unico,"DIFERENCIAL de dos niveles de tipo, no un saldo neto de encuesta. Prima de tamano de OPERACION, no de empresa. Definicion amplia."
Espana,prestamos_empresas,Prima PYME (amplia) | mensual,0.2000,pct_anual,2025-01,"BCE, MIR (ECB Data Portal)",https://data.ecb.europa.eu/data/datasets/MIR,2026-09-21,hasta 1 M frente a mas de 1 M (corte convencional PYME),Total initial rate fixation,tamano_prestamo,nivel,dato_unico,"DIFERENCIAL de dos niveles de tipo, no un saldo neto de encuesta. Prima de tamano de OPERACION, no de empresa. Definicion amplia."
Espana,prestamos_empresas,Prima PYME (amplia) | mensual,0.1900,pct_anual,2025-02,"BCE, MIR (ECB Data Portal)",https://data.ecb.europa.eu/data/datasets/MIR,2026-09-21,hasta 1 M frente a mas de 1 M (corte convencional PYME),Total initial rate fixation,tamano_prestamo,nivel,dato_unico,"DIFERENCIAL de dos niveles de tipo, no un saldo neto de encuesta. Prima de tamano de OPERACION, no de empresa. Definicion amplia."
Espana,prestamos_empresas,Prima PYME (amplia) | mensual,0.0400,pct_anual,2025-03,"BCE, MIR (ECB Data Portal)",https://data.ecb.europa.eu/data/datasets/MIR,2026-09-21,hasta 1 M frente a mas de 1 M (corte convencional PYME),Total initial rate fixation,tamano_prestamo,nivel,dato_unico,"DIFERENCIAL de dos niveles de tipo, no un saldo neto de encuesta. Prima de tamano de OPERACION, no de empresa. Definicion amplia."
Espana,prestamos_empresas,Prima PYME (amplia) | mensual,0.0300,pct_anual,2025-04,"BCE, MIR (ECB Data Portal)",https://data.ecb.europa.eu/data/datasets/MIR,2026-09-21,hasta 1 M frente a mas de 1 M (corte convencional PYME),Total initial rate fixation,tamano_prestamo,nivel,dato_unico,"DIFERENCIAL de dos niveles de tipo, no un saldo neto de encuesta. Prima de tamano de OPERACION, no de empresa. Definicion amplia."
Espana,prestamos_empresas,Prima PYME (amplia) | mensual,-0.0400,pct_anual,2025-05,"BCE, MIR (ECB Data Portal)",https://data.ecb.europa.eu/data/datasets/MIR,2026-09-21,hasta 1 M frente a mas de 1 M (corte convencional PYME),Total initial rate fixation,tamano_prestamo,nivel,dato_unico,"DIFERENCIAL de dos niveles de tipo, no un saldo neto de encuesta. Prima de tamano de OPERACION, no de empresa. Definicion amplia."
Espana,prestamos_empresas,Prima PYME (amplia) | mensual,0.0800,pct_anual,2025-06,"BCE, MIR (ECB Data Portal)",https://data.ecb.europa.eu/data/datasets/MIR,2026-09-21,hasta 1 M frente a mas de 1 M (corte convencional PYME),Total initial rate fixation,tamano_prestamo,nivel,dato_unico,"DIFERENCIAL de dos niveles de tipo, no un saldo neto de encuesta. Prima de tamano de OPERACION, no de empresa. Definicion amplia."
Espana,prestamos_empresas,Prima PYME (amplia) | mensual,-0.1300,pct_anual,2025-07,"BCE, MIR (ECB Data Portal)",https://data.ecb.europa.eu/data/datasets/MIR,2026-09-21,hasta 1 M frente a mas de 1 M (corte convencional PYME),Total initial rate fixation,tamano_prestamo,nivel,dato_unico,"DIFERENCIAL de dos niveles de tipo, no un saldo neto de encuesta. Prima de tamano de OPERACION, no de empresa. Definicion amplia."
Espana,prestamos_empresas,Prima PYME (amplia) | mensual,-0.0300,pct_anual,2025-08,"BCE, MIR (ECB Data Portal)",https://data.ecb.europa.eu/data/datasets/MIR,2026-09-21,hasta 1 M frente a mas de 1 M (corte convencional PYME),Total initial rate fixation,tamano_prestamo,nivel,dato_unico,"DIFERENCIAL de dos niveles de tipo, no un saldo neto de encuesta. Prima de tamano de OPERACION, no de empresa. Definicion amplia."
Espana,prestamos_empresas,Prima PYME (amplia) | mensual,-0.0300,pct_anual,2025-09,"BCE, MIR (ECB Data Portal)",https://data.ecb.europa.eu/data/datasets/MIR,2026-09-21,hasta 1 M frente a mas de 1 M (corte convencional PYME),Total initial rate fixation,tamano_prestamo,nivel,dato_unico,"DIFERENCIAL de dos niveles de tipo, no un saldo neto de encuesta. Prima de tamano de OPERACION, no de empresa. Definicion amplia."
Espana,prestamos_empresas,Prima PYME (amplia) | mensual,0.0400,pct_anual,2025-10,"BCE, MIR (ECB Data Portal)",https://data.ecb.europa.eu/data/datasets/MIR,2026-09-21,hasta 1 M frente a mas de 1 M (corte convencional PYME),Total initial rate fixation,tamano_prestamo,nivel,dato_unico,"DIFERENCIAL de dos niveles de tipo, no un saldo neto de encuesta. Prima de tamano de OPERACION, no de empresa. Definicion amplia."
Espana,prestamos_empresas,Prima PYME (amplia) | mensual,-0.0300,pct_anual,2025-11,"BCE, MIR (ECB Data Portal)",https://data.ecb.europa.eu/data/datasets/MIR,2026-09-21,hasta 1 M frente a mas de 1 M (corte convencional PYME),Total initial rate fixation,tamano_prestamo,nivel,dato_unico,"DIFERENCIAL de dos niveles de tipo, no un saldo neto de encuesta. Prima de tamano de OPERACION, no de empresa. Definicion amplia."
Espana,prestamos_empresas,Prima PYME (amplia) | mensual,-0.1600,pct_anual,2025-12,"BCE, MIR (ECB Data Portal)",https://data.ecb.europa.eu/data/datasets/MIR,2026-09-21,hasta 1 M frente a mas de 1 M (corte convencional PYME),Total initial rate fixation,tamano_prestamo,nivel,dato_unico,"DIFERENCIAL de dos niveles de tipo, no un saldo neto de encuesta. Prima de tamano de OPERACION, no de empresa. Definicion amplia."
Espana,prestamos_empresas,Prima PYME (amplia) | mensual,-0.1900,pct_anual,2026-01,"BCE, MIR (ECB Data Portal)",https://data.ecb.europa.eu/data/datasets/MIR,2026-09-21,hasta 1 M frente a mas de 1 M (corte convencional PYME),Total initial rate fixation,tamano_prestamo,nivel,dato_unico,"DIFERENCIAL de dos niveles de tipo, no un saldo neto de encuesta. Prima de tamano de OPERACION, no de empresa. Definicion amplia."
Espana,prestamos_empresas,Prima PYME (amplia) | mensual,0.0500,pct_anual,2026-02,"BCE, MIR (ECB Data Portal)",https://data.ecb.europa.eu/data/datasets/MIR,2026-09-21,hasta 1 M frente a mas de 1 M (corte convencional PYME),Total initial rate fixation,tamano_prestamo,nivel,dato_unico,"DIFERENCIAL de dos niveles de tipo, no un saldo neto de encuesta. Prima de tamano de OPERACION, no de empresa. Definicion amplia."
Espana,prestamos_empresas,Prima PYME (amplia) | mensual,0.1400,pct_anual,2026-03,"BCE, MIR (ECB Data Portal)",https://data.ecb.europa.eu/data/datasets/MIR,2026-09-21,hasta 1 M frente a mas de 1 M (corte convencional PYME),Total initial rate fixation,tamano_prestamo,nivel,dato_unico,"DIFERENCIAL de dos niveles de tipo, no un saldo neto de encuesta. Prima de tamano de OPERACION, no de empresa. Definicion amplia."
Espana,prestamos_empresas,Prima PYME (amplia) | mensual,-0.0400,pct_anual,2026-04,"BCE, MIR (ECB Data Portal)",https://data.ecb.europa.eu/data/datasets/MIR,2026-09-21,hasta 1 M frente a mas de 1 M (corte convencional PYME),Total initial rate fixation,tamano_prestamo,nivel,dato_unico,"DIFERENCIAL de dos niveles de tipo, no un saldo neto de encuesta. Prima de tamano de OPERACION, no de empresa. Definicion amplia."
Espana,prestamos_empresas,Prima PYME (amplia) | mensual,-0.0300,pct_anual,2026-05,"BCE, MIR (ECB Data Portal)",https://data.ecb.europa.eu/data/datasets/MIR,2026-09-21,hasta 1 M frente a mas de 1 M (corte convencional PYME),Total initial rate fixation,tamano_prestamo,nivel,dato_unico,"DIFERENCIAL de dos niveles de tipo, no un saldo neto de encuesta. Prima de tamano de OPERACION, no de empresa. Definicion amplia."
Espana,prestamos_empresas,Prima PYME (amplia) | mensual,0.0200,pct_anual,2026-06,"BCE, MIR (ECB Data Portal)",https://data.ecb.europa.eu/data/datasets/MIR,2026-09-21,hasta 1 M frente a mas de 1 M (corte convencional PYME),Total initial rate fixation,tamano_prestamo,nivel,dato_unico,"DIFERENCIAL de dos niveles de tipo, no un saldo neto de encuesta. Prima de tamano de OPERACION, no de empresa. Definicion amplia."
Espana,prestamos_empresas,Prima PYME (amplia) | mensual,-0.2200,pct_anual,2026-07,"BCE, MIR (ECB Data Portal)",https://data.ecb.europa.eu/data/datasets/MIR,2026-09-21,hasta 1 M frente a mas de 1 M (corte convencional PYME),Total initial rate fixation,tamano_prestamo,nivel,dato_unico,"DIFERENCIAL de dos niveles de tipo, no un saldo neto de encuesta. Prima de tamano de OPERACION, no de empresa. Definicion amplia."
Espana,prestamos_empresas,Prima PYME (amplia) | media del ano,0.5247,pct_anual,2022,"BCE, MIR (ECB Data Portal)",https://data.ecb.europa.eu/data/datasets/MIR,2026-09-21,hasta 1 M frente a mas de 1 M (corte convencional PYME),Total initial rate fixation,tamano_prestamo,nivel,media_ponderada_volumen,"DIFERENCIAL de dos niveles de tipo, no un saldo neto de encuesta. Prima de tamano de OPERACION, no de empresa. Definicion amplia. Media del diferencial mensual ponderada por el volumen de nueva produccion de los dos tramos."
Espana,prestamos_empresas,Prima PYME (amplia) | media del ano,0.2982,pct_anual,2023,"BCE, MIR (ECB Data Portal)",https://data.ecb.europa.eu/data/datasets/MIR,2026-09-21,hasta 1 M frente a mas de 1 M (corte convencional PYME),Total initial rate fixation,tamano_prestamo,nivel,media_ponderada_volumen,"DIFERENCIAL de dos niveles de tipo, no un saldo neto de encuesta. Prima de tamano de OPERACION, no de empresa. Definicion amplia. Media del diferencial mensual ponderada por el volumen de nueva produccion de los dos tramos."
Espana,prestamos_empresas,Prima PYME (amplia) | media del ano,0.2019,pct_anual,2024,"BCE, MIR (ECB Data Portal)",https://data.ecb.europa.eu/data/datasets/MIR,2026-09-21,hasta 1 M frente a mas de 1 M (corte convencional PYME),Total initial rate fixation,tamano_prestamo,nivel,media_ponderada_volumen,"DIFERENCIAL de dos niveles de tipo, no un saldo neto de encuesta. Prima de tamano de OPERACION, no de empresa. Definicion amplia. Media del diferencial mensual ponderada por el volumen de nueva produccion de los dos tramos."
Espana,prestamos_empresas,Prima PYME (amplia) | media del ano,0.0032,pct_anual,2025,"BCE, MIR (ECB Data Portal)",https://data.ecb.europa.eu/data/datasets/MIR,2026-09-21,hasta 1 M frente a mas de 1 M (corte convencional PYME),Total initial rate fixation,tamano_prestamo,nivel,media_ponderada_volumen,"DIFERENCIAL de dos niveles de tipo, no un saldo neto de encuesta. Prima de tamano de OPERACION, no de empresa. Definicion amplia. Media del diferencial mensual ponderada por el volumen de nueva produccion de los dos tramos."
Espana,prestamos_empresas,Prima PYME (amplia) | media del ano,-0.0403,pct_anual,2026,"BCE, MIR (ECB Data Portal)",https://data.ecb.europa.eu/data/datasets/MIR,2026-09-21,hasta 1 M frente a mas de 1 M (corte convencional PYME),Total initial rate fixation,tamano_prestamo,nivel,media_ponderada_volumen,"DIFERENCIAL de dos niveles de tipo, no un saldo neto de encuesta. Prima de tamano de OPERACION, no de empresa. Definicion amplia. Media del diferencial mensual ponderada por el volumen de nueva produccion de los dos tramos."
Espana,prestamos_empresas,Prima PYME (amplia) | ultimos 12 meses,-0.0459,pct_anual,2025-08 a 2026-07,"BCE, MIR (ECB Data Portal)",https://data.ecb.europa.eu/data/datasets/MIR,2026-09-21,hasta 1 M frente a mas de 1 M (corte convencional PYME),Total initial rate fixation,tamano_prestamo,nivel,media_ponderada_volumen,"DIFERENCIAL de dos niveles de tipo, no un saldo neto de encuesta. Prima de tamano de OPERACION, no de empresa. Definicion amplia. 11 de los 55 meses de la serie tienen prima NEGATIVA (el prestamo pequeno sale mas barato que el grande)."
Alemania,prestamos_empresas,Prima PYME (amplia) | mensual,0.6600,pct_anual,2022-01,"BCE, MIR (ECB Data Portal)",https://data.ecb.europa.eu/data/datasets/MIR,2026-09-21,hasta 1 M frente a mas de 1 M (corte convencional PYME),Total initial rate fixation,tamano_prestamo,nivel,dato_unico,"DIFERENCIAL de dos niveles de tipo, no un saldo neto de encuesta. Prima de tamano de OPERACION, no de empresa. Definicion amplia."
Alemania,prestamos_empresas,Prima PYME (amplia) | mensual,0.6300,pct_anual,2022-02,"BCE, MIR (ECB Data Portal)",https://data.ecb.europa.eu/data/datasets/MIR,2026-09-21,hasta 1 M frente a mas de 1 M (corte convencional PYME),Total initial rate fixation,tamano_prestamo,nivel,dato_unico,"DIFERENCIAL de dos niveles de tipo, no un saldo neto de encuesta. Prima de tamano de OPERACION, no de empresa. Definicion amplia."
Alemania,prestamos_empresas,Prima PYME (amplia) | mensual,0.4300,pct_anual,2022-03,"BCE, MIR (ECB Data Portal)",https://data.ecb.europa.eu/data/datasets/MIR,2026-09-21,hasta 1 M frente a mas de 1 M (corte convencional PYME),Total initial rate fixation,tamano_prestamo,nivel,dato_unico,"DIFERENCIAL de dos niveles de tipo, no un saldo neto de encuesta. Prima de tamano de OPERACION, no de empresa. Definicion amplia."
Alemania,prestamos_empresas,Prima PYME (amplia) | mensual,0.5300,pct_anual,2022-04,"BCE, MIR (ECB Data Portal)",https://data.ecb.europa.eu/data/datasets/MIR,2026-09-21,hasta 1 M frente a mas de 1 M (corte convencional PYME),Total initial rate fixation,tamano_prestamo,nivel,dato_unico,"DIFERENCIAL de dos niveles de tipo, no un saldo neto de encuesta. Prima de tamano de OPERACION, no de empresa. Definicion amplia."
Alemania,prestamos_empresas,Prima PYME (amplia) | mensual,0.6000,pct_anual,2022-05,"BCE, MIR (ECB Data Portal)",https://data.ecb.europa.eu/data/datasets/MIR,2026-09-21,hasta 1 M frente a mas de 1 M (corte convencional PYME),Total initial rate fixation,tamano_prestamo,nivel,dato_unico,"DIFERENCIAL de dos niveles de tipo, no un saldo neto de encuesta. Prima de tamano de OPERACION, no de empresa. Definicion amplia."
Alemania,prestamos_empresas,Prima PYME (amplia) | mensual,-0.1200,pct_anual,2022-06,"BCE, MIR (ECB Data Portal)",https://data.ecb.europa.eu/data/datasets/MIR,2026-09-21,hasta 1 M frente a mas de 1 M (corte convencional PYME),Total initial rate fixation,tamano_prestamo,nivel,dato_unico,"DIFERENCIAL de dos niveles de tipo, no un saldo neto de encuesta. Prima de tamano de OPERACION, no de empresa. Definicion amplia."
Alemania,prestamos_empresas,Prima PYME (amplia) | mensual,0.3500,pct_anual,2022-07,"BCE, MIR (ECB Data Portal)",https://data.ecb.europa.eu/data/datasets/MIR,2026-09-21,hasta 1 M frente a mas de 1 M (corte convencional PYME),Total initial rate fixation,tamano_prestamo,nivel,dato_unico,"DIFERENCIAL de dos niveles de tipo, no un saldo neto de encuesta. Prima de tamano de OPERACION, no de empresa. Definicion amplia."
Alemania,prestamos_empresas,Prima PYME (amplia) | mensual,0.4900,pct_anual,2022-08,"BCE, MIR (ECB Data Portal)",https://data.ecb.europa.eu/data/datasets/MIR,2026-09-21,hasta 1 M frente a mas de 1 M (corte convencional PYME),Total initial rate fixation,tamano_prestamo,nivel,dato_unico,"DIFERENCIAL de dos niveles de tipo, no un saldo neto de encuesta. Prima de tamano de OPERACION, no de empresa. Definicion amplia."
Alemania,prestamos_empresas,Prima PYME (amplia) | mensual,0.1300,pct_anual,2022-09,"BCE, MIR (ECB Data Portal)",https://data.ecb.europa.eu/data/datasets/MIR,2026-09-21,hasta 1 M frente a mas de 1 M (corte convencional PYME),Total initial rate fixation,tamano_prestamo,nivel,dato_unico,"DIFERENCIAL de dos niveles de tipo, no un saldo neto de encuesta. Prima de tamano de OPERACION, no de empresa. Definicion amplia."
Alemania,prestamos_empresas,Prima PYME (amplia) | mensual,0.5000,pct_anual,2022-10,"BCE, MIR (ECB Data Portal)",https://data.ecb.europa.eu/data/datasets/MIR,2026-09-21,hasta 1 M frente a mas de 1 M (corte convencional PYME),Total initial rate fixation,tamano_prestamo,nivel,dato_unico,"DIFERENCIAL de dos niveles de tipo, no un saldo neto de encuesta. Prima de tamano de OPERACION, no de empresa. Definicion amplia."
Alemania,prestamos_empresas,Prima PYME (amplia) | mensual,0.6800,pct_anual,2022-11,"BCE, MIR (ECB Data Portal)",https://data.ecb.europa.eu/data/datasets/MIR,2026-09-21,hasta 1 M frente a mas de 1 M (corte convencional PYME),Total initial rate fixation,tamano_prestamo,nivel,dato_unico,"DIFERENCIAL de dos niveles de tipo, no un saldo neto de encuesta. Prima de tamano de OPERACION, no de empresa. Definicion amplia."
Alemania,prestamos_empresas,Prima PYME (amplia) | mensual,0.6800,pct_anual,2022-12,"BCE, MIR (ECB Data Portal)",https://data.ecb.europa.eu/data/datasets/MIR,2026-09-21,hasta 1 M frente a mas de 1 M (corte convencional PYME),Total initial rate fixation,tamano_prestamo,nivel,dato_unico,"DIFERENCIAL de dos niveles de tipo, no un saldo neto de encuesta. Prima de tamano de OPERACION, no de empresa. Definicion amplia."
Alemania,prestamos_empresas,Prima PYME (amplia) | mensual,1.0300,pct_anual,2023-01,"BCE, MIR (ECB Data Portal)",https://data.ecb.europa.eu/data/datasets/MIR,2026-09-21,hasta 1 M frente a mas de 1 M (corte convencional PYME),Total initial rate fixation,tamano_prestamo,nivel,dato_unico,"DIFERENCIAL de dos niveles de tipo, no un saldo neto de encuesta. Prima de tamano de OPERACION, no de empresa. Definicion amplia."
Alemania,prestamos_empresas,Prima PYME (amplia) | mensual,1.1700,pct_anual,2023-02,"BCE, MIR (ECB Data Portal)",https://data.ecb.europa.eu/data/datasets/MIR,2026-09-21,hasta 1 M frente a mas de 1 M (corte convencional PYME),Total initial rate fixation,tamano_prestamo,nivel,dato_unico,"DIFERENCIAL de dos niveles de tipo, no un saldo neto de encuesta. Prima de tamano de OPERACION, no de empresa. Definicion amplia."
Alemania,prestamos_empresas,Prima PYME (amplia) | mensual,0.9600,pct_anual,2023-03,"BCE, MIR (ECB Data Portal)",https://data.ecb.europa.eu/data/datasets/MIR,2026-09-21,hasta 1 M frente a mas de 1 M (corte convencional PYME),Total initial rate fixation,tamano_prestamo,nivel,dato_unico,"DIFERENCIAL de dos niveles de tipo, no un saldo neto de encuesta. Prima de tamano de OPERACION, no de empresa. Definicion amplia."
Alemania,prestamos_empresas,Prima PYME (amplia) | mensual,0.9500,pct_anual,2023-04,"BCE, MIR (ECB Data Portal)",https://data.ecb.europa.eu/data/datasets/MIR,2026-09-21,hasta 1 M frente a mas de 1 M (corte convencional PYME),Total initial rate fixation,tamano_prestamo,nivel,dato_unico,"DIFERENCIAL de dos niveles de tipo, no un saldo neto de encuesta. Prima de tamano de OPERACION, no de empresa. Definicion amplia."
Alemania,prestamos_empresas,Prima PYME (amplia) | mensual,0.8700,pct_anual,2023-05,"BCE, MIR (ECB Data Portal)",https://data.ecb.europa.eu/data/datasets/MIR,2026-09-21,hasta 1 M frente a mas de 1 M (corte convencional PYME),Total initial rate fixation,tamano_prestamo,nivel,dato_unico,"DIFERENCIAL de dos niveles de tipo, no un saldo neto de encuesta. Prima de tamano de OPERACION, no de empresa. Definicion amplia."
Alemania,prestamos_empresas,Prima PYME (amplia) | mensual,0.8200,pct_anual,2023-06,"BCE, MIR (ECB Data Portal)",https://data.ecb.europa.eu/data/datasets/MIR,2026-09-21,hasta 1 M frente a mas de 1 M (corte convencional PYME),Total initial rate fixation,tamano_prestamo,nivel,dato_unico,"DIFERENCIAL de dos niveles de tipo, no un saldo neto de encuesta. Prima de tamano de OPERACION, no de empresa. Definicion amplia."
Alemania,prestamos_empresas,Prima PYME (amplia) | mensual,1.4000,pct_anual,2023-07,"BCE, MIR (ECB Data Portal)",https://data.ecb.europa.eu/data/datasets/MIR,2026-09-21,hasta 1 M frente a mas de 1 M (corte convencional PYME),Total initial rate fixation,tamano_prestamo,nivel,dato_unico,"DIFERENCIAL de dos niveles de tipo, no un saldo neto de encuesta. Prima de tamano de OPERACION, no de empresa. Definicion amplia."
Alemania,prestamos_empresas,Prima PYME (amplia) | mensual,1.0400,pct_anual,2023-08,"BCE, MIR (ECB Data Portal)",https://data.ecb.europa.eu/data/datasets/MIR,2026-09-21,hasta 1 M frente a mas de 1 M (corte convencional PYME),Total initial rate fixation,tamano_prestamo,nivel,dato_unico,"DIFERENCIAL de dos niveles de tipo, no un saldo neto de encuesta. Prima de tamano de OPERACION, no de empresa. Definicion amplia."
Alemania,prestamos_empresas,Prima PYME (amplia) | mensual,1.0200,pct_anual,2023-09,"BCE, MIR (ECB Data Portal)",https://data.ecb.europa.eu/data/datasets/MIR,2026-09-21,hasta 1 M frente a mas de 1 M (corte convencional PYME),Total initial rate fixation,tamano_prestamo,nivel,dato_unico,"DIFERENCIAL de dos niveles de tipo, no un saldo neto de encuesta. Prima de tamano de OPERACION, no de empresa. Definicion amplia."
Alemania,prestamos_empresas,Prima PYME (amplia) | mensual,1.1200,pct_anual,2023-10,"BCE, MIR (ECB Data Portal)",https://data.ecb.europa.eu/data/datasets/MIR,2026-09-21,hasta 1 M frente a mas de 1 M (corte convencional PYME),Total initial rate fixation,tamano_prestamo,nivel,dato_unico,"DIFERENCIAL de dos niveles de tipo, no un saldo neto de encuesta. Prima de tamano de OPERACION, no de empresa. Definicion amplia."
Alemania,prestamos_empresas,Prima PYME (amplia) | mensual,1.2700,pct_anual,2023-11,"BCE, MIR (ECB Data Portal)",https://data.ecb.europa.eu/data/datasets/MIR,2026-09-21,hasta 1 M frente a mas de 1 M (corte convencional PYME),Total initial rate fixation,tamano_prestamo,nivel,dato_unico,"DIFERENCIAL de dos niveles de tipo, no un saldo neto de encuesta. Prima de tamano de OPERACION, no de empresa. Definicion amplia."
Alemania,prestamos_empresas,Prima PYME (amplia) | mensual,0.9500,pct_anual,2023-12,"BCE, MIR (ECB Data Portal)",https://data.ecb.europa.eu/data/datasets/MIR,2026-09-21,hasta 1 M frente a mas de 1 M (corte convencional PYME),Total initial rate fixation,tamano_prestamo,nivel,dato_unico,"DIFERENCIAL de dos niveles de tipo, no un saldo neto de encuesta. Prima de tamano de OPERACION, no de empresa. Definicion amplia."
Alemania,prestamos_empresas,Prima PYME (amplia) | mensual,0.7700,pct_anual,2024-01,"BCE, MIR (ECB Data Portal)",https://data.ecb.europa.eu/data/datasets/MIR,2026-09-21,hasta 1 M frente a mas de 1 M (corte convencional PYME),Total initial rate fixation,tamano_prestamo,nivel,dato_unico,"DIFERENCIAL de dos niveles de tipo, no un saldo neto de encuesta. Prima de tamano de OPERACION, no de empresa. Definicion amplia."
Alemania,prestamos_empresas,Prima PYME (amplia) | mensual,0.9000,pct_anual,2024-02,"BCE, MIR (ECB Data Portal)",https://data.ecb.europa.eu/data/datasets/MIR,2026-09-21,hasta 1 M frente a mas de 1 M (corte convencional PYME),Total initial rate fixation,tamano_prestamo,nivel,dato_unico,"DIFERENCIAL de dos niveles de tipo, no un saldo neto de encuesta. Prima de tamano de OPERACION, no de empresa. Definicion amplia."
Alemania,prestamos_empresas,Prima PYME (amplia) | mensual,0.5600,pct_anual,2024-03,"BCE, MIR (ECB Data Portal)",https://data.ecb.europa.eu/data/datasets/MIR,2026-09-21,hasta 1 M frente a mas de 1 M (corte convencional PYME),Total initial rate fixation,tamano_prestamo,nivel,dato_unico,"DIFERENCIAL de dos niveles de tipo, no un saldo neto de encuesta. Prima de tamano de OPERACION, no de empresa. Definicion amplia."
Alemania,prestamos_empresas,Prima PYME (amplia) | mensual,0.7000,pct_anual,2024-04,"BCE, MIR (ECB Data Portal)",https://data.ecb.europa.eu/data/datasets/MIR,2026-09-21,hasta 1 M frente a mas de 1 M (corte convencional PYME),Total initial rate fixation,tamano_prestamo,nivel,dato_unico,"DIFERENCIAL de dos niveles de tipo, no un saldo neto de encuesta. Prima de tamano de OPERACION, no de empresa. Definicion amplia."
Alemania,prestamos_empresas,Prima PYME (amplia) | mensual,0.8600,pct_anual,2024-05,"BCE, MIR (ECB Data Portal)",https://data.ecb.europa.eu/data/datasets/MIR,2026-09-21,hasta 1 M frente a mas de 1 M (corte convencional PYME),Total initial rate fixation,tamano_prestamo,nivel,dato_unico,"DIFERENCIAL de dos niveles de tipo, no un saldo neto de encuesta. Prima de tamano de OPERACION, no de empresa. Definicion amplia."
Alemania,prestamos_empresas,Prima PYME (amplia) | mensual,0.8300,pct_anual,2024-06,"BCE, MIR (ECB Data Portal)",https://data.ecb.europa.eu/data/datasets/MIR,2026-09-21,hasta 1 M frente a mas de 1 M (corte convencional PYME),Total initial rate fixation,tamano_prestamo,nivel,dato_unico,"DIFERENCIAL de dos niveles de tipo, no un saldo neto de encuesta. Prima de tamano de OPERACION, no de empresa. Definicion amplia."
Alemania,prestamos_empresas,Prima PYME (amplia) | mensual,0.8600,pct_anual,2024-07,"BCE, MIR (ECB Data Portal)",https://data.ecb.europa.eu/data/datasets/MIR,2026-09-21,hasta 1 M frente a mas de 1 M (corte convencional PYME),Total initial rate fixation,tamano_prestamo,nivel,dato_unico,"DIFERENCIAL de dos niveles de tipo, no un saldo neto de encuesta. Prima de tamano de OPERACION, no de empresa. Definicion amplia."
Alemania,prestamos_empresas,Prima PYME (amplia) | mensual,0.6500,pct_anual,2024-08,"BCE, MIR (ECB Data Portal)",https://data.ecb.europa.eu/data/datasets/MIR,2026-09-21,hasta 1 M frente a mas de 1 M (corte convencional PYME),Total initial rate fixation,tamano_prestamo,nivel,dato_unico,"DIFERENCIAL de dos niveles de tipo, no un saldo neto de encuesta. Prima de tamano de OPERACION, no de empresa. Definicion amplia."
Alemania,prestamos_empresas,Prima PYME (amplia) | mensual,0.9000,pct_anual,2024-09,"BCE, MIR (ECB Data Portal)",https://data.ecb.europa.eu/data/datasets/MIR,2026-09-21,hasta 1 M frente a mas de 1 M (corte convencional PYME),Total initial rate fixation,tamano_prestamo,nivel,dato_unico,"DIFERENCIAL de dos niveles de tipo, no un saldo neto de encuesta. Prima de tamano de OPERACION, no de empresa. Definicion amplia."
Alemania,prestamos_empresas,Prima PYME (amplia) | mensual,0.7300,pct_anual,2024-10,"BCE, MIR (ECB Data Portal)",https://data.ecb.europa.eu/data/datasets/MIR,2026-09-21,hasta 1 M frente a mas de 1 M (corte convencional PYME),Total initial rate fixation,tamano_prestamo,nivel,dato_unico,"DIFERENCIAL de dos niveles de tipo, no un saldo neto de encuesta. Prima de tamano de OPERACION, no de empresa. Definicion amplia."
Alemania,prestamos_empresas,Prima PYME (amplia) | mensual,0.9100,pct_anual,2024-11,"BCE, MIR (ECB Data Portal)",https://data.ecb.europa.eu/data/datasets/MIR,2026-09-21,hasta 1 M frente a mas de 1 M (corte convencional PYME),Total initial rate fixation,tamano_prestamo,nivel,dato_unico,"DIFERENCIAL de dos niveles de tipo, no un saldo neto de encuesta. Prima de tamano de OPERACION, no de empresa. Definicion amplia."
Alemania,prestamos_empresas,Prima PYME (amplia) | mensual,0.9300,pct_anual,2024-12,"BCE, MIR (ECB Data Portal)",https://data.ecb.europa.eu/data/datasets/MIR,2026-09-21,hasta 1 M frente a mas de 1 M (corte convencional PYME),Total initial rate fixation,tamano_prestamo,nivel,dato_unico,"DIFERENCIAL de dos niveles de tipo, no un saldo neto de encuesta. Prima de tamano de OPERACION, no de empresa. Definicion amplia."
Alemania,prestamos_empresas,Prima PYME (amplia) | mensual,0.6200,pct_anual,2025-01,"BCE, MIR (ECB Data Portal)",https://data.ecb.europa.eu/data/datasets/MIR,2026-09-21,hasta 1 M frente a mas de 1 M (corte convencional PYME),Total initial rate fixation,tamano_prestamo,nivel,dato_unico,"DIFERENCIAL de dos niveles de tipo, no un saldo neto de encuesta. Prima de tamano de OPERACION, no de empresa. Definicion amplia."
Alemania,prestamos_empresas,Prima PYME (amplia) | mensual,0.6600,pct_anual,2025-02,"BCE, MIR (ECB Data Portal)",https://data.ecb.europa.eu/data/datasets/MIR,2026-09-21,hasta 1 M frente a mas de 1 M (corte convencional PYME),Total initial rate fixation,tamano_prestamo,nivel,dato_unico,"DIFERENCIAL de dos niveles de tipo, no un saldo neto de encuesta. Prima de tamano de OPERACION, no de empresa. Definicion amplia."
Alemania,prestamos_empresas,Prima PYME (amplia) | mensual,0.9900,pct_anual,2025-03,"BCE, MIR (ECB Data Portal)",https://data.ecb.europa.eu/data/datasets/MIR,2026-09-21,hasta 1 M frente a mas de 1 M (corte convencional PYME),Total initial rate fixation,tamano_prestamo,nivel,dato_unico,"DIFERENCIAL de dos niveles de tipo, no un saldo neto de encuesta. Prima de tamano de OPERACION, no de empresa. Definicion amplia."
Alemania,prestamos_empresas,Prima PYME (amplia) | mensual,0.9800,pct_anual,2025-04,"BCE, MIR (ECB Data Portal)",https://data.ecb.europa.eu/data/datasets/MIR,2026-09-21,hasta 1 M frente a mas de 1 M (corte convencional PYME),Total initial rate fixation,tamano_prestamo,nivel,dato_unico,"DIFERENCIAL de dos niveles de tipo, no un saldo neto de encuesta. Prima de tamano de OPERACION, no de empresa. Definicion amplia."
Alemania,prestamos_empresas,Prima PYME (amplia) | mensual,1.1000,pct_anual,2025-05,"BCE, MIR (ECB Data Portal)",https://data.ecb.europa.eu/data/datasets/MIR,2026-09-21,hasta 1 M frente a mas de 1 M (corte convencional PYME),Total initial rate fixation,tamano_prestamo,nivel,dato_unico,"DIFERENCIAL de dos niveles de tipo, no un saldo neto de encuesta. Prima de tamano de OPERACION, no de empresa. Definicion amplia."
Alemania,prestamos_empresas,Prima PYME (amplia) | mensual,1.0400,pct_anual,2025-06,"BCE, MIR (ECB Data Portal)",https://data.ecb.europa.eu/data/datasets/MIR,2026-09-21,hasta 1 M frente a mas de 1 M (corte convencional PYME),Total initial rate fixation,tamano_prestamo,nivel,dato_unico,"DIFERENCIAL de dos niveles de tipo, no un saldo neto de encuesta. Prima de tamano de OPERACION, no de empresa. Definicion amplia."
Alemania,prestamos_empresas,Prima PYME (amplia) | mensual,1.0900,pct_anual,2025-07,"BCE, MIR (ECB Data Portal)",https://data.ecb.europa.eu/data/datasets/MIR,2026-09-21,hasta 1 M frente a mas de 1 M (corte convencional PYME),Total initial rate fixation,tamano_prestamo,nivel,dato_unico,"DIFERENCIAL de dos niveles de tipo, no un saldo neto de encuesta. Prima de tamano de OPERACION, no de empresa. Definicion amplia."
Alemania,prestamos_empresas,Prima PYME (amplia) | mensual,1.1300,pct_anual,2025-08,"BCE, MIR (ECB Data Portal)",https://data.ecb.europa.eu/data/datasets/MIR,2026-09-21,hasta 1 M frente a mas de 1 M (corte convencional PYME),Total initial rate fixation,tamano_prestamo,nivel,dato_unico,"DIFERENCIAL de dos niveles de tipo, no un saldo neto de encuesta. Prima de tamano de OPERACION, no de empresa. Definicion amplia."
Alemania,prestamos_empresas,Prima PYME (amplia) | mensual,1.2200,pct_anual,2025-09,"BCE, MIR (ECB Data Portal)",https://data.ecb.europa.eu/data/datasets/MIR,2026-09-21,hasta 1 M frente a mas de 1 M (corte convencional PYME),Total initial rate fixation,tamano_prestamo,nivel,dato_unico,"DIFERENCIAL de dos niveles de tipo, no un saldo neto de encuesta. Prima de tamano de OPERACION, no de empresa. Definicion amplia."
Alemania,prestamos_empresas,Prima PYME (amplia) | mensual,1.1400,pct_anual,2025-10,"BCE, MIR (ECB Data Portal)",https://data.ecb.europa.eu/data/datasets/MIR,2026-09-21,hasta 1 M frente a mas de 1 M (corte convencional PYME),Total initial rate fixation,tamano_prestamo,nivel,dato_unico,"DIFERENCIAL de dos niveles de tipo, no un saldo neto de encuesta. Prima de tamano de OPERACION, no de empresa. Definicion amplia."
Alemania,prestamos_empresas,Prima PYME (amplia) | mensual,1.1600,pct_anual,2025-11,"BCE, MIR (ECB Data Portal)",https://data.ecb.europa.eu/data/datasets/MIR,2026-09-21,hasta 1 M frente a mas de 1 M (corte convencional PYME),Total initial rate fixation,tamano_prestamo,nivel,dato_unico,"DIFERENCIAL de dos niveles de tipo, no un saldo neto de encuesta. Prima de tamano de OPERACION, no de empresa. Definicion amplia."
Alemania,prestamos_empresas,Prima PYME (amplia) | mensual,1.0200,pct_anual,2025-12,"BCE, MIR (ECB Data Portal)",https://data.ecb.europa.eu/data/datasets/MIR,2026-09-21,hasta 1 M frente a mas de 1 M (corte convencional PYME),Total initial rate fixation,tamano_prestamo,nivel,dato_unico,"DIFERENCIAL de dos niveles de tipo, no un saldo neto de encuesta. Prima de tamano de OPERACION, no de empresa. Definicion amplia."
Alemania,prestamos_empresas,Prima PYME (amplia) | mensual,0.9100,pct_anual,2026-01,"BCE, MIR (ECB Data Portal)",https://data.ecb.europa.eu/data/datasets/MIR,2026-09-21,hasta 1 M frente a mas de 1 M (corte convencional PYME),Total initial rate fixation,tamano_prestamo,nivel,dato_unico,"DIFERENCIAL de dos niveles de tipo, no un saldo neto de encuesta. Prima de tamano de OPERACION, no de empresa. Definicion amplia."
Alemania,prestamos_empresas,Prima PYME (amplia) | mensual,1.1400,pct_anual,2026-02,"BCE, MIR (ECB Data Portal)",https://data.ecb.europa.eu/data/datasets/MIR,2026-09-21,hasta 1 M frente a mas de 1 M (corte convencional PYME),Total initial rate fixation,tamano_prestamo,nivel,dato_unico,"DIFERENCIAL de dos niveles de tipo, no un saldo neto de encuesta. Prima de tamano de OPERACION, no de empresa. Definicion amplia."
Alemania,prestamos_empresas,Prima PYME (amplia) | mensual,0.9000,pct_anual,2026-03,"BCE, MIR (ECB Data Portal)",https://data.ecb.europa.eu/data/datasets/MIR,2026-09-21,hasta 1 M frente a mas de 1 M (corte convencional PYME),Total initial rate fixation,tamano_prestamo,nivel,dato_unico,"DIFERENCIAL de dos niveles de tipo, no un saldo neto de encuesta. Prima de tamano de OPERACION, no de empresa. Definicion amplia."
Alemania,prestamos_empresas,Prima PYME (amplia) | mensual,0.9600,pct_anual,2026-04,"BCE, MIR (ECB Data Portal)",https://data.ecb.europa.eu/data/datasets/MIR,2026-09-21,hasta 1 M frente a mas de 1 M (corte convencional PYME),Total initial rate fixation,tamano_prestamo,nivel,dato_unico,"DIFERENCIAL de dos niveles de tipo, no un saldo neto de encuesta. Prima de tamano de OPERACION, no de empresa. Definicion amplia."
Alemania,prestamos_empresas,Prima PYME (amplia) | mensual,1.2000,pct_anual,2026-05,"BCE, MIR (ECB Data Portal)",https://data.ecb.europa.eu/data/datasets/MIR,2026-09-21,hasta 1 M frente a mas de 1 M (corte convencional PYME),Total initial rate fixation,tamano_prestamo,nivel,dato_unico,"DIFERENCIAL de dos niveles de tipo, no un saldo neto de encuesta. Prima de tamano de OPERACION, no de empresa. Definicion amplia."
Alemania,prestamos_empresas,Prima PYME (amplia) | mensual,0.9200,pct_anual,2026-06,"BCE, MIR (ECB Data Portal)",https://data.ecb.europa.eu/data/datasets/MIR,2026-09-21,hasta 1 M frente a mas de 1 M (corte convencional PYME),Total initial rate fixation,tamano_prestamo,nivel,dato_unico,"DIFERENCIAL de dos niveles de tipo, no un saldo neto de encuesta. Prima de tamano de OPERACION, no de empresa. Definicion amplia."
Alemania,prestamos_empresas,Prima PYME (amplia) | mensual,0.9300,pct_anual,2026-07,"BCE, MIR (ECB Data Portal)",https://data.ecb.europa.eu/data/datasets/MIR,2026-09-21,hasta 1 M frente a mas de 1 M (corte convencional PYME),Total initial rate fixation,tamano_prestamo,nivel,dato_unico,"DIFERENCIAL de dos niveles de tipo, no un saldo neto de encuesta. Prima de tamano de OPERACION, no de empresa. Definicion amplia."
Alemania,prestamos_empresas,Prima PYME (amplia) | media del ano,0.4319,pct_anual,2022,"BCE, MIR (ECB Data Portal)",https://data.ecb.europa.eu/data/datasets/MIR,2026-09-21,hasta 1 M frente a mas de 1 M (corte convencional PYME),Total initial rate fixation,tamano_prestamo,nivel,media_ponderada_volumen,"DIFERENCIAL de dos niveles de tipo, no un saldo neto de encuesta. Prima de tamano de OPERACION, no de empresa. Definicion amplia. Media del diferencial mensual ponderada por el volumen de nueva produccion de los dos tramos."
Alemania,prestamos_empresas,Prima PYME (amplia) | media del ano,1.0434,pct_anual,2023,"BCE, MIR (ECB Data Portal)",https://data.ecb.europa.eu/data/datasets/MIR,2026-09-21,hasta 1 M frente a mas de 1 M (corte convencional PYME),Total initial rate fixation,tamano_prestamo,nivel,media_ponderada_volumen,"DIFERENCIAL de dos niveles de tipo, no un saldo neto de encuesta. Prima de tamano de OPERACION, no de empresa. Definicion amplia. Media del diferencial mensual ponderada por el volumen de nueva produccion de los dos tramos."
Alemania,prestamos_empresas,Prima PYME (amplia) | media del ano,0.8026,pct_anual,2024,"BCE, MIR (ECB Data Portal)",https://data.ecb.europa.eu/data/datasets/MIR,2026-09-21,hasta 1 M frente a mas de 1 M (corte convencional PYME),Total initial rate fixation,tamano_prestamo,nivel,media_ponderada_volumen,"DIFERENCIAL de dos niveles de tipo, no un saldo neto de encuesta. Prima de tamano de OPERACION, no de empresa. Definicion amplia. Media del diferencial mensual ponderada por el volumen de nueva produccion de los dos tramos."
Alemania,prestamos_empresas,Prima PYME (amplia) | media del ano,1.0274,pct_anual,2025,"BCE, MIR (ECB Data Portal)",https://data.ecb.europa.eu/data/datasets/MIR,2026-09-21,hasta 1 M frente a mas de 1 M (corte convencional PYME),Total initial rate fixation,tamano_prestamo,nivel,media_ponderada_volumen,"DIFERENCIAL de dos niveles de tipo, no un saldo neto de encuesta. Prima de tamano de OPERACION, no de empresa. Definicion amplia. Media del diferencial mensual ponderada por el volumen de nueva produccion de los dos tramos."
Alemania,prestamos_empresas,Prima PYME (amplia) | media del ano,0.9870,pct_anual,2026,"BCE, MIR (ECB Data Portal)",https://data.ecb.europa.eu/data/datasets/MIR,2026-09-21,hasta 1 M frente a mas de 1 M (corte convencional PYME),Total initial rate fixation,tamano_prestamo,nivel,media_ponderada_volumen,"DIFERENCIAL de dos niveles de tipo, no un saldo neto de encuesta. Prima de tamano de OPERACION, no de empresa. Definicion amplia. Media del diferencial mensual ponderada por el volumen de nueva produccion de los dos tramos."
Alemania,prestamos_empresas,Prima PYME (amplia) | ultimos 12 meses,1.0497,pct_anual,2025-08 a 2026-07,"BCE, MIR (ECB Data Portal)",https://data.ecb.europa.eu/data/datasets/MIR,2026-09-21,hasta 1 M frente a mas de 1 M (corte convencional PYME),Total initial rate fixation,tamano_prestamo,nivel,media_ponderada_volumen,"DIFERENCIAL de dos niveles de tipo, no un saldo neto de encuesta. Prima de tamano de OPERACION, no de empresa. Definicion amplia. 1 de los 55 meses de la serie tienen prima NEGATIVA (el prestamo pequeno sale mas barato que el grande)."
Francia,prestamos_empresas,Prima PYME (amplia) | mensual,0.1200,pct_anual,2022-01,"BCE, MIR (ECB Data Portal)",https://data.ecb.europa.eu/data/datasets/MIR,2026-09-21,hasta 1 M frente a mas de 1 M (corte convencional PYME),Total initial rate fixation,tamano_prestamo,nivel,dato_unico,"DIFERENCIAL de dos niveles de tipo, no un saldo neto de encuesta. Prima de tamano de OPERACION, no de empresa. Definicion amplia."
Francia,prestamos_empresas,Prima PYME (amplia) | mensual,0.0400,pct_anual,2022-02,"BCE, MIR (ECB Data Portal)",https://data.ecb.europa.eu/data/datasets/MIR,2026-09-21,hasta 1 M frente a mas de 1 M (corte convencional PYME),Total initial rate fixation,tamano_prestamo,nivel,dato_unico,"DIFERENCIAL de dos niveles de tipo, no un saldo neto de encuesta. Prima de tamano de OPERACION, no de empresa. Definicion amplia."
Francia,prestamos_empresas,Prima PYME (amplia) | mensual,0.2400,pct_anual,2022-03,"BCE, MIR (ECB Data Portal)",https://data.ecb.europa.eu/data/datasets/MIR,2026-09-21,hasta 1 M frente a mas de 1 M (corte convencional PYME),Total initial rate fixation,tamano_prestamo,nivel,dato_unico,"DIFERENCIAL de dos niveles de tipo, no un saldo neto de encuesta. Prima de tamano de OPERACION, no de empresa. Definicion amplia."
Francia,prestamos_empresas,Prima PYME (amplia) | mensual,0.3200,pct_anual,2022-04,"BCE, MIR (ECB Data Portal)",https://data.ecb.europa.eu/data/datasets/MIR,2026-09-21,hasta 1 M frente a mas de 1 M (corte convencional PYME),Total initial rate fixation,tamano_prestamo,nivel,dato_unico,"DIFERENCIAL de dos niveles de tipo, no un saldo neto de encuesta. Prima de tamano de OPERACION, no de empresa. Definicion amplia."
Francia,prestamos_empresas,Prima PYME (amplia) | mensual,0.1900,pct_anual,2022-05,"BCE, MIR (ECB Data Portal)",https://data.ecb.europa.eu/data/datasets/MIR,2026-09-21,hasta 1 M frente a mas de 1 M (corte convencional PYME),Total initial rate fixation,tamano_prestamo,nivel,dato_unico,"DIFERENCIAL de dos niveles de tipo, no un saldo neto de encuesta. Prima de tamano de OPERACION, no de empresa. Definicion amplia."
Francia,prestamos_empresas,Prima PYME (amplia) | mensual,-0.0100,pct_anual,2022-06,"BCE, MIR (ECB Data Portal)",https://data.ecb.europa.eu/data/datasets/MIR,2026-09-21,hasta 1 M frente a mas de 1 M (corte convencional PYME),Total initial rate fixation,tamano_prestamo,nivel,dato_unico,"DIFERENCIAL de dos niveles de tipo, no un saldo neto de encuesta. Prima de tamano de OPERACION, no de empresa. Definicion amplia."
Francia,prestamos_empresas,Prima PYME (amplia) | mensual,0.3300,pct_anual,2022-07,"BCE, MIR (ECB Data Portal)",https://data.ecb.europa.eu/data/datasets/MIR,2026-09-21,hasta 1 M frente a mas de 1 M (corte convencional PYME),Total initial rate fixation,tamano_prestamo,nivel,dato_unico,"DIFERENCIAL de dos niveles de tipo, no un saldo neto de encuesta. Prima de tamano de OPERACION, no de empresa. Definicion amplia."
Francia,prestamos_empresas,Prima PYME (amplia) | mensual,0.4200,pct_anual,2022-08,"BCE, MIR (ECB Data Portal)",https://data.ecb.europa.eu/data/datasets/MIR,2026-09-21,hasta 1 M frente a mas de 1 M (corte convencional PYME),Total initial rate fixation,tamano_prestamo,nivel,dato_unico,"DIFERENCIAL de dos niveles de tipo, no un saldo neto de encuesta. Prima de tamano de OPERACION, no de empresa. Definicion amplia."
Francia,prestamos_empresas,Prima PYME (amplia) | mensual,0.2400,pct_anual,2022-09,"BCE, MIR (ECB Data Portal)",https://data.ecb.europa.eu/data/datasets/MIR,2026-09-21,hasta 1 M frente a mas de 1 M (corte convencional PYME),Total initial rate fixation,tamano_prestamo,nivel,dato_unico,"DIFERENCIAL de dos niveles de tipo, no un saldo neto de encuesta. Prima de tamano de OPERACION, no de empresa. Definicion amplia."
Francia,prestamos_empresas,Prima PYME (amplia) | mensual,0.1200,pct_anual,2022-10,"BCE, MIR (ECB Data Portal)",https://data.ecb.europa.eu/data/datasets/MIR,2026-09-21,hasta 1 M frente a mas de 1 M (corte convencional PYME),Total initial rate fixation,tamano_prestamo,nivel,dato_unico,"DIFERENCIAL de dos niveles de tipo, no un saldo neto de encuesta. Prima de tamano de OPERACION, no de empresa. Definicion amplia."
Francia,prestamos_empresas,Prima PYME (amplia) | mensual,-0.3600,pct_anual,2022-11,"BCE, MIR (ECB Data Portal)",https://data.ecb.europa.eu/data/datasets/MIR,2026-09-21,hasta 1 M frente a mas de 1 M (corte convencional PYME),Total initial rate fixation,tamano_prestamo,nivel,dato_unico,"DIFERENCIAL de dos niveles de tipo, no un saldo neto de encuesta. Prima de tamano de OPERACION, no de empresa. Definicion amplia."
Francia,prestamos_empresas,Prima PYME (amplia) | mensual,-0.0800,pct_anual,2022-12,"BCE, MIR (ECB Data Portal)",https://data.ecb.europa.eu/data/datasets/MIR,2026-09-21,hasta 1 M frente a mas de 1 M (corte convencional PYME),Total initial rate fixation,tamano_prestamo,nivel,dato_unico,"DIFERENCIAL de dos niveles de tipo, no un saldo neto de encuesta. Prima de tamano de OPERACION, no de empresa. Definicion amplia."
Francia,prestamos_empresas,Prima PYME (amplia) | mensual,-0.0500,pct_anual,2023-01,"BCE, MIR (ECB Data Portal)",https://data.ecb.europa.eu/data/datasets/MIR,2026-09-21,hasta 1 M frente a mas de 1 M (corte convencional PYME),Total initial rate fixation,tamano_prestamo,nivel,dato_unico,"DIFERENCIAL de dos niveles de tipo, no un saldo neto de encuesta. Prima de tamano de OPERACION, no de empresa. Definicion amplia."
Francia,prestamos_empresas,Prima PYME (amplia) | mensual,-0.1900,pct_anual,2023-02,"BCE, MIR (ECB Data Portal)",https://data.ecb.europa.eu/data/datasets/MIR,2026-09-21,hasta 1 M frente a mas de 1 M (corte convencional PYME),Total initial rate fixation,tamano_prestamo,nivel,dato_unico,"DIFERENCIAL de dos niveles de tipo, no un saldo neto de encuesta. Prima de tamano de OPERACION, no de empresa. Definicion amplia."
Francia,prestamos_empresas,Prima PYME (amplia) | mensual,0.0800,pct_anual,2023-03,"BCE, MIR (ECB Data Portal)",https://data.ecb.europa.eu/data/datasets/MIR,2026-09-21,hasta 1 M frente a mas de 1 M (corte convencional PYME),Total initial rate fixation,tamano_prestamo,nivel,dato_unico,"DIFERENCIAL de dos niveles de tipo, no un saldo neto de encuesta. Prima de tamano de OPERACION, no de empresa. Definicion amplia."
Francia,prestamos_empresas,Prima PYME (amplia) | mensual,-0.0300,pct_anual,2023-04,"BCE, MIR (ECB Data Portal)",https://data.ecb.europa.eu/data/datasets/MIR,2026-09-21,hasta 1 M frente a mas de 1 M (corte convencional PYME),Total initial rate fixation,tamano_prestamo,nivel,dato_unico,"DIFERENCIAL de dos niveles de tipo, no un saldo neto de encuesta. Prima de tamano de OPERACION, no de empresa. Definicion amplia."
Francia,prestamos_empresas,Prima PYME (amplia) | mensual,-0.2800,pct_anual,2023-05,"BCE, MIR (ECB Data Portal)",https://data.ecb.europa.eu/data/datasets/MIR,2026-09-21,hasta 1 M frente a mas de 1 M (corte convencional PYME),Total initial rate fixation,tamano_prestamo,nivel,dato_unico,"DIFERENCIAL de dos niveles de tipo, no un saldo neto de encuesta. Prima de tamano de OPERACION, no de empresa. Definicion amplia."
Francia,prestamos_empresas,Prima PYME (amplia) | mensual,-0.2200,pct_anual,2023-06,"BCE, MIR (ECB Data Portal)",https://data.ecb.europa.eu/data/datasets/MIR,2026-09-21,hasta 1 M frente a mas de 1 M (corte convencional PYME),Total initial rate fixation,tamano_prestamo,nivel,dato_unico,"DIFERENCIAL de dos niveles de tipo, no un saldo neto de encuesta. Prima de tamano de OPERACION, no de empresa. Definicion amplia."
Francia,prestamos_empresas,Prima PYME (amplia) | mensual,-0.3300,pct_anual,2023-07,"BCE, MIR (ECB Data Portal)",https://data.ecb.europa.eu/data/datasets/MIR,2026-09-21,hasta 1 M frente a mas de 1 M (corte convencional PYME),Total initial rate fixation,tamano_prestamo,nivel,dato_unico,"DIFERENCIAL de dos niveles de tipo, no un saldo neto de encuesta. Prima de tamano de OPERACION, no de empresa. Definicion amplia."
Francia,prestamos_empresas,Prima PYME (amplia) | mensual,-0.2200,pct_anual,2023-08,"BCE, MIR (ECB Data Portal)",https://data.ecb.europa.eu/data/datasets/MIR,2026-09-21,hasta 1 M frente a mas de 1 M (corte convencional PYME),Total initial rate fixation,tamano_prestamo,nivel,dato_unico,"DIFERENCIAL de dos niveles de tipo, no un saldo neto de encuesta. Prima de tamano de OPERACION, no de empresa. Definicion amplia."
Francia,prestamos_empresas,Prima PYME (amplia) | mensual,-0.1700,pct_anual,2023-09,"BCE, MIR (ECB Data Portal)",https://data.ecb.europa.eu/data/datasets/MIR,2026-09-21,hasta 1 M frente a mas de 1 M (corte convencional PYME),Total initial rate fixation,tamano_prestamo,nivel,dato_unico,"DIFERENCIAL de dos niveles de tipo, no un saldo neto de encuesta. Prima de tamano de OPERACION, no de empresa. Definicion amplia."
Francia,prestamos_empresas,Prima PYME (amplia) | mensual,-0.2900,pct_anual,2023-10,"BCE, MIR (ECB Data Portal)",https://data.ecb.europa.eu/data/datasets/MIR,2026-09-21,hasta 1 M frente a mas de 1 M (corte convencional PYME),Total initial rate fixation,tamano_prestamo,nivel,dato_unico,"DIFERENCIAL de dos niveles de tipo, no un saldo neto de encuesta. Prima de tamano de OPERACION, no de empresa. Definicion amplia."
Francia,prestamos_empresas,Prima PYME (amplia) | mensual,-0.4400,pct_anual,2023-11,"BCE, MIR (ECB Data Portal)",https://data.ecb.europa.eu/data/datasets/MIR,2026-09-21,hasta 1 M frente a mas de 1 M (corte convencional PYME),Total initial rate fixation,tamano_prestamo,nivel,dato_unico,"DIFERENCIAL de dos niveles de tipo, no un saldo neto de encuesta. Prima de tamano de OPERACION, no de empresa. Definicion amplia."
Francia,prestamos_empresas,Prima PYME (amplia) | mensual,-0.2900,pct_anual,2023-12,"BCE, MIR (ECB Data Portal)",https://data.ecb.europa.eu/data/datasets/MIR,2026-09-21,hasta 1 M frente a mas de 1 M (corte convencional PYME),Total initial rate fixation,tamano_prestamo,nivel,dato_unico,"DIFERENCIAL de dos niveles de tipo, no un saldo neto de encuesta. Prima de tamano de OPERACION, no de empresa. Definicion amplia."
Francia,prestamos_empresas,Prima PYME (amplia) | mensual,-0.0900,pct_anual,2024-01,"BCE, MIR (ECB Data Portal)",https://data.ecb.europa.eu/data/datasets/MIR,2026-09-21,hasta 1 M frente a mas de 1 M (corte convencional PYME),Total initial rate fixation,tamano_prestamo,nivel,dato_unico,"DIFERENCIAL de dos niveles de tipo, no un saldo neto de encuesta. Prima de tamano de OPERACION, no de empresa. Definicion amplia."
Francia,prestamos_empresas,Prima PYME (amplia) | mensual,-0.2700,pct_anual,2024-02,"BCE, MIR (ECB Data Portal)",https://data.ecb.europa.eu/data/datasets/MIR,2026-09-21,hasta 1 M frente a mas de 1 M (corte convencional PYME),Total initial rate fixation,tamano_prestamo,nivel,dato_unico,"DIFERENCIAL de dos niveles de tipo, no un saldo neto de encuesta. Prima de tamano de OPERACION, no de empresa. Definicion amplia."
Francia,prestamos_empresas,Prima PYME (amplia) | mensual,-0.2600,pct_anual,2024-03,"BCE, MIR (ECB Data Portal)",https://data.ecb.europa.eu/data/datasets/MIR,2026-09-21,hasta 1 M frente a mas de 1 M (corte convencional PYME),Total initial rate fixation,tamano_prestamo,nivel,dato_unico,"DIFERENCIAL de dos niveles de tipo, no un saldo neto de encuesta. Prima de tamano de OPERACION, no de empresa. Definicion amplia."
Francia,prestamos_empresas,Prima PYME (amplia) | mensual,-0.3400,pct_anual,2024-04,"BCE, MIR (ECB Data Portal)",https://data.ecb.europa.eu/data/datasets/MIR,2026-09-21,hasta 1 M frente a mas de 1 M (corte convencional PYME),Total initial rate fixation,tamano_prestamo,nivel,dato_unico,"DIFERENCIAL de dos niveles de tipo, no un saldo neto de encuesta. Prima de tamano de OPERACION, no de empresa. Definicion amplia."
Francia,prestamos_empresas,Prima PYME (amplia) | mensual,-0.0200,pct_anual,2024-05,"BCE, MIR (ECB Data Portal)",https://data.ecb.europa.eu/data/datasets/MIR,2026-09-21,hasta 1 M frente a mas de 1 M (corte convencional PYME),Total initial rate fixation,tamano_prestamo,nivel,dato_unico,"DIFERENCIAL de dos niveles de tipo, no un saldo neto de encuesta. Prima de tamano de OPERACION, no de empresa. Definicion amplia."
Francia,prestamos_empresas,Prima PYME (amplia) | mensual,-0.3800,pct_anual,2024-06,"BCE, MIR (ECB Data Portal)",https://data.ecb.europa.eu/data/datasets/MIR,2026-09-21,hasta 1 M frente a mas de 1 M (corte convencional PYME),Total initial rate fixation,tamano_prestamo,nivel,dato_unico,"DIFERENCIAL de dos niveles de tipo, no un saldo neto de encuesta. Prima de tamano de OPERACION, no de empresa. Definicion amplia."
Francia,prestamos_empresas,Prima PYME (amplia) | mensual,-0.4700,pct_anual,2024-07,"BCE, MIR (ECB Data Portal)",https://data.ecb.europa.eu/data/datasets/MIR,2026-09-21,hasta 1 M frente a mas de 1 M (corte convencional PYME),Total initial rate fixation,tamano_prestamo,nivel,dato_unico,"DIFERENCIAL de dos niveles de tipo, no un saldo neto de encuesta. Prima de tamano de OPERACION, no de empresa. Definicion amplia."
Francia,prestamos_empresas,Prima PYME (amplia) | mensual,-0.5100,pct_anual,2024-08,"BCE, MIR (ECB Data Portal)",https://data.ecb.europa.eu/data/datasets/MIR,2026-09-21,hasta 1 M frente a mas de 1 M (corte convencional PYME),Total initial rate fixation,tamano_prestamo,nivel,dato_unico,"DIFERENCIAL de dos niveles de tipo, no un saldo neto de encuesta. Prima de tamano de OPERACION, no de empresa. Definicion amplia."
Francia,prestamos_empresas,Prima PYME (amplia) | mensual,-0.1700,pct_anual,2024-09,"BCE, MIR (ECB Data Portal)",https://data.ecb.europa.eu/data/datasets/MIR,2026-09-21,hasta 1 M frente a mas de 1 M (corte convencional PYME),Total initial rate fixation,tamano_prestamo,nivel,dato_unico,"DIFERENCIAL de dos niveles de tipo, no un saldo neto de encuesta. Prima de tamano de OPERACION, no de empresa. Definicion amplia."
Francia,prestamos_empresas,Prima PYME (amplia) | mensual,-0.0200,pct_anual,2024-10,"BCE, MIR (ECB Data Portal)",https://data.ecb.europa.eu/data/datasets/MIR,2026-09-21,hasta 1 M frente a mas de 1 M (corte convencional PYME),Total initial rate fixation,tamano_prestamo,nivel,dato_unico,"DIFERENCIAL de dos niveles de tipo, no un saldo neto de encuesta. Prima de tamano de OPERACION, no de empresa. Definicion amplia."
Francia,prestamos_empresas,Prima PYME (amplia) | mensual,0.0900,pct_anual,2024-11,"BCE, MIR (ECB Data Portal)",https://data.ecb.europa.eu/data/datasets/MIR,2026-09-21,hasta 1 M frente a mas de 1 M (corte convencional PYME),Total initial rate fixation,tamano_prestamo,nivel,dato_unico,"DIFERENCIAL de dos niveles de tipo, no un saldo neto de encuesta. Prima de tamano de OPERACION, no de empresa. Definicion amplia."
Francia,prestamos_empresas,Prima PYME (amplia) | mensual,-0.0200,pct_anual,2024-12,"BCE, MIR (ECB Data Portal)",https://data.ecb.europa.eu/data/datasets/MIR,2026-09-21,hasta 1 M frente a mas de 1 M (corte convencional PYME),Total initial rate fixation,tamano_prestamo,nivel,dato_unico,"DIFERENCIAL de dos niveles de tipo, no un saldo neto de encuesta. Prima de tamano de OPERACION, no de empresa. Definicion amplia."
Francia,prestamos_empresas,Prima PYME (amplia) | mensual,-0.0600,pct_anual,2025-01,"BCE, MIR (ECB Data Portal)",https://data.ecb.europa.eu/data/datasets/MIR,2026-09-21,hasta 1 M frente a mas de 1 M (corte convencional PYME),Total initial rate fixation,tamano_prestamo,nivel,dato_unico,"DIFERENCIAL de dos niveles de tipo, no un saldo neto de encuesta. Prima de tamano de OPERACION, no de empresa. Definicion amplia."
Francia,prestamos_empresas,Prima PYME (amplia) | mensual,0.1500,pct_anual,2025-02,"BCE, MIR (ECB Data Portal)",https://data.ecb.europa.eu/data/datasets/MIR,2026-09-21,hasta 1 M frente a mas de 1 M (corte convencional PYME),Total initial rate fixation,tamano_prestamo,nivel,dato_unico,"DIFERENCIAL de dos niveles de tipo, no un saldo neto de encuesta. Prima de tamano de OPERACION, no de empresa. Definicion amplia."
Francia,prestamos_empresas,Prima PYME (amplia) | mensual,0.0900,pct_anual,2025-03,"BCE, MIR (ECB Data Portal)",https://data.ecb.europa.eu/data/datasets/MIR,2026-09-21,hasta 1 M frente a mas de 1 M (corte convencional PYME),Total initial rate fixation,tamano_prestamo,nivel,dato_unico,"DIFERENCIAL de dos niveles de tipo, no un saldo neto de encuesta. Prima de tamano de OPERACION, no de empresa. Definicion amplia."
Francia,prestamos_empresas,Prima PYME (amplia) | mensual,0.2000,pct_anual,2025-04,"BCE, MIR (ECB Data Portal)",https://data.ecb.europa.eu/data/datasets/MIR,2026-09-21,hasta 1 M frente a mas de 1 M (corte convencional PYME),Total initial rate fixation,tamano_prestamo,nivel,dato_unico,"DIFERENCIAL de dos niveles de tipo, no un saldo neto de encuesta. Prima de tamano de OPERACION, no de empresa. Definicion amplia."
Francia,prestamos_empresas,Prima PYME (amplia) | mensual,0.3400,pct_anual,2025-05,"BCE, MIR (ECB Data Portal)",https://data.ecb.europa.eu/data/datasets/MIR,2026-09-21,hasta 1 M frente a mas de 1 M (corte convencional PYME),Total initial rate fixation,tamano_prestamo,nivel,dato_unico,"DIFERENCIAL de dos niveles de tipo, no un saldo neto de encuesta. Prima de tamano de OPERACION, no de empresa. Definicion amplia."
Francia,prestamos_empresas,Prima PYME (amplia) | mensual,0.2700,pct_anual,2025-06,"BCE, MIR (ECB Data Portal)",https://data.ecb.europa.eu/data/datasets/MIR,2026-09-21,hasta 1 M frente a mas de 1 M (corte convencional PYME),Total initial rate fixation,tamano_prestamo,nivel,dato_unico,"DIFERENCIAL de dos niveles de tipo, no un saldo neto de encuesta. Prima de tamano de OPERACION, no de empresa. Definicion amplia."
Francia,prestamos_empresas,Prima PYME (amplia) | mensual,0.2500,pct_anual,2025-07,"BCE, MIR (ECB Data Portal)",https://data.ecb.europa.eu/data/datasets/MIR,2026-09-21,hasta 1 M frente a mas de 1 M (corte convencional PYME),Total initial rate fixation,tamano_prestamo,nivel,dato_unico,"DIFERENCIAL de dos niveles de tipo, no un saldo neto de encuesta. Prima de tamano de OPERACION, no de empresa. Definicion amplia."
Francia,prestamos_empresas,Prima PYME (amplia) | mensual,0.3700,pct_anual,2025-08,"BCE, MIR (ECB Data Portal)",https://data.ecb.europa.eu/data/datasets/MIR,2026-09-21,hasta 1 M frente a mas de 1 M (corte convencional PYME),Total initial rate fixation,tamano_prestamo,nivel,dato_unico,"DIFERENCIAL de dos niveles de tipo, no un saldo neto de encuesta. Prima de tamano de OPERACION, no de empresa. Definicion amplia."
Francia,prestamos_empresas,Prima PYME (amplia) | mensual,0.2900,pct_anual,2025-09,"BCE, MIR (ECB Data Portal)",https://data.ecb.europa.eu/data/datasets/MIR,2026-09-21,hasta 1 M frente a mas de 1 M (corte convencional PYME),Total initial rate fixation,tamano_prestamo,nivel,dato_unico,"DIFERENCIAL de dos niveles de tipo, no un saldo neto de encuesta. Prima de tamano de OPERACION, no de empresa. Definicion amplia."
Francia,prestamos_empresas,Prima PYME (amplia) | mensual,0.3600,pct_anual,2025-10,"BCE, MIR (ECB Data Portal)",https://data.ecb.europa.eu/data/datasets/MIR,2026-09-21,hasta 1 M frente a mas de 1 M (corte convencional PYME),Total initial rate fixation,tamano_prestamo,nivel,dato_unico,"DIFERENCIAL de dos niveles de tipo, no un saldo neto de encuesta. Prima de tamano de OPERACION, no de empresa. Definicion amplia."
Francia,prestamos_empresas,Prima PYME (amplia) | mensual,0.3000,pct_anual,2025-11,"BCE, MIR (ECB Data Portal)",https://data.ecb.europa.eu/data/datasets/MIR,2026-09-21,hasta 1 M frente a mas de 1 M (corte convencional PYME),Total initial rate fixation,tamano_prestamo,nivel,dato_unico,"DIFERENCIAL de dos niveles de tipo, no un saldo neto de encuesta. Prima de tamano de OPERACION, no de empresa. Definicion amplia."
Francia,prestamos_empresas,Prima PYME (amplia) | mensual,0.2200,pct_anual,2025-12,"BCE, MIR (ECB Data Portal)",https://data.ecb.europa.eu/data/datasets/MIR,2026-09-21,hasta 1 M frente a mas de 1 M (corte convencional PYME),Total initial rate fixation,tamano_prestamo,nivel,dato_unico,"DIFERENCIAL de dos niveles de tipo, no un saldo neto de encuesta. Prima de tamano de OPERACION, no de empresa. Definicion amplia."
Francia,prestamos_empresas,Prima PYME (amplia) | mensual,0.2500,pct_anual,2026-01,"BCE, MIR (ECB Data Portal)",https://data.ecb.europa.eu/data/datasets/MIR,2026-09-21,hasta 1 M frente a mas de 1 M (corte convencional PYME),Total initial rate fixation,tamano_prestamo,nivel,dato_unico,"DIFERENCIAL de dos niveles de tipo, no un saldo neto de encuesta. Prima de tamano de OPERACION, no de empresa. Definicion amplia."
Francia,prestamos_empresas,Prima PYME (amplia) | mensual,0.2900,pct_anual,2026-02,"BCE, MIR (ECB Data Portal)",https://data.ecb.europa.eu/data/datasets/MIR,2026-09-21,hasta 1 M frente a mas de 1 M (corte convencional PYME),Total initial rate fixation,tamano_prestamo,nivel,dato_unico,"DIFERENCIAL de dos niveles de tipo, no un saldo neto de encuesta. Prima de tamano de OPERACION, no de empresa. Definicion amplia."
Francia,prestamos_empresas,Prima PYME (amplia) | mensual,0.2700,pct_anual,2026-03,"BCE, MIR (ECB Data Portal)",https://data.ecb.europa.eu/data/datasets/MIR,2026-09-21,hasta 1 M frente a mas de 1 M (corte convencional PYME),Total initial rate fixation,tamano_prestamo,nivel,dato_unico,"DIFERENCIAL de dos niveles de tipo, no un saldo neto de encuesta. Prima de tamano de OPERACION, no de empresa. Definicion amplia."
Francia,prestamos_empresas,Prima PYME (amplia) | mensual,0.2800,pct_anual,2026-04,"BCE, MIR (ECB Data Portal)",https://data.ecb.europa.eu/data/datasets/MIR,2026-09-21,hasta 1 M frente a mas de 1 M (corte convencional PYME),Total initial rate fixation,tamano_prestamo,nivel,dato_unico,"DIFERENCIAL de dos niveles de tipo, no un saldo neto de encuesta. Prima de tamano de OPERACION, no de empresa. Definicion amplia."
Francia,prestamos_empresas,Prima PYME (amplia) | mensual,0.3600,pct_anual,2026-05,"BCE, MIR (ECB Data Portal)",https://data.ecb.europa.eu/data/datasets/MIR,2026-09-21,hasta 1 M frente a mas de 1 M (corte convencional PYME),Total initial rate fixation,tamano_prestamo,nivel,dato_unico,"DIFERENCIAL de dos niveles de tipo, no un saldo neto de encuesta. Prima de tamano de OPERACION, no de empresa. Definicion amplia."
Francia,prestamos_empresas,Prima PYME (amplia) | mensual,0.1800,pct_anual,2026-06,"BCE, MIR (ECB Data Portal)",https://data.ecb.europa.eu/data/datasets/MIR,2026-09-21,hasta 1 M frente a mas de 1 M (corte convencional PYME),Total initial rate fixation,tamano_prestamo,nivel,dato_unico,"DIFERENCIAL de dos niveles de tipo, no un saldo neto de encuesta. Prima de tamano de OPERACION, no de empresa. Definicion amplia."
Francia,prestamos_empresas,Prima PYME (amplia) | mensual,0.3300,pct_anual,2026-07,"BCE, MIR (ECB Data Portal)",https://data.ecb.europa.eu/data/datasets/MIR,2026-09-21,hasta 1 M frente a mas de 1 M (corte convencional PYME),Total initial rate fixation,tamano_prestamo,nivel,dato_unico,"DIFERENCIAL de dos niveles de tipo, no un saldo neto de encuesta. Prima de tamano de OPERACION, no de empresa. Definicion amplia."
Francia,prestamos_empresas,Prima PYME (amplia) | media del ano,0.1335,pct_anual,2022,"BCE, MIR (ECB Data Portal)",https://data.ecb.europa.eu/data/datasets/MIR,2026-09-21,hasta 1 M frente a mas de 1 M (corte convencional PYME),Total initial rate fixation,tamano_prestamo,nivel,media_ponderada_volumen,"DIFERENCIAL de dos niveles de tipo, no un saldo neto de encuesta. Prima de tamano de OPERACION, no de empresa. Definicion amplia. Media del diferencial mensual ponderada por el volumen de nueva produccion de los dos tramos."
Francia,prestamos_empresas,Prima PYME (amplia) | media del ano,-0.1997,pct_anual,2023,"BCE, MIR (ECB Data Portal)",https://data.ecb.europa.eu/data/datasets/MIR,2026-09-21,hasta 1 M frente a mas de 1 M (corte convencional PYME),Total initial rate fixation,tamano_prestamo,nivel,media_ponderada_volumen,"DIFERENCIAL de dos niveles de tipo, no un saldo neto de encuesta. Prima de tamano de OPERACION, no de empresa. Definicion amplia. Media del diferencial mensual ponderada por el volumen de nueva produccion de los dos tramos."
Francia,prestamos_empresas,Prima PYME (amplia) | media del ano,-0.2024,pct_anual,2024,"BCE, MIR (ECB Data Portal)",https://data.ecb.europa.eu/data/datasets/MIR,2026-09-21,hasta 1 M frente a mas de 1 M (corte convencional PYME),Total initial rate fixation,tamano_prestamo,nivel,media_ponderada_volumen,"DIFERENCIAL de dos niveles de tipo, no un saldo neto de encuesta. Prima de tamano de OPERACION, no de empresa. Definicion amplia. Media del diferencial mensual ponderada por el volumen de nueva produccion de los dos tramos."
Francia,prestamos_empresas,Prima PYME (amplia) | media del ano,0.2291,pct_anual,2025,"BCE, MIR (ECB Data Portal)",https://data.ecb.europa.eu/data/datasets/MIR,2026-09-21,hasta 1 M frente a mas de 1 M (corte convencional PYME),Total initial rate fixation,tamano_prestamo,nivel,media_ponderada_volumen,"DIFERENCIAL de dos niveles de tipo, no un saldo neto de encuesta. Prima de tamano de OPERACION, no de empresa. Definicion amplia. Media del diferencial mensual ponderada por el volumen de nueva produccion de los dos tramos."
Francia,prestamos_empresas,Prima PYME (amplia) | media del ano,0.2789,pct_anual,2026,"BCE, MIR (ECB Data Portal)",https://data.ecb.europa.eu/data/datasets/MIR,2026-09-21,hasta 1 M frente a mas de 1 M (corte convencional PYME),Total initial rate fixation,tamano_prestamo,nivel,media_ponderada_volumen,"DIFERENCIAL de dos niveles de tipo, no un saldo neto de encuesta. Prima de tamano de OPERACION, no de empresa. Definicion amplia. Media del diferencial mensual ponderada por el volumen de nueva produccion de los dos tramos."
Francia,prestamos_empresas,Prima PYME (amplia) | ultimos 12 meses,0.2852,pct_anual,2025-08 a 2026-07,"BCE, MIR (ECB Data Portal)",https://data.ecb.europa.eu/data/datasets/MIR,2026-09-21,hasta 1 M frente a mas de 1 M (corte convencional PYME),Total initial rate fixation,tamano_prestamo,nivel,media_ponderada_volumen,"DIFERENCIAL de dos niveles de tipo, no un saldo neto de encuesta. Prima de tamano de OPERACION, no de empresa. Definicion amplia. 26 de los 55 meses de la serie tienen prima NEGATIVA (el prestamo pequeno sale mas barato que el grande)."
Italia,prestamos_empresas,Prima PYME (amplia) | mensual,0.9800,pct_anual,2022-01,"BCE, MIR (ECB Data Portal)",https://data.ecb.europa.eu/data/datasets/MIR,2026-09-21,hasta 1 M frente a mas de 1 M (corte convencional PYME),Total initial rate fixation,tamano_prestamo,nivel,dato_unico,"DIFERENCIAL de dos niveles de tipo, no un saldo neto de encuesta. Prima de tamano de OPERACION, no de empresa. Definicion amplia."
Italia,prestamos_empresas,Prima PYME (amplia) | mensual,1.0100,pct_anual,2022-02,"BCE, MIR (ECB Data Portal)",https://data.ecb.europa.eu/data/datasets/MIR,2026-09-21,hasta 1 M frente a mas de 1 M (corte convencional PYME),Total initial rate fixation,tamano_prestamo,nivel,dato_unico,"DIFERENCIAL de dos niveles de tipo, no un saldo neto de encuesta. Prima de tamano de OPERACION, no de empresa. Definicion amplia."
Italia,prestamos_empresas,Prima PYME (amplia) | mensual,0.9100,pct_anual,2022-03,"BCE, MIR (ECB Data Portal)",https://data.ecb.europa.eu/data/datasets/MIR,2026-09-21,hasta 1 M frente a mas de 1 M (corte convencional PYME),Total initial rate fixation,tamano_prestamo,nivel,dato_unico,"DIFERENCIAL de dos niveles de tipo, no un saldo neto de encuesta. Prima de tamano de OPERACION, no de empresa. Definicion amplia."
Italia,prestamos_empresas,Prima PYME (amplia) | mensual,0.9700,pct_anual,2022-04,"BCE, MIR (ECB Data Portal)",https://data.ecb.europa.eu/data/datasets/MIR,2026-09-21,hasta 1 M frente a mas de 1 M (corte convencional PYME),Total initial rate fixation,tamano_prestamo,nivel,dato_unico,"DIFERENCIAL de dos niveles de tipo, no un saldo neto de encuesta. Prima de tamano de OPERACION, no de empresa. Definicion amplia."
Italia,prestamos_empresas,Prima PYME (amplia) | mensual,1.0600,pct_anual,2022-05,"BCE, MIR (ECB Data Portal)",https://data.ecb.europa.eu/data/datasets/MIR,2026-09-21,hasta 1 M frente a mas de 1 M (corte convencional PYME),Total initial rate fixation,tamano_prestamo,nivel,dato_unico,"DIFERENCIAL de dos niveles de tipo, no un saldo neto de encuesta. Prima de tamano de OPERACION, no de empresa. Definicion amplia."
Italia,prestamos_empresas,Prima PYME (amplia) | mensual,0.8200,pct_anual,2022-06,"BCE, MIR (ECB Data Portal)",https://data.ecb.europa.eu/data/datasets/MIR,2026-09-21,hasta 1 M frente a mas de 1 M (corte convencional PYME),Total initial rate fixation,tamano_prestamo,nivel,dato_unico,"DIFERENCIAL de dos niveles de tipo, no un saldo neto de encuesta. Prima de tamano de OPERACION, no de empresa. Definicion amplia."
Italia,prestamos_empresas,Prima PYME (amplia) | mensual,1.0000,pct_anual,2022-07,"BCE, MIR (ECB Data Portal)",https://data.ecb.europa.eu/data/datasets/MIR,2026-09-21,hasta 1 M frente a mas de 1 M (corte convencional PYME),Total initial rate fixation,tamano_prestamo,nivel,dato_unico,"DIFERENCIAL de dos niveles de tipo, no un saldo neto de encuesta. Prima de tamano de OPERACION, no de empresa. Definicion amplia."
Italia,prestamos_empresas,Prima PYME (amplia) | mensual,1.1100,pct_anual,2022-08,"BCE, MIR (ECB Data Portal)",https://data.ecb.europa.eu/data/datasets/MIR,2026-09-21,hasta 1 M frente a mas de 1 M (corte convencional PYME),Total initial rate fixation,tamano_prestamo,nivel,dato_unico,"DIFERENCIAL de dos niveles de tipo, no un saldo neto de encuesta. Prima de tamano de OPERACION, no de empresa. Definicion amplia."
Italia,prestamos_empresas,Prima PYME (amplia) | mensual,0.9100,pct_anual,2022-09,"BCE, MIR (ECB Data Portal)",https://data.ecb.europa.eu/data/datasets/MIR,2026-09-21,hasta 1 M frente a mas de 1 M (corte convencional PYME),Total initial rate fixation,tamano_prestamo,nivel,dato_unico,"DIFERENCIAL de dos niveles de tipo, no un saldo neto de encuesta. Prima de tamano de OPERACION, no de empresa. Definicion amplia."
Italia,prestamos_empresas,Prima PYME (amplia) | mensual,0.9500,pct_anual,2022-10,"BCE, MIR (ECB Data Portal)",https://data.ecb.europa.eu/data/datasets/MIR,2026-09-21,hasta 1 M frente a mas de 1 M (corte convencional PYME),Total initial rate fixation,tamano_prestamo,nivel,dato_unico,"DIFERENCIAL de dos niveles de tipo, no un saldo neto de encuesta. Prima de tamano de OPERACION, no de empresa. Definicion amplia."
Italia,prestamos_empresas,Prima PYME (amplia) | mensual,0.7900,pct_anual,2022-11,"BCE, MIR (ECB Data Portal)",https://data.ecb.europa.eu/data/datasets/MIR,2026-09-21,hasta 1 M frente a mas de 1 M (corte convencional PYME),Total initial rate fixation,tamano_prestamo,nivel,dato_unico,"DIFERENCIAL de dos niveles de tipo, no un saldo neto de encuesta. Prima de tamano de OPERACION, no de empresa. Definicion amplia."
Italia,prestamos_empresas,Prima PYME (amplia) | mensual,0.5700,pct_anual,2022-12,"BCE, MIR (ECB Data Portal)",https://data.ecb.europa.eu/data/datasets/MIR,2026-09-21,hasta 1 M frente a mas de 1 M (corte convencional PYME),Total initial rate fixation,tamano_prestamo,nivel,dato_unico,"DIFERENCIAL de dos niveles de tipo, no un saldo neto de encuesta. Prima de tamano de OPERACION, no de empresa. Definicion amplia."
Italia,prestamos_empresas,Prima PYME (amplia) | mensual,0.7300,pct_anual,2023-01,"BCE, MIR (ECB Data Portal)",https://data.ecb.europa.eu/data/datasets/MIR,2026-09-21,hasta 1 M frente a mas de 1 M (corte convencional PYME),Total initial rate fixation,tamano_prestamo,nivel,dato_unico,"DIFERENCIAL de dos niveles de tipo, no un saldo neto de encuesta. Prima de tamano de OPERACION, no de empresa. Definicion amplia."
Italia,prestamos_empresas,Prima PYME (amplia) | mensual,1.3500,pct_anual,2023-02,"BCE, MIR (ECB Data Portal)",https://data.ecb.europa.eu/data/datasets/MIR,2026-09-21,hasta 1 M frente a mas de 1 M (corte convencional PYME),Total initial rate fixation,tamano_prestamo,nivel,dato_unico,"DIFERENCIAL de dos niveles de tipo, no un saldo neto de encuesta. Prima de tamano de OPERACION, no de empresa. Definicion amplia."
Italia,prestamos_empresas,Prima PYME (amplia) | mensual,0.6700,pct_anual,2023-03,"BCE, MIR (ECB Data Portal)",https://data.ecb.europa.eu/data/datasets/MIR,2026-09-21,hasta 1 M frente a mas de 1 M (corte convencional PYME),Total initial rate fixation,tamano_prestamo,nivel,dato_unico,"DIFERENCIAL de dos niveles de tipo, no un saldo neto de encuesta. Prima de tamano de OPERACION, no de empresa. Definicion amplia."
Italia,prestamos_empresas,Prima PYME (amplia) | mensual,0.5900,pct_anual,2023-04,"BCE, MIR (ECB Data Portal)",https://data.ecb.europa.eu/data/datasets/MIR,2026-09-21,hasta 1 M frente a mas de 1 M (corte convencional PYME),Total initial rate fixation,tamano_prestamo,nivel,dato_unico,"DIFERENCIAL de dos niveles de tipo, no un saldo neto de encuesta. Prima de tamano de OPERACION, no de empresa. Definicion amplia."
Italia,prestamos_empresas,Prima PYME (amplia) | mensual,0.6200,pct_anual,2023-05,"BCE, MIR (ECB Data Portal)",https://data.ecb.europa.eu/data/datasets/MIR,2026-09-21,hasta 1 M frente a mas de 1 M (corte convencional PYME),Total initial rate fixation,tamano_prestamo,nivel,dato_unico,"DIFERENCIAL de dos niveles de tipo, no un saldo neto de encuesta. Prima de tamano de OPERACION, no de empresa. Definicion amplia."
Italia,prestamos_empresas,Prima PYME (amplia) | mensual,0.6700,pct_anual,2023-06,"BCE, MIR (ECB Data Portal)",https://data.ecb.europa.eu/data/datasets/MIR,2026-09-21,hasta 1 M frente a mas de 1 M (corte convencional PYME),Total initial rate fixation,tamano_prestamo,nivel,dato_unico,"DIFERENCIAL de dos niveles de tipo, no un saldo neto de encuesta. Prima de tamano de OPERACION, no de empresa. Definicion amplia."
Italia,prestamos_empresas,Prima PYME (amplia) | mensual,0.6500,pct_anual,2023-07,"BCE, MIR (ECB Data Portal)",https://data.ecb.europa.eu/data/datasets/MIR,2026-09-21,hasta 1 M frente a mas de 1 M (corte convencional PYME),Total initial rate fixation,tamano_prestamo,nivel,dato_unico,"DIFERENCIAL de dos niveles de tipo, no un saldo neto de encuesta. Prima de tamano de OPERACION, no de empresa. Definicion amplia."
Italia,prestamos_empresas,Prima PYME (amplia) | mensual,1.1200,pct_anual,2023-08,"BCE, MIR (ECB Data Portal)",https://data.ecb.europa.eu/data/datasets/MIR,2026-09-21,hasta 1 M frente a mas de 1 M (corte convencional PYME),Total initial rate fixation,tamano_prestamo,nivel,dato_unico,"DIFERENCIAL de dos niveles de tipo, no un saldo neto de encuesta. Prima de tamano de OPERACION, no de empresa. Definicion amplia."
Italia,prestamos_empresas,Prima PYME (amplia) | mensual,0.7300,pct_anual,2023-09,"BCE, MIR (ECB Data Portal)",https://data.ecb.europa.eu/data/datasets/MIR,2026-09-21,hasta 1 M frente a mas de 1 M (corte convencional PYME),Total initial rate fixation,tamano_prestamo,nivel,dato_unico,"DIFERENCIAL de dos niveles de tipo, no un saldo neto de encuesta. Prima de tamano de OPERACION, no de empresa. Definicion amplia."
Italia,prestamos_empresas,Prima PYME (amplia) | mensual,0.7800,pct_anual,2023-10,"BCE, MIR (ECB Data Portal)",https://data.ecb.europa.eu/data/datasets/MIR,2026-09-21,hasta 1 M frente a mas de 1 M (corte convencional PYME),Total initial rate fixation,tamano_prestamo,nivel,dato_unico,"DIFERENCIAL de dos niveles de tipo, no un saldo neto de encuesta. Prima de tamano de OPERACION, no de empresa. Definicion amplia."
Italia,prestamos_empresas,Prima PYME (amplia) | mensual,0.6800,pct_anual,2023-11,"BCE, MIR (ECB Data Portal)",https://data.ecb.europa.eu/data/datasets/MIR,2026-09-21,hasta 1 M frente a mas de 1 M (corte convencional PYME),Total initial rate fixation,tamano_prestamo,nivel,dato_unico,"DIFERENCIAL de dos niveles de tipo, no un saldo neto de encuesta. Prima de tamano de OPERACION, no de empresa. Definicion amplia."
Italia,prestamos_empresas,Prima PYME (amplia) | mensual,0.4300,pct_anual,2023-12,"BCE, MIR (ECB Data Portal)",https://data.ecb.europa.eu/data/datasets/MIR,2026-09-21,hasta 1 M frente a mas de 1 M (corte convencional PYME),Total initial rate fixation,tamano_prestamo,nivel,dato_unico,"DIFERENCIAL de dos niveles de tipo, no un saldo neto de encuesta. Prima de tamano de OPERACION, no de empresa. Definicion amplia."
Italia,prestamos_empresas,Prima PYME (amplia) | mensual,0.4800,pct_anual,2024-01,"BCE, MIR (ECB Data Portal)",https://data.ecb.europa.eu/data/datasets/MIR,2026-09-21,hasta 1 M frente a mas de 1 M (corte convencional PYME),Total initial rate fixation,tamano_prestamo,nivel,dato_unico,"DIFERENCIAL de dos niveles de tipo, no un saldo neto de encuesta. Prima de tamano de OPERACION, no de empresa. Definicion amplia."
Italia,prestamos_empresas,Prima PYME (amplia) | mensual,0.8100,pct_anual,2024-02,"BCE, MIR (ECB Data Portal)",https://data.ecb.europa.eu/data/datasets/MIR,2026-09-21,hasta 1 M frente a mas de 1 M (corte convencional PYME),Total initial rate fixation,tamano_prestamo,nivel,dato_unico,"DIFERENCIAL de dos niveles de tipo, no un saldo neto de encuesta. Prima de tamano de OPERACION, no de empresa. Definicion amplia."
Italia,prestamos_empresas,Prima PYME (amplia) | mensual,0.7800,pct_anual,2024-03,"BCE, MIR (ECB Data Portal)",https://data.ecb.europa.eu/data/datasets/MIR,2026-09-21,hasta 1 M frente a mas de 1 M (corte convencional PYME),Total initial rate fixation,tamano_prestamo,nivel,dato_unico,"DIFERENCIAL de dos niveles de tipo, no un saldo neto de encuesta. Prima de tamano de OPERACION, no de empresa. Definicion amplia."
Italia,prestamos_empresas,Prima PYME (amplia) | mensual,0.6700,pct_anual,2024-04,"BCE, MIR (ECB Data Portal)",https://data.ecb.europa.eu/data/datasets/MIR,2026-09-21,hasta 1 M frente a mas de 1 M (corte convencional PYME),Total initial rate fixation,tamano_prestamo,nivel,dato_unico,"DIFERENCIAL de dos niveles de tipo, no un saldo neto de encuesta. Prima de tamano de OPERACION, no de empresa. Definicion amplia."
Italia,prestamos_empresas,Prima PYME (amplia) | mensual,0.5700,pct_anual,2024-05,"BCE, MIR (ECB Data Portal)",https://data.ecb.europa.eu/data/datasets/MIR,2026-09-21,hasta 1 M frente a mas de 1 M (corte convencional PYME),Total initial rate fixation,tamano_prestamo,nivel,dato_unico,"DIFERENCIAL de dos niveles de tipo, no un saldo neto de encuesta. Prima de tamano de OPERACION, no de empresa. Definicion amplia."
Italia,prestamos_empresas,Prima PYME (amplia) | mensual,0.6000,pct_anual,2024-06,"BCE, MIR (ECB Data Portal)",https://data.ecb.europa.eu/data/datasets/MIR,2026-09-21,hasta 1 M frente a mas de 1 M (corte convencional PYME),Total initial rate fixation,tamano_prestamo,nivel,dato_unico,"DIFERENCIAL de dos niveles de tipo, no un saldo neto de encuesta. Prima de tamano de OPERACION, no de empresa. Definicion amplia."
Italia,prestamos_empresas,Prima PYME (amplia) | mensual,0.4400,pct_anual,2024-07,"BCE, MIR (ECB Data Portal)",https://data.ecb.europa.eu/data/datasets/MIR,2026-09-21,hasta 1 M frente a mas de 1 M (corte convencional PYME),Total initial rate fixation,tamano_prestamo,nivel,dato_unico,"DIFERENCIAL de dos niveles de tipo, no un saldo neto de encuesta. Prima de tamano de OPERACION, no de empresa. Definicion amplia."
Italia,prestamos_empresas,Prima PYME (amplia) | mensual,0.5800,pct_anual,2024-08,"BCE, MIR (ECB Data Portal)",https://data.ecb.europa.eu/data/datasets/MIR,2026-09-21,hasta 1 M frente a mas de 1 M (corte convencional PYME),Total initial rate fixation,tamano_prestamo,nivel,dato_unico,"DIFERENCIAL de dos niveles de tipo, no un saldo neto de encuesta. Prima de tamano de OPERACION, no de empresa. Definicion amplia."
Italia,prestamos_empresas,Prima PYME (amplia) | mensual,0.6900,pct_anual,2024-09,"BCE, MIR (ECB Data Portal)",https://data.ecb.europa.eu/data/datasets/MIR,2026-09-21,hasta 1 M frente a mas de 1 M (corte convencional PYME),Total initial rate fixation,tamano_prestamo,nivel,dato_unico,"DIFERENCIAL de dos niveles de tipo, no un saldo neto de encuesta. Prima de tamano de OPERACION, no de empresa. Definicion amplia."
Italia,prestamos_empresas,Prima PYME (amplia) | mensual,0.8300,pct_anual,2024-10,"BCE, MIR (ECB Data Portal)",https://data.ecb.europa.eu/data/datasets/MIR,2026-09-21,hasta 1 M frente a mas de 1 M (corte convencional PYME),Total initial rate fixation,tamano_prestamo,nivel,dato_unico,"DIFERENCIAL de dos niveles de tipo, no un saldo neto de encuesta. Prima de tamano de OPERACION, no de empresa. Definicion amplia."
Italia,prestamos_empresas,Prima PYME (amplia) | mensual,0.9200,pct_anual,2024-11,"BCE, MIR (ECB Data Portal)",https://data.ecb.europa.eu/data/datasets/MIR,2026-09-21,hasta 1 M frente a mas de 1 M (corte convencional PYME),Total initial rate fixation,tamano_prestamo,nivel,dato_unico,"DIFERENCIAL de dos niveles de tipo, no un saldo neto de encuesta. Prima de tamano de OPERACION, no de empresa. Definicion amplia."
Italia,prestamos_empresas,Prima PYME (amplia) | mensual,0.8300,pct_anual,2024-12,"BCE, MIR (ECB Data Portal)",https://data.ecb.europa.eu/data/datasets/MIR,2026-09-21,hasta 1 M frente a mas de 1 M (corte convencional PYME),Total initial rate fixation,tamano_prestamo,nivel,dato_unico,"DIFERENCIAL de dos niveles de tipo, no un saldo neto de encuesta. Prima de tamano de OPERACION, no de empresa. Definicion amplia."
Italia,prestamos_empresas,Prima PYME (amplia) | mensual,0.8000,pct_anual,2025-01,"BCE, MIR (ECB Data Portal)",https://data.ecb.europa.eu/data/datasets/MIR,2026-09-21,hasta 1 M frente a mas de 1 M (corte convencional PYME),Total initial rate fixation,tamano_prestamo,nivel,dato_unico,"DIFERENCIAL de dos niveles de tipo, no un saldo neto de encuesta. Prima de tamano de OPERACION, no de empresa. Definicion amplia."
Italia,prestamos_empresas,Prima PYME (amplia) | mensual,0.9500,pct_anual,2025-02,"BCE, MIR (ECB Data Portal)",https://data.ecb.europa.eu/data/datasets/MIR,2026-09-21,hasta 1 M frente a mas de 1 M (corte convencional PYME),Total initial rate fixation,tamano_prestamo,nivel,dato_unico,"DIFERENCIAL de dos niveles de tipo, no un saldo neto de encuesta. Prima de tamano de OPERACION, no de empresa. Definicion amplia."
Italia,prestamos_empresas,Prima PYME (amplia) | mensual,0.8500,pct_anual,2025-03,"BCE, MIR (ECB Data Portal)",https://data.ecb.europa.eu/data/datasets/MIR,2026-09-21,hasta 1 M frente a mas de 1 M (corte convencional PYME),Total initial rate fixation,tamano_prestamo,nivel,dato_unico,"DIFERENCIAL de dos niveles de tipo, no un saldo neto de encuesta. Prima de tamano de OPERACION, no de empresa. Definicion amplia."
Italia,prestamos_empresas,Prima PYME (amplia) | mensual,0.8500,pct_anual,2025-04,"BCE, MIR (ECB Data Portal)",https://data.ecb.europa.eu/data/datasets/MIR,2026-09-21,hasta 1 M frente a mas de 1 M (corte convencional PYME),Total initial rate fixation,tamano_prestamo,nivel,dato_unico,"DIFERENCIAL de dos niveles de tipo, no un saldo neto de encuesta. Prima de tamano de OPERACION, no de empresa. Definicion amplia."
Italia,prestamos_empresas,Prima PYME (amplia) | mensual,0.9100,pct_anual,2025-05,"BCE, MIR (ECB Data Portal)",https://data.ecb.europa.eu/data/datasets/MIR,2026-09-21,hasta 1 M frente a mas de 1 M (corte convencional PYME),Total initial rate fixation,tamano_prestamo,nivel,dato_unico,"DIFERENCIAL de dos niveles de tipo, no un saldo neto de encuesta. Prima de tamano de OPERACION, no de empresa. Definicion amplia."
Italia,prestamos_empresas,Prima PYME (amplia) | mensual,0.8500,pct_anual,2025-06,"BCE, MIR (ECB Data Portal)",https://data.ecb.europa.eu/data/datasets/MIR,2026-09-21,hasta 1 M frente a mas de 1 M (corte convencional PYME),Total initial rate fixation,tamano_prestamo,nivel,dato_unico,"DIFERENCIAL de dos niveles de tipo, no un saldo neto de encuesta. Prima de tamano de OPERACION, no de empresa. Definicion amplia."
Italia,prestamos_empresas,Prima PYME (amplia) | mensual,0.7500,pct_anual,2025-07,"BCE, MIR (ECB Data Portal)",https://data.ecb.europa.eu/data/datasets/MIR,2026-09-21,hasta 1 M frente a mas de 1 M (corte convencional PYME),Total initial rate fixation,tamano_prestamo,nivel,dato_unico,"DIFERENCIAL de dos niveles de tipo, no un saldo neto de encuesta. Prima de tamano de OPERACION, no de empresa. Definicion amplia."
Italia,prestamos_empresas,Prima PYME (amplia) | mensual,0.8600,pct_anual,2025-08,"BCE, MIR (ECB Data Portal)",https://data.ecb.europa.eu/data/datasets/MIR,2026-09-21,hasta 1 M frente a mas de 1 M (corte convencional PYME),Total initial rate fixation,tamano_prestamo,nivel,dato_unico,"DIFERENCIAL de dos niveles de tipo, no un saldo neto de encuesta. Prima de tamano de OPERACION, no de empresa. Definicion amplia."
Italia,prestamos_empresas,Prima PYME (amplia) | mensual,0.9800,pct_anual,2025-09,"BCE, MIR (ECB Data Portal)",https://data.ecb.europa.eu/data/datasets/MIR,2026-09-21,hasta 1 M frente a mas de 1 M (corte convencional PYME),Total initial rate fixation,tamano_prestamo,nivel,dato_unico,"DIFERENCIAL de dos niveles de tipo, no un saldo neto de encuesta. Prima de tamano de OPERACION, no de empresa. Definicion amplia."
Italia,prestamos_empresas,Prima PYME (amplia) | mensual,0.9600,pct_anual,2025-10,"BCE, MIR (ECB Data Portal)",https://data.ecb.europa.eu/data/datasets/MIR,2026-09-21,hasta 1 M frente a mas de 1 M (corte convencional PYME),Total initial rate fixation,tamano_prestamo,nivel,dato_unico,"DIFERENCIAL de dos niveles de tipo, no un saldo neto de encuesta. Prima de tamano de OPERACION, no de empresa. Definicion amplia."
Italia,prestamos_empresas,Prima PYME (amplia) | mensual,0.9400,pct_anual,2025-11,"BCE, MIR (ECB Data Portal)",https://data.ecb.europa.eu/data/datasets/MIR,2026-09-21,hasta 1 M frente a mas de 1 M (corte convencional PYME),Total initial rate fixation,tamano_prestamo,nivel,dato_unico,"DIFERENCIAL de dos niveles de tipo, no un saldo neto de encuesta. Prima de tamano de OPERACION, no de empresa. Definicion amplia."
Italia,prestamos_empresas,Prima PYME (amplia) | mensual,0.8700,pct_anual,2025-12,"BCE, MIR (ECB Data Portal)",https://data.ecb.europa.eu/data/datasets/MIR,2026-09-21,hasta 1 M frente a mas de 1 M (corte convencional PYME),Total initial rate fixation,tamano_prestamo,nivel,dato_unico,"DIFERENCIAL de dos niveles de tipo, no un saldo neto de encuesta. Prima de tamano de OPERACION, no de empresa. Definicion amplia."
Italia,prestamos_empresas,Prima PYME (amplia) | mensual,0.8300,pct_anual,2026-01,"BCE, MIR (ECB Data Portal)",https://data.ecb.europa.eu/data/datasets/MIR,2026-09-21,hasta 1 M frente a mas de 1 M (corte convencional PYME),Total initial rate fixation,tamano_prestamo,nivel,dato_unico,"DIFERENCIAL de dos niveles de tipo, no un saldo neto de encuesta. Prima de tamano de OPERACION, no de empresa. Definicion amplia."
Italia,prestamos_empresas,Prima PYME (amplia) | mensual,1.2500,pct_anual,2026-02,"BCE, MIR (ECB Data Portal)",https://data.ecb.europa.eu/data/datasets/MIR,2026-09-21,hasta 1 M frente a mas de 1 M (corte convencional PYME),Total initial rate fixation,tamano_prestamo,nivel,dato_unico,"DIFERENCIAL de dos niveles de tipo, no un saldo neto de encuesta. Prima de tamano de OPERACION, no de empresa. Definicion amplia."
Italia,prestamos_empresas,Prima PYME (amplia) | mensual,1.2000,pct_anual,2026-03,"BCE, MIR (ECB Data Portal)",https://data.ecb.europa.eu/data/datasets/MIR,2026-09-21,hasta 1 M frente a mas de 1 M (corte convencional PYME),Total initial rate fixation,tamano_prestamo,nivel,dato_unico,"DIFERENCIAL de dos niveles de tipo, no un saldo neto de encuesta. Prima de tamano de OPERACION, no de empresa. Definicion amplia."
Italia,prestamos_empresas,Prima PYME (amplia) | mensual,1.1300,pct_anual,2026-04,"BCE, MIR (ECB Data Portal)",https://data.ecb.europa.eu/data/datasets/MIR,2026-09-21,hasta 1 M frente a mas de 1 M (corte convencional PYME),Total initial rate fixation,tamano_prestamo,nivel,dato_unico,"DIFERENCIAL de dos niveles de tipo, no un saldo neto de encuesta. Prima de tamano de OPERACION, no de empresa. Definicion amplia."
Italia,prestamos_empresas,Prima PYME (amplia) | mensual,1.0900,pct_anual,2026-05,"BCE, MIR (ECB Data Portal)",https://data.ecb.europa.eu/data/datasets/MIR,2026-09-21,hasta 1 M frente a mas de 1 M (corte convencional PYME),Total initial rate fixation,tamano_prestamo,nivel,dato_unico,"DIFERENCIAL de dos niveles de tipo, no un saldo neto de encuesta. Prima de tamano de OPERACION, no de empresa. Definicion amplia."
Italia,prestamos_empresas,Prima PYME (amplia) | mensual,1.0100,pct_anual,2026-06,"BCE, MIR (ECB Data Portal)",https://data.ecb.europa.eu/data/datasets/MIR,2026-09-21,hasta 1 M frente a mas de 1 M (corte convencional PYME),Total initial rate fixation,tamano_prestamo,nivel,dato_unico,"DIFERENCIAL de dos niveles de tipo, no un saldo neto de encuesta. Prima de tamano de OPERACION, no de empresa. Definicion amplia."
Italia,prestamos_empresas,Prima PYME (amplia) | mensual,0.8200,pct_anual,2026-07,"BCE, MIR (ECB Data Portal)",https://data.ecb.europa.eu/data/datasets/MIR,2026-09-21,hasta 1 M frente a mas de 1 M (corte convencional PYME),Total initial rate fixation,tamano_prestamo,nivel,dato_unico,"DIFERENCIAL de dos niveles de tipo, no un saldo neto de encuesta. Prima de tamano de OPERACION, no de empresa. Definicion amplia."
Italia,prestamos_empresas,Prima PYME (amplia) | media del ano,0.9158,pct_anual,2022,"BCE, MIR (ECB Data Portal)",https://data.ecb.europa.eu/data/datasets/MIR,2026-09-21,hasta 1 M frente a mas de 1 M (corte convencional PYME),Total initial rate fixation,tamano_prestamo,nivel,media_ponderada_volumen,"DIFERENCIAL de dos niveles de tipo, no un saldo neto de encuesta. Prima de tamano de OPERACION, no de empresa. Definicion amplia. Media del diferencial mensual ponderada por el volumen de nueva produccion de los dos tramos."
Italia,prestamos_empresas,Prima PYME (amplia) | media del ano,0.7382,pct_anual,2023,"BCE, MIR (ECB Data Portal)",https://data.ecb.europa.eu/data/datasets/MIR,2026-09-21,hasta 1 M frente a mas de 1 M (corte convencional PYME),Total initial rate fixation,tamano_prestamo,nivel,media_ponderada_volumen,"DIFERENCIAL de dos niveles de tipo, no un saldo neto de encuesta. Prima de tamano de OPERACION, no de empresa. Definicion amplia. Media del diferencial mensual ponderada por el volumen de nueva produccion de los dos tramos."
Italia,prestamos_empresas,Prima PYME (amplia) | media del ano,0.6874,pct_anual,2024,"BCE, MIR (ECB Data Portal)",https://data.ecb.europa.eu/data/datasets/MIR,2026-09-21,hasta 1 M frente a mas de 1 M (corte convencional PYME),Total initial rate fixation,tamano_prestamo,nivel,media_ponderada_volumen,"DIFERENCIAL de dos niveles de tipo, no un saldo neto de encuesta. Prima de tamano de OPERACION, no de empresa. Definicion amplia. Media del diferencial mensual ponderada por el volumen de nueva produccion de los dos tramos."
Italia,prestamos_empresas,Prima PYME (amplia) | media del ano,0.8781,pct_anual,2025,"BCE, MIR (ECB Data Portal)",https://data.ecb.europa.eu/data/datasets/MIR,2026-09-21,hasta 1 M frente a mas de 1 M (corte convencional PYME),Total initial rate fixation,tamano_prestamo,nivel,media_ponderada_volumen,"DIFERENCIAL de dos niveles de tipo, no un saldo neto de encuesta. Prima de tamano de OPERACION, no de empresa. Definicion amplia. Media del diferencial mensual ponderada por el volumen de nueva produccion de los dos tramos."
Italia,prestamos_empresas,Prima PYME (amplia) | media del ano,1.0401,pct_anual,2026,"BCE, MIR (ECB Data Portal)",https://data.ecb.europa.eu/data/datasets/MIR,2026-09-21,hasta 1 M frente a mas de 1 M (corte convencional PYME),Total initial rate fixation,tamano_prestamo,nivel,media_ponderada_volumen,"DIFERENCIAL de dos niveles de tipo, no un saldo neto de encuesta. Prima de tamano de OPERACION, no de empresa. Definicion amplia. Media del diferencial mensual ponderada por el volumen de nueva produccion de los dos tramos."
Italia,prestamos_empresas,Prima PYME (amplia) | ultimos 12 meses,0.9953,pct_anual,2025-08 a 2026-07,"BCE, MIR (ECB Data Portal)",https://data.ecb.europa.eu/data/datasets/MIR,2026-09-21,hasta 1 M frente a mas de 1 M (corte convencional PYME),Total initial rate fixation,tamano_prestamo,nivel,media_ponderada_volumen,"DIFERENCIAL de dos niveles de tipo, no un saldo neto de encuesta. Prima de tamano de OPERACION, no de empresa. Definicion amplia. 0 de los 55 meses de la serie tienen prima NEGATIVA (el prestamo pequeno sale mas barato que el grande)."
Portugal,prestamos_empresas,Prima PYME (amplia) | mensual,0.8400,pct_anual,2022-01,"BCE, MIR (ECB Data Portal)",https://data.ecb.europa.eu/data/datasets/MIR,2026-09-21,hasta 1 M frente a mas de 1 M (corte convencional PYME),Total initial rate fixation,tamano_prestamo,nivel,dato_unico,"DIFERENCIAL de dos niveles de tipo, no un saldo neto de encuesta. Prima de tamano de OPERACION, no de empresa. Definicion amplia."
Portugal,prestamos_empresas,Prima PYME (amplia) | mensual,0.4200,pct_anual,2022-02,"BCE, MIR (ECB Data Portal)",https://data.ecb.europa.eu/data/datasets/MIR,2026-09-21,hasta 1 M frente a mas de 1 M (corte convencional PYME),Total initial rate fixation,tamano_prestamo,nivel,dato_unico,"DIFERENCIAL de dos niveles de tipo, no un saldo neto de encuesta. Prima de tamano de OPERACION, no de empresa. Definicion amplia."
Portugal,prestamos_empresas,Prima PYME (amplia) | mensual,0.7500,pct_anual,2022-03,"BCE, MIR (ECB Data Portal)",https://data.ecb.europa.eu/data/datasets/MIR,2026-09-21,hasta 1 M frente a mas de 1 M (corte convencional PYME),Total initial rate fixation,tamano_prestamo,nivel,dato_unico,"DIFERENCIAL de dos niveles de tipo, no un saldo neto de encuesta. Prima de tamano de OPERACION, no de empresa. Definicion amplia."
Portugal,prestamos_empresas,Prima PYME (amplia) | mensual,0.6500,pct_anual,2022-04,"BCE, MIR (ECB Data Portal)",https://data.ecb.europa.eu/data/datasets/MIR,2026-09-21,hasta 1 M frente a mas de 1 M (corte convencional PYME),Total initial rate fixation,tamano_prestamo,nivel,dato_unico,"DIFERENCIAL de dos niveles de tipo, no un saldo neto de encuesta. Prima de tamano de OPERACION, no de empresa. Definicion amplia."
Portugal,prestamos_empresas,Prima PYME (amplia) | mensual,0.3300,pct_anual,2022-05,"BCE, MIR (ECB Data Portal)",https://data.ecb.europa.eu/data/datasets/MIR,2026-09-21,hasta 1 M frente a mas de 1 M (corte convencional PYME),Total initial rate fixation,tamano_prestamo,nivel,dato_unico,"DIFERENCIAL de dos niveles de tipo, no un saldo neto de encuesta. Prima de tamano de OPERACION, no de empresa. Definicion amplia."
Portugal,prestamos_empresas,Prima PYME (amplia) | mensual,0.3500,pct_anual,2022-06,"BCE, MIR (ECB Data Portal)",https://data.ecb.europa.eu/data/datasets/MIR,2026-09-21,hasta 1 M frente a mas de 1 M (corte convencional PYME),Total initial rate fixation,tamano_prestamo,nivel,dato_unico,"DIFERENCIAL de dos niveles de tipo, no un saldo neto de encuesta. Prima de tamano de OPERACION, no de empresa. Definicion amplia."
Portugal,prestamos_empresas,Prima PYME (amplia) | mensual,0.5300,pct_anual,2022-07,"BCE, MIR (ECB Data Portal)",https://data.ecb.europa.eu/data/datasets/MIR,2026-09-21,hasta 1 M frente a mas de 1 M (corte convencional PYME),Total initial rate fixation,tamano_prestamo,nivel,dato_unico,"DIFERENCIAL de dos niveles de tipo, no un saldo neto de encuesta. Prima de tamano de OPERACION, no de empresa. Definicion amplia."
Portugal,prestamos_empresas,Prima PYME (amplia) | mensual,0.7400,pct_anual,2022-08,"BCE, MIR (ECB Data Portal)",https://data.ecb.europa.eu/data/datasets/MIR,2026-09-21,hasta 1 M frente a mas de 1 M (corte convencional PYME),Total initial rate fixation,tamano_prestamo,nivel,dato_unico,"DIFERENCIAL de dos niveles de tipo, no un saldo neto de encuesta. Prima de tamano de OPERACION, no de empresa. Definicion amplia."
Portugal,prestamos_empresas,Prima PYME (amplia) | mensual,0.6200,pct_anual,2022-09,"BCE, MIR (ECB Data Portal)",https://data.ecb.europa.eu/data/datasets/MIR,2026-09-21,hasta 1 M frente a mas de 1 M (corte convencional PYME),Total initial rate fixation,tamano_prestamo,nivel,dato_unico,"DIFERENCIAL de dos niveles de tipo, no un saldo neto de encuesta. Prima de tamano de OPERACION, no de empresa. Definicion amplia."
Portugal,prestamos_empresas,Prima PYME (amplia) | mensual,1.0400,pct_anual,2022-10,"BCE, MIR (ECB Data Portal)",https://data.ecb.europa.eu/data/datasets/MIR,2026-09-21,hasta 1 M frente a mas de 1 M (corte convencional PYME),Total initial rate fixation,tamano_prestamo,nivel,dato_unico,"DIFERENCIAL de dos niveles de tipo, no un saldo neto de encuesta. Prima de tamano de OPERACION, no de empresa. Definicion amplia."
Portugal,prestamos_empresas,Prima PYME (amplia) | mensual,0.7300,pct_anual,2022-11,"BCE, MIR (ECB Data Portal)",https://data.ecb.europa.eu/data/datasets/MIR,2026-09-21,hasta 1 M frente a mas de 1 M (corte convencional PYME),Total initial rate fixation,tamano_prestamo,nivel,dato_unico,"DIFERENCIAL de dos niveles de tipo, no un saldo neto de encuesta. Prima de tamano de OPERACION, no de empresa. Definicion amplia."
Portugal,prestamos_empresas,Prima PYME (amplia) | mensual,-0.0900,pct_anual,2022-12,"BCE, MIR (ECB Data Portal)",https://data.ecb.europa.eu/data/datasets/MIR,2026-09-21,hasta 1 M frente a mas de 1 M (corte convencional PYME),Total initial rate fixation,tamano_prestamo,nivel,dato_unico,"DIFERENCIAL de dos niveles de tipo, no un saldo neto de encuesta. Prima de tamano de OPERACION, no de empresa. Definicion amplia."
Portugal,prestamos_empresas,Prima PYME (amplia) | mensual,0.7000,pct_anual,2023-01,"BCE, MIR (ECB Data Portal)",https://data.ecb.europa.eu/data/datasets/MIR,2026-09-21,hasta 1 M frente a mas de 1 M (corte convencional PYME),Total initial rate fixation,tamano_prestamo,nivel,dato_unico,"DIFERENCIAL de dos niveles de tipo, no un saldo neto de encuesta. Prima de tamano de OPERACION, no de empresa. Definicion amplia."
Portugal,prestamos_empresas,Prima PYME (amplia) | mensual,0.7800,pct_anual,2023-02,"BCE, MIR (ECB Data Portal)",https://data.ecb.europa.eu/data/datasets/MIR,2026-09-21,hasta 1 M frente a mas de 1 M (corte convencional PYME),Total initial rate fixation,tamano_prestamo,nivel,dato_unico,"DIFERENCIAL de dos niveles de tipo, no un saldo neto de encuesta. Prima de tamano de OPERACION, no de empresa. Definicion amplia."
Portugal,prestamos_empresas,Prima PYME (amplia) | mensual,0.2300,pct_anual,2023-03,"BCE, MIR (ECB Data Portal)",https://data.ecb.europa.eu/data/datasets/MIR,2026-09-21,hasta 1 M frente a mas de 1 M (corte convencional PYME),Total initial rate fixation,tamano_prestamo,nivel,dato_unico,"DIFERENCIAL de dos niveles de tipo, no un saldo neto de encuesta. Prima de tamano de OPERACION, no de empresa. Definicion amplia."
Portugal,prestamos_empresas,Prima PYME (amplia) | mensual,0.5200,pct_anual,2023-04,"BCE, MIR (ECB Data Portal)",https://data.ecb.europa.eu/data/datasets/MIR,2026-09-21,hasta 1 M frente a mas de 1 M (corte convencional PYME),Total initial rate fixation,tamano_prestamo,nivel,dato_unico,"DIFERENCIAL de dos niveles de tipo, no un saldo neto de encuesta. Prima de tamano de OPERACION, no de empresa. Definicion amplia."
Portugal,prestamos_empresas,Prima PYME (amplia) | mensual,0.3900,pct_anual,2023-05,"BCE, MIR (ECB Data Portal)",https://data.ecb.europa.eu/data/datasets/MIR,2026-09-21,hasta 1 M frente a mas de 1 M (corte convencional PYME),Total initial rate fixation,tamano_prestamo,nivel,dato_unico,"DIFERENCIAL de dos niveles de tipo, no un saldo neto de encuesta. Prima de tamano de OPERACION, no de empresa. Definicion amplia."
Portugal,prestamos_empresas,Prima PYME (amplia) | mensual,0.3700,pct_anual,2023-06,"BCE, MIR (ECB Data Portal)",https://data.ecb.europa.eu/data/datasets/MIR,2026-09-21,hasta 1 M frente a mas de 1 M (corte convencional PYME),Total initial rate fixation,tamano_prestamo,nivel,dato_unico,"DIFERENCIAL de dos niveles de tipo, no un saldo neto de encuesta. Prima de tamano de OPERACION, no de empresa. Definicion amplia."
Portugal,prestamos_empresas,Prima PYME (amplia) | mensual,0.2200,pct_anual,2023-07,"BCE, MIR (ECB Data Portal)",https://data.ecb.europa.eu/data/datasets/MIR,2026-09-21,hasta 1 M frente a mas de 1 M (corte convencional PYME),Total initial rate fixation,tamano_prestamo,nivel,dato_unico,"DIFERENCIAL de dos niveles de tipo, no un saldo neto de encuesta. Prima de tamano de OPERACION, no de empresa. Definicion amplia."
Portugal,prestamos_empresas,Prima PYME (amplia) | mensual,0.1300,pct_anual,2023-08,"BCE, MIR (ECB Data Portal)",https://data.ecb.europa.eu/data/datasets/MIR,2026-09-21,hasta 1 M frente a mas de 1 M (corte convencional PYME),Total initial rate fixation,tamano_prestamo,nivel,dato_unico,"DIFERENCIAL de dos niveles de tipo, no un saldo neto de encuesta. Prima de tamano de OPERACION, no de empresa. Definicion amplia."
Portugal,prestamos_empresas,Prima PYME (amplia) | mensual,0.3300,pct_anual,2023-09,"BCE, MIR (ECB Data Portal)",https://data.ecb.europa.eu/data/datasets/MIR,2026-09-21,hasta 1 M frente a mas de 1 M (corte convencional PYME),Total initial rate fixation,tamano_prestamo,nivel,dato_unico,"DIFERENCIAL de dos niveles de tipo, no un saldo neto de encuesta. Prima de tamano de OPERACION, no de empresa. Definicion amplia."
Portugal,prestamos_empresas,Prima PYME (amplia) | mensual,0.5700,pct_anual,2023-10,"BCE, MIR (ECB Data Portal)",https://data.ecb.europa.eu/data/datasets/MIR,2026-09-21,hasta 1 M frente a mas de 1 M (corte convencional PYME),Total initial rate fixation,tamano_prestamo,nivel,dato_unico,"DIFERENCIAL de dos niveles de tipo, no un saldo neto de encuesta. Prima de tamano de OPERACION, no de empresa. Definicion amplia."
Portugal,prestamos_empresas,Prima PYME (amplia) | mensual,0.5400,pct_anual,2023-11,"BCE, MIR (ECB Data Portal)",https://data.ecb.europa.eu/data/datasets/MIR,2026-09-21,hasta 1 M frente a mas de 1 M (corte convencional PYME),Total initial rate fixation,tamano_prestamo,nivel,dato_unico,"DIFERENCIAL de dos niveles de tipo, no un saldo neto de encuesta. Prima de tamano de OPERACION, no de empresa. Definicion amplia."
Portugal,prestamos_empresas,Prima PYME (amplia) | mensual,0.1600,pct_anual,2023-12,"BCE, MIR (ECB Data Portal)",https://data.ecb.europa.eu/data/datasets/MIR,2026-09-21,hasta 1 M frente a mas de 1 M (corte convencional PYME),Total initial rate fixation,tamano_prestamo,nivel,dato_unico,"DIFERENCIAL de dos niveles de tipo, no un saldo neto de encuesta. Prima de tamano de OPERACION, no de empresa. Definicion amplia."
Portugal,prestamos_empresas,Prima PYME (amplia) | mensual,0.2900,pct_anual,2024-01,"BCE, MIR (ECB Data Portal)",https://data.ecb.europa.eu/data/datasets/MIR,2026-09-21,hasta 1 M frente a mas de 1 M (corte convencional PYME),Total initial rate fixation,tamano_prestamo,nivel,dato_unico,"DIFERENCIAL de dos niveles de tipo, no un saldo neto de encuesta. Prima de tamano de OPERACION, no de empresa. Definicion amplia."
Portugal,prestamos_empresas,Prima PYME (amplia) | mensual,0.4300,pct_anual,2024-02,"BCE, MIR (ECB Data Portal)",https://data.ecb.europa.eu/data/datasets/MIR,2026-09-21,hasta 1 M frente a mas de 1 M (corte convencional PYME),Total initial rate fixation,tamano_prestamo,nivel,dato_unico,"DIFERENCIAL de dos niveles de tipo, no un saldo neto de encuesta. Prima de tamano de OPERACION, no de empresa. Definicion amplia."
Portugal,prestamos_empresas,Prima PYME (amplia) | mensual,0.3800,pct_anual,2024-03,"BCE, MIR (ECB Data Portal)",https://data.ecb.europa.eu/data/datasets/MIR,2026-09-21,hasta 1 M frente a mas de 1 M (corte convencional PYME),Total initial rate fixation,tamano_prestamo,nivel,dato_unico,"DIFERENCIAL de dos niveles de tipo, no un saldo neto de encuesta. Prima de tamano de OPERACION, no de empresa. Definicion amplia."
Portugal,prestamos_empresas,Prima PYME (amplia) | mensual,0.3300,pct_anual,2024-04,"BCE, MIR (ECB Data Portal)",https://data.ecb.europa.eu/data/datasets/MIR,2026-09-21,hasta 1 M frente a mas de 1 M (corte convencional PYME),Total initial rate fixation,tamano_prestamo,nivel,dato_unico,"DIFERENCIAL de dos niveles de tipo, no un saldo neto de encuesta. Prima de tamano de OPERACION, no de empresa. Definicion amplia."
Portugal,prestamos_empresas,Prima PYME (amplia) | mensual,0.1700,pct_anual,2024-05,"BCE, MIR (ECB Data Portal)",https://data.ecb.europa.eu/data/datasets/MIR,2026-09-21,hasta 1 M frente a mas de 1 M (corte convencional PYME),Total initial rate fixation,tamano_prestamo,nivel,dato_unico,"DIFERENCIAL de dos niveles de tipo, no un saldo neto de encuesta. Prima de tamano de OPERACION, no de empresa. Definicion amplia."
Portugal,prestamos_empresas,Prima PYME (amplia) | mensual,0.4300,pct_anual,2024-06,"BCE, MIR (ECB Data Portal)",https://data.ecb.europa.eu/data/datasets/MIR,2026-09-21,hasta 1 M frente a mas de 1 M (corte convencional PYME),Total initial rate fixation,tamano_prestamo,nivel,dato_unico,"DIFERENCIAL de dos niveles de tipo, no un saldo neto de encuesta. Prima de tamano de OPERACION, no de empresa. Definicion amplia."
Portugal,prestamos_empresas,Prima PYME (amplia) | mensual,0.1600,pct_anual,2024-07,"BCE, MIR (ECB Data Portal)",https://data.ecb.europa.eu/data/datasets/MIR,2026-09-21,hasta 1 M frente a mas de 1 M (corte convencional PYME),Total initial rate fixation,tamano_prestamo,nivel,dato_unico,"DIFERENCIAL de dos niveles de tipo, no un saldo neto de encuesta. Prima de tamano de OPERACION, no de empresa. Definicion amplia."
Portugal,prestamos_empresas,Prima PYME (amplia) | mensual,0.3100,pct_anual,2024-08,"BCE, MIR (ECB Data Portal)",https://data.ecb.europa.eu/data/datasets/MIR,2026-09-21,hasta 1 M frente a mas de 1 M (corte convencional PYME),Total initial rate fixation,tamano_prestamo,nivel,dato_unico,"DIFERENCIAL de dos niveles de tipo, no un saldo neto de encuesta. Prima de tamano de OPERACION, no de empresa. Definicion amplia."
Portugal,prestamos_empresas,Prima PYME (amplia) | mensual,0.2200,pct_anual,2024-09,"BCE, MIR (ECB Data Portal)",https://data.ecb.europa.eu/data/datasets/MIR,2026-09-21,hasta 1 M frente a mas de 1 M (corte convencional PYME),Total initial rate fixation,tamano_prestamo,nivel,dato_unico,"DIFERENCIAL de dos niveles de tipo, no un saldo neto de encuesta. Prima de tamano de OPERACION, no de empresa. Definicion amplia."
Portugal,prestamos_empresas,Prima PYME (amplia) | mensual,0.6100,pct_anual,2024-10,"BCE, MIR (ECB Data Portal)",https://data.ecb.europa.eu/data/datasets/MIR,2026-09-21,hasta 1 M frente a mas de 1 M (corte convencional PYME),Total initial rate fixation,tamano_prestamo,nivel,dato_unico,"DIFERENCIAL de dos niveles de tipo, no un saldo neto de encuesta. Prima de tamano de OPERACION, no de empresa. Definicion amplia."
Portugal,prestamos_empresas,Prima PYME (amplia) | mensual,0.2200,pct_anual,2024-11,"BCE, MIR (ECB Data Portal)",https://data.ecb.europa.eu/data/datasets/MIR,2026-09-21,hasta 1 M frente a mas de 1 M (corte convencional PYME),Total initial rate fixation,tamano_prestamo,nivel,dato_unico,"DIFERENCIAL de dos niveles de tipo, no un saldo neto de encuesta. Prima de tamano de OPERACION, no de empresa. Definicion amplia."
Portugal,prestamos_empresas,Prima PYME (amplia) | mensual,0.1600,pct_anual,2024-12,"BCE, MIR (ECB Data Portal)",https://data.ecb.europa.eu/data/datasets/MIR,2026-09-21,hasta 1 M frente a mas de 1 M (corte convencional PYME),Total initial rate fixation,tamano_prestamo,nivel,dato_unico,"DIFERENCIAL de dos niveles de tipo, no un saldo neto de encuesta. Prima de tamano de OPERACION, no de empresa. Definicion amplia."
Portugal,prestamos_empresas,Prima PYME (amplia) | mensual,0.2000,pct_anual,2025-01,"BCE, MIR (ECB Data Portal)",https://data.ecb.europa.eu/data/datasets/MIR,2026-09-21,hasta 1 M frente a mas de 1 M (corte convencional PYME),Total initial rate fixation,tamano_prestamo,nivel,dato_unico,"DIFERENCIAL de dos niveles de tipo, no un saldo neto de encuesta. Prima de tamano de OPERACION, no de empresa. Definicion amplia."
Portugal,prestamos_empresas,Prima PYME (amplia) | mensual,0.1700,pct_anual,2025-02,"BCE, MIR (ECB Data Portal)",https://data.ecb.europa.eu/data/datasets/MIR,2026-09-21,hasta 1 M frente a mas de 1 M (corte convencional PYME),Total initial rate fixation,tamano_prestamo,nivel,dato_unico,"DIFERENCIAL de dos niveles de tipo, no un saldo neto de encuesta. Prima de tamano de OPERACION, no de empresa. Definicion amplia."
Portugal,prestamos_empresas,Prima PYME (amplia) | mensual,0.4000,pct_anual,2025-03,"BCE, MIR (ECB Data Portal)",https://data.ecb.europa.eu/data/datasets/MIR,2026-09-21,hasta 1 M frente a mas de 1 M (corte convencional PYME),Total initial rate fixation,tamano_prestamo,nivel,dato_unico,"DIFERENCIAL de dos niveles de tipo, no un saldo neto de encuesta. Prima de tamano de OPERACION, no de empresa. Definicion amplia."
Portugal,prestamos_empresas,Prima PYME (amplia) | mensual,0.4600,pct_anual,2025-04,"BCE, MIR (ECB Data Portal)",https://data.ecb.europa.eu/data/datasets/MIR,2026-09-21,hasta 1 M frente a mas de 1 M (corte convencional PYME),Total initial rate fixation,tamano_prestamo,nivel,dato_unico,"DIFERENCIAL de dos niveles de tipo, no un saldo neto de encuesta. Prima de tamano de OPERACION, no de empresa. Definicion amplia."
Portugal,prestamos_empresas,Prima PYME (amplia) | mensual,0.3200,pct_anual,2025-05,"BCE, MIR (ECB Data Portal)",https://data.ecb.europa.eu/data/datasets/MIR,2026-09-21,hasta 1 M frente a mas de 1 M (corte convencional PYME),Total initial rate fixation,tamano_prestamo,nivel,dato_unico,"DIFERENCIAL de dos niveles de tipo, no un saldo neto de encuesta. Prima de tamano de OPERACION, no de empresa. Definicion amplia."
Portugal,prestamos_empresas,Prima PYME (amplia) | mensual,0.2600,pct_anual,2025-06,"BCE, MIR (ECB Data Portal)",https://data.ecb.europa.eu/data/datasets/MIR,2026-09-21,hasta 1 M frente a mas de 1 M (corte convencional PYME),Total initial rate fixation,tamano_prestamo,nivel,dato_unico,"DIFERENCIAL de dos niveles de tipo, no un saldo neto de encuesta. Prima de tamano de OPERACION, no de empresa. Definicion amplia."
Portugal,prestamos_empresas,Prima PYME (amplia) | mensual,0.3900,pct_anual,2025-07,"BCE, MIR (ECB Data Portal)",https://data.ecb.europa.eu/data/datasets/MIR,2026-09-21,hasta 1 M frente a mas de 1 M (corte convencional PYME),Total initial rate fixation,tamano_prestamo,nivel,dato_unico,"DIFERENCIAL de dos niveles de tipo, no un saldo neto de encuesta. Prima de tamano de OPERACION, no de empresa. Definicion amplia."
Portugal,prestamos_empresas,Prima PYME (amplia) | mensual,0.5900,pct_anual,2025-08,"BCE, MIR (ECB Data Portal)",https://data.ecb.europa.eu/data/datasets/MIR,2026-09-21,hasta 1 M frente a mas de 1 M (corte convencional PYME),Total initial rate fixation,tamano_prestamo,nivel,dato_unico,"DIFERENCIAL de dos niveles de tipo, no un saldo neto de encuesta. Prima de tamano de OPERACION, no de empresa. Definicion amplia."
Portugal,prestamos_empresas,Prima PYME (amplia) | mensual,0.3100,pct_anual,2025-09,"BCE, MIR (ECB Data Portal)",https://data.ecb.europa.eu/data/datasets/MIR,2026-09-21,hasta 1 M frente a mas de 1 M (corte convencional PYME),Total initial rate fixation,tamano_prestamo,nivel,dato_unico,"DIFERENCIAL de dos niveles de tipo, no un saldo neto de encuesta. Prima de tamano de OPERACION, no de empresa. Definicion amplia."
Portugal,prestamos_empresas,Prima PYME (amplia) | mensual,0.1400,pct_anual,2025-10,"BCE, MIR (ECB Data Portal)",https://data.ecb.europa.eu/data/datasets/MIR,2026-09-21,hasta 1 M frente a mas de 1 M (corte convencional PYME),Total initial rate fixation,tamano_prestamo,nivel,dato_unico,"DIFERENCIAL de dos niveles de tipo, no un saldo neto de encuesta. Prima de tamano de OPERACION, no de empresa. Definicion amplia."
Portugal,prestamos_empresas,Prima PYME (amplia) | mensual,0.0700,pct_anual,2025-11,"BCE, MIR (ECB Data Portal)",https://data.ecb.europa.eu/data/datasets/MIR,2026-09-21,hasta 1 M frente a mas de 1 M (corte convencional PYME),Total initial rate fixation,tamano_prestamo,nivel,dato_unico,"DIFERENCIAL de dos niveles de tipo, no un saldo neto de encuesta. Prima de tamano de OPERACION, no de empresa. Definicion amplia."
Portugal,prestamos_empresas,Prima PYME (amplia) | mensual,0.2300,pct_anual,2025-12,"BCE, MIR (ECB Data Portal)",https://data.ecb.europa.eu/data/datasets/MIR,2026-09-21,hasta 1 M frente a mas de 1 M (corte convencional PYME),Total initial rate fixation,tamano_prestamo,nivel,dato_unico,"DIFERENCIAL de dos niveles de tipo, no un saldo neto de encuesta. Prima de tamano de OPERACION, no de empresa. Definicion amplia."
Portugal,prestamos_empresas,Prima PYME (amplia) | mensual,0.3400,pct_anual,2026-01,"BCE, MIR (ECB Data Portal)",https://data.ecb.europa.eu/data/datasets/MIR,2026-09-21,hasta 1 M frente a mas de 1 M (corte convencional PYME),Total initial rate fixation,tamano_prestamo,nivel,dato_unico,"DIFERENCIAL de dos niveles de tipo, no un saldo neto de encuesta. Prima de tamano de OPERACION, no de empresa. Definicion amplia."
Portugal,prestamos_empresas,Prima PYME (amplia) | mensual,0.3500,pct_anual,2026-02,"BCE, MIR (ECB Data Portal)",https://data.ecb.europa.eu/data/datasets/MIR,2026-09-21,hasta 1 M frente a mas de 1 M (corte convencional PYME),Total initial rate fixation,tamano_prestamo,nivel,dato_unico,"DIFERENCIAL de dos niveles de tipo, no un saldo neto de encuesta. Prima de tamano de OPERACION, no de empresa. Definicion amplia."
Portugal,prestamos_empresas,Prima PYME (amplia) | mensual,0.1500,pct_anual,2026-03,"BCE, MIR (ECB Data Portal)",https://data.ecb.europa.eu/data/datasets/MIR,2026-09-21,hasta 1 M frente a mas de 1 M (corte convencional PYME),Total initial rate fixation,tamano_prestamo,nivel,dato_unico,"DIFERENCIAL de dos niveles de tipo, no un saldo neto de encuesta. Prima de tamano de OPERACION, no de empresa. Definicion amplia."
Portugal,prestamos_empresas,Prima PYME (amplia) | mensual,0.3000,pct_anual,2026-04,"BCE, MIR (ECB Data Portal)",https://data.ecb.europa.eu/data/datasets/MIR,2026-09-21,hasta 1 M frente a mas de 1 M (corte convencional PYME),Total initial rate fixation,tamano_prestamo,nivel,dato_unico,"DIFERENCIAL de dos niveles de tipo, no un saldo neto de encuesta. Prima de tamano de OPERACION, no de empresa. Definicion amplia."
Portugal,prestamos_empresas,Prima PYME (amplia) | mensual,0.2600,pct_anual,2026-05,"BCE, MIR (ECB Data Portal)",https://data.ecb.europa.eu/data/datasets/MIR,2026-09-21,hasta 1 M frente a mas de 1 M (corte convencional PYME),Total initial rate fixation,tamano_prestamo,nivel,dato_unico,"DIFERENCIAL de dos niveles de tipo, no un saldo neto de encuesta. Prima de tamano de OPERACION, no de empresa. Definicion amplia."
Portugal,prestamos_empresas,Prima PYME (amplia) | mensual,0.0900,pct_anual,2026-06,"BCE, MIR (ECB Data Portal)",https://data.ecb.europa.eu/data/datasets/MIR,2026-09-21,hasta 1 M frente a mas de 1 M (corte convencional PYME),Total initial rate fixation,tamano_prestamo,nivel,dato_unico,"DIFERENCIAL de dos niveles de tipo, no un saldo neto de encuesta. Prima de tamano de OPERACION, no de empresa. Definicion amplia."
Portugal,prestamos_empresas,Prima PYME (amplia) | mensual,0.3500,pct_anual,2026-07,"BCE, MIR (ECB Data Portal)",https://data.ecb.europa.eu/data/datasets/MIR,2026-09-21,hasta 1 M frente a mas de 1 M (corte convencional PYME),Total initial rate fixation,tamano_prestamo,nivel,dato_unico,"DIFERENCIAL de dos niveles de tipo, no un saldo neto de encuesta. Prima de tamano de OPERACION, no de empresa. Definicion amplia."
Portugal,prestamos_empresas,Prima PYME (amplia) | media del ano,0.5092,pct_anual,2022,"BCE, MIR (ECB Data Portal)",https://data.ecb.europa.eu/data/datasets/MIR,2026-09-21,hasta 1 M frente a mas de 1 M (corte convencional PYME),Total initial rate fixation,tamano_prestamo,nivel,media_ponderada_volumen,"DIFERENCIAL de dos niveles de tipo, no un saldo neto de encuesta. Prima de tamano de OPERACION, no de empresa. Definicion amplia. Media del diferencial mensual ponderada por el volumen de nueva produccion de los dos tramos."
Portugal,prestamos_empresas,Prima PYME (amplia) | media del ano,0.3766,pct_anual,2023,"BCE, MIR (ECB Data Portal)",https://data.ecb.europa.eu/data/datasets/MIR,2026-09-21,hasta 1 M frente a mas de 1 M (corte convencional PYME),Total initial rate fixation,tamano_prestamo,nivel,media_ponderada_volumen,"DIFERENCIAL de dos niveles de tipo, no un saldo neto de encuesta. Prima de tamano de OPERACION, no de empresa. Definicion amplia. Media del diferencial mensual ponderada por el volumen de nueva produccion de los dos tramos."
Portugal,prestamos_empresas,Prima PYME (amplia) | media del ano,0.3006,pct_anual,2024,"BCE, MIR (ECB Data Portal)",https://data.ecb.europa.eu/data/datasets/MIR,2026-09-21,hasta 1 M frente a mas de 1 M (corte convencional PYME),Total initial rate fixation,tamano_prestamo,nivel,media_ponderada_volumen,"DIFERENCIAL de dos niveles de tipo, no un saldo neto de encuesta. Prima de tamano de OPERACION, no de empresa. Definicion amplia. Media del diferencial mensual ponderada por el volumen de nueva produccion de los dos tramos."
Portugal,prestamos_empresas,Prima PYME (amplia) | media del ano,0.2899,pct_anual,2025,"BCE, MIR (ECB Data Portal)",https://data.ecb.europa.eu/data/datasets/MIR,2026-09-21,hasta 1 M frente a mas de 1 M (corte convencional PYME),Total initial rate fixation,tamano_prestamo,nivel,media_ponderada_volumen,"DIFERENCIAL de dos niveles de tipo, no un saldo neto de encuesta. Prima de tamano de OPERACION, no de empresa. Definicion amplia. Media del diferencial mensual ponderada por el volumen de nueva produccion de los dos tramos."
Portugal,prestamos_empresas,Prima PYME (amplia) | media del ano,0.2520,pct_anual,2026,"BCE, MIR (ECB Data Portal)",https://data.ecb.europa.eu/data/datasets/MIR,2026-09-21,hasta 1 M frente a mas de 1 M (corte convencional PYME),Total initial rate fixation,tamano_prestamo,nivel,media_ponderada_volumen,"DIFERENCIAL de dos niveles de tipo, no un saldo neto de encuesta. Prima de tamano de OPERACION, no de empresa. Definicion amplia. Media del diferencial mensual ponderada por el volumen de nueva produccion de los dos tramos."
Portugal,prestamos_empresas,Prima PYME (amplia) | ultimos 12 meses,0.2525,pct_anual,2025-08 a 2026-07,"BCE, MIR (ECB Data Portal)",https://data.ecb.europa.eu/data/datasets/MIR,2026-09-21,hasta 1 M frente a mas de 1 M (corte convencional PYME),Total initial rate fixation,tamano_prestamo,nivel,media_ponderada_volumen,"DIFERENCIAL de dos niveles de tipo, no un saldo neto de encuesta. Prima de tamano de OPERACION, no de empresa. Definicion amplia. 1 de los 55 meses de la serie tienen prima NEGATIVA (el prestamo pequeno sale mas barato que el grande)."
Paises Bajos,prestamos_empresas,Prima PYME (amplia) | mensual,1.2100,pct_anual,2022-01,"BCE, MIR (ECB Data Portal)",https://data.ecb.europa.eu/data/datasets/MIR,2026-09-21,hasta 1 M frente a mas de 1 M (corte convencional PYME),Total initial rate fixation,tamano_prestamo,nivel,dato_unico,"DIFERENCIAL de dos niveles de tipo, no un saldo neto de encuesta. Prima de tamano de OPERACION, no de empresa. Definicion amplia."
Paises Bajos,prestamos_empresas,Prima PYME (amplia) | mensual,1.3400,pct_anual,2022-02,"BCE, MIR (ECB Data Portal)",https://data.ecb.europa.eu/data/datasets/MIR,2026-09-21,hasta 1 M frente a mas de 1 M (corte convencional PYME),Total initial rate fixation,tamano_prestamo,nivel,dato_unico,"DIFERENCIAL de dos niveles de tipo, no un saldo neto de encuesta. Prima de tamano de OPERACION, no de empresa. Definicion amplia."
Paises Bajos,prestamos_empresas,Prima PYME (amplia) | mensual,1.1000,pct_anual,2022-03,"BCE, MIR (ECB Data Portal)",https://data.ecb.europa.eu/data/datasets/MIR,2026-09-21,hasta 1 M frente a mas de 1 M (corte convencional PYME),Total initial rate fixation,tamano_prestamo,nivel,dato_unico,"DIFERENCIAL de dos niveles de tipo, no un saldo neto de encuesta. Prima de tamano de OPERACION, no de empresa. Definicion amplia."
Paises Bajos,prestamos_empresas,Prima PYME (amplia) | mensual,1.3800,pct_anual,2022-04,"BCE, MIR (ECB Data Portal)",https://data.ecb.europa.eu/data/datasets/MIR,2026-09-21,hasta 1 M frente a mas de 1 M (corte convencional PYME),Total initial rate fixation,tamano_prestamo,nivel,dato_unico,"DIFERENCIAL de dos niveles de tipo, no un saldo neto de encuesta. Prima de tamano de OPERACION, no de empresa. Definicion amplia."
Paises Bajos,prestamos_empresas,Prima PYME (amplia) | mensual,1.4700,pct_anual,2022-05,"BCE, MIR (ECB Data Portal)",https://data.ecb.europa.eu/data/datasets/MIR,2026-09-21,hasta 1 M frente a mas de 1 M (corte convencional PYME),Total initial rate fixation,tamano_prestamo,nivel,dato_unico,"DIFERENCIAL de dos niveles de tipo, no un saldo neto de encuesta. Prima de tamano de OPERACION, no de empresa. Definicion amplia."
Paises Bajos,prestamos_empresas,Prima PYME (amplia) | mensual,1.4500,pct_anual,2022-06,"BCE, MIR (ECB Data Portal)",https://data.ecb.europa.eu/data/datasets/MIR,2026-09-21,hasta 1 M frente a mas de 1 M (corte convencional PYME),Total initial rate fixation,tamano_prestamo,nivel,dato_unico,"DIFERENCIAL de dos niveles de tipo, no un saldo neto de encuesta. Prima de tamano de OPERACION, no de empresa. Definicion amplia."
Paises Bajos,prestamos_empresas,Prima PYME (amplia) | mensual,1.5400,pct_anual,2022-07,"BCE, MIR (ECB Data Portal)",https://data.ecb.europa.eu/data/datasets/MIR,2026-09-21,hasta 1 M frente a mas de 1 M (corte convencional PYME),Total initial rate fixation,tamano_prestamo,nivel,dato_unico,"DIFERENCIAL de dos niveles de tipo, no un saldo neto de encuesta. Prima de tamano de OPERACION, no de empresa. Definicion amplia."
Paises Bajos,prestamos_empresas,Prima PYME (amplia) | mensual,1.5800,pct_anual,2022-08,"BCE, MIR (ECB Data Portal)",https://data.ecb.europa.eu/data/datasets/MIR,2026-09-21,hasta 1 M frente a mas de 1 M (corte convencional PYME),Total initial rate fixation,tamano_prestamo,nivel,dato_unico,"DIFERENCIAL de dos niveles de tipo, no un saldo neto de encuesta. Prima de tamano de OPERACION, no de empresa. Definicion amplia."
Paises Bajos,prestamos_empresas,Prima PYME (amplia) | mensual,1.4200,pct_anual,2022-09,"BCE, MIR (ECB Data Portal)",https://data.ecb.europa.eu/data/datasets/MIR,2026-09-21,hasta 1 M frente a mas de 1 M (corte convencional PYME),Total initial rate fixation,tamano_prestamo,nivel,dato_unico,"DIFERENCIAL de dos niveles de tipo, no un saldo neto de encuesta. Prima de tamano de OPERACION, no de empresa. Definicion amplia."
Paises Bajos,prestamos_empresas,Prima PYME (amplia) | mensual,1.6400,pct_anual,2022-10,"BCE, MIR (ECB Data Portal)",https://data.ecb.europa.eu/data/datasets/MIR,2026-09-21,hasta 1 M frente a mas de 1 M (corte convencional PYME),Total initial rate fixation,tamano_prestamo,nivel,dato_unico,"DIFERENCIAL de dos niveles de tipo, no un saldo neto de encuesta. Prima de tamano de OPERACION, no de empresa. Definicion amplia."
Paises Bajos,prestamos_empresas,Prima PYME (amplia) | mensual,1.2700,pct_anual,2022-11,"BCE, MIR (ECB Data Portal)",https://data.ecb.europa.eu/data/datasets/MIR,2026-09-21,hasta 1 M frente a mas de 1 M (corte convencional PYME),Total initial rate fixation,tamano_prestamo,nivel,dato_unico,"DIFERENCIAL de dos niveles de tipo, no un saldo neto de encuesta. Prima de tamano de OPERACION, no de empresa. Definicion amplia."
Paises Bajos,prestamos_empresas,Prima PYME (amplia) | mensual,1.3900,pct_anual,2022-12,"BCE, MIR (ECB Data Portal)",https://data.ecb.europa.eu/data/datasets/MIR,2026-09-21,hasta 1 M frente a mas de 1 M (corte convencional PYME),Total initial rate fixation,tamano_prestamo,nivel,dato_unico,"DIFERENCIAL de dos niveles de tipo, no un saldo neto de encuesta. Prima de tamano de OPERACION, no de empresa. Definicion amplia."
Paises Bajos,prestamos_empresas,Prima PYME (amplia) | mensual,1.6100,pct_anual,2023-01,"BCE, MIR (ECB Data Portal)",https://data.ecb.europa.eu/data/datasets/MIR,2026-09-21,hasta 1 M frente a mas de 1 M (corte convencional PYME),Total initial rate fixation,tamano_prestamo,nivel,dato_unico,"DIFERENCIAL de dos niveles de tipo, no un saldo neto de encuesta. Prima de tamano de OPERACION, no de empresa. Definicion amplia."
Paises Bajos,prestamos_empresas,Prima PYME (amplia) | mensual,1.8700,pct_anual,2023-02,"BCE, MIR (ECB Data Portal)",https://data.ecb.europa.eu/data/datasets/MIR,2026-09-21,hasta 1 M frente a mas de 1 M (corte convencional PYME),Total initial rate fixation,tamano_prestamo,nivel,dato_unico,"DIFERENCIAL de dos niveles de tipo, no un saldo neto de encuesta. Prima de tamano de OPERACION, no de empresa. Definicion amplia."
Paises Bajos,prestamos_empresas,Prima PYME (amplia) | mensual,1.6100,pct_anual,2023-03,"BCE, MIR (ECB Data Portal)",https://data.ecb.europa.eu/data/datasets/MIR,2026-09-21,hasta 1 M frente a mas de 1 M (corte convencional PYME),Total initial rate fixation,tamano_prestamo,nivel,dato_unico,"DIFERENCIAL de dos niveles de tipo, no un saldo neto de encuesta. Prima de tamano de OPERACION, no de empresa. Definicion amplia."
Paises Bajos,prestamos_empresas,Prima PYME (amplia) | mensual,1.6800,pct_anual,2023-04,"BCE, MIR (ECB Data Portal)",https://data.ecb.europa.eu/data/datasets/MIR,2026-09-21,hasta 1 M frente a mas de 1 M (corte convencional PYME),Total initial rate fixation,tamano_prestamo,nivel,dato_unico,"DIFERENCIAL de dos niveles de tipo, no un saldo neto de encuesta. Prima de tamano de OPERACION, no de empresa. Definicion amplia."
Paises Bajos,prestamos_empresas,Prima PYME (amplia) | mensual,1.8100,pct_anual,2023-05,"BCE, MIR (ECB Data Portal)",https://data.ecb.europa.eu/data/datasets/MIR,2026-09-21,hasta 1 M frente a mas de 1 M (corte convencional PYME),Total initial rate fixation,tamano_prestamo,nivel,dato_unico,"DIFERENCIAL de dos niveles de tipo, no un saldo neto de encuesta. Prima de tamano de OPERACION, no de empresa. Definicion amplia."
Paises Bajos,prestamos_empresas,Prima PYME (amplia) | mensual,1.4000,pct_anual,2023-06,"BCE, MIR (ECB Data Portal)",https://data.ecb.europa.eu/data/datasets/MIR,2026-09-21,hasta 1 M frente a mas de 1 M (corte convencional PYME),Total initial rate fixation,tamano_prestamo,nivel,dato_unico,"DIFERENCIAL de dos niveles de tipo, no un saldo neto de encuesta. Prima de tamano de OPERACION, no de empresa. Definicion amplia."
Paises Bajos,prestamos_empresas,Prima PYME (amplia) | mensual,1.2600,pct_anual,2023-07,"BCE, MIR (ECB Data Portal)",https://data.ecb.europa.eu/data/datasets/MIR,2026-09-21,hasta 1 M frente a mas de 1 M (corte convencional PYME),Total initial rate fixation,tamano_prestamo,nivel,dato_unico,"DIFERENCIAL de dos niveles de tipo, no un saldo neto de encuesta. Prima de tamano de OPERACION, no de empresa. Definicion amplia."
Paises Bajos,prestamos_empresas,Prima PYME (amplia) | mensual,1.1400,pct_anual,2023-08,"BCE, MIR (ECB Data Portal)",https://data.ecb.europa.eu/data/datasets/MIR,2026-09-21,hasta 1 M frente a mas de 1 M (corte convencional PYME),Total initial rate fixation,tamano_prestamo,nivel,dato_unico,"DIFERENCIAL de dos niveles de tipo, no un saldo neto de encuesta. Prima de tamano de OPERACION, no de empresa. Definicion amplia."
Paises Bajos,prestamos_empresas,Prima PYME (amplia) | mensual,1.2500,pct_anual,2023-09,"BCE, MIR (ECB Data Portal)",https://data.ecb.europa.eu/data/datasets/MIR,2026-09-21,hasta 1 M frente a mas de 1 M (corte convencional PYME),Total initial rate fixation,tamano_prestamo,nivel,dato_unico,"DIFERENCIAL de dos niveles de tipo, no un saldo neto de encuesta. Prima de tamano de OPERACION, no de empresa. Definicion amplia."
Paises Bajos,prestamos_empresas,Prima PYME (amplia) | mensual,1.1000,pct_anual,2023-10,"BCE, MIR (ECB Data Portal)",https://data.ecb.europa.eu/data/datasets/MIR,2026-09-21,hasta 1 M frente a mas de 1 M (corte convencional PYME),Total initial rate fixation,tamano_prestamo,nivel,dato_unico,"DIFERENCIAL de dos niveles de tipo, no un saldo neto de encuesta. Prima de tamano de OPERACION, no de empresa. Definicion amplia."
Paises Bajos,prestamos_empresas,Prima PYME (amplia) | mensual,1.3300,pct_anual,2023-11,"BCE, MIR (ECB Data Portal)",https://data.ecb.europa.eu/data/datasets/MIR,2026-09-21,hasta 1 M frente a mas de 1 M (corte convencional PYME),Total initial rate fixation,tamano_prestamo,nivel,dato_unico,"DIFERENCIAL de dos niveles de tipo, no un saldo neto de encuesta. Prima de tamano de OPERACION, no de empresa. Definicion amplia."
Paises Bajos,prestamos_empresas,Prima PYME (amplia) | mensual,1.0100,pct_anual,2023-12,"BCE, MIR (ECB Data Portal)",https://data.ecb.europa.eu/data/datasets/MIR,2026-09-21,hasta 1 M frente a mas de 1 M (corte convencional PYME),Total initial rate fixation,tamano_prestamo,nivel,dato_unico,"DIFERENCIAL de dos niveles de tipo, no un saldo neto de encuesta. Prima de tamano de OPERACION, no de empresa. Definicion amplia."
Paises Bajos,prestamos_empresas,Prima PYME (amplia) | mensual,1.4100,pct_anual,2024-01,"BCE, MIR (ECB Data Portal)",https://data.ecb.europa.eu/data/datasets/MIR,2026-09-21,hasta 1 M frente a mas de 1 M (corte convencional PYME),Total initial rate fixation,tamano_prestamo,nivel,dato_unico,"DIFERENCIAL de dos niveles de tipo, no un saldo neto de encuesta. Prima de tamano de OPERACION, no de empresa. Definicion amplia."
Paises Bajos,prestamos_empresas,Prima PYME (amplia) | mensual,1.1200,pct_anual,2024-02,"BCE, MIR (ECB Data Portal)",https://data.ecb.europa.eu/data/datasets/MIR,2026-09-21,hasta 1 M frente a mas de 1 M (corte convencional PYME),Total initial rate fixation,tamano_prestamo,nivel,dato_unico,"DIFERENCIAL de dos niveles de tipo, no un saldo neto de encuesta. Prima de tamano de OPERACION, no de empresa. Definicion amplia."
Paises Bajos,prestamos_empresas,Prima PYME (amplia) | mensual,0.7800,pct_anual,2024-03,"BCE, MIR (ECB Data Portal)",https://data.ecb.europa.eu/data/datasets/MIR,2026-09-21,hasta 1 M frente a mas de 1 M (corte convencional PYME),Total initial rate fixation,tamano_prestamo,nivel,dato_unico,"DIFERENCIAL de dos niveles de tipo, no un saldo neto de encuesta. Prima de tamano de OPERACION, no de empresa. Definicion amplia."
Paises Bajos,prestamos_empresas,Prima PYME (amplia) | mensual,1.0200,pct_anual,2024-04,"BCE, MIR (ECB Data Portal)",https://data.ecb.europa.eu/data/datasets/MIR,2026-09-21,hasta 1 M frente a mas de 1 M (corte convencional PYME),Total initial rate fixation,tamano_prestamo,nivel,dato_unico,"DIFERENCIAL de dos niveles de tipo, no un saldo neto de encuesta. Prima de tamano de OPERACION, no de empresa. Definicion amplia."
Paises Bajos,prestamos_empresas,Prima PYME (amplia) | mensual,1.1500,pct_anual,2024-05,"BCE, MIR (ECB Data Portal)",https://data.ecb.europa.eu/data/datasets/MIR,2026-09-21,hasta 1 M frente a mas de 1 M (corte convencional PYME),Total initial rate fixation,tamano_prestamo,nivel,dato_unico,"DIFERENCIAL de dos niveles de tipo, no un saldo neto de encuesta. Prima de tamano de OPERACION, no de empresa. Definicion amplia."
Paises Bajos,prestamos_empresas,Prima PYME (amplia) | mensual,0.7000,pct_anual,2024-06,"BCE, MIR (ECB Data Portal)",https://data.ecb.europa.eu/data/datasets/MIR,2026-09-21,hasta 1 M frente a mas de 1 M (corte convencional PYME),Total initial rate fixation,tamano_prestamo,nivel,dato_unico,"DIFERENCIAL de dos niveles de tipo, no un saldo neto de encuesta. Prima de tamano de OPERACION, no de empresa. Definicion amplia."
Paises Bajos,prestamos_empresas,Prima PYME (amplia) | mensual,0.7500,pct_anual,2024-07,"BCE, MIR (ECB Data Portal)",https://data.ecb.europa.eu/data/datasets/MIR,2026-09-21,hasta 1 M frente a mas de 1 M (corte convencional PYME),Total initial rate fixation,tamano_prestamo,nivel,dato_unico,"DIFERENCIAL de dos niveles de tipo, no un saldo neto de encuesta. Prima de tamano de OPERACION, no de empresa. Definicion amplia."
Paises Bajos,prestamos_empresas,Prima PYME (amplia) | mensual,0.6200,pct_anual,2024-08,"BCE, MIR (ECB Data Portal)",https://data.ecb.europa.eu/data/datasets/MIR,2026-09-21,hasta 1 M frente a mas de 1 M (corte convencional PYME),Total initial rate fixation,tamano_prestamo,nivel,dato_unico,"DIFERENCIAL de dos niveles de tipo, no un saldo neto de encuesta. Prima de tamano de OPERACION, no de empresa. Definicion amplia."
Paises Bajos,prestamos_empresas,Prima PYME (amplia) | mensual,0.6200,pct_anual,2024-09,"BCE, MIR (ECB Data Portal)",https://data.ecb.europa.eu/data/datasets/MIR,2026-09-21,hasta 1 M frente a mas de 1 M (corte convencional PYME),Total initial rate fixation,tamano_prestamo,nivel,dato_unico,"DIFERENCIAL de dos niveles de tipo, no un saldo neto de encuesta. Prima de tamano de OPERACION, no de empresa. Definicion amplia."
Paises Bajos,prestamos_empresas,Prima PYME (amplia) | mensual,0.5900,pct_anual,2024-10,"BCE, MIR (ECB Data Portal)",https://data.ecb.europa.eu/data/datasets/MIR,2026-09-21,hasta 1 M frente a mas de 1 M (corte convencional PYME),Total initial rate fixation,tamano_prestamo,nivel,dato_unico,"DIFERENCIAL de dos niveles de tipo, no un saldo neto de encuesta. Prima de tamano de OPERACION, no de empresa. Definicion amplia."
Paises Bajos,prestamos_empresas,Prima PYME (amplia) | mensual,0.2700,pct_anual,2024-11,"BCE, MIR (ECB Data Portal)",https://data.ecb.europa.eu/data/datasets/MIR,2026-09-21,hasta 1 M frente a mas de 1 M (corte convencional PYME),Total initial rate fixation,tamano_prestamo,nivel,dato_unico,"DIFERENCIAL de dos niveles de tipo, no un saldo neto de encuesta. Prima de tamano de OPERACION, no de empresa. Definicion amplia."
Paises Bajos,prestamos_empresas,Prima PYME (amplia) | mensual,0.4600,pct_anual,2024-12,"BCE, MIR (ECB Data Portal)",https://data.ecb.europa.eu/data/datasets/MIR,2026-09-21,hasta 1 M frente a mas de 1 M (corte convencional PYME),Total initial rate fixation,tamano_prestamo,nivel,dato_unico,"DIFERENCIAL de dos niveles de tipo, no un saldo neto de encuesta. Prima de tamano de OPERACION, no de empresa. Definicion amplia."
Paises Bajos,prestamos_empresas,Prima PYME (amplia) | mensual,0.8200,pct_anual,2025-01,"BCE, MIR (ECB Data Portal)",https://data.ecb.europa.eu/data/datasets/MIR,2026-09-21,hasta 1 M frente a mas de 1 M (corte convencional PYME),Total initial rate fixation,tamano_prestamo,nivel,dato_unico,"DIFERENCIAL de dos niveles de tipo, no un saldo neto de encuesta. Prima de tamano de OPERACION, no de empresa. Definicion amplia."
Paises Bajos,prestamos_empresas,Prima PYME (amplia) | mensual,0.7700,pct_anual,2025-02,"BCE, MIR (ECB Data Portal)",https://data.ecb.europa.eu/data/datasets/MIR,2026-09-21,hasta 1 M frente a mas de 1 M (corte convencional PYME),Total initial rate fixation,tamano_prestamo,nivel,dato_unico,"DIFERENCIAL de dos niveles de tipo, no un saldo neto de encuesta. Prima de tamano de OPERACION, no de empresa. Definicion amplia."
Paises Bajos,prestamos_empresas,Prima PYME (amplia) | mensual,0.7100,pct_anual,2025-03,"BCE, MIR (ECB Data Portal)",https://data.ecb.europa.eu/data/datasets/MIR,2026-09-21,hasta 1 M frente a mas de 1 M (corte convencional PYME),Total initial rate fixation,tamano_prestamo,nivel,dato_unico,"DIFERENCIAL de dos niveles de tipo, no un saldo neto de encuesta. Prima de tamano de OPERACION, no de empresa. Definicion amplia."
Paises Bajos,prestamos_empresas,Prima PYME (amplia) | mensual,0.8800,pct_anual,2025-04,"BCE, MIR (ECB Data Portal)",https://data.ecb.europa.eu/data/datasets/MIR,2026-09-21,hasta 1 M frente a mas de 1 M (corte convencional PYME),Total initial rate fixation,tamano_prestamo,nivel,dato_unico,"DIFERENCIAL de dos niveles de tipo, no un saldo neto de encuesta. Prima de tamano de OPERACION, no de empresa. Definicion amplia."
Paises Bajos,prestamos_empresas,Prima PYME (amplia) | mensual,1.0400,pct_anual,2025-05,"BCE, MIR (ECB Data Portal)",https://data.ecb.europa.eu/data/datasets/MIR,2026-09-21,hasta 1 M frente a mas de 1 M (corte convencional PYME),Total initial rate fixation,tamano_prestamo,nivel,dato_unico,"DIFERENCIAL de dos niveles de tipo, no un saldo neto de encuesta. Prima de tamano de OPERACION, no de empresa. Definicion amplia."
Paises Bajos,prestamos_empresas,Prima PYME (amplia) | mensual,1.0000,pct_anual,2025-06,"BCE, MIR (ECB Data Portal)",https://data.ecb.europa.eu/data/datasets/MIR,2026-09-21,hasta 1 M frente a mas de 1 M (corte convencional PYME),Total initial rate fixation,tamano_prestamo,nivel,dato_unico,"DIFERENCIAL de dos niveles de tipo, no un saldo neto de encuesta. Prima de tamano de OPERACION, no de empresa. Definicion amplia."
Paises Bajos,prestamos_empresas,Prima PYME (amplia) | mensual,0.9100,pct_anual,2025-07,"BCE, MIR (ECB Data Portal)",https://data.ecb.europa.eu/data/datasets/MIR,2026-09-21,hasta 1 M frente a mas de 1 M (corte convencional PYME),Total initial rate fixation,tamano_prestamo,nivel,dato_unico,"DIFERENCIAL de dos niveles de tipo, no un saldo neto de encuesta. Prima de tamano de OPERACION, no de empresa. Definicion amplia."
Paises Bajos,prestamos_empresas,Prima PYME (amplia) | mensual,0.8900,pct_anual,2025-08,"BCE, MIR (ECB Data Portal)",https://data.ecb.europa.eu/data/datasets/MIR,2026-09-21,hasta 1 M frente a mas de 1 M (corte convencional PYME),Total initial rate fixation,tamano_prestamo,nivel,dato_unico,"DIFERENCIAL de dos niveles de tipo, no un saldo neto de encuesta. Prima de tamano de OPERACION, no de empresa. Definicion amplia."
Paises Bajos,prestamos_empresas,Prima PYME (amplia) | mensual,0.9800,pct_anual,2025-09,"BCE, MIR (ECB Data Portal)",https://data.ecb.europa.eu/data/datasets/MIR,2026-09-21,hasta 1 M frente a mas de 1 M (corte convencional PYME),Total initial rate fixation,tamano_prestamo,nivel,dato_unico,"DIFERENCIAL de dos niveles de tipo, no un saldo neto de encuesta. Prima de tamano de OPERACION, no de empresa. Definicion amplia."
Paises Bajos,prestamos_empresas,Prima PYME (amplia) | mensual,1.0700,pct_anual,2025-10,"BCE, MIR (ECB Data Portal)",https://data.ecb.europa.eu/data/datasets/MIR,2026-09-21,hasta 1 M frente a mas de 1 M (corte convencional PYME),Total initial rate fixation,tamano_prestamo,nivel,dato_unico,"DIFERENCIAL de dos niveles de tipo, no un saldo neto de encuesta. Prima de tamano de OPERACION, no de empresa. Definicion amplia."
Paises Bajos,prestamos_empresas,Prima PYME (amplia) | mensual,1.0500,pct_anual,2025-11,"BCE, MIR (ECB Data Portal)",https://data.ecb.europa.eu/data/datasets/MIR,2026-09-21,hasta 1 M frente a mas de 1 M (corte convencional PYME),Total initial rate fixation,tamano_prestamo,nivel,dato_unico,"DIFERENCIAL de dos niveles de tipo, no un saldo neto de encuesta. Prima de tamano de OPERACION, no de empresa. Definicion amplia."
Paises Bajos,prestamos_empresas,Prima PYME (amplia) | mensual,0.8500,pct_anual,2025-12,"BCE, MIR (ECB Data Portal)",https://data.ecb.europa.eu/data/datasets/MIR,2026-09-21,hasta 1 M frente a mas de 1 M (corte convencional PYME),Total initial rate fixation,tamano_prestamo,nivel,dato_unico,"DIFERENCIAL de dos niveles de tipo, no un saldo neto de encuesta. Prima de tamano de OPERACION, no de empresa. Definicion amplia."
Paises Bajos,prestamos_empresas,Prima PYME (amplia) | mensual,0.9400,pct_anual,2026-01,"BCE, MIR (ECB Data Portal)",https://data.ecb.europa.eu/data/datasets/MIR,2026-09-21,hasta 1 M frente a mas de 1 M (corte convencional PYME),Total initial rate fixation,tamano_prestamo,nivel,dato_unico,"DIFERENCIAL de dos niveles de tipo, no un saldo neto de encuesta. Prima de tamano de OPERACION, no de empresa. Definicion amplia."
Paises Bajos,prestamos_empresas,Prima PYME (amplia) | mensual,0.7800,pct_anual,2026-02,"BCE, MIR (ECB Data Portal)",https://data.ecb.europa.eu/data/datasets/MIR,2026-09-21,hasta 1 M frente a mas de 1 M (corte convencional PYME),Total initial rate fixation,tamano_prestamo,nivel,dato_unico,"DIFERENCIAL de dos niveles de tipo, no un saldo neto de encuesta. Prima de tamano de OPERACION, no de empresa. Definicion amplia."
Paises Bajos,prestamos_empresas,Prima PYME (amplia) | mensual,1.0000,pct_anual,2026-03,"BCE, MIR (ECB Data Portal)",https://data.ecb.europa.eu/data/datasets/MIR,2026-09-21,hasta 1 M frente a mas de 1 M (corte convencional PYME),Total initial rate fixation,tamano_prestamo,nivel,dato_unico,"DIFERENCIAL de dos niveles de tipo, no un saldo neto de encuesta. Prima de tamano de OPERACION, no de empresa. Definicion amplia."
Paises Bajos,prestamos_empresas,Prima PYME (amplia) | mensual,1.1300,pct_anual,2026-04,"BCE, MIR (ECB Data Portal)",https://data.ecb.europa.eu/data/datasets/MIR,2026-09-21,hasta 1 M frente a mas de 1 M (corte convencional PYME),Total initial rate fixation,tamano_prestamo,nivel,dato_unico,"DIFERENCIAL de dos niveles de tipo, no un saldo neto de encuesta. Prima de tamano de OPERACION, no de empresa. Definicion amplia."
Paises Bajos,prestamos_empresas,Prima PYME (amplia) | mensual,1.1500,pct_anual,2026-05,"BCE, MIR (ECB Data Portal)",https://data.ecb.europa.eu/data/datasets/MIR,2026-09-21,hasta 1 M frente a mas de 1 M (corte convencional PYME),Total initial rate fixation,tamano_prestamo,nivel,dato_unico,"DIFERENCIAL de dos niveles de tipo, no un saldo neto de encuesta. Prima de tamano de OPERACION, no de empresa. Definicion amplia."
Paises Bajos,prestamos_empresas,Prima PYME (amplia) | mensual,1.1700,pct_anual,2026-06,"BCE, MIR (ECB Data Portal)",https://data.ecb.europa.eu/data/datasets/MIR,2026-09-21,hasta 1 M frente a mas de 1 M (corte convencional PYME),Total initial rate fixation,tamano_prestamo,nivel,dato_unico,"DIFERENCIAL de dos niveles de tipo, no un saldo neto de encuesta. Prima de tamano de OPERACION, no de empresa. Definicion amplia."
Paises Bajos,prestamos_empresas,Prima PYME (amplia) | mensual,1.6500,pct_anual,2026-07,"BCE, MIR (ECB Data Portal)",https://data.ecb.europa.eu/data/datasets/MIR,2026-09-21,hasta 1 M frente a mas de 1 M (corte convencional PYME),Total initial rate fixation,tamano_prestamo,nivel,dato_unico,"DIFERENCIAL de dos niveles de tipo, no un saldo neto de encuesta. Prima de tamano de OPERACION, no de empresa. Definicion amplia."
Paises Bajos,prestamos_empresas,Prima PYME (amplia) | media del ano,1.3964,pct_anual,2022,"BCE, MIR (ECB Data Portal)",https://data.ecb.europa.eu/data/datasets/MIR,2026-09-21,hasta 1 M frente a mas de 1 M (corte convencional PYME),Total initial rate fixation,tamano_prestamo,nivel,media_ponderada_volumen,"DIFERENCIAL de dos niveles de tipo, no un saldo neto de encuesta. Prima de tamano de OPERACION, no de empresa. Definicion amplia. Media del diferencial mensual ponderada por el volumen de nueva produccion de los dos tramos."
Paises Bajos,prestamos_empresas,Prima PYME (amplia) | media del ano,1.4139,pct_anual,2023,"BCE, MIR (ECB Data Portal)",https://data.ecb.europa.eu/data/datasets/MIR,2026-09-21,hasta 1 M frente a mas de 1 M (corte convencional PYME),Total initial rate fixation,tamano_prestamo,nivel,media_ponderada_volumen,"DIFERENCIAL de dos niveles de tipo, no un saldo neto de encuesta. Prima de tamano de OPERACION, no de empresa. Definicion amplia. Media del diferencial mensual ponderada por el volumen de nueva produccion de los dos tramos."
Paises Bajos,prestamos_empresas,Prima PYME (amplia) | media del ano,0.7815,pct_anual,2024,"BCE, MIR (ECB Data Portal)",https://data.ecb.europa.eu/data/datasets/MIR,2026-09-21,hasta 1 M frente a mas de 1 M (corte convencional PYME),Total initial rate fixation,tamano_prestamo,nivel,media_ponderada_volumen,"DIFERENCIAL de dos niveles de tipo, no un saldo neto de encuesta. Prima de tamano de OPERACION, no de empresa. Definicion amplia. Media del diferencial mensual ponderada por el volumen de nueva produccion de los dos tramos."
Paises Bajos,prestamos_empresas,Prima PYME (amplia) | media del ano,0.9159,pct_anual,2025,"BCE, MIR (ECB Data Portal)",https://data.ecb.europa.eu/data/datasets/MIR,2026-09-21,hasta 1 M frente a mas de 1 M (corte convencional PYME),Total initial rate fixation,tamano_prestamo,nivel,media_ponderada_volumen,"DIFERENCIAL de dos niveles de tipo, no un saldo neto de encuesta. Prima de tamano de OPERACION, no de empresa. Definicion amplia. Media del diferencial mensual ponderada por el volumen de nueva produccion de los dos tramos."
Paises Bajos,prestamos_empresas,Prima PYME (amplia) | media del ano,1.1390,pct_anual,2026,"BCE, MIR (ECB Data Portal)",https://data.ecb.europa.eu/data/datasets/MIR,2026-09-21,hasta 1 M frente a mas de 1 M (corte convencional PYME),Total initial rate fixation,tamano_prestamo,nivel,media_ponderada_volumen,"DIFERENCIAL de dos niveles de tipo, no un saldo neto de encuesta. Prima de tamano de OPERACION, no de empresa. Definicion amplia. Media del diferencial mensual ponderada por el volumen de nueva produccion de los dos tramos."
Paises Bajos,prestamos_empresas,Prima PYME (amplia) | ultimos 12 meses,1.0750,pct_anual,2025-08 a 2026-07,"BCE, MIR (ECB Data Portal)",https://data.ecb.europa.eu/data/datasets/MIR,2026-09-21,hasta 1 M frente a mas de 1 M (corte convencional PYME),Total initial rate fixation,tamano_prestamo,nivel,media_ponderada_volumen,"DIFERENCIAL de dos niveles de tipo, no un saldo neto de encuesta. Prima de tamano de OPERACION, no de empresa. Definicion amplia. 0 de los 55 meses de la serie tienen prima NEGATIVA (el prestamo pequeno sale mas barato que el grande)."
Irlanda,prestamos_empresas,Prima PYME (amplia) | mensual,1.4600,pct_anual,2022-03,"BCE, MIR (ECB Data Portal)",https://data.ecb.europa.eu/data/datasets/MIR,2026-09-21,hasta 1 M frente a mas de 1 M (corte convencional PYME),Total initial rate fixation,tamano_prestamo,nivel,dato_unico,"DIFERENCIAL de dos niveles de tipo, no un saldo neto de encuesta. Prima de tamano de OPERACION, no de empresa. Definicion amplia."
Irlanda,prestamos_empresas,Prima PYME (amplia) | mensual,0.7400,pct_anual,2022-04,"BCE, MIR (ECB Data Portal)",https://data.ecb.europa.eu/data/datasets/MIR,2026-09-21,hasta 1 M frente a mas de 1 M (corte convencional PYME),Total initial rate fixation,tamano_prestamo,nivel,dato_unico,"DIFERENCIAL de dos niveles de tipo, no un saldo neto de encuesta. Prima de tamano de OPERACION, no de empresa. Definicion amplia."
Irlanda,prestamos_empresas,Prima PYME (amplia) | mensual,0.7300,pct_anual,2022-05,"BCE, MIR (ECB Data Portal)",https://data.ecb.europa.eu/data/datasets/MIR,2026-09-21,hasta 1 M frente a mas de 1 M (corte convencional PYME),Total initial rate fixation,tamano_prestamo,nivel,dato_unico,"DIFERENCIAL de dos niveles de tipo, no un saldo neto de encuesta. Prima de tamano de OPERACION, no de empresa. Definicion amplia."
Irlanda,prestamos_empresas,Prima PYME (amplia) | mensual,0.4900,pct_anual,2022-06,"BCE, MIR (ECB Data Portal)",https://data.ecb.europa.eu/data/datasets/MIR,2026-09-21,hasta 1 M frente a mas de 1 M (corte convencional PYME),Total initial rate fixation,tamano_prestamo,nivel,dato_unico,"DIFERENCIAL de dos niveles de tipo, no un saldo neto de encuesta. Prima de tamano de OPERACION, no de empresa. Definicion amplia."
Irlanda,prestamos_empresas,Prima PYME (amplia) | mensual,1.2000,pct_anual,2022-08,"BCE, MIR (ECB Data Portal)",https://data.ecb.europa.eu/data/datasets/MIR,2026-09-21,hasta 1 M frente a mas de 1 M (corte convencional PYME),Total initial rate fixation,tamano_prestamo,nivel,dato_unico,"DIFERENCIAL de dos niveles de tipo, no un saldo neto de encuesta. Prima de tamano de OPERACION, no de empresa. Definicion amplia."
Irlanda,prestamos_empresas,Prima PYME (amplia) | mensual,1.1200,pct_anual,2022-10,"BCE, MIR (ECB Data Portal)",https://data.ecb.europa.eu/data/datasets/MIR,2026-09-21,hasta 1 M frente a mas de 1 M (corte convencional PYME),Total initial rate fixation,tamano_prestamo,nivel,dato_unico,"DIFERENCIAL de dos niveles de tipo, no un saldo neto de encuesta. Prima de tamano de OPERACION, no de empresa. Definicion amplia."
Irlanda,prestamos_empresas,Prima PYME (amplia) | mensual,1.2300,pct_anual,2023-01,"BCE, MIR (ECB Data Portal)",https://data.ecb.europa.eu/data/datasets/MIR,2026-09-21,hasta 1 M frente a mas de 1 M (corte convencional PYME),Total initial rate fixation,tamano_prestamo,nivel,dato_unico,"DIFERENCIAL de dos niveles de tipo, no un saldo neto de encuesta. Prima de tamano de OPERACION, no de empresa. Definicion amplia."
Irlanda,prestamos_empresas,Prima PYME (amplia) | mensual,0.0400,pct_anual,2023-04,"BCE, MIR (ECB Data Portal)",https://data.ecb.europa.eu/data/datasets/MIR,2026-09-21,hasta 1 M frente a mas de 1 M (corte convencional PYME),Total initial rate fixation,tamano_prestamo,nivel,dato_unico,"DIFERENCIAL de dos niveles de tipo, no un saldo neto de encuesta. Prima de tamano de OPERACION, no de empresa. Definicion amplia."
Irlanda,prestamos_empresas,Prima PYME (amplia) | mensual,-0.3500,pct_anual,2023-05,"BCE, MIR (ECB Data Portal)",https://data.ecb.europa.eu/data/datasets/MIR,2026-09-21,hasta 1 M frente a mas de 1 M (corte convencional PYME),Total initial rate fixation,tamano_prestamo,nivel,dato_unico,"DIFERENCIAL de dos niveles de tipo, no un saldo neto de encuesta. Prima de tamano de OPERACION, no de empresa. Definicion amplia."
Irlanda,prestamos_empresas,Prima PYME (amplia) | mensual,0.6400,pct_anual,2023-06,"BCE, MIR (ECB Data Portal)",https://data.ecb.europa.eu/data/datasets/MIR,2026-09-21,hasta 1 M frente a mas de 1 M (corte convencional PYME),Total initial rate fixation,tamano_prestamo,nivel,dato_unico,"DIFERENCIAL de dos niveles de tipo, no un saldo neto de encuesta. Prima de tamano de OPERACION, no de empresa. Definicion amplia."
Irlanda,prestamos_empresas,Prima PYME (amplia) | mensual,0.0000,pct_anual,2023-07,"BCE, MIR (ECB Data Portal)",https://data.ecb.europa.eu/data/datasets/MIR,2026-09-21,hasta 1 M frente a mas de 1 M (corte convencional PYME),Total initial rate fixation,tamano_prestamo,nivel,dato_unico,"DIFERENCIAL de dos niveles de tipo, no un saldo neto de encuesta. Prima de tamano de OPERACION, no de empresa. Definicion amplia."
Irlanda,prestamos_empresas,Prima PYME (amplia) | mensual,0.1400,pct_anual,2023-08,"BCE, MIR (ECB Data Portal)",https://data.ecb.europa.eu/data/datasets/MIR,2026-09-21,hasta 1 M frente a mas de 1 M (corte convencional PYME),Total initial rate fixation,tamano_prestamo,nivel,dato_unico,"DIFERENCIAL de dos niveles de tipo, no un saldo neto de encuesta. Prima de tamano de OPERACION, no de empresa. Definicion amplia."
Irlanda,prestamos_empresas,Prima PYME (amplia) | mensual,0.5300,pct_anual,2023-12,"BCE, MIR (ECB Data Portal)",https://data.ecb.europa.eu/data/datasets/MIR,2026-09-21,hasta 1 M frente a mas de 1 M (corte convencional PYME),Total initial rate fixation,tamano_prestamo,nivel,dato_unico,"DIFERENCIAL de dos niveles de tipo, no un saldo neto de encuesta. Prima de tamano de OPERACION, no de empresa. Definicion amplia."
Irlanda,prestamos_empresas,Prima PYME (amplia) | mensual,-0.3200,pct_anual,2024-02,"BCE, MIR (ECB Data Portal)",https://data.ecb.europa.eu/data/datasets/MIR,2026-09-21,hasta 1 M frente a mas de 1 M (corte convencional PYME),Total initial rate fixation,tamano_prestamo,nivel,dato_unico,"DIFERENCIAL de dos niveles de tipo, no un saldo neto de encuesta. Prima de tamano de OPERACION, no de empresa. Definicion amplia."
Irlanda,prestamos_empresas,Prima PYME (amplia) | mensual,-0.6500,pct_anual,2024-03,"BCE, MIR (ECB Data Portal)",https://data.ecb.europa.eu/data/datasets/MIR,2026-09-21,hasta 1 M frente a mas de 1 M (corte convencional PYME),Total initial rate fixation,tamano_prestamo,nivel,dato_unico,"DIFERENCIAL de dos niveles de tipo, no un saldo neto de encuesta. Prima de tamano de OPERACION, no de empresa. Definicion amplia."
Irlanda,prestamos_empresas,Prima PYME (amplia) | mensual,-0.8500,pct_anual,2024-04,"BCE, MIR (ECB Data Portal)",https://data.ecb.europa.eu/data/datasets/MIR,2026-09-21,hasta 1 M frente a mas de 1 M (corte convencional PYME),Total initial rate fixation,tamano_prestamo,nivel,dato_unico,"DIFERENCIAL de dos niveles de tipo, no un saldo neto de encuesta. Prima de tamano de OPERACION, no de empresa. Definicion amplia."
Irlanda,prestamos_empresas,Prima PYME (amplia) | mensual,0.2300,pct_anual,2024-05,"BCE, MIR (ECB Data Portal)",https://data.ecb.europa.eu/data/datasets/MIR,2026-09-21,hasta 1 M frente a mas de 1 M (corte convencional PYME),Total initial rate fixation,tamano_prestamo,nivel,dato_unico,"DIFERENCIAL de dos niveles de tipo, no un saldo neto de encuesta. Prima de tamano de OPERACION, no de empresa. Definicion amplia."
Irlanda,prestamos_empresas,Prima PYME (amplia) | mensual,0.2700,pct_anual,2024-06,"BCE, MIR (ECB Data Portal)",https://data.ecb.europa.eu/data/datasets/MIR,2026-09-21,hasta 1 M frente a mas de 1 M (corte convencional PYME),Total initial rate fixation,tamano_prestamo,nivel,dato_unico,"DIFERENCIAL de dos niveles de tipo, no un saldo neto de encuesta. Prima de tamano de OPERACION, no de empresa. Definicion amplia."
Irlanda,prestamos_empresas,Prima PYME (amplia) | mensual,0.1000,pct_anual,2024-07,"BCE, MIR (ECB Data Portal)",https://data.ecb.europa.eu/data/datasets/MIR,2026-09-21,hasta 1 M frente a mas de 1 M (corte convencional PYME),Total initial rate fixation,tamano_prestamo,nivel,dato_unico,"DIFERENCIAL de dos niveles de tipo, no un saldo neto de encuesta. Prima de tamano de OPERACION, no de empresa. Definicion amplia."
Irlanda,prestamos_empresas,Prima PYME (amplia) | mensual,-0.1700,pct_anual,2024-08,"BCE, MIR (ECB Data Portal)",https://data.ecb.europa.eu/data/datasets/MIR,2026-09-21,hasta 1 M frente a mas de 1 M (corte convencional PYME),Total initial rate fixation,tamano_prestamo,nivel,dato_unico,"DIFERENCIAL de dos niveles de tipo, no un saldo neto de encuesta. Prima de tamano de OPERACION, no de empresa. Definicion amplia."
Irlanda,prestamos_empresas,Prima PYME (amplia) | mensual,1.7700,pct_anual,2024-09,"BCE, MIR (ECB Data Portal)",https://data.ecb.europa.eu/data/datasets/MIR,2026-09-21,hasta 1 M frente a mas de 1 M (corte convencional PYME),Total initial rate fixation,tamano_prestamo,nivel,dato_unico,"DIFERENCIAL de dos niveles de tipo, no un saldo neto de encuesta. Prima de tamano de OPERACION, no de empresa. Definicion amplia."
Irlanda,prestamos_empresas,Prima PYME (amplia) | mensual,0.7000,pct_anual,2024-10,"BCE, MIR (ECB Data Portal)",https://data.ecb.europa.eu/data/datasets/MIR,2026-09-21,hasta 1 M frente a mas de 1 M (corte convencional PYME),Total initial rate fixation,tamano_prestamo,nivel,dato_unico,"DIFERENCIAL de dos niveles de tipo, no un saldo neto de encuesta. Prima de tamano de OPERACION, no de empresa. Definicion amplia."
Irlanda,prestamos_empresas,Prima PYME (amplia) | mensual,0.1800,pct_anual,2024-11,"BCE, MIR (ECB Data Portal)",https://data.ecb.europa.eu/data/datasets/MIR,2026-09-21,hasta 1 M frente a mas de 1 M (corte convencional PYME),Total initial rate fixation,tamano_prestamo,nivel,dato_unico,"DIFERENCIAL de dos niveles de tipo, no un saldo neto de encuesta. Prima de tamano de OPERACION, no de empresa. Definicion amplia."
Irlanda,prestamos_empresas,Prima PYME (amplia) | mensual,-0.3900,pct_anual,2024-12,"BCE, MIR (ECB Data Portal)",https://data.ecb.europa.eu/data/datasets/MIR,2026-09-21,hasta 1 M frente a mas de 1 M (corte convencional PYME),Total initial rate fixation,tamano_prestamo,nivel,dato_unico,"DIFERENCIAL de dos niveles de tipo, no un saldo neto de encuesta. Prima de tamano de OPERACION, no de empresa. Definicion amplia."
Irlanda,prestamos_empresas,Prima PYME (amplia) | mensual,0.3900,pct_anual,2025-01,"BCE, MIR (ECB Data Portal)",https://data.ecb.europa.eu/data/datasets/MIR,2026-09-21,hasta 1 M frente a mas de 1 M (corte convencional PYME),Total initial rate fixation,tamano_prestamo,nivel,dato_unico,"DIFERENCIAL de dos niveles de tipo, no un saldo neto de encuesta. Prima de tamano de OPERACION, no de empresa. Definicion amplia."
Irlanda,prestamos_empresas,Prima PYME (amplia) | mensual,-0.3600,pct_anual,2025-02,"BCE, MIR (ECB Data Portal)",https://data.ecb.europa.eu/data/datasets/MIR,2026-09-21,hasta 1 M frente a mas de 1 M (corte convencional PYME),Total initial rate fixation,tamano_prestamo,nivel,dato_unico,"DIFERENCIAL de dos niveles de tipo, no un saldo neto de encuesta. Prima de tamano de OPERACION, no de empresa. Definicion amplia."
Irlanda,prestamos_empresas,Prima PYME (amplia) | mensual,-0.9600,pct_anual,2025-03,"BCE, MIR (ECB Data Portal)",https://data.ecb.europa.eu/data/datasets/MIR,2026-09-21,hasta 1 M frente a mas de 1 M (corte convencional PYME),Total initial rate fixation,tamano_prestamo,nivel,dato_unico,"DIFERENCIAL de dos niveles de tipo, no un saldo neto de encuesta. Prima de tamano de OPERACION, no de empresa. Definicion amplia."
Irlanda,prestamos_empresas,Prima PYME (amplia) | mensual,-0.2300,pct_anual,2025-04,"BCE, MIR (ECB Data Portal)",https://data.ecb.europa.eu/data/datasets/MIR,2026-09-21,hasta 1 M frente a mas de 1 M (corte convencional PYME),Total initial rate fixation,tamano_prestamo,nivel,dato_unico,"DIFERENCIAL de dos niveles de tipo, no un saldo neto de encuesta. Prima de tamano de OPERACION, no de empresa. Definicion amplia."
Irlanda,prestamos_empresas,Prima PYME (amplia) | mensual,1.0000,pct_anual,2025-05,"BCE, MIR (ECB Data Portal)",https://data.ecb.europa.eu/data/datasets/MIR,2026-09-21,hasta 1 M frente a mas de 1 M (corte convencional PYME),Total initial rate fixation,tamano_prestamo,nivel,dato_unico,"DIFERENCIAL de dos niveles de tipo, no un saldo neto de encuesta. Prima de tamano de OPERACION, no de empresa. Definicion amplia."
Irlanda,prestamos_empresas,Prima PYME (amplia) | mensual,0.4300,pct_anual,2025-06,"BCE, MIR (ECB Data Portal)",https://data.ecb.europa.eu/data/datasets/MIR,2026-09-21,hasta 1 M frente a mas de 1 M (corte convencional PYME),Total initial rate fixation,tamano_prestamo,nivel,dato_unico,"DIFERENCIAL de dos niveles de tipo, no un saldo neto de encuesta. Prima de tamano de OPERACION, no de empresa. Definicion amplia."
Irlanda,prestamos_empresas,Prima PYME (amplia) | mensual,0.4700,pct_anual,2025-07,"BCE, MIR (ECB Data Portal)",https://data.ecb.europa.eu/data/datasets/MIR,2026-09-21,hasta 1 M frente a mas de 1 M (corte convencional PYME),Total initial rate fixation,tamano_prestamo,nivel,dato_unico,"DIFERENCIAL de dos niveles de tipo, no un saldo neto de encuesta. Prima de tamano de OPERACION, no de empresa. Definicion amplia."
Irlanda,prestamos_empresas,Prima PYME (amplia) | mensual,1.1900,pct_anual,2025-08,"BCE, MIR (ECB Data Portal)",https://data.ecb.europa.eu/data/datasets/MIR,2026-09-21,hasta 1 M frente a mas de 1 M (corte convencional PYME),Total initial rate fixation,tamano_prestamo,nivel,dato_unico,"DIFERENCIAL de dos niveles de tipo, no un saldo neto de encuesta. Prima de tamano de OPERACION, no de empresa. Definicion amplia."
Irlanda,prestamos_empresas,Prima PYME (amplia) | mensual,0.5100,pct_anual,2025-09,"BCE, MIR (ECB Data Portal)",https://data.ecb.europa.eu/data/datasets/MIR,2026-09-21,hasta 1 M frente a mas de 1 M (corte convencional PYME),Total initial rate fixation,tamano_prestamo,nivel,dato_unico,"DIFERENCIAL de dos niveles de tipo, no un saldo neto de encuesta. Prima de tamano de OPERACION, no de empresa. Definicion amplia."
Irlanda,prestamos_empresas,Prima PYME (amplia) | mensual,0.2100,pct_anual,2025-10,"BCE, MIR (ECB Data Portal)",https://data.ecb.europa.eu/data/datasets/MIR,2026-09-21,hasta 1 M frente a mas de 1 M (corte convencional PYME),Total initial rate fixation,tamano_prestamo,nivel,dato_unico,"DIFERENCIAL de dos niveles de tipo, no un saldo neto de encuesta. Prima de tamano de OPERACION, no de empresa. Definicion amplia."
Irlanda,prestamos_empresas,Prima PYME (amplia) | mensual,1.1700,pct_anual,2025-11,"BCE, MIR (ECB Data Portal)",https://data.ecb.europa.eu/data/datasets/MIR,2026-09-21,hasta 1 M frente a mas de 1 M (corte convencional PYME),Total initial rate fixation,tamano_prestamo,nivel,dato_unico,"DIFERENCIAL de dos niveles de tipo, no un saldo neto de encuesta. Prima de tamano de OPERACION, no de empresa. Definicion amplia."
Irlanda,prestamos_empresas,Prima PYME (amplia) | mensual,0.8600,pct_anual,2025-12,"BCE, MIR (ECB Data Portal)",https://data.ecb.europa.eu/data/datasets/MIR,2026-09-21,hasta 1 M frente a mas de 1 M (corte convencional PYME),Total initial rate fixation,tamano_prestamo,nivel,dato_unico,"DIFERENCIAL de dos niveles de tipo, no un saldo neto de encuesta. Prima de tamano de OPERACION, no de empresa. Definicion amplia."
Irlanda,prestamos_empresas,Prima PYME (amplia) | mensual,0.8000,pct_anual,2026-01,"BCE, MIR (ECB Data Portal)",https://data.ecb.europa.eu/data/datasets/MIR,2026-09-21,hasta 1 M frente a mas de 1 M (corte convencional PYME),Total initial rate fixation,tamano_prestamo,nivel,dato_unico,"DIFERENCIAL de dos niveles de tipo, no un saldo neto de encuesta. Prima de tamano de OPERACION, no de empresa. Definicion amplia."
Irlanda,prestamos_empresas,Prima PYME (amplia) | mensual,0.8200,pct_anual,2026-02,"BCE, MIR (ECB Data Portal)",https://data.ecb.europa.eu/data/datasets/MIR,2026-09-21,hasta 1 M frente a mas de 1 M (corte convencional PYME),Total initial rate fixation,tamano_prestamo,nivel,dato_unico,"DIFERENCIAL de dos niveles de tipo, no un saldo neto de encuesta. Prima de tamano de OPERACION, no de empresa. Definicion amplia."
Irlanda,prestamos_empresas,Prima PYME (amplia) | mensual,0.1000,pct_anual,2026-03,"BCE, MIR (ECB Data Portal)",https://data.ecb.europa.eu/data/datasets/MIR,2026-09-21,hasta 1 M frente a mas de 1 M (corte convencional PYME),Total initial rate fixation,tamano_prestamo,nivel,dato_unico,"DIFERENCIAL de dos niveles de tipo, no un saldo neto de encuesta. Prima de tamano de OPERACION, no de empresa. Definicion amplia."
Irlanda,prestamos_empresas,Prima PYME (amplia) | mensual,0.7900,pct_anual,2026-04,"BCE, MIR (ECB Data Portal)",https://data.ecb.europa.eu/data/datasets/MIR,2026-09-21,hasta 1 M frente a mas de 1 M (corte convencional PYME),Total initial rate fixation,tamano_prestamo,nivel,dato_unico,"DIFERENCIAL de dos niveles de tipo, no un saldo neto de encuesta. Prima de tamano de OPERACION, no de empresa. Definicion amplia."
Irlanda,prestamos_empresas,Prima PYME (amplia) | mensual,0.4200,pct_anual,2026-05,"BCE, MIR (ECB Data Portal)",https://data.ecb.europa.eu/data/datasets/MIR,2026-09-21,hasta 1 M frente a mas de 1 M (corte convencional PYME),Total initial rate fixation,tamano_prestamo,nivel,dato_unico,"DIFERENCIAL de dos niveles de tipo, no un saldo neto de encuesta. Prima de tamano de OPERACION, no de empresa. Definicion amplia."
Irlanda,prestamos_empresas,Prima PYME (amplia) | mensual,0.4200,pct_anual,2026-06,"BCE, MIR (ECB Data Portal)",https://data.ecb.europa.eu/data/datasets/MIR,2026-09-21,hasta 1 M frente a mas de 1 M (corte convencional PYME),Total initial rate fixation,tamano_prestamo,nivel,dato_unico,"DIFERENCIAL de dos niveles de tipo, no un saldo neto de encuesta. Prima de tamano de OPERACION, no de empresa. Definicion amplia."
Irlanda,prestamos_empresas,Prima PYME (amplia) | mensual,0.1800,pct_anual,2026-07,"BCE, MIR (ECB Data Portal)",https://data.ecb.europa.eu/data/datasets/MIR,2026-09-21,hasta 1 M frente a mas de 1 M (corte convencional PYME),Total initial rate fixation,tamano_prestamo,nivel,dato_unico,"DIFERENCIAL de dos niveles de tipo, no un saldo neto de encuesta. Prima de tamano de OPERACION, no de empresa. Definicion amplia."
Irlanda,prestamos_empresas,Prima PYME (amplia) | media del ano,0.9663,pct_anual,2022,"BCE, MIR (ECB Data Portal)",https://data.ecb.europa.eu/data/datasets/MIR,2026-09-21,hasta 1 M frente a mas de 1 M (corte convencional PYME),Total initial rate fixation,tamano_prestamo,nivel,media_ponderada_volumen,"DIFERENCIAL de dos niveles de tipo, no un saldo neto de encuesta. Prima de tamano de OPERACION, no de empresa. Definicion amplia. Media del diferencial mensual ponderada por el volumen de nueva produccion de los dos tramos."
Irlanda,prestamos_empresas,Prima PYME (amplia) | media del ano,0.3465,pct_anual,2023,"BCE, MIR (ECB Data Portal)",https://data.ecb.europa.eu/data/datasets/MIR,2026-09-21,hasta 1 M frente a mas de 1 M (corte convencional PYME),Total initial rate fixation,tamano_prestamo,nivel,media_ponderada_volumen,"DIFERENCIAL de dos niveles de tipo, no un saldo neto de encuesta. Prima de tamano de OPERACION, no de empresa. Definicion amplia. Media del diferencial mensual ponderada por el volumen de nueva produccion de los dos tramos."
Irlanda,prestamos_empresas,Prima PYME (amplia) | media del ano,0.1271,pct_anual,2024,"BCE, MIR (ECB Data Portal)",https://data.ecb.europa.eu/data/datasets/MIR,2026-09-21,hasta 1 M frente a mas de 1 M (corte convencional PYME),Total initial rate fixation,tamano_prestamo,nivel,media_ponderada_volumen,"DIFERENCIAL de dos niveles de tipo, no un saldo neto de encuesta. Prima de tamano de OPERACION, no de empresa. Definicion amplia. Media del diferencial mensual ponderada por el volumen de nueva produccion de los dos tramos."
Irlanda,prestamos_empresas,Prima PYME (amplia) | media del ano,0.2583,pct_anual,2025,"BCE, MIR (ECB Data Portal)",https://data.ecb.europa.eu/data/datasets/MIR,2026-09-21,hasta 1 M frente a mas de 1 M (corte convencional PYME),Total initial rate fixation,tamano_prestamo,nivel,media_ponderada_volumen,"DIFERENCIAL de dos niveles de tipo, no un saldo neto de encuesta. Prima de tamano de OPERACION, no de empresa. Definicion amplia. Media del diferencial mensual ponderada por el volumen de nueva produccion de los dos tramos."
Irlanda,prestamos_empresas,Prima PYME (amplia) | media del ano,0.3665,pct_anual,2026,"BCE, MIR (ECB Data Portal)",https://data.ecb.europa.eu/data/datasets/MIR,2026-09-21,hasta 1 M frente a mas de 1 M (corte convencional PYME),Total initial rate fixation,tamano_prestamo,nivel,media_ponderada_volumen,"DIFERENCIAL de dos niveles de tipo, no un saldo neto de encuesta. Prima de tamano de OPERACION, no de empresa. Definicion amplia. Media del diferencial mensual ponderada por el volumen de nueva produccion de los dos tramos."
Irlanda,prestamos_empresas,Prima PYME (amplia) | ultimos 12 meses,0.4722,pct_anual,2025-08 a 2026-07,"BCE, MIR (ECB Data Portal)",https://data.ecb.europa.eu/data/datasets/MIR,2026-09-21,hasta 1 M frente a mas de 1 M (corte convencional PYME),Total initial rate fixation,tamano_prestamo,nivel,media_ponderada_volumen,"DIFERENCIAL de dos niveles de tipo, no un saldo neto de encuesta. Prima de tamano de OPERACION, no de empresa. Definicion amplia. 9 de los 43 meses de la serie tienen prima NEGATIVA (el prestamo pequeno sale mas barato que el grande)."
