pais,producto,metrica,valor,unidad,periodo_referencia,fuente,url,fecha_publicacion,tramo_importe,plazo_fijacion,criterio_segmentacion,tipo_de_dato,ponderacion,notas
Alemania,inmueble_comercial_garantia_hipotecaria,"Saldo bruto | Sociedades no financieras, inmueble comercial (CRE)",290303.0318,eur_millones,2024-Q1,"EBA, Risk Dashboard (anexo de datos)",https://www.eba.europa.eu/risk-and-data-analysis/risk-analysis/risk-monitoring/risk-dashboard,2026-09-16,,,n/a,importe,media_ponderada_volumen,"hoja Loans_1, T20_6; muestra de bancos del EBA"
Alemania,inmueble_comercial_garantia_hipotecaria,"Saldo bruto | Sociedades no financieras, inmueble comercial (CRE)",290594.7930,eur_millones,2024-Q2,"EBA, Risk Dashboard (anexo de datos)",https://www.eba.europa.eu/risk-and-data-analysis/risk-analysis/risk-monitoring/risk-dashboard,2026-09-16,,,n/a,importe,media_ponderada_volumen,"hoja Loans_1, T20_6; muestra de bancos del EBA"
Alemania,inmueble_comercial_garantia_hipotecaria,"Saldo bruto | Sociedades no financieras, inmueble comercial (CRE)",288641.5375,eur_millones,2024-Q3,"EBA, Risk Dashboard (anexo de datos)",https://www.eba.europa.eu/risk-and-data-analysis/risk-analysis/risk-monitoring/risk-dashboard,2026-09-16,,,n/a,importe,media_ponderada_volumen,"hoja Loans_1, T20_6; muestra de bancos del EBA"
Alemania,inmueble_comercial_garantia_hipotecaria,"Saldo bruto | Sociedades no financieras, inmueble comercial (CRE)",293207.5126,eur_millones,2024-Q4,"EBA, Risk Dashboard (anexo de datos)",https://www.eba.europa.eu/risk-and-data-analysis/risk-analysis/risk-monitoring/risk-dashboard,2026-09-16,,,n/a,importe,media_ponderada_volumen,"hoja Loans_1, T20_6; muestra de bancos del EBA"
Alemania,inmueble_comercial_garantia_hipotecaria,"Saldo bruto | Sociedades no financieras, inmueble comercial (CRE)",285400.1281,eur_millones,2025-Q1,"EBA, Risk Dashboard (anexo de datos)",https://www.eba.europa.eu/risk-and-data-analysis/risk-analysis/risk-monitoring/risk-dashboard,2026-09-16,,,n/a,importe,media_ponderada_volumen,"hoja Loans_1, T20_6; muestra de bancos del EBA"
Alemania,inmueble_comercial_garantia_hipotecaria,"Saldo bruto | Sociedades no financieras, inmueble comercial (CRE)",281542.7535,eur_millones,2025-Q2,"EBA, Risk Dashboard (anexo de datos)",https://www.eba.europa.eu/risk-and-data-analysis/risk-analysis/risk-monitoring/risk-dashboard,2026-09-16,,,n/a,importe,media_ponderada_volumen,"hoja Loans_1, T20_6; muestra de bancos del EBA"
Alemania,inmueble_comercial_garantia_hipotecaria,"Saldo bruto | Sociedades no financieras, inmueble comercial (CRE)",281244.9576,eur_millones,2025-Q3,"EBA, Risk Dashboard (anexo de datos)",https://www.eba.europa.eu/risk-and-data-analysis/risk-analysis/risk-monitoring/risk-dashboard,2026-09-16,,,n/a,importe,media_ponderada_volumen,"hoja Loans_1, T20_6; muestra de bancos del EBA"
Alemania,inmueble_comercial_garantia_hipotecaria,"Saldo bruto | Sociedades no financieras, inmueble comercial (CRE)",270657.9010,eur_millones,2025-Q4,"EBA, Risk Dashboard (anexo de datos)",https://www.eba.europa.eu/risk-and-data-analysis/risk-analysis/risk-monitoring/risk-dashboard,2026-09-16,,,n/a,importe,media_ponderada_volumen,"hoja Loans_1, T20_6; muestra de bancos del EBA"
Alemania,inmueble_comercial_garantia_hipotecaria,"Saldo bruto | Sociedades no financieras, inmueble comercial (CRE)",269487.2483,eur_millones,2026-Q1,"EBA, Risk Dashboard (anexo de datos)",https://www.eba.europa.eu/risk-and-data-analysis/risk-analysis/risk-monitoring/risk-dashboard,2026-09-16,,,n/a,importe,media_ponderada_volumen,"hoja Loans_1, T20_6; muestra de bancos del EBA"
Espana,inmueble_comercial_garantia_hipotecaria,"Saldo bruto | Sociedades no financieras, inmueble comercial (CRE)",120170.4823,eur_millones,2024-Q1,"EBA, Risk Dashboard (anexo de datos)",https://www.eba.europa.eu/risk-and-data-analysis/risk-analysis/risk-monitoring/risk-dashboard,2026-09-16,,,n/a,importe,media_ponderada_volumen,"hoja Loans_1, T20_6; muestra de bancos del EBA"
Espana,inmueble_comercial_garantia_hipotecaria,"Saldo bruto | Sociedades no financieras, inmueble comercial (CRE)",120542.7177,eur_millones,2024-Q2,"EBA, Risk Dashboard (anexo de datos)",https://www.eba.europa.eu/risk-and-data-analysis/risk-analysis/risk-monitoring/risk-dashboard,2026-09-16,,,n/a,importe,media_ponderada_volumen,"hoja Loans_1, T20_6; muestra de bancos del EBA"
Espana,inmueble_comercial_garantia_hipotecaria,"Saldo bruto | Sociedades no financieras, inmueble comercial (CRE)",120534.6993,eur_millones,2024-Q3,"EBA, Risk Dashboard (anexo de datos)",https://www.eba.europa.eu/risk-and-data-analysis/risk-analysis/risk-monitoring/risk-dashboard,2026-09-16,,,n/a,importe,media_ponderada_volumen,"hoja Loans_1, T20_6; muestra de bancos del EBA"
Espana,inmueble_comercial_garantia_hipotecaria,"Saldo bruto | Sociedades no financieras, inmueble comercial (CRE)",122840.1476,eur_millones,2024-Q4,"EBA, Risk Dashboard (anexo de datos)",https://www.eba.europa.eu/risk-and-data-analysis/risk-analysis/risk-monitoring/risk-dashboard,2026-09-16,,,n/a,importe,media_ponderada_volumen,"hoja Loans_1, T20_6; muestra de bancos del EBA"
Espana,inmueble_comercial_garantia_hipotecaria,"Saldo bruto | Sociedades no financieras, inmueble comercial (CRE)",117356.0396,eur_millones,2025-Q1,"EBA, Risk Dashboard (anexo de datos)",https://www.eba.europa.eu/risk-and-data-analysis/risk-analysis/risk-monitoring/risk-dashboard,2026-09-16,,,n/a,importe,media_ponderada_volumen,"hoja Loans_1, T20_6; muestra de bancos del EBA"
Espana,inmueble_comercial_garantia_hipotecaria,"Saldo bruto | Sociedades no financieras, inmueble comercial (CRE)",108559.1736,eur_millones,2025-Q2,"EBA, Risk Dashboard (anexo de datos)",https://www.eba.europa.eu/risk-and-data-analysis/risk-analysis/risk-monitoring/risk-dashboard,2026-09-16,,,n/a,importe,media_ponderada_volumen,"hoja Loans_1, T20_6; muestra de bancos del EBA"
Espana,inmueble_comercial_garantia_hipotecaria,"Saldo bruto | Sociedades no financieras, inmueble comercial (CRE)",108715.9326,eur_millones,2025-Q3,"EBA, Risk Dashboard (anexo de datos)",https://www.eba.europa.eu/risk-and-data-analysis/risk-analysis/risk-monitoring/risk-dashboard,2026-09-16,,,n/a,importe,media_ponderada_volumen,"hoja Loans_1, T20_6; muestra de bancos del EBA"
Espana,inmueble_comercial_garantia_hipotecaria,"Saldo bruto | Sociedades no financieras, inmueble comercial (CRE)",109977.2277,eur_millones,2025-Q4,"EBA, Risk Dashboard (anexo de datos)",https://www.eba.europa.eu/risk-and-data-analysis/risk-analysis/risk-monitoring/risk-dashboard,2026-09-16,,,n/a,importe,media_ponderada_volumen,"hoja Loans_1, T20_6; muestra de bancos del EBA"
Espana,inmueble_comercial_garantia_hipotecaria,"Saldo bruto | Sociedades no financieras, inmueble comercial (CRE)",101470.3110,eur_millones,2026-Q1,"EBA, Risk Dashboard (anexo de datos)",https://www.eba.europa.eu/risk-and-data-analysis/risk-analysis/risk-monitoring/risk-dashboard,2026-09-16,,,n/a,importe,media_ponderada_volumen,"hoja Loans_1, T20_6; muestra de bancos del EBA"
Union Europea,inmueble_comercial_garantia_hipotecaria,"Saldo bruto | Sociedades no financieras, inmueble comercial (CRE)",1368747.6716,eur_millones,2024-Q1,"EBA, Risk Dashboard (anexo de datos)",https://www.eba.europa.eu/risk-and-data-analysis/risk-analysis/risk-monitoring/risk-dashboard,2026-09-16,,,n/a,importe,media_ponderada_volumen,"hoja Loans_1, T20_6; muestra de bancos del EBA"
Union Europea,inmueble_comercial_garantia_hipotecaria,"Saldo bruto | Sociedades no financieras, inmueble comercial (CRE)",1388679.0108,eur_millones,2024-Q2,"EBA, Risk Dashboard (anexo de datos)",https://www.eba.europa.eu/risk-and-data-analysis/risk-analysis/risk-monitoring/risk-dashboard,2026-09-16,,,n/a,importe,media_ponderada_volumen,"hoja Loans_1, T20_6; muestra de bancos del EBA"
Union Europea,inmueble_comercial_garantia_hipotecaria,"Saldo bruto | Sociedades no financieras, inmueble comercial (CRE)",1390357.4565,eur_millones,2024-Q3,"EBA, Risk Dashboard (anexo de datos)",https://www.eba.europa.eu/risk-and-data-analysis/risk-analysis/risk-monitoring/risk-dashboard,2026-09-16,,,n/a,importe,media_ponderada_volumen,"hoja Loans_1, T20_6; muestra de bancos del EBA"
Union Europea,inmueble_comercial_garantia_hipotecaria,"Saldo bruto | Sociedades no financieras, inmueble comercial (CRE)",1399666.5370,eur_millones,2024-Q4,"EBA, Risk Dashboard (anexo de datos)",https://www.eba.europa.eu/risk-and-data-analysis/risk-analysis/risk-monitoring/risk-dashboard,2026-09-16,,,n/a,importe,media_ponderada_volumen,"hoja Loans_1, T20_6; muestra de bancos del EBA"
Union Europea,inmueble_comercial_garantia_hipotecaria,"Saldo bruto | Sociedades no financieras, inmueble comercial (CRE)",1395157.4989,eur_millones,2025-Q1,"EBA, Risk Dashboard (anexo de datos)",https://www.eba.europa.eu/risk-and-data-analysis/risk-analysis/risk-monitoring/risk-dashboard,2026-09-16,,,n/a,importe,media_ponderada_volumen,"hoja Loans_1, T20_6; muestra de bancos del EBA"
Union Europea,inmueble_comercial_garantia_hipotecaria,"Saldo bruto | Sociedades no financieras, inmueble comercial (CRE)",1391009.8721,eur_millones,2025-Q2,"EBA, Risk Dashboard (anexo de datos)",https://www.eba.europa.eu/risk-and-data-analysis/risk-analysis/risk-monitoring/risk-dashboard,2026-09-16,,,n/a,importe,media_ponderada_volumen,"hoja Loans_1, T20_6; muestra de bancos del EBA"
Union Europea,inmueble_comercial_garantia_hipotecaria,"Saldo bruto | Sociedades no financieras, inmueble comercial (CRE)",1405684.7413,eur_millones,2025-Q3,"EBA, Risk Dashboard (anexo de datos)",https://www.eba.europa.eu/risk-and-data-analysis/risk-analysis/risk-monitoring/risk-dashboard,2026-09-16,,,n/a,importe,media_ponderada_volumen,"hoja Loans_1, T20_6; muestra de bancos del EBA"
Union Europea,inmueble_comercial_garantia_hipotecaria,"Saldo bruto | Sociedades no financieras, inmueble comercial (CRE)",1406905.7865,eur_millones,2025-Q4,"EBA, Risk Dashboard (anexo de datos)",https://www.eba.europa.eu/risk-and-data-analysis/risk-analysis/risk-monitoring/risk-dashboard,2026-09-16,,,n/a,importe,media_ponderada_volumen,"hoja Loans_1, T20_6; muestra de bancos del EBA"
Union Europea,inmueble_comercial_garantia_hipotecaria,"Saldo bruto | Sociedades no financieras, inmueble comercial (CRE)",1429283.5682,eur_millones,2026-Q1,"EBA, Risk Dashboard (anexo de datos)",https://www.eba.europa.eu/risk-and-data-analysis/risk-analysis/risk-monitoring/risk-dashboard,2026-09-16,,,n/a,importe,media_ponderada_volumen,"hoja Loans_1, T20_6; muestra de bancos del EBA"
Francia,inmueble_comercial_garantia_hipotecaria,"Saldo bruto | Sociedades no financieras, inmueble comercial (CRE)",296987.7471,eur_millones,2024-Q1,"EBA, Risk Dashboard (anexo de datos)",https://www.eba.europa.eu/risk-and-data-analysis/risk-analysis/risk-monitoring/risk-dashboard,2026-09-16,,,n/a,importe,media_ponderada_volumen,"hoja Loans_1, T20_6; muestra de bancos del EBA"
Francia,inmueble_comercial_garantia_hipotecaria,"Saldo bruto | Sociedades no financieras, inmueble comercial (CRE)",298066.2295,eur_millones,2024-Q2,"EBA, Risk Dashboard (anexo de datos)",https://www.eba.europa.eu/risk-and-data-analysis/risk-analysis/risk-monitoring/risk-dashboard,2026-09-16,,,n/a,importe,media_ponderada_volumen,"hoja Loans_1, T20_6; muestra de bancos del EBA"
Francia,inmueble_comercial_garantia_hipotecaria,"Saldo bruto | Sociedades no financieras, inmueble comercial (CRE)",304125.9085,eur_millones,2024-Q3,"EBA, Risk Dashboard (anexo de datos)",https://www.eba.europa.eu/risk-and-data-analysis/risk-analysis/risk-monitoring/risk-dashboard,2026-09-16,,,n/a,importe,media_ponderada_volumen,"hoja Loans_1, T20_6; muestra de bancos del EBA"
Francia,inmueble_comercial_garantia_hipotecaria,"Saldo bruto | Sociedades no financieras, inmueble comercial (CRE)",307079.1725,eur_millones,2024-Q4,"EBA, Risk Dashboard (anexo de datos)",https://www.eba.europa.eu/risk-and-data-analysis/risk-analysis/risk-monitoring/risk-dashboard,2026-09-16,,,n/a,importe,media_ponderada_volumen,"hoja Loans_1, T20_6; muestra de bancos del EBA"
Francia,inmueble_comercial_garantia_hipotecaria,"Saldo bruto | Sociedades no financieras, inmueble comercial (CRE)",307698.6075,eur_millones,2025-Q1,"EBA, Risk Dashboard (anexo de datos)",https://www.eba.europa.eu/risk-and-data-analysis/risk-analysis/risk-monitoring/risk-dashboard,2026-09-16,,,n/a,importe,media_ponderada_volumen,"hoja Loans_1, T20_6; muestra de bancos del EBA"
Francia,inmueble_comercial_garantia_hipotecaria,"Saldo bruto | Sociedades no financieras, inmueble comercial (CRE)",311184.3156,eur_millones,2025-Q2,"EBA, Risk Dashboard (anexo de datos)",https://www.eba.europa.eu/risk-and-data-analysis/risk-analysis/risk-monitoring/risk-dashboard,2026-09-16,,,n/a,importe,media_ponderada_volumen,"hoja Loans_1, T20_6; muestra de bancos del EBA"
Francia,inmueble_comercial_garantia_hipotecaria,"Saldo bruto | Sociedades no financieras, inmueble comercial (CRE)",319549.6076,eur_millones,2025-Q3,"EBA, Risk Dashboard (anexo de datos)",https://www.eba.europa.eu/risk-and-data-analysis/risk-analysis/risk-monitoring/risk-dashboard,2026-09-16,,,n/a,importe,media_ponderada_volumen,"hoja Loans_1, T20_6; muestra de bancos del EBA"
Francia,inmueble_comercial_garantia_hipotecaria,"Saldo bruto | Sociedades no financieras, inmueble comercial (CRE)",323576.7945,eur_millones,2025-Q4,"EBA, Risk Dashboard (anexo de datos)",https://www.eba.europa.eu/risk-and-data-analysis/risk-analysis/risk-monitoring/risk-dashboard,2026-09-16,,,n/a,importe,media_ponderada_volumen,"hoja Loans_1, T20_6; muestra de bancos del EBA"
Francia,inmueble_comercial_garantia_hipotecaria,"Saldo bruto | Sociedades no financieras, inmueble comercial (CRE)",330941.2336,eur_millones,2026-Q1,"EBA, Risk Dashboard (anexo de datos)",https://www.eba.europa.eu/risk-and-data-analysis/risk-analysis/risk-monitoring/risk-dashboard,2026-09-16,,,n/a,importe,media_ponderada_volumen,"hoja Loans_1, T20_6; muestra de bancos del EBA"
Irlanda,inmueble_comercial_garantia_hipotecaria,"Saldo bruto | Sociedades no financieras, inmueble comercial (CRE)",15694.2526,eur_millones,2024-Q1,"EBA, Risk Dashboard (anexo de datos)",https://www.eba.europa.eu/risk-and-data-analysis/risk-analysis/risk-monitoring/risk-dashboard,2026-09-16,,,n/a,importe,media_ponderada_volumen,"hoja Loans_1, T20_6; muestra de bancos del EBA"
Irlanda,inmueble_comercial_garantia_hipotecaria,"Saldo bruto | Sociedades no financieras, inmueble comercial (CRE)",15506.1670,eur_millones,2024-Q2,"EBA, Risk Dashboard (anexo de datos)",https://www.eba.europa.eu/risk-and-data-analysis/risk-analysis/risk-monitoring/risk-dashboard,2026-09-16,,,n/a,importe,media_ponderada_volumen,"hoja Loans_1, T20_6; muestra de bancos del EBA"
Irlanda,inmueble_comercial_garantia_hipotecaria,"Saldo bruto | Sociedades no financieras, inmueble comercial (CRE)",15229.8069,eur_millones,2024-Q3,"EBA, Risk Dashboard (anexo de datos)",https://www.eba.europa.eu/risk-and-data-analysis/risk-analysis/risk-monitoring/risk-dashboard,2026-09-16,,,n/a,importe,media_ponderada_volumen,"hoja Loans_1, T20_6; muestra de bancos del EBA"
Irlanda,inmueble_comercial_garantia_hipotecaria,"Saldo bruto | Sociedades no financieras, inmueble comercial (CRE)",14955.9935,eur_millones,2024-Q4,"EBA, Risk Dashboard (anexo de datos)",https://www.eba.europa.eu/risk-and-data-analysis/risk-analysis/risk-monitoring/risk-dashboard,2026-09-16,,,n/a,importe,media_ponderada_volumen,"hoja Loans_1, T20_6; muestra de bancos del EBA"
Irlanda,inmueble_comercial_garantia_hipotecaria,"Saldo bruto | Sociedades no financieras, inmueble comercial (CRE)",14568.7986,eur_millones,2025-Q1,"EBA, Risk Dashboard (anexo de datos)",https://www.eba.europa.eu/risk-and-data-analysis/risk-analysis/risk-monitoring/risk-dashboard,2026-09-16,,,n/a,importe,media_ponderada_volumen,"hoja Loans_1, T20_6; muestra de bancos del EBA"
Irlanda,inmueble_comercial_garantia_hipotecaria,"Saldo bruto | Sociedades no financieras, inmueble comercial (CRE)",14101.1664,eur_millones,2025-Q2,"EBA, Risk Dashboard (anexo de datos)",https://www.eba.europa.eu/risk-and-data-analysis/risk-analysis/risk-monitoring/risk-dashboard,2026-09-16,,,n/a,importe,media_ponderada_volumen,"hoja Loans_1, T20_6; muestra de bancos del EBA"
Irlanda,inmueble_comercial_garantia_hipotecaria,"Saldo bruto | Sociedades no financieras, inmueble comercial (CRE)",14610.7377,eur_millones,2025-Q3,"EBA, Risk Dashboard (anexo de datos)",https://www.eba.europa.eu/risk-and-data-analysis/risk-analysis/risk-monitoring/risk-dashboard,2026-09-16,,,n/a,importe,media_ponderada_volumen,"hoja Loans_1, T20_6; muestra de bancos del EBA"
Irlanda,inmueble_comercial_garantia_hipotecaria,"Saldo bruto | Sociedades no financieras, inmueble comercial (CRE)",14261.8313,eur_millones,2025-Q4,"EBA, Risk Dashboard (anexo de datos)",https://www.eba.europa.eu/risk-and-data-analysis/risk-analysis/risk-monitoring/risk-dashboard,2026-09-16,,,n/a,importe,media_ponderada_volumen,"hoja Loans_1, T20_6; muestra de bancos del EBA"
Irlanda,inmueble_comercial_garantia_hipotecaria,"Saldo bruto | Sociedades no financieras, inmueble comercial (CRE)",14293.2737,eur_millones,2026-Q1,"EBA, Risk Dashboard (anexo de datos)",https://www.eba.europa.eu/risk-and-data-analysis/risk-analysis/risk-monitoring/risk-dashboard,2026-09-16,,,n/a,importe,media_ponderada_volumen,"hoja Loans_1, T20_6; muestra de bancos del EBA"
Italia,inmueble_comercial_garantia_hipotecaria,"Saldo bruto | Sociedades no financieras, inmueble comercial (CRE)",129411.6579,eur_millones,2024-Q1,"EBA, Risk Dashboard (anexo de datos)",https://www.eba.europa.eu/risk-and-data-analysis/risk-analysis/risk-monitoring/risk-dashboard,2026-09-16,,,n/a,importe,media_ponderada_volumen,"hoja Loans_1, T20_6; muestra de bancos del EBA"
Italia,inmueble_comercial_garantia_hipotecaria,"Saldo bruto | Sociedades no financieras, inmueble comercial (CRE)",127762.5994,eur_millones,2024-Q2,"EBA, Risk Dashboard (anexo de datos)",https://www.eba.europa.eu/risk-and-data-analysis/risk-analysis/risk-monitoring/risk-dashboard,2026-09-16,,,n/a,importe,media_ponderada_volumen,"hoja Loans_1, T20_6; muestra de bancos del EBA"
Italia,inmueble_comercial_garantia_hipotecaria,"Saldo bruto | Sociedades no financieras, inmueble comercial (CRE)",124210.6978,eur_millones,2024-Q3,"EBA, Risk Dashboard (anexo de datos)",https://www.eba.europa.eu/risk-and-data-analysis/risk-analysis/risk-monitoring/risk-dashboard,2026-09-16,,,n/a,importe,media_ponderada_volumen,"hoja Loans_1, T20_6; muestra de bancos del EBA"
Italia,inmueble_comercial_garantia_hipotecaria,"Saldo bruto | Sociedades no financieras, inmueble comercial (CRE)",120899.9825,eur_millones,2024-Q4,"EBA, Risk Dashboard (anexo de datos)",https://www.eba.europa.eu/risk-and-data-analysis/risk-analysis/risk-monitoring/risk-dashboard,2026-09-16,,,n/a,importe,media_ponderada_volumen,"hoja Loans_1, T20_6; muestra de bancos del EBA"
Italia,inmueble_comercial_garantia_hipotecaria,"Saldo bruto | Sociedades no financieras, inmueble comercial (CRE)",121584.9812,eur_millones,2025-Q1,"EBA, Risk Dashboard (anexo de datos)",https://www.eba.europa.eu/risk-and-data-analysis/risk-analysis/risk-monitoring/risk-dashboard,2026-09-16,,,n/a,importe,media_ponderada_volumen,"hoja Loans_1, T20_6; muestra de bancos del EBA"
Italia,inmueble_comercial_garantia_hipotecaria,"Saldo bruto | Sociedades no financieras, inmueble comercial (CRE)",121430.3572,eur_millones,2025-Q2,"EBA, Risk Dashboard (anexo de datos)",https://www.eba.europa.eu/risk-and-data-analysis/risk-analysis/risk-monitoring/risk-dashboard,2026-09-16,,,n/a,importe,media_ponderada_volumen,"hoja Loans_1, T20_6; muestra de bancos del EBA"
Italia,inmueble_comercial_garantia_hipotecaria,"Saldo bruto | Sociedades no financieras, inmueble comercial (CRE)",121112.4310,eur_millones,2025-Q3,"EBA, Risk Dashboard (anexo de datos)",https://www.eba.europa.eu/risk-and-data-analysis/risk-analysis/risk-monitoring/risk-dashboard,2026-09-16,,,n/a,importe,media_ponderada_volumen,"hoja Loans_1, T20_6; muestra de bancos del EBA"
Italia,inmueble_comercial_garantia_hipotecaria,"Saldo bruto | Sociedades no financieras, inmueble comercial (CRE)",119824.7470,eur_millones,2025-Q4,"EBA, Risk Dashboard (anexo de datos)",https://www.eba.europa.eu/risk-and-data-analysis/risk-analysis/risk-monitoring/risk-dashboard,2026-09-16,,,n/a,importe,media_ponderada_volumen,"hoja Loans_1, T20_6; muestra de bancos del EBA"
Italia,inmueble_comercial_garantia_hipotecaria,"Saldo bruto | Sociedades no financieras, inmueble comercial (CRE)",120946.1987,eur_millones,2026-Q1,"EBA, Risk Dashboard (anexo de datos)",https://www.eba.europa.eu/risk-and-data-analysis/risk-analysis/risk-monitoring/risk-dashboard,2026-09-16,,,n/a,importe,media_ponderada_volumen,"hoja Loans_1, T20_6; muestra de bancos del EBA"
Paises Bajos,inmueble_comercial_garantia_hipotecaria,"Saldo bruto | Sociedades no financieras, inmueble comercial (CRE)",174780.3479,eur_millones,2024-Q1,"EBA, Risk Dashboard (anexo de datos)",https://www.eba.europa.eu/risk-and-data-analysis/risk-analysis/risk-monitoring/risk-dashboard,2026-09-16,,,n/a,importe,media_ponderada_volumen,"hoja Loans_1, T20_6; muestra de bancos del EBA"
Paises Bajos,inmueble_comercial_garantia_hipotecaria,"Saldo bruto | Sociedades no financieras, inmueble comercial (CRE)",178293.4145,eur_millones,2024-Q2,"EBA, Risk Dashboard (anexo de datos)",https://www.eba.europa.eu/risk-and-data-analysis/risk-analysis/risk-monitoring/risk-dashboard,2026-09-16,,,n/a,importe,media_ponderada_volumen,"hoja Loans_1, T20_6; muestra de bancos del EBA"
Paises Bajos,inmueble_comercial_garantia_hipotecaria,"Saldo bruto | Sociedades no financieras, inmueble comercial (CRE)",178739.1755,eur_millones,2024-Q3,"EBA, Risk Dashboard (anexo de datos)",https://www.eba.europa.eu/risk-and-data-analysis/risk-analysis/risk-monitoring/risk-dashboard,2026-09-16,,,n/a,importe,media_ponderada_volumen,"hoja Loans_1, T20_6; muestra de bancos del EBA"
Paises Bajos,inmueble_comercial_garantia_hipotecaria,"Saldo bruto | Sociedades no financieras, inmueble comercial (CRE)",176995.4040,eur_millones,2024-Q4,"EBA, Risk Dashboard (anexo de datos)",https://www.eba.europa.eu/risk-and-data-analysis/risk-analysis/risk-monitoring/risk-dashboard,2026-09-16,,,n/a,importe,media_ponderada_volumen,"hoja Loans_1, T20_6; muestra de bancos del EBA"
Paises Bajos,inmueble_comercial_garantia_hipotecaria,"Saldo bruto | Sociedades no financieras, inmueble comercial (CRE)",175875.0192,eur_millones,2025-Q1,"EBA, Risk Dashboard (anexo de datos)",https://www.eba.europa.eu/risk-and-data-analysis/risk-analysis/risk-monitoring/risk-dashboard,2026-09-16,,,n/a,importe,media_ponderada_volumen,"hoja Loans_1, T20_6; muestra de bancos del EBA"
Paises Bajos,inmueble_comercial_garantia_hipotecaria,"Saldo bruto | Sociedades no financieras, inmueble comercial (CRE)",176057.4845,eur_millones,2025-Q2,"EBA, Risk Dashboard (anexo de datos)",https://www.eba.europa.eu/risk-and-data-analysis/risk-analysis/risk-monitoring/risk-dashboard,2026-09-16,,,n/a,importe,media_ponderada_volumen,"hoja Loans_1, T20_6; muestra de bancos del EBA"
Paises Bajos,inmueble_comercial_garantia_hipotecaria,"Saldo bruto | Sociedades no financieras, inmueble comercial (CRE)",174385.1769,eur_millones,2025-Q3,"EBA, Risk Dashboard (anexo de datos)",https://www.eba.europa.eu/risk-and-data-analysis/risk-analysis/risk-monitoring/risk-dashboard,2026-09-16,,,n/a,importe,media_ponderada_volumen,"hoja Loans_1, T20_6; muestra de bancos del EBA"
Paises Bajos,inmueble_comercial_garantia_hipotecaria,"Saldo bruto | Sociedades no financieras, inmueble comercial (CRE)",175001.6378,eur_millones,2025-Q4,"EBA, Risk Dashboard (anexo de datos)",https://www.eba.europa.eu/risk-and-data-analysis/risk-analysis/risk-monitoring/risk-dashboard,2026-09-16,,,n/a,importe,media_ponderada_volumen,"hoja Loans_1, T20_6; muestra de bancos del EBA"
Paises Bajos,inmueble_comercial_garantia_hipotecaria,"Saldo bruto | Sociedades no financieras, inmueble comercial (CRE)",182695.3060,eur_millones,2026-Q1,"EBA, Risk Dashboard (anexo de datos)",https://www.eba.europa.eu/risk-and-data-analysis/risk-analysis/risk-monitoring/risk-dashboard,2026-09-16,,,n/a,importe,media_ponderada_volumen,"hoja Loans_1, T20_6; muestra de bancos del EBA"
Portugal,inmueble_comercial_garantia_hipotecaria,"Saldo bruto | Sociedades no financieras, inmueble comercial (CRE)",14378.1867,eur_millones,2024-Q1,"EBA, Risk Dashboard (anexo de datos)",https://www.eba.europa.eu/risk-and-data-analysis/risk-analysis/risk-monitoring/risk-dashboard,2026-09-16,,,n/a,importe,media_ponderada_volumen,"hoja Loans_1, T20_6; muestra de bancos del EBA"
Portugal,inmueble_comercial_garantia_hipotecaria,"Saldo bruto | Sociedades no financieras, inmueble comercial (CRE)",14560.9572,eur_millones,2024-Q2,"EBA, Risk Dashboard (anexo de datos)",https://www.eba.europa.eu/risk-and-data-analysis/risk-analysis/risk-monitoring/risk-dashboard,2026-09-16,,,n/a,importe,media_ponderada_volumen,"hoja Loans_1, T20_6; muestra de bancos del EBA"
Portugal,inmueble_comercial_garantia_hipotecaria,"Saldo bruto | Sociedades no financieras, inmueble comercial (CRE)",14525.0232,eur_millones,2024-Q3,"EBA, Risk Dashboard (anexo de datos)",https://www.eba.europa.eu/risk-and-data-analysis/risk-analysis/risk-monitoring/risk-dashboard,2026-09-16,,,n/a,importe,media_ponderada_volumen,"hoja Loans_1, T20_6; muestra de bancos del EBA"
Portugal,inmueble_comercial_garantia_hipotecaria,"Saldo bruto | Sociedades no financieras, inmueble comercial (CRE)",14436.9709,eur_millones,2024-Q4,"EBA, Risk Dashboard (anexo de datos)",https://www.eba.europa.eu/risk-and-data-analysis/risk-analysis/risk-monitoring/risk-dashboard,2026-09-16,,,n/a,importe,media_ponderada_volumen,"hoja Loans_1, T20_6; muestra de bancos del EBA"
Portugal,inmueble_comercial_garantia_hipotecaria,"Saldo bruto | Sociedades no financieras, inmueble comercial (CRE)",13989.7084,eur_millones,2025-Q1,"EBA, Risk Dashboard (anexo de datos)",https://www.eba.europa.eu/risk-and-data-analysis/risk-analysis/risk-monitoring/risk-dashboard,2026-09-16,,,n/a,importe,media_ponderada_volumen,"hoja Loans_1, T20_6; muestra de bancos del EBA"
Portugal,inmueble_comercial_garantia_hipotecaria,"Saldo bruto | Sociedades no financieras, inmueble comercial (CRE)",13191.8752,eur_millones,2025-Q2,"EBA, Risk Dashboard (anexo de datos)",https://www.eba.europa.eu/risk-and-data-analysis/risk-analysis/risk-monitoring/risk-dashboard,2026-09-16,,,n/a,importe,media_ponderada_volumen,"hoja Loans_1, T20_6; muestra de bancos del EBA"
Portugal,inmueble_comercial_garantia_hipotecaria,"Saldo bruto | Sociedades no financieras, inmueble comercial (CRE)",13227.5006,eur_millones,2025-Q3,"EBA, Risk Dashboard (anexo de datos)",https://www.eba.europa.eu/risk-and-data-analysis/risk-analysis/risk-monitoring/risk-dashboard,2026-09-16,,,n/a,importe,media_ponderada_volumen,"hoja Loans_1, T20_6; muestra de bancos del EBA"
Portugal,inmueble_comercial_garantia_hipotecaria,"Saldo bruto | Sociedades no financieras, inmueble comercial (CRE)",13362.7951,eur_millones,2025-Q4,"EBA, Risk Dashboard (anexo de datos)",https://www.eba.europa.eu/risk-and-data-analysis/risk-analysis/risk-monitoring/risk-dashboard,2026-09-16,,,n/a,importe,media_ponderada_volumen,"hoja Loans_1, T20_6; muestra de bancos del EBA"
Portugal,inmueble_comercial_garantia_hipotecaria,"Saldo bruto | Sociedades no financieras, inmueble comercial (CRE)",13383.1920,eur_millones,2026-Q1,"EBA, Risk Dashboard (anexo de datos)",https://www.eba.europa.eu/risk-and-data-analysis/risk-analysis/risk-monitoring/risk-dashboard,2026-09-16,,,n/a,importe,media_ponderada_volumen,"hoja Loans_1, T20_6; muestra de bancos del EBA"
Alemania,inmueble_comercial_garantia_hipotecaria,"Importe de NPL | Sociedades no financieras, inmueble comercial (CRE)",14604.8839,eur_millones,2024-Q1,"EBA, Risk Dashboard (anexo de datos)",https://www.eba.europa.eu/risk-and-data-analysis/risk-analysis/risk-monitoring/risk-dashboard,2026-09-16,,,n/a,importe,media_ponderada_volumen,"hoja Loans_2, T21_6; muestra de bancos del EBA"
Alemania,inmueble_comercial_garantia_hipotecaria,"Importe de NPL | Sociedades no financieras, inmueble comercial (CRE)",15263.0697,eur_millones,2024-Q2,"EBA, Risk Dashboard (anexo de datos)",https://www.eba.europa.eu/risk-and-data-analysis/risk-analysis/risk-monitoring/risk-dashboard,2026-09-16,,,n/a,importe,media_ponderada_volumen,"hoja Loans_2, T21_6; muestra de bancos del EBA"
Alemania,inmueble_comercial_garantia_hipotecaria,"Importe de NPL | Sociedades no financieras, inmueble comercial (CRE)",15604.0186,eur_millones,2024-Q3,"EBA, Risk Dashboard (anexo de datos)",https://www.eba.europa.eu/risk-and-data-analysis/risk-analysis/risk-monitoring/risk-dashboard,2026-09-16,,,n/a,importe,media_ponderada_volumen,"hoja Loans_2, T21_6; muestra de bancos del EBA"
Alemania,inmueble_comercial_garantia_hipotecaria,"Importe de NPL | Sociedades no financieras, inmueble comercial (CRE)",17549.6196,eur_millones,2024-Q4,"EBA, Risk Dashboard (anexo de datos)",https://www.eba.europa.eu/risk-and-data-analysis/risk-analysis/risk-monitoring/risk-dashboard,2026-09-16,,,n/a,importe,media_ponderada_volumen,"hoja Loans_2, T21_6; muestra de bancos del EBA"
Alemania,inmueble_comercial_garantia_hipotecaria,"Importe de NPL | Sociedades no financieras, inmueble comercial (CRE)",16546.3456,eur_millones,2025-Q1,"EBA, Risk Dashboard (anexo de datos)",https://www.eba.europa.eu/risk-and-data-analysis/risk-analysis/risk-monitoring/risk-dashboard,2026-09-16,,,n/a,importe,media_ponderada_volumen,"hoja Loans_2, T21_6; muestra de bancos del EBA"
Alemania,inmueble_comercial_garantia_hipotecaria,"Importe de NPL | Sociedades no financieras, inmueble comercial (CRE)",17627.0703,eur_millones,2025-Q2,"EBA, Risk Dashboard (anexo de datos)",https://www.eba.europa.eu/risk-and-data-analysis/risk-analysis/risk-monitoring/risk-dashboard,2026-09-16,,,n/a,importe,media_ponderada_volumen,"hoja Loans_2, T21_6; muestra de bancos del EBA"
Alemania,inmueble_comercial_garantia_hipotecaria,"Importe de NPL | Sociedades no financieras, inmueble comercial (CRE)",18443.5076,eur_millones,2025-Q3,"EBA, Risk Dashboard (anexo de datos)",https://www.eba.europa.eu/risk-and-data-analysis/risk-analysis/risk-monitoring/risk-dashboard,2026-09-16,,,n/a,importe,media_ponderada_volumen,"hoja Loans_2, T21_6; muestra de bancos del EBA"
Alemania,inmueble_comercial_garantia_hipotecaria,"Importe de NPL | Sociedades no financieras, inmueble comercial (CRE)",18729.6702,eur_millones,2025-Q4,"EBA, Risk Dashboard (anexo de datos)",https://www.eba.europa.eu/risk-and-data-analysis/risk-analysis/risk-monitoring/risk-dashboard,2026-09-16,,,n/a,importe,media_ponderada_volumen,"hoja Loans_2, T21_6; muestra de bancos del EBA"
Alemania,inmueble_comercial_garantia_hipotecaria,"Importe de NPL | Sociedades no financieras, inmueble comercial (CRE)",18340.2758,eur_millones,2026-Q1,"EBA, Risk Dashboard (anexo de datos)",https://www.eba.europa.eu/risk-and-data-analysis/risk-analysis/risk-monitoring/risk-dashboard,2026-09-16,,,n/a,importe,media_ponderada_volumen,"hoja Loans_2, T21_6; muestra de bancos del EBA"
Espana,inmueble_comercial_garantia_hipotecaria,"Importe de NPL | Sociedades no financieras, inmueble comercial (CRE)",7646.6091,eur_millones,2024-Q1,"EBA, Risk Dashboard (anexo de datos)",https://www.eba.europa.eu/risk-and-data-analysis/risk-analysis/risk-monitoring/risk-dashboard,2026-09-16,,,n/a,importe,media_ponderada_volumen,"hoja Loans_2, T21_6; muestra de bancos del EBA"
Espana,inmueble_comercial_garantia_hipotecaria,"Importe de NPL | Sociedades no financieras, inmueble comercial (CRE)",7170.6820,eur_millones,2024-Q2,"EBA, Risk Dashboard (anexo de datos)",https://www.eba.europa.eu/risk-and-data-analysis/risk-analysis/risk-monitoring/risk-dashboard,2026-09-16,,,n/a,importe,media_ponderada_volumen,"hoja Loans_2, T21_6; muestra de bancos del EBA"
Espana,inmueble_comercial_garantia_hipotecaria,"Importe de NPL | Sociedades no financieras, inmueble comercial (CRE)",6874.6409,eur_millones,2024-Q3,"EBA, Risk Dashboard (anexo de datos)",https://www.eba.europa.eu/risk-and-data-analysis/risk-analysis/risk-monitoring/risk-dashboard,2026-09-16,,,n/a,importe,media_ponderada_volumen,"hoja Loans_2, T21_6; muestra de bancos del EBA"
Espana,inmueble_comercial_garantia_hipotecaria,"Importe de NPL | Sociedades no financieras, inmueble comercial (CRE)",6578.7714,eur_millones,2024-Q4,"EBA, Risk Dashboard (anexo de datos)",https://www.eba.europa.eu/risk-and-data-analysis/risk-analysis/risk-monitoring/risk-dashboard,2026-09-16,,,n/a,importe,media_ponderada_volumen,"hoja Loans_2, T21_6; muestra de bancos del EBA"
Espana,inmueble_comercial_garantia_hipotecaria,"Importe de NPL | Sociedades no financieras, inmueble comercial (CRE)",6483.1824,eur_millones,2025-Q1,"EBA, Risk Dashboard (anexo de datos)",https://www.eba.europa.eu/risk-and-data-analysis/risk-analysis/risk-monitoring/risk-dashboard,2026-09-16,,,n/a,importe,media_ponderada_volumen,"hoja Loans_2, T21_6; muestra de bancos del EBA"
Espana,inmueble_comercial_garantia_hipotecaria,"Importe de NPL | Sociedades no financieras, inmueble comercial (CRE)",5321.6260,eur_millones,2025-Q2,"EBA, Risk Dashboard (anexo de datos)",https://www.eba.europa.eu/risk-and-data-analysis/risk-analysis/risk-monitoring/risk-dashboard,2026-09-16,,,n/a,importe,media_ponderada_volumen,"hoja Loans_2, T21_6; muestra de bancos del EBA"
Espana,inmueble_comercial_garantia_hipotecaria,"Importe de NPL | Sociedades no financieras, inmueble comercial (CRE)",5044.1666,eur_millones,2025-Q3,"EBA, Risk Dashboard (anexo de datos)",https://www.eba.europa.eu/risk-and-data-analysis/risk-analysis/risk-monitoring/risk-dashboard,2026-09-16,,,n/a,importe,media_ponderada_volumen,"hoja Loans_2, T21_6; muestra de bancos del EBA"
Espana,inmueble_comercial_garantia_hipotecaria,"Importe de NPL | Sociedades no financieras, inmueble comercial (CRE)",4732.0051,eur_millones,2025-Q4,"EBA, Risk Dashboard (anexo de datos)",https://www.eba.europa.eu/risk-and-data-analysis/risk-analysis/risk-monitoring/risk-dashboard,2026-09-16,,,n/a,importe,media_ponderada_volumen,"hoja Loans_2, T21_6; muestra de bancos del EBA"
Espana,inmueble_comercial_garantia_hipotecaria,"Importe de NPL | Sociedades no financieras, inmueble comercial (CRE)",4307.7560,eur_millones,2026-Q1,"EBA, Risk Dashboard (anexo de datos)",https://www.eba.europa.eu/risk-and-data-analysis/risk-analysis/risk-monitoring/risk-dashboard,2026-09-16,,,n/a,importe,media_ponderada_volumen,"hoja Loans_2, T21_6; muestra de bancos del EBA"
Union Europea,inmueble_comercial_garantia_hipotecaria,"Importe de NPL | Sociedades no financieras, inmueble comercial (CRE)",59275.3682,eur_millones,2024-Q1,"EBA, Risk Dashboard (anexo de datos)",https://www.eba.europa.eu/risk-and-data-analysis/risk-analysis/risk-monitoring/risk-dashboard,2026-09-16,,,n/a,importe,media_ponderada_volumen,"hoja Loans_2, T21_6; muestra de bancos del EBA"
Union Europea,inmueble_comercial_garantia_hipotecaria,"Importe de NPL | Sociedades no financieras, inmueble comercial (CRE)",60139.8734,eur_millones,2024-Q2,"EBA, Risk Dashboard (anexo de datos)",https://www.eba.europa.eu/risk-and-data-analysis/risk-analysis/risk-monitoring/risk-dashboard,2026-09-16,,,n/a,importe,media_ponderada_volumen,"hoja Loans_2, T21_6; muestra de bancos del EBA"
Union Europea,inmueble_comercial_garantia_hipotecaria,"Importe de NPL | Sociedades no financieras, inmueble comercial (CRE)",60020.5995,eur_millones,2024-Q3,"EBA, Risk Dashboard (anexo de datos)",https://www.eba.europa.eu/risk-and-data-analysis/risk-analysis/risk-monitoring/risk-dashboard,2026-09-16,,,n/a,importe,media_ponderada_volumen,"hoja Loans_2, T21_6; muestra de bancos del EBA"
Union Europea,inmueble_comercial_garantia_hipotecaria,"Importe de NPL | Sociedades no financieras, inmueble comercial (CRE)",60513.4016,eur_millones,2024-Q4,"EBA, Risk Dashboard (anexo de datos)",https://www.eba.europa.eu/risk-and-data-analysis/risk-analysis/risk-monitoring/risk-dashboard,2026-09-16,,,n/a,importe,media_ponderada_volumen,"hoja Loans_2, T21_6; muestra de bancos del EBA"
Union Europea,inmueble_comercial_garantia_hipotecaria,"Importe de NPL | Sociedades no financieras, inmueble comercial (CRE)",58442.0824,eur_millones,2025-Q1,"EBA, Risk Dashboard (anexo de datos)",https://www.eba.europa.eu/risk-and-data-analysis/risk-analysis/risk-monitoring/risk-dashboard,2026-09-16,,,n/a,importe,media_ponderada_volumen,"hoja Loans_2, T21_6; muestra de bancos del EBA"
Union Europea,inmueble_comercial_garantia_hipotecaria,"Importe de NPL | Sociedades no financieras, inmueble comercial (CRE)",58945.1124,eur_millones,2025-Q2,"EBA, Risk Dashboard (anexo de datos)",https://www.eba.europa.eu/risk-and-data-analysis/risk-analysis/risk-monitoring/risk-dashboard,2026-09-16,,,n/a,importe,media_ponderada_volumen,"hoja Loans_2, T21_6; muestra de bancos del EBA"
Union Europea,inmueble_comercial_garantia_hipotecaria,"Importe de NPL | Sociedades no financieras, inmueble comercial (CRE)",60229.2048,eur_millones,2025-Q3,"EBA, Risk Dashboard (anexo de datos)",https://www.eba.europa.eu/risk-and-data-analysis/risk-analysis/risk-monitoring/risk-dashboard,2026-09-16,,,n/a,importe,media_ponderada_volumen,"hoja Loans_2, T21_6; muestra de bancos del EBA"
Union Europea,inmueble_comercial_garantia_hipotecaria,"Importe de NPL | Sociedades no financieras, inmueble comercial (CRE)",57925.2825,eur_millones,2025-Q4,"EBA, Risk Dashboard (anexo de datos)",https://www.eba.europa.eu/risk-and-data-analysis/risk-analysis/risk-monitoring/risk-dashboard,2026-09-16,,,n/a,importe,media_ponderada_volumen,"hoja Loans_2, T21_6; muestra de bancos del EBA"
Union Europea,inmueble_comercial_garantia_hipotecaria,"Importe de NPL | Sociedades no financieras, inmueble comercial (CRE)",58261.2923,eur_millones,2026-Q1,"EBA, Risk Dashboard (anexo de datos)",https://www.eba.europa.eu/risk-and-data-analysis/risk-analysis/risk-monitoring/risk-dashboard,2026-09-16,,,n/a,importe,media_ponderada_volumen,"hoja Loans_2, T21_6; muestra de bancos del EBA"
Francia,inmueble_comercial_garantia_hipotecaria,"Importe de NPL | Sociedades no financieras, inmueble comercial (CRE)",9686.1136,eur_millones,2024-Q1,"EBA, Risk Dashboard (anexo de datos)",https://www.eba.europa.eu/risk-and-data-analysis/risk-analysis/risk-monitoring/risk-dashboard,2026-09-16,,,n/a,importe,media_ponderada_volumen,"hoja Loans_2, T21_6; muestra de bancos del EBA"
Francia,inmueble_comercial_garantia_hipotecaria,"Importe de NPL | Sociedades no financieras, inmueble comercial (CRE)",10193.4830,eur_millones,2024-Q2,"EBA, Risk Dashboard (anexo de datos)",https://www.eba.europa.eu/risk-and-data-analysis/risk-analysis/risk-monitoring/risk-dashboard,2026-09-16,,,n/a,importe,media_ponderada_volumen,"hoja Loans_2, T21_6; muestra de bancos del EBA"
Francia,inmueble_comercial_garantia_hipotecaria,"Importe de NPL | Sociedades no financieras, inmueble comercial (CRE)",10459.4006,eur_millones,2024-Q3,"EBA, Risk Dashboard (anexo de datos)",https://www.eba.europa.eu/risk-and-data-analysis/risk-analysis/risk-monitoring/risk-dashboard,2026-09-16,,,n/a,importe,media_ponderada_volumen,"hoja Loans_2, T21_6; muestra de bancos del EBA"
Francia,inmueble_comercial_garantia_hipotecaria,"Importe de NPL | Sociedades no financieras, inmueble comercial (CRE)",10386.2853,eur_millones,2024-Q4,"EBA, Risk Dashboard (anexo de datos)",https://www.eba.europa.eu/risk-and-data-analysis/risk-analysis/risk-monitoring/risk-dashboard,2026-09-16,,,n/a,importe,media_ponderada_volumen,"hoja Loans_2, T21_6; muestra de bancos del EBA"
Francia,inmueble_comercial_garantia_hipotecaria,"Importe de NPL | Sociedades no financieras, inmueble comercial (CRE)",10699.4841,eur_millones,2025-Q1,"EBA, Risk Dashboard (anexo de datos)",https://www.eba.europa.eu/risk-and-data-analysis/risk-analysis/risk-monitoring/risk-dashboard,2026-09-16,,,n/a,importe,media_ponderada_volumen,"hoja Loans_2, T21_6; muestra de bancos del EBA"
Francia,inmueble_comercial_garantia_hipotecaria,"Importe de NPL | Sociedades no financieras, inmueble comercial (CRE)",11294.1885,eur_millones,2025-Q2,"EBA, Risk Dashboard (anexo de datos)",https://www.eba.europa.eu/risk-and-data-analysis/risk-analysis/risk-monitoring/risk-dashboard,2026-09-16,,,n/a,importe,media_ponderada_volumen,"hoja Loans_2, T21_6; muestra de bancos del EBA"
Francia,inmueble_comercial_garantia_hipotecaria,"Importe de NPL | Sociedades no financieras, inmueble comercial (CRE)",12213.3915,eur_millones,2025-Q3,"EBA, Risk Dashboard (anexo de datos)",https://www.eba.europa.eu/risk-and-data-analysis/risk-analysis/risk-monitoring/risk-dashboard,2026-09-16,,,n/a,importe,media_ponderada_volumen,"hoja Loans_2, T21_6; muestra de bancos del EBA"
Francia,inmueble_comercial_garantia_hipotecaria,"Importe de NPL | Sociedades no financieras, inmueble comercial (CRE)",12091.8197,eur_millones,2025-Q4,"EBA, Risk Dashboard (anexo de datos)",https://www.eba.europa.eu/risk-and-data-analysis/risk-analysis/risk-monitoring/risk-dashboard,2026-09-16,,,n/a,importe,media_ponderada_volumen,"hoja Loans_2, T21_6; muestra de bancos del EBA"
Francia,inmueble_comercial_garantia_hipotecaria,"Importe de NPL | Sociedades no financieras, inmueble comercial (CRE)",12785.6356,eur_millones,2026-Q1,"EBA, Risk Dashboard (anexo de datos)",https://www.eba.europa.eu/risk-and-data-analysis/risk-analysis/risk-monitoring/risk-dashboard,2026-09-16,,,n/a,importe,media_ponderada_volumen,"hoja Loans_2, T21_6; muestra de bancos del EBA"
Irlanda,inmueble_comercial_garantia_hipotecaria,"Importe de NPL | Sociedades no financieras, inmueble comercial (CRE)",1191.3344,eur_millones,2024-Q1,"EBA, Risk Dashboard (anexo de datos)",https://www.eba.europa.eu/risk-and-data-analysis/risk-analysis/risk-monitoring/risk-dashboard,2026-09-16,,,n/a,importe,media_ponderada_volumen,"hoja Loans_2, T21_6; muestra de bancos del EBA"
Irlanda,inmueble_comercial_garantia_hipotecaria,"Importe de NPL | Sociedades no financieras, inmueble comercial (CRE)",1152.8990,eur_millones,2024-Q2,"EBA, Risk Dashboard (anexo de datos)",https://www.eba.europa.eu/risk-and-data-analysis/risk-analysis/risk-monitoring/risk-dashboard,2026-09-16,,,n/a,importe,media_ponderada_volumen,"hoja Loans_2, T21_6; muestra de bancos del EBA"
Irlanda,inmueble_comercial_garantia_hipotecaria,"Importe de NPL | Sociedades no financieras, inmueble comercial (CRE)",933.9159,eur_millones,2024-Q3,"EBA, Risk Dashboard (anexo de datos)",https://www.eba.europa.eu/risk-and-data-analysis/risk-analysis/risk-monitoring/risk-dashboard,2026-09-16,,,n/a,importe,media_ponderada_volumen,"hoja Loans_2, T21_6; muestra de bancos del EBA"
Irlanda,inmueble_comercial_garantia_hipotecaria,"Importe de NPL | Sociedades no financieras, inmueble comercial (CRE)",753.5904,eur_millones,2024-Q4,"EBA, Risk Dashboard (anexo de datos)",https://www.eba.europa.eu/risk-and-data-analysis/risk-analysis/risk-monitoring/risk-dashboard,2026-09-16,,,n/a,importe,media_ponderada_volumen,"hoja Loans_2, T21_6; muestra de bancos del EBA"
Irlanda,inmueble_comercial_garantia_hipotecaria,"Importe de NPL | Sociedades no financieras, inmueble comercial (CRE)",752.7857,eur_millones,2025-Q1,"EBA, Risk Dashboard (anexo de datos)",https://www.eba.europa.eu/risk-and-data-analysis/risk-analysis/risk-monitoring/risk-dashboard,2026-09-16,,,n/a,importe,media_ponderada_volumen,"hoja Loans_2, T21_6; muestra de bancos del EBA"
Irlanda,inmueble_comercial_garantia_hipotecaria,"Importe de NPL | Sociedades no financieras, inmueble comercial (CRE)",835.4279,eur_millones,2025-Q2,"EBA, Risk Dashboard (anexo de datos)",https://www.eba.europa.eu/risk-and-data-analysis/risk-analysis/risk-monitoring/risk-dashboard,2026-09-16,,,n/a,importe,media_ponderada_volumen,"hoja Loans_2, T21_6; muestra de bancos del EBA"
Irlanda,inmueble_comercial_garantia_hipotecaria,"Importe de NPL | Sociedades no financieras, inmueble comercial (CRE)",726.5758,eur_millones,2025-Q3,"EBA, Risk Dashboard (anexo de datos)",https://www.eba.europa.eu/risk-and-data-analysis/risk-analysis/risk-monitoring/risk-dashboard,2026-09-16,,,n/a,importe,media_ponderada_volumen,"hoja Loans_2, T21_6; muestra de bancos del EBA"
Irlanda,inmueble_comercial_garantia_hipotecaria,"Importe de NPL | Sociedades no financieras, inmueble comercial (CRE)",513.4792,eur_millones,2025-Q4,"EBA, Risk Dashboard (anexo de datos)",https://www.eba.europa.eu/risk-and-data-analysis/risk-analysis/risk-monitoring/risk-dashboard,2026-09-16,,,n/a,importe,media_ponderada_volumen,"hoja Loans_2, T21_6; muestra de bancos del EBA"
Irlanda,inmueble_comercial_garantia_hipotecaria,"Importe de NPL | Sociedades no financieras, inmueble comercial (CRE)",500.1246,eur_millones,2026-Q1,"EBA, Risk Dashboard (anexo de datos)",https://www.eba.europa.eu/risk-and-data-analysis/risk-analysis/risk-monitoring/risk-dashboard,2026-09-16,,,n/a,importe,media_ponderada_volumen,"hoja Loans_2, T21_6; muestra de bancos del EBA"
Italia,inmueble_comercial_garantia_hipotecaria,"Importe de NPL | Sociedades no financieras, inmueble comercial (CRE)",8135.6284,eur_millones,2024-Q1,"EBA, Risk Dashboard (anexo de datos)",https://www.eba.europa.eu/risk-and-data-analysis/risk-analysis/risk-monitoring/risk-dashboard,2026-09-16,,,n/a,importe,media_ponderada_volumen,"hoja Loans_2, T21_6; muestra de bancos del EBA"
Italia,inmueble_comercial_garantia_hipotecaria,"Importe de NPL | Sociedades no financieras, inmueble comercial (CRE)",7726.0765,eur_millones,2024-Q2,"EBA, Risk Dashboard (anexo de datos)",https://www.eba.europa.eu/risk-and-data-analysis/risk-analysis/risk-monitoring/risk-dashboard,2026-09-16,,,n/a,importe,media_ponderada_volumen,"hoja Loans_2, T21_6; muestra de bancos del EBA"
Italia,inmueble_comercial_garantia_hipotecaria,"Importe de NPL | Sociedades no financieras, inmueble comercial (CRE)",7411.7429,eur_millones,2024-Q3,"EBA, Risk Dashboard (anexo de datos)",https://www.eba.europa.eu/risk-and-data-analysis/risk-analysis/risk-monitoring/risk-dashboard,2026-09-16,,,n/a,importe,media_ponderada_volumen,"hoja Loans_2, T21_6; muestra de bancos del EBA"
Italia,inmueble_comercial_garantia_hipotecaria,"Importe de NPL | Sociedades no financieras, inmueble comercial (CRE)",6932.4380,eur_millones,2024-Q4,"EBA, Risk Dashboard (anexo de datos)",https://www.eba.europa.eu/risk-and-data-analysis/risk-analysis/risk-monitoring/risk-dashboard,2026-09-16,,,n/a,importe,media_ponderada_volumen,"hoja Loans_2, T21_6; muestra de bancos del EBA"
Italia,inmueble_comercial_garantia_hipotecaria,"Importe de NPL | Sociedades no financieras, inmueble comercial (CRE)",6703.8355,eur_millones,2025-Q1,"EBA, Risk Dashboard (anexo de datos)",https://www.eba.europa.eu/risk-and-data-analysis/risk-analysis/risk-monitoring/risk-dashboard,2026-09-16,,,n/a,importe,media_ponderada_volumen,"hoja Loans_2, T21_6; muestra de bancos del EBA"
Italia,inmueble_comercial_garantia_hipotecaria,"Importe de NPL | Sociedades no financieras, inmueble comercial (CRE)",6654.5701,eur_millones,2025-Q2,"EBA, Risk Dashboard (anexo de datos)",https://www.eba.europa.eu/risk-and-data-analysis/risk-analysis/risk-monitoring/risk-dashboard,2026-09-16,,,n/a,importe,media_ponderada_volumen,"hoja Loans_2, T21_6; muestra de bancos del EBA"
Italia,inmueble_comercial_garantia_hipotecaria,"Importe de NPL | Sociedades no financieras, inmueble comercial (CRE)",6483.6037,eur_millones,2025-Q3,"EBA, Risk Dashboard (anexo de datos)",https://www.eba.europa.eu/risk-and-data-analysis/risk-analysis/risk-monitoring/risk-dashboard,2026-09-16,,,n/a,importe,media_ponderada_volumen,"hoja Loans_2, T21_6; muestra de bancos del EBA"
Italia,inmueble_comercial_garantia_hipotecaria,"Importe de NPL | Sociedades no financieras, inmueble comercial (CRE)",5202.5185,eur_millones,2025-Q4,"EBA, Risk Dashboard (anexo de datos)",https://www.eba.europa.eu/risk-and-data-analysis/risk-analysis/risk-monitoring/risk-dashboard,2026-09-16,,,n/a,importe,media_ponderada_volumen,"hoja Loans_2, T21_6; muestra de bancos del EBA"
Italia,inmueble_comercial_garantia_hipotecaria,"Importe de NPL | Sociedades no financieras, inmueble comercial (CRE)",5167.1675,eur_millones,2026-Q1,"EBA, Risk Dashboard (anexo de datos)",https://www.eba.europa.eu/risk-and-data-analysis/risk-analysis/risk-monitoring/risk-dashboard,2026-09-16,,,n/a,importe,media_ponderada_volumen,"hoja Loans_2, T21_6; muestra de bancos del EBA"
Paises Bajos,inmueble_comercial_garantia_hipotecaria,"Importe de NPL | Sociedades no financieras, inmueble comercial (CRE)",6707.7386,eur_millones,2024-Q1,"EBA, Risk Dashboard (anexo de datos)",https://www.eba.europa.eu/risk-and-data-analysis/risk-analysis/risk-monitoring/risk-dashboard,2026-09-16,,,n/a,importe,media_ponderada_volumen,"hoja Loans_2, T21_6; muestra de bancos del EBA"
Paises Bajos,inmueble_comercial_garantia_hipotecaria,"Importe de NPL | Sociedades no financieras, inmueble comercial (CRE)",7154.6608,eur_millones,2024-Q2,"EBA, Risk Dashboard (anexo de datos)",https://www.eba.europa.eu/risk-and-data-analysis/risk-analysis/risk-monitoring/risk-dashboard,2026-09-16,,,n/a,importe,media_ponderada_volumen,"hoja Loans_2, T21_6; muestra de bancos del EBA"
Paises Bajos,inmueble_comercial_garantia_hipotecaria,"Importe de NPL | Sociedades no financieras, inmueble comercial (CRE)",7163.5454,eur_millones,2024-Q3,"EBA, Risk Dashboard (anexo de datos)",https://www.eba.europa.eu/risk-and-data-analysis/risk-analysis/risk-monitoring/risk-dashboard,2026-09-16,,,n/a,importe,media_ponderada_volumen,"hoja Loans_2, T21_6; muestra de bancos del EBA"
Paises Bajos,inmueble_comercial_garantia_hipotecaria,"Importe de NPL | Sociedades no financieras, inmueble comercial (CRE)",6968.0209,eur_millones,2024-Q4,"EBA, Risk Dashboard (anexo de datos)",https://www.eba.europa.eu/risk-and-data-analysis/risk-analysis/risk-monitoring/risk-dashboard,2026-09-16,,,n/a,importe,media_ponderada_volumen,"hoja Loans_2, T21_6; muestra de bancos del EBA"
Paises Bajos,inmueble_comercial_garantia_hipotecaria,"Importe de NPL | Sociedades no financieras, inmueble comercial (CRE)",6344.6021,eur_millones,2025-Q1,"EBA, Risk Dashboard (anexo de datos)",https://www.eba.europa.eu/risk-and-data-analysis/risk-analysis/risk-monitoring/risk-dashboard,2026-09-16,,,n/a,importe,media_ponderada_volumen,"hoja Loans_2, T21_6; muestra de bancos del EBA"
Paises Bajos,inmueble_comercial_garantia_hipotecaria,"Importe de NPL | Sociedades no financieras, inmueble comercial (CRE)",6323.5992,eur_millones,2025-Q2,"EBA, Risk Dashboard (anexo de datos)",https://www.eba.europa.eu/risk-and-data-analysis/risk-analysis/risk-monitoring/risk-dashboard,2026-09-16,,,n/a,importe,media_ponderada_volumen,"hoja Loans_2, T21_6; muestra de bancos del EBA"
Paises Bajos,inmueble_comercial_garantia_hipotecaria,"Importe de NPL | Sociedades no financieras, inmueble comercial (CRE)",5960.5517,eur_millones,2025-Q3,"EBA, Risk Dashboard (anexo de datos)",https://www.eba.europa.eu/risk-and-data-analysis/risk-analysis/risk-monitoring/risk-dashboard,2026-09-16,,,n/a,importe,media_ponderada_volumen,"hoja Loans_2, T21_6; muestra de bancos del EBA"
Paises Bajos,inmueble_comercial_garantia_hipotecaria,"Importe de NPL | Sociedades no financieras, inmueble comercial (CRE)",5460.5441,eur_millones,2025-Q4,"EBA, Risk Dashboard (anexo de datos)",https://www.eba.europa.eu/risk-and-data-analysis/risk-analysis/risk-monitoring/risk-dashboard,2026-09-16,,,n/a,importe,media_ponderada_volumen,"hoja Loans_2, T21_6; muestra de bancos del EBA"
Paises Bajos,inmueble_comercial_garantia_hipotecaria,"Importe de NPL | Sociedades no financieras, inmueble comercial (CRE)",5591.3260,eur_millones,2026-Q1,"EBA, Risk Dashboard (anexo de datos)",https://www.eba.europa.eu/risk-and-data-analysis/risk-analysis/risk-monitoring/risk-dashboard,2026-09-16,,,n/a,importe,media_ponderada_volumen,"hoja Loans_2, T21_6; muestra de bancos del EBA"
Portugal,inmueble_comercial_garantia_hipotecaria,"Importe de NPL | Sociedades no financieras, inmueble comercial (CRE)",1210.4444,eur_millones,2024-Q1,"EBA, Risk Dashboard (anexo de datos)",https://www.eba.europa.eu/risk-and-data-analysis/risk-analysis/risk-monitoring/risk-dashboard,2026-09-16,,,n/a,importe,media_ponderada_volumen,"hoja Loans_2, T21_6; muestra de bancos del EBA"
Portugal,inmueble_comercial_garantia_hipotecaria,"Importe de NPL | Sociedades no financieras, inmueble comercial (CRE)",1143.0365,eur_millones,2024-Q2,"EBA, Risk Dashboard (anexo de datos)",https://www.eba.europa.eu/risk-and-data-analysis/risk-analysis/risk-monitoring/risk-dashboard,2026-09-16,,,n/a,importe,media_ponderada_volumen,"hoja Loans_2, T21_6; muestra de bancos del EBA"
Portugal,inmueble_comercial_garantia_hipotecaria,"Importe de NPL | Sociedades no financieras, inmueble comercial (CRE)",1071.6485,eur_millones,2024-Q3,"EBA, Risk Dashboard (anexo de datos)",https://www.eba.europa.eu/risk-and-data-analysis/risk-analysis/risk-monitoring/risk-dashboard,2026-09-16,,,n/a,importe,media_ponderada_volumen,"hoja Loans_2, T21_6; muestra de bancos del EBA"
Portugal,inmueble_comercial_garantia_hipotecaria,"Importe de NPL | Sociedades no financieras, inmueble comercial (CRE)",964.2658,eur_millones,2024-Q4,"EBA, Risk Dashboard (anexo de datos)",https://www.eba.europa.eu/risk-and-data-analysis/risk-analysis/risk-monitoring/risk-dashboard,2026-09-16,,,n/a,importe,media_ponderada_volumen,"hoja Loans_2, T21_6; muestra de bancos del EBA"
Portugal,inmueble_comercial_garantia_hipotecaria,"Importe de NPL | Sociedades no financieras, inmueble comercial (CRE)",731.4950,eur_millones,2025-Q1,"EBA, Risk Dashboard (anexo de datos)",https://www.eba.europa.eu/risk-and-data-analysis/risk-analysis/risk-monitoring/risk-dashboard,2026-09-16,,,n/a,importe,media_ponderada_volumen,"hoja Loans_2, T21_6; muestra de bancos del EBA"
Portugal,inmueble_comercial_garantia_hipotecaria,"Importe de NPL | Sociedades no financieras, inmueble comercial (CRE)",706.6096,eur_millones,2025-Q2,"EBA, Risk Dashboard (anexo de datos)",https://www.eba.europa.eu/risk-and-data-analysis/risk-analysis/risk-monitoring/risk-dashboard,2026-09-16,,,n/a,importe,media_ponderada_volumen,"hoja Loans_2, T21_6; muestra de bancos del EBA"
Portugal,inmueble_comercial_garantia_hipotecaria,"Importe de NPL | Sociedades no financieras, inmueble comercial (CRE)",628.4036,eur_millones,2025-Q3,"EBA, Risk Dashboard (anexo de datos)",https://www.eba.europa.eu/risk-and-data-analysis/risk-analysis/risk-monitoring/risk-dashboard,2026-09-16,,,n/a,importe,media_ponderada_volumen,"hoja Loans_2, T21_6; muestra de bancos del EBA"
Portugal,inmueble_comercial_garantia_hipotecaria,"Importe de NPL | Sociedades no financieras, inmueble comercial (CRE)",559.3467,eur_millones,2025-Q4,"EBA, Risk Dashboard (anexo de datos)",https://www.eba.europa.eu/risk-and-data-analysis/risk-analysis/risk-monitoring/risk-dashboard,2026-09-16,,,n/a,importe,media_ponderada_volumen,"hoja Loans_2, T21_6; muestra de bancos del EBA"
Portugal,inmueble_comercial_garantia_hipotecaria,"Importe de NPL | Sociedades no financieras, inmueble comercial (CRE)",511.9700,eur_millones,2026-Q1,"EBA, Risk Dashboard (anexo de datos)",https://www.eba.europa.eu/risk-and-data-analysis/risk-analysis/risk-monitoring/risk-dashboard,2026-09-16,,,n/a,importe,media_ponderada_volumen,"hoja Loans_2, T21_6; muestra de bancos del EBA"
Alemania,inmueble_comercial_garantia_hipotecaria,"Ratio de NPL | Sociedades no financieras, inmueble comercial (CRE)",5.0309,pct_cartera,2024-Q1,"EBA, Risk Dashboard (anexo de datos)",https://www.eba.europa.eu/risk-and-data-analysis/risk-analysis/risk-monitoring/risk-dashboard,2026-09-16,,,n/a,ratio,media_ponderada_volumen,"hoja Loans_4, T22_6; muestra de bancos del EBA"
Alemania,inmueble_comercial_garantia_hipotecaria,"Ratio de NPL | Sociedades no financieras, inmueble comercial (CRE)",5.2524,pct_cartera,2024-Q2,"EBA, Risk Dashboard (anexo de datos)",https://www.eba.europa.eu/risk-and-data-analysis/risk-analysis/risk-monitoring/risk-dashboard,2026-09-16,,,n/a,ratio,media_ponderada_volumen,"hoja Loans_4, T22_6; muestra de bancos del EBA"
Alemania,inmueble_comercial_garantia_hipotecaria,"Ratio de NPL | Sociedades no financieras, inmueble comercial (CRE)",5.4060,pct_cartera,2024-Q3,"EBA, Risk Dashboard (anexo de datos)",https://www.eba.europa.eu/risk-and-data-analysis/risk-analysis/risk-monitoring/risk-dashboard,2026-09-16,,,n/a,ratio,media_ponderada_volumen,"hoja Loans_4, T22_6; muestra de bancos del EBA"
Alemania,inmueble_comercial_garantia_hipotecaria,"Ratio de NPL | Sociedades no financieras, inmueble comercial (CRE)",5.9854,pct_cartera,2024-Q4,"EBA, Risk Dashboard (anexo de datos)",https://www.eba.europa.eu/risk-and-data-analysis/risk-analysis/risk-monitoring/risk-dashboard,2026-09-16,,,n/a,ratio,media_ponderada_volumen,"hoja Loans_4, T22_6; muestra de bancos del EBA"
Alemania,inmueble_comercial_garantia_hipotecaria,"Ratio de NPL | Sociedades no financieras, inmueble comercial (CRE)",5.7976,pct_cartera,2025-Q1,"EBA, Risk Dashboard (anexo de datos)",https://www.eba.europa.eu/risk-and-data-analysis/risk-analysis/risk-monitoring/risk-dashboard,2026-09-16,,,n/a,ratio,media_ponderada_volumen,"hoja Loans_4, T22_6; muestra de bancos del EBA"
Alemania,inmueble_comercial_garantia_hipotecaria,"Ratio de NPL | Sociedades no financieras, inmueble comercial (CRE)",6.2609,pct_cartera,2025-Q2,"EBA, Risk Dashboard (anexo de datos)",https://www.eba.europa.eu/risk-and-data-analysis/risk-analysis/risk-monitoring/risk-dashboard,2026-09-16,,,n/a,ratio,media_ponderada_volumen,"hoja Loans_4, T22_6; muestra de bancos del EBA"
Alemania,inmueble_comercial_garantia_hipotecaria,"Ratio de NPL | Sociedades no financieras, inmueble comercial (CRE)",6.5578,pct_cartera,2025-Q3,"EBA, Risk Dashboard (anexo de datos)",https://www.eba.europa.eu/risk-and-data-analysis/risk-analysis/risk-monitoring/risk-dashboard,2026-09-16,,,n/a,ratio,media_ponderada_volumen,"hoja Loans_4, T22_6; muestra de bancos del EBA"
Alemania,inmueble_comercial_garantia_hipotecaria,"Ratio de NPL | Sociedades no financieras, inmueble comercial (CRE)",6.9201,pct_cartera,2025-Q4,"EBA, Risk Dashboard (anexo de datos)",https://www.eba.europa.eu/risk-and-data-analysis/risk-analysis/risk-monitoring/risk-dashboard,2026-09-16,,,n/a,ratio,media_ponderada_volumen,"hoja Loans_4, T22_6; muestra de bancos del EBA"
Alemania,inmueble_comercial_garantia_hipotecaria,"Ratio de NPL | Sociedades no financieras, inmueble comercial (CRE)",6.8056,pct_cartera,2026-Q1,"EBA, Risk Dashboard (anexo de datos)",https://www.eba.europa.eu/risk-and-data-analysis/risk-analysis/risk-monitoring/risk-dashboard,2026-09-16,,,n/a,ratio,media_ponderada_volumen,"hoja Loans_4, T22_6; muestra de bancos del EBA"
Espana,inmueble_comercial_garantia_hipotecaria,"Ratio de NPL | Sociedades no financieras, inmueble comercial (CRE)",6.3631,pct_cartera,2024-Q1,"EBA, Risk Dashboard (anexo de datos)",https://www.eba.europa.eu/risk-and-data-analysis/risk-analysis/risk-monitoring/risk-dashboard,2026-09-16,,,n/a,ratio,media_ponderada_volumen,"hoja Loans_4, T22_6; muestra de bancos del EBA"
Espana,inmueble_comercial_garantia_hipotecaria,"Ratio de NPL | Sociedades no financieras, inmueble comercial (CRE)",5.9487,pct_cartera,2024-Q2,"EBA, Risk Dashboard (anexo de datos)",https://www.eba.europa.eu/risk-and-data-analysis/risk-analysis/risk-monitoring/risk-dashboard,2026-09-16,,,n/a,ratio,media_ponderada_volumen,"hoja Loans_4, T22_6; muestra de bancos del EBA"
Espana,inmueble_comercial_garantia_hipotecaria,"Ratio de NPL | Sociedades no financieras, inmueble comercial (CRE)",5.7035,pct_cartera,2024-Q3,"EBA, Risk Dashboard (anexo de datos)",https://www.eba.europa.eu/risk-and-data-analysis/risk-analysis/risk-monitoring/risk-dashboard,2026-09-16,,,n/a,ratio,media_ponderada_volumen,"hoja Loans_4, T22_6; muestra de bancos del EBA"
Espana,inmueble_comercial_garantia_hipotecaria,"Ratio de NPL | Sociedades no financieras, inmueble comercial (CRE)",5.3556,pct_cartera,2024-Q4,"EBA, Risk Dashboard (anexo de datos)",https://www.eba.europa.eu/risk-and-data-analysis/risk-analysis/risk-monitoring/risk-dashboard,2026-09-16,,,n/a,ratio,media_ponderada_volumen,"hoja Loans_4, T22_6; muestra de bancos del EBA"
Espana,inmueble_comercial_garantia_hipotecaria,"Ratio de NPL | Sociedades no financieras, inmueble comercial (CRE)",5.5244,pct_cartera,2025-Q1,"EBA, Risk Dashboard (anexo de datos)",https://www.eba.europa.eu/risk-and-data-analysis/risk-analysis/risk-monitoring/risk-dashboard,2026-09-16,,,n/a,ratio,media_ponderada_volumen,"hoja Loans_4, T22_6; muestra de bancos del EBA"
Espana,inmueble_comercial_garantia_hipotecaria,"Ratio de NPL | Sociedades no financieras, inmueble comercial (CRE)",4.9021,pct_cartera,2025-Q2,"EBA, Risk Dashboard (anexo de datos)",https://www.eba.europa.eu/risk-and-data-analysis/risk-analysis/risk-monitoring/risk-dashboard,2026-09-16,,,n/a,ratio,media_ponderada_volumen,"hoja Loans_4, T22_6; muestra de bancos del EBA"
Espana,inmueble_comercial_garantia_hipotecaria,"Ratio de NPL | Sociedades no financieras, inmueble comercial (CRE)",4.6398,pct_cartera,2025-Q3,"EBA, Risk Dashboard (anexo de datos)",https://www.eba.europa.eu/risk-and-data-analysis/risk-analysis/risk-monitoring/risk-dashboard,2026-09-16,,,n/a,ratio,media_ponderada_volumen,"hoja Loans_4, T22_6; muestra de bancos del EBA"
Espana,inmueble_comercial_garantia_hipotecaria,"Ratio de NPL | Sociedades no financieras, inmueble comercial (CRE)",4.3027,pct_cartera,2025-Q4,"EBA, Risk Dashboard (anexo de datos)",https://www.eba.europa.eu/risk-and-data-analysis/risk-analysis/risk-monitoring/risk-dashboard,2026-09-16,,,n/a,ratio,media_ponderada_volumen,"hoja Loans_4, T22_6; muestra de bancos del EBA"
Espana,inmueble_comercial_garantia_hipotecaria,"Ratio de NPL | Sociedades no financieras, inmueble comercial (CRE)",4.2453,pct_cartera,2026-Q1,"EBA, Risk Dashboard (anexo de datos)",https://www.eba.europa.eu/risk-and-data-analysis/risk-analysis/risk-monitoring/risk-dashboard,2026-09-16,,,n/a,ratio,media_ponderada_volumen,"hoja Loans_4, T22_6; muestra de bancos del EBA"
Union Europea,inmueble_comercial_garantia_hipotecaria,"Ratio de NPL | Sociedades no financieras, inmueble comercial (CRE)",4.3306,pct_cartera,2024-Q1,"EBA, Risk Dashboard (anexo de datos)",https://www.eba.europa.eu/risk-and-data-analysis/risk-analysis/risk-monitoring/risk-dashboard,2026-09-16,,,n/a,ratio,media_ponderada_volumen,"hoja Loans_4, T22_6; muestra de bancos del EBA"
Union Europea,inmueble_comercial_garantia_hipotecaria,"Ratio de NPL | Sociedades no financieras, inmueble comercial (CRE)",4.3307,pct_cartera,2024-Q2,"EBA, Risk Dashboard (anexo de datos)",https://www.eba.europa.eu/risk-and-data-analysis/risk-analysis/risk-monitoring/risk-dashboard,2026-09-16,,,n/a,ratio,media_ponderada_volumen,"hoja Loans_4, T22_6; muestra de bancos del EBA"
Union Europea,inmueble_comercial_garantia_hipotecaria,"Ratio de NPL | Sociedades no financieras, inmueble comercial (CRE)",4.3169,pct_cartera,2024-Q3,"EBA, Risk Dashboard (anexo de datos)",https://www.eba.europa.eu/risk-and-data-analysis/risk-analysis/risk-monitoring/risk-dashboard,2026-09-16,,,n/a,ratio,media_ponderada_volumen,"hoja Loans_4, T22_6; muestra de bancos del EBA"
Union Europea,inmueble_comercial_garantia_hipotecaria,"Ratio de NPL | Sociedades no financieras, inmueble comercial (CRE)",4.3234,pct_cartera,2024-Q4,"EBA, Risk Dashboard (anexo de datos)",https://www.eba.europa.eu/risk-and-data-analysis/risk-analysis/risk-monitoring/risk-dashboard,2026-09-16,,,n/a,ratio,media_ponderada_volumen,"hoja Loans_4, T22_6; muestra de bancos del EBA"
Union Europea,inmueble_comercial_garantia_hipotecaria,"Ratio de NPL | Sociedades no financieras, inmueble comercial (CRE)",4.1889,pct_cartera,2025-Q1,"EBA, Risk Dashboard (anexo de datos)",https://www.eba.europa.eu/risk-and-data-analysis/risk-analysis/risk-monitoring/risk-dashboard,2026-09-16,,,n/a,ratio,media_ponderada_volumen,"hoja Loans_4, T22_6; muestra de bancos del EBA"
Union Europea,inmueble_comercial_garantia_hipotecaria,"Ratio de NPL | Sociedades no financieras, inmueble comercial (CRE)",4.2376,pct_cartera,2025-Q2,"EBA, Risk Dashboard (anexo de datos)",https://www.eba.europa.eu/risk-and-data-analysis/risk-analysis/risk-monitoring/risk-dashboard,2026-09-16,,,n/a,ratio,media_ponderada_volumen,"hoja Loans_4, T22_6; muestra de bancos del EBA"
Union Europea,inmueble_comercial_garantia_hipotecaria,"Ratio de NPL | Sociedades no financieras, inmueble comercial (CRE)",4.2847,pct_cartera,2025-Q3,"EBA, Risk Dashboard (anexo de datos)",https://www.eba.europa.eu/risk-and-data-analysis/risk-analysis/risk-monitoring/risk-dashboard,2026-09-16,,,n/a,ratio,media_ponderada_volumen,"hoja Loans_4, T22_6; muestra de bancos del EBA"
Union Europea,inmueble_comercial_garantia_hipotecaria,"Ratio de NPL | Sociedades no financieras, inmueble comercial (CRE)",4.1172,pct_cartera,2025-Q4,"EBA, Risk Dashboard (anexo de datos)",https://www.eba.europa.eu/risk-and-data-analysis/risk-analysis/risk-monitoring/risk-dashboard,2026-09-16,,,n/a,ratio,media_ponderada_volumen,"hoja Loans_4, T22_6; muestra de bancos del EBA"
Union Europea,inmueble_comercial_garantia_hipotecaria,"Ratio de NPL | Sociedades no financieras, inmueble comercial (CRE)",4.0763,pct_cartera,2026-Q1,"EBA, Risk Dashboard (anexo de datos)",https://www.eba.europa.eu/risk-and-data-analysis/risk-analysis/risk-monitoring/risk-dashboard,2026-09-16,,,n/a,ratio,media_ponderada_volumen,"hoja Loans_4, T22_6; muestra de bancos del EBA"
Francia,inmueble_comercial_garantia_hipotecaria,"Ratio de NPL | Sociedades no financieras, inmueble comercial (CRE)",3.2615,pct_cartera,2024-Q1,"EBA, Risk Dashboard (anexo de datos)",https://www.eba.europa.eu/risk-and-data-analysis/risk-analysis/risk-monitoring/risk-dashboard,2026-09-16,,,n/a,ratio,media_ponderada_volumen,"hoja Loans_4, T22_6; muestra de bancos del EBA"
Francia,inmueble_comercial_garantia_hipotecaria,"Ratio de NPL | Sociedades no financieras, inmueble comercial (CRE)",3.4199,pct_cartera,2024-Q2,"EBA, Risk Dashboard (anexo de datos)",https://www.eba.europa.eu/risk-and-data-analysis/risk-analysis/risk-monitoring/risk-dashboard,2026-09-16,,,n/a,ratio,media_ponderada_volumen,"hoja Loans_4, T22_6; muestra de bancos del EBA"
Francia,inmueble_comercial_garantia_hipotecaria,"Ratio de NPL | Sociedades no financieras, inmueble comercial (CRE)",3.4392,pct_cartera,2024-Q3,"EBA, Risk Dashboard (anexo de datos)",https://www.eba.europa.eu/risk-and-data-analysis/risk-analysis/risk-monitoring/risk-dashboard,2026-09-16,,,n/a,ratio,media_ponderada_volumen,"hoja Loans_4, T22_6; muestra de bancos del EBA"
Francia,inmueble_comercial_garantia_hipotecaria,"Ratio de NPL | Sociedades no financieras, inmueble comercial (CRE)",3.3823,pct_cartera,2024-Q4,"EBA, Risk Dashboard (anexo de datos)",https://www.eba.europa.eu/risk-and-data-analysis/risk-analysis/risk-monitoring/risk-dashboard,2026-09-16,,,n/a,ratio,media_ponderada_volumen,"hoja Loans_4, T22_6; muestra de bancos del EBA"
Francia,inmueble_comercial_garantia_hipotecaria,"Ratio de NPL | Sociedades no financieras, inmueble comercial (CRE)",3.4773,pct_cartera,2025-Q1,"EBA, Risk Dashboard (anexo de datos)",https://www.eba.europa.eu/risk-and-data-analysis/risk-analysis/risk-monitoring/risk-dashboard,2026-09-16,,,n/a,ratio,media_ponderada_volumen,"hoja Loans_4, T22_6; muestra de bancos del EBA"
Francia,inmueble_comercial_garantia_hipotecaria,"Ratio de NPL | Sociedades no financieras, inmueble comercial (CRE)",3.6294,pct_cartera,2025-Q2,"EBA, Risk Dashboard (anexo de datos)",https://www.eba.europa.eu/risk-and-data-analysis/risk-analysis/risk-monitoring/risk-dashboard,2026-09-16,,,n/a,ratio,media_ponderada_volumen,"hoja Loans_4, T22_6; muestra de bancos del EBA"
Francia,inmueble_comercial_garantia_hipotecaria,"Ratio de NPL | Sociedades no financieras, inmueble comercial (CRE)",3.8221,pct_cartera,2025-Q3,"EBA, Risk Dashboard (anexo de datos)",https://www.eba.europa.eu/risk-and-data-analysis/risk-analysis/risk-monitoring/risk-dashboard,2026-09-16,,,n/a,ratio,media_ponderada_volumen,"hoja Loans_4, T22_6; muestra de bancos del EBA"
Francia,inmueble_comercial_garantia_hipotecaria,"Ratio de NPL | Sociedades no financieras, inmueble comercial (CRE)",3.7369,pct_cartera,2025-Q4,"EBA, Risk Dashboard (anexo de datos)",https://www.eba.europa.eu/risk-and-data-analysis/risk-analysis/risk-monitoring/risk-dashboard,2026-09-16,,,n/a,ratio,media_ponderada_volumen,"hoja Loans_4, T22_6; muestra de bancos del EBA"
Francia,inmueble_comercial_garantia_hipotecaria,"Ratio de NPL | Sociedades no financieras, inmueble comercial (CRE)",3.8634,pct_cartera,2026-Q1,"EBA, Risk Dashboard (anexo de datos)",https://www.eba.europa.eu/risk-and-data-analysis/risk-analysis/risk-monitoring/risk-dashboard,2026-09-16,,,n/a,ratio,media_ponderada_volumen,"hoja Loans_4, T22_6; muestra de bancos del EBA"
Irlanda,inmueble_comercial_garantia_hipotecaria,"Ratio de NPL | Sociedades no financieras, inmueble comercial (CRE)",7.5909,pct_cartera,2024-Q1,"EBA, Risk Dashboard (anexo de datos)",https://www.eba.europa.eu/risk-and-data-analysis/risk-analysis/risk-monitoring/risk-dashboard,2026-09-16,,,n/a,ratio,media_ponderada_volumen,"hoja Loans_4, T22_6; muestra de bancos del EBA"
Irlanda,inmueble_comercial_garantia_hipotecaria,"Ratio de NPL | Sociedades no financieras, inmueble comercial (CRE)",7.4351,pct_cartera,2024-Q2,"EBA, Risk Dashboard (anexo de datos)",https://www.eba.europa.eu/risk-and-data-analysis/risk-analysis/risk-monitoring/risk-dashboard,2026-09-16,,,n/a,ratio,media_ponderada_volumen,"hoja Loans_4, T22_6; muestra de bancos del EBA"
Irlanda,inmueble_comercial_garantia_hipotecaria,"Ratio de NPL | Sociedades no financieras, inmueble comercial (CRE)",6.1322,pct_cartera,2024-Q3,"EBA, Risk Dashboard (anexo de datos)",https://www.eba.europa.eu/risk-and-data-analysis/risk-analysis/risk-monitoring/risk-dashboard,2026-09-16,,,n/a,ratio,media_ponderada_volumen,"hoja Loans_4, T22_6; muestra de bancos del EBA"
Irlanda,inmueble_comercial_garantia_hipotecaria,"Ratio de NPL | Sociedades no financieras, inmueble comercial (CRE)",5.0387,pct_cartera,2024-Q4,"EBA, Risk Dashboard (anexo de datos)",https://www.eba.europa.eu/risk-and-data-analysis/risk-analysis/risk-monitoring/risk-dashboard,2026-09-16,,,n/a,ratio,media_ponderada_volumen,"hoja Loans_4, T22_6; muestra de bancos del EBA"
Irlanda,inmueble_comercial_garantia_hipotecaria,"Ratio de NPL | Sociedades no financieras, inmueble comercial (CRE)",5.1671,pct_cartera,2025-Q1,"EBA, Risk Dashboard (anexo de datos)",https://www.eba.europa.eu/risk-and-data-analysis/risk-analysis/risk-monitoring/risk-dashboard,2026-09-16,,,n/a,ratio,media_ponderada_volumen,"hoja Loans_4, T22_6; muestra de bancos del EBA"
Irlanda,inmueble_comercial_garantia_hipotecaria,"Ratio de NPL | Sociedades no financieras, inmueble comercial (CRE)",5.9245,pct_cartera,2025-Q2,"EBA, Risk Dashboard (anexo de datos)",https://www.eba.europa.eu/risk-and-data-analysis/risk-analysis/risk-monitoring/risk-dashboard,2026-09-16,,,n/a,ratio,media_ponderada_volumen,"hoja Loans_4, T22_6; muestra de bancos del EBA"
Irlanda,inmueble_comercial_garantia_hipotecaria,"Ratio de NPL | Sociedades no financieras, inmueble comercial (CRE)",4.9729,pct_cartera,2025-Q3,"EBA, Risk Dashboard (anexo de datos)",https://www.eba.europa.eu/risk-and-data-analysis/risk-analysis/risk-monitoring/risk-dashboard,2026-09-16,,,n/a,ratio,media_ponderada_volumen,"hoja Loans_4, T22_6; muestra de bancos del EBA"
Irlanda,inmueble_comercial_garantia_hipotecaria,"Ratio de NPL | Sociedades no financieras, inmueble comercial (CRE)",3.6004,pct_cartera,2025-Q4,"EBA, Risk Dashboard (anexo de datos)",https://www.eba.europa.eu/risk-and-data-analysis/risk-analysis/risk-monitoring/risk-dashboard,2026-09-16,,,n/a,ratio,media_ponderada_volumen,"hoja Loans_4, T22_6; muestra de bancos del EBA"
Irlanda,inmueble_comercial_garantia_hipotecaria,"Ratio de NPL | Sociedades no financieras, inmueble comercial (CRE)",3.4990,pct_cartera,2026-Q1,"EBA, Risk Dashboard (anexo de datos)",https://www.eba.europa.eu/risk-and-data-analysis/risk-analysis/risk-monitoring/risk-dashboard,2026-09-16,,,n/a,ratio,media_ponderada_volumen,"hoja Loans_4, T22_6; muestra de bancos del EBA"
Italia,inmueble_comercial_garantia_hipotecaria,"Ratio de NPL | Sociedades no financieras, inmueble comercial (CRE)",6.2866,pct_cartera,2024-Q1,"EBA, Risk Dashboard (anexo de datos)",https://www.eba.europa.eu/risk-and-data-analysis/risk-analysis/risk-monitoring/risk-dashboard,2026-09-16,,,n/a,ratio,media_ponderada_volumen,"hoja Loans_4, T22_6; muestra de bancos del EBA"
Italia,inmueble_comercial_garantia_hipotecaria,"Ratio de NPL | Sociedades no financieras, inmueble comercial (CRE)",6.0472,pct_cartera,2024-Q2,"EBA, Risk Dashboard (anexo de datos)",https://www.eba.europa.eu/risk-and-data-analysis/risk-analysis/risk-monitoring/risk-dashboard,2026-09-16,,,n/a,ratio,media_ponderada_volumen,"hoja Loans_4, T22_6; muestra de bancos del EBA"
Italia,inmueble_comercial_garantia_hipotecaria,"Ratio de NPL | Sociedades no financieras, inmueble comercial (CRE)",5.9671,pct_cartera,2024-Q3,"EBA, Risk Dashboard (anexo de datos)",https://www.eba.europa.eu/risk-and-data-analysis/risk-analysis/risk-monitoring/risk-dashboard,2026-09-16,,,n/a,ratio,media_ponderada_volumen,"hoja Loans_4, T22_6; muestra de bancos del EBA"
Italia,inmueble_comercial_garantia_hipotecaria,"Ratio de NPL | Sociedades no financieras, inmueble comercial (CRE)",5.7340,pct_cartera,2024-Q4,"EBA, Risk Dashboard (anexo de datos)",https://www.eba.europa.eu/risk-and-data-analysis/risk-analysis/risk-monitoring/risk-dashboard,2026-09-16,,,n/a,ratio,media_ponderada_volumen,"hoja Loans_4, T22_6; muestra de bancos del EBA"
Italia,inmueble_comercial_garantia_hipotecaria,"Ratio de NPL | Sociedades no financieras, inmueble comercial (CRE)",5.5137,pct_cartera,2025-Q1,"EBA, Risk Dashboard (anexo de datos)",https://www.eba.europa.eu/risk-and-data-analysis/risk-analysis/risk-monitoring/risk-dashboard,2026-09-16,,,n/a,ratio,media_ponderada_volumen,"hoja Loans_4, T22_6; muestra de bancos del EBA"
Italia,inmueble_comercial_garantia_hipotecaria,"Ratio de NPL | Sociedades no financieras, inmueble comercial (CRE)",5.4802,pct_cartera,2025-Q2,"EBA, Risk Dashboard (anexo de datos)",https://www.eba.europa.eu/risk-and-data-analysis/risk-analysis/risk-monitoring/risk-dashboard,2026-09-16,,,n/a,ratio,media_ponderada_volumen,"hoja Loans_4, T22_6; muestra de bancos del EBA"
Italia,inmueble_comercial_garantia_hipotecaria,"Ratio de NPL | Sociedades no financieras, inmueble comercial (CRE)",5.3534,pct_cartera,2025-Q3,"EBA, Risk Dashboard (anexo de datos)",https://www.eba.europa.eu/risk-and-data-analysis/risk-analysis/risk-monitoring/risk-dashboard,2026-09-16,,,n/a,ratio,media_ponderada_volumen,"hoja Loans_4, T22_6; muestra de bancos del EBA"
Italia,inmueble_comercial_garantia_hipotecaria,"Ratio de NPL | Sociedades no financieras, inmueble comercial (CRE)",4.3418,pct_cartera,2025-Q4,"EBA, Risk Dashboard (anexo de datos)",https://www.eba.europa.eu/risk-and-data-analysis/risk-analysis/risk-monitoring/risk-dashboard,2026-09-16,,,n/a,ratio,media_ponderada_volumen,"hoja Loans_4, T22_6; muestra de bancos del EBA"
Italia,inmueble_comercial_garantia_hipotecaria,"Ratio de NPL | Sociedades no financieras, inmueble comercial (CRE)",4.2723,pct_cartera,2026-Q1,"EBA, Risk Dashboard (anexo de datos)",https://www.eba.europa.eu/risk-and-data-analysis/risk-analysis/risk-monitoring/risk-dashboard,2026-09-16,,,n/a,ratio,media_ponderada_volumen,"hoja Loans_4, T22_6; muestra de bancos del EBA"
Paises Bajos,inmueble_comercial_garantia_hipotecaria,"Ratio de NPL | Sociedades no financieras, inmueble comercial (CRE)",3.8378,pct_cartera,2024-Q1,"EBA, Risk Dashboard (anexo de datos)",https://www.eba.europa.eu/risk-and-data-analysis/risk-analysis/risk-monitoring/risk-dashboard,2026-09-16,,,n/a,ratio,media_ponderada_volumen,"hoja Loans_4, T22_6; muestra de bancos del EBA"
Paises Bajos,inmueble_comercial_garantia_hipotecaria,"Ratio de NPL | Sociedades no financieras, inmueble comercial (CRE)",4.0129,pct_cartera,2024-Q2,"EBA, Risk Dashboard (anexo de datos)",https://www.eba.europa.eu/risk-and-data-analysis/risk-analysis/risk-monitoring/risk-dashboard,2026-09-16,,,n/a,ratio,media_ponderada_volumen,"hoja Loans_4, T22_6; muestra de bancos del EBA"
Paises Bajos,inmueble_comercial_garantia_hipotecaria,"Ratio de NPL | Sociedades no financieras, inmueble comercial (CRE)",4.0078,pct_cartera,2024-Q3,"EBA, Risk Dashboard (anexo de datos)",https://www.eba.europa.eu/risk-and-data-analysis/risk-analysis/risk-monitoring/risk-dashboard,2026-09-16,,,n/a,ratio,media_ponderada_volumen,"hoja Loans_4, T22_6; muestra de bancos del EBA"
Paises Bajos,inmueble_comercial_garantia_hipotecaria,"Ratio de NPL | Sociedades no financieras, inmueble comercial (CRE)",3.9368,pct_cartera,2024-Q4,"EBA, Risk Dashboard (anexo de datos)",https://www.eba.europa.eu/risk-and-data-analysis/risk-analysis/risk-monitoring/risk-dashboard,2026-09-16,,,n/a,ratio,media_ponderada_volumen,"hoja Loans_4, T22_6; muestra de bancos del EBA"
Paises Bajos,inmueble_comercial_garantia_hipotecaria,"Ratio de NPL | Sociedades no financieras, inmueble comercial (CRE)",3.6074,pct_cartera,2025-Q1,"EBA, Risk Dashboard (anexo de datos)",https://www.eba.europa.eu/risk-and-data-analysis/risk-analysis/risk-monitoring/risk-dashboard,2026-09-16,,,n/a,ratio,media_ponderada_volumen,"hoja Loans_4, T22_6; muestra de bancos del EBA"
Paises Bajos,inmueble_comercial_garantia_hipotecaria,"Ratio de NPL | Sociedades no financieras, inmueble comercial (CRE)",3.5918,pct_cartera,2025-Q2,"EBA, Risk Dashboard (anexo de datos)",https://www.eba.europa.eu/risk-and-data-analysis/risk-analysis/risk-monitoring/risk-dashboard,2026-09-16,,,n/a,ratio,media_ponderada_volumen,"hoja Loans_4, T22_6; muestra de bancos del EBA"
Paises Bajos,inmueble_comercial_garantia_hipotecaria,"Ratio de NPL | Sociedades no financieras, inmueble comercial (CRE)",3.4180,pct_cartera,2025-Q3,"EBA, Risk Dashboard (anexo de datos)",https://www.eba.europa.eu/risk-and-data-analysis/risk-analysis/risk-monitoring/risk-dashboard,2026-09-16,,,n/a,ratio,media_ponderada_volumen,"hoja Loans_4, T22_6; muestra de bancos del EBA"
Paises Bajos,inmueble_comercial_garantia_hipotecaria,"Ratio de NPL | Sociedades no financieras, inmueble comercial (CRE)",3.1203,pct_cartera,2025-Q4,"EBA, Risk Dashboard (anexo de datos)",https://www.eba.europa.eu/risk-and-data-analysis/risk-analysis/risk-monitoring/risk-dashboard,2026-09-16,,,n/a,ratio,media_ponderada_volumen,"hoja Loans_4, T22_6; muestra de bancos del EBA"
Paises Bajos,inmueble_comercial_garantia_hipotecaria,"Ratio de NPL | Sociedades no financieras, inmueble comercial (CRE)",3.0605,pct_cartera,2026-Q1,"EBA, Risk Dashboard (anexo de datos)",https://www.eba.europa.eu/risk-and-data-analysis/risk-analysis/risk-monitoring/risk-dashboard,2026-09-16,,,n/a,ratio,media_ponderada_volumen,"hoja Loans_4, T22_6; muestra de bancos del EBA"
Portugal,inmueble_comercial_garantia_hipotecaria,"Ratio de NPL | Sociedades no financieras, inmueble comercial (CRE)",8.4186,pct_cartera,2024-Q1,"EBA, Risk Dashboard (anexo de datos)",https://www.eba.europa.eu/risk-and-data-analysis/risk-analysis/risk-monitoring/risk-dashboard,2026-09-16,,,n/a,ratio,media_ponderada_volumen,"hoja Loans_4, T22_6; muestra de bancos del EBA"
Portugal,inmueble_comercial_garantia_hipotecaria,"Ratio de NPL | Sociedades no financieras, inmueble comercial (CRE)",7.8500,pct_cartera,2024-Q2,"EBA, Risk Dashboard (anexo de datos)",https://www.eba.europa.eu/risk-and-data-analysis/risk-analysis/risk-monitoring/risk-dashboard,2026-09-16,,,n/a,ratio,media_ponderada_volumen,"hoja Loans_4, T22_6; muestra de bancos del EBA"
Portugal,inmueble_comercial_garantia_hipotecaria,"Ratio de NPL | Sociedades no financieras, inmueble comercial (CRE)",7.3779,pct_cartera,2024-Q3,"EBA, Risk Dashboard (anexo de datos)",https://www.eba.europa.eu/risk-and-data-analysis/risk-analysis/risk-monitoring/risk-dashboard,2026-09-16,,,n/a,ratio,media_ponderada_volumen,"hoja Loans_4, T22_6; muestra de bancos del EBA"
Portugal,inmueble_comercial_garantia_hipotecaria,"Ratio de NPL | Sociedades no financieras, inmueble comercial (CRE)",6.6791,pct_cartera,2024-Q4,"EBA, Risk Dashboard (anexo de datos)",https://www.eba.europa.eu/risk-and-data-analysis/risk-analysis/risk-monitoring/risk-dashboard,2026-09-16,,,n/a,ratio,media_ponderada_volumen,"hoja Loans_4, T22_6; muestra de bancos del EBA"
Portugal,inmueble_comercial_garantia_hipotecaria,"Ratio de NPL | Sociedades no financieras, inmueble comercial (CRE)",5.2288,pct_cartera,2025-Q1,"EBA, Risk Dashboard (anexo de datos)",https://www.eba.europa.eu/risk-and-data-analysis/risk-analysis/risk-monitoring/risk-dashboard,2026-09-16,,,n/a,ratio,media_ponderada_volumen,"hoja Loans_4, T22_6; muestra de bancos del EBA"
Portugal,inmueble_comercial_garantia_hipotecaria,"Ratio de NPL | Sociedades no financieras, inmueble comercial (CRE)",5.3564,pct_cartera,2025-Q2,"EBA, Risk Dashboard (anexo de datos)",https://www.eba.europa.eu/risk-and-data-analysis/risk-analysis/risk-monitoring/risk-dashboard,2026-09-16,,,n/a,ratio,media_ponderada_volumen,"hoja Loans_4, T22_6; muestra de bancos del EBA"
Portugal,inmueble_comercial_garantia_hipotecaria,"Ratio de NPL | Sociedades no financieras, inmueble comercial (CRE)",4.7507,pct_cartera,2025-Q3,"EBA, Risk Dashboard (anexo de datos)",https://www.eba.europa.eu/risk-and-data-analysis/risk-analysis/risk-monitoring/risk-dashboard,2026-09-16,,,n/a,ratio,media_ponderada_volumen,"hoja Loans_4, T22_6; muestra de bancos del EBA"
Portugal,inmueble_comercial_garantia_hipotecaria,"Ratio de NPL | Sociedades no financieras, inmueble comercial (CRE)",4.1859,pct_cartera,2025-Q4,"EBA, Risk Dashboard (anexo de datos)",https://www.eba.europa.eu/risk-and-data-analysis/risk-analysis/risk-monitoring/risk-dashboard,2026-09-16,,,n/a,ratio,media_ponderada_volumen,"hoja Loans_4, T22_6; muestra de bancos del EBA"
Portugal,inmueble_comercial_garantia_hipotecaria,"Ratio de NPL | Sociedades no financieras, inmueble comercial (CRE)",3.8255,pct_cartera,2026-Q1,"EBA, Risk Dashboard (anexo de datos)",https://www.eba.europa.eu/risk-and-data-analysis/risk-analysis/risk-monitoring/risk-dashboard,2026-09-16,,,n/a,ratio,media_ponderada_volumen,"hoja Loans_4, T22_6; muestra de bancos del EBA"
Alemania,inmueble_comercial_garantia_hipotecaria,"Ratio de cobertura | Sociedades no financieras, inmueble comercial (CRE)",23.4861,pct_cartera,2024-Q1,"EBA, Risk Dashboard (anexo de datos)",https://www.eba.europa.eu/risk-and-data-analysis/risk-analysis/risk-monitoring/risk-dashboard,2026-09-16,,,n/a,ratio,media_ponderada_volumen,"hoja Loans_3, T23_6; muestra de bancos del EBA"
Alemania,inmueble_comercial_garantia_hipotecaria,"Ratio de cobertura | Sociedades no financieras, inmueble comercial (CRE)",24.0240,pct_cartera,2024-Q2,"EBA, Risk Dashboard (anexo de datos)",https://www.eba.europa.eu/risk-and-data-analysis/risk-analysis/risk-monitoring/risk-dashboard,2026-09-16,,,n/a,ratio,media_ponderada_volumen,"hoja Loans_3, T23_6; muestra de bancos del EBA"
Alemania,inmueble_comercial_garantia_hipotecaria,"Ratio de cobertura | Sociedades no financieras, inmueble comercial (CRE)",24.6784,pct_cartera,2024-Q3,"EBA, Risk Dashboard (anexo de datos)",https://www.eba.europa.eu/risk-and-data-analysis/risk-analysis/risk-monitoring/risk-dashboard,2026-09-16,,,n/a,ratio,media_ponderada_volumen,"hoja Loans_3, T23_6; muestra de bancos del EBA"
Alemania,inmueble_comercial_garantia_hipotecaria,"Ratio de cobertura | Sociedades no financieras, inmueble comercial (CRE)",24.3027,pct_cartera,2024-Q4,"EBA, Risk Dashboard (anexo de datos)",https://www.eba.europa.eu/risk-and-data-analysis/risk-analysis/risk-monitoring/risk-dashboard,2026-09-16,,,n/a,ratio,media_ponderada_volumen,"hoja Loans_3, T23_6; muestra de bancos del EBA"
Alemania,inmueble_comercial_garantia_hipotecaria,"Ratio de cobertura | Sociedades no financieras, inmueble comercial (CRE)",25.7201,pct_cartera,2025-Q1,"EBA, Risk Dashboard (anexo de datos)",https://www.eba.europa.eu/risk-and-data-analysis/risk-analysis/risk-monitoring/risk-dashboard,2026-09-16,,,n/a,ratio,media_ponderada_volumen,"hoja Loans_3, T23_6; muestra de bancos del EBA"
Alemania,inmueble_comercial_garantia_hipotecaria,"Ratio de cobertura | Sociedades no financieras, inmueble comercial (CRE)",27.0363,pct_cartera,2025-Q2,"EBA, Risk Dashboard (anexo de datos)",https://www.eba.europa.eu/risk-and-data-analysis/risk-analysis/risk-monitoring/risk-dashboard,2026-09-16,,,n/a,ratio,media_ponderada_volumen,"hoja Loans_3, T23_6; muestra de bancos del EBA"
Alemania,inmueble_comercial_garantia_hipotecaria,"Ratio de cobertura | Sociedades no financieras, inmueble comercial (CRE)",26.6095,pct_cartera,2025-Q3,"EBA, Risk Dashboard (anexo de datos)",https://www.eba.europa.eu/risk-and-data-analysis/risk-analysis/risk-monitoring/risk-dashboard,2026-09-16,,,n/a,ratio,media_ponderada_volumen,"hoja Loans_3, T23_6; muestra de bancos del EBA"
Alemania,inmueble_comercial_garantia_hipotecaria,"Ratio de cobertura | Sociedades no financieras, inmueble comercial (CRE)",26.7881,pct_cartera,2025-Q4,"EBA, Risk Dashboard (anexo de datos)",https://www.eba.europa.eu/risk-and-data-analysis/risk-analysis/risk-monitoring/risk-dashboard,2026-09-16,,,n/a,ratio,media_ponderada_volumen,"hoja Loans_3, T23_6; muestra de bancos del EBA"
Alemania,inmueble_comercial_garantia_hipotecaria,"Ratio de cobertura | Sociedades no financieras, inmueble comercial (CRE)",25.8712,pct_cartera,2026-Q1,"EBA, Risk Dashboard (anexo de datos)",https://www.eba.europa.eu/risk-and-data-analysis/risk-analysis/risk-monitoring/risk-dashboard,2026-09-16,,,n/a,ratio,media_ponderada_volumen,"hoja Loans_3, T23_6; muestra de bancos del EBA"
Espana,inmueble_comercial_garantia_hipotecaria,"Ratio de cobertura | Sociedades no financieras, inmueble comercial (CRE)",39.8464,pct_cartera,2024-Q1,"EBA, Risk Dashboard (anexo de datos)",https://www.eba.europa.eu/risk-and-data-analysis/risk-analysis/risk-monitoring/risk-dashboard,2026-09-16,,,n/a,ratio,media_ponderada_volumen,"hoja Loans_3, T23_6; muestra de bancos del EBA"
Espana,inmueble_comercial_garantia_hipotecaria,"Ratio de cobertura | Sociedades no financieras, inmueble comercial (CRE)",41.6231,pct_cartera,2024-Q2,"EBA, Risk Dashboard (anexo de datos)",https://www.eba.europa.eu/risk-and-data-analysis/risk-analysis/risk-monitoring/risk-dashboard,2026-09-16,,,n/a,ratio,media_ponderada_volumen,"hoja Loans_3, T23_6; muestra de bancos del EBA"
Espana,inmueble_comercial_garantia_hipotecaria,"Ratio de cobertura | Sociedades no financieras, inmueble comercial (CRE)",41.3245,pct_cartera,2024-Q3,"EBA, Risk Dashboard (anexo de datos)",https://www.eba.europa.eu/risk-and-data-analysis/risk-analysis/risk-monitoring/risk-dashboard,2026-09-16,,,n/a,ratio,media_ponderada_volumen,"hoja Loans_3, T23_6; muestra de bancos del EBA"
Espana,inmueble_comercial_garantia_hipotecaria,"Ratio de cobertura | Sociedades no financieras, inmueble comercial (CRE)",44.7705,pct_cartera,2024-Q4,"EBA, Risk Dashboard (anexo de datos)",https://www.eba.europa.eu/risk-and-data-analysis/risk-analysis/risk-monitoring/risk-dashboard,2026-09-16,,,n/a,ratio,media_ponderada_volumen,"hoja Loans_3, T23_6; muestra de bancos del EBA"
Espana,inmueble_comercial_garantia_hipotecaria,"Ratio de cobertura | Sociedades no financieras, inmueble comercial (CRE)",43.5221,pct_cartera,2025-Q1,"EBA, Risk Dashboard (anexo de datos)",https://www.eba.europa.eu/risk-and-data-analysis/risk-analysis/risk-monitoring/risk-dashboard,2026-09-16,,,n/a,ratio,media_ponderada_volumen,"hoja Loans_3, T23_6; muestra de bancos del EBA"
Espana,inmueble_comercial_garantia_hipotecaria,"Ratio de cobertura | Sociedades no financieras, inmueble comercial (CRE)",47.3127,pct_cartera,2025-Q2,"EBA, Risk Dashboard (anexo de datos)",https://www.eba.europa.eu/risk-and-data-analysis/risk-analysis/risk-monitoring/risk-dashboard,2026-09-16,,,n/a,ratio,media_ponderada_volumen,"hoja Loans_3, T23_6; muestra de bancos del EBA"
Espana,inmueble_comercial_garantia_hipotecaria,"Ratio de cobertura | Sociedades no financieras, inmueble comercial (CRE)",43.4502,pct_cartera,2025-Q3,"EBA, Risk Dashboard (anexo de datos)",https://www.eba.europa.eu/risk-and-data-analysis/risk-analysis/risk-monitoring/risk-dashboard,2026-09-16,,,n/a,ratio,media_ponderada_volumen,"hoja Loans_3, T23_6; muestra de bancos del EBA"
Espana,inmueble_comercial_garantia_hipotecaria,"Ratio de cobertura | Sociedades no financieras, inmueble comercial (CRE)",42.5328,pct_cartera,2025-Q4,"EBA, Risk Dashboard (anexo de datos)",https://www.eba.europa.eu/risk-and-data-analysis/risk-analysis/risk-monitoring/risk-dashboard,2026-09-16,,,n/a,ratio,media_ponderada_volumen,"hoja Loans_3, T23_6; muestra de bancos del EBA"
Espana,inmueble_comercial_garantia_hipotecaria,"Ratio de cobertura | Sociedades no financieras, inmueble comercial (CRE)",42.7203,pct_cartera,2026-Q1,"EBA, Risk Dashboard (anexo de datos)",https://www.eba.europa.eu/risk-and-data-analysis/risk-analysis/risk-monitoring/risk-dashboard,2026-09-16,,,n/a,ratio,media_ponderada_volumen,"hoja Loans_3, T23_6; muestra de bancos del EBA"
Union Europea,inmueble_comercial_garantia_hipotecaria,"Ratio de cobertura | Sociedades no financieras, inmueble comercial (CRE)",32.2930,pct_cartera,2024-Q1,"EBA, Risk Dashboard (anexo de datos)",https://www.eba.europa.eu/risk-and-data-analysis/risk-analysis/risk-monitoring/risk-dashboard,2026-09-16,,,n/a,ratio,media_ponderada_volumen,"hoja Loans_3, T23_6; muestra de bancos del EBA"
Union Europea,inmueble_comercial_garantia_hipotecaria,"Ratio de cobertura | Sociedades no financieras, inmueble comercial (CRE)",32.0462,pct_cartera,2024-Q2,"EBA, Risk Dashboard (anexo de datos)",https://www.eba.europa.eu/risk-and-data-analysis/risk-analysis/risk-monitoring/risk-dashboard,2026-09-16,,,n/a,ratio,media_ponderada_volumen,"hoja Loans_3, T23_6; muestra de bancos del EBA"
Union Europea,inmueble_comercial_garantia_hipotecaria,"Ratio de cobertura | Sociedades no financieras, inmueble comercial (CRE)",32.2954,pct_cartera,2024-Q3,"EBA, Risk Dashboard (anexo de datos)",https://www.eba.europa.eu/risk-and-data-analysis/risk-analysis/risk-monitoring/risk-dashboard,2026-09-16,,,n/a,ratio,media_ponderada_volumen,"hoja Loans_3, T23_6; muestra de bancos del EBA"
Union Europea,inmueble_comercial_garantia_hipotecaria,"Ratio de cobertura | Sociedades no financieras, inmueble comercial (CRE)",31.6954,pct_cartera,2024-Q4,"EBA, Risk Dashboard (anexo de datos)",https://www.eba.europa.eu/risk-and-data-analysis/risk-analysis/risk-monitoring/risk-dashboard,2026-09-16,,,n/a,ratio,media_ponderada_volumen,"hoja Loans_3, T23_6; muestra de bancos del EBA"
Union Europea,inmueble_comercial_garantia_hipotecaria,"Ratio de cobertura | Sociedades no financieras, inmueble comercial (CRE)",31.6954,pct_cartera,2025-Q1,"EBA, Risk Dashboard (anexo de datos)",https://www.eba.europa.eu/risk-and-data-analysis/risk-analysis/risk-monitoring/risk-dashboard,2026-09-16,,,n/a,ratio,media_ponderada_volumen,"hoja Loans_3, T23_6; muestra de bancos del EBA"
Union Europea,inmueble_comercial_garantia_hipotecaria,"Ratio de cobertura | Sociedades no financieras, inmueble comercial (CRE)",32.4934,pct_cartera,2025-Q2,"EBA, Risk Dashboard (anexo de datos)",https://www.eba.europa.eu/risk-and-data-analysis/risk-analysis/risk-monitoring/risk-dashboard,2026-09-16,,,n/a,ratio,media_ponderada_volumen,"hoja Loans_3, T23_6; muestra de bancos del EBA"
Union Europea,inmueble_comercial_garantia_hipotecaria,"Ratio de cobertura | Sociedades no financieras, inmueble comercial (CRE)",31.8077,pct_cartera,2025-Q3,"EBA, Risk Dashboard (anexo de datos)",https://www.eba.europa.eu/risk-and-data-analysis/risk-analysis/risk-monitoring/risk-dashboard,2026-09-16,,,n/a,ratio,media_ponderada_volumen,"hoja Loans_3, T23_6; muestra de bancos del EBA"
Union Europea,inmueble_comercial_garantia_hipotecaria,"Ratio de cobertura | Sociedades no financieras, inmueble comercial (CRE)",31.3915,pct_cartera,2025-Q4,"EBA, Risk Dashboard (anexo de datos)",https://www.eba.europa.eu/risk-and-data-analysis/risk-analysis/risk-monitoring/risk-dashboard,2026-09-16,,,n/a,ratio,media_ponderada_volumen,"hoja Loans_3, T23_6; muestra de bancos del EBA"
Union Europea,inmueble_comercial_garantia_hipotecaria,"Ratio de cobertura | Sociedades no financieras, inmueble comercial (CRE)",30.4516,pct_cartera,2026-Q1,"EBA, Risk Dashboard (anexo de datos)",https://www.eba.europa.eu/risk-and-data-analysis/risk-analysis/risk-monitoring/risk-dashboard,2026-09-16,,,n/a,ratio,media_ponderada_volumen,"hoja Loans_3, T23_6; muestra de bancos del EBA"
Francia,inmueble_comercial_garantia_hipotecaria,"Ratio de cobertura | Sociedades no financieras, inmueble comercial (CRE)",29.8021,pct_cartera,2024-Q1,"EBA, Risk Dashboard (anexo de datos)",https://www.eba.europa.eu/risk-and-data-analysis/risk-analysis/risk-monitoring/risk-dashboard,2026-09-16,,,n/a,ratio,media_ponderada_volumen,"hoja Loans_3, T23_6; muestra de bancos del EBA"
Francia,inmueble_comercial_garantia_hipotecaria,"Ratio de cobertura | Sociedades no financieras, inmueble comercial (CRE)",29.0541,pct_cartera,2024-Q2,"EBA, Risk Dashboard (anexo de datos)",https://www.eba.europa.eu/risk-and-data-analysis/risk-analysis/risk-monitoring/risk-dashboard,2026-09-16,,,n/a,ratio,media_ponderada_volumen,"hoja Loans_3, T23_6; muestra de bancos del EBA"
Francia,inmueble_comercial_garantia_hipotecaria,"Ratio de cobertura | Sociedades no financieras, inmueble comercial (CRE)",28.9780,pct_cartera,2024-Q3,"EBA, Risk Dashboard (anexo de datos)",https://www.eba.europa.eu/risk-and-data-analysis/risk-analysis/risk-monitoring/risk-dashboard,2026-09-16,,,n/a,ratio,media_ponderada_volumen,"hoja Loans_3, T23_6; muestra de bancos del EBA"
Francia,inmueble_comercial_garantia_hipotecaria,"Ratio de cobertura | Sociedades no financieras, inmueble comercial (CRE)",28.6389,pct_cartera,2024-Q4,"EBA, Risk Dashboard (anexo de datos)",https://www.eba.europa.eu/risk-and-data-analysis/risk-analysis/risk-monitoring/risk-dashboard,2026-09-16,,,n/a,ratio,media_ponderada_volumen,"hoja Loans_3, T23_6; muestra de bancos del EBA"
Francia,inmueble_comercial_garantia_hipotecaria,"Ratio de cobertura | Sociedades no financieras, inmueble comercial (CRE)",28.0972,pct_cartera,2025-Q1,"EBA, Risk Dashboard (anexo de datos)",https://www.eba.europa.eu/risk-and-data-analysis/risk-analysis/risk-monitoring/risk-dashboard,2026-09-16,,,n/a,ratio,media_ponderada_volumen,"hoja Loans_3, T23_6; muestra de bancos del EBA"
Francia,inmueble_comercial_garantia_hipotecaria,"Ratio de cobertura | Sociedades no financieras, inmueble comercial (CRE)",28.6236,pct_cartera,2025-Q2,"EBA, Risk Dashboard (anexo de datos)",https://www.eba.europa.eu/risk-and-data-analysis/risk-analysis/risk-monitoring/risk-dashboard,2026-09-16,,,n/a,ratio,media_ponderada_volumen,"hoja Loans_3, T23_6; muestra de bancos del EBA"
Francia,inmueble_comercial_garantia_hipotecaria,"Ratio de cobertura | Sociedades no financieras, inmueble comercial (CRE)",27.9504,pct_cartera,2025-Q3,"EBA, Risk Dashboard (anexo de datos)",https://www.eba.europa.eu/risk-and-data-analysis/risk-analysis/risk-monitoring/risk-dashboard,2026-09-16,,,n/a,ratio,media_ponderada_volumen,"hoja Loans_3, T23_6; muestra de bancos del EBA"
Francia,inmueble_comercial_garantia_hipotecaria,"Ratio de cobertura | Sociedades no financieras, inmueble comercial (CRE)",28.8205,pct_cartera,2025-Q4,"EBA, Risk Dashboard (anexo de datos)",https://www.eba.europa.eu/risk-and-data-analysis/risk-analysis/risk-monitoring/risk-dashboard,2026-09-16,,,n/a,ratio,media_ponderada_volumen,"hoja Loans_3, T23_6; muestra de bancos del EBA"
Francia,inmueble_comercial_garantia_hipotecaria,"Ratio de cobertura | Sociedades no financieras, inmueble comercial (CRE)",27.9854,pct_cartera,2026-Q1,"EBA, Risk Dashboard (anexo de datos)",https://www.eba.europa.eu/risk-and-data-analysis/risk-analysis/risk-monitoring/risk-dashboard,2026-09-16,,,n/a,ratio,media_ponderada_volumen,"hoja Loans_3, T23_6; muestra de bancos del EBA"
Irlanda,inmueble_comercial_garantia_hipotecaria,"Ratio de cobertura | Sociedades no financieras, inmueble comercial (CRE)",23.1825,pct_cartera,2024-Q1,"EBA, Risk Dashboard (anexo de datos)",https://www.eba.europa.eu/risk-and-data-analysis/risk-analysis/risk-monitoring/risk-dashboard,2026-09-16,,,n/a,ratio,media_ponderada_volumen,"hoja Loans_3, T23_6; muestra de bancos del EBA"
Irlanda,inmueble_comercial_garantia_hipotecaria,"Ratio de cobertura | Sociedades no financieras, inmueble comercial (CRE)",26.3615,pct_cartera,2024-Q2,"EBA, Risk Dashboard (anexo de datos)",https://www.eba.europa.eu/risk-and-data-analysis/risk-analysis/risk-monitoring/risk-dashboard,2026-09-16,,,n/a,ratio,media_ponderada_volumen,"hoja Loans_3, T23_6; muestra de bancos del EBA"
Irlanda,inmueble_comercial_garantia_hipotecaria,"Ratio de cobertura | Sociedades no financieras, inmueble comercial (CRE)",27.8057,pct_cartera,2024-Q3,"EBA, Risk Dashboard (anexo de datos)",https://www.eba.europa.eu/risk-and-data-analysis/risk-analysis/risk-monitoring/risk-dashboard,2026-09-16,,,n/a,ratio,media_ponderada_volumen,"hoja Loans_3, T23_6; muestra de bancos del EBA"
Irlanda,inmueble_comercial_garantia_hipotecaria,"Ratio de cobertura | Sociedades no financieras, inmueble comercial (CRE)",29.5833,pct_cartera,2024-Q4,"EBA, Risk Dashboard (anexo de datos)",https://www.eba.europa.eu/risk-and-data-analysis/risk-analysis/risk-monitoring/risk-dashboard,2026-09-16,,,n/a,ratio,media_ponderada_volumen,"hoja Loans_3, T23_6; muestra de bancos del EBA"
Irlanda,inmueble_comercial_garantia_hipotecaria,"Ratio de cobertura | Sociedades no financieras, inmueble comercial (CRE)",26.9009,pct_cartera,2025-Q1,"EBA, Risk Dashboard (anexo de datos)",https://www.eba.europa.eu/risk-and-data-analysis/risk-analysis/risk-monitoring/risk-dashboard,2026-09-16,,,n/a,ratio,media_ponderada_volumen,"hoja Loans_3, T23_6; muestra de bancos del EBA"
Irlanda,inmueble_comercial_garantia_hipotecaria,"Ratio de cobertura | Sociedades no financieras, inmueble comercial (CRE)",29.5429,pct_cartera,2025-Q2,"EBA, Risk Dashboard (anexo de datos)",https://www.eba.europa.eu/risk-and-data-analysis/risk-analysis/risk-monitoring/risk-dashboard,2026-09-16,,,n/a,ratio,media_ponderada_volumen,"hoja Loans_3, T23_6; muestra de bancos del EBA"
Irlanda,inmueble_comercial_garantia_hipotecaria,"Ratio de cobertura | Sociedades no financieras, inmueble comercial (CRE)",28.8635,pct_cartera,2025-Q3,"EBA, Risk Dashboard (anexo de datos)",https://www.eba.europa.eu/risk-and-data-analysis/risk-analysis/risk-monitoring/risk-dashboard,2026-09-16,,,n/a,ratio,media_ponderada_volumen,"hoja Loans_3, T23_6; muestra de bancos del EBA"
Irlanda,inmueble_comercial_garantia_hipotecaria,"Ratio de cobertura | Sociedades no financieras, inmueble comercial (CRE)",27.8048,pct_cartera,2025-Q4,"EBA, Risk Dashboard (anexo de datos)",https://www.eba.europa.eu/risk-and-data-analysis/risk-analysis/risk-monitoring/risk-dashboard,2026-09-16,,,n/a,ratio,media_ponderada_volumen,"hoja Loans_3, T23_6; muestra de bancos del EBA"
Irlanda,inmueble_comercial_garantia_hipotecaria,"Ratio de cobertura | Sociedades no financieras, inmueble comercial (CRE)",28.6517,pct_cartera,2026-Q1,"EBA, Risk Dashboard (anexo de datos)",https://www.eba.europa.eu/risk-and-data-analysis/risk-analysis/risk-monitoring/risk-dashboard,2026-09-16,,,n/a,ratio,media_ponderada_volumen,"hoja Loans_3, T23_6; muestra de bancos del EBA"
Italia,inmueble_comercial_garantia_hipotecaria,"Ratio de cobertura | Sociedades no financieras, inmueble comercial (CRE)",54.6330,pct_cartera,2024-Q1,"EBA, Risk Dashboard (anexo de datos)",https://www.eba.europa.eu/risk-and-data-analysis/risk-analysis/risk-monitoring/risk-dashboard,2026-09-16,,,n/a,ratio,media_ponderada_volumen,"hoja Loans_3, T23_6; muestra de bancos del EBA"
Italia,inmueble_comercial_garantia_hipotecaria,"Ratio de cobertura | Sociedades no financieras, inmueble comercial (CRE)",55.2333,pct_cartera,2024-Q2,"EBA, Risk Dashboard (anexo de datos)",https://www.eba.europa.eu/risk-and-data-analysis/risk-analysis/risk-monitoring/risk-dashboard,2026-09-16,,,n/a,ratio,media_ponderada_volumen,"hoja Loans_3, T23_6; muestra de bancos del EBA"
Italia,inmueble_comercial_garantia_hipotecaria,"Ratio de cobertura | Sociedades no financieras, inmueble comercial (CRE)",54.9068,pct_cartera,2024-Q3,"EBA, Risk Dashboard (anexo de datos)",https://www.eba.europa.eu/risk-and-data-analysis/risk-analysis/risk-monitoring/risk-dashboard,2026-09-16,,,n/a,ratio,media_ponderada_volumen,"hoja Loans_3, T23_6; muestra de bancos del EBA"
Italia,inmueble_comercial_garantia_hipotecaria,"Ratio de cobertura | Sociedades no financieras, inmueble comercial (CRE)",53.9850,pct_cartera,2024-Q4,"EBA, Risk Dashboard (anexo de datos)",https://www.eba.europa.eu/risk-and-data-analysis/risk-analysis/risk-monitoring/risk-dashboard,2026-09-16,,,n/a,ratio,media_ponderada_volumen,"hoja Loans_3, T23_6; muestra de bancos del EBA"
Italia,inmueble_comercial_garantia_hipotecaria,"Ratio de cobertura | Sociedades no financieras, inmueble comercial (CRE)",54.2190,pct_cartera,2025-Q1,"EBA, Risk Dashboard (anexo de datos)",https://www.eba.europa.eu/risk-and-data-analysis/risk-analysis/risk-monitoring/risk-dashboard,2026-09-16,,,n/a,ratio,media_ponderada_volumen,"hoja Loans_3, T23_6; muestra de bancos del EBA"
Italia,inmueble_comercial_garantia_hipotecaria,"Ratio de cobertura | Sociedades no financieras, inmueble comercial (CRE)",53.4098,pct_cartera,2025-Q2,"EBA, Risk Dashboard (anexo de datos)",https://www.eba.europa.eu/risk-and-data-analysis/risk-analysis/risk-monitoring/risk-dashboard,2026-09-16,,,n/a,ratio,media_ponderada_volumen,"hoja Loans_3, T23_6; muestra de bancos del EBA"
Italia,inmueble_comercial_garantia_hipotecaria,"Ratio de cobertura | Sociedades no financieras, inmueble comercial (CRE)",52.7834,pct_cartera,2025-Q3,"EBA, Risk Dashboard (anexo de datos)",https://www.eba.europa.eu/risk-and-data-analysis/risk-analysis/risk-monitoring/risk-dashboard,2026-09-16,,,n/a,ratio,media_ponderada_volumen,"hoja Loans_3, T23_6; muestra de bancos del EBA"
Italia,inmueble_comercial_garantia_hipotecaria,"Ratio de cobertura | Sociedades no financieras, inmueble comercial (CRE)",52.0075,pct_cartera,2025-Q4,"EBA, Risk Dashboard (anexo de datos)",https://www.eba.europa.eu/risk-and-data-analysis/risk-analysis/risk-monitoring/risk-dashboard,2026-09-16,,,n/a,ratio,media_ponderada_volumen,"hoja Loans_3, T23_6; muestra de bancos del EBA"
Italia,inmueble_comercial_garantia_hipotecaria,"Ratio de cobertura | Sociedades no financieras, inmueble comercial (CRE)",51.2521,pct_cartera,2026-Q1,"EBA, Risk Dashboard (anexo de datos)",https://www.eba.europa.eu/risk-and-data-analysis/risk-analysis/risk-monitoring/risk-dashboard,2026-09-16,,,n/a,ratio,media_ponderada_volumen,"hoja Loans_3, T23_6; muestra de bancos del EBA"
Paises Bajos,inmueble_comercial_garantia_hipotecaria,"Ratio de cobertura | Sociedades no financieras, inmueble comercial (CRE)",17.4913,pct_cartera,2024-Q1,"EBA, Risk Dashboard (anexo de datos)",https://www.eba.europa.eu/risk-and-data-analysis/risk-analysis/risk-monitoring/risk-dashboard,2026-09-16,,,n/a,ratio,media_ponderada_volumen,"hoja Loans_3, T23_6; muestra de bancos del EBA"
Paises Bajos,inmueble_comercial_garantia_hipotecaria,"Ratio de cobertura | Sociedades no financieras, inmueble comercial (CRE)",16.9564,pct_cartera,2024-Q2,"EBA, Risk Dashboard (anexo de datos)",https://www.eba.europa.eu/risk-and-data-analysis/risk-analysis/risk-monitoring/risk-dashboard,2026-09-16,,,n/a,ratio,media_ponderada_volumen,"hoja Loans_3, T23_6; muestra de bancos del EBA"
Paises Bajos,inmueble_comercial_garantia_hipotecaria,"Ratio de cobertura | Sociedades no financieras, inmueble comercial (CRE)",18.4931,pct_cartera,2024-Q3,"EBA, Risk Dashboard (anexo de datos)",https://www.eba.europa.eu/risk-and-data-analysis/risk-analysis/risk-monitoring/risk-dashboard,2026-09-16,,,n/a,ratio,media_ponderada_volumen,"hoja Loans_3, T23_6; muestra de bancos del EBA"
Paises Bajos,inmueble_comercial_garantia_hipotecaria,"Ratio de cobertura | Sociedades no financieras, inmueble comercial (CRE)",16.6559,pct_cartera,2024-Q4,"EBA, Risk Dashboard (anexo de datos)",https://www.eba.europa.eu/risk-and-data-analysis/risk-analysis/risk-monitoring/risk-dashboard,2026-09-16,,,n/a,ratio,media_ponderada_volumen,"hoja Loans_3, T23_6; muestra de bancos del EBA"
Paises Bajos,inmueble_comercial_garantia_hipotecaria,"Ratio de cobertura | Sociedades no financieras, inmueble comercial (CRE)",14.6281,pct_cartera,2025-Q1,"EBA, Risk Dashboard (anexo de datos)",https://www.eba.europa.eu/risk-and-data-analysis/risk-analysis/risk-monitoring/risk-dashboard,2026-09-16,,,n/a,ratio,media_ponderada_volumen,"hoja Loans_3, T23_6; muestra de bancos del EBA"
Paises Bajos,inmueble_comercial_garantia_hipotecaria,"Ratio de cobertura | Sociedades no financieras, inmueble comercial (CRE)",16.8933,pct_cartera,2025-Q2,"EBA, Risk Dashboard (anexo de datos)",https://www.eba.europa.eu/risk-and-data-analysis/risk-analysis/risk-monitoring/risk-dashboard,2026-09-16,,,n/a,ratio,media_ponderada_volumen,"hoja Loans_3, T23_6; muestra de bancos del EBA"
Paises Bajos,inmueble_comercial_garantia_hipotecaria,"Ratio de cobertura | Sociedades no financieras, inmueble comercial (CRE)",17.7514,pct_cartera,2025-Q3,"EBA, Risk Dashboard (anexo de datos)",https://www.eba.europa.eu/risk-and-data-analysis/risk-analysis/risk-monitoring/risk-dashboard,2026-09-16,,,n/a,ratio,media_ponderada_volumen,"hoja Loans_3, T23_6; muestra de bancos del EBA"
Paises Bajos,inmueble_comercial_garantia_hipotecaria,"Ratio de cobertura | Sociedades no financieras, inmueble comercial (CRE)",18.5169,pct_cartera,2025-Q4,"EBA, Risk Dashboard (anexo de datos)",https://www.eba.europa.eu/risk-and-data-analysis/risk-analysis/risk-monitoring/risk-dashboard,2026-09-16,,,n/a,ratio,media_ponderada_volumen,"hoja Loans_3, T23_6; muestra de bancos del EBA"
Paises Bajos,inmueble_comercial_garantia_hipotecaria,"Ratio de cobertura | Sociedades no financieras, inmueble comercial (CRE)",16.8190,pct_cartera,2026-Q1,"EBA, Risk Dashboard (anexo de datos)",https://www.eba.europa.eu/risk-and-data-analysis/risk-analysis/risk-monitoring/risk-dashboard,2026-09-16,,,n/a,ratio,media_ponderada_volumen,"hoja Loans_3, T23_6; muestra de bancos del EBA"
Portugal,inmueble_comercial_garantia_hipotecaria,"Ratio de cobertura | Sociedades no financieras, inmueble comercial (CRE)",59.3264,pct_cartera,2024-Q1,"EBA, Risk Dashboard (anexo de datos)",https://www.eba.europa.eu/risk-and-data-analysis/risk-analysis/risk-monitoring/risk-dashboard,2026-09-16,,,n/a,ratio,media_ponderada_volumen,"hoja Loans_3, T23_6; muestra de bancos del EBA"
Portugal,inmueble_comercial_garantia_hipotecaria,"Ratio de cobertura | Sociedades no financieras, inmueble comercial (CRE)",60.1557,pct_cartera,2024-Q2,"EBA, Risk Dashboard (anexo de datos)",https://www.eba.europa.eu/risk-and-data-analysis/risk-analysis/risk-monitoring/risk-dashboard,2026-09-16,,,n/a,ratio,media_ponderada_volumen,"hoja Loans_3, T23_6; muestra de bancos del EBA"
Portugal,inmueble_comercial_garantia_hipotecaria,"Ratio de cobertura | Sociedades no financieras, inmueble comercial (CRE)",57.9942,pct_cartera,2024-Q3,"EBA, Risk Dashboard (anexo de datos)",https://www.eba.europa.eu/risk-and-data-analysis/risk-analysis/risk-monitoring/risk-dashboard,2026-09-16,,,n/a,ratio,media_ponderada_volumen,"hoja Loans_3, T23_6; muestra de bancos del EBA"
Portugal,inmueble_comercial_garantia_hipotecaria,"Ratio de cobertura | Sociedades no financieras, inmueble comercial (CRE)",62.2749,pct_cartera,2024-Q4,"EBA, Risk Dashboard (anexo de datos)",https://www.eba.europa.eu/risk-and-data-analysis/risk-analysis/risk-monitoring/risk-dashboard,2026-09-16,,,n/a,ratio,media_ponderada_volumen,"hoja Loans_3, T23_6; muestra de bancos del EBA"
Portugal,inmueble_comercial_garantia_hipotecaria,"Ratio de cobertura | Sociedades no financieras, inmueble comercial (CRE)",57.3712,pct_cartera,2025-Q1,"EBA, Risk Dashboard (anexo de datos)",https://www.eba.europa.eu/risk-and-data-analysis/risk-analysis/risk-monitoring/risk-dashboard,2026-09-16,,,n/a,ratio,media_ponderada_volumen,"hoja Loans_3, T23_6; muestra de bancos del EBA"
Portugal,inmueble_comercial_garantia_hipotecaria,"Ratio de cobertura | Sociedades no financieras, inmueble comercial (CRE)",61.0020,pct_cartera,2025-Q2,"EBA, Risk Dashboard (anexo de datos)",https://www.eba.europa.eu/risk-and-data-analysis/risk-analysis/risk-monitoring/risk-dashboard,2026-09-16,,,n/a,ratio,media_ponderada_volumen,"hoja Loans_3, T23_6; muestra de bancos del EBA"
Portugal,inmueble_comercial_garantia_hipotecaria,"Ratio de cobertura | Sociedades no financieras, inmueble comercial (CRE)",59.7012,pct_cartera,2025-Q3,"EBA, Risk Dashboard (anexo de datos)",https://www.eba.europa.eu/risk-and-data-analysis/risk-analysis/risk-monitoring/risk-dashboard,2026-09-16,,,n/a,ratio,media_ponderada_volumen,"hoja Loans_3, T23_6; muestra de bancos del EBA"
Portugal,inmueble_comercial_garantia_hipotecaria,"Ratio de cobertura | Sociedades no financieras, inmueble comercial (CRE)",59.4653,pct_cartera,2025-Q4,"EBA, Risk Dashboard (anexo de datos)",https://www.eba.europa.eu/risk-and-data-analysis/risk-analysis/risk-monitoring/risk-dashboard,2026-09-16,,,n/a,ratio,media_ponderada_volumen,"hoja Loans_3, T23_6; muestra de bancos del EBA"
Portugal,inmueble_comercial_garantia_hipotecaria,"Ratio de cobertura | Sociedades no financieras, inmueble comercial (CRE)",59.8223,pct_cartera,2026-Q1,"EBA, Risk Dashboard (anexo de datos)",https://www.eba.europa.eu/risk-and-data-analysis/risk-analysis/risk-monitoring/risk-dashboard,2026-09-16,,,n/a,ratio,media_ponderada_volumen,"hoja Loans_3, T23_6; muestra de bancos del EBA"
Alemania,inmueble_comercial_garantia_hipotecaria,Saldo bruto | Actividades inmobiliarias (NACE L),199.1029,eur_miles_millones,2024-Q1,"EBA, Risk Dashboard (anexo de datos)",https://www.eba.europa.eu/risk-and-data-analysis/risk-analysis/risk-monitoring/risk-dashboard,2026-09-16,,,n/a,importe,media_ponderada_volumen,por pais de la contraparte; muestra de bancos del EBA
Alemania,inmueble_comercial_garantia_hipotecaria,Ratio de NPL | Actividades inmobiliarias (NACE L),2.3636,pct_cartera,2024-Q1,"EBA, Risk Dashboard (anexo de datos)",https://www.eba.europa.eu/risk-and-data-analysis/risk-analysis/risk-monitoring/risk-dashboard,2026-09-16,,,n/a,ratio,media_ponderada_volumen,por pais de la contraparte; muestra de bancos del EBA
Alemania,inmueble_comercial_garantia_hipotecaria,Saldo bruto | Construccion (NACE F),17.2399,eur_miles_millones,2024-Q1,"EBA, Risk Dashboard (anexo de datos)",https://www.eba.europa.eu/risk-and-data-analysis/risk-analysis/risk-monitoring/risk-dashboard,2026-09-16,,,n/a,importe,media_ponderada_volumen,por pais de la contraparte; muestra de bancos del EBA
Alemania,inmueble_comercial_garantia_hipotecaria,Ratio de NPL | Construccion (NACE F),5.9354,pct_cartera,2024-Q1,"EBA, Risk Dashboard (anexo de datos)",https://www.eba.europa.eu/risk-and-data-analysis/risk-analysis/risk-monitoring/risk-dashboard,2026-09-16,,,n/a,ratio,media_ponderada_volumen,por pais de la contraparte; muestra de bancos del EBA
Alemania,inmueble_comercial_garantia_hipotecaria,Saldo bruto | Actividades inmobiliarias (NACE L),199.9387,eur_miles_millones,2024-Q2,"EBA, Risk Dashboard (anexo de datos)",https://www.eba.europa.eu/risk-and-data-analysis/risk-analysis/risk-monitoring/risk-dashboard,2026-09-16,,,n/a,importe,media_ponderada_volumen,por pais de la contraparte; muestra de bancos del EBA
Alemania,inmueble_comercial_garantia_hipotecaria,Ratio de NPL | Actividades inmobiliarias (NACE L),2.4707,pct_cartera,2024-Q2,"EBA, Risk Dashboard (anexo de datos)",https://www.eba.europa.eu/risk-and-data-analysis/risk-analysis/risk-monitoring/risk-dashboard,2026-09-16,,,n/a,ratio,media_ponderada_volumen,por pais de la contraparte; muestra de bancos del EBA
Alemania,inmueble_comercial_garantia_hipotecaria,Saldo bruto | Construccion (NACE F),17.3564,eur_miles_millones,2024-Q2,"EBA, Risk Dashboard (anexo de datos)",https://www.eba.europa.eu/risk-and-data-analysis/risk-analysis/risk-monitoring/risk-dashboard,2026-09-16,,,n/a,importe,media_ponderada_volumen,por pais de la contraparte; muestra de bancos del EBA
Alemania,inmueble_comercial_garantia_hipotecaria,Ratio de NPL | Construccion (NACE F),5.9954,pct_cartera,2024-Q2,"EBA, Risk Dashboard (anexo de datos)",https://www.eba.europa.eu/risk-and-data-analysis/risk-analysis/risk-monitoring/risk-dashboard,2026-09-16,,,n/a,ratio,media_ponderada_volumen,por pais de la contraparte; muestra de bancos del EBA
Alemania,inmueble_comercial_garantia_hipotecaria,Saldo bruto | Actividades inmobiliarias (NACE L),194.8704,eur_miles_millones,2024-Q3,"EBA, Risk Dashboard (anexo de datos)",https://www.eba.europa.eu/risk-and-data-analysis/risk-analysis/risk-monitoring/risk-dashboard,2026-09-16,,,n/a,importe,media_ponderada_volumen,por pais de la contraparte; muestra de bancos del EBA
Alemania,inmueble_comercial_garantia_hipotecaria,Ratio de NPL | Actividades inmobiliarias (NACE L),2.5981,pct_cartera,2024-Q3,"EBA, Risk Dashboard (anexo de datos)",https://www.eba.europa.eu/risk-and-data-analysis/risk-analysis/risk-monitoring/risk-dashboard,2026-09-16,,,n/a,ratio,media_ponderada_volumen,por pais de la contraparte; muestra de bancos del EBA
Alemania,inmueble_comercial_garantia_hipotecaria,Saldo bruto | Construccion (NACE F),17.2665,eur_miles_millones,2024-Q3,"EBA, Risk Dashboard (anexo de datos)",https://www.eba.europa.eu/risk-and-data-analysis/risk-analysis/risk-monitoring/risk-dashboard,2026-09-16,,,n/a,importe,media_ponderada_volumen,por pais de la contraparte; muestra de bancos del EBA
Alemania,inmueble_comercial_garantia_hipotecaria,Ratio de NPL | Construccion (NACE F),6.8656,pct_cartera,2024-Q3,"EBA, Risk Dashboard (anexo de datos)",https://www.eba.europa.eu/risk-and-data-analysis/risk-analysis/risk-monitoring/risk-dashboard,2026-09-16,,,n/a,ratio,media_ponderada_volumen,por pais de la contraparte; muestra de bancos del EBA
Alemania,inmueble_comercial_garantia_hipotecaria,Saldo bruto | Actividades inmobiliarias (NACE L),192.1838,eur_miles_millones,2024-Q4,"EBA, Risk Dashboard (anexo de datos)",https://www.eba.europa.eu/risk-and-data-analysis/risk-analysis/risk-monitoring/risk-dashboard,2026-09-16,,,n/a,importe,media_ponderada_volumen,por pais de la contraparte; muestra de bancos del EBA
Alemania,inmueble_comercial_garantia_hipotecaria,Ratio de NPL | Actividades inmobiliarias (NACE L),2.9771,pct_cartera,2024-Q4,"EBA, Risk Dashboard (anexo de datos)",https://www.eba.europa.eu/risk-and-data-analysis/risk-analysis/risk-monitoring/risk-dashboard,2026-09-16,,,n/a,ratio,media_ponderada_volumen,por pais de la contraparte; muestra de bancos del EBA
Alemania,inmueble_comercial_garantia_hipotecaria,Saldo bruto | Construccion (NACE F),16.2530,eur_miles_millones,2024-Q4,"EBA, Risk Dashboard (anexo de datos)",https://www.eba.europa.eu/risk-and-data-analysis/risk-analysis/risk-monitoring/risk-dashboard,2026-09-16,,,n/a,importe,media_ponderada_volumen,por pais de la contraparte; muestra de bancos del EBA
Alemania,inmueble_comercial_garantia_hipotecaria,Ratio de NPL | Construccion (NACE F),8.4155,pct_cartera,2024-Q4,"EBA, Risk Dashboard (anexo de datos)",https://www.eba.europa.eu/risk-and-data-analysis/risk-analysis/risk-monitoring/risk-dashboard,2026-09-16,,,n/a,ratio,media_ponderada_volumen,por pais de la contraparte; muestra de bancos del EBA
Alemania,inmueble_comercial_garantia_hipotecaria,Saldo bruto | Actividades inmobiliarias (NACE L),192.2838,eur_miles_millones,2025-Q1,"EBA, Risk Dashboard (anexo de datos)",https://www.eba.europa.eu/risk-and-data-analysis/risk-analysis/risk-monitoring/risk-dashboard,2026-09-16,,,n/a,importe,media_ponderada_volumen,por pais de la contraparte; muestra de bancos del EBA
Alemania,inmueble_comercial_garantia_hipotecaria,Ratio de NPL | Actividades inmobiliarias (NACE L),2.8468,pct_cartera,2025-Q1,"EBA, Risk Dashboard (anexo de datos)",https://www.eba.europa.eu/risk-and-data-analysis/risk-analysis/risk-monitoring/risk-dashboard,2026-09-16,,,n/a,ratio,media_ponderada_volumen,por pais de la contraparte; muestra de bancos del EBA
Alemania,inmueble_comercial_garantia_hipotecaria,Saldo bruto | Construccion (NACE F),16.5216,eur_miles_millones,2025-Q1,"EBA, Risk Dashboard (anexo de datos)",https://www.eba.europa.eu/risk-and-data-analysis/risk-analysis/risk-monitoring/risk-dashboard,2026-09-16,,,n/a,importe,media_ponderada_volumen,por pais de la contraparte; muestra de bancos del EBA
Alemania,inmueble_comercial_garantia_hipotecaria,Ratio de NPL | Construccion (NACE F),8.1395,pct_cartera,2025-Q1,"EBA, Risk Dashboard (anexo de datos)",https://www.eba.europa.eu/risk-and-data-analysis/risk-analysis/risk-monitoring/risk-dashboard,2026-09-16,,,n/a,ratio,media_ponderada_volumen,por pais de la contraparte; muestra de bancos del EBA
Alemania,inmueble_comercial_garantia_hipotecaria,Saldo bruto | Actividades inmobiliarias (NACE L),191.9197,eur_miles_millones,2025-Q2,"EBA, Risk Dashboard (anexo de datos)",https://www.eba.europa.eu/risk-and-data-analysis/risk-analysis/risk-monitoring/risk-dashboard,2026-09-16,,,n/a,importe,media_ponderada_volumen,por pais de la contraparte; muestra de bancos del EBA
Alemania,inmueble_comercial_garantia_hipotecaria,Ratio de NPL | Actividades inmobiliarias (NACE L),3.0047,pct_cartera,2025-Q2,"EBA, Risk Dashboard (anexo de datos)",https://www.eba.europa.eu/risk-and-data-analysis/risk-analysis/risk-monitoring/risk-dashboard,2026-09-16,,,n/a,ratio,media_ponderada_volumen,por pais de la contraparte; muestra de bancos del EBA
Alemania,inmueble_comercial_garantia_hipotecaria,Saldo bruto | Construccion (NACE F),16.5556,eur_miles_millones,2025-Q2,"EBA, Risk Dashboard (anexo de datos)",https://www.eba.europa.eu/risk-and-data-analysis/risk-analysis/risk-monitoring/risk-dashboard,2026-09-16,,,n/a,importe,media_ponderada_volumen,por pais de la contraparte; muestra de bancos del EBA
Alemania,inmueble_comercial_garantia_hipotecaria,Ratio de NPL | Construccion (NACE F),8.0073,pct_cartera,2025-Q2,"EBA, Risk Dashboard (anexo de datos)",https://www.eba.europa.eu/risk-and-data-analysis/risk-analysis/risk-monitoring/risk-dashboard,2026-09-16,,,n/a,ratio,media_ponderada_volumen,por pais de la contraparte; muestra de bancos del EBA
Alemania,inmueble_comercial_garantia_hipotecaria,Saldo bruto | Actividades inmobiliarias (NACE L),191.9023,eur_miles_millones,2025-Q3,"EBA, Risk Dashboard (anexo de datos)",https://www.eba.europa.eu/risk-and-data-analysis/risk-analysis/risk-monitoring/risk-dashboard,2026-09-16,,,n/a,importe,media_ponderada_volumen,por pais de la contraparte; muestra de bancos del EBA
Alemania,inmueble_comercial_garantia_hipotecaria,Ratio de NPL | Actividades inmobiliarias (NACE L),3.0332,pct_cartera,2025-Q3,"EBA, Risk Dashboard (anexo de datos)",https://www.eba.europa.eu/risk-and-data-analysis/risk-analysis/risk-monitoring/risk-dashboard,2026-09-16,,,n/a,ratio,media_ponderada_volumen,por pais de la contraparte; muestra de bancos del EBA
Alemania,inmueble_comercial_garantia_hipotecaria,Saldo bruto | Construccion (NACE F),16.1340,eur_miles_millones,2025-Q3,"EBA, Risk Dashboard (anexo de datos)",https://www.eba.europa.eu/risk-and-data-analysis/risk-analysis/risk-monitoring/risk-dashboard,2026-09-16,,,n/a,importe,media_ponderada_volumen,por pais de la contraparte; muestra de bancos del EBA
Alemania,inmueble_comercial_garantia_hipotecaria,Ratio de NPL | Construccion (NACE F),8.2852,pct_cartera,2025-Q3,"EBA, Risk Dashboard (anexo de datos)",https://www.eba.europa.eu/risk-and-data-analysis/risk-analysis/risk-monitoring/risk-dashboard,2026-09-16,,,n/a,ratio,media_ponderada_volumen,por pais de la contraparte; muestra de bancos del EBA
Alemania,inmueble_comercial_garantia_hipotecaria,Saldo bruto | Actividades inmobiliarias (NACE L),189.1394,eur_miles_millones,2025-Q4,"EBA, Risk Dashboard (anexo de datos)",https://www.eba.europa.eu/risk-and-data-analysis/risk-analysis/risk-monitoring/risk-dashboard,2026-09-16,,,n/a,importe,media_ponderada_volumen,por pais de la contraparte; muestra de bancos del EBA
Alemania,inmueble_comercial_garantia_hipotecaria,Ratio de NPL | Actividades inmobiliarias (NACE L),2.9934,pct_cartera,2025-Q4,"EBA, Risk Dashboard (anexo de datos)",https://www.eba.europa.eu/risk-and-data-analysis/risk-analysis/risk-monitoring/risk-dashboard,2026-09-16,,,n/a,ratio,media_ponderada_volumen,por pais de la contraparte; muestra de bancos del EBA
Alemania,inmueble_comercial_garantia_hipotecaria,Saldo bruto | Construccion (NACE F),15.1012,eur_miles_millones,2025-Q4,"EBA, Risk Dashboard (anexo de datos)",https://www.eba.europa.eu/risk-and-data-analysis/risk-analysis/risk-monitoring/risk-dashboard,2026-09-16,,,n/a,importe,media_ponderada_volumen,por pais de la contraparte; muestra de bancos del EBA
Alemania,inmueble_comercial_garantia_hipotecaria,Ratio de NPL | Construccion (NACE F),8.1474,pct_cartera,2025-Q4,"EBA, Risk Dashboard (anexo de datos)",https://www.eba.europa.eu/risk-and-data-analysis/risk-analysis/risk-monitoring/risk-dashboard,2026-09-16,,,n/a,ratio,media_ponderada_volumen,por pais de la contraparte; muestra de bancos del EBA
Alemania,inmueble_comercial_garantia_hipotecaria,Saldo bruto | Actividades inmobiliarias (NACE L),190.8944,eur_miles_millones,2026-Q1,"EBA, Risk Dashboard (anexo de datos)",https://www.eba.europa.eu/risk-and-data-analysis/risk-analysis/risk-monitoring/risk-dashboard,2026-09-16,,,n/a,importe,media_ponderada_volumen,por pais de la contraparte; muestra de bancos del EBA
Alemania,inmueble_comercial_garantia_hipotecaria,Ratio de NPL | Actividades inmobiliarias (NACE L),3.1846,pct_cartera,2026-Q1,"EBA, Risk Dashboard (anexo de datos)",https://www.eba.europa.eu/risk-and-data-analysis/risk-analysis/risk-monitoring/risk-dashboard,2026-09-16,,,n/a,ratio,media_ponderada_volumen,por pais de la contraparte; muestra de bancos del EBA
Alemania,inmueble_comercial_garantia_hipotecaria,Saldo bruto | Construccion (NACE F),12.3485,eur_miles_millones,2026-Q1,"EBA, Risk Dashboard (anexo de datos)",https://www.eba.europa.eu/risk-and-data-analysis/risk-analysis/risk-monitoring/risk-dashboard,2026-09-16,,,n/a,importe,media_ponderada_volumen,por pais de la contraparte; muestra de bancos del EBA
Alemania,inmueble_comercial_garantia_hipotecaria,Ratio de NPL | Construccion (NACE F),7.5184,pct_cartera,2026-Q1,"EBA, Risk Dashboard (anexo de datos)",https://www.eba.europa.eu/risk-and-data-analysis/risk-analysis/risk-monitoring/risk-dashboard,2026-09-16,,,n/a,ratio,media_ponderada_volumen,por pais de la contraparte; muestra de bancos del EBA
Espana,inmueble_comercial_garantia_hipotecaria,Saldo bruto | Actividades inmobiliarias (NACE L),45.7556,eur_miles_millones,2024-Q1,"EBA, Risk Dashboard (anexo de datos)",https://www.eba.europa.eu/risk-and-data-analysis/risk-analysis/risk-monitoring/risk-dashboard,2026-09-16,,,n/a,importe,media_ponderada_volumen,por pais de la contraparte; muestra de bancos del EBA
Espana,inmueble_comercial_garantia_hipotecaria,Ratio de NPL | Actividades inmobiliarias (NACE L),3.2892,pct_cartera,2024-Q1,"EBA, Risk Dashboard (anexo de datos)",https://www.eba.europa.eu/risk-and-data-analysis/risk-analysis/risk-monitoring/risk-dashboard,2026-09-16,,,n/a,ratio,media_ponderada_volumen,por pais de la contraparte; muestra de bancos del EBA
Espana,inmueble_comercial_garantia_hipotecaria,Saldo bruto | Construccion (NACE F),31.6491,eur_miles_millones,2024-Q1,"EBA, Risk Dashboard (anexo de datos)",https://www.eba.europa.eu/risk-and-data-analysis/risk-analysis/risk-monitoring/risk-dashboard,2026-09-16,,,n/a,importe,media_ponderada_volumen,por pais de la contraparte; muestra de bancos del EBA
Espana,inmueble_comercial_garantia_hipotecaria,Ratio de NPL | Construccion (NACE F),6.9944,pct_cartera,2024-Q1,"EBA, Risk Dashboard (anexo de datos)",https://www.eba.europa.eu/risk-and-data-analysis/risk-analysis/risk-monitoring/risk-dashboard,2026-09-16,,,n/a,ratio,media_ponderada_volumen,por pais de la contraparte; muestra de bancos del EBA
Espana,inmueble_comercial_garantia_hipotecaria,Saldo bruto | Actividades inmobiliarias (NACE L),45.8556,eur_miles_millones,2024-Q2,"EBA, Risk Dashboard (anexo de datos)",https://www.eba.europa.eu/risk-and-data-analysis/risk-analysis/risk-monitoring/risk-dashboard,2026-09-16,,,n/a,importe,media_ponderada_volumen,por pais de la contraparte; muestra de bancos del EBA
Espana,inmueble_comercial_garantia_hipotecaria,Ratio de NPL | Actividades inmobiliarias (NACE L),2.9064,pct_cartera,2024-Q2,"EBA, Risk Dashboard (anexo de datos)",https://www.eba.europa.eu/risk-and-data-analysis/risk-analysis/risk-monitoring/risk-dashboard,2026-09-16,,,n/a,ratio,media_ponderada_volumen,por pais de la contraparte; muestra de bancos del EBA
Espana,inmueble_comercial_garantia_hipotecaria,Saldo bruto | Construccion (NACE F),31.7126,eur_miles_millones,2024-Q2,"EBA, Risk Dashboard (anexo de datos)",https://www.eba.europa.eu/risk-and-data-analysis/risk-analysis/risk-monitoring/risk-dashboard,2026-09-16,,,n/a,importe,media_ponderada_volumen,por pais de la contraparte; muestra de bancos del EBA
Espana,inmueble_comercial_garantia_hipotecaria,Ratio de NPL | Construccion (NACE F),6.7222,pct_cartera,2024-Q2,"EBA, Risk Dashboard (anexo de datos)",https://www.eba.europa.eu/risk-and-data-analysis/risk-analysis/risk-monitoring/risk-dashboard,2026-09-16,,,n/a,ratio,media_ponderada_volumen,por pais de la contraparte; muestra de bancos del EBA
Espana,inmueble_comercial_garantia_hipotecaria,Saldo bruto | Actividades inmobiliarias (NACE L),46.4075,eur_miles_millones,2024-Q3,"EBA, Risk Dashboard (anexo de datos)",https://www.eba.europa.eu/risk-and-data-analysis/risk-analysis/risk-monitoring/risk-dashboard,2026-09-16,,,n/a,importe,media_ponderada_volumen,por pais de la contraparte; muestra de bancos del EBA
Espana,inmueble_comercial_garantia_hipotecaria,Ratio de NPL | Actividades inmobiliarias (NACE L),2.7432,pct_cartera,2024-Q3,"EBA, Risk Dashboard (anexo de datos)",https://www.eba.europa.eu/risk-and-data-analysis/risk-analysis/risk-monitoring/risk-dashboard,2026-09-16,,,n/a,ratio,media_ponderada_volumen,por pais de la contraparte; muestra de bancos del EBA
Espana,inmueble_comercial_garantia_hipotecaria,Saldo bruto | Construccion (NACE F),32.2381,eur_miles_millones,2024-Q3,"EBA, Risk Dashboard (anexo de datos)",https://www.eba.europa.eu/risk-and-data-analysis/risk-analysis/risk-monitoring/risk-dashboard,2026-09-16,,,n/a,importe,media_ponderada_volumen,por pais de la contraparte; muestra de bancos del EBA
Espana,inmueble_comercial_garantia_hipotecaria,Ratio de NPL | Construccion (NACE F),6.7736,pct_cartera,2024-Q3,"EBA, Risk Dashboard (anexo de datos)",https://www.eba.europa.eu/risk-and-data-analysis/risk-analysis/risk-monitoring/risk-dashboard,2026-09-16,,,n/a,ratio,media_ponderada_volumen,por pais de la contraparte; muestra de bancos del EBA
Espana,inmueble_comercial_garantia_hipotecaria,Saldo bruto | Actividades inmobiliarias (NACE L),46.9286,eur_miles_millones,2024-Q4,"EBA, Risk Dashboard (anexo de datos)",https://www.eba.europa.eu/risk-and-data-analysis/risk-analysis/risk-monitoring/risk-dashboard,2026-09-16,,,n/a,importe,media_ponderada_volumen,por pais de la contraparte; muestra de bancos del EBA
Espana,inmueble_comercial_garantia_hipotecaria,Ratio de NPL | Actividades inmobiliarias (NACE L),2.6968,pct_cartera,2024-Q4,"EBA, Risk Dashboard (anexo de datos)",https://www.eba.europa.eu/risk-and-data-analysis/risk-analysis/risk-monitoring/risk-dashboard,2026-09-16,,,n/a,ratio,media_ponderada_volumen,por pais de la contraparte; muestra de bancos del EBA
Espana,inmueble_comercial_garantia_hipotecaria,Saldo bruto | Construccion (NACE F),32.4973,eur_miles_millones,2024-Q4,"EBA, Risk Dashboard (anexo de datos)",https://www.eba.europa.eu/risk-and-data-analysis/risk-analysis/risk-monitoring/risk-dashboard,2026-09-16,,,n/a,importe,media_ponderada_volumen,por pais de la contraparte; muestra de bancos del EBA
Espana,inmueble_comercial_garantia_hipotecaria,Ratio de NPL | Construccion (NACE F),6.3371,pct_cartera,2024-Q4,"EBA, Risk Dashboard (anexo de datos)",https://www.eba.europa.eu/risk-and-data-analysis/risk-analysis/risk-monitoring/risk-dashboard,2026-09-16,,,n/a,ratio,media_ponderada_volumen,por pais de la contraparte; muestra de bancos del EBA
Espana,inmueble_comercial_garantia_hipotecaria,Saldo bruto | Actividades inmobiliarias (NACE L),47.4044,eur_miles_millones,2025-Q1,"EBA, Risk Dashboard (anexo de datos)",https://www.eba.europa.eu/risk-and-data-analysis/risk-analysis/risk-monitoring/risk-dashboard,2026-09-16,,,n/a,importe,media_ponderada_volumen,por pais de la contraparte; muestra de bancos del EBA
Espana,inmueble_comercial_garantia_hipotecaria,Ratio de NPL | Actividades inmobiliarias (NACE L),2.6181,pct_cartera,2025-Q1,"EBA, Risk Dashboard (anexo de datos)",https://www.eba.europa.eu/risk-and-data-analysis/risk-analysis/risk-monitoring/risk-dashboard,2026-09-16,,,n/a,ratio,media_ponderada_volumen,por pais de la contraparte; muestra de bancos del EBA
Espana,inmueble_comercial_garantia_hipotecaria,Saldo bruto | Construccion (NACE F),31.8937,eur_miles_millones,2025-Q1,"EBA, Risk Dashboard (anexo de datos)",https://www.eba.europa.eu/risk-and-data-analysis/risk-analysis/risk-monitoring/risk-dashboard,2026-09-16,,,n/a,importe,media_ponderada_volumen,por pais de la contraparte; muestra de bancos del EBA
Espana,inmueble_comercial_garantia_hipotecaria,Ratio de NPL | Construccion (NACE F),6.1247,pct_cartera,2025-Q1,"EBA, Risk Dashboard (anexo de datos)",https://www.eba.europa.eu/risk-and-data-analysis/risk-analysis/risk-monitoring/risk-dashboard,2026-09-16,,,n/a,ratio,media_ponderada_volumen,por pais de la contraparte; muestra de bancos del EBA
Espana,inmueble_comercial_garantia_hipotecaria,Saldo bruto | Actividades inmobiliarias (NACE L),49.3944,eur_miles_millones,2025-Q2,"EBA, Risk Dashboard (anexo de datos)",https://www.eba.europa.eu/risk-and-data-analysis/risk-analysis/risk-monitoring/risk-dashboard,2026-09-16,,,n/a,importe,media_ponderada_volumen,por pais de la contraparte; muestra de bancos del EBA
Espana,inmueble_comercial_garantia_hipotecaria,Ratio de NPL | Actividades inmobiliarias (NACE L),2.1390,pct_cartera,2025-Q2,"EBA, Risk Dashboard (anexo de datos)",https://www.eba.europa.eu/risk-and-data-analysis/risk-analysis/risk-monitoring/risk-dashboard,2026-09-16,,,n/a,ratio,media_ponderada_volumen,por pais de la contraparte; muestra de bancos del EBA
Espana,inmueble_comercial_garantia_hipotecaria,Saldo bruto | Construccion (NACE F),31.8596,eur_miles_millones,2025-Q2,"EBA, Risk Dashboard (anexo de datos)",https://www.eba.europa.eu/risk-and-data-analysis/risk-analysis/risk-monitoring/risk-dashboard,2026-09-16,,,n/a,importe,media_ponderada_volumen,por pais de la contraparte; muestra de bancos del EBA
Espana,inmueble_comercial_garantia_hipotecaria,Ratio de NPL | Construccion (NACE F),5.8155,pct_cartera,2025-Q2,"EBA, Risk Dashboard (anexo de datos)",https://www.eba.europa.eu/risk-and-data-analysis/risk-analysis/risk-monitoring/risk-dashboard,2026-09-16,,,n/a,ratio,media_ponderada_volumen,por pais de la contraparte; muestra de bancos del EBA
Espana,inmueble_comercial_garantia_hipotecaria,Saldo bruto | Actividades inmobiliarias (NACE L),50.2989,eur_miles_millones,2025-Q3,"EBA, Risk Dashboard (anexo de datos)",https://www.eba.europa.eu/risk-and-data-analysis/risk-analysis/risk-monitoring/risk-dashboard,2026-09-16,,,n/a,importe,media_ponderada_volumen,por pais de la contraparte; muestra de bancos del EBA
Espana,inmueble_comercial_garantia_hipotecaria,Ratio de NPL | Actividades inmobiliarias (NACE L),2.0130,pct_cartera,2025-Q3,"EBA, Risk Dashboard (anexo de datos)",https://www.eba.europa.eu/risk-and-data-analysis/risk-analysis/risk-monitoring/risk-dashboard,2026-09-16,,,n/a,ratio,media_ponderada_volumen,por pais de la contraparte; muestra de bancos del EBA
Espana,inmueble_comercial_garantia_hipotecaria,Saldo bruto | Construccion (NACE F),31.8331,eur_miles_millones,2025-Q3,"EBA, Risk Dashboard (anexo de datos)",https://www.eba.europa.eu/risk-and-data-analysis/risk-analysis/risk-monitoring/risk-dashboard,2026-09-16,,,n/a,importe,media_ponderada_volumen,por pais de la contraparte; muestra de bancos del EBA
Espana,inmueble_comercial_garantia_hipotecaria,Ratio de NPL | Construccion (NACE F),5.7337,pct_cartera,2025-Q3,"EBA, Risk Dashboard (anexo de datos)",https://www.eba.europa.eu/risk-and-data-analysis/risk-analysis/risk-monitoring/risk-dashboard,2026-09-16,,,n/a,ratio,media_ponderada_volumen,por pais de la contraparte; muestra de bancos del EBA
Espana,inmueble_comercial_garantia_hipotecaria,Saldo bruto | Actividades inmobiliarias (NACE L),50.5818,eur_miles_millones,2025-Q4,"EBA, Risk Dashboard (anexo de datos)",https://www.eba.europa.eu/risk-and-data-analysis/risk-analysis/risk-monitoring/risk-dashboard,2026-09-16,,,n/a,importe,media_ponderada_volumen,por pais de la contraparte; muestra de bancos del EBA
Espana,inmueble_comercial_garantia_hipotecaria,Ratio de NPL | Actividades inmobiliarias (NACE L),1.7029,pct_cartera,2025-Q4,"EBA, Risk Dashboard (anexo de datos)",https://www.eba.europa.eu/risk-and-data-analysis/risk-analysis/risk-monitoring/risk-dashboard,2026-09-16,,,n/a,ratio,media_ponderada_volumen,por pais de la contraparte; muestra de bancos del EBA
Espana,inmueble_comercial_garantia_hipotecaria,Saldo bruto | Construccion (NACE F),31.7396,eur_miles_millones,2025-Q4,"EBA, Risk Dashboard (anexo de datos)",https://www.eba.europa.eu/risk-and-data-analysis/risk-analysis/risk-monitoring/risk-dashboard,2026-09-16,,,n/a,importe,media_ponderada_volumen,por pais de la contraparte; muestra de bancos del EBA
Espana,inmueble_comercial_garantia_hipotecaria,Ratio de NPL | Construccion (NACE F),5.5486,pct_cartera,2025-Q4,"EBA, Risk Dashboard (anexo de datos)",https://www.eba.europa.eu/risk-and-data-analysis/risk-analysis/risk-monitoring/risk-dashboard,2026-09-16,,,n/a,ratio,media_ponderada_volumen,por pais de la contraparte; muestra de bancos del EBA
Espana,inmueble_comercial_garantia_hipotecaria,Saldo bruto | Actividades inmobiliarias (NACE L),53.9093,eur_miles_millones,2026-Q1,"EBA, Risk Dashboard (anexo de datos)",https://www.eba.europa.eu/risk-and-data-analysis/risk-analysis/risk-monitoring/risk-dashboard,2026-09-16,,,n/a,importe,media_ponderada_volumen,por pais de la contraparte; muestra de bancos del EBA
Espana,inmueble_comercial_garantia_hipotecaria,Ratio de NPL | Actividades inmobiliarias (NACE L),1.8192,pct_cartera,2026-Q1,"EBA, Risk Dashboard (anexo de datos)",https://www.eba.europa.eu/risk-and-data-analysis/risk-analysis/risk-monitoring/risk-dashboard,2026-09-16,,,n/a,ratio,media_ponderada_volumen,por pais de la contraparte; muestra de bancos del EBA
Espana,inmueble_comercial_garantia_hipotecaria,Saldo bruto | Construccion (NACE F),19.4100,eur_miles_millones,2026-Q1,"EBA, Risk Dashboard (anexo de datos)",https://www.eba.europa.eu/risk-and-data-analysis/risk-analysis/risk-monitoring/risk-dashboard,2026-09-16,,,n/a,importe,media_ponderada_volumen,por pais de la contraparte; muestra de bancos del EBA
Espana,inmueble_comercial_garantia_hipotecaria,Ratio de NPL | Construccion (NACE F),6.4150,pct_cartera,2026-Q1,"EBA, Risk Dashboard (anexo de datos)",https://www.eba.europa.eu/risk-and-data-analysis/risk-analysis/risk-monitoring/risk-dashboard,2026-09-16,,,n/a,ratio,media_ponderada_volumen,por pais de la contraparte; muestra de bancos del EBA
Francia,inmueble_comercial_garantia_hipotecaria,Saldo bruto | Actividades inmobiliarias (NACE L),388.4417,eur_miles_millones,2024-Q1,"EBA, Risk Dashboard (anexo de datos)",https://www.eba.europa.eu/risk-and-data-analysis/risk-analysis/risk-monitoring/risk-dashboard,2026-09-16,,,n/a,importe,media_ponderada_volumen,por pais de la contraparte; muestra de bancos del EBA
Francia,inmueble_comercial_garantia_hipotecaria,Ratio de NPL | Actividades inmobiliarias (NACE L),2.3621,pct_cartera,2024-Q1,"EBA, Risk Dashboard (anexo de datos)",https://www.eba.europa.eu/risk-and-data-analysis/risk-analysis/risk-monitoring/risk-dashboard,2026-09-16,,,n/a,ratio,media_ponderada_volumen,por pais de la contraparte; muestra de bancos del EBA
Francia,inmueble_comercial_garantia_hipotecaria,Saldo bruto | Construccion (NACE F),54.1719,eur_miles_millones,2024-Q1,"EBA, Risk Dashboard (anexo de datos)",https://www.eba.europa.eu/risk-and-data-analysis/risk-analysis/risk-monitoring/risk-dashboard,2026-09-16,,,n/a,importe,media_ponderada_volumen,por pais de la contraparte; muestra de bancos del EBA
Francia,inmueble_comercial_garantia_hipotecaria,Ratio de NPL | Construccion (NACE F),7.2885,pct_cartera,2024-Q1,"EBA, Risk Dashboard (anexo de datos)",https://www.eba.europa.eu/risk-and-data-analysis/risk-analysis/risk-monitoring/risk-dashboard,2026-09-16,,,n/a,ratio,media_ponderada_volumen,por pais de la contraparte; muestra de bancos del EBA
Francia,inmueble_comercial_garantia_hipotecaria,Saldo bruto | Actividades inmobiliarias (NACE L),383.6803,eur_miles_millones,2024-Q2,"EBA, Risk Dashboard (anexo de datos)",https://www.eba.europa.eu/risk-and-data-analysis/risk-analysis/risk-monitoring/risk-dashboard,2026-09-16,,,n/a,importe,media_ponderada_volumen,por pais de la contraparte; muestra de bancos del EBA
Francia,inmueble_comercial_garantia_hipotecaria,Ratio de NPL | Actividades inmobiliarias (NACE L),2.4376,pct_cartera,2024-Q2,"EBA, Risk Dashboard (anexo de datos)",https://www.eba.europa.eu/risk-and-data-analysis/risk-analysis/risk-monitoring/risk-dashboard,2026-09-16,,,n/a,ratio,media_ponderada_volumen,por pais de la contraparte; muestra de bancos del EBA
Francia,inmueble_comercial_garantia_hipotecaria,Saldo bruto | Construccion (NACE F),53.3224,eur_miles_millones,2024-Q2,"EBA, Risk Dashboard (anexo de datos)",https://www.eba.europa.eu/risk-and-data-analysis/risk-analysis/risk-monitoring/risk-dashboard,2026-09-16,,,n/a,importe,media_ponderada_volumen,por pais de la contraparte; muestra de bancos del EBA
Francia,inmueble_comercial_garantia_hipotecaria,Ratio de NPL | Construccion (NACE F),7.8093,pct_cartera,2024-Q2,"EBA, Risk Dashboard (anexo de datos)",https://www.eba.europa.eu/risk-and-data-analysis/risk-analysis/risk-monitoring/risk-dashboard,2026-09-16,,,n/a,ratio,media_ponderada_volumen,por pais de la contraparte; muestra de bancos del EBA
Francia,inmueble_comercial_garantia_hipotecaria,Saldo bruto | Actividades inmobiliarias (NACE L),386.4246,eur_miles_millones,2024-Q3,"EBA, Risk Dashboard (anexo de datos)",https://www.eba.europa.eu/risk-and-data-analysis/risk-analysis/risk-monitoring/risk-dashboard,2026-09-16,,,n/a,importe,media_ponderada_volumen,por pais de la contraparte; muestra de bancos del EBA
Francia,inmueble_comercial_garantia_hipotecaria,Ratio de NPL | Actividades inmobiliarias (NACE L),2.5495,pct_cartera,2024-Q3,"EBA, Risk Dashboard (anexo de datos)",https://www.eba.europa.eu/risk-and-data-analysis/risk-analysis/risk-monitoring/risk-dashboard,2026-09-16,,,n/a,ratio,media_ponderada_volumen,por pais de la contraparte; muestra de bancos del EBA
Francia,inmueble_comercial_garantia_hipotecaria,Saldo bruto | Construccion (NACE F),53.5393,eur_miles_millones,2024-Q3,"EBA, Risk Dashboard (anexo de datos)",https://www.eba.europa.eu/risk-and-data-analysis/risk-analysis/risk-monitoring/risk-dashboard,2026-09-16,,,n/a,importe,media_ponderada_volumen,por pais de la contraparte; muestra de bancos del EBA
Francia,inmueble_comercial_garantia_hipotecaria,Ratio de NPL | Construccion (NACE F),8.0361,pct_cartera,2024-Q3,"EBA, Risk Dashboard (anexo de datos)",https://www.eba.europa.eu/risk-and-data-analysis/risk-analysis/risk-monitoring/risk-dashboard,2026-09-16,,,n/a,ratio,media_ponderada_volumen,por pais de la contraparte; muestra de bancos del EBA
Francia,inmueble_comercial_garantia_hipotecaria,Saldo bruto | Actividades inmobiliarias (NACE L),388.7623,eur_miles_millones,2024-Q4,"EBA, Risk Dashboard (anexo de datos)",https://www.eba.europa.eu/risk-and-data-analysis/risk-analysis/risk-monitoring/risk-dashboard,2026-09-16,,,n/a,importe,media_ponderada_volumen,por pais de la contraparte; muestra de bancos del EBA
Francia,inmueble_comercial_garantia_hipotecaria,Ratio de NPL | Actividades inmobiliarias (NACE L),2.6565,pct_cartera,2024-Q4,"EBA, Risk Dashboard (anexo de datos)",https://www.eba.europa.eu/risk-and-data-analysis/risk-analysis/risk-monitoring/risk-dashboard,2026-09-16,,,n/a,ratio,media_ponderada_volumen,por pais de la contraparte; muestra de bancos del EBA
Francia,inmueble_comercial_garantia_hipotecaria,Saldo bruto | Construccion (NACE F),52.5743,eur_miles_millones,2024-Q4,"EBA, Risk Dashboard (anexo de datos)",https://www.eba.europa.eu/risk-and-data-analysis/risk-analysis/risk-monitoring/risk-dashboard,2026-09-16,,,n/a,importe,media_ponderada_volumen,por pais de la contraparte; muestra de bancos del EBA
Francia,inmueble_comercial_garantia_hipotecaria,Ratio de NPL | Construccion (NACE F),8.2674,pct_cartera,2024-Q4,"EBA, Risk Dashboard (anexo de datos)",https://www.eba.europa.eu/risk-and-data-analysis/risk-analysis/risk-monitoring/risk-dashboard,2026-09-16,,,n/a,ratio,media_ponderada_volumen,por pais de la contraparte; muestra de bancos del EBA
Francia,inmueble_comercial_garantia_hipotecaria,Saldo bruto | Actividades inmobiliarias (NACE L),393.4762,eur_miles_millones,2025-Q1,"EBA, Risk Dashboard (anexo de datos)",https://www.eba.europa.eu/risk-and-data-analysis/risk-analysis/risk-monitoring/risk-dashboard,2026-09-16,,,n/a,importe,media_ponderada_volumen,por pais de la contraparte; muestra de bancos del EBA
Francia,inmueble_comercial_garantia_hipotecaria,Ratio de NPL | Actividades inmobiliarias (NACE L),2.8000,pct_cartera,2025-Q1,"EBA, Risk Dashboard (anexo de datos)",https://www.eba.europa.eu/risk-and-data-analysis/risk-analysis/risk-monitoring/risk-dashboard,2026-09-16,,,n/a,ratio,media_ponderada_volumen,por pais de la contraparte; muestra de bancos del EBA
Francia,inmueble_comercial_garantia_hipotecaria,Saldo bruto | Construccion (NACE F),52.3948,eur_miles_millones,2025-Q1,"EBA, Risk Dashboard (anexo de datos)",https://www.eba.europa.eu/risk-and-data-analysis/risk-analysis/risk-monitoring/risk-dashboard,2026-09-16,,,n/a,importe,media_ponderada_volumen,por pais de la contraparte; muestra de bancos del EBA
Francia,inmueble_comercial_garantia_hipotecaria,Ratio de NPL | Construccion (NACE F),8.6315,pct_cartera,2025-Q1,"EBA, Risk Dashboard (anexo de datos)",https://www.eba.europa.eu/risk-and-data-analysis/risk-analysis/risk-monitoring/risk-dashboard,2026-09-16,,,n/a,ratio,media_ponderada_volumen,por pais de la contraparte; muestra de bancos del EBA
Francia,inmueble_comercial_garantia_hipotecaria,Saldo bruto | Actividades inmobiliarias (NACE L),395.8879,eur_miles_millones,2025-Q2,"EBA, Risk Dashboard (anexo de datos)",https://www.eba.europa.eu/risk-and-data-analysis/risk-analysis/risk-monitoring/risk-dashboard,2026-09-16,,,n/a,importe,media_ponderada_volumen,por pais de la contraparte; muestra de bancos del EBA
Francia,inmueble_comercial_garantia_hipotecaria,Ratio de NPL | Actividades inmobiliarias (NACE L),2.9344,pct_cartera,2025-Q2,"EBA, Risk Dashboard (anexo de datos)",https://www.eba.europa.eu/risk-and-data-analysis/risk-analysis/risk-monitoring/risk-dashboard,2026-09-16,,,n/a,ratio,media_ponderada_volumen,por pais de la contraparte; muestra de bancos del EBA
Francia,inmueble_comercial_garantia_hipotecaria,Saldo bruto | Construccion (NACE F),52.2308,eur_miles_millones,2025-Q2,"EBA, Risk Dashboard (anexo de datos)",https://www.eba.europa.eu/risk-and-data-analysis/risk-analysis/risk-monitoring/risk-dashboard,2026-09-16,,,n/a,importe,media_ponderada_volumen,por pais de la contraparte; muestra de bancos del EBA
Francia,inmueble_comercial_garantia_hipotecaria,Ratio de NPL | Construccion (NACE F),8.4392,pct_cartera,2025-Q2,"EBA, Risk Dashboard (anexo de datos)",https://www.eba.europa.eu/risk-and-data-analysis/risk-analysis/risk-monitoring/risk-dashboard,2026-09-16,,,n/a,ratio,media_ponderada_volumen,por pais de la contraparte; muestra de bancos del EBA
Francia,inmueble_comercial_garantia_hipotecaria,Saldo bruto | Actividades inmobiliarias (NACE L),399.4463,eur_miles_millones,2025-Q3,"EBA, Risk Dashboard (anexo de datos)",https://www.eba.europa.eu/risk-and-data-analysis/risk-analysis/risk-monitoring/risk-dashboard,2026-09-16,,,n/a,importe,media_ponderada_volumen,por pais de la contraparte; muestra de bancos del EBA
Francia,inmueble_comercial_garantia_hipotecaria,Ratio de NPL | Actividades inmobiliarias (NACE L),3.0162,pct_cartera,2025-Q3,"EBA, Risk Dashboard (anexo de datos)",https://www.eba.europa.eu/risk-and-data-analysis/risk-analysis/risk-monitoring/risk-dashboard,2026-09-16,,,n/a,ratio,media_ponderada_volumen,por pais de la contraparte; muestra de bancos del EBA
Francia,inmueble_comercial_garantia_hipotecaria,Saldo bruto | Construccion (NACE F),52.2440,eur_miles_millones,2025-Q3,"EBA, Risk Dashboard (anexo de datos)",https://www.eba.europa.eu/risk-and-data-analysis/risk-analysis/risk-monitoring/risk-dashboard,2026-09-16,,,n/a,importe,media_ponderada_volumen,por pais de la contraparte; muestra de bancos del EBA
Francia,inmueble_comercial_garantia_hipotecaria,Ratio de NPL | Construccion (NACE F),8.7340,pct_cartera,2025-Q3,"EBA, Risk Dashboard (anexo de datos)",https://www.eba.europa.eu/risk-and-data-analysis/risk-analysis/risk-monitoring/risk-dashboard,2026-09-16,,,n/a,ratio,media_ponderada_volumen,por pais de la contraparte; muestra de bancos del EBA
Francia,inmueble_comercial_garantia_hipotecaria,Saldo bruto | Actividades inmobiliarias (NACE L),403.7708,eur_miles_millones,2025-Q4,"EBA, Risk Dashboard (anexo de datos)",https://www.eba.europa.eu/risk-and-data-analysis/risk-analysis/risk-monitoring/risk-dashboard,2026-09-16,,,n/a,importe,media_ponderada_volumen,por pais de la contraparte; muestra de bancos del EBA
Francia,inmueble_comercial_garantia_hipotecaria,Ratio de NPL | Actividades inmobiliarias (NACE L),3.0948,pct_cartera,2025-Q4,"EBA, Risk Dashboard (anexo de datos)",https://www.eba.europa.eu/risk-and-data-analysis/risk-analysis/risk-monitoring/risk-dashboard,2026-09-16,,,n/a,ratio,media_ponderada_volumen,por pais de la contraparte; muestra de bancos del EBA
Francia,inmueble_comercial_garantia_hipotecaria,Saldo bruto | Construccion (NACE F),52.4951,eur_miles_millones,2025-Q4,"EBA, Risk Dashboard (anexo de datos)",https://www.eba.europa.eu/risk-and-data-analysis/risk-analysis/risk-monitoring/risk-dashboard,2026-09-16,,,n/a,importe,media_ponderada_volumen,por pais de la contraparte; muestra de bancos del EBA
Francia,inmueble_comercial_garantia_hipotecaria,Ratio de NPL | Construccion (NACE F),8.6717,pct_cartera,2025-Q4,"EBA, Risk Dashboard (anexo de datos)",https://www.eba.europa.eu/risk-and-data-analysis/risk-analysis/risk-monitoring/risk-dashboard,2026-09-16,,,n/a,ratio,media_ponderada_volumen,por pais de la contraparte; muestra de bancos del EBA
Francia,inmueble_comercial_garantia_hipotecaria,Saldo bruto | Actividades inmobiliarias (NACE L),412.0262,eur_miles_millones,2026-Q1,"EBA, Risk Dashboard (anexo de datos)",https://www.eba.europa.eu/risk-and-data-analysis/risk-analysis/risk-monitoring/risk-dashboard,2026-09-16,,,n/a,importe,media_ponderada_volumen,por pais de la contraparte; muestra de bancos del EBA
Francia,inmueble_comercial_garantia_hipotecaria,Ratio de NPL | Actividades inmobiliarias (NACE L),3.2094,pct_cartera,2026-Q1,"EBA, Risk Dashboard (anexo de datos)",https://www.eba.europa.eu/risk-and-data-analysis/risk-analysis/risk-monitoring/risk-dashboard,2026-09-16,,,n/a,ratio,media_ponderada_volumen,por pais de la contraparte; muestra de bancos del EBA
Francia,inmueble_comercial_garantia_hipotecaria,Saldo bruto | Construccion (NACE F),44.1925,eur_miles_millones,2026-Q1,"EBA, Risk Dashboard (anexo de datos)",https://www.eba.europa.eu/risk-and-data-analysis/risk-analysis/risk-monitoring/risk-dashboard,2026-09-16,,,n/a,importe,media_ponderada_volumen,por pais de la contraparte; muestra de bancos del EBA
Francia,inmueble_comercial_garantia_hipotecaria,Ratio de NPL | Construccion (NACE F),9.5422,pct_cartera,2026-Q1,"EBA, Risk Dashboard (anexo de datos)",https://www.eba.europa.eu/risk-and-data-analysis/risk-analysis/risk-monitoring/risk-dashboard,2026-09-16,,,n/a,ratio,media_ponderada_volumen,por pais de la contraparte; muestra de bancos del EBA
Irlanda,inmueble_comercial_garantia_hipotecaria,Saldo bruto | Actividades inmobiliarias (NACE L),11.1594,eur_miles_millones,2024-Q1,"EBA, Risk Dashboard (anexo de datos)",https://www.eba.europa.eu/risk-and-data-analysis/risk-analysis/risk-monitoring/risk-dashboard,2026-09-16,,,n/a,importe,media_ponderada_volumen,por pais de la contraparte; muestra de bancos del EBA
Irlanda,inmueble_comercial_garantia_hipotecaria,Ratio de NPL | Actividades inmobiliarias (NACE L),5.5711,pct_cartera,2024-Q1,"EBA, Risk Dashboard (anexo de datos)",https://www.eba.europa.eu/risk-and-data-analysis/risk-analysis/risk-monitoring/risk-dashboard,2026-09-16,,,n/a,ratio,media_ponderada_volumen,por pais de la contraparte; muestra de bancos del EBA
Irlanda,inmueble_comercial_garantia_hipotecaria,Saldo bruto | Construccion (NACE F),1.8997,eur_miles_millones,2024-Q1,"EBA, Risk Dashboard (anexo de datos)",https://www.eba.europa.eu/risk-and-data-analysis/risk-analysis/risk-monitoring/risk-dashboard,2026-09-16,,,n/a,importe,media_ponderada_volumen,por pais de la contraparte; muestra de bancos del EBA
Irlanda,inmueble_comercial_garantia_hipotecaria,Ratio de NPL | Construccion (NACE F),3.1240,pct_cartera,2024-Q1,"EBA, Risk Dashboard (anexo de datos)",https://www.eba.europa.eu/risk-and-data-analysis/risk-analysis/risk-monitoring/risk-dashboard,2026-09-16,,,n/a,ratio,media_ponderada_volumen,por pais de la contraparte; muestra de bancos del EBA
Irlanda,inmueble_comercial_garantia_hipotecaria,Saldo bruto | Actividades inmobiliarias (NACE L),10.9318,eur_miles_millones,2024-Q2,"EBA, Risk Dashboard (anexo de datos)",https://www.eba.europa.eu/risk-and-data-analysis/risk-analysis/risk-monitoring/risk-dashboard,2026-09-16,,,n/a,importe,media_ponderada_volumen,por pais de la contraparte; muestra de bancos del EBA
Irlanda,inmueble_comercial_garantia_hipotecaria,Ratio de NPL | Actividades inmobiliarias (NACE L),7.0814,pct_cartera,2024-Q2,"EBA, Risk Dashboard (anexo de datos)",https://www.eba.europa.eu/risk-and-data-analysis/risk-analysis/risk-monitoring/risk-dashboard,2026-09-16,,,n/a,ratio,media_ponderada_volumen,por pais de la contraparte; muestra de bancos del EBA
Irlanda,inmueble_comercial_garantia_hipotecaria,Saldo bruto | Construccion (NACE F),1.9168,eur_miles_millones,2024-Q2,"EBA, Risk Dashboard (anexo de datos)",https://www.eba.europa.eu/risk-and-data-analysis/risk-analysis/risk-monitoring/risk-dashboard,2026-09-16,,,n/a,importe,media_ponderada_volumen,por pais de la contraparte; muestra de bancos del EBA
Irlanda,inmueble_comercial_garantia_hipotecaria,Ratio de NPL | Construccion (NACE F),2.9447,pct_cartera,2024-Q2,"EBA, Risk Dashboard (anexo de datos)",https://www.eba.europa.eu/risk-and-data-analysis/risk-analysis/risk-monitoring/risk-dashboard,2026-09-16,,,n/a,ratio,media_ponderada_volumen,por pais de la contraparte; muestra de bancos del EBA
Irlanda,inmueble_comercial_garantia_hipotecaria,Saldo bruto | Actividades inmobiliarias (NACE L),10.8390,eur_miles_millones,2024-Q3,"EBA, Risk Dashboard (anexo de datos)",https://www.eba.europa.eu/risk-and-data-analysis/risk-analysis/risk-monitoring/risk-dashboard,2026-09-16,,,n/a,importe,media_ponderada_volumen,por pais de la contraparte; muestra de bancos del EBA
Irlanda,inmueble_comercial_garantia_hipotecaria,Ratio de NPL | Actividades inmobiliarias (NACE L),6.4773,pct_cartera,2024-Q3,"EBA, Risk Dashboard (anexo de datos)",https://www.eba.europa.eu/risk-and-data-analysis/risk-analysis/risk-monitoring/risk-dashboard,2026-09-16,,,n/a,ratio,media_ponderada_volumen,por pais de la contraparte; muestra de bancos del EBA
Irlanda,inmueble_comercial_garantia_hipotecaria,Saldo bruto | Construccion (NACE F),2.1045,eur_miles_millones,2024-Q3,"EBA, Risk Dashboard (anexo de datos)",https://www.eba.europa.eu/risk-and-data-analysis/risk-analysis/risk-monitoring/risk-dashboard,2026-09-16,,,n/a,importe,media_ponderada_volumen,por pais de la contraparte; muestra de bancos del EBA
Irlanda,inmueble_comercial_garantia_hipotecaria,Ratio de NPL | Construccion (NACE F),3.2350,pct_cartera,2024-Q3,"EBA, Risk Dashboard (anexo de datos)",https://www.eba.europa.eu/risk-and-data-analysis/risk-analysis/risk-monitoring/risk-dashboard,2026-09-16,,,n/a,ratio,media_ponderada_volumen,por pais de la contraparte; muestra de bancos del EBA
Irlanda,inmueble_comercial_garantia_hipotecaria,Saldo bruto | Actividades inmobiliarias (NACE L),10.5319,eur_miles_millones,2024-Q4,"EBA, Risk Dashboard (anexo de datos)",https://www.eba.europa.eu/risk-and-data-analysis/risk-analysis/risk-monitoring/risk-dashboard,2026-09-16,,,n/a,importe,media_ponderada_volumen,por pais de la contraparte; muestra de bancos del EBA
Irlanda,inmueble_comercial_garantia_hipotecaria,Ratio de NPL | Actividades inmobiliarias (NACE L),5.9654,pct_cartera,2024-Q4,"EBA, Risk Dashboard (anexo de datos)",https://www.eba.europa.eu/risk-and-data-analysis/risk-analysis/risk-monitoring/risk-dashboard,2026-09-16,,,n/a,ratio,media_ponderada_volumen,por pais de la contraparte; muestra de bancos del EBA
Irlanda,inmueble_comercial_garantia_hipotecaria,Saldo bruto | Construccion (NACE F),1.7501,eur_miles_millones,2024-Q4,"EBA, Risk Dashboard (anexo de datos)",https://www.eba.europa.eu/risk-and-data-analysis/risk-analysis/risk-monitoring/risk-dashboard,2026-09-16,,,n/a,importe,media_ponderada_volumen,por pais de la contraparte; muestra de bancos del EBA
Irlanda,inmueble_comercial_garantia_hipotecaria,Ratio de NPL | Construccion (NACE F),2.7000,pct_cartera,2024-Q4,"EBA, Risk Dashboard (anexo de datos)",https://www.eba.europa.eu/risk-and-data-analysis/risk-analysis/risk-monitoring/risk-dashboard,2026-09-16,,,n/a,ratio,media_ponderada_volumen,por pais de la contraparte; muestra de bancos del EBA
Irlanda,inmueble_comercial_garantia_hipotecaria,Saldo bruto | Actividades inmobiliarias (NACE L),10.3740,eur_miles_millones,2025-Q1,"EBA, Risk Dashboard (anexo de datos)",https://www.eba.europa.eu/risk-and-data-analysis/risk-analysis/risk-monitoring/risk-dashboard,2026-09-16,,,n/a,importe,media_ponderada_volumen,por pais de la contraparte; muestra de bancos del EBA
Irlanda,inmueble_comercial_garantia_hipotecaria,Ratio de NPL | Actividades inmobiliarias (NACE L),6.9567,pct_cartera,2025-Q1,"EBA, Risk Dashboard (anexo de datos)",https://www.eba.europa.eu/risk-and-data-analysis/risk-analysis/risk-monitoring/risk-dashboard,2026-09-16,,,n/a,ratio,media_ponderada_volumen,por pais de la contraparte; muestra de bancos del EBA
Irlanda,inmueble_comercial_garantia_hipotecaria,Saldo bruto | Construccion (NACE F),1.8793,eur_miles_millones,2025-Q1,"EBA, Risk Dashboard (anexo de datos)",https://www.eba.europa.eu/risk-and-data-analysis/risk-analysis/risk-monitoring/risk-dashboard,2026-09-16,,,n/a,importe,media_ponderada_volumen,por pais de la contraparte; muestra de bancos del EBA
Irlanda,inmueble_comercial_garantia_hipotecaria,Ratio de NPL | Construccion (NACE F),2.1701,pct_cartera,2025-Q1,"EBA, Risk Dashboard (anexo de datos)",https://www.eba.europa.eu/risk-and-data-analysis/risk-analysis/risk-monitoring/risk-dashboard,2026-09-16,,,n/a,ratio,media_ponderada_volumen,por pais de la contraparte; muestra de bancos del EBA
Irlanda,inmueble_comercial_garantia_hipotecaria,Saldo bruto | Actividades inmobiliarias (NACE L),10.3364,eur_miles_millones,2025-Q2,"EBA, Risk Dashboard (anexo de datos)",https://www.eba.europa.eu/risk-and-data-analysis/risk-analysis/risk-monitoring/risk-dashboard,2026-09-16,,,n/a,importe,media_ponderada_volumen,por pais de la contraparte; muestra de bancos del EBA
Irlanda,inmueble_comercial_garantia_hipotecaria,Ratio de NPL | Actividades inmobiliarias (NACE L),7.0099,pct_cartera,2025-Q2,"EBA, Risk Dashboard (anexo de datos)",https://www.eba.europa.eu/risk-and-data-analysis/risk-analysis/risk-monitoring/risk-dashboard,2026-09-16,,,n/a,ratio,media_ponderada_volumen,por pais de la contraparte; muestra de bancos del EBA
Irlanda,inmueble_comercial_garantia_hipotecaria,Saldo bruto | Construccion (NACE F),1.9098,eur_miles_millones,2025-Q2,"EBA, Risk Dashboard (anexo de datos)",https://www.eba.europa.eu/risk-and-data-analysis/risk-analysis/risk-monitoring/risk-dashboard,2026-09-16,,,n/a,importe,media_ponderada_volumen,por pais de la contraparte; muestra de bancos del EBA
Irlanda,inmueble_comercial_garantia_hipotecaria,Ratio de NPL | Construccion (NACE F),1.9922,pct_cartera,2025-Q2,"EBA, Risk Dashboard (anexo de datos)",https://www.eba.europa.eu/risk-and-data-analysis/risk-analysis/risk-monitoring/risk-dashboard,2026-09-16,,,n/a,ratio,media_ponderada_volumen,por pais de la contraparte; muestra de bancos del EBA
Irlanda,inmueble_comercial_garantia_hipotecaria,Saldo bruto | Actividades inmobiliarias (NACE L),10.5655,eur_miles_millones,2025-Q3,"EBA, Risk Dashboard (anexo de datos)",https://www.eba.europa.eu/risk-and-data-analysis/risk-analysis/risk-monitoring/risk-dashboard,2026-09-16,,,n/a,importe,media_ponderada_volumen,por pais de la contraparte; muestra de bancos del EBA
Irlanda,inmueble_comercial_garantia_hipotecaria,Ratio de NPL | Actividades inmobiliarias (NACE L),6.9208,pct_cartera,2025-Q3,"EBA, Risk Dashboard (anexo de datos)",https://www.eba.europa.eu/risk-and-data-analysis/risk-analysis/risk-monitoring/risk-dashboard,2026-09-16,,,n/a,ratio,media_ponderada_volumen,por pais de la contraparte; muestra de bancos del EBA
Irlanda,inmueble_comercial_garantia_hipotecaria,Saldo bruto | Construccion (NACE F),1.9232,eur_miles_millones,2025-Q3,"EBA, Risk Dashboard (anexo de datos)",https://www.eba.europa.eu/risk-and-data-analysis/risk-analysis/risk-monitoring/risk-dashboard,2026-09-16,,,n/a,importe,media_ponderada_volumen,por pais de la contraparte; muestra de bancos del EBA
Irlanda,inmueble_comercial_garantia_hipotecaria,Ratio de NPL | Construccion (NACE F),1.8319,pct_cartera,2025-Q3,"EBA, Risk Dashboard (anexo de datos)",https://www.eba.europa.eu/risk-and-data-analysis/risk-analysis/risk-monitoring/risk-dashboard,2026-09-16,,,n/a,ratio,media_ponderada_volumen,por pais de la contraparte; muestra de bancos del EBA
Irlanda,inmueble_comercial_garantia_hipotecaria,Saldo bruto | Actividades inmobiliarias (NACE L),10.4790,eur_miles_millones,2025-Q4,"EBA, Risk Dashboard (anexo de datos)",https://www.eba.europa.eu/risk-and-data-analysis/risk-analysis/risk-monitoring/risk-dashboard,2026-09-16,,,n/a,importe,media_ponderada_volumen,por pais de la contraparte; muestra de bancos del EBA
Irlanda,inmueble_comercial_garantia_hipotecaria,Ratio de NPL | Actividades inmobiliarias (NACE L),4.1038,pct_cartera,2025-Q4,"EBA, Risk Dashboard (anexo de datos)",https://www.eba.europa.eu/risk-and-data-analysis/risk-analysis/risk-monitoring/risk-dashboard,2026-09-16,,,n/a,ratio,media_ponderada_volumen,por pais de la contraparte; muestra de bancos del EBA
Irlanda,inmueble_comercial_garantia_hipotecaria,Saldo bruto | Construccion (NACE F),1.4203,eur_miles_millones,2025-Q4,"EBA, Risk Dashboard (anexo de datos)",https://www.eba.europa.eu/risk-and-data-analysis/risk-analysis/risk-monitoring/risk-dashboard,2026-09-16,,,n/a,importe,media_ponderada_volumen,por pais de la contraparte; muestra de bancos del EBA
Irlanda,inmueble_comercial_garantia_hipotecaria,Ratio de NPL | Construccion (NACE F),1.7209,pct_cartera,2025-Q4,"EBA, Risk Dashboard (anexo de datos)",https://www.eba.europa.eu/risk-and-data-analysis/risk-analysis/risk-monitoring/risk-dashboard,2026-09-16,,,n/a,ratio,media_ponderada_volumen,por pais de la contraparte; muestra de bancos del EBA
Irlanda,inmueble_comercial_garantia_hipotecaria,Saldo bruto | Actividades inmobiliarias (NACE L),9.5146,eur_miles_millones,2026-Q1,"EBA, Risk Dashboard (anexo de datos)",https://www.eba.europa.eu/risk-and-data-analysis/risk-analysis/risk-monitoring/risk-dashboard,2026-09-16,,,n/a,importe,media_ponderada_volumen,por pais de la contraparte; muestra de bancos del EBA
Irlanda,inmueble_comercial_garantia_hipotecaria,Ratio de NPL | Actividades inmobiliarias (NACE L),4.0211,pct_cartera,2026-Q1,"EBA, Risk Dashboard (anexo de datos)",https://www.eba.europa.eu/risk-and-data-analysis/risk-analysis/risk-monitoring/risk-dashboard,2026-09-16,,,n/a,ratio,media_ponderada_volumen,por pais de la contraparte; muestra de bancos del EBA
Irlanda,inmueble_comercial_garantia_hipotecaria,Saldo bruto | Construccion (NACE F),1.7173,eur_miles_millones,2026-Q1,"EBA, Risk Dashboard (anexo de datos)",https://www.eba.europa.eu/risk-and-data-analysis/risk-analysis/risk-monitoring/risk-dashboard,2026-09-16,,,n/a,importe,media_ponderada_volumen,por pais de la contraparte; muestra de bancos del EBA
Irlanda,inmueble_comercial_garantia_hipotecaria,Ratio de NPL | Construccion (NACE F),1.3120,pct_cartera,2026-Q1,"EBA, Risk Dashboard (anexo de datos)",https://www.eba.europa.eu/risk-and-data-analysis/risk-analysis/risk-monitoring/risk-dashboard,2026-09-16,,,n/a,ratio,media_ponderada_volumen,por pais de la contraparte; muestra de bancos del EBA
Italia,inmueble_comercial_garantia_hipotecaria,Saldo bruto | Actividades inmobiliarias (NACE L),40.1880,eur_miles_millones,2024-Q1,"EBA, Risk Dashboard (anexo de datos)",https://www.eba.europa.eu/risk-and-data-analysis/risk-analysis/risk-monitoring/risk-dashboard,2026-09-16,,,n/a,importe,media_ponderada_volumen,por pais de la contraparte; muestra de bancos del EBA
Italia,inmueble_comercial_garantia_hipotecaria,Ratio de NPL | Actividades inmobiliarias (NACE L),8.0904,pct_cartera,2024-Q1,"EBA, Risk Dashboard (anexo de datos)",https://www.eba.europa.eu/risk-and-data-analysis/risk-analysis/risk-monitoring/risk-dashboard,2026-09-16,,,n/a,ratio,media_ponderada_volumen,por pais de la contraparte; muestra de bancos del EBA
Italia,inmueble_comercial_garantia_hipotecaria,Saldo bruto | Construccion (NACE F),33.0877,eur_miles_millones,2024-Q1,"EBA, Risk Dashboard (anexo de datos)",https://www.eba.europa.eu/risk-and-data-analysis/risk-analysis/risk-monitoring/risk-dashboard,2026-09-16,,,n/a,importe,media_ponderada_volumen,por pais de la contraparte; muestra de bancos del EBA
Italia,inmueble_comercial_garantia_hipotecaria,Ratio de NPL | Construccion (NACE F),9.1184,pct_cartera,2024-Q1,"EBA, Risk Dashboard (anexo de datos)",https://www.eba.europa.eu/risk-and-data-analysis/risk-analysis/risk-monitoring/risk-dashboard,2026-09-16,,,n/a,ratio,media_ponderada_volumen,por pais de la contraparte; muestra de bancos del EBA
Italia,inmueble_comercial_garantia_hipotecaria,Saldo bruto | Actividades inmobiliarias (NACE L),38.4655,eur_miles_millones,2024-Q2,"EBA, Risk Dashboard (anexo de datos)",https://www.eba.europa.eu/risk-and-data-analysis/risk-analysis/risk-monitoring/risk-dashboard,2026-09-16,,,n/a,importe,media_ponderada_volumen,por pais de la contraparte; muestra de bancos del EBA
Italia,inmueble_comercial_garantia_hipotecaria,Ratio de NPL | Actividades inmobiliarias (NACE L),7.3438,pct_cartera,2024-Q2,"EBA, Risk Dashboard (anexo de datos)",https://www.eba.europa.eu/risk-and-data-analysis/risk-analysis/risk-monitoring/risk-dashboard,2026-09-16,,,n/a,ratio,media_ponderada_volumen,por pais de la contraparte; muestra de bancos del EBA
Italia,inmueble_comercial_garantia_hipotecaria,Saldo bruto | Construccion (NACE F),31.8195,eur_miles_millones,2024-Q2,"EBA, Risk Dashboard (anexo de datos)",https://www.eba.europa.eu/risk-and-data-analysis/risk-analysis/risk-monitoring/risk-dashboard,2026-09-16,,,n/a,importe,media_ponderada_volumen,por pais de la contraparte; muestra de bancos del EBA
Italia,inmueble_comercial_garantia_hipotecaria,Ratio de NPL | Construccion (NACE F),8.7726,pct_cartera,2024-Q2,"EBA, Risk Dashboard (anexo de datos)",https://www.eba.europa.eu/risk-and-data-analysis/risk-analysis/risk-monitoring/risk-dashboard,2026-09-16,,,n/a,ratio,media_ponderada_volumen,por pais de la contraparte; muestra de bancos del EBA
Italia,inmueble_comercial_garantia_hipotecaria,Saldo bruto | Actividades inmobiliarias (NACE L),39.1196,eur_miles_millones,2024-Q3,"EBA, Risk Dashboard (anexo de datos)",https://www.eba.europa.eu/risk-and-data-analysis/risk-analysis/risk-monitoring/risk-dashboard,2026-09-16,,,n/a,importe,media_ponderada_volumen,por pais de la contraparte; muestra de bancos del EBA
Italia,inmueble_comercial_garantia_hipotecaria,Ratio de NPL | Actividades inmobiliarias (NACE L),7.3182,pct_cartera,2024-Q3,"EBA, Risk Dashboard (anexo de datos)",https://www.eba.europa.eu/risk-and-data-analysis/risk-analysis/risk-monitoring/risk-dashboard,2026-09-16,,,n/a,ratio,media_ponderada_volumen,por pais de la contraparte; muestra de bancos del EBA
Italia,inmueble_comercial_garantia_hipotecaria,Saldo bruto | Construccion (NACE F),32.1417,eur_miles_millones,2024-Q3,"EBA, Risk Dashboard (anexo de datos)",https://www.eba.europa.eu/risk-and-data-analysis/risk-analysis/risk-monitoring/risk-dashboard,2026-09-16,,,n/a,importe,media_ponderada_volumen,por pais de la contraparte; muestra de bancos del EBA
Italia,inmueble_comercial_garantia_hipotecaria,Ratio de NPL | Construccion (NACE F),8.8030,pct_cartera,2024-Q3,"EBA, Risk Dashboard (anexo de datos)",https://www.eba.europa.eu/risk-and-data-analysis/risk-analysis/risk-monitoring/risk-dashboard,2026-09-16,,,n/a,ratio,media_ponderada_volumen,por pais de la contraparte; muestra de bancos del EBA
Italia,inmueble_comercial_garantia_hipotecaria,Saldo bruto | Actividades inmobiliarias (NACE L),38.5115,eur_miles_millones,2024-Q4,"EBA, Risk Dashboard (anexo de datos)",https://www.eba.europa.eu/risk-and-data-analysis/risk-analysis/risk-monitoring/risk-dashboard,2026-09-16,,,n/a,importe,media_ponderada_volumen,por pais de la contraparte; muestra de bancos del EBA
Italia,inmueble_comercial_garantia_hipotecaria,Ratio de NPL | Actividades inmobiliarias (NACE L),6.2210,pct_cartera,2024-Q4,"EBA, Risk Dashboard (anexo de datos)",https://www.eba.europa.eu/risk-and-data-analysis/risk-analysis/risk-monitoring/risk-dashboard,2026-09-16,,,n/a,ratio,media_ponderada_volumen,por pais de la contraparte; muestra de bancos del EBA
Italia,inmueble_comercial_garantia_hipotecaria,Saldo bruto | Construccion (NACE F),30.3789,eur_miles_millones,2024-Q4,"EBA, Risk Dashboard (anexo de datos)",https://www.eba.europa.eu/risk-and-data-analysis/risk-analysis/risk-monitoring/risk-dashboard,2026-09-16,,,n/a,importe,media_ponderada_volumen,por pais de la contraparte; muestra de bancos del EBA
Italia,inmueble_comercial_garantia_hipotecaria,Ratio de NPL | Construccion (NACE F),9.5915,pct_cartera,2024-Q4,"EBA, Risk Dashboard (anexo de datos)",https://www.eba.europa.eu/risk-and-data-analysis/risk-analysis/risk-monitoring/risk-dashboard,2026-09-16,,,n/a,ratio,media_ponderada_volumen,por pais de la contraparte; muestra de bancos del EBA
Italia,inmueble_comercial_garantia_hipotecaria,Saldo bruto | Actividades inmobiliarias (NACE L),38.3010,eur_miles_millones,2025-Q1,"EBA, Risk Dashboard (anexo de datos)",https://www.eba.europa.eu/risk-and-data-analysis/risk-analysis/risk-monitoring/risk-dashboard,2026-09-16,,,n/a,importe,media_ponderada_volumen,por pais de la contraparte; muestra de bancos del EBA
Italia,inmueble_comercial_garantia_hipotecaria,Ratio de NPL | Actividades inmobiliarias (NACE L),5.7240,pct_cartera,2025-Q1,"EBA, Risk Dashboard (anexo de datos)",https://www.eba.europa.eu/risk-and-data-analysis/risk-analysis/risk-monitoring/risk-dashboard,2026-09-16,,,n/a,ratio,media_ponderada_volumen,por pais de la contraparte; muestra de bancos del EBA
Italia,inmueble_comercial_garantia_hipotecaria,Saldo bruto | Construccion (NACE F),30.6257,eur_miles_millones,2025-Q1,"EBA, Risk Dashboard (anexo de datos)",https://www.eba.europa.eu/risk-and-data-analysis/risk-analysis/risk-monitoring/risk-dashboard,2026-09-16,,,n/a,importe,media_ponderada_volumen,por pais de la contraparte; muestra de bancos del EBA
Italia,inmueble_comercial_garantia_hipotecaria,Ratio de NPL | Construccion (NACE F),9.1925,pct_cartera,2025-Q1,"EBA, Risk Dashboard (anexo de datos)",https://www.eba.europa.eu/risk-and-data-analysis/risk-analysis/risk-monitoring/risk-dashboard,2026-09-16,,,n/a,ratio,media_ponderada_volumen,por pais de la contraparte; muestra de bancos del EBA
Italia,inmueble_comercial_garantia_hipotecaria,Saldo bruto | Actividades inmobiliarias (NACE L),37.7707,eur_miles_millones,2025-Q2,"EBA, Risk Dashboard (anexo de datos)",https://www.eba.europa.eu/risk-and-data-analysis/risk-analysis/risk-monitoring/risk-dashboard,2026-09-16,,,n/a,importe,media_ponderada_volumen,por pais de la contraparte; muestra de bancos del EBA
Italia,inmueble_comercial_garantia_hipotecaria,Ratio de NPL | Actividades inmobiliarias (NACE L),5.5078,pct_cartera,2025-Q2,"EBA, Risk Dashboard (anexo de datos)",https://www.eba.europa.eu/risk-and-data-analysis/risk-analysis/risk-monitoring/risk-dashboard,2026-09-16,,,n/a,ratio,media_ponderada_volumen,por pais de la contraparte; muestra de bancos del EBA
Italia,inmueble_comercial_garantia_hipotecaria,Saldo bruto | Construccion (NACE F),29.9616,eur_miles_millones,2025-Q2,"EBA, Risk Dashboard (anexo de datos)",https://www.eba.europa.eu/risk-and-data-analysis/risk-analysis/risk-monitoring/risk-dashboard,2026-09-16,,,n/a,importe,media_ponderada_volumen,por pais de la contraparte; muestra de bancos del EBA
Italia,inmueble_comercial_garantia_hipotecaria,Ratio de NPL | Construccion (NACE F),9.0236,pct_cartera,2025-Q2,"EBA, Risk Dashboard (anexo de datos)",https://www.eba.europa.eu/risk-and-data-analysis/risk-analysis/risk-monitoring/risk-dashboard,2026-09-16,,,n/a,ratio,media_ponderada_volumen,por pais de la contraparte; muestra de bancos del EBA
Italia,inmueble_comercial_garantia_hipotecaria,Saldo bruto | Actividades inmobiliarias (NACE L),36.9697,eur_miles_millones,2025-Q3,"EBA, Risk Dashboard (anexo de datos)",https://www.eba.europa.eu/risk-and-data-analysis/risk-analysis/risk-monitoring/risk-dashboard,2026-09-16,,,n/a,importe,media_ponderada_volumen,por pais de la contraparte; muestra de bancos del EBA
Italia,inmueble_comercial_garantia_hipotecaria,Ratio de NPL | Actividades inmobiliarias (NACE L),5.3410,pct_cartera,2025-Q3,"EBA, Risk Dashboard (anexo de datos)",https://www.eba.europa.eu/risk-and-data-analysis/risk-analysis/risk-monitoring/risk-dashboard,2026-09-16,,,n/a,ratio,media_ponderada_volumen,por pais de la contraparte; muestra de bancos del EBA
Italia,inmueble_comercial_garantia_hipotecaria,Saldo bruto | Construccion (NACE F),29.9119,eur_miles_millones,2025-Q3,"EBA, Risk Dashboard (anexo de datos)",https://www.eba.europa.eu/risk-and-data-analysis/risk-analysis/risk-monitoring/risk-dashboard,2026-09-16,,,n/a,importe,media_ponderada_volumen,por pais de la contraparte; muestra de bancos del EBA
Italia,inmueble_comercial_garantia_hipotecaria,Ratio de NPL | Construccion (NACE F),8.8529,pct_cartera,2025-Q3,"EBA, Risk Dashboard (anexo de datos)",https://www.eba.europa.eu/risk-and-data-analysis/risk-analysis/risk-monitoring/risk-dashboard,2026-09-16,,,n/a,ratio,media_ponderada_volumen,por pais de la contraparte; muestra de bancos del EBA
Italia,inmueble_comercial_garantia_hipotecaria,Saldo bruto | Actividades inmobiliarias (NACE L),35.9384,eur_miles_millones,2025-Q4,"EBA, Risk Dashboard (anexo de datos)",https://www.eba.europa.eu/risk-and-data-analysis/risk-analysis/risk-monitoring/risk-dashboard,2026-09-16,,,n/a,importe,media_ponderada_volumen,por pais de la contraparte; muestra de bancos del EBA
Italia,inmueble_comercial_garantia_hipotecaria,Ratio de NPL | Actividades inmobiliarias (NACE L),3.8630,pct_cartera,2025-Q4,"EBA, Risk Dashboard (anexo de datos)",https://www.eba.europa.eu/risk-and-data-analysis/risk-analysis/risk-monitoring/risk-dashboard,2026-09-16,,,n/a,ratio,media_ponderada_volumen,por pais de la contraparte; muestra de bancos del EBA
Italia,inmueble_comercial_garantia_hipotecaria,Saldo bruto | Construccion (NACE F),28.6626,eur_miles_millones,2025-Q4,"EBA, Risk Dashboard (anexo de datos)",https://www.eba.europa.eu/risk-and-data-analysis/risk-analysis/risk-monitoring/risk-dashboard,2026-09-16,,,n/a,importe,media_ponderada_volumen,por pais de la contraparte; muestra de bancos del EBA
Italia,inmueble_comercial_garantia_hipotecaria,Ratio de NPL | Construccion (NACE F),7.3844,pct_cartera,2025-Q4,"EBA, Risk Dashboard (anexo de datos)",https://www.eba.europa.eu/risk-and-data-analysis/risk-analysis/risk-monitoring/risk-dashboard,2026-09-16,,,n/a,ratio,media_ponderada_volumen,por pais de la contraparte; muestra de bancos del EBA
Italia,inmueble_comercial_garantia_hipotecaria,Saldo bruto | Actividades inmobiliarias (NACE L),41.7339,eur_miles_millones,2026-Q1,"EBA, Risk Dashboard (anexo de datos)",https://www.eba.europa.eu/risk-and-data-analysis/risk-analysis/risk-monitoring/risk-dashboard,2026-09-16,,,n/a,importe,media_ponderada_volumen,por pais de la contraparte; muestra de bancos del EBA
Italia,inmueble_comercial_garantia_hipotecaria,Ratio de NPL | Actividades inmobiliarias (NACE L),4.2394,pct_cartera,2026-Q1,"EBA, Risk Dashboard (anexo de datos)",https://www.eba.europa.eu/risk-and-data-analysis/risk-analysis/risk-monitoring/risk-dashboard,2026-09-16,,,n/a,ratio,media_ponderada_volumen,por pais de la contraparte; muestra de bancos del EBA
Italia,inmueble_comercial_garantia_hipotecaria,Saldo bruto | Construccion (NACE F),29.9167,eur_miles_millones,2026-Q1,"EBA, Risk Dashboard (anexo de datos)",https://www.eba.europa.eu/risk-and-data-analysis/risk-analysis/risk-monitoring/risk-dashboard,2026-09-16,,,n/a,importe,media_ponderada_volumen,por pais de la contraparte; muestra de bancos del EBA
Italia,inmueble_comercial_garantia_hipotecaria,Ratio de NPL | Construccion (NACE F),7.1816,pct_cartera,2026-Q1,"EBA, Risk Dashboard (anexo de datos)",https://www.eba.europa.eu/risk-and-data-analysis/risk-analysis/risk-monitoring/risk-dashboard,2026-09-16,,,n/a,ratio,media_ponderada_volumen,por pais de la contraparte; muestra de bancos del EBA
Paises Bajos,inmueble_comercial_garantia_hipotecaria,Saldo bruto | Actividades inmobiliarias (NACE L),53.3737,eur_miles_millones,2024-Q1,"EBA, Risk Dashboard (anexo de datos)",https://www.eba.europa.eu/risk-and-data-analysis/risk-analysis/risk-monitoring/risk-dashboard,2026-09-16,,,n/a,importe,media_ponderada_volumen,por pais de la contraparte; muestra de bancos del EBA
Paises Bajos,inmueble_comercial_garantia_hipotecaria,Ratio de NPL | Actividades inmobiliarias (NACE L),1.1314,pct_cartera,2024-Q1,"EBA, Risk Dashboard (anexo de datos)",https://www.eba.europa.eu/risk-and-data-analysis/risk-analysis/risk-monitoring/risk-dashboard,2026-09-16,,,n/a,ratio,media_ponderada_volumen,por pais de la contraparte; muestra de bancos del EBA
Paises Bajos,inmueble_comercial_garantia_hipotecaria,Saldo bruto | Construccion (NACE F),11.2334,eur_miles_millones,2024-Q1,"EBA, Risk Dashboard (anexo de datos)",https://www.eba.europa.eu/risk-and-data-analysis/risk-analysis/risk-monitoring/risk-dashboard,2026-09-16,,,n/a,importe,media_ponderada_volumen,por pais de la contraparte; muestra de bancos del EBA
Paises Bajos,inmueble_comercial_garantia_hipotecaria,Ratio de NPL | Construccion (NACE F),3.3699,pct_cartera,2024-Q1,"EBA, Risk Dashboard (anexo de datos)",https://www.eba.europa.eu/risk-and-data-analysis/risk-analysis/risk-monitoring/risk-dashboard,2026-09-16,,,n/a,ratio,media_ponderada_volumen,por pais de la contraparte; muestra de bancos del EBA
Paises Bajos,inmueble_comercial_garantia_hipotecaria,Saldo bruto | Actividades inmobiliarias (NACE L),54.0376,eur_miles_millones,2024-Q2,"EBA, Risk Dashboard (anexo de datos)",https://www.eba.europa.eu/risk-and-data-analysis/risk-analysis/risk-monitoring/risk-dashboard,2026-09-16,,,n/a,importe,media_ponderada_volumen,por pais de la contraparte; muestra de bancos del EBA
Paises Bajos,inmueble_comercial_garantia_hipotecaria,Ratio de NPL | Actividades inmobiliarias (NACE L),0.9874,pct_cartera,2024-Q2,"EBA, Risk Dashboard (anexo de datos)",https://www.eba.europa.eu/risk-and-data-analysis/risk-analysis/risk-monitoring/risk-dashboard,2026-09-16,,,n/a,ratio,media_ponderada_volumen,por pais de la contraparte; muestra de bancos del EBA
Paises Bajos,inmueble_comercial_garantia_hipotecaria,Saldo bruto | Construccion (NACE F),11.4083,eur_miles_millones,2024-Q2,"EBA, Risk Dashboard (anexo de datos)",https://www.eba.europa.eu/risk-and-data-analysis/risk-analysis/risk-monitoring/risk-dashboard,2026-09-16,,,n/a,importe,media_ponderada_volumen,por pais de la contraparte; muestra de bancos del EBA
Paises Bajos,inmueble_comercial_garantia_hipotecaria,Ratio de NPL | Construccion (NACE F),3.1094,pct_cartera,2024-Q2,"EBA, Risk Dashboard (anexo de datos)",https://www.eba.europa.eu/risk-and-data-analysis/risk-analysis/risk-monitoring/risk-dashboard,2026-09-16,,,n/a,ratio,media_ponderada_volumen,por pais de la contraparte; muestra de bancos del EBA
Paises Bajos,inmueble_comercial_garantia_hipotecaria,Saldo bruto | Actividades inmobiliarias (NACE L),54.4472,eur_miles_millones,2024-Q3,"EBA, Risk Dashboard (anexo de datos)",https://www.eba.europa.eu/risk-and-data-analysis/risk-analysis/risk-monitoring/risk-dashboard,2026-09-16,,,n/a,importe,media_ponderada_volumen,por pais de la contraparte; muestra de bancos del EBA
Paises Bajos,inmueble_comercial_garantia_hipotecaria,Ratio de NPL | Actividades inmobiliarias (NACE L),1.0887,pct_cartera,2024-Q3,"EBA, Risk Dashboard (anexo de datos)",https://www.eba.europa.eu/risk-and-data-analysis/risk-analysis/risk-monitoring/risk-dashboard,2026-09-16,,,n/a,ratio,media_ponderada_volumen,por pais de la contraparte; muestra de bancos del EBA
Paises Bajos,inmueble_comercial_garantia_hipotecaria,Saldo bruto | Construccion (NACE F),11.8273,eur_miles_millones,2024-Q3,"EBA, Risk Dashboard (anexo de datos)",https://www.eba.europa.eu/risk-and-data-analysis/risk-analysis/risk-monitoring/risk-dashboard,2026-09-16,,,n/a,importe,media_ponderada_volumen,por pais de la contraparte; muestra de bancos del EBA
Paises Bajos,inmueble_comercial_garantia_hipotecaria,Ratio de NPL | Construccion (NACE F),3.6933,pct_cartera,2024-Q3,"EBA, Risk Dashboard (anexo de datos)",https://www.eba.europa.eu/risk-and-data-analysis/risk-analysis/risk-monitoring/risk-dashboard,2026-09-16,,,n/a,ratio,media_ponderada_volumen,por pais de la contraparte; muestra de bancos del EBA
Paises Bajos,inmueble_comercial_garantia_hipotecaria,Saldo bruto | Actividades inmobiliarias (NACE L),54.7340,eur_miles_millones,2024-Q4,"EBA, Risk Dashboard (anexo de datos)",https://www.eba.europa.eu/risk-and-data-analysis/risk-analysis/risk-monitoring/risk-dashboard,2026-09-16,,,n/a,importe,media_ponderada_volumen,por pais de la contraparte; muestra de bancos del EBA
Paises Bajos,inmueble_comercial_garantia_hipotecaria,Ratio de NPL | Actividades inmobiliarias (NACE L),0.9860,pct_cartera,2024-Q4,"EBA, Risk Dashboard (anexo de datos)",https://www.eba.europa.eu/risk-and-data-analysis/risk-analysis/risk-monitoring/risk-dashboard,2026-09-16,,,n/a,ratio,media_ponderada_volumen,por pais de la contraparte; muestra de bancos del EBA
Paises Bajos,inmueble_comercial_garantia_hipotecaria,Saldo bruto | Construccion (NACE F),12.0426,eur_miles_millones,2024-Q4,"EBA, Risk Dashboard (anexo de datos)",https://www.eba.europa.eu/risk-and-data-analysis/risk-analysis/risk-monitoring/risk-dashboard,2026-09-16,,,n/a,importe,media_ponderada_volumen,por pais de la contraparte; muestra de bancos del EBA
Paises Bajos,inmueble_comercial_garantia_hipotecaria,Ratio de NPL | Construccion (NACE F),3.4035,pct_cartera,2024-Q4,"EBA, Risk Dashboard (anexo de datos)",https://www.eba.europa.eu/risk-and-data-analysis/risk-analysis/risk-monitoring/risk-dashboard,2026-09-16,,,n/a,ratio,media_ponderada_volumen,por pais de la contraparte; muestra de bancos del EBA
Paises Bajos,inmueble_comercial_garantia_hipotecaria,Saldo bruto | Actividades inmobiliarias (NACE L),54.6761,eur_miles_millones,2025-Q1,"EBA, Risk Dashboard (anexo de datos)",https://www.eba.europa.eu/risk-and-data-analysis/risk-analysis/risk-monitoring/risk-dashboard,2026-09-16,,,n/a,importe,media_ponderada_volumen,por pais de la contraparte; muestra de bancos del EBA
Paises Bajos,inmueble_comercial_garantia_hipotecaria,Ratio de NPL | Actividades inmobiliarias (NACE L),0.7021,pct_cartera,2025-Q1,"EBA, Risk Dashboard (anexo de datos)",https://www.eba.europa.eu/risk-and-data-analysis/risk-analysis/risk-monitoring/risk-dashboard,2026-09-16,,,n/a,ratio,media_ponderada_volumen,por pais de la contraparte; muestra de bancos del EBA
Paises Bajos,inmueble_comercial_garantia_hipotecaria,Saldo bruto | Construccion (NACE F),11.9557,eur_miles_millones,2025-Q1,"EBA, Risk Dashboard (anexo de datos)",https://www.eba.europa.eu/risk-and-data-analysis/risk-analysis/risk-monitoring/risk-dashboard,2026-09-16,,,n/a,importe,media_ponderada_volumen,por pais de la contraparte; muestra de bancos del EBA
Paises Bajos,inmueble_comercial_garantia_hipotecaria,Ratio de NPL | Construccion (NACE F),3.2095,pct_cartera,2025-Q1,"EBA, Risk Dashboard (anexo de datos)",https://www.eba.europa.eu/risk-and-data-analysis/risk-analysis/risk-monitoring/risk-dashboard,2026-09-16,,,n/a,ratio,media_ponderada_volumen,por pais de la contraparte; muestra de bancos del EBA
Paises Bajos,inmueble_comercial_garantia_hipotecaria,Saldo bruto | Actividades inmobiliarias (NACE L),55.3861,eur_miles_millones,2025-Q2,"EBA, Risk Dashboard (anexo de datos)",https://www.eba.europa.eu/risk-and-data-analysis/risk-analysis/risk-monitoring/risk-dashboard,2026-09-16,,,n/a,importe,media_ponderada_volumen,por pais de la contraparte; muestra de bancos del EBA
Paises Bajos,inmueble_comercial_garantia_hipotecaria,Ratio de NPL | Actividades inmobiliarias (NACE L),0.6091,pct_cartera,2025-Q2,"EBA, Risk Dashboard (anexo de datos)",https://www.eba.europa.eu/risk-and-data-analysis/risk-analysis/risk-monitoring/risk-dashboard,2026-09-16,,,n/a,ratio,media_ponderada_volumen,por pais de la contraparte; muestra de bancos del EBA
Paises Bajos,inmueble_comercial_garantia_hipotecaria,Saldo bruto | Construccion (NACE F),12.2822,eur_miles_millones,2025-Q2,"EBA, Risk Dashboard (anexo de datos)",https://www.eba.europa.eu/risk-and-data-analysis/risk-analysis/risk-monitoring/risk-dashboard,2026-09-16,,,n/a,importe,media_ponderada_volumen,por pais de la contraparte; muestra de bancos del EBA
Paises Bajos,inmueble_comercial_garantia_hipotecaria,Ratio de NPL | Construccion (NACE F),3.5722,pct_cartera,2025-Q2,"EBA, Risk Dashboard (anexo de datos)",https://www.eba.europa.eu/risk-and-data-analysis/risk-analysis/risk-monitoring/risk-dashboard,2026-09-16,,,n/a,ratio,media_ponderada_volumen,por pais de la contraparte; muestra de bancos del EBA
Paises Bajos,inmueble_comercial_garantia_hipotecaria,Saldo bruto | Actividades inmobiliarias (NACE L),54.7993,eur_miles_millones,2025-Q3,"EBA, Risk Dashboard (anexo de datos)",https://www.eba.europa.eu/risk-and-data-analysis/risk-analysis/risk-monitoring/risk-dashboard,2026-09-16,,,n/a,importe,media_ponderada_volumen,por pais de la contraparte; muestra de bancos del EBA
Paises Bajos,inmueble_comercial_garantia_hipotecaria,Ratio de NPL | Actividades inmobiliarias (NACE L),0.5871,pct_cartera,2025-Q3,"EBA, Risk Dashboard (anexo de datos)",https://www.eba.europa.eu/risk-and-data-analysis/risk-analysis/risk-monitoring/risk-dashboard,2026-09-16,,,n/a,ratio,media_ponderada_volumen,por pais de la contraparte; muestra de bancos del EBA
Paises Bajos,inmueble_comercial_garantia_hipotecaria,Saldo bruto | Construccion (NACE F),12.4085,eur_miles_millones,2025-Q3,"EBA, Risk Dashboard (anexo de datos)",https://www.eba.europa.eu/risk-and-data-analysis/risk-analysis/risk-monitoring/risk-dashboard,2026-09-16,,,n/a,importe,media_ponderada_volumen,por pais de la contraparte; muestra de bancos del EBA
Paises Bajos,inmueble_comercial_garantia_hipotecaria,Ratio de NPL | Construccion (NACE F),3.3119,pct_cartera,2025-Q3,"EBA, Risk Dashboard (anexo de datos)",https://www.eba.europa.eu/risk-and-data-analysis/risk-analysis/risk-monitoring/risk-dashboard,2026-09-16,,,n/a,ratio,media_ponderada_volumen,por pais de la contraparte; muestra de bancos del EBA
Paises Bajos,inmueble_comercial_garantia_hipotecaria,Saldo bruto | Actividades inmobiliarias (NACE L),56.5970,eur_miles_millones,2025-Q4,"EBA, Risk Dashboard (anexo de datos)",https://www.eba.europa.eu/risk-and-data-analysis/risk-analysis/risk-monitoring/risk-dashboard,2026-09-16,,,n/a,importe,media_ponderada_volumen,por pais de la contraparte; muestra de bancos del EBA
Paises Bajos,inmueble_comercial_garantia_hipotecaria,Ratio de NPL | Actividades inmobiliarias (NACE L),0.4630,pct_cartera,2025-Q4,"EBA, Risk Dashboard (anexo de datos)",https://www.eba.europa.eu/risk-and-data-analysis/risk-analysis/risk-monitoring/risk-dashboard,2026-09-16,,,n/a,ratio,media_ponderada_volumen,por pais de la contraparte; muestra de bancos del EBA
Paises Bajos,inmueble_comercial_garantia_hipotecaria,Saldo bruto | Construccion (NACE F),12.8791,eur_miles_millones,2025-Q4,"EBA, Risk Dashboard (anexo de datos)",https://www.eba.europa.eu/risk-and-data-analysis/risk-analysis/risk-monitoring/risk-dashboard,2026-09-16,,,n/a,importe,media_ponderada_volumen,por pais de la contraparte; muestra de bancos del EBA
Paises Bajos,inmueble_comercial_garantia_hipotecaria,Ratio de NPL | Construccion (NACE F),2.5243,pct_cartera,2025-Q4,"EBA, Risk Dashboard (anexo de datos)",https://www.eba.europa.eu/risk-and-data-analysis/risk-analysis/risk-monitoring/risk-dashboard,2026-09-16,,,n/a,ratio,media_ponderada_volumen,por pais de la contraparte; muestra de bancos del EBA
Paises Bajos,inmueble_comercial_garantia_hipotecaria,Saldo bruto | Actividades inmobiliarias (NACE L),59.6331,eur_miles_millones,2026-Q1,"EBA, Risk Dashboard (anexo de datos)",https://www.eba.europa.eu/risk-and-data-analysis/risk-analysis/risk-monitoring/risk-dashboard,2026-09-16,,,n/a,importe,media_ponderada_volumen,por pais de la contraparte; muestra de bancos del EBA
Paises Bajos,inmueble_comercial_garantia_hipotecaria,Ratio de NPL | Actividades inmobiliarias (NACE L),0.5203,pct_cartera,2026-Q1,"EBA, Risk Dashboard (anexo de datos)",https://www.eba.europa.eu/risk-and-data-analysis/risk-analysis/risk-monitoring/risk-dashboard,2026-09-16,,,n/a,ratio,media_ponderada_volumen,por pais de la contraparte; muestra de bancos del EBA
Paises Bajos,inmueble_comercial_garantia_hipotecaria,Saldo bruto | Construccion (NACE F),9.7369,eur_miles_millones,2026-Q1,"EBA, Risk Dashboard (anexo de datos)",https://www.eba.europa.eu/risk-and-data-analysis/risk-analysis/risk-monitoring/risk-dashboard,2026-09-16,,,n/a,importe,media_ponderada_volumen,por pais de la contraparte; muestra de bancos del EBA
Paises Bajos,inmueble_comercial_garantia_hipotecaria,Ratio de NPL | Construccion (NACE F),2.3807,pct_cartera,2026-Q1,"EBA, Risk Dashboard (anexo de datos)",https://www.eba.europa.eu/risk-and-data-analysis/risk-analysis/risk-monitoring/risk-dashboard,2026-09-16,,,n/a,ratio,media_ponderada_volumen,por pais de la contraparte; muestra de bancos del EBA
Portugal,inmueble_comercial_garantia_hipotecaria,Saldo bruto | Actividades inmobiliarias (NACE L),8.2227,eur_miles_millones,2024-Q1,"EBA, Risk Dashboard (anexo de datos)",https://www.eba.europa.eu/risk-and-data-analysis/risk-analysis/risk-monitoring/risk-dashboard,2026-09-16,,,n/a,importe,media_ponderada_volumen,por pais de la contraparte; muestra de bancos del EBA
Portugal,inmueble_comercial_garantia_hipotecaria,Ratio de NPL | Actividades inmobiliarias (NACE L),3.1859,pct_cartera,2024-Q1,"EBA, Risk Dashboard (anexo de datos)",https://www.eba.europa.eu/risk-and-data-analysis/risk-analysis/risk-monitoring/risk-dashboard,2026-09-16,,,n/a,ratio,media_ponderada_volumen,por pais de la contraparte; muestra de bancos del EBA
Portugal,inmueble_comercial_garantia_hipotecaria,Saldo bruto | Construccion (NACE F),6.0462,eur_miles_millones,2024-Q1,"EBA, Risk Dashboard (anexo de datos)",https://www.eba.europa.eu/risk-and-data-analysis/risk-analysis/risk-monitoring/risk-dashboard,2026-09-16,,,n/a,importe,media_ponderada_volumen,por pais de la contraparte; muestra de bancos del EBA
Portugal,inmueble_comercial_garantia_hipotecaria,Ratio de NPL | Construccion (NACE F),6.3312,pct_cartera,2024-Q1,"EBA, Risk Dashboard (anexo de datos)",https://www.eba.europa.eu/risk-and-data-analysis/risk-analysis/risk-monitoring/risk-dashboard,2026-09-16,,,n/a,ratio,media_ponderada_volumen,por pais de la contraparte; muestra de bancos del EBA
Portugal,inmueble_comercial_garantia_hipotecaria,Saldo bruto | Actividades inmobiliarias (NACE L),8.2982,eur_miles_millones,2024-Q2,"EBA, Risk Dashboard (anexo de datos)",https://www.eba.europa.eu/risk-and-data-analysis/risk-analysis/risk-monitoring/risk-dashboard,2026-09-16,,,n/a,importe,media_ponderada_volumen,por pais de la contraparte; muestra de bancos del EBA
Portugal,inmueble_comercial_garantia_hipotecaria,Ratio de NPL | Actividades inmobiliarias (NACE L),3.0027,pct_cartera,2024-Q2,"EBA, Risk Dashboard (anexo de datos)",https://www.eba.europa.eu/risk-and-data-analysis/risk-analysis/risk-monitoring/risk-dashboard,2026-09-16,,,n/a,ratio,media_ponderada_volumen,por pais de la contraparte; muestra de bancos del EBA
Portugal,inmueble_comercial_garantia_hipotecaria,Saldo bruto | Construccion (NACE F),6.0290,eur_miles_millones,2024-Q2,"EBA, Risk Dashboard (anexo de datos)",https://www.eba.europa.eu/risk-and-data-analysis/risk-analysis/risk-monitoring/risk-dashboard,2026-09-16,,,n/a,importe,media_ponderada_volumen,por pais de la contraparte; muestra de bancos del EBA
Portugal,inmueble_comercial_garantia_hipotecaria,Ratio de NPL | Construccion (NACE F),6.0282,pct_cartera,2024-Q2,"EBA, Risk Dashboard (anexo de datos)",https://www.eba.europa.eu/risk-and-data-analysis/risk-analysis/risk-monitoring/risk-dashboard,2026-09-16,,,n/a,ratio,media_ponderada_volumen,por pais de la contraparte; muestra de bancos del EBA
Portugal,inmueble_comercial_garantia_hipotecaria,Saldo bruto | Actividades inmobiliarias (NACE L),8.7905,eur_miles_millones,2024-Q3,"EBA, Risk Dashboard (anexo de datos)",https://www.eba.europa.eu/risk-and-data-analysis/risk-analysis/risk-monitoring/risk-dashboard,2026-09-16,,,n/a,importe,media_ponderada_volumen,por pais de la contraparte; muestra de bancos del EBA
Portugal,inmueble_comercial_garantia_hipotecaria,Ratio de NPL | Actividades inmobiliarias (NACE L),2.8830,pct_cartera,2024-Q3,"EBA, Risk Dashboard (anexo de datos)",https://www.eba.europa.eu/risk-and-data-analysis/risk-analysis/risk-monitoring/risk-dashboard,2026-09-16,,,n/a,ratio,media_ponderada_volumen,por pais de la contraparte; muestra de bancos del EBA
Portugal,inmueble_comercial_garantia_hipotecaria,Saldo bruto | Construccion (NACE F),6.0101,eur_miles_millones,2024-Q3,"EBA, Risk Dashboard (anexo de datos)",https://www.eba.europa.eu/risk-and-data-analysis/risk-analysis/risk-monitoring/risk-dashboard,2026-09-16,,,n/a,importe,media_ponderada_volumen,por pais de la contraparte; muestra de bancos del EBA
Portugal,inmueble_comercial_garantia_hipotecaria,Ratio de NPL | Construccion (NACE F),6.0254,pct_cartera,2024-Q3,"EBA, Risk Dashboard (anexo de datos)",https://www.eba.europa.eu/risk-and-data-analysis/risk-analysis/risk-monitoring/risk-dashboard,2026-09-16,,,n/a,ratio,media_ponderada_volumen,por pais de la contraparte; muestra de bancos del EBA
Portugal,inmueble_comercial_garantia_hipotecaria,Saldo bruto | Actividades inmobiliarias (NACE L),8.7559,eur_miles_millones,2024-Q4,"EBA, Risk Dashboard (anexo de datos)",https://www.eba.europa.eu/risk-and-data-analysis/risk-analysis/risk-monitoring/risk-dashboard,2026-09-16,,,n/a,importe,media_ponderada_volumen,por pais de la contraparte; muestra de bancos del EBA
Portugal,inmueble_comercial_garantia_hipotecaria,Ratio de NPL | Actividades inmobiliarias (NACE L),2.8978,pct_cartera,2024-Q4,"EBA, Risk Dashboard (anexo de datos)",https://www.eba.europa.eu/risk-and-data-analysis/risk-analysis/risk-monitoring/risk-dashboard,2026-09-16,,,n/a,ratio,media_ponderada_volumen,por pais de la contraparte; muestra de bancos del EBA
Portugal,inmueble_comercial_garantia_hipotecaria,Saldo bruto | Construccion (NACE F),6.0714,eur_miles_millones,2024-Q4,"EBA, Risk Dashboard (anexo de datos)",https://www.eba.europa.eu/risk-and-data-analysis/risk-analysis/risk-monitoring/risk-dashboard,2026-09-16,,,n/a,importe,media_ponderada_volumen,por pais de la contraparte; muestra de bancos del EBA
Portugal,inmueble_comercial_garantia_hipotecaria,Ratio de NPL | Construccion (NACE F),5.5850,pct_cartera,2024-Q4,"EBA, Risk Dashboard (anexo de datos)",https://www.eba.europa.eu/risk-and-data-analysis/risk-analysis/risk-monitoring/risk-dashboard,2026-09-16,,,n/a,ratio,media_ponderada_volumen,por pais de la contraparte; muestra de bancos del EBA
Portugal,inmueble_comercial_garantia_hipotecaria,Saldo bruto | Actividades inmobiliarias (NACE L),8.9193,eur_miles_millones,2025-Q1,"EBA, Risk Dashboard (anexo de datos)",https://www.eba.europa.eu/risk-and-data-analysis/risk-analysis/risk-monitoring/risk-dashboard,2026-09-16,,,n/a,importe,media_ponderada_volumen,por pais de la contraparte; muestra de bancos del EBA
Portugal,inmueble_comercial_garantia_hipotecaria,Ratio de NPL | Actividades inmobiliarias (NACE L),2.6278,pct_cartera,2025-Q1,"EBA, Risk Dashboard (anexo de datos)",https://www.eba.europa.eu/risk-and-data-analysis/risk-analysis/risk-monitoring/risk-dashboard,2026-09-16,,,n/a,ratio,media_ponderada_volumen,por pais de la contraparte; muestra de bancos del EBA
Portugal,inmueble_comercial_garantia_hipotecaria,Saldo bruto | Construccion (NACE F),5.8846,eur_miles_millones,2025-Q1,"EBA, Risk Dashboard (anexo de datos)",https://www.eba.europa.eu/risk-and-data-analysis/risk-analysis/risk-monitoring/risk-dashboard,2026-09-16,,,n/a,importe,media_ponderada_volumen,por pais de la contraparte; muestra de bancos del EBA
Portugal,inmueble_comercial_garantia_hipotecaria,Ratio de NPL | Construccion (NACE F),4.5113,pct_cartera,2025-Q1,"EBA, Risk Dashboard (anexo de datos)",https://www.eba.europa.eu/risk-and-data-analysis/risk-analysis/risk-monitoring/risk-dashboard,2026-09-16,,,n/a,ratio,media_ponderada_volumen,por pais de la contraparte; muestra de bancos del EBA
Portugal,inmueble_comercial_garantia_hipotecaria,Saldo bruto | Actividades inmobiliarias (NACE L),8.6686,eur_miles_millones,2025-Q2,"EBA, Risk Dashboard (anexo de datos)",https://www.eba.europa.eu/risk-and-data-analysis/risk-analysis/risk-monitoring/risk-dashboard,2026-09-16,,,n/a,importe,media_ponderada_volumen,por pais de la contraparte; muestra de bancos del EBA
Portugal,inmueble_comercial_garantia_hipotecaria,Ratio de NPL | Actividades inmobiliarias (NACE L),2.5160,pct_cartera,2025-Q2,"EBA, Risk Dashboard (anexo de datos)",https://www.eba.europa.eu/risk-and-data-analysis/risk-analysis/risk-monitoring/risk-dashboard,2026-09-16,,,n/a,ratio,media_ponderada_volumen,por pais de la contraparte; muestra de bancos del EBA
Portugal,inmueble_comercial_garantia_hipotecaria,Saldo bruto | Construccion (NACE F),6.1510,eur_miles_millones,2025-Q2,"EBA, Risk Dashboard (anexo de datos)",https://www.eba.europa.eu/risk-and-data-analysis/risk-analysis/risk-monitoring/risk-dashboard,2026-09-16,,,n/a,importe,media_ponderada_volumen,por pais de la contraparte; muestra de bancos del EBA
Portugal,inmueble_comercial_garantia_hipotecaria,Ratio de NPL | Construccion (NACE F),4.6523,pct_cartera,2025-Q2,"EBA, Risk Dashboard (anexo de datos)",https://www.eba.europa.eu/risk-and-data-analysis/risk-analysis/risk-monitoring/risk-dashboard,2026-09-16,,,n/a,ratio,media_ponderada_volumen,por pais de la contraparte; muestra de bancos del EBA
Portugal,inmueble_comercial_garantia_hipotecaria,Saldo bruto | Actividades inmobiliarias (NACE L),8.7008,eur_miles_millones,2025-Q3,"EBA, Risk Dashboard (anexo de datos)",https://www.eba.europa.eu/risk-and-data-analysis/risk-analysis/risk-monitoring/risk-dashboard,2026-09-16,,,n/a,importe,media_ponderada_volumen,por pais de la contraparte; muestra de bancos del EBA
Portugal,inmueble_comercial_garantia_hipotecaria,Ratio de NPL | Actividades inmobiliarias (NACE L),2.4912,pct_cartera,2025-Q3,"EBA, Risk Dashboard (anexo de datos)",https://www.eba.europa.eu/risk-and-data-analysis/risk-analysis/risk-monitoring/risk-dashboard,2026-09-16,,,n/a,ratio,media_ponderada_volumen,por pais de la contraparte; muestra de bancos del EBA
Portugal,inmueble_comercial_garantia_hipotecaria,Saldo bruto | Construccion (NACE F),6.2434,eur_miles_millones,2025-Q3,"EBA, Risk Dashboard (anexo de datos)",https://www.eba.europa.eu/risk-and-data-analysis/risk-analysis/risk-monitoring/risk-dashboard,2026-09-16,,,n/a,importe,media_ponderada_volumen,por pais de la contraparte; muestra de bancos del EBA
Portugal,inmueble_comercial_garantia_hipotecaria,Ratio de NPL | Construccion (NACE F),3.9015,pct_cartera,2025-Q3,"EBA, Risk Dashboard (anexo de datos)",https://www.eba.europa.eu/risk-and-data-analysis/risk-analysis/risk-monitoring/risk-dashboard,2026-09-16,,,n/a,ratio,media_ponderada_volumen,por pais de la contraparte; muestra de bancos del EBA
Portugal,inmueble_comercial_garantia_hipotecaria,Saldo bruto | Actividades inmobiliarias (NACE L),8.8945,eur_miles_millones,2025-Q4,"EBA, Risk Dashboard (anexo de datos)",https://www.eba.europa.eu/risk-and-data-analysis/risk-analysis/risk-monitoring/risk-dashboard,2026-09-16,,,n/a,importe,media_ponderada_volumen,por pais de la contraparte; muestra de bancos del EBA
Portugal,inmueble_comercial_garantia_hipotecaria,Ratio de NPL | Actividades inmobiliarias (NACE L),2.1476,pct_cartera,2025-Q4,"EBA, Risk Dashboard (anexo de datos)",https://www.eba.europa.eu/risk-and-data-analysis/risk-analysis/risk-monitoring/risk-dashboard,2026-09-16,,,n/a,ratio,media_ponderada_volumen,por pais de la contraparte; muestra de bancos del EBA
Portugal,inmueble_comercial_garantia_hipotecaria,Saldo bruto | Construccion (NACE F),6.2230,eur_miles_millones,2025-Q4,"EBA, Risk Dashboard (anexo de datos)",https://www.eba.europa.eu/risk-and-data-analysis/risk-analysis/risk-monitoring/risk-dashboard,2026-09-16,,,n/a,importe,media_ponderada_volumen,por pais de la contraparte; muestra de bancos del EBA
Portugal,inmueble_comercial_garantia_hipotecaria,Ratio de NPL | Construccion (NACE F),3.6706,pct_cartera,2025-Q4,"EBA, Risk Dashboard (anexo de datos)",https://www.eba.europa.eu/risk-and-data-analysis/risk-analysis/risk-monitoring/risk-dashboard,2026-09-16,,,n/a,ratio,media_ponderada_volumen,por pais de la contraparte; muestra de bancos del EBA
Portugal,inmueble_comercial_garantia_hipotecaria,Saldo bruto | Actividades inmobiliarias (NACE L),9.1210,eur_miles_millones,2026-Q1,"EBA, Risk Dashboard (anexo de datos)",https://www.eba.europa.eu/risk-and-data-analysis/risk-analysis/risk-monitoring/risk-dashboard,2026-09-16,,,n/a,importe,media_ponderada_volumen,por pais de la contraparte; muestra de bancos del EBA
Portugal,inmueble_comercial_garantia_hipotecaria,Ratio de NPL | Actividades inmobiliarias (NACE L),2.3045,pct_cartera,2026-Q1,"EBA, Risk Dashboard (anexo de datos)",https://www.eba.europa.eu/risk-and-data-analysis/risk-analysis/risk-monitoring/risk-dashboard,2026-09-16,,,n/a,ratio,media_ponderada_volumen,por pais de la contraparte; muestra de bancos del EBA
Portugal,inmueble_comercial_garantia_hipotecaria,Saldo bruto | Construccion (NACE F),6.0454,eur_miles_millones,2026-Q1,"EBA, Risk Dashboard (anexo de datos)",https://www.eba.europa.eu/risk-and-data-analysis/risk-analysis/risk-monitoring/risk-dashboard,2026-09-16,,,n/a,importe,media_ponderada_volumen,por pais de la contraparte; muestra de bancos del EBA
Portugal,inmueble_comercial_garantia_hipotecaria,Ratio de NPL | Construccion (NACE F),3.4722,pct_cartera,2026-Q1,"EBA, Risk Dashboard (anexo de datos)",https://www.eba.europa.eu/risk-and-data-analysis/risk-analysis/risk-monitoring/risk-dashboard,2026-09-16,,,n/a,ratio,media_ponderada_volumen,por pais de la contraparte; muestra de bancos del EBA
