pais,producto,metrica,valor,unidad,periodo_referencia,fuente,url,fecha_publicacion,tramo_importe,plazo_fijacion,criterio_segmentacion,tipo_de_dato,ponderacion,notas
Espana,empresas_cb,Rentabilidad ordinaria del activo neto | Pequenas,10.6000,pct_activos,1997,"Banco de Espana, Central de Balances Integrada",https://datos.bde.es/datos/es/datasets/000/016.html,2026-09-18,,,tamano_empresa_empleados,ratio,media_ponderada_volumen,"ratio R.1 de la CBI; tamano segun la Recomendacion 2003/361/CE. dato del ejercicio, no del anterior"
Espana,empresas_cb,Rentabilidad ordinaria del activo neto | Pequenas,11.4000,pct_activos,1998,"Banco de Espana, Central de Balances Integrada",https://datos.bde.es/datos/es/datasets/000/016.html,2026-09-18,,,tamano_empresa_empleados,ratio,media_ponderada_volumen,"ratio R.1 de la CBI; tamano segun la Recomendacion 2003/361/CE. dato del ejercicio, no del anterior"
Espana,empresas_cb,Rentabilidad ordinaria del activo neto | Pequenas,11.4000,pct_activos,1999,"Banco de Espana, Central de Balances Integrada",https://datos.bde.es/datos/es/datasets/000/016.html,2026-09-18,,,tamano_empresa_empleados,ratio,media_ponderada_volumen,"ratio R.1 de la CBI; tamano segun la Recomendacion 2003/361/CE. dato del ejercicio, no del anterior"
Espana,empresas_cb,Rentabilidad ordinaria del activo neto | Pequenas,10.8000,pct_activos,2000,"Banco de Espana, Central de Balances Integrada",https://datos.bde.es/datos/es/datasets/000/016.html,2026-09-18,,,tamano_empresa_empleados,ratio,media_ponderada_volumen,"ratio R.1 de la CBI; tamano segun la Recomendacion 2003/361/CE. dato del ejercicio, no del anterior"
Espana,empresas_cb,Rentabilidad ordinaria del activo neto | Pequenas,10.4000,pct_activos,2001,"Banco de Espana, Central de Balances Integrada",https://datos.bde.es/datos/es/datasets/000/016.html,2026-09-18,,,tamano_empresa_empleados,ratio,media_ponderada_volumen,"ratio R.1 de la CBI; tamano segun la Recomendacion 2003/361/CE. dato del ejercicio, no del anterior"
Espana,empresas_cb,Rentabilidad ordinaria del activo neto | Pequenas,9.3000,pct_activos,2002,"Banco de Espana, Central de Balances Integrada",https://datos.bde.es/datos/es/datasets/000/016.html,2026-09-18,,,tamano_empresa_empleados,ratio,media_ponderada_volumen,"ratio R.1 de la CBI; tamano segun la Recomendacion 2003/361/CE. dato del ejercicio, no del anterior"
Espana,empresas_cb,Rentabilidad ordinaria del activo neto | Pequenas,8.3000,pct_activos,2003,"Banco de Espana, Central de Balances Integrada",https://datos.bde.es/datos/es/datasets/000/016.html,2026-09-18,,,tamano_empresa_empleados,ratio,media_ponderada_volumen,"ratio R.1 de la CBI; tamano segun la Recomendacion 2003/361/CE. dato del ejercicio, no del anterior"
Espana,empresas_cb,Rentabilidad ordinaria del activo neto | Pequenas,7.6000,pct_activos,2004,"Banco de Espana, Central de Balances Integrada",https://datos.bde.es/datos/es/datasets/000/016.html,2026-09-18,,,tamano_empresa_empleados,ratio,media_ponderada_volumen,"ratio R.1 de la CBI; tamano segun la Recomendacion 2003/361/CE. dato del ejercicio, no del anterior"
Espana,empresas_cb,Rentabilidad ordinaria del activo neto | Pequenas,4.8000,pct_activos,2005,"Banco de Espana, Central de Balances Integrada",https://datos.bde.es/datos/es/datasets/000/016.html,2026-09-18,,,tamano_empresa_empleados,ratio,media_ponderada_volumen,"ratio R.1 de la CBI; tamano segun la Recomendacion 2003/361/CE. dato del ejercicio, no del anterior"
Espana,empresas_cb,Rentabilidad ordinaria del activo neto | Pequenas,4.9000,pct_activos,2006,"Banco de Espana, Central de Balances Integrada",https://datos.bde.es/datos/es/datasets/000/016.html,2026-09-18,,,tamano_empresa_empleados,ratio,media_ponderada_volumen,"ratio R.1 de la CBI; tamano segun la Recomendacion 2003/361/CE. dato del ejercicio, no del anterior"
Espana,empresas_cb,Rentabilidad ordinaria del activo neto | Pequenas,4.7000,pct_activos,2007,"Banco de Espana, Central de Balances Integrada",https://datos.bde.es/datos/es/datasets/000/016.html,2026-09-18,,,tamano_empresa_empleados,ratio,media_ponderada_volumen,"ratio R.1 de la CBI; tamano segun la Recomendacion 2003/361/CE. dato del ejercicio, no del anterior"
Espana,empresas_cb,Rentabilidad ordinaria del activo neto | Pequenas,3.7000,pct_activos,2008,"Banco de Espana, Central de Balances Integrada",https://datos.bde.es/datos/es/datasets/000/016.html,2026-09-18,,,tamano_empresa_empleados,ratio,media_ponderada_volumen,"ratio R.1 de la CBI; tamano segun la Recomendacion 2003/361/CE. dato del ejercicio, no del anterior"
Espana,empresas_cb,Rentabilidad ordinaria del activo neto | Pequenas,2.0000,pct_activos,2009,"Banco de Espana, Central de Balances Integrada",https://datos.bde.es/datos/es/datasets/000/016.html,2026-09-18,,,tamano_empresa_empleados,ratio,media_ponderada_volumen,"ratio R.1 de la CBI; tamano segun la Recomendacion 2003/361/CE. dato del ejercicio, no del anterior"
Espana,empresas_cb,Rentabilidad ordinaria del activo neto | Pequenas,1.6000,pct_activos,2010,"Banco de Espana, Central de Balances Integrada",https://datos.bde.es/datos/es/datasets/000/016.html,2026-09-18,,,tamano_empresa_empleados,ratio,media_ponderada_volumen,"ratio R.1 de la CBI; tamano segun la Recomendacion 2003/361/CE. dato del ejercicio, no del anterior"
Espana,empresas_cb,Rentabilidad ordinaria del activo neto | Pequenas,1.2000,pct_activos,2011,"Banco de Espana, Central de Balances Integrada",https://datos.bde.es/datos/es/datasets/000/016.html,2026-09-18,,,tamano_empresa_empleados,ratio,media_ponderada_volumen,"ratio R.1 de la CBI; tamano segun la Recomendacion 2003/361/CE. dato del ejercicio, no del anterior"
Espana,empresas_cb,Rentabilidad ordinaria del activo neto | Pequenas,0.9000,pct_activos,2012,"Banco de Espana, Central de Balances Integrada",https://datos.bde.es/datos/es/datasets/000/016.html,2026-09-18,,,tamano_empresa_empleados,ratio,media_ponderada_volumen,"ratio R.1 de la CBI; tamano segun la Recomendacion 2003/361/CE. dato del ejercicio, no del anterior"
Espana,empresas_cb,Rentabilidad ordinaria del activo neto | Pequenas,1.2000,pct_activos,2013,"Banco de Espana, Central de Balances Integrada",https://datos.bde.es/datos/es/datasets/000/016.html,2026-09-18,,,tamano_empresa_empleados,ratio,media_ponderada_volumen,"ratio R.1 de la CBI; tamano segun la Recomendacion 2003/361/CE. dato del ejercicio, no del anterior"
Espana,empresas_cb,Rentabilidad ordinaria del activo neto | Pequenas,1.9000,pct_activos,2014,"Banco de Espana, Central de Balances Integrada",https://datos.bde.es/datos/es/datasets/000/016.html,2026-09-18,,,tamano_empresa_empleados,ratio,media_ponderada_volumen,"ratio R.1 de la CBI; tamano segun la Recomendacion 2003/361/CE. dato del ejercicio, no del anterior"
Espana,empresas_cb,Rentabilidad ordinaria del activo neto | Pequenas,2.7000,pct_activos,2015,"Banco de Espana, Central de Balances Integrada",https://datos.bde.es/datos/es/datasets/000/016.html,2026-09-18,,,tamano_empresa_empleados,ratio,media_ponderada_volumen,"ratio R.1 de la CBI; tamano segun la Recomendacion 2003/361/CE. dato del ejercicio, no del anterior"
Espana,empresas_cb,Rentabilidad ordinaria del activo neto | Pequenas,3.1000,pct_activos,2016,"Banco de Espana, Central de Balances Integrada",https://datos.bde.es/datos/es/datasets/000/016.html,2026-09-18,,,tamano_empresa_empleados,ratio,media_ponderada_volumen,"ratio R.1 de la CBI; tamano segun la Recomendacion 2003/361/CE. dato del ejercicio, no del anterior"
Espana,empresas_cb,Rentabilidad ordinaria del activo neto | Pequenas,3.6000,pct_activos,2017,"Banco de Espana, Central de Balances Integrada",https://datos.bde.es/datos/es/datasets/000/016.html,2026-09-18,,,tamano_empresa_empleados,ratio,media_ponderada_volumen,"ratio R.1 de la CBI; tamano segun la Recomendacion 2003/361/CE. dato del ejercicio, no del anterior"
Espana,empresas_cb,Rentabilidad ordinaria del activo neto | Pequenas,3.7000,pct_activos,2018,"Banco de Espana, Central de Balances Integrada",https://datos.bde.es/datos/es/datasets/000/016.html,2026-09-18,,,tamano_empresa_empleados,ratio,media_ponderada_volumen,"ratio R.1 de la CBI; tamano segun la Recomendacion 2003/361/CE. dato del ejercicio, no del anterior"
Espana,empresas_cb,Rentabilidad ordinaria del activo neto | Pequenas,3.7000,pct_activos,2019,"Banco de Espana, Central de Balances Integrada",https://datos.bde.es/datos/es/datasets/000/016.html,2026-09-18,,,tamano_empresa_empleados,ratio,media_ponderada_volumen,"ratio R.1 de la CBI; tamano segun la Recomendacion 2003/361/CE. dato del ejercicio, no del anterior"
Espana,empresas_cb,Rentabilidad ordinaria del activo neto | Pequenas,2.6000,pct_activos,2020,"Banco de Espana, Central de Balances Integrada",https://datos.bde.es/datos/es/datasets/000/016.html,2026-09-18,,,tamano_empresa_empleados,ratio,media_ponderada_volumen,"ratio R.1 de la CBI; tamano segun la Recomendacion 2003/361/CE. dato del ejercicio, no del anterior"
Espana,empresas_cb,Rentabilidad ordinaria del activo neto | Pequenas,3.8000,pct_activos,2021,"Banco de Espana, Central de Balances Integrada",https://datos.bde.es/datos/es/datasets/000/016.html,2026-09-18,,,tamano_empresa_empleados,ratio,media_ponderada_volumen,"ratio R.1 de la CBI; tamano segun la Recomendacion 2003/361/CE. dato del ejercicio, no del anterior"
Espana,empresas_cb,Rentabilidad ordinaria del activo neto | Pequenas,4.6000,pct_activos,2022,"Banco de Espana, Central de Balances Integrada",https://datos.bde.es/datos/es/datasets/000/016.html,2026-09-18,,,tamano_empresa_empleados,ratio,media_ponderada_volumen,"ratio R.1 de la CBI; tamano segun la Recomendacion 2003/361/CE. dato del ejercicio, no del anterior"
Espana,empresas_cb,Rentabilidad ordinaria del activo neto | Pequenas,5.1000,pct_activos,2023,"Banco de Espana, Central de Balances Integrada",https://datos.bde.es/datos/es/datasets/000/016.html,2026-09-18,,,tamano_empresa_empleados,ratio,media_ponderada_volumen,"ratio R.1 de la CBI; tamano segun la Recomendacion 2003/361/CE. dato del ejercicio, no del anterior"
Espana,empresas_cb,Rentabilidad ordinaria del activo neto | Pequenas,5.4000,pct_activos,2024,"Banco de Espana, Central de Balances Integrada",https://datos.bde.es/datos/es/datasets/000/016.html,2026-09-18,,,tamano_empresa_empleados,ratio,media_ponderada_volumen,"ratio R.1 de la CBI; tamano segun la Recomendacion 2003/361/CE. dato del ejercicio, no del anterior"
Espana,empresas_cb,Rentabilidad ordinaria del activo neto | Medianas,11.1000,pct_activos,1997,"Banco de Espana, Central de Balances Integrada",https://datos.bde.es/datos/es/datasets/000/016.html,2026-09-18,,,tamano_empresa_empleados,ratio,media_ponderada_volumen,"ratio R.1 de la CBI; tamano segun la Recomendacion 2003/361/CE. dato del ejercicio, no del anterior"
Espana,empresas_cb,Rentabilidad ordinaria del activo neto | Medianas,10.9000,pct_activos,1998,"Banco de Espana, Central de Balances Integrada",https://datos.bde.es/datos/es/datasets/000/016.html,2026-09-18,,,tamano_empresa_empleados,ratio,media_ponderada_volumen,"ratio R.1 de la CBI; tamano segun la Recomendacion 2003/361/CE. dato del ejercicio, no del anterior"
Espana,empresas_cb,Rentabilidad ordinaria del activo neto | Medianas,10.9000,pct_activos,1999,"Banco de Espana, Central de Balances Integrada",https://datos.bde.es/datos/es/datasets/000/016.html,2026-09-18,,,tamano_empresa_empleados,ratio,media_ponderada_volumen,"ratio R.1 de la CBI; tamano segun la Recomendacion 2003/361/CE. dato del ejercicio, no del anterior"
Espana,empresas_cb,Rentabilidad ordinaria del activo neto | Medianas,9.6000,pct_activos,2000,"Banco de Espana, Central de Balances Integrada",https://datos.bde.es/datos/es/datasets/000/016.html,2026-09-18,,,tamano_empresa_empleados,ratio,media_ponderada_volumen,"ratio R.1 de la CBI; tamano segun la Recomendacion 2003/361/CE. dato del ejercicio, no del anterior"
Espana,empresas_cb,Rentabilidad ordinaria del activo neto | Medianas,10.2000,pct_activos,2001,"Banco de Espana, Central de Balances Integrada",https://datos.bde.es/datos/es/datasets/000/016.html,2026-09-18,,,tamano_empresa_empleados,ratio,media_ponderada_volumen,"ratio R.1 de la CBI; tamano segun la Recomendacion 2003/361/CE. dato del ejercicio, no del anterior"
Espana,empresas_cb,Rentabilidad ordinaria del activo neto | Medianas,9.9000,pct_activos,2002,"Banco de Espana, Central de Balances Integrada",https://datos.bde.es/datos/es/datasets/000/016.html,2026-09-18,,,tamano_empresa_empleados,ratio,media_ponderada_volumen,"ratio R.1 de la CBI; tamano segun la Recomendacion 2003/361/CE. dato del ejercicio, no del anterior"
Espana,empresas_cb,Rentabilidad ordinaria del activo neto | Medianas,9.7000,pct_activos,2003,"Banco de Espana, Central de Balances Integrada",https://datos.bde.es/datos/es/datasets/000/016.html,2026-09-18,,,tamano_empresa_empleados,ratio,media_ponderada_volumen,"ratio R.1 de la CBI; tamano segun la Recomendacion 2003/361/CE. dato del ejercicio, no del anterior"
Espana,empresas_cb,Rentabilidad ordinaria del activo neto | Medianas,9.5000,pct_activos,2004,"Banco de Espana, Central de Balances Integrada",https://datos.bde.es/datos/es/datasets/000/016.html,2026-09-18,,,tamano_empresa_empleados,ratio,media_ponderada_volumen,"ratio R.1 de la CBI; tamano segun la Recomendacion 2003/361/CE. dato del ejercicio, no del anterior"
Espana,empresas_cb,Rentabilidad ordinaria del activo neto | Medianas,8.1000,pct_activos,2005,"Banco de Espana, Central de Balances Integrada",https://datos.bde.es/datos/es/datasets/000/016.html,2026-09-18,,,tamano_empresa_empleados,ratio,media_ponderada_volumen,"ratio R.1 de la CBI; tamano segun la Recomendacion 2003/361/CE. dato del ejercicio, no del anterior"
Espana,empresas_cb,Rentabilidad ordinaria del activo neto | Medianas,7.9000,pct_activos,2006,"Banco de Espana, Central de Balances Integrada",https://datos.bde.es/datos/es/datasets/000/016.html,2026-09-18,,,tamano_empresa_empleados,ratio,media_ponderada_volumen,"ratio R.1 de la CBI; tamano segun la Recomendacion 2003/361/CE. dato del ejercicio, no del anterior"
Espana,empresas_cb,Rentabilidad ordinaria del activo neto | Medianas,7.8000,pct_activos,2007,"Banco de Espana, Central de Balances Integrada",https://datos.bde.es/datos/es/datasets/000/016.html,2026-09-18,,,tamano_empresa_empleados,ratio,media_ponderada_volumen,"ratio R.1 de la CBI; tamano segun la Recomendacion 2003/361/CE. dato del ejercicio, no del anterior"
Espana,empresas_cb,Rentabilidad ordinaria del activo neto | Medianas,5.7000,pct_activos,2008,"Banco de Espana, Central de Balances Integrada",https://datos.bde.es/datos/es/datasets/000/016.html,2026-09-18,,,tamano_empresa_empleados,ratio,media_ponderada_volumen,"ratio R.1 de la CBI; tamano segun la Recomendacion 2003/361/CE. dato del ejercicio, no del anterior"
Espana,empresas_cb,Rentabilidad ordinaria del activo neto | Medianas,4.2000,pct_activos,2009,"Banco de Espana, Central de Balances Integrada",https://datos.bde.es/datos/es/datasets/000/016.html,2026-09-18,,,tamano_empresa_empleados,ratio,media_ponderada_volumen,"ratio R.1 de la CBI; tamano segun la Recomendacion 2003/361/CE. dato del ejercicio, no del anterior"
Espana,empresas_cb,Rentabilidad ordinaria del activo neto | Medianas,3.8000,pct_activos,2010,"Banco de Espana, Central de Balances Integrada",https://datos.bde.es/datos/es/datasets/000/016.html,2026-09-18,,,tamano_empresa_empleados,ratio,media_ponderada_volumen,"ratio R.1 de la CBI; tamano segun la Recomendacion 2003/361/CE. dato del ejercicio, no del anterior"
Espana,empresas_cb,Rentabilidad ordinaria del activo neto | Medianas,3.7000,pct_activos,2011,"Banco de Espana, Central de Balances Integrada",https://datos.bde.es/datos/es/datasets/000/016.html,2026-09-18,,,tamano_empresa_empleados,ratio,media_ponderada_volumen,"ratio R.1 de la CBI; tamano segun la Recomendacion 2003/361/CE. dato del ejercicio, no del anterior"
Espana,empresas_cb,Rentabilidad ordinaria del activo neto | Medianas,3.6000,pct_activos,2012,"Banco de Espana, Central de Balances Integrada",https://datos.bde.es/datos/es/datasets/000/016.html,2026-09-18,,,tamano_empresa_empleados,ratio,media_ponderada_volumen,"ratio R.1 de la CBI; tamano segun la Recomendacion 2003/361/CE. dato del ejercicio, no del anterior"
Espana,empresas_cb,Rentabilidad ordinaria del activo neto | Medianas,4.2000,pct_activos,2013,"Banco de Espana, Central de Balances Integrada",https://datos.bde.es/datos/es/datasets/000/016.html,2026-09-18,,,tamano_empresa_empleados,ratio,media_ponderada_volumen,"ratio R.1 de la CBI; tamano segun la Recomendacion 2003/361/CE. dato del ejercicio, no del anterior"
Espana,empresas_cb,Rentabilidad ordinaria del activo neto | Medianas,5.2000,pct_activos,2014,"Banco de Espana, Central de Balances Integrada",https://datos.bde.es/datos/es/datasets/000/016.html,2026-09-18,,,tamano_empresa_empleados,ratio,media_ponderada_volumen,"ratio R.1 de la CBI; tamano segun la Recomendacion 2003/361/CE. dato del ejercicio, no del anterior"
Espana,empresas_cb,Rentabilidad ordinaria del activo neto | Medianas,6.3000,pct_activos,2015,"Banco de Espana, Central de Balances Integrada",https://datos.bde.es/datos/es/datasets/000/016.html,2026-09-18,,,tamano_empresa_empleados,ratio,media_ponderada_volumen,"ratio R.1 de la CBI; tamano segun la Recomendacion 2003/361/CE. dato del ejercicio, no del anterior"
Espana,empresas_cb,Rentabilidad ordinaria del activo neto | Medianas,7.0000,pct_activos,2016,"Banco de Espana, Central de Balances Integrada",https://datos.bde.es/datos/es/datasets/000/016.html,2026-09-18,,,tamano_empresa_empleados,ratio,media_ponderada_volumen,"ratio R.1 de la CBI; tamano segun la Recomendacion 2003/361/CE. dato del ejercicio, no del anterior"
Espana,empresas_cb,Rentabilidad ordinaria del activo neto | Medianas,7.3000,pct_activos,2017,"Banco de Espana, Central de Balances Integrada",https://datos.bde.es/datos/es/datasets/000/016.html,2026-09-18,,,tamano_empresa_empleados,ratio,media_ponderada_volumen,"ratio R.1 de la CBI; tamano segun la Recomendacion 2003/361/CE. dato del ejercicio, no del anterior"
Espana,empresas_cb,Rentabilidad ordinaria del activo neto | Medianas,7.1000,pct_activos,2018,"Banco de Espana, Central de Balances Integrada",https://datos.bde.es/datos/es/datasets/000/016.html,2026-09-18,,,tamano_empresa_empleados,ratio,media_ponderada_volumen,"ratio R.1 de la CBI; tamano segun la Recomendacion 2003/361/CE. dato del ejercicio, no del anterior"
Espana,empresas_cb,Rentabilidad ordinaria del activo neto | Medianas,6.9000,pct_activos,2019,"Banco de Espana, Central de Balances Integrada",https://datos.bde.es/datos/es/datasets/000/016.html,2026-09-18,,,tamano_empresa_empleados,ratio,media_ponderada_volumen,"ratio R.1 de la CBI; tamano segun la Recomendacion 2003/361/CE. dato del ejercicio, no del anterior"
Espana,empresas_cb,Rentabilidad ordinaria del activo neto | Medianas,5.3000,pct_activos,2020,"Banco de Espana, Central de Balances Integrada",https://datos.bde.es/datos/es/datasets/000/016.html,2026-09-18,,,tamano_empresa_empleados,ratio,media_ponderada_volumen,"ratio R.1 de la CBI; tamano segun la Recomendacion 2003/361/CE. dato del ejercicio, no del anterior"
Espana,empresas_cb,Rentabilidad ordinaria del activo neto | Medianas,6.9000,pct_activos,2021,"Banco de Espana, Central de Balances Integrada",https://datos.bde.es/datos/es/datasets/000/016.html,2026-09-18,,,tamano_empresa_empleados,ratio,media_ponderada_volumen,"ratio R.1 de la CBI; tamano segun la Recomendacion 2003/361/CE. dato del ejercicio, no del anterior"
Espana,empresas_cb,Rentabilidad ordinaria del activo neto | Medianas,8.1000,pct_activos,2022,"Banco de Espana, Central de Balances Integrada",https://datos.bde.es/datos/es/datasets/000/016.html,2026-09-18,,,tamano_empresa_empleados,ratio,media_ponderada_volumen,"ratio R.1 de la CBI; tamano segun la Recomendacion 2003/361/CE. dato del ejercicio, no del anterior"
Espana,empresas_cb,Rentabilidad ordinaria del activo neto | Medianas,9.7000,pct_activos,2023,"Banco de Espana, Central de Balances Integrada",https://datos.bde.es/datos/es/datasets/000/016.html,2026-09-18,,,tamano_empresa_empleados,ratio,media_ponderada_volumen,"ratio R.1 de la CBI; tamano segun la Recomendacion 2003/361/CE. dato del ejercicio, no del anterior"
Espana,empresas_cb,Rentabilidad ordinaria del activo neto | Medianas,10.4000,pct_activos,2024,"Banco de Espana, Central de Balances Integrada",https://datos.bde.es/datos/es/datasets/000/016.html,2026-09-18,,,tamano_empresa_empleados,ratio,media_ponderada_volumen,"ratio R.1 de la CBI; tamano segun la Recomendacion 2003/361/CE. dato del ejercicio, no del anterior"
Espana,empresas_cb,Rentabilidad ordinaria del activo neto | Grandes,8.2000,pct_activos,1997,"Banco de Espana, Central de Balances Integrada",https://datos.bde.es/datos/es/datasets/000/016.html,2026-09-18,,,tamano_empresa_empleados,ratio,media_ponderada_volumen,"ratio R.1 de la CBI; tamano segun la Recomendacion 2003/361/CE. dato del ejercicio, no del anterior"
Espana,empresas_cb,Rentabilidad ordinaria del activo neto | Grandes,8.7000,pct_activos,1998,"Banco de Espana, Central de Balances Integrada",https://datos.bde.es/datos/es/datasets/000/016.html,2026-09-18,,,tamano_empresa_empleados,ratio,media_ponderada_volumen,"ratio R.1 de la CBI; tamano segun la Recomendacion 2003/361/CE. dato del ejercicio, no del anterior"
Espana,empresas_cb,Rentabilidad ordinaria del activo neto | Grandes,7.4000,pct_activos,1999,"Banco de Espana, Central de Balances Integrada",https://datos.bde.es/datos/es/datasets/000/016.html,2026-09-18,,,tamano_empresa_empleados,ratio,media_ponderada_volumen,"ratio R.1 de la CBI; tamano segun la Recomendacion 2003/361/CE. dato del ejercicio, no del anterior"
Espana,empresas_cb,Rentabilidad ordinaria del activo neto | Grandes,7.0000,pct_activos,2000,"Banco de Espana, Central de Balances Integrada",https://datos.bde.es/datos/es/datasets/000/016.html,2026-09-18,,,tamano_empresa_empleados,ratio,media_ponderada_volumen,"ratio R.1 de la CBI; tamano segun la Recomendacion 2003/361/CE. dato del ejercicio, no del anterior"
Espana,empresas_cb,Rentabilidad ordinaria del activo neto | Grandes,7.5000,pct_activos,2001,"Banco de Espana, Central de Balances Integrada",https://datos.bde.es/datos/es/datasets/000/016.html,2026-09-18,,,tamano_empresa_empleados,ratio,media_ponderada_volumen,"ratio R.1 de la CBI; tamano segun la Recomendacion 2003/361/CE. dato del ejercicio, no del anterior"
Espana,empresas_cb,Rentabilidad ordinaria del activo neto | Grandes,8.0000,pct_activos,2002,"Banco de Espana, Central de Balances Integrada",https://datos.bde.es/datos/es/datasets/000/016.html,2026-09-18,,,tamano_empresa_empleados,ratio,media_ponderada_volumen,"ratio R.1 de la CBI; tamano segun la Recomendacion 2003/361/CE. dato del ejercicio, no del anterior"
Espana,empresas_cb,Rentabilidad ordinaria del activo neto | Grandes,7.9000,pct_activos,2003,"Banco de Espana, Central de Balances Integrada",https://datos.bde.es/datos/es/datasets/000/016.html,2026-09-18,,,tamano_empresa_empleados,ratio,media_ponderada_volumen,"ratio R.1 de la CBI; tamano segun la Recomendacion 2003/361/CE. dato del ejercicio, no del anterior"
Espana,empresas_cb,Rentabilidad ordinaria del activo neto | Grandes,8.2000,pct_activos,2004,"Banco de Espana, Central de Balances Integrada",https://datos.bde.es/datos/es/datasets/000/016.html,2026-09-18,,,tamano_empresa_empleados,ratio,media_ponderada_volumen,"ratio R.1 de la CBI; tamano segun la Recomendacion 2003/361/CE. dato del ejercicio, no del anterior"
Espana,empresas_cb,Rentabilidad ordinaria del activo neto | Grandes,8.5000,pct_activos,2005,"Banco de Espana, Central de Balances Integrada",https://datos.bde.es/datos/es/datasets/000/016.html,2026-09-18,,,tamano_empresa_empleados,ratio,media_ponderada_volumen,"ratio R.1 de la CBI; tamano segun la Recomendacion 2003/361/CE. dato del ejercicio, no del anterior"
Espana,empresas_cb,Rentabilidad ordinaria del activo neto | Grandes,8.6000,pct_activos,2006,"Banco de Espana, Central de Balances Integrada",https://datos.bde.es/datos/es/datasets/000/016.html,2026-09-18,,,tamano_empresa_empleados,ratio,media_ponderada_volumen,"ratio R.1 de la CBI; tamano segun la Recomendacion 2003/361/CE. dato del ejercicio, no del anterior"
Espana,empresas_cb,Rentabilidad ordinaria del activo neto | Grandes,8.5000,pct_activos,2007,"Banco de Espana, Central de Balances Integrada",https://datos.bde.es/datos/es/datasets/000/016.html,2026-09-18,,,tamano_empresa_empleados,ratio,media_ponderada_volumen,"ratio R.1 de la CBI; tamano segun la Recomendacion 2003/361/CE. dato del ejercicio, no del anterior"
Espana,empresas_cb,Rentabilidad ordinaria del activo neto | Grandes,7.6000,pct_activos,2008,"Banco de Espana, Central de Balances Integrada",https://datos.bde.es/datos/es/datasets/000/016.html,2026-09-18,,,tamano_empresa_empleados,ratio,media_ponderada_volumen,"ratio R.1 de la CBI; tamano segun la Recomendacion 2003/361/CE. dato del ejercicio, no del anterior"
Espana,empresas_cb,Rentabilidad ordinaria del activo neto | Grandes,6.0000,pct_activos,2009,"Banco de Espana, Central de Balances Integrada",https://datos.bde.es/datos/es/datasets/000/016.html,2026-09-18,,,tamano_empresa_empleados,ratio,media_ponderada_volumen,"ratio R.1 de la CBI; tamano segun la Recomendacion 2003/361/CE. dato del ejercicio, no del anterior"
Espana,empresas_cb,Rentabilidad ordinaria del activo neto | Grandes,5.8000,pct_activos,2010,"Banco de Espana, Central de Balances Integrada",https://datos.bde.es/datos/es/datasets/000/016.html,2026-09-18,,,tamano_empresa_empleados,ratio,media_ponderada_volumen,"ratio R.1 de la CBI; tamano segun la Recomendacion 2003/361/CE. dato del ejercicio, no del anterior"
Espana,empresas_cb,Rentabilidad ordinaria del activo neto | Grandes,5.3000,pct_activos,2011,"Banco de Espana, Central de Balances Integrada",https://datos.bde.es/datos/es/datasets/000/016.html,2026-09-18,,,tamano_empresa_empleados,ratio,media_ponderada_volumen,"ratio R.1 de la CBI; tamano segun la Recomendacion 2003/361/CE. dato del ejercicio, no del anterior"
Espana,empresas_cb,Rentabilidad ordinaria del activo neto | Grandes,4.9000,pct_activos,2012,"Banco de Espana, Central de Balances Integrada",https://datos.bde.es/datos/es/datasets/000/016.html,2026-09-18,,,tamano_empresa_empleados,ratio,media_ponderada_volumen,"ratio R.1 de la CBI; tamano segun la Recomendacion 2003/361/CE. dato del ejercicio, no del anterior"
Espana,empresas_cb,Rentabilidad ordinaria del activo neto | Grandes,5.0000,pct_activos,2013,"Banco de Espana, Central de Balances Integrada",https://datos.bde.es/datos/es/datasets/000/016.html,2026-09-18,,,tamano_empresa_empleados,ratio,media_ponderada_volumen,"ratio R.1 de la CBI; tamano segun la Recomendacion 2003/361/CE. dato del ejercicio, no del anterior"
Espana,empresas_cb,Rentabilidad ordinaria del activo neto | Grandes,5.2000,pct_activos,2014,"Banco de Espana, Central de Balances Integrada",https://datos.bde.es/datos/es/datasets/000/016.html,2026-09-18,,,tamano_empresa_empleados,ratio,media_ponderada_volumen,"ratio R.1 de la CBI; tamano segun la Recomendacion 2003/361/CE. dato del ejercicio, no del anterior"
Espana,empresas_cb,Rentabilidad ordinaria del activo neto | Grandes,5.1000,pct_activos,2015,"Banco de Espana, Central de Balances Integrada",https://datos.bde.es/datos/es/datasets/000/016.html,2026-09-18,,,tamano_empresa_empleados,ratio,media_ponderada_volumen,"ratio R.1 de la CBI; tamano segun la Recomendacion 2003/361/CE. dato del ejercicio, no del anterior"
Espana,empresas_cb,Rentabilidad ordinaria del activo neto | Grandes,5.6000,pct_activos,2016,"Banco de Espana, Central de Balances Integrada",https://datos.bde.es/datos/es/datasets/000/016.html,2026-09-18,,,tamano_empresa_empleados,ratio,media_ponderada_volumen,"ratio R.1 de la CBI; tamano segun la Recomendacion 2003/361/CE. dato del ejercicio, no del anterior"
Espana,empresas_cb,Rentabilidad ordinaria del activo neto | Grandes,5.9000,pct_activos,2017,"Banco de Espana, Central de Balances Integrada",https://datos.bde.es/datos/es/datasets/000/016.html,2026-09-18,,,tamano_empresa_empleados,ratio,media_ponderada_volumen,"ratio R.1 de la CBI; tamano segun la Recomendacion 2003/361/CE. dato del ejercicio, no del anterior"
Espana,empresas_cb,Rentabilidad ordinaria del activo neto | Grandes,6.0000,pct_activos,2018,"Banco de Espana, Central de Balances Integrada",https://datos.bde.es/datos/es/datasets/000/016.html,2026-09-18,,,tamano_empresa_empleados,ratio,media_ponderada_volumen,"ratio R.1 de la CBI; tamano segun la Recomendacion 2003/361/CE. dato del ejercicio, no del anterior"
Espana,empresas_cb,Rentabilidad ordinaria del activo neto | Grandes,6.4000,pct_activos,2019,"Banco de Espana, Central de Balances Integrada",https://datos.bde.es/datos/es/datasets/000/016.html,2026-09-18,,,tamano_empresa_empleados,ratio,media_ponderada_volumen,"ratio R.1 de la CBI; tamano segun la Recomendacion 2003/361/CE. dato del ejercicio, no del anterior"
Espana,empresas_cb,Rentabilidad ordinaria del activo neto | Grandes,4.3000,pct_activos,2020,"Banco de Espana, Central de Balances Integrada",https://datos.bde.es/datos/es/datasets/000/016.html,2026-09-18,,,tamano_empresa_empleados,ratio,media_ponderada_volumen,"ratio R.1 de la CBI; tamano segun la Recomendacion 2003/361/CE. dato del ejercicio, no del anterior"
Espana,empresas_cb,Rentabilidad ordinaria del activo neto | Grandes,4.0000,pct_activos,2021,"Banco de Espana, Central de Balances Integrada",https://datos.bde.es/datos/es/datasets/000/016.html,2026-09-18,,,tamano_empresa_empleados,ratio,media_ponderada_volumen,"ratio R.1 de la CBI; tamano segun la Recomendacion 2003/361/CE. dato del ejercicio, no del anterior"
Espana,empresas_cb,Rentabilidad ordinaria del activo neto | Grandes,5.1000,pct_activos,2022,"Banco de Espana, Central de Balances Integrada",https://datos.bde.es/datos/es/datasets/000/016.html,2026-09-18,,,tamano_empresa_empleados,ratio,media_ponderada_volumen,"ratio R.1 de la CBI; tamano segun la Recomendacion 2003/361/CE. dato del ejercicio, no del anterior"
Espana,empresas_cb,Rentabilidad ordinaria del activo neto | Grandes,6.4000,pct_activos,2023,"Banco de Espana, Central de Balances Integrada",https://datos.bde.es/datos/es/datasets/000/016.html,2026-09-18,,,tamano_empresa_empleados,ratio,media_ponderada_volumen,"ratio R.1 de la CBI; tamano segun la Recomendacion 2003/361/CE. dato del ejercicio, no del anterior"
Espana,empresas_cb,Rentabilidad ordinaria del activo neto | Grandes,6.8000,pct_activos,2024,"Banco de Espana, Central de Balances Integrada",https://datos.bde.es/datos/es/datasets/000/016.html,2026-09-18,,,tamano_empresa_empleados,ratio,media_ponderada_volumen,"ratio R.1 de la CBI; tamano segun la Recomendacion 2003/361/CE. dato del ejercicio, no del anterior"
Espana,empresas_cb,Rentabilidad ordinaria del activo neto | Total,8.7000,pct_activos,1997,"Banco de Espana, Central de Balances Integrada",https://datos.bde.es/datos/es/datasets/000/016.html,2026-09-18,,,tamano_empresa_empleados,ratio,media_ponderada_volumen,"ratio R.1 de la CBI; tamano segun la Recomendacion 2003/361/CE. dato del ejercicio, no del anterior"
Espana,empresas_cb,Rentabilidad ordinaria del activo neto | Total,9.2000,pct_activos,1998,"Banco de Espana, Central de Balances Integrada",https://datos.bde.es/datos/es/datasets/000/016.html,2026-09-18,,,tamano_empresa_empleados,ratio,media_ponderada_volumen,"ratio R.1 de la CBI; tamano segun la Recomendacion 2003/361/CE. dato del ejercicio, no del anterior"
Espana,empresas_cb,Rentabilidad ordinaria del activo neto | Total,8.1000,pct_activos,1999,"Banco de Espana, Central de Balances Integrada",https://datos.bde.es/datos/es/datasets/000/016.html,2026-09-18,,,tamano_empresa_empleados,ratio,media_ponderada_volumen,"ratio R.1 de la CBI; tamano segun la Recomendacion 2003/361/CE. dato del ejercicio, no del anterior"
Espana,empresas_cb,Rentabilidad ordinaria del activo neto | Total,7.6000,pct_activos,2000,"Banco de Espana, Central de Balances Integrada",https://datos.bde.es/datos/es/datasets/000/016.html,2026-09-18,,,tamano_empresa_empleados,ratio,media_ponderada_volumen,"ratio R.1 de la CBI; tamano segun la Recomendacion 2003/361/CE. dato del ejercicio, no del anterior"
Espana,empresas_cb,Rentabilidad ordinaria del activo neto | Total,8.0000,pct_activos,2001,"Banco de Espana, Central de Balances Integrada",https://datos.bde.es/datos/es/datasets/000/016.html,2026-09-18,,,tamano_empresa_empleados,ratio,media_ponderada_volumen,"ratio R.1 de la CBI; tamano segun la Recomendacion 2003/361/CE. dato del ejercicio, no del anterior"
Espana,empresas_cb,Rentabilidad ordinaria del activo neto | Total,8.3000,pct_activos,2002,"Banco de Espana, Central de Balances Integrada",https://datos.bde.es/datos/es/datasets/000/016.html,2026-09-18,,,tamano_empresa_empleados,ratio,media_ponderada_volumen,"ratio R.1 de la CBI; tamano segun la Recomendacion 2003/361/CE. dato del ejercicio, no del anterior"
Espana,empresas_cb,Rentabilidad ordinaria del activo neto | Total,8.1000,pct_activos,2003,"Banco de Espana, Central de Balances Integrada",https://datos.bde.es/datos/es/datasets/000/016.html,2026-09-18,,,tamano_empresa_empleados,ratio,media_ponderada_volumen,"ratio R.1 de la CBI; tamano segun la Recomendacion 2003/361/CE. dato del ejercicio, no del anterior"
Espana,empresas_cb,Rentabilidad ordinaria del activo neto | Total,8.2000,pct_activos,2004,"Banco de Espana, Central de Balances Integrada",https://datos.bde.es/datos/es/datasets/000/016.html,2026-09-18,,,tamano_empresa_empleados,ratio,media_ponderada_volumen,"ratio R.1 de la CBI; tamano segun la Recomendacion 2003/361/CE. dato del ejercicio, no del anterior"
Espana,empresas_cb,Rentabilidad ordinaria del activo neto | Total,7.5000,pct_activos,2005,"Banco de Espana, Central de Balances Integrada",https://datos.bde.es/datos/es/datasets/000/016.html,2026-09-18,,,tamano_empresa_empleados,ratio,media_ponderada_volumen,"ratio R.1 de la CBI; tamano segun la Recomendacion 2003/361/CE. dato del ejercicio, no del anterior"
Espana,empresas_cb,Rentabilidad ordinaria del activo neto | Total,7.6000,pct_activos,2006,"Banco de Espana, Central de Balances Integrada",https://datos.bde.es/datos/es/datasets/000/016.html,2026-09-18,,,tamano_empresa_empleados,ratio,media_ponderada_volumen,"ratio R.1 de la CBI; tamano segun la Recomendacion 2003/361/CE. dato del ejercicio, no del anterior"
Espana,empresas_cb,Rentabilidad ordinaria del activo neto | Total,7.5000,pct_activos,2007,"Banco de Espana, Central de Balances Integrada",https://datos.bde.es/datos/es/datasets/000/016.html,2026-09-18,,,tamano_empresa_empleados,ratio,media_ponderada_volumen,"ratio R.1 de la CBI; tamano segun la Recomendacion 2003/361/CE. dato del ejercicio, no del anterior"
Espana,empresas_cb,Rentabilidad ordinaria del activo neto | Total,6.7000,pct_activos,2008,"Banco de Espana, Central de Balances Integrada",https://datos.bde.es/datos/es/datasets/000/016.html,2026-09-18,,,tamano_empresa_empleados,ratio,media_ponderada_volumen,"ratio R.1 de la CBI; tamano segun la Recomendacion 2003/361/CE. dato del ejercicio, no del anterior"
Espana,empresas_cb,Rentabilidad ordinaria del activo neto | Total,4.8000,pct_activos,2009,"Banco de Espana, Central de Balances Integrada",https://datos.bde.es/datos/es/datasets/000/016.html,2026-09-18,,,tamano_empresa_empleados,ratio,media_ponderada_volumen,"ratio R.1 de la CBI; tamano segun la Recomendacion 2003/361/CE. dato del ejercicio, no del anterior"
Espana,empresas_cb,Rentabilidad ordinaria del activo neto | Total,4.6000,pct_activos,2010,"Banco de Espana, Central de Balances Integrada",https://datos.bde.es/datos/es/datasets/000/016.html,2026-09-18,,,tamano_empresa_empleados,ratio,media_ponderada_volumen,"ratio R.1 de la CBI; tamano segun la Recomendacion 2003/361/CE. dato del ejercicio, no del anterior"
Espana,empresas_cb,Rentabilidad ordinaria del activo neto | Total,4.2000,pct_activos,2011,"Banco de Espana, Central de Balances Integrada",https://datos.bde.es/datos/es/datasets/000/016.html,2026-09-18,,,tamano_empresa_empleados,ratio,media_ponderada_volumen,"ratio R.1 de la CBI; tamano segun la Recomendacion 2003/361/CE. dato del ejercicio, no del anterior"
Espana,empresas_cb,Rentabilidad ordinaria del activo neto | Total,3.9000,pct_activos,2012,"Banco de Espana, Central de Balances Integrada",https://datos.bde.es/datos/es/datasets/000/016.html,2026-09-18,,,tamano_empresa_empleados,ratio,media_ponderada_volumen,"ratio R.1 de la CBI; tamano segun la Recomendacion 2003/361/CE. dato del ejercicio, no del anterior"
Espana,empresas_cb,Rentabilidad ordinaria del activo neto | Total,4.0000,pct_activos,2013,"Banco de Espana, Central de Balances Integrada",https://datos.bde.es/datos/es/datasets/000/016.html,2026-09-18,,,tamano_empresa_empleados,ratio,media_ponderada_volumen,"ratio R.1 de la CBI; tamano segun la Recomendacion 2003/361/CE. dato del ejercicio, no del anterior"
Espana,empresas_cb,Rentabilidad ordinaria del activo neto | Total,4.3000,pct_activos,2014,"Banco de Espana, Central de Balances Integrada",https://datos.bde.es/datos/es/datasets/000/016.html,2026-09-18,,,tamano_empresa_empleados,ratio,media_ponderada_volumen,"ratio R.1 de la CBI; tamano segun la Recomendacion 2003/361/CE. dato del ejercicio, no del anterior"
Espana,empresas_cb,Rentabilidad ordinaria del activo neto | Total,4.6000,pct_activos,2015,"Banco de Espana, Central de Balances Integrada",https://datos.bde.es/datos/es/datasets/000/016.html,2026-09-18,,,tamano_empresa_empleados,ratio,media_ponderada_volumen,"ratio R.1 de la CBI; tamano segun la Recomendacion 2003/361/CE. dato del ejercicio, no del anterior"
Espana,empresas_cb,Rentabilidad ordinaria del activo neto | Total,5.1000,pct_activos,2016,"Banco de Espana, Central de Balances Integrada",https://datos.bde.es/datos/es/datasets/000/016.html,2026-09-18,,,tamano_empresa_empleados,ratio,media_ponderada_volumen,"ratio R.1 de la CBI; tamano segun la Recomendacion 2003/361/CE. dato del ejercicio, no del anterior"
Espana,empresas_cb,Rentabilidad ordinaria del activo neto | Total,5.4000,pct_activos,2017,"Banco de Espana, Central de Balances Integrada",https://datos.bde.es/datos/es/datasets/000/016.html,2026-09-18,,,tamano_empresa_empleados,ratio,media_ponderada_volumen,"ratio R.1 de la CBI; tamano segun la Recomendacion 2003/361/CE. dato del ejercicio, no del anterior"
Espana,empresas_cb,Rentabilidad ordinaria del activo neto | Total,5.6000,pct_activos,2018,"Banco de Espana, Central de Balances Integrada",https://datos.bde.es/datos/es/datasets/000/016.html,2026-09-18,,,tamano_empresa_empleados,ratio,media_ponderada_volumen,"ratio R.1 de la CBI; tamano segun la Recomendacion 2003/361/CE. dato del ejercicio, no del anterior"
Espana,empresas_cb,Rentabilidad ordinaria del activo neto | Total,5.8000,pct_activos,2019,"Banco de Espana, Central de Balances Integrada",https://datos.bde.es/datos/es/datasets/000/016.html,2026-09-18,,,tamano_empresa_empleados,ratio,media_ponderada_volumen,"ratio R.1 de la CBI; tamano segun la Recomendacion 2003/361/CE. dato del ejercicio, no del anterior"
Espana,empresas_cb,Rentabilidad ordinaria del activo neto | Total,4.0000,pct_activos,2020,"Banco de Espana, Central de Balances Integrada",https://datos.bde.es/datos/es/datasets/000/016.html,2026-09-18,,,tamano_empresa_empleados,ratio,media_ponderada_volumen,"ratio R.1 de la CBI; tamano segun la Recomendacion 2003/361/CE. dato del ejercicio, no del anterior"
Espana,empresas_cb,Rentabilidad ordinaria del activo neto | Total,4.1000,pct_activos,2021,"Banco de Espana, Central de Balances Integrada",https://datos.bde.es/datos/es/datasets/000/016.html,2026-09-18,,,tamano_empresa_empleados,ratio,media_ponderada_volumen,"ratio R.1 de la CBI; tamano segun la Recomendacion 2003/361/CE. dato del ejercicio, no del anterior"
Espana,empresas_cb,Rentabilidad ordinaria del activo neto | Total,5.1000,pct_activos,2022,"Banco de Espana, Central de Balances Integrada",https://datos.bde.es/datos/es/datasets/000/016.html,2026-09-18,,,tamano_empresa_empleados,ratio,media_ponderada_volumen,"ratio R.1 de la CBI; tamano segun la Recomendacion 2003/361/CE. dato del ejercicio, no del anterior"
Espana,empresas_cb,Rentabilidad ordinaria del activo neto | Total,6.2000,pct_activos,2023,"Banco de Espana, Central de Balances Integrada",https://datos.bde.es/datos/es/datasets/000/016.html,2026-09-18,,,tamano_empresa_empleados,ratio,media_ponderada_volumen,"ratio R.1 de la CBI; tamano segun la Recomendacion 2003/361/CE. dato del ejercicio, no del anterior"
Espana,empresas_cb,Rentabilidad ordinaria del activo neto | Total,6.6000,pct_activos,2024,"Banco de Espana, Central de Balances Integrada",https://datos.bde.es/datos/es/datasets/000/016.html,2026-09-18,,,tamano_empresa_empleados,ratio,media_ponderada_volumen,"ratio R.1 de la CBI; tamano segun la Recomendacion 2003/361/CE. dato del ejercicio, no del anterior"
Espana,empresas_cb,Tipo efectivo pagado por la deuda con coste | Pequenas,13.7000,pct_anual,1997,"Banco de Espana, Central de Balances Integrada",https://datos.bde.es/datos/es/datasets/000/016.html,2026-09-18,,,tamano_empresa_empleados,ratio,media_ponderada_volumen,"ratio R.2 de la CBI; tamano segun la Recomendacion 2003/361/CE. Es el tipo medio del SALDO VIVO de deuda con coste, no el de nueva produccion del MIR: incorpora operaciones antiguas y se mueve mas despacio"
Espana,empresas_cb,Tipo efectivo pagado por la deuda con coste | Pequenas,11.7000,pct_anual,1998,"Banco de Espana, Central de Balances Integrada",https://datos.bde.es/datos/es/datasets/000/016.html,2026-09-18,,,tamano_empresa_empleados,ratio,media_ponderada_volumen,"ratio R.2 de la CBI; tamano segun la Recomendacion 2003/361/CE. Es el tipo medio del SALDO VIVO de deuda con coste, no el de nueva produccion del MIR: incorpora operaciones antiguas y se mueve mas despacio"
Espana,empresas_cb,Tipo efectivo pagado por la deuda con coste | Pequenas,9.5000,pct_anual,1999,"Banco de Espana, Central de Balances Integrada",https://datos.bde.es/datos/es/datasets/000/016.html,2026-09-18,,,tamano_empresa_empleados,ratio,media_ponderada_volumen,"ratio R.2 de la CBI; tamano segun la Recomendacion 2003/361/CE. Es el tipo medio del SALDO VIVO de deuda con coste, no el de nueva produccion del MIR: incorpora operaciones antiguas y se mueve mas despacio"
Espana,empresas_cb,Tipo efectivo pagado por la deuda con coste | Pequenas,9.5000,pct_anual,2000,"Banco de Espana, Central de Balances Integrada",https://datos.bde.es/datos/es/datasets/000/016.html,2026-09-18,,,tamano_empresa_empleados,ratio,media_ponderada_volumen,"ratio R.2 de la CBI; tamano segun la Recomendacion 2003/361/CE. Es el tipo medio del SALDO VIVO de deuda con coste, no el de nueva produccion del MIR: incorpora operaciones antiguas y se mueve mas despacio"
Espana,empresas_cb,Tipo efectivo pagado por la deuda con coste | Pequenas,10.1000,pct_anual,2001,"Banco de Espana, Central de Balances Integrada",https://datos.bde.es/datos/es/datasets/000/016.html,2026-09-18,,,tamano_empresa_empleados,ratio,media_ponderada_volumen,"ratio R.2 de la CBI; tamano segun la Recomendacion 2003/361/CE. Es el tipo medio del SALDO VIVO de deuda con coste, no el de nueva produccion del MIR: incorpora operaciones antiguas y se mueve mas despacio"
Espana,empresas_cb,Tipo efectivo pagado por la deuda con coste | Pequenas,8.7000,pct_anual,2002,"Banco de Espana, Central de Balances Integrada",https://datos.bde.es/datos/es/datasets/000/016.html,2026-09-18,,,tamano_empresa_empleados,ratio,media_ponderada_volumen,"ratio R.2 de la CBI; tamano segun la Recomendacion 2003/361/CE. Es el tipo medio del SALDO VIVO de deuda con coste, no el de nueva produccion del MIR: incorpora operaciones antiguas y se mueve mas despacio"
Espana,empresas_cb,Tipo efectivo pagado por la deuda con coste | Pequenas,7.1000,pct_anual,2003,"Banco de Espana, Central de Balances Integrada",https://datos.bde.es/datos/es/datasets/000/016.html,2026-09-18,,,tamano_empresa_empleados,ratio,media_ponderada_volumen,"ratio R.2 de la CBI; tamano segun la Recomendacion 2003/361/CE. Es el tipo medio del SALDO VIVO de deuda con coste, no el de nueva produccion del MIR: incorpora operaciones antiguas y se mueve mas despacio"
Espana,empresas_cb,Tipo efectivo pagado por la deuda con coste | Pequenas,6.1000,pct_anual,2004,"Banco de Espana, Central de Balances Integrada",https://datos.bde.es/datos/es/datasets/000/016.html,2026-09-18,,,tamano_empresa_empleados,ratio,media_ponderada_volumen,"ratio R.2 de la CBI; tamano segun la Recomendacion 2003/361/CE. Es el tipo medio del SALDO VIVO de deuda con coste, no el de nueva produccion del MIR: incorpora operaciones antiguas y se mueve mas despacio"
Espana,empresas_cb,Tipo efectivo pagado por la deuda con coste | Pequenas,3.7000,pct_anual,2005,"Banco de Espana, Central de Balances Integrada",https://datos.bde.es/datos/es/datasets/000/016.html,2026-09-18,,,tamano_empresa_empleados,ratio,media_ponderada_volumen,"ratio R.2 de la CBI; tamano segun la Recomendacion 2003/361/CE. Es el tipo medio del SALDO VIVO de deuda con coste, no el de nueva produccion del MIR: incorpora operaciones antiguas y se mueve mas despacio"
Espana,empresas_cb,Tipo efectivo pagado por la deuda con coste | Pequenas,3.9000,pct_anual,2006,"Banco de Espana, Central de Balances Integrada",https://datos.bde.es/datos/es/datasets/000/016.html,2026-09-18,,,tamano_empresa_empleados,ratio,media_ponderada_volumen,"ratio R.2 de la CBI; tamano segun la Recomendacion 2003/361/CE. Es el tipo medio del SALDO VIVO de deuda con coste, no el de nueva produccion del MIR: incorpora operaciones antiguas y se mueve mas despacio"
Espana,empresas_cb,Tipo efectivo pagado por la deuda con coste | Pequenas,4.5000,pct_anual,2007,"Banco de Espana, Central de Balances Integrada",https://datos.bde.es/datos/es/datasets/000/016.html,2026-09-18,,,tamano_empresa_empleados,ratio,media_ponderada_volumen,"ratio R.2 de la CBI; tamano segun la Recomendacion 2003/361/CE. Es el tipo medio del SALDO VIVO de deuda con coste, no el de nueva produccion del MIR: incorpora operaciones antiguas y se mueve mas despacio"
Espana,empresas_cb,Tipo efectivo pagado por la deuda con coste | Pequenas,5.5000,pct_anual,2008,"Banco de Espana, Central de Balances Integrada",https://datos.bde.es/datos/es/datasets/000/016.html,2026-09-18,,,tamano_empresa_empleados,ratio,media_ponderada_volumen,"ratio R.2 de la CBI; tamano segun la Recomendacion 2003/361/CE. Es el tipo medio del SALDO VIVO de deuda con coste, no el de nueva produccion del MIR: incorpora operaciones antiguas y se mueve mas despacio"
Espana,empresas_cb,Tipo efectivo pagado por la deuda con coste | Pequenas,4.6000,pct_anual,2009,"Banco de Espana, Central de Balances Integrada",https://datos.bde.es/datos/es/datasets/000/016.html,2026-09-18,,,tamano_empresa_empleados,ratio,media_ponderada_volumen,"ratio R.2 de la CBI; tamano segun la Recomendacion 2003/361/CE. Es el tipo medio del SALDO VIVO de deuda con coste, no el de nueva produccion del MIR: incorpora operaciones antiguas y se mueve mas despacio"
Espana,empresas_cb,Tipo efectivo pagado por la deuda con coste | Pequenas,3.6000,pct_anual,2010,"Banco de Espana, Central de Balances Integrada",https://datos.bde.es/datos/es/datasets/000/016.html,2026-09-18,,,tamano_empresa_empleados,ratio,media_ponderada_volumen,"ratio R.2 de la CBI; tamano segun la Recomendacion 2003/361/CE. Es el tipo medio del SALDO VIVO de deuda con coste, no el de nueva produccion del MIR: incorpora operaciones antiguas y se mueve mas despacio"
Espana,empresas_cb,Tipo efectivo pagado por la deuda con coste | Pequenas,3.8000,pct_anual,2011,"Banco de Espana, Central de Balances Integrada",https://datos.bde.es/datos/es/datasets/000/016.html,2026-09-18,,,tamano_empresa_empleados,ratio,media_ponderada_volumen,"ratio R.2 de la CBI; tamano segun la Recomendacion 2003/361/CE. Es el tipo medio del SALDO VIVO de deuda con coste, no el de nueva produccion del MIR: incorpora operaciones antiguas y se mueve mas despacio"
Espana,empresas_cb,Tipo efectivo pagado por la deuda con coste | Pequenas,3.7000,pct_anual,2012,"Banco de Espana, Central de Balances Integrada",https://datos.bde.es/datos/es/datasets/000/016.html,2026-09-18,,,tamano_empresa_empleados,ratio,media_ponderada_volumen,"ratio R.2 de la CBI; tamano segun la Recomendacion 2003/361/CE. Es el tipo medio del SALDO VIVO de deuda con coste, no el de nueva produccion del MIR: incorpora operaciones antiguas y se mueve mas despacio"
Espana,empresas_cb,Tipo efectivo pagado por la deuda con coste | Pequenas,3.3000,pct_anual,2013,"Banco de Espana, Central de Balances Integrada",https://datos.bde.es/datos/es/datasets/000/016.html,2026-09-18,,,tamano_empresa_empleados,ratio,media_ponderada_volumen,"ratio R.2 de la CBI; tamano segun la Recomendacion 2003/361/CE. Es el tipo medio del SALDO VIVO de deuda con coste, no el de nueva produccion del MIR: incorpora operaciones antiguas y se mueve mas despacio"
Espana,empresas_cb,Tipo efectivo pagado por la deuda con coste | Pequenas,3.1000,pct_anual,2014,"Banco de Espana, Central de Balances Integrada",https://datos.bde.es/datos/es/datasets/000/016.html,2026-09-18,,,tamano_empresa_empleados,ratio,media_ponderada_volumen,"ratio R.2 de la CBI; tamano segun la Recomendacion 2003/361/CE. Es el tipo medio del SALDO VIVO de deuda con coste, no el de nueva produccion del MIR: incorpora operaciones antiguas y se mueve mas despacio"
Espana,empresas_cb,Tipo efectivo pagado por la deuda con coste | Pequenas,2.8000,pct_anual,2015,"Banco de Espana, Central de Balances Integrada",https://datos.bde.es/datos/es/datasets/000/016.html,2026-09-18,,,tamano_empresa_empleados,ratio,media_ponderada_volumen,"ratio R.2 de la CBI; tamano segun la Recomendacion 2003/361/CE. Es el tipo medio del SALDO VIVO de deuda con coste, no el de nueva produccion del MIR: incorpora operaciones antiguas y se mueve mas despacio"
Espana,empresas_cb,Tipo efectivo pagado por la deuda con coste | Pequenas,2.5000,pct_anual,2016,"Banco de Espana, Central de Balances Integrada",https://datos.bde.es/datos/es/datasets/000/016.html,2026-09-18,,,tamano_empresa_empleados,ratio,media_ponderada_volumen,"ratio R.2 de la CBI; tamano segun la Recomendacion 2003/361/CE. Es el tipo medio del SALDO VIVO de deuda con coste, no el de nueva produccion del MIR: incorpora operaciones antiguas y se mueve mas despacio"
Espana,empresas_cb,Tipo efectivo pagado por la deuda con coste | Pequenas,2.3000,pct_anual,2017,"Banco de Espana, Central de Balances Integrada",https://datos.bde.es/datos/es/datasets/000/016.html,2026-09-18,,,tamano_empresa_empleados,ratio,media_ponderada_volumen,"ratio R.2 de la CBI; tamano segun la Recomendacion 2003/361/CE. Es el tipo medio del SALDO VIVO de deuda con coste, no el de nueva produccion del MIR: incorpora operaciones antiguas y se mueve mas despacio"
Espana,empresas_cb,Tipo efectivo pagado por la deuda con coste | Pequenas,2.3000,pct_anual,2018,"Banco de Espana, Central de Balances Integrada",https://datos.bde.es/datos/es/datasets/000/016.html,2026-09-18,,,tamano_empresa_empleados,ratio,media_ponderada_volumen,"ratio R.2 de la CBI; tamano segun la Recomendacion 2003/361/CE. Es el tipo medio del SALDO VIVO de deuda con coste, no el de nueva produccion del MIR: incorpora operaciones antiguas y se mueve mas despacio"
Espana,empresas_cb,Tipo efectivo pagado por la deuda con coste | Pequenas,2.2000,pct_anual,2019,"Banco de Espana, Central de Balances Integrada",https://datos.bde.es/datos/es/datasets/000/016.html,2026-09-18,,,tamano_empresa_empleados,ratio,media_ponderada_volumen,"ratio R.2 de la CBI; tamano segun la Recomendacion 2003/361/CE. Es el tipo medio del SALDO VIVO de deuda con coste, no el de nueva produccion del MIR: incorpora operaciones antiguas y se mueve mas despacio"
Espana,empresas_cb,Tipo efectivo pagado por la deuda con coste | Pequenas,1.9000,pct_anual,2020,"Banco de Espana, Central de Balances Integrada",https://datos.bde.es/datos/es/datasets/000/016.html,2026-09-18,,,tamano_empresa_empleados,ratio,media_ponderada_volumen,"ratio R.2 de la CBI; tamano segun la Recomendacion 2003/361/CE. Es el tipo medio del SALDO VIVO de deuda con coste, no el de nueva produccion del MIR: incorpora operaciones antiguas y se mueve mas despacio"
Espana,empresas_cb,Tipo efectivo pagado por la deuda con coste | Pequenas,1.9000,pct_anual,2021,"Banco de Espana, Central de Balances Integrada",https://datos.bde.es/datos/es/datasets/000/016.html,2026-09-18,,,tamano_empresa_empleados,ratio,media_ponderada_volumen,"ratio R.2 de la CBI; tamano segun la Recomendacion 2003/361/CE. Es el tipo medio del SALDO VIVO de deuda con coste, no el de nueva produccion del MIR: incorpora operaciones antiguas y se mueve mas despacio"
Espana,empresas_cb,Tipo efectivo pagado por la deuda con coste | Pequenas,2.1000,pct_anual,2022,"Banco de Espana, Central de Balances Integrada",https://datos.bde.es/datos/es/datasets/000/016.html,2026-09-18,,,tamano_empresa_empleados,ratio,media_ponderada_volumen,"ratio R.2 de la CBI; tamano segun la Recomendacion 2003/361/CE. Es el tipo medio del SALDO VIVO de deuda con coste, no el de nueva produccion del MIR: incorpora operaciones antiguas y se mueve mas despacio"
Espana,empresas_cb,Tipo efectivo pagado por la deuda con coste | Pequenas,2.9000,pct_anual,2023,"Banco de Espana, Central de Balances Integrada",https://datos.bde.es/datos/es/datasets/000/016.html,2026-09-18,,,tamano_empresa_empleados,ratio,media_ponderada_volumen,"ratio R.2 de la CBI; tamano segun la Recomendacion 2003/361/CE. Es el tipo medio del SALDO VIVO de deuda con coste, no el de nueva produccion del MIR: incorpora operaciones antiguas y se mueve mas despacio"
Espana,empresas_cb,Tipo efectivo pagado por la deuda con coste | Pequenas,3.3000,pct_anual,2024,"Banco de Espana, Central de Balances Integrada",https://datos.bde.es/datos/es/datasets/000/016.html,2026-09-18,,,tamano_empresa_empleados,ratio,media_ponderada_volumen,"ratio R.2 de la CBI; tamano segun la Recomendacion 2003/361/CE. Es el tipo medio del SALDO VIVO de deuda con coste, no el de nueva produccion del MIR: incorpora operaciones antiguas y se mueve mas despacio"
Espana,empresas_cb,Tipo efectivo pagado por la deuda con coste | Medianas,7.8000,pct_anual,1997,"Banco de Espana, Central de Balances Integrada",https://datos.bde.es/datos/es/datasets/000/016.html,2026-09-18,,,tamano_empresa_empleados,ratio,media_ponderada_volumen,"ratio R.2 de la CBI; tamano segun la Recomendacion 2003/361/CE. Es el tipo medio del SALDO VIVO de deuda con coste, no el de nueva produccion del MIR: incorpora operaciones antiguas y se mueve mas despacio"
Espana,empresas_cb,Tipo efectivo pagado por la deuda con coste | Medianas,6.1000,pct_anual,1998,"Banco de Espana, Central de Balances Integrada",https://datos.bde.es/datos/es/datasets/000/016.html,2026-09-18,,,tamano_empresa_empleados,ratio,media_ponderada_volumen,"ratio R.2 de la CBI; tamano segun la Recomendacion 2003/361/CE. Es el tipo medio del SALDO VIVO de deuda con coste, no el de nueva produccion del MIR: incorpora operaciones antiguas y se mueve mas despacio"
Espana,empresas_cb,Tipo efectivo pagado por la deuda con coste | Medianas,4.9000,pct_anual,1999,"Banco de Espana, Central de Balances Integrada",https://datos.bde.es/datos/es/datasets/000/016.html,2026-09-18,,,tamano_empresa_empleados,ratio,media_ponderada_volumen,"ratio R.2 de la CBI; tamano segun la Recomendacion 2003/361/CE. Es el tipo medio del SALDO VIVO de deuda con coste, no el de nueva produccion del MIR: incorpora operaciones antiguas y se mueve mas despacio"
Espana,empresas_cb,Tipo efectivo pagado por la deuda con coste | Medianas,5.2000,pct_anual,2000,"Banco de Espana, Central de Balances Integrada",https://datos.bde.es/datos/es/datasets/000/016.html,2026-09-18,,,tamano_empresa_empleados,ratio,media_ponderada_volumen,"ratio R.2 de la CBI; tamano segun la Recomendacion 2003/361/CE. Es el tipo medio del SALDO VIVO de deuda con coste, no el de nueva produccion del MIR: incorpora operaciones antiguas y se mueve mas despacio"
Espana,empresas_cb,Tipo efectivo pagado por la deuda con coste | Medianas,5.9000,pct_anual,2001,"Banco de Espana, Central de Balances Integrada",https://datos.bde.es/datos/es/datasets/000/016.html,2026-09-18,,,tamano_empresa_empleados,ratio,media_ponderada_volumen,"ratio R.2 de la CBI; tamano segun la Recomendacion 2003/361/CE. Es el tipo medio del SALDO VIVO de deuda con coste, no el de nueva produccion del MIR: incorpora operaciones antiguas y se mueve mas despacio"
Espana,empresas_cb,Tipo efectivo pagado por la deuda con coste | Medianas,5.4000,pct_anual,2002,"Banco de Espana, Central de Balances Integrada",https://datos.bde.es/datos/es/datasets/000/016.html,2026-09-18,,,tamano_empresa_empleados,ratio,media_ponderada_volumen,"ratio R.2 de la CBI; tamano segun la Recomendacion 2003/361/CE. Es el tipo medio del SALDO VIVO de deuda con coste, no el de nueva produccion del MIR: incorpora operaciones antiguas y se mueve mas despacio"
Espana,empresas_cb,Tipo efectivo pagado por la deuda con coste | Medianas,4.7000,pct_anual,2003,"Banco de Espana, Central de Balances Integrada",https://datos.bde.es/datos/es/datasets/000/016.html,2026-09-18,,,tamano_empresa_empleados,ratio,media_ponderada_volumen,"ratio R.2 de la CBI; tamano segun la Recomendacion 2003/361/CE. Es el tipo medio del SALDO VIVO de deuda con coste, no el de nueva produccion del MIR: incorpora operaciones antiguas y se mueve mas despacio"
Espana,empresas_cb,Tipo efectivo pagado por la deuda con coste | Medianas,4.2000,pct_anual,2004,"Banco de Espana, Central de Balances Integrada",https://datos.bde.es/datos/es/datasets/000/016.html,2026-09-18,,,tamano_empresa_empleados,ratio,media_ponderada_volumen,"ratio R.2 de la CBI; tamano segun la Recomendacion 2003/361/CE. Es el tipo medio del SALDO VIVO de deuda con coste, no el de nueva produccion del MIR: incorpora operaciones antiguas y se mueve mas despacio"
Espana,empresas_cb,Tipo efectivo pagado por la deuda con coste | Medianas,4.0000,pct_anual,2005,"Banco de Espana, Central de Balances Integrada",https://datos.bde.es/datos/es/datasets/000/016.html,2026-09-18,,,tamano_empresa_empleados,ratio,media_ponderada_volumen,"ratio R.2 de la CBI; tamano segun la Recomendacion 2003/361/CE. Es el tipo medio del SALDO VIVO de deuda con coste, no el de nueva produccion del MIR: incorpora operaciones antiguas y se mueve mas despacio"
Espana,empresas_cb,Tipo efectivo pagado por la deuda con coste | Medianas,4.3000,pct_anual,2006,"Banco de Espana, Central de Balances Integrada",https://datos.bde.es/datos/es/datasets/000/016.html,2026-09-18,,,tamano_empresa_empleados,ratio,media_ponderada_volumen,"ratio R.2 de la CBI; tamano segun la Recomendacion 2003/361/CE. Es el tipo medio del SALDO VIVO de deuda con coste, no el de nueva produccion del MIR: incorpora operaciones antiguas y se mueve mas despacio"
Espana,empresas_cb,Tipo efectivo pagado por la deuda con coste | Medianas,5.3000,pct_anual,2007,"Banco de Espana, Central de Balances Integrada",https://datos.bde.es/datos/es/datasets/000/016.html,2026-09-18,,,tamano_empresa_empleados,ratio,media_ponderada_volumen,"ratio R.2 de la CBI; tamano segun la Recomendacion 2003/361/CE. Es el tipo medio del SALDO VIVO de deuda con coste, no el de nueva produccion del MIR: incorpora operaciones antiguas y se mueve mas despacio"
Espana,empresas_cb,Tipo efectivo pagado por la deuda con coste | Medianas,6.0000,pct_anual,2008,"Banco de Espana, Central de Balances Integrada",https://datos.bde.es/datos/es/datasets/000/016.html,2026-09-18,,,tamano_empresa_empleados,ratio,media_ponderada_volumen,"ratio R.2 de la CBI; tamano segun la Recomendacion 2003/361/CE. Es el tipo medio del SALDO VIVO de deuda con coste, no el de nueva produccion del MIR: incorpora operaciones antiguas y se mueve mas despacio"
Espana,empresas_cb,Tipo efectivo pagado por la deuda con coste | Medianas,4.6000,pct_anual,2009,"Banco de Espana, Central de Balances Integrada",https://datos.bde.es/datos/es/datasets/000/016.html,2026-09-18,,,tamano_empresa_empleados,ratio,media_ponderada_volumen,"ratio R.2 de la CBI; tamano segun la Recomendacion 2003/361/CE. Es el tipo medio del SALDO VIVO de deuda con coste, no el de nueva produccion del MIR: incorpora operaciones antiguas y se mueve mas despacio"
Espana,empresas_cb,Tipo efectivo pagado por la deuda con coste | Medianas,3.6000,pct_anual,2010,"Banco de Espana, Central de Balances Integrada",https://datos.bde.es/datos/es/datasets/000/016.html,2026-09-18,,,tamano_empresa_empleados,ratio,media_ponderada_volumen,"ratio R.2 de la CBI; tamano segun la Recomendacion 2003/361/CE. Es el tipo medio del SALDO VIVO de deuda con coste, no el de nueva produccion del MIR: incorpora operaciones antiguas y se mueve mas despacio"
Espana,empresas_cb,Tipo efectivo pagado por la deuda con coste | Medianas,4.1000,pct_anual,2011,"Banco de Espana, Central de Balances Integrada",https://datos.bde.es/datos/es/datasets/000/016.html,2026-09-18,,,tamano_empresa_empleados,ratio,media_ponderada_volumen,"ratio R.2 de la CBI; tamano segun la Recomendacion 2003/361/CE. Es el tipo medio del SALDO VIVO de deuda con coste, no el de nueva produccion del MIR: incorpora operaciones antiguas y se mueve mas despacio"
Espana,empresas_cb,Tipo efectivo pagado por la deuda con coste | Medianas,4.2000,pct_anual,2012,"Banco de Espana, Central de Balances Integrada",https://datos.bde.es/datos/es/datasets/000/016.html,2026-09-18,,,tamano_empresa_empleados,ratio,media_ponderada_volumen,"ratio R.2 de la CBI; tamano segun la Recomendacion 2003/361/CE. Es el tipo medio del SALDO VIVO de deuda con coste, no el de nueva produccion del MIR: incorpora operaciones antiguas y se mueve mas despacio"
Espana,empresas_cb,Tipo efectivo pagado por la deuda con coste | Medianas,4.1000,pct_anual,2013,"Banco de Espana, Central de Balances Integrada",https://datos.bde.es/datos/es/datasets/000/016.html,2026-09-18,,,tamano_empresa_empleados,ratio,media_ponderada_volumen,"ratio R.2 de la CBI; tamano segun la Recomendacion 2003/361/CE. Es el tipo medio del SALDO VIVO de deuda con coste, no el de nueva produccion del MIR: incorpora operaciones antiguas y se mueve mas despacio"
Espana,empresas_cb,Tipo efectivo pagado por la deuda con coste | Medianas,3.9000,pct_anual,2014,"Banco de Espana, Central de Balances Integrada",https://datos.bde.es/datos/es/datasets/000/016.html,2026-09-18,,,tamano_empresa_empleados,ratio,media_ponderada_volumen,"ratio R.2 de la CBI; tamano segun la Recomendacion 2003/361/CE. Es el tipo medio del SALDO VIVO de deuda con coste, no el de nueva produccion del MIR: incorpora operaciones antiguas y se mueve mas despacio"
Espana,empresas_cb,Tipo efectivo pagado por la deuda con coste | Medianas,3.2000,pct_anual,2015,"Banco de Espana, Central de Balances Integrada",https://datos.bde.es/datos/es/datasets/000/016.html,2026-09-18,,,tamano_empresa_empleados,ratio,media_ponderada_volumen,"ratio R.2 de la CBI; tamano segun la Recomendacion 2003/361/CE. Es el tipo medio del SALDO VIVO de deuda con coste, no el de nueva produccion del MIR: incorpora operaciones antiguas y se mueve mas despacio"
Espana,empresas_cb,Tipo efectivo pagado por la deuda con coste | Medianas,2.9000,pct_anual,2016,"Banco de Espana, Central de Balances Integrada",https://datos.bde.es/datos/es/datasets/000/016.html,2026-09-18,,,tamano_empresa_empleados,ratio,media_ponderada_volumen,"ratio R.2 de la CBI; tamano segun la Recomendacion 2003/361/CE. Es el tipo medio del SALDO VIVO de deuda con coste, no el de nueva produccion del MIR: incorpora operaciones antiguas y se mueve mas despacio"
Espana,empresas_cb,Tipo efectivo pagado por la deuda con coste | Medianas,2.6000,pct_anual,2017,"Banco de Espana, Central de Balances Integrada",https://datos.bde.es/datos/es/datasets/000/016.html,2026-09-18,,,tamano_empresa_empleados,ratio,media_ponderada_volumen,"ratio R.2 de la CBI; tamano segun la Recomendacion 2003/361/CE. Es el tipo medio del SALDO VIVO de deuda con coste, no el de nueva produccion del MIR: incorpora operaciones antiguas y se mueve mas despacio"
Espana,empresas_cb,Tipo efectivo pagado por la deuda con coste | Medianas,2.3000,pct_anual,2018,"Banco de Espana, Central de Balances Integrada",https://datos.bde.es/datos/es/datasets/000/016.html,2026-09-18,,,tamano_empresa_empleados,ratio,media_ponderada_volumen,"ratio R.2 de la CBI; tamano segun la Recomendacion 2003/361/CE. Es el tipo medio del SALDO VIVO de deuda con coste, no el de nueva produccion del MIR: incorpora operaciones antiguas y se mueve mas despacio"
Espana,empresas_cb,Tipo efectivo pagado por la deuda con coste | Medianas,2.2000,pct_anual,2019,"Banco de Espana, Central de Balances Integrada",https://datos.bde.es/datos/es/datasets/000/016.html,2026-09-18,,,tamano_empresa_empleados,ratio,media_ponderada_volumen,"ratio R.2 de la CBI; tamano segun la Recomendacion 2003/361/CE. Es el tipo medio del SALDO VIVO de deuda con coste, no el de nueva produccion del MIR: incorpora operaciones antiguas y se mueve mas despacio"
Espana,empresas_cb,Tipo efectivo pagado por la deuda con coste | Medianas,2.1000,pct_anual,2020,"Banco de Espana, Central de Balances Integrada",https://datos.bde.es/datos/es/datasets/000/016.html,2026-09-18,,,tamano_empresa_empleados,ratio,media_ponderada_volumen,"ratio R.2 de la CBI; tamano segun la Recomendacion 2003/361/CE. Es el tipo medio del SALDO VIVO de deuda con coste, no el de nueva produccion del MIR: incorpora operaciones antiguas y se mueve mas despacio"
Espana,empresas_cb,Tipo efectivo pagado por la deuda con coste | Medianas,2.2000,pct_anual,2021,"Banco de Espana, Central de Balances Integrada",https://datos.bde.es/datos/es/datasets/000/016.html,2026-09-18,,,tamano_empresa_empleados,ratio,media_ponderada_volumen,"ratio R.2 de la CBI; tamano segun la Recomendacion 2003/361/CE. Es el tipo medio del SALDO VIVO de deuda con coste, no el de nueva produccion del MIR: incorpora operaciones antiguas y se mueve mas despacio"
Espana,empresas_cb,Tipo efectivo pagado por la deuda con coste | Medianas,2.4000,pct_anual,2022,"Banco de Espana, Central de Balances Integrada",https://datos.bde.es/datos/es/datasets/000/016.html,2026-09-18,,,tamano_empresa_empleados,ratio,media_ponderada_volumen,"ratio R.2 de la CBI; tamano segun la Recomendacion 2003/361/CE. Es el tipo medio del SALDO VIVO de deuda con coste, no el de nueva produccion del MIR: incorpora operaciones antiguas y se mueve mas despacio"
Espana,empresas_cb,Tipo efectivo pagado por la deuda con coste | Medianas,3.9000,pct_anual,2023,"Banco de Espana, Central de Balances Integrada",https://datos.bde.es/datos/es/datasets/000/016.html,2026-09-18,,,tamano_empresa_empleados,ratio,media_ponderada_volumen,"ratio R.2 de la CBI; tamano segun la Recomendacion 2003/361/CE. Es el tipo medio del SALDO VIVO de deuda con coste, no el de nueva produccion del MIR: incorpora operaciones antiguas y se mueve mas despacio"
Espana,empresas_cb,Tipo efectivo pagado por la deuda con coste | Medianas,4.4000,pct_anual,2024,"Banco de Espana, Central de Balances Integrada",https://datos.bde.es/datos/es/datasets/000/016.html,2026-09-18,,,tamano_empresa_empleados,ratio,media_ponderada_volumen,"ratio R.2 de la CBI; tamano segun la Recomendacion 2003/361/CE. Es el tipo medio del SALDO VIVO de deuda con coste, no el de nueva produccion del MIR: incorpora operaciones antiguas y se mueve mas despacio"
Espana,empresas_cb,Tipo efectivo pagado por la deuda con coste | Grandes,6.6000,pct_anual,1997,"Banco de Espana, Central de Balances Integrada",https://datos.bde.es/datos/es/datasets/000/016.html,2026-09-18,,,tamano_empresa_empleados,ratio,media_ponderada_volumen,"ratio R.2 de la CBI; tamano segun la Recomendacion 2003/361/CE. Es el tipo medio del SALDO VIVO de deuda con coste, no el de nueva produccion del MIR: incorpora operaciones antiguas y se mueve mas despacio"
Espana,empresas_cb,Tipo efectivo pagado por la deuda con coste | Grandes,5.3000,pct_anual,1998,"Banco de Espana, Central de Balances Integrada",https://datos.bde.es/datos/es/datasets/000/016.html,2026-09-18,,,tamano_empresa_empleados,ratio,media_ponderada_volumen,"ratio R.2 de la CBI; tamano segun la Recomendacion 2003/361/CE. Es el tipo medio del SALDO VIVO de deuda con coste, no el de nueva produccion del MIR: incorpora operaciones antiguas y se mueve mas despacio"
Espana,empresas_cb,Tipo efectivo pagado por la deuda con coste | Grandes,4.0000,pct_anual,1999,"Banco de Espana, Central de Balances Integrada",https://datos.bde.es/datos/es/datasets/000/016.html,2026-09-18,,,tamano_empresa_empleados,ratio,media_ponderada_volumen,"ratio R.2 de la CBI; tamano segun la Recomendacion 2003/361/CE. Es el tipo medio del SALDO VIVO de deuda con coste, no el de nueva produccion del MIR: incorpora operaciones antiguas y se mueve mas despacio"
Espana,empresas_cb,Tipo efectivo pagado por la deuda con coste | Grandes,4.3000,pct_anual,2000,"Banco de Espana, Central de Balances Integrada",https://datos.bde.es/datos/es/datasets/000/016.html,2026-09-18,,,tamano_empresa_empleados,ratio,media_ponderada_volumen,"ratio R.2 de la CBI; tamano segun la Recomendacion 2003/361/CE. Es el tipo medio del SALDO VIVO de deuda con coste, no el de nueva produccion del MIR: incorpora operaciones antiguas y se mueve mas despacio"
Espana,empresas_cb,Tipo efectivo pagado por la deuda con coste | Grandes,4.6000,pct_anual,2001,"Banco de Espana, Central de Balances Integrada",https://datos.bde.es/datos/es/datasets/000/016.html,2026-09-18,,,tamano_empresa_empleados,ratio,media_ponderada_volumen,"ratio R.2 de la CBI; tamano segun la Recomendacion 2003/361/CE. Es el tipo medio del SALDO VIVO de deuda con coste, no el de nueva produccion del MIR: incorpora operaciones antiguas y se mueve mas despacio"
Espana,empresas_cb,Tipo efectivo pagado por la deuda con coste | Grandes,4.2000,pct_anual,2002,"Banco de Espana, Central de Balances Integrada",https://datos.bde.es/datos/es/datasets/000/016.html,2026-09-18,,,tamano_empresa_empleados,ratio,media_ponderada_volumen,"ratio R.2 de la CBI; tamano segun la Recomendacion 2003/361/CE. Es el tipo medio del SALDO VIVO de deuda con coste, no el de nueva produccion del MIR: incorpora operaciones antiguas y se mueve mas despacio"
Espana,empresas_cb,Tipo efectivo pagado por la deuda con coste | Grandes,3.9000,pct_anual,2003,"Banco de Espana, Central de Balances Integrada",https://datos.bde.es/datos/es/datasets/000/016.html,2026-09-18,,,tamano_empresa_empleados,ratio,media_ponderada_volumen,"ratio R.2 de la CBI; tamano segun la Recomendacion 2003/361/CE. Es el tipo medio del SALDO VIVO de deuda con coste, no el de nueva produccion del MIR: incorpora operaciones antiguas y se mueve mas despacio"
Espana,empresas_cb,Tipo efectivo pagado por la deuda con coste | Grandes,3.6000,pct_anual,2004,"Banco de Espana, Central de Balances Integrada",https://datos.bde.es/datos/es/datasets/000/016.html,2026-09-18,,,tamano_empresa_empleados,ratio,media_ponderada_volumen,"ratio R.2 de la CBI; tamano segun la Recomendacion 2003/361/CE. Es el tipo medio del SALDO VIVO de deuda con coste, no el de nueva produccion del MIR: incorpora operaciones antiguas y se mueve mas despacio"
Espana,empresas_cb,Tipo efectivo pagado por la deuda con coste | Grandes,3.5000,pct_anual,2005,"Banco de Espana, Central de Balances Integrada",https://datos.bde.es/datos/es/datasets/000/016.html,2026-09-18,,,tamano_empresa_empleados,ratio,media_ponderada_volumen,"ratio R.2 de la CBI; tamano segun la Recomendacion 2003/361/CE. Es el tipo medio del SALDO VIVO de deuda con coste, no el de nueva produccion del MIR: incorpora operaciones antiguas y se mueve mas despacio"
Espana,empresas_cb,Tipo efectivo pagado por la deuda con coste | Grandes,3.7000,pct_anual,2006,"Banco de Espana, Central de Balances Integrada",https://datos.bde.es/datos/es/datasets/000/016.html,2026-09-18,,,tamano_empresa_empleados,ratio,media_ponderada_volumen,"ratio R.2 de la CBI; tamano segun la Recomendacion 2003/361/CE. Es el tipo medio del SALDO VIVO de deuda con coste, no el de nueva produccion del MIR: incorpora operaciones antiguas y se mueve mas despacio"
Espana,empresas_cb,Tipo efectivo pagado por la deuda con coste | Grandes,4.5000,pct_anual,2007,"Banco de Espana, Central de Balances Integrada",https://datos.bde.es/datos/es/datasets/000/016.html,2026-09-18,,,tamano_empresa_empleados,ratio,media_ponderada_volumen,"ratio R.2 de la CBI; tamano segun la Recomendacion 2003/361/CE. Es el tipo medio del SALDO VIVO de deuda con coste, no el de nueva produccion del MIR: incorpora operaciones antiguas y se mueve mas despacio"
Espana,empresas_cb,Tipo efectivo pagado por la deuda con coste | Grandes,4.9000,pct_anual,2008,"Banco de Espana, Central de Balances Integrada",https://datos.bde.es/datos/es/datasets/000/016.html,2026-09-18,,,tamano_empresa_empleados,ratio,media_ponderada_volumen,"ratio R.2 de la CBI; tamano segun la Recomendacion 2003/361/CE. Es el tipo medio del SALDO VIVO de deuda con coste, no el de nueva produccion del MIR: incorpora operaciones antiguas y se mueve mas despacio"
Espana,empresas_cb,Tipo efectivo pagado por la deuda con coste | Grandes,3.6000,pct_anual,2009,"Banco de Espana, Central de Balances Integrada",https://datos.bde.es/datos/es/datasets/000/016.html,2026-09-18,,,tamano_empresa_empleados,ratio,media_ponderada_volumen,"ratio R.2 de la CBI; tamano segun la Recomendacion 2003/361/CE. Es el tipo medio del SALDO VIVO de deuda con coste, no el de nueva produccion del MIR: incorpora operaciones antiguas y se mueve mas despacio"
Espana,empresas_cb,Tipo efectivo pagado por la deuda con coste | Grandes,3.3000,pct_anual,2010,"Banco de Espana, Central de Balances Integrada",https://datos.bde.es/datos/es/datasets/000/016.html,2026-09-18,,,tamano_empresa_empleados,ratio,media_ponderada_volumen,"ratio R.2 de la CBI; tamano segun la Recomendacion 2003/361/CE. Es el tipo medio del SALDO VIVO de deuda con coste, no el de nueva produccion del MIR: incorpora operaciones antiguas y se mueve mas despacio"
Espana,empresas_cb,Tipo efectivo pagado por la deuda con coste | Grandes,3.7000,pct_anual,2011,"Banco de Espana, Central de Balances Integrada",https://datos.bde.es/datos/es/datasets/000/016.html,2026-09-18,,,tamano_empresa_empleados,ratio,media_ponderada_volumen,"ratio R.2 de la CBI; tamano segun la Recomendacion 2003/361/CE. Es el tipo medio del SALDO VIVO de deuda con coste, no el de nueva produccion del MIR: incorpora operaciones antiguas y se mueve mas despacio"
Espana,empresas_cb,Tipo efectivo pagado por la deuda con coste | Grandes,3.8000,pct_anual,2012,"Banco de Espana, Central de Balances Integrada",https://datos.bde.es/datos/es/datasets/000/016.html,2026-09-18,,,tamano_empresa_empleados,ratio,media_ponderada_volumen,"ratio R.2 de la CBI; tamano segun la Recomendacion 2003/361/CE. Es el tipo medio del SALDO VIVO de deuda con coste, no el de nueva produccion del MIR: incorpora operaciones antiguas y se mueve mas despacio"
Espana,empresas_cb,Tipo efectivo pagado por la deuda con coste | Grandes,3.7000,pct_anual,2013,"Banco de Espana, Central de Balances Integrada",https://datos.bde.es/datos/es/datasets/000/016.html,2026-09-18,,,tamano_empresa_empleados,ratio,media_ponderada_volumen,"ratio R.2 de la CBI; tamano segun la Recomendacion 2003/361/CE. Es el tipo medio del SALDO VIVO de deuda con coste, no el de nueva produccion del MIR: incorpora operaciones antiguas y se mueve mas despacio"
Espana,empresas_cb,Tipo efectivo pagado por la deuda con coste | Grandes,3.6000,pct_anual,2014,"Banco de Espana, Central de Balances Integrada",https://datos.bde.es/datos/es/datasets/000/016.html,2026-09-18,,,tamano_empresa_empleados,ratio,media_ponderada_volumen,"ratio R.2 de la CBI; tamano segun la Recomendacion 2003/361/CE. Es el tipo medio del SALDO VIVO de deuda con coste, no el de nueva produccion del MIR: incorpora operaciones antiguas y se mueve mas despacio"
Espana,empresas_cb,Tipo efectivo pagado por la deuda con coste | Grandes,3.1000,pct_anual,2015,"Banco de Espana, Central de Balances Integrada",https://datos.bde.es/datos/es/datasets/000/016.html,2026-09-18,,,tamano_empresa_empleados,ratio,media_ponderada_volumen,"ratio R.2 de la CBI; tamano segun la Recomendacion 2003/361/CE. Es el tipo medio del SALDO VIVO de deuda con coste, no el de nueva produccion del MIR: incorpora operaciones antiguas y se mueve mas despacio"
Espana,empresas_cb,Tipo efectivo pagado por la deuda con coste | Grandes,2.9000,pct_anual,2016,"Banco de Espana, Central de Balances Integrada",https://datos.bde.es/datos/es/datasets/000/016.html,2026-09-18,,,tamano_empresa_empleados,ratio,media_ponderada_volumen,"ratio R.2 de la CBI; tamano segun la Recomendacion 2003/361/CE. Es el tipo medio del SALDO VIVO de deuda con coste, no el de nueva produccion del MIR: incorpora operaciones antiguas y se mueve mas despacio"
Espana,empresas_cb,Tipo efectivo pagado por la deuda con coste | Grandes,2.5000,pct_anual,2017,"Banco de Espana, Central de Balances Integrada",https://datos.bde.es/datos/es/datasets/000/016.html,2026-09-18,,,tamano_empresa_empleados,ratio,media_ponderada_volumen,"ratio R.2 de la CBI; tamano segun la Recomendacion 2003/361/CE. Es el tipo medio del SALDO VIVO de deuda con coste, no el de nueva produccion del MIR: incorpora operaciones antiguas y se mueve mas despacio"
Espana,empresas_cb,Tipo efectivo pagado por la deuda con coste | Grandes,2.4000,pct_anual,2018,"Banco de Espana, Central de Balances Integrada",https://datos.bde.es/datos/es/datasets/000/016.html,2026-09-18,,,tamano_empresa_empleados,ratio,media_ponderada_volumen,"ratio R.2 de la CBI; tamano segun la Recomendacion 2003/361/CE. Es el tipo medio del SALDO VIVO de deuda con coste, no el de nueva produccion del MIR: incorpora operaciones antiguas y se mueve mas despacio"
Espana,empresas_cb,Tipo efectivo pagado por la deuda con coste | Grandes,2.2000,pct_anual,2019,"Banco de Espana, Central de Balances Integrada",https://datos.bde.es/datos/es/datasets/000/016.html,2026-09-18,,,tamano_empresa_empleados,ratio,media_ponderada_volumen,"ratio R.2 de la CBI; tamano segun la Recomendacion 2003/361/CE. Es el tipo medio del SALDO VIVO de deuda con coste, no el de nueva produccion del MIR: incorpora operaciones antiguas y se mueve mas despacio"
Espana,empresas_cb,Tipo efectivo pagado por la deuda con coste | Grandes,2.1000,pct_anual,2020,"Banco de Espana, Central de Balances Integrada",https://datos.bde.es/datos/es/datasets/000/016.html,2026-09-18,,,tamano_empresa_empleados,ratio,media_ponderada_volumen,"ratio R.2 de la CBI; tamano segun la Recomendacion 2003/361/CE. Es el tipo medio del SALDO VIVO de deuda con coste, no el de nueva produccion del MIR: incorpora operaciones antiguas y se mueve mas despacio"
Espana,empresas_cb,Tipo efectivo pagado por la deuda con coste | Grandes,1.9000,pct_anual,2021,"Banco de Espana, Central de Balances Integrada",https://datos.bde.es/datos/es/datasets/000/016.html,2026-09-18,,,tamano_empresa_empleados,ratio,media_ponderada_volumen,"ratio R.2 de la CBI; tamano segun la Recomendacion 2003/361/CE. Es el tipo medio del SALDO VIVO de deuda con coste, no el de nueva produccion del MIR: incorpora operaciones antiguas y se mueve mas despacio"
Espana,empresas_cb,Tipo efectivo pagado por la deuda con coste | Grandes,2.3000,pct_anual,2022,"Banco de Espana, Central de Balances Integrada",https://datos.bde.es/datos/es/datasets/000/016.html,2026-09-18,,,tamano_empresa_empleados,ratio,media_ponderada_volumen,"ratio R.2 de la CBI; tamano segun la Recomendacion 2003/361/CE. Es el tipo medio del SALDO VIVO de deuda con coste, no el de nueva produccion del MIR: incorpora operaciones antiguas y se mueve mas despacio"
Espana,empresas_cb,Tipo efectivo pagado por la deuda con coste | Grandes,3.7000,pct_anual,2023,"Banco de Espana, Central de Balances Integrada",https://datos.bde.es/datos/es/datasets/000/016.html,2026-09-18,,,tamano_empresa_empleados,ratio,media_ponderada_volumen,"ratio R.2 de la CBI; tamano segun la Recomendacion 2003/361/CE. Es el tipo medio del SALDO VIVO de deuda con coste, no el de nueva produccion del MIR: incorpora operaciones antiguas y se mueve mas despacio"
Espana,empresas_cb,Tipo efectivo pagado por la deuda con coste | Grandes,4.2000,pct_anual,2024,"Banco de Espana, Central de Balances Integrada",https://datos.bde.es/datos/es/datasets/000/016.html,2026-09-18,,,tamano_empresa_empleados,ratio,media_ponderada_volumen,"ratio R.2 de la CBI; tamano segun la Recomendacion 2003/361/CE. Es el tipo medio del SALDO VIVO de deuda con coste, no el de nueva produccion del MIR: incorpora operaciones antiguas y se mueve mas despacio"
Espana,empresas_cb,Tipo efectivo pagado por la deuda con coste | Total,7.4000,pct_anual,1997,"Banco de Espana, Central de Balances Integrada",https://datos.bde.es/datos/es/datasets/000/016.html,2026-09-18,,,tamano_empresa_empleados,ratio,media_ponderada_volumen,"ratio R.2 de la CBI; tamano segun la Recomendacion 2003/361/CE. Es el tipo medio del SALDO VIVO de deuda con coste, no el de nueva produccion del MIR: incorpora operaciones antiguas y se mueve mas despacio"
Espana,empresas_cb,Tipo efectivo pagado por la deuda con coste | Total,6.0000,pct_anual,1998,"Banco de Espana, Central de Balances Integrada",https://datos.bde.es/datos/es/datasets/000/016.html,2026-09-18,,,tamano_empresa_empleados,ratio,media_ponderada_volumen,"ratio R.2 de la CBI; tamano segun la Recomendacion 2003/361/CE. Es el tipo medio del SALDO VIVO de deuda con coste, no el de nueva produccion del MIR: incorpora operaciones antiguas y se mueve mas despacio"
Espana,empresas_cb,Tipo efectivo pagado por la deuda con coste | Total,4.6000,pct_anual,1999,"Banco de Espana, Central de Balances Integrada",https://datos.bde.es/datos/es/datasets/000/016.html,2026-09-18,,,tamano_empresa_empleados,ratio,media_ponderada_volumen,"ratio R.2 de la CBI; tamano segun la Recomendacion 2003/361/CE. Es el tipo medio del SALDO VIVO de deuda con coste, no el de nueva produccion del MIR: incorpora operaciones antiguas y se mueve mas despacio"
Espana,empresas_cb,Tipo efectivo pagado por la deuda con coste | Total,4.9000,pct_anual,2000,"Banco de Espana, Central de Balances Integrada",https://datos.bde.es/datos/es/datasets/000/016.html,2026-09-18,,,tamano_empresa_empleados,ratio,media_ponderada_volumen,"ratio R.2 de la CBI; tamano segun la Recomendacion 2003/361/CE. Es el tipo medio del SALDO VIVO de deuda con coste, no el de nueva produccion del MIR: incorpora operaciones antiguas y se mueve mas despacio"
Espana,empresas_cb,Tipo efectivo pagado por la deuda con coste | Total,5.2000,pct_anual,2001,"Banco de Espana, Central de Balances Integrada",https://datos.bde.es/datos/es/datasets/000/016.html,2026-09-18,,,tamano_empresa_empleados,ratio,media_ponderada_volumen,"ratio R.2 de la CBI; tamano segun la Recomendacion 2003/361/CE. Es el tipo medio del SALDO VIVO de deuda con coste, no el de nueva produccion del MIR: incorpora operaciones antiguas y se mueve mas despacio"
Espana,empresas_cb,Tipo efectivo pagado por la deuda con coste | Total,4.8000,pct_anual,2002,"Banco de Espana, Central de Balances Integrada",https://datos.bde.es/datos/es/datasets/000/016.html,2026-09-18,,,tamano_empresa_empleados,ratio,media_ponderada_volumen,"ratio R.2 de la CBI; tamano segun la Recomendacion 2003/361/CE. Es el tipo medio del SALDO VIVO de deuda con coste, no el de nueva produccion del MIR: incorpora operaciones antiguas y se mueve mas despacio"
Espana,empresas_cb,Tipo efectivo pagado por la deuda con coste | Total,4.4000,pct_anual,2003,"Banco de Espana, Central de Balances Integrada",https://datos.bde.es/datos/es/datasets/000/016.html,2026-09-18,,,tamano_empresa_empleados,ratio,media_ponderada_volumen,"ratio R.2 de la CBI; tamano segun la Recomendacion 2003/361/CE. Es el tipo medio del SALDO VIVO de deuda con coste, no el de nueva produccion del MIR: incorpora operaciones antiguas y se mueve mas despacio"
Espana,empresas_cb,Tipo efectivo pagado por la deuda con coste | Total,4.0000,pct_anual,2004,"Banco de Espana, Central de Balances Integrada",https://datos.bde.es/datos/es/datasets/000/016.html,2026-09-18,,,tamano_empresa_empleados,ratio,media_ponderada_volumen,"ratio R.2 de la CBI; tamano segun la Recomendacion 2003/361/CE. Es el tipo medio del SALDO VIVO de deuda con coste, no el de nueva produccion del MIR: incorpora operaciones antiguas y se mueve mas despacio"
Espana,empresas_cb,Tipo efectivo pagado por la deuda con coste | Total,3.6000,pct_anual,2005,"Banco de Espana, Central de Balances Integrada",https://datos.bde.es/datos/es/datasets/000/016.html,2026-09-18,,,tamano_empresa_empleados,ratio,media_ponderada_volumen,"ratio R.2 de la CBI; tamano segun la Recomendacion 2003/361/CE. Es el tipo medio del SALDO VIVO de deuda con coste, no el de nueva produccion del MIR: incorpora operaciones antiguas y se mueve mas despacio"
Espana,empresas_cb,Tipo efectivo pagado por la deuda con coste | Total,3.8000,pct_anual,2006,"Banco de Espana, Central de Balances Integrada",https://datos.bde.es/datos/es/datasets/000/016.html,2026-09-18,,,tamano_empresa_empleados,ratio,media_ponderada_volumen,"ratio R.2 de la CBI; tamano segun la Recomendacion 2003/361/CE. Es el tipo medio del SALDO VIVO de deuda con coste, no el de nueva produccion del MIR: incorpora operaciones antiguas y se mueve mas despacio"
Espana,empresas_cb,Tipo efectivo pagado por la deuda con coste | Total,4.6000,pct_anual,2007,"Banco de Espana, Central de Balances Integrada",https://datos.bde.es/datos/es/datasets/000/016.html,2026-09-18,,,tamano_empresa_empleados,ratio,media_ponderada_volumen,"ratio R.2 de la CBI; tamano segun la Recomendacion 2003/361/CE. Es el tipo medio del SALDO VIVO de deuda con coste, no el de nueva produccion del MIR: incorpora operaciones antiguas y se mueve mas despacio"
Espana,empresas_cb,Tipo efectivo pagado por la deuda con coste | Total,5.1000,pct_anual,2008,"Banco de Espana, Central de Balances Integrada",https://datos.bde.es/datos/es/datasets/000/016.html,2026-09-18,,,tamano_empresa_empleados,ratio,media_ponderada_volumen,"ratio R.2 de la CBI; tamano segun la Recomendacion 2003/361/CE. Es el tipo medio del SALDO VIVO de deuda con coste, no el de nueva produccion del MIR: incorpora operaciones antiguas y se mueve mas despacio"
Espana,empresas_cb,Tipo efectivo pagado por la deuda con coste | Total,3.8000,pct_anual,2009,"Banco de Espana, Central de Balances Integrada",https://datos.bde.es/datos/es/datasets/000/016.html,2026-09-18,,,tamano_empresa_empleados,ratio,media_ponderada_volumen,"ratio R.2 de la CBI; tamano segun la Recomendacion 2003/361/CE. Es el tipo medio del SALDO VIVO de deuda con coste, no el de nueva produccion del MIR: incorpora operaciones antiguas y se mueve mas despacio"
Espana,empresas_cb,Tipo efectivo pagado por la deuda con coste | Total,3.4000,pct_anual,2010,"Banco de Espana, Central de Balances Integrada",https://datos.bde.es/datos/es/datasets/000/016.html,2026-09-18,,,tamano_empresa_empleados,ratio,media_ponderada_volumen,"ratio R.2 de la CBI; tamano segun la Recomendacion 2003/361/CE. Es el tipo medio del SALDO VIVO de deuda con coste, no el de nueva produccion del MIR: incorpora operaciones antiguas y se mueve mas despacio"
Espana,empresas_cb,Tipo efectivo pagado por la deuda con coste | Total,3.7000,pct_anual,2011,"Banco de Espana, Central de Balances Integrada",https://datos.bde.es/datos/es/datasets/000/016.html,2026-09-18,,,tamano_empresa_empleados,ratio,media_ponderada_volumen,"ratio R.2 de la CBI; tamano segun la Recomendacion 2003/361/CE. Es el tipo medio del SALDO VIVO de deuda con coste, no el de nueva produccion del MIR: incorpora operaciones antiguas y se mueve mas despacio"
Espana,empresas_cb,Tipo efectivo pagado por la deuda con coste | Total,3.8000,pct_anual,2012,"Banco de Espana, Central de Balances Integrada",https://datos.bde.es/datos/es/datasets/000/016.html,2026-09-18,,,tamano_empresa_empleados,ratio,media_ponderada_volumen,"ratio R.2 de la CBI; tamano segun la Recomendacion 2003/361/CE. Es el tipo medio del SALDO VIVO de deuda con coste, no el de nueva produccion del MIR: incorpora operaciones antiguas y se mueve mas despacio"
Espana,empresas_cb,Tipo efectivo pagado por la deuda con coste | Total,3.6000,pct_anual,2013,"Banco de Espana, Central de Balances Integrada",https://datos.bde.es/datos/es/datasets/000/016.html,2026-09-18,,,tamano_empresa_empleados,ratio,media_ponderada_volumen,"ratio R.2 de la CBI; tamano segun la Recomendacion 2003/361/CE. Es el tipo medio del SALDO VIVO de deuda con coste, no el de nueva produccion del MIR: incorpora operaciones antiguas y se mueve mas despacio"
Espana,empresas_cb,Tipo efectivo pagado por la deuda con coste | Total,3.5000,pct_anual,2014,"Banco de Espana, Central de Balances Integrada",https://datos.bde.es/datos/es/datasets/000/016.html,2026-09-18,,,tamano_empresa_empleados,ratio,media_ponderada_volumen,"ratio R.2 de la CBI; tamano segun la Recomendacion 2003/361/CE. Es el tipo medio del SALDO VIVO de deuda con coste, no el de nueva produccion del MIR: incorpora operaciones antiguas y se mueve mas despacio"
Espana,empresas_cb,Tipo efectivo pagado por la deuda con coste | Total,3.1000,pct_anual,2015,"Banco de Espana, Central de Balances Integrada",https://datos.bde.es/datos/es/datasets/000/016.html,2026-09-18,,,tamano_empresa_empleados,ratio,media_ponderada_volumen,"ratio R.2 de la CBI; tamano segun la Recomendacion 2003/361/CE. Es el tipo medio del SALDO VIVO de deuda con coste, no el de nueva produccion del MIR: incorpora operaciones antiguas y se mueve mas despacio"
Espana,empresas_cb,Tipo efectivo pagado por la deuda con coste | Total,2.8000,pct_anual,2016,"Banco de Espana, Central de Balances Integrada",https://datos.bde.es/datos/es/datasets/000/016.html,2026-09-18,,,tamano_empresa_empleados,ratio,media_ponderada_volumen,"ratio R.2 de la CBI; tamano segun la Recomendacion 2003/361/CE. Es el tipo medio del SALDO VIVO de deuda con coste, no el de nueva produccion del MIR: incorpora operaciones antiguas y se mueve mas despacio"
Espana,empresas_cb,Tipo efectivo pagado por la deuda con coste | Total,2.5000,pct_anual,2017,"Banco de Espana, Central de Balances Integrada",https://datos.bde.es/datos/es/datasets/000/016.html,2026-09-18,,,tamano_empresa_empleados,ratio,media_ponderada_volumen,"ratio R.2 de la CBI; tamano segun la Recomendacion 2003/361/CE. Es el tipo medio del SALDO VIVO de deuda con coste, no el de nueva produccion del MIR: incorpora operaciones antiguas y se mueve mas despacio"
Espana,empresas_cb,Tipo efectivo pagado por la deuda con coste | Total,2.4000,pct_anual,2018,"Banco de Espana, Central de Balances Integrada",https://datos.bde.es/datos/es/datasets/000/016.html,2026-09-18,,,tamano_empresa_empleados,ratio,media_ponderada_volumen,"ratio R.2 de la CBI; tamano segun la Recomendacion 2003/361/CE. Es el tipo medio del SALDO VIVO de deuda con coste, no el de nueva produccion del MIR: incorpora operaciones antiguas y se mueve mas despacio"
Espana,empresas_cb,Tipo efectivo pagado por la deuda con coste | Total,2.2000,pct_anual,2019,"Banco de Espana, Central de Balances Integrada",https://datos.bde.es/datos/es/datasets/000/016.html,2026-09-18,,,tamano_empresa_empleados,ratio,media_ponderada_volumen,"ratio R.2 de la CBI; tamano segun la Recomendacion 2003/361/CE. Es el tipo medio del SALDO VIVO de deuda con coste, no el de nueva produccion del MIR: incorpora operaciones antiguas y se mueve mas despacio"
Espana,empresas_cb,Tipo efectivo pagado por la deuda con coste | Total,2.0000,pct_anual,2020,"Banco de Espana, Central de Balances Integrada",https://datos.bde.es/datos/es/datasets/000/016.html,2026-09-18,,,tamano_empresa_empleados,ratio,media_ponderada_volumen,"ratio R.2 de la CBI; tamano segun la Recomendacion 2003/361/CE. Es el tipo medio del SALDO VIVO de deuda con coste, no el de nueva produccion del MIR: incorpora operaciones antiguas y se mueve mas despacio"
Espana,empresas_cb,Tipo efectivo pagado por la deuda con coste | Total,1.9000,pct_anual,2021,"Banco de Espana, Central de Balances Integrada",https://datos.bde.es/datos/es/datasets/000/016.html,2026-09-18,,,tamano_empresa_empleados,ratio,media_ponderada_volumen,"ratio R.2 de la CBI; tamano segun la Recomendacion 2003/361/CE. Es el tipo medio del SALDO VIVO de deuda con coste, no el de nueva produccion del MIR: incorpora operaciones antiguas y se mueve mas despacio"
Espana,empresas_cb,Tipo efectivo pagado por la deuda con coste | Total,2.2000,pct_anual,2022,"Banco de Espana, Central de Balances Integrada",https://datos.bde.es/datos/es/datasets/000/016.html,2026-09-18,,,tamano_empresa_empleados,ratio,media_ponderada_volumen,"ratio R.2 de la CBI; tamano segun la Recomendacion 2003/361/CE. Es el tipo medio del SALDO VIVO de deuda con coste, no el de nueva produccion del MIR: incorpora operaciones antiguas y se mueve mas despacio"
Espana,empresas_cb,Tipo efectivo pagado por la deuda con coste | Total,3.6000,pct_anual,2023,"Banco de Espana, Central de Balances Integrada",https://datos.bde.es/datos/es/datasets/000/016.html,2026-09-18,,,tamano_empresa_empleados,ratio,media_ponderada_volumen,"ratio R.2 de la CBI; tamano segun la Recomendacion 2003/361/CE. Es el tipo medio del SALDO VIVO de deuda con coste, no el de nueva produccion del MIR: incorpora operaciones antiguas y se mueve mas despacio"
Espana,empresas_cb,Tipo efectivo pagado por la deuda con coste | Total,4.1000,pct_anual,2024,"Banco de Espana, Central de Balances Integrada",https://datos.bde.es/datos/es/datasets/000/016.html,2026-09-18,,,tamano_empresa_empleados,ratio,media_ponderada_volumen,"ratio R.2 de la CBI; tamano segun la Recomendacion 2003/361/CE. Es el tipo medio del SALDO VIVO de deuda con coste, no el de nueva produccion del MIR: incorpora operaciones antiguas y se mueve mas despacio"
Espana,empresas_cb,Diferencia entre rentabilidad y coste financiero | Pequenas,-3.1000,pct_activos,1997,"Banco de Espana, Central de Balances Integrada",https://datos.bde.es/datos/es/datasets/000/016.html,2026-09-18,,,tamano_empresa_empleados,ratio,media_ponderada_volumen,ratio R.4 de la CBI; tamano segun la Recomendacion 2003/361/CE. R.4 positiva significa que endeudarse crea valor para la empresa
Espana,empresas_cb,Diferencia entre rentabilidad y coste financiero | Pequenas,-0.3000,pct_activos,1998,"Banco de Espana, Central de Balances Integrada",https://datos.bde.es/datos/es/datasets/000/016.html,2026-09-18,,,tamano_empresa_empleados,ratio,media_ponderada_volumen,ratio R.4 de la CBI; tamano segun la Recomendacion 2003/361/CE. R.4 positiva significa que endeudarse crea valor para la empresa
Espana,empresas_cb,Diferencia entre rentabilidad y coste financiero | Pequenas,1.9000,pct_activos,1999,"Banco de Espana, Central de Balances Integrada",https://datos.bde.es/datos/es/datasets/000/016.html,2026-09-18,,,tamano_empresa_empleados,ratio,media_ponderada_volumen,ratio R.4 de la CBI; tamano segun la Recomendacion 2003/361/CE. R.4 positiva significa que endeudarse crea valor para la empresa
Espana,empresas_cb,Diferencia entre rentabilidad y coste financiero | Pequenas,1.2000,pct_activos,2000,"Banco de Espana, Central de Balances Integrada",https://datos.bde.es/datos/es/datasets/000/016.html,2026-09-18,,,tamano_empresa_empleados,ratio,media_ponderada_volumen,ratio R.4 de la CBI; tamano segun la Recomendacion 2003/361/CE. R.4 positiva significa que endeudarse crea valor para la empresa
Espana,empresas_cb,Diferencia entre rentabilidad y coste financiero | Pequenas,0.3000,pct_activos,2001,"Banco de Espana, Central de Balances Integrada",https://datos.bde.es/datos/es/datasets/000/016.html,2026-09-18,,,tamano_empresa_empleados,ratio,media_ponderada_volumen,ratio R.4 de la CBI; tamano segun la Recomendacion 2003/361/CE. R.4 positiva significa que endeudarse crea valor para la empresa
Espana,empresas_cb,Diferencia entre rentabilidad y coste financiero | Pequenas,0.6000,pct_activos,2002,"Banco de Espana, Central de Balances Integrada",https://datos.bde.es/datos/es/datasets/000/016.html,2026-09-18,,,tamano_empresa_empleados,ratio,media_ponderada_volumen,ratio R.4 de la CBI; tamano segun la Recomendacion 2003/361/CE. R.4 positiva significa que endeudarse crea valor para la empresa
Espana,empresas_cb,Diferencia entre rentabilidad y coste financiero | Pequenas,1.2000,pct_activos,2003,"Banco de Espana, Central de Balances Integrada",https://datos.bde.es/datos/es/datasets/000/016.html,2026-09-18,,,tamano_empresa_empleados,ratio,media_ponderada_volumen,ratio R.4 de la CBI; tamano segun la Recomendacion 2003/361/CE. R.4 positiva significa que endeudarse crea valor para la empresa
Espana,empresas_cb,Diferencia entre rentabilidad y coste financiero | Pequenas,1.5000,pct_activos,2004,"Banco de Espana, Central de Balances Integrada",https://datos.bde.es/datos/es/datasets/000/016.html,2026-09-18,,,tamano_empresa_empleados,ratio,media_ponderada_volumen,ratio R.4 de la CBI; tamano segun la Recomendacion 2003/361/CE. R.4 positiva significa que endeudarse crea valor para la empresa
Espana,empresas_cb,Diferencia entre rentabilidad y coste financiero | Pequenas,1.2000,pct_activos,2005,"Banco de Espana, Central de Balances Integrada",https://datos.bde.es/datos/es/datasets/000/016.html,2026-09-18,,,tamano_empresa_empleados,ratio,media_ponderada_volumen,ratio R.4 de la CBI; tamano segun la Recomendacion 2003/361/CE. R.4 positiva significa que endeudarse crea valor para la empresa
Espana,empresas_cb,Diferencia entre rentabilidad y coste financiero | Pequenas,1.0000,pct_activos,2006,"Banco de Espana, Central de Balances Integrada",https://datos.bde.es/datos/es/datasets/000/016.html,2026-09-18,,,tamano_empresa_empleados,ratio,media_ponderada_volumen,ratio R.4 de la CBI; tamano segun la Recomendacion 2003/361/CE. R.4 positiva significa que endeudarse crea valor para la empresa
Espana,empresas_cb,Diferencia entre rentabilidad y coste financiero | Pequenas,0.2000,pct_activos,2007,"Banco de Espana, Central de Balances Integrada",https://datos.bde.es/datos/es/datasets/000/016.html,2026-09-18,,,tamano_empresa_empleados,ratio,media_ponderada_volumen,ratio R.4 de la CBI; tamano segun la Recomendacion 2003/361/CE. R.4 positiva significa que endeudarse crea valor para la empresa
Espana,empresas_cb,Diferencia entre rentabilidad y coste financiero | Pequenas,-1.8000,pct_activos,2008,"Banco de Espana, Central de Balances Integrada",https://datos.bde.es/datos/es/datasets/000/016.html,2026-09-18,,,tamano_empresa_empleados,ratio,media_ponderada_volumen,ratio R.4 de la CBI; tamano segun la Recomendacion 2003/361/CE. R.4 positiva significa que endeudarse crea valor para la empresa
Espana,empresas_cb,Diferencia entre rentabilidad y coste financiero | Pequenas,-2.6000,pct_activos,2009,"Banco de Espana, Central de Balances Integrada",https://datos.bde.es/datos/es/datasets/000/016.html,2026-09-18,,,tamano_empresa_empleados,ratio,media_ponderada_volumen,ratio R.4 de la CBI; tamano segun la Recomendacion 2003/361/CE. R.4 positiva significa que endeudarse crea valor para la empresa
Espana,empresas_cb,Diferencia entre rentabilidad y coste financiero | Pequenas,-2.0000,pct_activos,2010,"Banco de Espana, Central de Balances Integrada",https://datos.bde.es/datos/es/datasets/000/016.html,2026-09-18,,,tamano_empresa_empleados,ratio,media_ponderada_volumen,ratio R.4 de la CBI; tamano segun la Recomendacion 2003/361/CE. R.4 positiva significa que endeudarse crea valor para la empresa
Espana,empresas_cb,Diferencia entre rentabilidad y coste financiero | Pequenas,-2.6000,pct_activos,2011,"Banco de Espana, Central de Balances Integrada",https://datos.bde.es/datos/es/datasets/000/016.html,2026-09-18,,,tamano_empresa_empleados,ratio,media_ponderada_volumen,ratio R.4 de la CBI; tamano segun la Recomendacion 2003/361/CE. R.4 positiva significa que endeudarse crea valor para la empresa
Espana,empresas_cb,Diferencia entre rentabilidad y coste financiero | Pequenas,-2.8000,pct_activos,2012,"Banco de Espana, Central de Balances Integrada",https://datos.bde.es/datos/es/datasets/000/016.html,2026-09-18,,,tamano_empresa_empleados,ratio,media_ponderada_volumen,ratio R.4 de la CBI; tamano segun la Recomendacion 2003/361/CE. R.4 positiva significa que endeudarse crea valor para la empresa
Espana,empresas_cb,Diferencia entre rentabilidad y coste financiero | Pequenas,-2.1000,pct_activos,2013,"Banco de Espana, Central de Balances Integrada",https://datos.bde.es/datos/es/datasets/000/016.html,2026-09-18,,,tamano_empresa_empleados,ratio,media_ponderada_volumen,ratio R.4 de la CBI; tamano segun la Recomendacion 2003/361/CE. R.4 positiva significa que endeudarse crea valor para la empresa
Espana,empresas_cb,Diferencia entre rentabilidad y coste financiero | Pequenas,-1.2000,pct_activos,2014,"Banco de Espana, Central de Balances Integrada",https://datos.bde.es/datos/es/datasets/000/016.html,2026-09-18,,,tamano_empresa_empleados,ratio,media_ponderada_volumen,ratio R.4 de la CBI; tamano segun la Recomendacion 2003/361/CE. R.4 positiva significa que endeudarse crea valor para la empresa
Espana,empresas_cb,Diferencia entre rentabilidad y coste financiero | Pequenas,-0.2000,pct_activos,2015,"Banco de Espana, Central de Balances Integrada",https://datos.bde.es/datos/es/datasets/000/016.html,2026-09-18,,,tamano_empresa_empleados,ratio,media_ponderada_volumen,ratio R.4 de la CBI; tamano segun la Recomendacion 2003/361/CE. R.4 positiva significa que endeudarse crea valor para la empresa
Espana,empresas_cb,Diferencia entre rentabilidad y coste financiero | Pequenas,0.6000,pct_activos,2016,"Banco de Espana, Central de Balances Integrada",https://datos.bde.es/datos/es/datasets/000/016.html,2026-09-18,,,tamano_empresa_empleados,ratio,media_ponderada_volumen,ratio R.4 de la CBI; tamano segun la Recomendacion 2003/361/CE. R.4 positiva significa que endeudarse crea valor para la empresa
Espana,empresas_cb,Diferencia entre rentabilidad y coste financiero | Pequenas,1.3000,pct_activos,2017,"Banco de Espana, Central de Balances Integrada",https://datos.bde.es/datos/es/datasets/000/016.html,2026-09-18,,,tamano_empresa_empleados,ratio,media_ponderada_volumen,ratio R.4 de la CBI; tamano segun la Recomendacion 2003/361/CE. R.4 positiva significa que endeudarse crea valor para la empresa
Espana,empresas_cb,Diferencia entre rentabilidad y coste financiero | Pequenas,1.4000,pct_activos,2018,"Banco de Espana, Central de Balances Integrada",https://datos.bde.es/datos/es/datasets/000/016.html,2026-09-18,,,tamano_empresa_empleados,ratio,media_ponderada_volumen,ratio R.4 de la CBI; tamano segun la Recomendacion 2003/361/CE. R.4 positiva significa que endeudarse crea valor para la empresa
Espana,empresas_cb,Diferencia entre rentabilidad y coste financiero | Pequenas,1.6000,pct_activos,2019,"Banco de Espana, Central de Balances Integrada",https://datos.bde.es/datos/es/datasets/000/016.html,2026-09-18,,,tamano_empresa_empleados,ratio,media_ponderada_volumen,ratio R.4 de la CBI; tamano segun la Recomendacion 2003/361/CE. R.4 positiva significa que endeudarse crea valor para la empresa
Espana,empresas_cb,Diferencia entre rentabilidad y coste financiero | Pequenas,0.6000,pct_activos,2020,"Banco de Espana, Central de Balances Integrada",https://datos.bde.es/datos/es/datasets/000/016.html,2026-09-18,,,tamano_empresa_empleados,ratio,media_ponderada_volumen,ratio R.4 de la CBI; tamano segun la Recomendacion 2003/361/CE. R.4 positiva significa que endeudarse crea valor para la empresa
Espana,empresas_cb,Diferencia entre rentabilidad y coste financiero | Pequenas,1.9000,pct_activos,2021,"Banco de Espana, Central de Balances Integrada",https://datos.bde.es/datos/es/datasets/000/016.html,2026-09-18,,,tamano_empresa_empleados,ratio,media_ponderada_volumen,ratio R.4 de la CBI; tamano segun la Recomendacion 2003/361/CE. R.4 positiva significa que endeudarse crea valor para la empresa
Espana,empresas_cb,Diferencia entre rentabilidad y coste financiero | Pequenas,2.4000,pct_activos,2022,"Banco de Espana, Central de Balances Integrada",https://datos.bde.es/datos/es/datasets/000/016.html,2026-09-18,,,tamano_empresa_empleados,ratio,media_ponderada_volumen,ratio R.4 de la CBI; tamano segun la Recomendacion 2003/361/CE. R.4 positiva significa que endeudarse crea valor para la empresa
Espana,empresas_cb,Diferencia entre rentabilidad y coste financiero | Pequenas,2.1000,pct_activos,2023,"Banco de Espana, Central de Balances Integrada",https://datos.bde.es/datos/es/datasets/000/016.html,2026-09-18,,,tamano_empresa_empleados,ratio,media_ponderada_volumen,ratio R.4 de la CBI; tamano segun la Recomendacion 2003/361/CE. R.4 positiva significa que endeudarse crea valor para la empresa
Espana,empresas_cb,Diferencia entre rentabilidad y coste financiero | Pequenas,2.1000,pct_activos,2024,"Banco de Espana, Central de Balances Integrada",https://datos.bde.es/datos/es/datasets/000/016.html,2026-09-18,,,tamano_empresa_empleados,ratio,media_ponderada_volumen,ratio R.4 de la CBI; tamano segun la Recomendacion 2003/361/CE. R.4 positiva significa que endeudarse crea valor para la empresa
Espana,empresas_cb,Diferencia entre rentabilidad y coste financiero | Medianas,3.3000,pct_activos,1997,"Banco de Espana, Central de Balances Integrada",https://datos.bde.es/datos/es/datasets/000/016.html,2026-09-18,,,tamano_empresa_empleados,ratio,media_ponderada_volumen,ratio R.4 de la CBI; tamano segun la Recomendacion 2003/361/CE. R.4 positiva significa que endeudarse crea valor para la empresa
Espana,empresas_cb,Diferencia entre rentabilidad y coste financiero | Medianas,4.8000,pct_activos,1998,"Banco de Espana, Central de Balances Integrada",https://datos.bde.es/datos/es/datasets/000/016.html,2026-09-18,,,tamano_empresa_empleados,ratio,media_ponderada_volumen,ratio R.4 de la CBI; tamano segun la Recomendacion 2003/361/CE. R.4 positiva significa que endeudarse crea valor para la empresa
Espana,empresas_cb,Diferencia entre rentabilidad y coste financiero | Medianas,6.0000,pct_activos,1999,"Banco de Espana, Central de Balances Integrada",https://datos.bde.es/datos/es/datasets/000/016.html,2026-09-18,,,tamano_empresa_empleados,ratio,media_ponderada_volumen,ratio R.4 de la CBI; tamano segun la Recomendacion 2003/361/CE. R.4 positiva significa que endeudarse crea valor para la empresa
Espana,empresas_cb,Diferencia entre rentabilidad y coste financiero | Medianas,4.4000,pct_activos,2000,"Banco de Espana, Central de Balances Integrada",https://datos.bde.es/datos/es/datasets/000/016.html,2026-09-18,,,tamano_empresa_empleados,ratio,media_ponderada_volumen,ratio R.4 de la CBI; tamano segun la Recomendacion 2003/361/CE. R.4 positiva significa que endeudarse crea valor para la empresa
Espana,empresas_cb,Diferencia entre rentabilidad y coste financiero | Medianas,4.3000,pct_activos,2001,"Banco de Espana, Central de Balances Integrada",https://datos.bde.es/datos/es/datasets/000/016.html,2026-09-18,,,tamano_empresa_empleados,ratio,media_ponderada_volumen,ratio R.4 de la CBI; tamano segun la Recomendacion 2003/361/CE. R.4 positiva significa que endeudarse crea valor para la empresa
Espana,empresas_cb,Diferencia entre rentabilidad y coste financiero | Medianas,4.4000,pct_activos,2002,"Banco de Espana, Central de Balances Integrada",https://datos.bde.es/datos/es/datasets/000/016.html,2026-09-18,,,tamano_empresa_empleados,ratio,media_ponderada_volumen,ratio R.4 de la CBI; tamano segun la Recomendacion 2003/361/CE. R.4 positiva significa que endeudarse crea valor para la empresa
Espana,empresas_cb,Diferencia entre rentabilidad y coste financiero | Medianas,5.0000,pct_activos,2003,"Banco de Espana, Central de Balances Integrada",https://datos.bde.es/datos/es/datasets/000/016.html,2026-09-18,,,tamano_empresa_empleados,ratio,media_ponderada_volumen,ratio R.4 de la CBI; tamano segun la Recomendacion 2003/361/CE. R.4 positiva significa que endeudarse crea valor para la empresa
Espana,empresas_cb,Diferencia entre rentabilidad y coste financiero | Medianas,5.3000,pct_activos,2004,"Banco de Espana, Central de Balances Integrada",https://datos.bde.es/datos/es/datasets/000/016.html,2026-09-18,,,tamano_empresa_empleados,ratio,media_ponderada_volumen,ratio R.4 de la CBI; tamano segun la Recomendacion 2003/361/CE. R.4 positiva significa que endeudarse crea valor para la empresa
Espana,empresas_cb,Diferencia entre rentabilidad y coste financiero | Medianas,4.1000,pct_activos,2005,"Banco de Espana, Central de Balances Integrada",https://datos.bde.es/datos/es/datasets/000/016.html,2026-09-18,,,tamano_empresa_empleados,ratio,media_ponderada_volumen,ratio R.4 de la CBI; tamano segun la Recomendacion 2003/361/CE. R.4 positiva significa que endeudarse crea valor para la empresa
Espana,empresas_cb,Diferencia entre rentabilidad y coste financiero | Medianas,3.6000,pct_activos,2006,"Banco de Espana, Central de Balances Integrada",https://datos.bde.es/datos/es/datasets/000/016.html,2026-09-18,,,tamano_empresa_empleados,ratio,media_ponderada_volumen,ratio R.4 de la CBI; tamano segun la Recomendacion 2003/361/CE. R.4 positiva significa que endeudarse crea valor para la empresa
Espana,empresas_cb,Diferencia entre rentabilidad y coste financiero | Medianas,2.5000,pct_activos,2007,"Banco de Espana, Central de Balances Integrada",https://datos.bde.es/datos/es/datasets/000/016.html,2026-09-18,,,tamano_empresa_empleados,ratio,media_ponderada_volumen,ratio R.4 de la CBI; tamano segun la Recomendacion 2003/361/CE. R.4 positiva significa que endeudarse crea valor para la empresa
Espana,empresas_cb,Diferencia entre rentabilidad y coste financiero | Medianas,-0.3000,pct_activos,2008,"Banco de Espana, Central de Balances Integrada",https://datos.bde.es/datos/es/datasets/000/016.html,2026-09-18,,,tamano_empresa_empleados,ratio,media_ponderada_volumen,ratio R.4 de la CBI; tamano segun la Recomendacion 2003/361/CE. R.4 positiva significa que endeudarse crea valor para la empresa
Espana,empresas_cb,Diferencia entre rentabilidad y coste financiero | Medianas,-0.4000,pct_activos,2009,"Banco de Espana, Central de Balances Integrada",https://datos.bde.es/datos/es/datasets/000/016.html,2026-09-18,,,tamano_empresa_empleados,ratio,media_ponderada_volumen,ratio R.4 de la CBI; tamano segun la Recomendacion 2003/361/CE. R.4 positiva significa que endeudarse crea valor para la empresa
Espana,empresas_cb,Diferencia entre rentabilidad y coste financiero | Medianas,0.1000,pct_activos,2010,"Banco de Espana, Central de Balances Integrada",https://datos.bde.es/datos/es/datasets/000/016.html,2026-09-18,,,tamano_empresa_empleados,ratio,media_ponderada_volumen,ratio R.4 de la CBI; tamano segun la Recomendacion 2003/361/CE. R.4 positiva significa que endeudarse crea valor para la empresa
Espana,empresas_cb,Diferencia entre rentabilidad y coste financiero | Medianas,-0.4000,pct_activos,2011,"Banco de Espana, Central de Balances Integrada",https://datos.bde.es/datos/es/datasets/000/016.html,2026-09-18,,,tamano_empresa_empleados,ratio,media_ponderada_volumen,ratio R.4 de la CBI; tamano segun la Recomendacion 2003/361/CE. R.4 positiva significa que endeudarse crea valor para la empresa
Espana,empresas_cb,Diferencia entre rentabilidad y coste financiero | Medianas,-0.6000,pct_activos,2012,"Banco de Espana, Central de Balances Integrada",https://datos.bde.es/datos/es/datasets/000/016.html,2026-09-18,,,tamano_empresa_empleados,ratio,media_ponderada_volumen,ratio R.4 de la CBI; tamano segun la Recomendacion 2003/361/CE. R.4 positiva significa que endeudarse crea valor para la empresa
Espana,empresas_cb,Diferencia entre rentabilidad y coste financiero | Medianas,0.1000,pct_activos,2013,"Banco de Espana, Central de Balances Integrada",https://datos.bde.es/datos/es/datasets/000/016.html,2026-09-18,,,tamano_empresa_empleados,ratio,media_ponderada_volumen,ratio R.4 de la CBI; tamano segun la Recomendacion 2003/361/CE. R.4 positiva significa que endeudarse crea valor para la empresa
Espana,empresas_cb,Diferencia entre rentabilidad y coste financiero | Medianas,1.4000,pct_activos,2014,"Banco de Espana, Central de Balances Integrada",https://datos.bde.es/datos/es/datasets/000/016.html,2026-09-18,,,tamano_empresa_empleados,ratio,media_ponderada_volumen,ratio R.4 de la CBI; tamano segun la Recomendacion 2003/361/CE. R.4 positiva significa que endeudarse crea valor para la empresa
Espana,empresas_cb,Diferencia entre rentabilidad y coste financiero | Medianas,3.0000,pct_activos,2015,"Banco de Espana, Central de Balances Integrada",https://datos.bde.es/datos/es/datasets/000/016.html,2026-09-18,,,tamano_empresa_empleados,ratio,media_ponderada_volumen,ratio R.4 de la CBI; tamano segun la Recomendacion 2003/361/CE. R.4 positiva significa que endeudarse crea valor para la empresa
Espana,empresas_cb,Diferencia entre rentabilidad y coste financiero | Medianas,4.1000,pct_activos,2016,"Banco de Espana, Central de Balances Integrada",https://datos.bde.es/datos/es/datasets/000/016.html,2026-09-18,,,tamano_empresa_empleados,ratio,media_ponderada_volumen,ratio R.4 de la CBI; tamano segun la Recomendacion 2003/361/CE. R.4 positiva significa que endeudarse crea valor para la empresa
Espana,empresas_cb,Diferencia entre rentabilidad y coste financiero | Medianas,4.7000,pct_activos,2017,"Banco de Espana, Central de Balances Integrada",https://datos.bde.es/datos/es/datasets/000/016.html,2026-09-18,,,tamano_empresa_empleados,ratio,media_ponderada_volumen,ratio R.4 de la CBI; tamano segun la Recomendacion 2003/361/CE. R.4 positiva significa que endeudarse crea valor para la empresa
Espana,empresas_cb,Diferencia entre rentabilidad y coste financiero | Medianas,4.8000,pct_activos,2018,"Banco de Espana, Central de Balances Integrada",https://datos.bde.es/datos/es/datasets/000/016.html,2026-09-18,,,tamano_empresa_empleados,ratio,media_ponderada_volumen,ratio R.4 de la CBI; tamano segun la Recomendacion 2003/361/CE. R.4 positiva significa que endeudarse crea valor para la empresa
Espana,empresas_cb,Diferencia entre rentabilidad y coste financiero | Medianas,4.6000,pct_activos,2019,"Banco de Espana, Central de Balances Integrada",https://datos.bde.es/datos/es/datasets/000/016.html,2026-09-18,,,tamano_empresa_empleados,ratio,media_ponderada_volumen,ratio R.4 de la CBI; tamano segun la Recomendacion 2003/361/CE. R.4 positiva significa que endeudarse crea valor para la empresa
Espana,empresas_cb,Diferencia entre rentabilidad y coste financiero | Medianas,3.2000,pct_activos,2020,"Banco de Espana, Central de Balances Integrada",https://datos.bde.es/datos/es/datasets/000/016.html,2026-09-18,,,tamano_empresa_empleados,ratio,media_ponderada_volumen,ratio R.4 de la CBI; tamano segun la Recomendacion 2003/361/CE. R.4 positiva significa que endeudarse crea valor para la empresa
Espana,empresas_cb,Diferencia entre rentabilidad y coste financiero | Medianas,4.7000,pct_activos,2021,"Banco de Espana, Central de Balances Integrada",https://datos.bde.es/datos/es/datasets/000/016.html,2026-09-18,,,tamano_empresa_empleados,ratio,media_ponderada_volumen,ratio R.4 de la CBI; tamano segun la Recomendacion 2003/361/CE. R.4 positiva significa que endeudarse crea valor para la empresa
Espana,empresas_cb,Diferencia entre rentabilidad y coste financiero | Medianas,5.7000,pct_activos,2022,"Banco de Espana, Central de Balances Integrada",https://datos.bde.es/datos/es/datasets/000/016.html,2026-09-18,,,tamano_empresa_empleados,ratio,media_ponderada_volumen,ratio R.4 de la CBI; tamano segun la Recomendacion 2003/361/CE. R.4 positiva significa que endeudarse crea valor para la empresa
Espana,empresas_cb,Diferencia entre rentabilidad y coste financiero | Medianas,5.8000,pct_activos,2023,"Banco de Espana, Central de Balances Integrada",https://datos.bde.es/datos/es/datasets/000/016.html,2026-09-18,,,tamano_empresa_empleados,ratio,media_ponderada_volumen,ratio R.4 de la CBI; tamano segun la Recomendacion 2003/361/CE. R.4 positiva significa que endeudarse crea valor para la empresa
Espana,empresas_cb,Diferencia entre rentabilidad y coste financiero | Medianas,6.1000,pct_activos,2024,"Banco de Espana, Central de Balances Integrada",https://datos.bde.es/datos/es/datasets/000/016.html,2026-09-18,,,tamano_empresa_empleados,ratio,media_ponderada_volumen,ratio R.4 de la CBI; tamano segun la Recomendacion 2003/361/CE. R.4 positiva significa que endeudarse crea valor para la empresa
Espana,empresas_cb,Diferencia entre rentabilidad y coste financiero | Grandes,1.6000,pct_activos,1997,"Banco de Espana, Central de Balances Integrada",https://datos.bde.es/datos/es/datasets/000/016.html,2026-09-18,,,tamano_empresa_empleados,ratio,media_ponderada_volumen,ratio R.4 de la CBI; tamano segun la Recomendacion 2003/361/CE. R.4 positiva significa que endeudarse crea valor para la empresa
Espana,empresas_cb,Diferencia entre rentabilidad y coste financiero | Grandes,3.4000,pct_activos,1998,"Banco de Espana, Central de Balances Integrada",https://datos.bde.es/datos/es/datasets/000/016.html,2026-09-18,,,tamano_empresa_empleados,ratio,media_ponderada_volumen,ratio R.4 de la CBI; tamano segun la Recomendacion 2003/361/CE. R.4 positiva significa que endeudarse crea valor para la empresa
Espana,empresas_cb,Diferencia entre rentabilidad y coste financiero | Grandes,3.3000,pct_activos,1999,"Banco de Espana, Central de Balances Integrada",https://datos.bde.es/datos/es/datasets/000/016.html,2026-09-18,,,tamano_empresa_empleados,ratio,media_ponderada_volumen,ratio R.4 de la CBI; tamano segun la Recomendacion 2003/361/CE. R.4 positiva significa que endeudarse crea valor para la empresa
Espana,empresas_cb,Diferencia entre rentabilidad y coste financiero | Grandes,2.7000,pct_activos,2000,"Banco de Espana, Central de Balances Integrada",https://datos.bde.es/datos/es/datasets/000/016.html,2026-09-18,,,tamano_empresa_empleados,ratio,media_ponderada_volumen,ratio R.4 de la CBI; tamano segun la Recomendacion 2003/361/CE. R.4 positiva significa que endeudarse crea valor para la empresa
Espana,empresas_cb,Diferencia entre rentabilidad y coste financiero | Grandes,2.8000,pct_activos,2001,"Banco de Espana, Central de Balances Integrada",https://datos.bde.es/datos/es/datasets/000/016.html,2026-09-18,,,tamano_empresa_empleados,ratio,media_ponderada_volumen,ratio R.4 de la CBI; tamano segun la Recomendacion 2003/361/CE. R.4 positiva significa que endeudarse crea valor para la empresa
Espana,empresas_cb,Diferencia entre rentabilidad y coste financiero | Grandes,3.8000,pct_activos,2002,"Banco de Espana, Central de Balances Integrada",https://datos.bde.es/datos/es/datasets/000/016.html,2026-09-18,,,tamano_empresa_empleados,ratio,media_ponderada_volumen,ratio R.4 de la CBI; tamano segun la Recomendacion 2003/361/CE. R.4 positiva significa que endeudarse crea valor para la empresa
Espana,empresas_cb,Diferencia entre rentabilidad y coste financiero | Grandes,4.0000,pct_activos,2003,"Banco de Espana, Central de Balances Integrada",https://datos.bde.es/datos/es/datasets/000/016.html,2026-09-18,,,tamano_empresa_empleados,ratio,media_ponderada_volumen,ratio R.4 de la CBI; tamano segun la Recomendacion 2003/361/CE. R.4 positiva significa que endeudarse crea valor para la empresa
Espana,empresas_cb,Diferencia entre rentabilidad y coste financiero | Grandes,4.6000,pct_activos,2004,"Banco de Espana, Central de Balances Integrada",https://datos.bde.es/datos/es/datasets/000/016.html,2026-09-18,,,tamano_empresa_empleados,ratio,media_ponderada_volumen,ratio R.4 de la CBI; tamano segun la Recomendacion 2003/361/CE. R.4 positiva significa que endeudarse crea valor para la empresa
Espana,empresas_cb,Diferencia entre rentabilidad y coste financiero | Grandes,5.0000,pct_activos,2005,"Banco de Espana, Central de Balances Integrada",https://datos.bde.es/datos/es/datasets/000/016.html,2026-09-18,,,tamano_empresa_empleados,ratio,media_ponderada_volumen,ratio R.4 de la CBI; tamano segun la Recomendacion 2003/361/CE. R.4 positiva significa que endeudarse crea valor para la empresa
Espana,empresas_cb,Diferencia entre rentabilidad y coste financiero | Grandes,4.9000,pct_activos,2006,"Banco de Espana, Central de Balances Integrada",https://datos.bde.es/datos/es/datasets/000/016.html,2026-09-18,,,tamano_empresa_empleados,ratio,media_ponderada_volumen,ratio R.4 de la CBI; tamano segun la Recomendacion 2003/361/CE. R.4 positiva significa que endeudarse crea valor para la empresa
Espana,empresas_cb,Diferencia entre rentabilidad y coste financiero | Grandes,4.0000,pct_activos,2007,"Banco de Espana, Central de Balances Integrada",https://datos.bde.es/datos/es/datasets/000/016.html,2026-09-18,,,tamano_empresa_empleados,ratio,media_ponderada_volumen,ratio R.4 de la CBI; tamano segun la Recomendacion 2003/361/CE. R.4 positiva significa que endeudarse crea valor para la empresa
Espana,empresas_cb,Diferencia entre rentabilidad y coste financiero | Grandes,2.7000,pct_activos,2008,"Banco de Espana, Central de Balances Integrada",https://datos.bde.es/datos/es/datasets/000/016.html,2026-09-18,,,tamano_empresa_empleados,ratio,media_ponderada_volumen,ratio R.4 de la CBI; tamano segun la Recomendacion 2003/361/CE. R.4 positiva significa que endeudarse crea valor para la empresa
Espana,empresas_cb,Diferencia entre rentabilidad y coste financiero | Grandes,2.4000,pct_activos,2009,"Banco de Espana, Central de Balances Integrada",https://datos.bde.es/datos/es/datasets/000/016.html,2026-09-18,,,tamano_empresa_empleados,ratio,media_ponderada_volumen,ratio R.4 de la CBI; tamano segun la Recomendacion 2003/361/CE. R.4 positiva significa que endeudarse crea valor para la empresa
Espana,empresas_cb,Diferencia entre rentabilidad y coste financiero | Grandes,2.5000,pct_activos,2010,"Banco de Espana, Central de Balances Integrada",https://datos.bde.es/datos/es/datasets/000/016.html,2026-09-18,,,tamano_empresa_empleados,ratio,media_ponderada_volumen,ratio R.4 de la CBI; tamano segun la Recomendacion 2003/361/CE. R.4 positiva significa que endeudarse crea valor para la empresa
Espana,empresas_cb,Diferencia entre rentabilidad y coste financiero | Grandes,1.6000,pct_activos,2011,"Banco de Espana, Central de Balances Integrada",https://datos.bde.es/datos/es/datasets/000/016.html,2026-09-18,,,tamano_empresa_empleados,ratio,media_ponderada_volumen,ratio R.4 de la CBI; tamano segun la Recomendacion 2003/361/CE. R.4 positiva significa que endeudarse crea valor para la empresa
Espana,empresas_cb,Diferencia entre rentabilidad y coste financiero | Grandes,1.1000,pct_activos,2012,"Banco de Espana, Central de Balances Integrada",https://datos.bde.es/datos/es/datasets/000/016.html,2026-09-18,,,tamano_empresa_empleados,ratio,media_ponderada_volumen,ratio R.4 de la CBI; tamano segun la Recomendacion 2003/361/CE. R.4 positiva significa que endeudarse crea valor para la empresa
Espana,empresas_cb,Diferencia entre rentabilidad y coste financiero | Grandes,1.3000,pct_activos,2013,"Banco de Espana, Central de Balances Integrada",https://datos.bde.es/datos/es/datasets/000/016.html,2026-09-18,,,tamano_empresa_empleados,ratio,media_ponderada_volumen,ratio R.4 de la CBI; tamano segun la Recomendacion 2003/361/CE. R.4 positiva significa que endeudarse crea valor para la empresa
Espana,empresas_cb,Diferencia entre rentabilidad y coste financiero | Grandes,1.6000,pct_activos,2014,"Banco de Espana, Central de Balances Integrada",https://datos.bde.es/datos/es/datasets/000/016.html,2026-09-18,,,tamano_empresa_empleados,ratio,media_ponderada_volumen,ratio R.4 de la CBI; tamano segun la Recomendacion 2003/361/CE. R.4 positiva significa que endeudarse crea valor para la empresa
Espana,empresas_cb,Diferencia entre rentabilidad y coste financiero | Grandes,1.9000,pct_activos,2015,"Banco de Espana, Central de Balances Integrada",https://datos.bde.es/datos/es/datasets/000/016.html,2026-09-18,,,tamano_empresa_empleados,ratio,media_ponderada_volumen,ratio R.4 de la CBI; tamano segun la Recomendacion 2003/361/CE. R.4 positiva significa que endeudarse crea valor para la empresa
Espana,empresas_cb,Diferencia entre rentabilidad y coste financiero | Grandes,2.8000,pct_activos,2016,"Banco de Espana, Central de Balances Integrada",https://datos.bde.es/datos/es/datasets/000/016.html,2026-09-18,,,tamano_empresa_empleados,ratio,media_ponderada_volumen,ratio R.4 de la CBI; tamano segun la Recomendacion 2003/361/CE. R.4 positiva significa que endeudarse crea valor para la empresa
Espana,empresas_cb,Diferencia entre rentabilidad y coste financiero | Grandes,3.4000,pct_activos,2017,"Banco de Espana, Central de Balances Integrada",https://datos.bde.es/datos/es/datasets/000/016.html,2026-09-18,,,tamano_empresa_empleados,ratio,media_ponderada_volumen,ratio R.4 de la CBI; tamano segun la Recomendacion 2003/361/CE. R.4 positiva significa que endeudarse crea valor para la empresa
Espana,empresas_cb,Diferencia entre rentabilidad y coste financiero | Grandes,3.6000,pct_activos,2018,"Banco de Espana, Central de Balances Integrada",https://datos.bde.es/datos/es/datasets/000/016.html,2026-09-18,,,tamano_empresa_empleados,ratio,media_ponderada_volumen,ratio R.4 de la CBI; tamano segun la Recomendacion 2003/361/CE. R.4 positiva significa que endeudarse crea valor para la empresa
Espana,empresas_cb,Diferencia entre rentabilidad y coste financiero | Grandes,4.2000,pct_activos,2019,"Banco de Espana, Central de Balances Integrada",https://datos.bde.es/datos/es/datasets/000/016.html,2026-09-18,,,tamano_empresa_empleados,ratio,media_ponderada_volumen,ratio R.4 de la CBI; tamano segun la Recomendacion 2003/361/CE. R.4 positiva significa que endeudarse crea valor para la empresa
Espana,empresas_cb,Diferencia entre rentabilidad y coste financiero | Grandes,2.2000,pct_activos,2020,"Banco de Espana, Central de Balances Integrada",https://datos.bde.es/datos/es/datasets/000/016.html,2026-09-18,,,tamano_empresa_empleados,ratio,media_ponderada_volumen,ratio R.4 de la CBI; tamano segun la Recomendacion 2003/361/CE. R.4 positiva significa que endeudarse crea valor para la empresa
Espana,empresas_cb,Diferencia entre rentabilidad y coste financiero | Grandes,2.1000,pct_activos,2021,"Banco de Espana, Central de Balances Integrada",https://datos.bde.es/datos/es/datasets/000/016.html,2026-09-18,,,tamano_empresa_empleados,ratio,media_ponderada_volumen,ratio R.4 de la CBI; tamano segun la Recomendacion 2003/361/CE. R.4 positiva significa que endeudarse crea valor para la empresa
Espana,empresas_cb,Diferencia entre rentabilidad y coste financiero | Grandes,2.9000,pct_activos,2022,"Banco de Espana, Central de Balances Integrada",https://datos.bde.es/datos/es/datasets/000/016.html,2026-09-18,,,tamano_empresa_empleados,ratio,media_ponderada_volumen,ratio R.4 de la CBI; tamano segun la Recomendacion 2003/361/CE. R.4 positiva significa que endeudarse crea valor para la empresa
Espana,empresas_cb,Diferencia entre rentabilidad y coste financiero | Grandes,2.7000,pct_activos,2023,"Banco de Espana, Central de Balances Integrada",https://datos.bde.es/datos/es/datasets/000/016.html,2026-09-18,,,tamano_empresa_empleados,ratio,media_ponderada_volumen,ratio R.4 de la CBI; tamano segun la Recomendacion 2003/361/CE. R.4 positiva significa que endeudarse crea valor para la empresa
Espana,empresas_cb,Diferencia entre rentabilidad y coste financiero | Grandes,2.6000,pct_activos,2024,"Banco de Espana, Central de Balances Integrada",https://datos.bde.es/datos/es/datasets/000/016.html,2026-09-18,,,tamano_empresa_empleados,ratio,media_ponderada_volumen,ratio R.4 de la CBI; tamano segun la Recomendacion 2003/361/CE. R.4 positiva significa que endeudarse crea valor para la empresa
Espana,empresas_cb,Diferencia entre rentabilidad y coste financiero | Total,1.3000,pct_activos,1997,"Banco de Espana, Central de Balances Integrada",https://datos.bde.es/datos/es/datasets/000/016.html,2026-09-18,,,tamano_empresa_empleados,ratio,media_ponderada_volumen,ratio R.4 de la CBI; tamano segun la Recomendacion 2003/361/CE. R.4 positiva significa que endeudarse crea valor para la empresa
Espana,empresas_cb,Diferencia entre rentabilidad y coste financiero | Total,3.2000,pct_activos,1998,"Banco de Espana, Central de Balances Integrada",https://datos.bde.es/datos/es/datasets/000/016.html,2026-09-18,,,tamano_empresa_empleados,ratio,media_ponderada_volumen,ratio R.4 de la CBI; tamano segun la Recomendacion 2003/361/CE. R.4 positiva significa que endeudarse crea valor para la empresa
Espana,empresas_cb,Diferencia entre rentabilidad y coste financiero | Total,3.5000,pct_activos,1999,"Banco de Espana, Central de Balances Integrada",https://datos.bde.es/datos/es/datasets/000/016.html,2026-09-18,,,tamano_empresa_empleados,ratio,media_ponderada_volumen,ratio R.4 de la CBI; tamano segun la Recomendacion 2003/361/CE. R.4 positiva significa que endeudarse crea valor para la empresa
Espana,empresas_cb,Diferencia entre rentabilidad y coste financiero | Total,2.8000,pct_activos,2000,"Banco de Espana, Central de Balances Integrada",https://datos.bde.es/datos/es/datasets/000/016.html,2026-09-18,,,tamano_empresa_empleados,ratio,media_ponderada_volumen,ratio R.4 de la CBI; tamano segun la Recomendacion 2003/361/CE. R.4 positiva significa que endeudarse crea valor para la empresa
Espana,empresas_cb,Diferencia entre rentabilidad y coste financiero | Total,2.8000,pct_activos,2001,"Banco de Espana, Central de Balances Integrada",https://datos.bde.es/datos/es/datasets/000/016.html,2026-09-18,,,tamano_empresa_empleados,ratio,media_ponderada_volumen,ratio R.4 de la CBI; tamano segun la Recomendacion 2003/361/CE. R.4 positiva significa que endeudarse crea valor para la empresa
Espana,empresas_cb,Diferencia entre rentabilidad y coste financiero | Total,3.6000,pct_activos,2002,"Banco de Espana, Central de Balances Integrada",https://datos.bde.es/datos/es/datasets/000/016.html,2026-09-18,,,tamano_empresa_empleados,ratio,media_ponderada_volumen,ratio R.4 de la CBI; tamano segun la Recomendacion 2003/361/CE. R.4 positiva significa que endeudarse crea valor para la empresa
Espana,empresas_cb,Diferencia entre rentabilidad y coste financiero | Total,3.7000,pct_activos,2003,"Banco de Espana, Central de Balances Integrada",https://datos.bde.es/datos/es/datasets/000/016.html,2026-09-18,,,tamano_empresa_empleados,ratio,media_ponderada_volumen,ratio R.4 de la CBI; tamano segun la Recomendacion 2003/361/CE. R.4 positiva significa que endeudarse crea valor para la empresa
Espana,empresas_cb,Diferencia entre rentabilidad y coste financiero | Total,4.2000,pct_activos,2004,"Banco de Espana, Central de Balances Integrada",https://datos.bde.es/datos/es/datasets/000/016.html,2026-09-18,,,tamano_empresa_empleados,ratio,media_ponderada_volumen,ratio R.4 de la CBI; tamano segun la Recomendacion 2003/361/CE. R.4 positiva significa que endeudarse crea valor para la empresa
Espana,empresas_cb,Diferencia entre rentabilidad y coste financiero | Total,3.9000,pct_activos,2005,"Banco de Espana, Central de Balances Integrada",https://datos.bde.es/datos/es/datasets/000/016.html,2026-09-18,,,tamano_empresa_empleados,ratio,media_ponderada_volumen,ratio R.4 de la CBI; tamano segun la Recomendacion 2003/361/CE. R.4 positiva significa que endeudarse crea valor para la empresa
Espana,empresas_cb,Diferencia entre rentabilidad y coste financiero | Total,3.8000,pct_activos,2006,"Banco de Espana, Central de Balances Integrada",https://datos.bde.es/datos/es/datasets/000/016.html,2026-09-18,,,tamano_empresa_empleados,ratio,media_ponderada_volumen,ratio R.4 de la CBI; tamano segun la Recomendacion 2003/361/CE. R.4 positiva significa que endeudarse crea valor para la empresa
Espana,empresas_cb,Diferencia entre rentabilidad y coste financiero | Total,2.9000,pct_activos,2007,"Banco de Espana, Central de Balances Integrada",https://datos.bde.es/datos/es/datasets/000/016.html,2026-09-18,,,tamano_empresa_empleados,ratio,media_ponderada_volumen,ratio R.4 de la CBI; tamano segun la Recomendacion 2003/361/CE. R.4 positiva significa que endeudarse crea valor para la empresa
Espana,empresas_cb,Diferencia entre rentabilidad y coste financiero | Total,1.6000,pct_activos,2008,"Banco de Espana, Central de Balances Integrada",https://datos.bde.es/datos/es/datasets/000/016.html,2026-09-18,,,tamano_empresa_empleados,ratio,media_ponderada_volumen,ratio R.4 de la CBI; tamano segun la Recomendacion 2003/361/CE. R.4 positiva significa que endeudarse crea valor para la empresa
Espana,empresas_cb,Diferencia entre rentabilidad y coste financiero | Total,1.0000,pct_activos,2009,"Banco de Espana, Central de Balances Integrada",https://datos.bde.es/datos/es/datasets/000/016.html,2026-09-18,,,tamano_empresa_empleados,ratio,media_ponderada_volumen,ratio R.4 de la CBI; tamano segun la Recomendacion 2003/361/CE. R.4 positiva significa que endeudarse crea valor para la empresa
Espana,empresas_cb,Diferencia entre rentabilidad y coste financiero | Total,1.3000,pct_activos,2010,"Banco de Espana, Central de Balances Integrada",https://datos.bde.es/datos/es/datasets/000/016.html,2026-09-18,,,tamano_empresa_empleados,ratio,media_ponderada_volumen,ratio R.4 de la CBI; tamano segun la Recomendacion 2003/361/CE. R.4 positiva significa que endeudarse crea valor para la empresa
Espana,empresas_cb,Diferencia entre rentabilidad y coste financiero | Total,0.5000,pct_activos,2011,"Banco de Espana, Central de Balances Integrada",https://datos.bde.es/datos/es/datasets/000/016.html,2026-09-18,,,tamano_empresa_empleados,ratio,media_ponderada_volumen,ratio R.4 de la CBI; tamano segun la Recomendacion 2003/361/CE. R.4 positiva significa que endeudarse crea valor para la empresa
Espana,empresas_cb,Diferencia entre rentabilidad y coste financiero | Total,0.0000,pct_activos,2012,"Banco de Espana, Central de Balances Integrada",https://datos.bde.es/datos/es/datasets/000/016.html,2026-09-18,,,tamano_empresa_empleados,ratio,media_ponderada_volumen,ratio R.4 de la CBI; tamano segun la Recomendacion 2003/361/CE. R.4 positiva significa que endeudarse crea valor para la empresa
Espana,empresas_cb,Diferencia entre rentabilidad y coste financiero | Total,0.4000,pct_activos,2013,"Banco de Espana, Central de Balances Integrada",https://datos.bde.es/datos/es/datasets/000/016.html,2026-09-18,,,tamano_empresa_empleados,ratio,media_ponderada_volumen,ratio R.4 de la CBI; tamano segun la Recomendacion 2003/361/CE. R.4 positiva significa que endeudarse crea valor para la empresa
Espana,empresas_cb,Diferencia entre rentabilidad y coste financiero | Total,0.9000,pct_activos,2014,"Banco de Espana, Central de Balances Integrada",https://datos.bde.es/datos/es/datasets/000/016.html,2026-09-18,,,tamano_empresa_empleados,ratio,media_ponderada_volumen,ratio R.4 de la CBI; tamano segun la Recomendacion 2003/361/CE. R.4 positiva significa que endeudarse crea valor para la empresa
Espana,empresas_cb,Diferencia entre rentabilidad y coste financiero | Total,1.5000,pct_activos,2015,"Banco de Espana, Central de Balances Integrada",https://datos.bde.es/datos/es/datasets/000/016.html,2026-09-18,,,tamano_empresa_empleados,ratio,media_ponderada_volumen,ratio R.4 de la CBI; tamano segun la Recomendacion 2003/361/CE. R.4 positiva significa que endeudarse crea valor para la empresa
Espana,empresas_cb,Diferencia entre rentabilidad y coste financiero | Total,2.3000,pct_activos,2016,"Banco de Espana, Central de Balances Integrada",https://datos.bde.es/datos/es/datasets/000/016.html,2026-09-18,,,tamano_empresa_empleados,ratio,media_ponderada_volumen,ratio R.4 de la CBI; tamano segun la Recomendacion 2003/361/CE. R.4 positiva significa que endeudarse crea valor para la empresa
Espana,empresas_cb,Diferencia entre rentabilidad y coste financiero | Total,2.9000,pct_activos,2017,"Banco de Espana, Central de Balances Integrada",https://datos.bde.es/datos/es/datasets/000/016.html,2026-09-18,,,tamano_empresa_empleados,ratio,media_ponderada_volumen,ratio R.4 de la CBI; tamano segun la Recomendacion 2003/361/CE. R.4 positiva significa que endeudarse crea valor para la empresa
Espana,empresas_cb,Diferencia entre rentabilidad y coste financiero | Total,3.2000,pct_activos,2018,"Banco de Espana, Central de Balances Integrada",https://datos.bde.es/datos/es/datasets/000/016.html,2026-09-18,,,tamano_empresa_empleados,ratio,media_ponderada_volumen,ratio R.4 de la CBI; tamano segun la Recomendacion 2003/361/CE. R.4 positiva significa que endeudarse crea valor para la empresa
Espana,empresas_cb,Diferencia entre rentabilidad y coste financiero | Total,3.6000,pct_activos,2019,"Banco de Espana, Central de Balances Integrada",https://datos.bde.es/datos/es/datasets/000/016.html,2026-09-18,,,tamano_empresa_empleados,ratio,media_ponderada_volumen,ratio R.4 de la CBI; tamano segun la Recomendacion 2003/361/CE. R.4 positiva significa que endeudarse crea valor para la empresa
Espana,empresas_cb,Diferencia entre rentabilidad y coste financiero | Total,1.9000,pct_activos,2020,"Banco de Espana, Central de Balances Integrada",https://datos.bde.es/datos/es/datasets/000/016.html,2026-09-18,,,tamano_empresa_empleados,ratio,media_ponderada_volumen,ratio R.4 de la CBI; tamano segun la Recomendacion 2003/361/CE. R.4 positiva significa que endeudarse crea valor para la empresa
Espana,empresas_cb,Diferencia entre rentabilidad y coste financiero | Total,2.2000,pct_activos,2021,"Banco de Espana, Central de Balances Integrada",https://datos.bde.es/datos/es/datasets/000/016.html,2026-09-18,,,tamano_empresa_empleados,ratio,media_ponderada_volumen,ratio R.4 de la CBI; tamano segun la Recomendacion 2003/361/CE. R.4 positiva significa que endeudarse crea valor para la empresa
Espana,empresas_cb,Diferencia entre rentabilidad y coste financiero | Total,2.9000,pct_activos,2022,"Banco de Espana, Central de Balances Integrada",https://datos.bde.es/datos/es/datasets/000/016.html,2026-09-18,,,tamano_empresa_empleados,ratio,media_ponderada_volumen,ratio R.4 de la CBI; tamano segun la Recomendacion 2003/361/CE. R.4 positiva significa que endeudarse crea valor para la empresa
Espana,empresas_cb,Diferencia entre rentabilidad y coste financiero | Total,2.7000,pct_activos,2023,"Banco de Espana, Central de Balances Integrada",https://datos.bde.es/datos/es/datasets/000/016.html,2026-09-18,,,tamano_empresa_empleados,ratio,media_ponderada_volumen,ratio R.4 de la CBI; tamano segun la Recomendacion 2003/361/CE. R.4 positiva significa que endeudarse crea valor para la empresa
Espana,empresas_cb,Diferencia entre rentabilidad y coste financiero | Total,2.5000,pct_activos,2024,"Banco de Espana, Central de Balances Integrada",https://datos.bde.es/datos/es/datasets/000/016.html,2026-09-18,,,tamano_empresa_empleados,ratio,media_ponderada_volumen,ratio R.4 de la CBI; tamano segun la Recomendacion 2003/361/CE. R.4 positiva significa que endeudarse crea valor para la empresa
Espana,empresas_cb,Rentabilidad ordinaria de los recursos propios | Pequenas,9.3000,pct_roe,1997,"Banco de Espana, Central de Balances Integrada",https://datos.bde.es/datos/es/datasets/000/016.html,2026-09-18,,,tamano_empresa_empleados,ratio,media_ponderada_volumen,"ratio R.3 de la CBI; tamano segun la Recomendacion 2003/361/CE. dato del ejercicio, no del anterior"
Espana,empresas_cb,Rentabilidad ordinaria de los recursos propios | Pequenas,11.3000,pct_roe,1998,"Banco de Espana, Central de Balances Integrada",https://datos.bde.es/datos/es/datasets/000/016.html,2026-09-18,,,tamano_empresa_empleados,ratio,media_ponderada_volumen,"ratio R.3 de la CBI; tamano segun la Recomendacion 2003/361/CE. dato del ejercicio, no del anterior"
Espana,empresas_cb,Rentabilidad ordinaria de los recursos propios | Pequenas,12.3000,pct_roe,1999,"Banco de Espana, Central de Balances Integrada",https://datos.bde.es/datos/es/datasets/000/016.html,2026-09-18,,,tamano_empresa_empleados,ratio,media_ponderada_volumen,"ratio R.3 de la CBI; tamano segun la Recomendacion 2003/361/CE. dato del ejercicio, no del anterior"
Espana,empresas_cb,Rentabilidad ordinaria de los recursos propios | Pequenas,11.3000,pct_roe,2000,"Banco de Espana, Central de Balances Integrada",https://datos.bde.es/datos/es/datasets/000/016.html,2026-09-18,,,tamano_empresa_empleados,ratio,media_ponderada_volumen,"ratio R.3 de la CBI; tamano segun la Recomendacion 2003/361/CE. dato del ejercicio, no del anterior"
Espana,empresas_cb,Rentabilidad ordinaria de los recursos propios | Pequenas,10.5000,pct_roe,2001,"Banco de Espana, Central de Balances Integrada",https://datos.bde.es/datos/es/datasets/000/016.html,2026-09-18,,,tamano_empresa_empleados,ratio,media_ponderada_volumen,"ratio R.3 de la CBI; tamano segun la Recomendacion 2003/361/CE. dato del ejercicio, no del anterior"
Espana,empresas_cb,Rentabilidad ordinaria de los recursos propios | Pequenas,9.5000,pct_roe,2002,"Banco de Espana, Central de Balances Integrada",https://datos.bde.es/datos/es/datasets/000/016.html,2026-09-18,,,tamano_empresa_empleados,ratio,media_ponderada_volumen,"ratio R.3 de la CBI; tamano segun la Recomendacion 2003/361/CE. dato del ejercicio, no del anterior"
Espana,empresas_cb,Rentabilidad ordinaria de los recursos propios | Pequenas,8.8000,pct_roe,2003,"Banco de Espana, Central de Balances Integrada",https://datos.bde.es/datos/es/datasets/000/016.html,2026-09-18,,,tamano_empresa_empleados,ratio,media_ponderada_volumen,"ratio R.3 de la CBI; tamano segun la Recomendacion 2003/361/CE. dato del ejercicio, no del anterior"
Espana,empresas_cb,Rentabilidad ordinaria de los recursos propios | Pequenas,8.4000,pct_roe,2004,"Banco de Espana, Central de Balances Integrada",https://datos.bde.es/datos/es/datasets/000/016.html,2026-09-18,,,tamano_empresa_empleados,ratio,media_ponderada_volumen,"ratio R.3 de la CBI; tamano segun la Recomendacion 2003/361/CE. dato del ejercicio, no del anterior"
Espana,empresas_cb,Rentabilidad ordinaria de los recursos propios | Pequenas,5.5000,pct_roe,2005,"Banco de Espana, Central de Balances Integrada",https://datos.bde.es/datos/es/datasets/000/016.html,2026-09-18,,,tamano_empresa_empleados,ratio,media_ponderada_volumen,"ratio R.3 de la CBI; tamano segun la Recomendacion 2003/361/CE. dato del ejercicio, no del anterior"
Espana,empresas_cb,Rentabilidad ordinaria de los recursos propios | Pequenas,5.5000,pct_roe,2006,"Banco de Espana, Central de Balances Integrada",https://datos.bde.es/datos/es/datasets/000/016.html,2026-09-18,,,tamano_empresa_empleados,ratio,media_ponderada_volumen,"ratio R.3 de la CBI; tamano segun la Recomendacion 2003/361/CE. dato del ejercicio, no del anterior"
Espana,empresas_cb,Rentabilidad ordinaria de los recursos propios | Pequenas,4.8000,pct_roe,2007,"Banco de Espana, Central de Balances Integrada",https://datos.bde.es/datos/es/datasets/000/016.html,2026-09-18,,,tamano_empresa_empleados,ratio,media_ponderada_volumen,"ratio R.3 de la CBI; tamano segun la Recomendacion 2003/361/CE. dato del ejercicio, no del anterior"
Espana,empresas_cb,Rentabilidad ordinaria de los recursos propios | Pequenas,2.7000,pct_roe,2008,"Banco de Espana, Central de Balances Integrada",https://datos.bde.es/datos/es/datasets/000/016.html,2026-09-18,,,tamano_empresa_empleados,ratio,media_ponderada_volumen,"ratio R.3 de la CBI; tamano segun la Recomendacion 2003/361/CE. dato del ejercicio, no del anterior"
Espana,empresas_cb,Rentabilidad ordinaria de los recursos propios | Pequenas,0.6000,pct_roe,2009,"Banco de Espana, Central de Balances Integrada",https://datos.bde.es/datos/es/datasets/000/016.html,2026-09-18,,,tamano_empresa_empleados,ratio,media_ponderada_volumen,"ratio R.3 de la CBI; tamano segun la Recomendacion 2003/361/CE. dato del ejercicio, no del anterior"
Espana,empresas_cb,Rentabilidad ordinaria de los recursos propios | Pequenas,0.6000,pct_roe,2010,"Banco de Espana, Central de Balances Integrada",https://datos.bde.es/datos/es/datasets/000/016.html,2026-09-18,,,tamano_empresa_empleados,ratio,media_ponderada_volumen,"ratio R.3 de la CBI; tamano segun la Recomendacion 2003/361/CE. dato del ejercicio, no del anterior"
Espana,empresas_cb,Rentabilidad ordinaria de los recursos propios | Pequenas,0.0000,pct_roe,2011,"Banco de Espana, Central de Balances Integrada",https://datos.bde.es/datos/es/datasets/000/016.html,2026-09-18,,,tamano_empresa_empleados,ratio,media_ponderada_volumen,"ratio R.3 de la CBI; tamano segun la Recomendacion 2003/361/CE. dato del ejercicio, no del anterior"
Espana,empresas_cb,Rentabilidad ordinaria de los recursos propios | Pequenas,-0.5000,pct_roe,2012,"Banco de Espana, Central de Balances Integrada",https://datos.bde.es/datos/es/datasets/000/016.html,2026-09-18,,,tamano_empresa_empleados,ratio,media_ponderada_volumen,"ratio R.3 de la CBI; tamano segun la Recomendacion 2003/361/CE. dato del ejercicio, no del anterior"
Espana,empresas_cb,Rentabilidad ordinaria de los recursos propios | Pequenas,0.2000,pct_roe,2013,"Banco de Espana, Central de Balances Integrada",https://datos.bde.es/datos/es/datasets/000/016.html,2026-09-18,,,tamano_empresa_empleados,ratio,media_ponderada_volumen,"ratio R.3 de la CBI; tamano segun la Recomendacion 2003/361/CE. dato del ejercicio, no del anterior"
Espana,empresas_cb,Rentabilidad ordinaria de los recursos propios | Pequenas,1.3000,pct_roe,2014,"Banco de Espana, Central de Balances Integrada",https://datos.bde.es/datos/es/datasets/000/016.html,2026-09-18,,,tamano_empresa_empleados,ratio,media_ponderada_volumen,"ratio R.3 de la CBI; tamano segun la Recomendacion 2003/361/CE. dato del ejercicio, no del anterior"
Espana,empresas_cb,Rentabilidad ordinaria de los recursos propios | Pequenas,2.6000,pct_roe,2015,"Banco de Espana, Central de Balances Integrada",https://datos.bde.es/datos/es/datasets/000/016.html,2026-09-18,,,tamano_empresa_empleados,ratio,media_ponderada_volumen,"ratio R.3 de la CBI; tamano segun la Recomendacion 2003/361/CE. dato del ejercicio, no del anterior"
Espana,empresas_cb,Rentabilidad ordinaria de los recursos propios | Pequenas,3.3000,pct_roe,2016,"Banco de Espana, Central de Balances Integrada",https://datos.bde.es/datos/es/datasets/000/016.html,2026-09-18,,,tamano_empresa_empleados,ratio,media_ponderada_volumen,"ratio R.3 de la CBI; tamano segun la Recomendacion 2003/361/CE. dato del ejercicio, no del anterior"
Espana,empresas_cb,Rentabilidad ordinaria de los recursos propios | Pequenas,4.1000,pct_roe,2017,"Banco de Espana, Central de Balances Integrada",https://datos.bde.es/datos/es/datasets/000/016.html,2026-09-18,,,tamano_empresa_empleados,ratio,media_ponderada_volumen,"ratio R.3 de la CBI; tamano segun la Recomendacion 2003/361/CE. dato del ejercicio, no del anterior"
Espana,empresas_cb,Rentabilidad ordinaria de los recursos propios | Pequenas,4.2000,pct_roe,2018,"Banco de Espana, Central de Balances Integrada",https://datos.bde.es/datos/es/datasets/000/016.html,2026-09-18,,,tamano_empresa_empleados,ratio,media_ponderada_volumen,"ratio R.3 de la CBI; tamano segun la Recomendacion 2003/361/CE. dato del ejercicio, no del anterior"
Espana,empresas_cb,Rentabilidad ordinaria de los recursos propios | Pequenas,4.3000,pct_roe,2019,"Banco de Espana, Central de Balances Integrada",https://datos.bde.es/datos/es/datasets/000/016.html,2026-09-18,,,tamano_empresa_empleados,ratio,media_ponderada_volumen,"ratio R.3 de la CBI; tamano segun la Recomendacion 2003/361/CE. dato del ejercicio, no del anterior"
Espana,empresas_cb,Rentabilidad ordinaria de los recursos propios | Pequenas,2.8000,pct_roe,2020,"Banco de Espana, Central de Balances Integrada",https://datos.bde.es/datos/es/datasets/000/016.html,2026-09-18,,,tamano_empresa_empleados,ratio,media_ponderada_volumen,"ratio R.3 de la CBI; tamano segun la Recomendacion 2003/361/CE. dato del ejercicio, no del anterior"
Espana,empresas_cb,Rentabilidad ordinaria de los recursos propios | Pequenas,4.5000,pct_roe,2021,"Banco de Espana, Central de Balances Integrada",https://datos.bde.es/datos/es/datasets/000/016.html,2026-09-18,,,tamano_empresa_empleados,ratio,media_ponderada_volumen,"ratio R.3 de la CBI; tamano segun la Recomendacion 2003/361/CE. dato del ejercicio, no del anterior"
Espana,empresas_cb,Rentabilidad ordinaria de los recursos propios | Pequenas,5.3000,pct_roe,2022,"Banco de Espana, Central de Balances Integrada",https://datos.bde.es/datos/es/datasets/000/016.html,2026-09-18,,,tamano_empresa_empleados,ratio,media_ponderada_volumen,"ratio R.3 de la CBI; tamano segun la Recomendacion 2003/361/CE. dato del ejercicio, no del anterior"
Espana,empresas_cb,Rentabilidad ordinaria de los recursos propios | Pequenas,5.7000,pct_roe,2023,"Banco de Espana, Central de Balances Integrada",https://datos.bde.es/datos/es/datasets/000/016.html,2026-09-18,,,tamano_empresa_empleados,ratio,media_ponderada_volumen,"ratio R.3 de la CBI; tamano segun la Recomendacion 2003/361/CE. dato del ejercicio, no del anterior"
Espana,empresas_cb,Rentabilidad ordinaria de los recursos propios | Pequenas,6.0000,pct_roe,2024,"Banco de Espana, Central de Balances Integrada",https://datos.bde.es/datos/es/datasets/000/016.html,2026-09-18,,,tamano_empresa_empleados,ratio,media_ponderada_volumen,"ratio R.3 de la CBI; tamano segun la Recomendacion 2003/361/CE. dato del ejercicio, no del anterior"
Espana,empresas_cb,Rentabilidad ordinaria de los recursos propios | Medianas,12.9000,pct_roe,1997,"Banco de Espana, Central de Balances Integrada",https://datos.bde.es/datos/es/datasets/000/016.html,2026-09-18,,,tamano_empresa_empleados,ratio,media_ponderada_volumen,"ratio R.3 de la CBI; tamano segun la Recomendacion 2003/361/CE. dato del ejercicio, no del anterior"
Espana,empresas_cb,Rentabilidad ordinaria de los recursos propios | Medianas,13.7000,pct_roe,1998,"Banco de Espana, Central de Balances Integrada",https://datos.bde.es/datos/es/datasets/000/016.html,2026-09-18,,,tamano_empresa_empleados,ratio,media_ponderada_volumen,"ratio R.3 de la CBI; tamano segun la Recomendacion 2003/361/CE. dato del ejercicio, no del anterior"
Espana,empresas_cb,Rentabilidad ordinaria de los recursos propios | Medianas,14.6000,pct_roe,1999,"Banco de Espana, Central de Balances Integrada",https://datos.bde.es/datos/es/datasets/000/016.html,2026-09-18,,,tamano_empresa_empleados,ratio,media_ponderada_volumen,"ratio R.3 de la CBI; tamano segun la Recomendacion 2003/361/CE. dato del ejercicio, no del anterior"
Espana,empresas_cb,Rentabilidad ordinaria de los recursos propios | Medianas,12.5000,pct_roe,2000,"Banco de Espana, Central de Balances Integrada",https://datos.bde.es/datos/es/datasets/000/016.html,2026-09-18,,,tamano_empresa_empleados,ratio,media_ponderada_volumen,"ratio R.3 de la CBI; tamano segun la Recomendacion 2003/361/CE. dato del ejercicio, no del anterior"
Espana,empresas_cb,Rentabilidad ordinaria de los recursos propios | Medianas,12.9000,pct_roe,2001,"Banco de Espana, Central de Balances Integrada",https://datos.bde.es/datos/es/datasets/000/016.html,2026-09-18,,,tamano_empresa_empleados,ratio,media_ponderada_volumen,"ratio R.3 de la CBI; tamano segun la Recomendacion 2003/361/CE. dato del ejercicio, no del anterior"
Espana,empresas_cb,Rentabilidad ordinaria de los recursos propios | Medianas,12.7000,pct_roe,2002,"Banco de Espana, Central de Balances Integrada",https://datos.bde.es/datos/es/datasets/000/016.html,2026-09-18,,,tamano_empresa_empleados,ratio,media_ponderada_volumen,"ratio R.3 de la CBI; tamano segun la Recomendacion 2003/361/CE. dato del ejercicio, no del anterior"
Espana,empresas_cb,Rentabilidad ordinaria de los recursos propios | Medianas,12.9000,pct_roe,2003,"Banco de Espana, Central de Balances Integrada",https://datos.bde.es/datos/es/datasets/000/016.html,2026-09-18,,,tamano_empresa_empleados,ratio,media_ponderada_volumen,"ratio R.3 de la CBI; tamano segun la Recomendacion 2003/361/CE. dato del ejercicio, no del anterior"
Espana,empresas_cb,Rentabilidad ordinaria de los recursos propios | Medianas,12.9000,pct_roe,2004,"Banco de Espana, Central de Balances Integrada",https://datos.bde.es/datos/es/datasets/000/016.html,2026-09-18,,,tamano_empresa_empleados,ratio,media_ponderada_volumen,"ratio R.3 de la CBI; tamano segun la Recomendacion 2003/361/CE. dato del ejercicio, no del anterior"
Espana,empresas_cb,Rentabilidad ordinaria de los recursos propios | Medianas,10.4000,pct_roe,2005,"Banco de Espana, Central de Balances Integrada",https://datos.bde.es/datos/es/datasets/000/016.html,2026-09-18,,,tamano_empresa_empleados,ratio,media_ponderada_volumen,"ratio R.3 de la CBI; tamano segun la Recomendacion 2003/361/CE. dato del ejercicio, no del anterior"
Espana,empresas_cb,Rentabilidad ordinaria de los recursos propios | Medianas,9.8000,pct_roe,2006,"Banco de Espana, Central de Balances Integrada",https://datos.bde.es/datos/es/datasets/000/016.html,2026-09-18,,,tamano_empresa_empleados,ratio,media_ponderada_volumen,"ratio R.3 de la CBI; tamano segun la Recomendacion 2003/361/CE. dato del ejercicio, no del anterior"
Espana,empresas_cb,Rentabilidad ordinaria de los recursos propios | Medianas,9.1000,pct_roe,2007,"Banco de Espana, Central de Balances Integrada",https://datos.bde.es/datos/es/datasets/000/016.html,2026-09-18,,,tamano_empresa_empleados,ratio,media_ponderada_volumen,"ratio R.3 de la CBI; tamano segun la Recomendacion 2003/361/CE. dato del ejercicio, no del anterior"
Espana,empresas_cb,Rentabilidad ordinaria de los recursos propios | Medianas,5.4000,pct_roe,2008,"Banco de Espana, Central de Balances Integrada",https://datos.bde.es/datos/es/datasets/000/016.html,2026-09-18,,,tamano_empresa_empleados,ratio,media_ponderada_volumen,"ratio R.3 de la CBI; tamano segun la Recomendacion 2003/361/CE. dato del ejercicio, no del anterior"
Espana,empresas_cb,Rentabilidad ordinaria de los recursos propios | Medianas,3.9000,pct_roe,2009,"Banco de Espana, Central de Balances Integrada",https://datos.bde.es/datos/es/datasets/000/016.html,2026-09-18,,,tamano_empresa_empleados,ratio,media_ponderada_volumen,"ratio R.3 de la CBI; tamano segun la Recomendacion 2003/361/CE. dato del ejercicio, no del anterior"
Espana,empresas_cb,Rentabilidad ordinaria de los recursos propios | Medianas,3.9000,pct_roe,2010,"Banco de Espana, Central de Balances Integrada",https://datos.bde.es/datos/es/datasets/000/016.html,2026-09-18,,,tamano_empresa_empleados,ratio,media_ponderada_volumen,"ratio R.3 de la CBI; tamano segun la Recomendacion 2003/361/CE. dato del ejercicio, no del anterior"
Espana,empresas_cb,Rentabilidad ordinaria de los recursos propios | Medianas,3.5000,pct_roe,2011,"Banco de Espana, Central de Balances Integrada",https://datos.bde.es/datos/es/datasets/000/016.html,2026-09-18,,,tamano_empresa_empleados,ratio,media_ponderada_volumen,"ratio R.3 de la CBI; tamano segun la Recomendacion 2003/361/CE. dato del ejercicio, no del anterior"
Espana,empresas_cb,Rentabilidad ordinaria de los recursos propios | Medianas,3.2000,pct_roe,2012,"Banco de Espana, Central de Balances Integrada",https://datos.bde.es/datos/es/datasets/000/016.html,2026-09-18,,,tamano_empresa_empleados,ratio,media_ponderada_volumen,"ratio R.3 de la CBI; tamano segun la Recomendacion 2003/361/CE. dato del ejercicio, no del anterior"
Espana,empresas_cb,Rentabilidad ordinaria de los recursos propios | Medianas,4.2000,pct_roe,2013,"Banco de Espana, Central de Balances Integrada",https://datos.bde.es/datos/es/datasets/000/016.html,2026-09-18,,,tamano_empresa_empleados,ratio,media_ponderada_volumen,"ratio R.3 de la CBI; tamano segun la Recomendacion 2003/361/CE. dato del ejercicio, no del anterior"
Espana,empresas_cb,Rentabilidad ordinaria de los recursos propios | Medianas,6.0000,pct_roe,2014,"Banco de Espana, Central de Balances Integrada",https://datos.bde.es/datos/es/datasets/000/016.html,2026-09-18,,,tamano_empresa_empleados,ratio,media_ponderada_volumen,"ratio R.3 de la CBI; tamano segun la Recomendacion 2003/361/CE. dato del ejercicio, no del anterior"
Espana,empresas_cb,Rentabilidad ordinaria de los recursos propios | Medianas,7.8000,pct_roe,2015,"Banco de Espana, Central de Balances Integrada",https://datos.bde.es/datos/es/datasets/000/016.html,2026-09-18,,,tamano_empresa_empleados,ratio,media_ponderada_volumen,"ratio R.3 de la CBI; tamano segun la Recomendacion 2003/361/CE. dato del ejercicio, no del anterior"
Espana,empresas_cb,Rentabilidad ordinaria de los recursos propios | Medianas,9.0000,pct_roe,2016,"Banco de Espana, Central de Balances Integrada",https://datos.bde.es/datos/es/datasets/000/016.html,2026-09-18,,,tamano_empresa_empleados,ratio,media_ponderada_volumen,"ratio R.3 de la CBI; tamano segun la Recomendacion 2003/361/CE. dato del ejercicio, no del anterior"
Espana,empresas_cb,Rentabilidad ordinaria de los recursos propios | Medianas,9.5000,pct_roe,2017,"Banco de Espana, Central de Balances Integrada",https://datos.bde.es/datos/es/datasets/000/016.html,2026-09-18,,,tamano_empresa_empleados,ratio,media_ponderada_volumen,"ratio R.3 de la CBI; tamano segun la Recomendacion 2003/361/CE. dato del ejercicio, no del anterior"
Espana,empresas_cb,Rentabilidad ordinaria de los recursos propios | Medianas,9.4000,pct_roe,2018,"Banco de Espana, Central de Balances Integrada",https://datos.bde.es/datos/es/datasets/000/016.html,2026-09-18,,,tamano_empresa_empleados,ratio,media_ponderada_volumen,"ratio R.3 de la CBI; tamano segun la Recomendacion 2003/361/CE. dato del ejercicio, no del anterior"
Espana,empresas_cb,Rentabilidad ordinaria de los recursos propios | Medianas,9.0000,pct_roe,2019,"Banco de Espana, Central de Balances Integrada",https://datos.bde.es/datos/es/datasets/000/016.html,2026-09-18,,,tamano_empresa_empleados,ratio,media_ponderada_volumen,"ratio R.3 de la CBI; tamano segun la Recomendacion 2003/361/CE. dato del ejercicio, no del anterior"
Espana,empresas_cb,Rentabilidad ordinaria de los recursos propios | Medianas,6.9000,pct_roe,2020,"Banco de Espana, Central de Balances Integrada",https://datos.bde.es/datos/es/datasets/000/016.html,2026-09-18,,,tamano_empresa_empleados,ratio,media_ponderada_volumen,"ratio R.3 de la CBI; tamano segun la Recomendacion 2003/361/CE. dato del ejercicio, no del anterior"
Espana,empresas_cb,Rentabilidad ordinaria de los recursos propios | Medianas,9.2000,pct_roe,2021,"Banco de Espana, Central de Balances Integrada",https://datos.bde.es/datos/es/datasets/000/016.html,2026-09-18,,,tamano_empresa_empleados,ratio,media_ponderada_volumen,"ratio R.3 de la CBI; tamano segun la Recomendacion 2003/361/CE. dato del ejercicio, no del anterior"
Espana,empresas_cb,Rentabilidad ordinaria de los recursos propios | Medianas,10.8000,pct_roe,2022,"Banco de Espana, Central de Balances Integrada",https://datos.bde.es/datos/es/datasets/000/016.html,2026-09-18,,,tamano_empresa_empleados,ratio,media_ponderada_volumen,"ratio R.3 de la CBI; tamano segun la Recomendacion 2003/361/CE. dato del ejercicio, no del anterior"
Espana,empresas_cb,Rentabilidad ordinaria de los recursos propios | Medianas,12.1000,pct_roe,2023,"Banco de Espana, Central de Balances Integrada",https://datos.bde.es/datos/es/datasets/000/016.html,2026-09-18,,,tamano_empresa_empleados,ratio,media_ponderada_volumen,"ratio R.3 de la CBI; tamano segun la Recomendacion 2003/361/CE. dato del ejercicio, no del anterior"
Espana,empresas_cb,Rentabilidad ordinaria de los recursos propios | Medianas,12.7000,pct_roe,2024,"Banco de Espana, Central de Balances Integrada",https://datos.bde.es/datos/es/datasets/000/016.html,2026-09-18,,,tamano_empresa_empleados,ratio,media_ponderada_volumen,"ratio R.3 de la CBI; tamano segun la Recomendacion 2003/361/CE. dato del ejercicio, no del anterior"
Espana,empresas_cb,Rentabilidad ordinaria de los recursos propios | Grandes,9.0000,pct_roe,1997,"Banco de Espana, Central de Balances Integrada",https://datos.bde.es/datos/es/datasets/000/016.html,2026-09-18,,,tamano_empresa_empleados,ratio,media_ponderada_volumen,"ratio R.3 de la CBI; tamano segun la Recomendacion 2003/361/CE. dato del ejercicio, no del anterior"
Espana,empresas_cb,Rentabilidad ordinaria de los recursos propios | Grandes,10.5000,pct_roe,1998,"Banco de Espana, Central de Balances Integrada",https://datos.bde.es/datos/es/datasets/000/016.html,2026-09-18,,,tamano_empresa_empleados,ratio,media_ponderada_volumen,"ratio R.3 de la CBI; tamano segun la Recomendacion 2003/361/CE. dato del ejercicio, no del anterior"
Espana,empresas_cb,Rentabilidad ordinaria de los recursos propios | Grandes,9.6000,pct_roe,1999,"Banco de Espana, Central de Balances Integrada",https://datos.bde.es/datos/es/datasets/000/016.html,2026-09-18,,,tamano_empresa_empleados,ratio,media_ponderada_volumen,"ratio R.3 de la CBI; tamano segun la Recomendacion 2003/361/CE. dato del ejercicio, no del anterior"
Espana,empresas_cb,Rentabilidad ordinaria de los recursos propios | Grandes,9.0000,pct_roe,2000,"Banco de Espana, Central de Balances Integrada",https://datos.bde.es/datos/es/datasets/000/016.html,2026-09-18,,,tamano_empresa_empleados,ratio,media_ponderada_volumen,"ratio R.3 de la CBI; tamano segun la Recomendacion 2003/361/CE. dato del ejercicio, no del anterior"
Espana,empresas_cb,Rentabilidad ordinaria de los recursos propios | Grandes,9.8000,pct_roe,2001,"Banco de Espana, Central de Balances Integrada",https://datos.bde.es/datos/es/datasets/000/016.html,2026-09-18,,,tamano_empresa_empleados,ratio,media_ponderada_volumen,"ratio R.3 de la CBI; tamano segun la Recomendacion 2003/361/CE. dato del ejercicio, no del anterior"
Espana,empresas_cb,Rentabilidad ordinaria de los recursos propios | Grandes,11.4000,pct_roe,2002,"Banco de Espana, Central de Balances Integrada",https://datos.bde.es/datos/es/datasets/000/016.html,2026-09-18,,,tamano_empresa_empleados,ratio,media_ponderada_volumen,"ratio R.3 de la CBI; tamano segun la Recomendacion 2003/361/CE. dato del ejercicio, no del anterior"
Espana,empresas_cb,Rentabilidad ordinaria de los recursos propios | Grandes,11.2000,pct_roe,2003,"Banco de Espana, Central de Balances Integrada",https://datos.bde.es/datos/es/datasets/000/016.html,2026-09-18,,,tamano_empresa_empleados,ratio,media_ponderada_volumen,"ratio R.3 de la CBI; tamano segun la Recomendacion 2003/361/CE. dato del ejercicio, no del anterior"
Espana,empresas_cb,Rentabilidad ordinaria de los recursos propios | Grandes,12.0000,pct_roe,2004,"Banco de Espana, Central de Balances Integrada",https://datos.bde.es/datos/es/datasets/000/016.html,2026-09-18,,,tamano_empresa_empleados,ratio,media_ponderada_volumen,"ratio R.3 de la CBI; tamano segun la Recomendacion 2003/361/CE. dato del ejercicio, no del anterior"
Espana,empresas_cb,Rentabilidad ordinaria de los recursos propios | Grandes,12.7000,pct_roe,2005,"Banco de Espana, Central de Balances Integrada",https://datos.bde.es/datos/es/datasets/000/016.html,2026-09-18,,,tamano_empresa_empleados,ratio,media_ponderada_volumen,"ratio R.3 de la CBI; tamano segun la Recomendacion 2003/361/CE. dato del ejercicio, no del anterior"
Espana,empresas_cb,Rentabilidad ordinaria de los recursos propios | Grandes,13.1000,pct_roe,2006,"Banco de Espana, Central de Balances Integrada",https://datos.bde.es/datos/es/datasets/000/016.html,2026-09-18,,,tamano_empresa_empleados,ratio,media_ponderada_volumen,"ratio R.3 de la CBI; tamano segun la Recomendacion 2003/361/CE. dato del ejercicio, no del anterior"
Espana,empresas_cb,Rentabilidad ordinaria de los recursos propios | Grandes,12.2000,pct_roe,2007,"Banco de Espana, Central de Balances Integrada",https://datos.bde.es/datos/es/datasets/000/016.html,2026-09-18,,,tamano_empresa_empleados,ratio,media_ponderada_volumen,"ratio R.3 de la CBI; tamano segun la Recomendacion 2003/361/CE. dato del ejercicio, no del anterior"
Espana,empresas_cb,Rentabilidad ordinaria de los recursos propios | Grandes,10.0000,pct_roe,2008,"Banco de Espana, Central de Balances Integrada",https://datos.bde.es/datos/es/datasets/000/016.html,2026-09-18,,,tamano_empresa_empleados,ratio,media_ponderada_volumen,"ratio R.3 de la CBI; tamano segun la Recomendacion 2003/361/CE. dato del ejercicio, no del anterior"
Espana,empresas_cb,Rentabilidad ordinaria de los recursos propios | Grandes,8.2000,pct_roe,2009,"Banco de Espana, Central de Balances Integrada",https://datos.bde.es/datos/es/datasets/000/016.html,2026-09-18,,,tamano_empresa_empleados,ratio,media_ponderada_volumen,"ratio R.3 de la CBI; tamano segun la Recomendacion 2003/361/CE. dato del ejercicio, no del anterior"
Espana,empresas_cb,Rentabilidad ordinaria de los recursos propios | Grandes,8.0000,pct_roe,2010,"Banco de Espana, Central de Balances Integrada",https://datos.bde.es/datos/es/datasets/000/016.html,2026-09-18,,,tamano_empresa_empleados,ratio,media_ponderada_volumen,"ratio R.3 de la CBI; tamano segun la Recomendacion 2003/361/CE. dato del ejercicio, no del anterior"
Espana,empresas_cb,Rentabilidad ordinaria de los recursos propios | Grandes,6.8000,pct_roe,2011,"Banco de Espana, Central de Balances Integrada",https://datos.bde.es/datos/es/datasets/000/016.html,2026-09-18,,,tamano_empresa_empleados,ratio,media_ponderada_volumen,"ratio R.3 de la CBI; tamano segun la Recomendacion 2003/361/CE. dato del ejercicio, no del anterior"
Espana,empresas_cb,Rentabilidad ordinaria de los recursos propios | Grandes,5.9000,pct_roe,2012,"Banco de Espana, Central de Balances Integrada",https://datos.bde.es/datos/es/datasets/000/016.html,2026-09-18,,,tamano_empresa_empleados,ratio,media_ponderada_volumen,"ratio R.3 de la CBI; tamano segun la Recomendacion 2003/361/CE. dato del ejercicio, no del anterior"
Espana,empresas_cb,Rentabilidad ordinaria de los recursos propios | Grandes,6.2000,pct_roe,2013,"Banco de Espana, Central de Balances Integrada",https://datos.bde.es/datos/es/datasets/000/016.html,2026-09-18,,,tamano_empresa_empleados,ratio,media_ponderada_volumen,"ratio R.3 de la CBI; tamano segun la Recomendacion 2003/361/CE. dato del ejercicio, no del anterior"
Espana,empresas_cb,Rentabilidad ordinaria de los recursos propios | Grandes,6.5000,pct_roe,2014,"Banco de Espana, Central de Balances Integrada",https://datos.bde.es/datos/es/datasets/000/016.html,2026-09-18,,,tamano_empresa_empleados,ratio,media_ponderada_volumen,"ratio R.3 de la CBI; tamano segun la Recomendacion 2003/361/CE. dato del ejercicio, no del anterior"
Espana,empresas_cb,Rentabilidad ordinaria de los recursos propios | Grandes,6.7000,pct_roe,2015,"Banco de Espana, Central de Balances Integrada",https://datos.bde.es/datos/es/datasets/000/016.html,2026-09-18,,,tamano_empresa_empleados,ratio,media_ponderada_volumen,"ratio R.3 de la CBI; tamano segun la Recomendacion 2003/361/CE. dato del ejercicio, no del anterior"
Espana,empresas_cb,Rentabilidad ordinaria de los recursos propios | Grandes,7.9000,pct_roe,2016,"Banco de Espana, Central de Balances Integrada",https://datos.bde.es/datos/es/datasets/000/016.html,2026-09-18,,,tamano_empresa_empleados,ratio,media_ponderada_volumen,"ratio R.3 de la CBI; tamano segun la Recomendacion 2003/361/CE. dato del ejercicio, no del anterior"
Espana,empresas_cb,Rentabilidad ordinaria de los recursos propios | Grandes,8.4000,pct_roe,2017,"Banco de Espana, Central de Balances Integrada",https://datos.bde.es/datos/es/datasets/000/016.html,2026-09-18,,,tamano_empresa_empleados,ratio,media_ponderada_volumen,"ratio R.3 de la CBI; tamano segun la Recomendacion 2003/361/CE. dato del ejercicio, no del anterior"
Espana,empresas_cb,Rentabilidad ordinaria de los recursos propios | Grandes,8.4000,pct_roe,2018,"Banco de Espana, Central de Balances Integrada",https://datos.bde.es/datos/es/datasets/000/016.html,2026-09-18,,,tamano_empresa_empleados,ratio,media_ponderada_volumen,"ratio R.3 de la CBI; tamano segun la Recomendacion 2003/361/CE. dato del ejercicio, no del anterior"
Espana,empresas_cb,Rentabilidad ordinaria de los recursos propios | Grandes,9.2000,pct_roe,2019,"Banco de Espana, Central de Balances Integrada",https://datos.bde.es/datos/es/datasets/000/016.html,2026-09-18,,,tamano_empresa_empleados,ratio,media_ponderada_volumen,"ratio R.3 de la CBI; tamano segun la Recomendacion 2003/361/CE. dato del ejercicio, no del anterior"
Espana,empresas_cb,Rentabilidad ordinaria de los recursos propios | Grandes,5.8000,pct_roe,2020,"Banco de Espana, Central de Balances Integrada",https://datos.bde.es/datos/es/datasets/000/016.html,2026-09-18,,,tamano_empresa_empleados,ratio,media_ponderada_volumen,"ratio R.3 de la CBI; tamano segun la Recomendacion 2003/361/CE. dato del ejercicio, no del anterior"
Espana,empresas_cb,Rentabilidad ordinaria de los recursos propios | Grandes,5.4000,pct_roe,2021,"Banco de Espana, Central de Balances Integrada",https://datos.bde.es/datos/es/datasets/000/016.html,2026-09-18,,,tamano_empresa_empleados,ratio,media_ponderada_volumen,"ratio R.3 de la CBI; tamano segun la Recomendacion 2003/361/CE. dato del ejercicio, no del anterior"
Espana,empresas_cb,Rentabilidad ordinaria de los recursos propios | Grandes,7.1000,pct_roe,2022,"Banco de Espana, Central de Balances Integrada",https://datos.bde.es/datos/es/datasets/000/016.html,2026-09-18,,,tamano_empresa_empleados,ratio,media_ponderada_volumen,"ratio R.3 de la CBI; tamano segun la Recomendacion 2003/361/CE. dato del ejercicio, no del anterior"
Espana,empresas_cb,Rentabilidad ordinaria de los recursos propios | Grandes,8.2000,pct_roe,2023,"Banco de Espana, Central de Balances Integrada",https://datos.bde.es/datos/es/datasets/000/016.html,2026-09-18,,,tamano_empresa_empleados,ratio,media_ponderada_volumen,"ratio R.3 de la CBI; tamano segun la Recomendacion 2003/361/CE. dato del ejercicio, no del anterior"
Espana,empresas_cb,Rentabilidad ordinaria de los recursos propios | Grandes,8.5000,pct_roe,2024,"Banco de Espana, Central de Balances Integrada",https://datos.bde.es/datos/es/datasets/000/016.html,2026-09-18,,,tamano_empresa_empleados,ratio,media_ponderada_volumen,"ratio R.3 de la CBI; tamano segun la Recomendacion 2003/361/CE. dato del ejercicio, no del anterior"
Espana,empresas_cb,Rentabilidad ordinaria de los recursos propios | Total,9.3000,pct_roe,1997,"Banco de Espana, Central de Balances Integrada",https://datos.bde.es/datos/es/datasets/000/016.html,2026-09-18,,,tamano_empresa_empleados,ratio,media_ponderada_volumen,"ratio R.3 de la CBI; tamano segun la Recomendacion 2003/361/CE. dato del ejercicio, no del anterior"
Espana,empresas_cb,Rentabilidad ordinaria de los recursos propios | Total,10.9000,pct_roe,1998,"Banco de Espana, Central de Balances Integrada",https://datos.bde.es/datos/es/datasets/000/016.html,2026-09-18,,,tamano_empresa_empleados,ratio,media_ponderada_volumen,"ratio R.3 de la CBI; tamano segun la Recomendacion 2003/361/CE. dato del ejercicio, no del anterior"
Espana,empresas_cb,Rentabilidad ordinaria de los recursos propios | Total,10.4000,pct_roe,1999,"Banco de Espana, Central de Balances Integrada",https://datos.bde.es/datos/es/datasets/000/016.html,2026-09-18,,,tamano_empresa_empleados,ratio,media_ponderada_volumen,"ratio R.3 de la CBI; tamano segun la Recomendacion 2003/361/CE. dato del ejercicio, no del anterior"
Espana,empresas_cb,Rentabilidad ordinaria de los recursos propios | Total,9.6000,pct_roe,2000,"Banco de Espana, Central de Balances Integrada",https://datos.bde.es/datos/es/datasets/000/016.html,2026-09-18,,,tamano_empresa_empleados,ratio,media_ponderada_volumen,"ratio R.3 de la CBI; tamano segun la Recomendacion 2003/361/CE. dato del ejercicio, no del anterior"
Espana,empresas_cb,Rentabilidad ordinaria de los recursos propios | Total,10.1000,pct_roe,2001,"Banco de Espana, Central de Balances Integrada",https://datos.bde.es/datos/es/datasets/000/016.html,2026-09-18,,,tamano_empresa_empleados,ratio,media_ponderada_volumen,"ratio R.3 de la CBI; tamano segun la Recomendacion 2003/361/CE. dato del ejercicio, no del anterior"
Espana,empresas_cb,Rentabilidad ordinaria de los recursos propios | Total,11.2000,pct_roe,2002,"Banco de Espana, Central de Balances Integrada",https://datos.bde.es/datos/es/datasets/000/016.html,2026-09-18,,,tamano_empresa_empleados,ratio,media_ponderada_volumen,"ratio R.3 de la CBI; tamano segun la Recomendacion 2003/361/CE. dato del ejercicio, no del anterior"
Espana,empresas_cb,Rentabilidad ordinaria de los recursos propios | Total,10.9000,pct_roe,2003,"Banco de Espana, Central de Balances Integrada",https://datos.bde.es/datos/es/datasets/000/016.html,2026-09-18,,,tamano_empresa_empleados,ratio,media_ponderada_volumen,"ratio R.3 de la CBI; tamano segun la Recomendacion 2003/361/CE. dato del ejercicio, no del anterior"
Espana,empresas_cb,Rentabilidad ordinaria de los recursos propios | Total,11.3000,pct_roe,2004,"Banco de Espana, Central de Balances Integrada",https://datos.bde.es/datos/es/datasets/000/016.html,2026-09-18,,,tamano_empresa_empleados,ratio,media_ponderada_volumen,"ratio R.3 de la CBI; tamano segun la Recomendacion 2003/361/CE. dato del ejercicio, no del anterior"
Espana,empresas_cb,Rentabilidad ordinaria de los recursos propios | Total,10.4000,pct_roe,2005,"Banco de Espana, Central de Balances Integrada",https://datos.bde.es/datos/es/datasets/000/016.html,2026-09-18,,,tamano_empresa_empleados,ratio,media_ponderada_volumen,"ratio R.3 de la CBI; tamano segun la Recomendacion 2003/361/CE. dato del ejercicio, no del anterior"
Espana,empresas_cb,Rentabilidad ordinaria de los recursos propios | Total,10.6000,pct_roe,2006,"Banco de Espana, Central de Balances Integrada",https://datos.bde.es/datos/es/datasets/000/016.html,2026-09-18,,,tamano_empresa_empleados,ratio,media_ponderada_volumen,"ratio R.3 de la CBI; tamano segun la Recomendacion 2003/361/CE. dato del ejercicio, no del anterior"
Espana,empresas_cb,Rentabilidad ordinaria de los recursos propios | Total,9.6000,pct_roe,2007,"Banco de Espana, Central de Balances Integrada",https://datos.bde.es/datos/es/datasets/000/016.html,2026-09-18,,,tamano_empresa_empleados,ratio,media_ponderada_volumen,"ratio R.3 de la CBI; tamano segun la Recomendacion 2003/361/CE. dato del ejercicio, no del anterior"
Espana,empresas_cb,Rentabilidad ordinaria de los recursos propios | Total,7.9000,pct_roe,2008,"Banco de Espana, Central de Balances Integrada",https://datos.bde.es/datos/es/datasets/000/016.html,2026-09-18,,,tamano_empresa_empleados,ratio,media_ponderada_volumen,"ratio R.3 de la CBI; tamano segun la Recomendacion 2003/361/CE. dato del ejercicio, no del anterior"
Espana,empresas_cb,Rentabilidad ordinaria de los recursos propios | Total,5.5000,pct_roe,2009,"Banco de Espana, Central de Balances Integrada",https://datos.bde.es/datos/es/datasets/000/016.html,2026-09-18,,,tamano_empresa_empleados,ratio,media_ponderada_volumen,"ratio R.3 de la CBI; tamano segun la Recomendacion 2003/361/CE. dato del ejercicio, no del anterior"
Espana,empresas_cb,Rentabilidad ordinaria de los recursos propios | Total,5.6000,pct_roe,2010,"Banco de Espana, Central de Balances Integrada",https://datos.bde.es/datos/es/datasets/000/016.html,2026-09-18,,,tamano_empresa_empleados,ratio,media_ponderada_volumen,"ratio R.3 de la CBI; tamano segun la Recomendacion 2003/361/CE. dato del ejercicio, no del anterior"
Espana,empresas_cb,Rentabilidad ordinaria de los recursos propios | Total,4.7000,pct_roe,2011,"Banco de Espana, Central de Balances Integrada",https://datos.bde.es/datos/es/datasets/000/016.html,2026-09-18,,,tamano_empresa_empleados,ratio,media_ponderada_volumen,"ratio R.3 de la CBI; tamano segun la Recomendacion 2003/361/CE. dato del ejercicio, no del anterior"
Espana,empresas_cb,Rentabilidad ordinaria de los recursos propios | Total,3.9000,pct_roe,2012,"Banco de Espana, Central de Balances Integrada",https://datos.bde.es/datos/es/datasets/000/016.html,2026-09-18,,,tamano_empresa_empleados,ratio,media_ponderada_volumen,"ratio R.3 de la CBI; tamano segun la Recomendacion 2003/361/CE. dato del ejercicio, no del anterior"
Espana,empresas_cb,Rentabilidad ordinaria de los recursos propios | Total,4.3000,pct_roe,2013,"Banco de Espana, Central de Balances Integrada",https://datos.bde.es/datos/es/datasets/000/016.html,2026-09-18,,,tamano_empresa_empleados,ratio,media_ponderada_volumen,"ratio R.3 de la CBI; tamano segun la Recomendacion 2003/361/CE. dato del ejercicio, no del anterior"
Espana,empresas_cb,Rentabilidad ordinaria de los recursos propios | Total,5.0000,pct_roe,2014,"Banco de Espana, Central de Balances Integrada",https://datos.bde.es/datos/es/datasets/000/016.html,2026-09-18,,,tamano_empresa_empleados,ratio,media_ponderada_volumen,"ratio R.3 de la CBI; tamano segun la Recomendacion 2003/361/CE. dato del ejercicio, no del anterior"
Espana,empresas_cb,Rentabilidad ordinaria de los recursos propios | Total,5.6000,pct_roe,2015,"Banco de Espana, Central de Balances Integrada",https://datos.bde.es/datos/es/datasets/000/016.html,2026-09-18,,,tamano_empresa_empleados,ratio,media_ponderada_volumen,"ratio R.3 de la CBI; tamano segun la Recomendacion 2003/361/CE. dato del ejercicio, no del anterior"
Espana,empresas_cb,Rentabilidad ordinaria de los recursos propios | Total,6.6000,pct_roe,2016,"Banco de Espana, Central de Balances Integrada",https://datos.bde.es/datos/es/datasets/000/016.html,2026-09-18,,,tamano_empresa_empleados,ratio,media_ponderada_volumen,"ratio R.3 de la CBI; tamano segun la Recomendacion 2003/361/CE. dato del ejercicio, no del anterior"
Espana,empresas_cb,Rentabilidad ordinaria de los recursos propios | Total,7.3000,pct_roe,2017,"Banco de Espana, Central de Balances Integrada",https://datos.bde.es/datos/es/datasets/000/016.html,2026-09-18,,,tamano_empresa_empleados,ratio,media_ponderada_volumen,"ratio R.3 de la CBI; tamano segun la Recomendacion 2003/361/CE. dato del ejercicio, no del anterior"
Espana,empresas_cb,Rentabilidad ordinaria de los recursos propios | Total,7.4000,pct_roe,2018,"Banco de Espana, Central de Balances Integrada",https://datos.bde.es/datos/es/datasets/000/016.html,2026-09-18,,,tamano_empresa_empleados,ratio,media_ponderada_volumen,"ratio R.3 de la CBI; tamano segun la Recomendacion 2003/361/CE. dato del ejercicio, no del anterior"
Espana,empresas_cb,Rentabilidad ordinaria de los recursos propios | Total,7.9000,pct_roe,2019,"Banco de Espana, Central de Balances Integrada",https://datos.bde.es/datos/es/datasets/000/016.html,2026-09-18,,,tamano_empresa_empleados,ratio,media_ponderada_volumen,"ratio R.3 de la CBI; tamano segun la Recomendacion 2003/361/CE. dato del ejercicio, no del anterior"
Espana,empresas_cb,Rentabilidad ordinaria de los recursos propios | Total,5.1000,pct_roe,2020,"Banco de Espana, Central de Balances Integrada",https://datos.bde.es/datos/es/datasets/000/016.html,2026-09-18,,,tamano_empresa_empleados,ratio,media_ponderada_volumen,"ratio R.3 de la CBI; tamano segun la Recomendacion 2003/361/CE. dato del ejercicio, no del anterior"
Espana,empresas_cb,Rentabilidad ordinaria de los recursos propios | Total,5.4000,pct_roe,2021,"Banco de Espana, Central de Balances Integrada",https://datos.bde.es/datos/es/datasets/000/016.html,2026-09-18,,,tamano_empresa_empleados,ratio,media_ponderada_volumen,"ratio R.3 de la CBI; tamano segun la Recomendacion 2003/361/CE. dato del ejercicio, no del anterior"
Espana,empresas_cb,Rentabilidad ordinaria de los recursos propios | Total,6.7000,pct_roe,2022,"Banco de Espana, Central de Balances Integrada",https://datos.bde.es/datos/es/datasets/000/016.html,2026-09-18,,,tamano_empresa_empleados,ratio,media_ponderada_volumen,"ratio R.3 de la CBI; tamano segun la Recomendacion 2003/361/CE. dato del ejercicio, no del anterior"
Espana,empresas_cb,Rentabilidad ordinaria de los recursos propios | Total,7.7000,pct_roe,2023,"Banco de Espana, Central de Balances Integrada",https://datos.bde.es/datos/es/datasets/000/016.html,2026-09-18,,,tamano_empresa_empleados,ratio,media_ponderada_volumen,"ratio R.3 de la CBI; tamano segun la Recomendacion 2003/361/CE. dato del ejercicio, no del anterior"
Espana,empresas_cb,Rentabilidad ordinaria de los recursos propios | Total,8.0000,pct_roe,2024,"Banco de Espana, Central de Balances Integrada",https://datos.bde.es/datos/es/datasets/000/016.html,2026-09-18,,,tamano_empresa_empleados,ratio,media_ponderada_volumen,"ratio R.3 de la CBI; tamano segun la Recomendacion 2003/361/CE. dato del ejercicio, no del anterior"
Espana,empresas_cb,Margen de explotacion | Pequenas,7.7000,pct_ingresos,1997,"Banco de Espana, Central de Balances Integrada",https://datos.bde.es/datos/es/datasets/000/016.html,2026-09-18,,,tamano_empresa_empleados,ratio,media_ponderada_volumen,"ratio R.5 de la CBI; tamano segun la Recomendacion 2003/361/CE. dato del ejercicio, no del anterior"
Espana,empresas_cb,Margen de explotacion | Pequenas,8.0000,pct_ingresos,1998,"Banco de Espana, Central de Balances Integrada",https://datos.bde.es/datos/es/datasets/000/016.html,2026-09-18,,,tamano_empresa_empleados,ratio,media_ponderada_volumen,"ratio R.5 de la CBI; tamano segun la Recomendacion 2003/361/CE. dato del ejercicio, no del anterior"
Espana,empresas_cb,Margen de explotacion | Pequenas,8.4000,pct_ingresos,1999,"Banco de Espana, Central de Balances Integrada",https://datos.bde.es/datos/es/datasets/000/016.html,2026-09-18,,,tamano_empresa_empleados,ratio,media_ponderada_volumen,"ratio R.5 de la CBI; tamano segun la Recomendacion 2003/361/CE. dato del ejercicio, no del anterior"
Espana,empresas_cb,Margen de explotacion | Pequenas,8.1000,pct_ingresos,2000,"Banco de Espana, Central de Balances Integrada",https://datos.bde.es/datos/es/datasets/000/016.html,2026-09-18,,,tamano_empresa_empleados,ratio,media_ponderada_volumen,"ratio R.5 de la CBI; tamano segun la Recomendacion 2003/361/CE. dato del ejercicio, no del anterior"
Espana,empresas_cb,Margen de explotacion | Pequenas,8.2000,pct_ingresos,2001,"Banco de Espana, Central de Balances Integrada",https://datos.bde.es/datos/es/datasets/000/016.html,2026-09-18,,,tamano_empresa_empleados,ratio,media_ponderada_volumen,"ratio R.5 de la CBI; tamano segun la Recomendacion 2003/361/CE. dato del ejercicio, no del anterior"
Espana,empresas_cb,Margen de explotacion | Pequenas,8.1000,pct_ingresos,2002,"Banco de Espana, Central de Balances Integrada",https://datos.bde.es/datos/es/datasets/000/016.html,2026-09-18,,,tamano_empresa_empleados,ratio,media_ponderada_volumen,"ratio R.5 de la CBI; tamano segun la Recomendacion 2003/361/CE. dato del ejercicio, no del anterior"
Espana,empresas_cb,Margen de explotacion | Pequenas,8.0000,pct_ingresos,2003,"Banco de Espana, Central de Balances Integrada",https://datos.bde.es/datos/es/datasets/000/016.html,2026-09-18,,,tamano_empresa_empleados,ratio,media_ponderada_volumen,"ratio R.5 de la CBI; tamano segun la Recomendacion 2003/361/CE. dato del ejercicio, no del anterior"
Espana,empresas_cb,Margen de explotacion | Pequenas,8.0000,pct_ingresos,2004,"Banco de Espana, Central de Balances Integrada",https://datos.bde.es/datos/es/datasets/000/016.html,2026-09-18,,,tamano_empresa_empleados,ratio,media_ponderada_volumen,"ratio R.5 de la CBI; tamano segun la Recomendacion 2003/361/CE. dato del ejercicio, no del anterior"
Espana,empresas_cb,Margen de explotacion | Pequenas,7.9000,pct_ingresos,2005,"Banco de Espana, Central de Balances Integrada",https://datos.bde.es/datos/es/datasets/000/016.html,2026-09-18,,,tamano_empresa_empleados,ratio,media_ponderada_volumen,"ratio R.5 de la CBI; tamano segun la Recomendacion 2003/361/CE. dato del ejercicio, no del anterior"
Espana,empresas_cb,Margen de explotacion | Pequenas,8.3000,pct_ingresos,2006,"Banco de Espana, Central de Balances Integrada",https://datos.bde.es/datos/es/datasets/000/016.html,2026-09-18,,,tamano_empresa_empleados,ratio,media_ponderada_volumen,"ratio R.5 de la CBI; tamano segun la Recomendacion 2003/361/CE. dato del ejercicio, no del anterior"
Espana,empresas_cb,Margen de explotacion | Pequenas,8.6000,pct_ingresos,2007,"Banco de Espana, Central de Balances Integrada",https://datos.bde.es/datos/es/datasets/000/016.html,2026-09-18,,,tamano_empresa_empleados,ratio,media_ponderada_volumen,"ratio R.5 de la CBI; tamano segun la Recomendacion 2003/361/CE. dato del ejercicio, no del anterior"
Espana,empresas_cb,Margen de explotacion | Pequenas,6.7000,pct_ingresos,2008,"Banco de Espana, Central de Balances Integrada",https://datos.bde.es/datos/es/datasets/000/016.html,2026-09-18,,,tamano_empresa_empleados,ratio,media_ponderada_volumen,"ratio R.5 de la CBI; tamano segun la Recomendacion 2003/361/CE. dato del ejercicio, no del anterior"
Espana,empresas_cb,Margen de explotacion | Pequenas,6.2000,pct_ingresos,2009,"Banco de Espana, Central de Balances Integrada",https://datos.bde.es/datos/es/datasets/000/016.html,2026-09-18,,,tamano_empresa_empleados,ratio,media_ponderada_volumen,"ratio R.5 de la CBI; tamano segun la Recomendacion 2003/361/CE. dato del ejercicio, no del anterior"
Espana,empresas_cb,Margen de explotacion | Pequenas,5.7000,pct_ingresos,2010,"Banco de Espana, Central de Balances Integrada",https://datos.bde.es/datos/es/datasets/000/016.html,2026-09-18,,,tamano_empresa_empleados,ratio,media_ponderada_volumen,"ratio R.5 de la CBI; tamano segun la Recomendacion 2003/361/CE. dato del ejercicio, no del anterior"
Espana,empresas_cb,Margen de explotacion | Pequenas,5.0000,pct_ingresos,2011,"Banco de Espana, Central de Balances Integrada",https://datos.bde.es/datos/es/datasets/000/016.html,2026-09-18,,,tamano_empresa_empleados,ratio,media_ponderada_volumen,"ratio R.5 de la CBI; tamano segun la Recomendacion 2003/361/CE. dato del ejercicio, no del anterior"
Espana,empresas_cb,Margen de explotacion | Pequenas,4.6000,pct_ingresos,2012,"Banco de Espana, Central de Balances Integrada",https://datos.bde.es/datos/es/datasets/000/016.html,2026-09-18,,,tamano_empresa_empleados,ratio,media_ponderada_volumen,"ratio R.5 de la CBI; tamano segun la Recomendacion 2003/361/CE. dato del ejercicio, no del anterior"
Espana,empresas_cb,Margen de explotacion | Pequenas,5.0000,pct_ingresos,2013,"Banco de Espana, Central de Balances Integrada",https://datos.bde.es/datos/es/datasets/000/016.html,2026-09-18,,,tamano_empresa_empleados,ratio,media_ponderada_volumen,"ratio R.5 de la CBI; tamano segun la Recomendacion 2003/361/CE. dato del ejercicio, no del anterior"
Espana,empresas_cb,Margen de explotacion | Pequenas,6.0000,pct_ingresos,2014,"Banco de Espana, Central de Balances Integrada",https://datos.bde.es/datos/es/datasets/000/016.html,2026-09-18,,,tamano_empresa_empleados,ratio,media_ponderada_volumen,"ratio R.5 de la CBI; tamano segun la Recomendacion 2003/361/CE. dato del ejercicio, no del anterior"
Espana,empresas_cb,Margen de explotacion | Pequenas,6.9000,pct_ingresos,2015,"Banco de Espana, Central de Balances Integrada",https://datos.bde.es/datos/es/datasets/000/016.html,2026-09-18,,,tamano_empresa_empleados,ratio,media_ponderada_volumen,"ratio R.5 de la CBI; tamano segun la Recomendacion 2003/361/CE. dato del ejercicio, no del anterior"
Espana,empresas_cb,Margen de explotacion | Pequenas,7.4000,pct_ingresos,2016,"Banco de Espana, Central de Balances Integrada",https://datos.bde.es/datos/es/datasets/000/016.html,2026-09-18,,,tamano_empresa_empleados,ratio,media_ponderada_volumen,"ratio R.5 de la CBI; tamano segun la Recomendacion 2003/361/CE. dato del ejercicio, no del anterior"
Espana,empresas_cb,Margen de explotacion | Pequenas,7.7000,pct_ingresos,2017,"Banco de Espana, Central de Balances Integrada",https://datos.bde.es/datos/es/datasets/000/016.html,2026-09-18,,,tamano_empresa_empleados,ratio,media_ponderada_volumen,"ratio R.5 de la CBI; tamano segun la Recomendacion 2003/361/CE. dato del ejercicio, no del anterior"
Espana,empresas_cb,Margen de explotacion | Pequenas,7.7000,pct_ingresos,2018,"Banco de Espana, Central de Balances Integrada",https://datos.bde.es/datos/es/datasets/000/016.html,2026-09-18,,,tamano_empresa_empleados,ratio,media_ponderada_volumen,"ratio R.5 de la CBI; tamano segun la Recomendacion 2003/361/CE. dato del ejercicio, no del anterior"
Espana,empresas_cb,Margen de explotacion | Pequenas,7.7000,pct_ingresos,2019,"Banco de Espana, Central de Balances Integrada",https://datos.bde.es/datos/es/datasets/000/016.html,2026-09-18,,,tamano_empresa_empleados,ratio,media_ponderada_volumen,"ratio R.5 de la CBI; tamano segun la Recomendacion 2003/361/CE. dato del ejercicio, no del anterior"
Espana,empresas_cb,Margen de explotacion | Pequenas,7.1000,pct_ingresos,2020,"Banco de Espana, Central de Balances Integrada",https://datos.bde.es/datos/es/datasets/000/016.html,2026-09-18,,,tamano_empresa_empleados,ratio,media_ponderada_volumen,"ratio R.5 de la CBI; tamano segun la Recomendacion 2003/361/CE. dato del ejercicio, no del anterior"
Espana,empresas_cb,Margen de explotacion | Pequenas,8.5000,pct_ingresos,2021,"Banco de Espana, Central de Balances Integrada",https://datos.bde.es/datos/es/datasets/000/016.html,2026-09-18,,,tamano_empresa_empleados,ratio,media_ponderada_volumen,"ratio R.5 de la CBI; tamano segun la Recomendacion 2003/361/CE. dato del ejercicio, no del anterior"
Espana,empresas_cb,Margen de explotacion | Pequenas,8.6000,pct_ingresos,2022,"Banco de Espana, Central de Balances Integrada",https://datos.bde.es/datos/es/datasets/000/016.html,2026-09-18,,,tamano_empresa_empleados,ratio,media_ponderada_volumen,"ratio R.5 de la CBI; tamano segun la Recomendacion 2003/361/CE. dato del ejercicio, no del anterior"
Espana,empresas_cb,Margen de explotacion | Pequenas,9.4000,pct_ingresos,2023,"Banco de Espana, Central de Balances Integrada",https://datos.bde.es/datos/es/datasets/000/016.html,2026-09-18,,,tamano_empresa_empleados,ratio,media_ponderada_volumen,"ratio R.5 de la CBI; tamano segun la Recomendacion 2003/361/CE. dato del ejercicio, no del anterior"
Espana,empresas_cb,Margen de explotacion | Pequenas,9.9000,pct_ingresos,2024,"Banco de Espana, Central de Balances Integrada",https://datos.bde.es/datos/es/datasets/000/016.html,2026-09-18,,,tamano_empresa_empleados,ratio,media_ponderada_volumen,"ratio R.5 de la CBI; tamano segun la Recomendacion 2003/361/CE. dato del ejercicio, no del anterior"
Espana,empresas_cb,Margen de explotacion | Medianas,9.6000,pct_ingresos,1997,"Banco de Espana, Central de Balances Integrada",https://datos.bde.es/datos/es/datasets/000/016.html,2026-09-18,,,tamano_empresa_empleados,ratio,media_ponderada_volumen,"ratio R.5 de la CBI; tamano segun la Recomendacion 2003/361/CE. dato del ejercicio, no del anterior"
Espana,empresas_cb,Margen de explotacion | Medianas,10.0000,pct_ingresos,1998,"Banco de Espana, Central de Balances Integrada",https://datos.bde.es/datos/es/datasets/000/016.html,2026-09-18,,,tamano_empresa_empleados,ratio,media_ponderada_volumen,"ratio R.5 de la CBI; tamano segun la Recomendacion 2003/361/CE. dato del ejercicio, no del anterior"
Espana,empresas_cb,Margen de explotacion | Medianas,10.3000,pct_ingresos,1999,"Banco de Espana, Central de Balances Integrada",https://datos.bde.es/datos/es/datasets/000/016.html,2026-09-18,,,tamano_empresa_empleados,ratio,media_ponderada_volumen,"ratio R.5 de la CBI; tamano segun la Recomendacion 2003/361/CE. dato del ejercicio, no del anterior"
Espana,empresas_cb,Margen de explotacion | Medianas,9.4000,pct_ingresos,2000,"Banco de Espana, Central de Balances Integrada",https://datos.bde.es/datos/es/datasets/000/016.html,2026-09-18,,,tamano_empresa_empleados,ratio,media_ponderada_volumen,"ratio R.5 de la CBI; tamano segun la Recomendacion 2003/361/CE. dato del ejercicio, no del anterior"
Espana,empresas_cb,Margen de explotacion | Medianas,9.5000,pct_ingresos,2001,"Banco de Espana, Central de Balances Integrada",https://datos.bde.es/datos/es/datasets/000/016.html,2026-09-18,,,tamano_empresa_empleados,ratio,media_ponderada_volumen,"ratio R.5 de la CBI; tamano segun la Recomendacion 2003/361/CE. dato del ejercicio, no del anterior"
Espana,empresas_cb,Margen de explotacion | Medianas,9.3000,pct_ingresos,2002,"Banco de Espana, Central de Balances Integrada",https://datos.bde.es/datos/es/datasets/000/016.html,2026-09-18,,,tamano_empresa_empleados,ratio,media_ponderada_volumen,"ratio R.5 de la CBI; tamano segun la Recomendacion 2003/361/CE. dato del ejercicio, no del anterior"
Espana,empresas_cb,Margen de explotacion | Medianas,9.3000,pct_ingresos,2003,"Banco de Espana, Central de Balances Integrada",https://datos.bde.es/datos/es/datasets/000/016.html,2026-09-18,,,tamano_empresa_empleados,ratio,media_ponderada_volumen,"ratio R.5 de la CBI; tamano segun la Recomendacion 2003/361/CE. dato del ejercicio, no del anterior"
Espana,empresas_cb,Margen de explotacion | Medianas,9.1000,pct_ingresos,2004,"Banco de Espana, Central de Balances Integrada",https://datos.bde.es/datos/es/datasets/000/016.html,2026-09-18,,,tamano_empresa_empleados,ratio,media_ponderada_volumen,"ratio R.5 de la CBI; tamano segun la Recomendacion 2003/361/CE. dato del ejercicio, no del anterior"
Espana,empresas_cb,Margen de explotacion | Medianas,8.7000,pct_ingresos,2005,"Banco de Espana, Central de Balances Integrada",https://datos.bde.es/datos/es/datasets/000/016.html,2026-09-18,,,tamano_empresa_empleados,ratio,media_ponderada_volumen,"ratio R.5 de la CBI; tamano segun la Recomendacion 2003/361/CE. dato del ejercicio, no del anterior"
Espana,empresas_cb,Margen de explotacion | Medianas,8.5000,pct_ingresos,2006,"Banco de Espana, Central de Balances Integrada",https://datos.bde.es/datos/es/datasets/000/016.html,2026-09-18,,,tamano_empresa_empleados,ratio,media_ponderada_volumen,"ratio R.5 de la CBI; tamano segun la Recomendacion 2003/361/CE. dato del ejercicio, no del anterior"
Espana,empresas_cb,Margen de explotacion | Medianas,8.6000,pct_ingresos,2007,"Banco de Espana, Central de Balances Integrada",https://datos.bde.es/datos/es/datasets/000/016.html,2026-09-18,,,tamano_empresa_empleados,ratio,media_ponderada_volumen,"ratio R.5 de la CBI; tamano segun la Recomendacion 2003/361/CE. dato del ejercicio, no del anterior"
Espana,empresas_cb,Margen de explotacion | Medianas,7.6000,pct_ingresos,2008,"Banco de Espana, Central de Balances Integrada",https://datos.bde.es/datos/es/datasets/000/016.html,2026-09-18,,,tamano_empresa_empleados,ratio,media_ponderada_volumen,"ratio R.5 de la CBI; tamano segun la Recomendacion 2003/361/CE. dato del ejercicio, no del anterior"
Espana,empresas_cb,Margen de explotacion | Medianas,7.1000,pct_ingresos,2009,"Banco de Espana, Central de Balances Integrada",https://datos.bde.es/datos/es/datasets/000/016.html,2026-09-18,,,tamano_empresa_empleados,ratio,media_ponderada_volumen,"ratio R.5 de la CBI; tamano segun la Recomendacion 2003/361/CE. dato del ejercicio, no del anterior"
Espana,empresas_cb,Margen de explotacion | Medianas,6.9000,pct_ingresos,2010,"Banco de Espana, Central de Balances Integrada",https://datos.bde.es/datos/es/datasets/000/016.html,2026-09-18,,,tamano_empresa_empleados,ratio,media_ponderada_volumen,"ratio R.5 de la CBI; tamano segun la Recomendacion 2003/361/CE. dato del ejercicio, no del anterior"
Espana,empresas_cb,Margen de explotacion | Medianas,6.5000,pct_ingresos,2011,"Banco de Espana, Central de Balances Integrada",https://datos.bde.es/datos/es/datasets/000/016.html,2026-09-18,,,tamano_empresa_empleados,ratio,media_ponderada_volumen,"ratio R.5 de la CBI; tamano segun la Recomendacion 2003/361/CE. dato del ejercicio, no del anterior"
Espana,empresas_cb,Margen de explotacion | Medianas,6.5000,pct_ingresos,2012,"Banco de Espana, Central de Balances Integrada",https://datos.bde.es/datos/es/datasets/000/016.html,2026-09-18,,,tamano_empresa_empleados,ratio,media_ponderada_volumen,"ratio R.5 de la CBI; tamano segun la Recomendacion 2003/361/CE. dato del ejercicio, no del anterior"
Espana,empresas_cb,Margen de explotacion | Medianas,6.3000,pct_ingresos,2013,"Banco de Espana, Central de Balances Integrada",https://datos.bde.es/datos/es/datasets/000/016.html,2026-09-18,,,tamano_empresa_empleados,ratio,media_ponderada_volumen,"ratio R.5 de la CBI; tamano segun la Recomendacion 2003/361/CE. dato del ejercicio, no del anterior"
Espana,empresas_cb,Margen de explotacion | Medianas,7.1000,pct_ingresos,2014,"Banco de Espana, Central de Balances Integrada",https://datos.bde.es/datos/es/datasets/000/016.html,2026-09-18,,,tamano_empresa_empleados,ratio,media_ponderada_volumen,"ratio R.5 de la CBI; tamano segun la Recomendacion 2003/361/CE. dato del ejercicio, no del anterior"
Espana,empresas_cb,Margen de explotacion | Medianas,7.6000,pct_ingresos,2015,"Banco de Espana, Central de Balances Integrada",https://datos.bde.es/datos/es/datasets/000/016.html,2026-09-18,,,tamano_empresa_empleados,ratio,media_ponderada_volumen,"ratio R.5 de la CBI; tamano segun la Recomendacion 2003/361/CE. dato del ejercicio, no del anterior"
Espana,empresas_cb,Margen de explotacion | Medianas,8.0000,pct_ingresos,2016,"Banco de Espana, Central de Balances Integrada",https://datos.bde.es/datos/es/datasets/000/016.html,2026-09-18,,,tamano_empresa_empleados,ratio,media_ponderada_volumen,"ratio R.5 de la CBI; tamano segun la Recomendacion 2003/361/CE. dato del ejercicio, no del anterior"
Espana,empresas_cb,Margen de explotacion | Medianas,8.1000,pct_ingresos,2017,"Banco de Espana, Central de Balances Integrada",https://datos.bde.es/datos/es/datasets/000/016.html,2026-09-18,,,tamano_empresa_empleados,ratio,media_ponderada_volumen,"ratio R.5 de la CBI; tamano segun la Recomendacion 2003/361/CE. dato del ejercicio, no del anterior"
Espana,empresas_cb,Margen de explotacion | Medianas,7.9000,pct_ingresos,2018,"Banco de Espana, Central de Balances Integrada",https://datos.bde.es/datos/es/datasets/000/016.html,2026-09-18,,,tamano_empresa_empleados,ratio,media_ponderada_volumen,"ratio R.5 de la CBI; tamano segun la Recomendacion 2003/361/CE. dato del ejercicio, no del anterior"
Espana,empresas_cb,Margen de explotacion | Medianas,7.8000,pct_ingresos,2019,"Banco de Espana, Central de Balances Integrada",https://datos.bde.es/datos/es/datasets/000/016.html,2026-09-18,,,tamano_empresa_empleados,ratio,media_ponderada_volumen,"ratio R.5 de la CBI; tamano segun la Recomendacion 2003/361/CE. dato del ejercicio, no del anterior"
Espana,empresas_cb,Margen de explotacion | Medianas,7.2000,pct_ingresos,2020,"Banco de Espana, Central de Balances Integrada",https://datos.bde.es/datos/es/datasets/000/016.html,2026-09-18,,,tamano_empresa_empleados,ratio,media_ponderada_volumen,"ratio R.5 de la CBI; tamano segun la Recomendacion 2003/361/CE. dato del ejercicio, no del anterior"
Espana,empresas_cb,Margen de explotacion | Medianas,7.8000,pct_ingresos,2021,"Banco de Espana, Central de Balances Integrada",https://datos.bde.es/datos/es/datasets/000/016.html,2026-09-18,,,tamano_empresa_empleados,ratio,media_ponderada_volumen,"ratio R.5 de la CBI; tamano segun la Recomendacion 2003/361/CE. dato del ejercicio, no del anterior"
Espana,empresas_cb,Margen de explotacion | Medianas,8.3000,pct_ingresos,2022,"Banco de Espana, Central de Balances Integrada",https://datos.bde.es/datos/es/datasets/000/016.html,2026-09-18,,,tamano_empresa_empleados,ratio,media_ponderada_volumen,"ratio R.5 de la CBI; tamano segun la Recomendacion 2003/361/CE. dato del ejercicio, no del anterior"
Espana,empresas_cb,Margen de explotacion | Medianas,9.4000,pct_ingresos,2023,"Banco de Espana, Central de Balances Integrada",https://datos.bde.es/datos/es/datasets/000/016.html,2026-09-18,,,tamano_empresa_empleados,ratio,media_ponderada_volumen,"ratio R.5 de la CBI; tamano segun la Recomendacion 2003/361/CE. dato del ejercicio, no del anterior"
Espana,empresas_cb,Margen de explotacion | Medianas,9.7000,pct_ingresos,2024,"Banco de Espana, Central de Balances Integrada",https://datos.bde.es/datos/es/datasets/000/016.html,2026-09-18,,,tamano_empresa_empleados,ratio,media_ponderada_volumen,"ratio R.5 de la CBI; tamano segun la Recomendacion 2003/361/CE. dato del ejercicio, no del anterior"
Espana,empresas_cb,Margen de explotacion | Grandes,14.1000,pct_ingresos,1997,"Banco de Espana, Central de Balances Integrada",https://datos.bde.es/datos/es/datasets/000/016.html,2026-09-18,,,tamano_empresa_empleados,ratio,media_ponderada_volumen,"ratio R.5 de la CBI; tamano segun la Recomendacion 2003/361/CE. dato del ejercicio, no del anterior"
Espana,empresas_cb,Margen de explotacion | Grandes,14.0000,pct_ingresos,1998,"Banco de Espana, Central de Balances Integrada",https://datos.bde.es/datos/es/datasets/000/016.html,2026-09-18,,,tamano_empresa_empleados,ratio,media_ponderada_volumen,"ratio R.5 de la CBI; tamano segun la Recomendacion 2003/361/CE. dato del ejercicio, no del anterior"
Espana,empresas_cb,Margen de explotacion | Grandes,13.2000,pct_ingresos,1999,"Banco de Espana, Central de Balances Integrada",https://datos.bde.es/datos/es/datasets/000/016.html,2026-09-18,,,tamano_empresa_empleados,ratio,media_ponderada_volumen,"ratio R.5 de la CBI; tamano segun la Recomendacion 2003/361/CE. dato del ejercicio, no del anterior"
Espana,empresas_cb,Margen de explotacion | Grandes,12.1000,pct_ingresos,2000,"Banco de Espana, Central de Balances Integrada",https://datos.bde.es/datos/es/datasets/000/016.html,2026-09-18,,,tamano_empresa_empleados,ratio,media_ponderada_volumen,"ratio R.5 de la CBI; tamano segun la Recomendacion 2003/361/CE. dato del ejercicio, no del anterior"
Espana,empresas_cb,Margen de explotacion | Grandes,12.2000,pct_ingresos,2001,"Banco de Espana, Central de Balances Integrada",https://datos.bde.es/datos/es/datasets/000/016.html,2026-09-18,,,tamano_empresa_empleados,ratio,media_ponderada_volumen,"ratio R.5 de la CBI; tamano segun la Recomendacion 2003/361/CE. dato del ejercicio, no del anterior"
Espana,empresas_cb,Margen de explotacion | Grandes,12.3000,pct_ingresos,2002,"Banco de Espana, Central de Balances Integrada",https://datos.bde.es/datos/es/datasets/000/016.html,2026-09-18,,,tamano_empresa_empleados,ratio,media_ponderada_volumen,"ratio R.5 de la CBI; tamano segun la Recomendacion 2003/361/CE. dato del ejercicio, no del anterior"
Espana,empresas_cb,Margen de explotacion | Grandes,12.2000,pct_ingresos,2003,"Banco de Espana, Central de Balances Integrada",https://datos.bde.es/datos/es/datasets/000/016.html,2026-09-18,,,tamano_empresa_empleados,ratio,media_ponderada_volumen,"ratio R.5 de la CBI; tamano segun la Recomendacion 2003/361/CE. dato del ejercicio, no del anterior"
Espana,empresas_cb,Margen de explotacion | Grandes,12.2000,pct_ingresos,2004,"Banco de Espana, Central de Balances Integrada",https://datos.bde.es/datos/es/datasets/000/016.html,2026-09-18,,,tamano_empresa_empleados,ratio,media_ponderada_volumen,"ratio R.5 de la CBI; tamano segun la Recomendacion 2003/361/CE. dato del ejercicio, no del anterior"
Espana,empresas_cb,Margen de explotacion | Grandes,11.2000,pct_ingresos,2005,"Banco de Espana, Central de Balances Integrada",https://datos.bde.es/datos/es/datasets/000/016.html,2026-09-18,,,tamano_empresa_empleados,ratio,media_ponderada_volumen,"ratio R.5 de la CBI; tamano segun la Recomendacion 2003/361/CE. dato del ejercicio, no del anterior"
Espana,empresas_cb,Margen de explotacion | Grandes,11.1000,pct_ingresos,2006,"Banco de Espana, Central de Balances Integrada",https://datos.bde.es/datos/es/datasets/000/016.html,2026-09-18,,,tamano_empresa_empleados,ratio,media_ponderada_volumen,"ratio R.5 de la CBI; tamano segun la Recomendacion 2003/361/CE. dato del ejercicio, no del anterior"
Espana,empresas_cb,Margen de explotacion | Grandes,11.1000,pct_ingresos,2007,"Banco de Espana, Central de Balances Integrada",https://datos.bde.es/datos/es/datasets/000/016.html,2026-09-18,,,tamano_empresa_empleados,ratio,media_ponderada_volumen,"ratio R.5 de la CBI; tamano segun la Recomendacion 2003/361/CE. dato del ejercicio, no del anterior"
Espana,empresas_cb,Margen de explotacion | Grandes,9.9000,pct_ingresos,2008,"Banco de Espana, Central de Balances Integrada",https://datos.bde.es/datos/es/datasets/000/016.html,2026-09-18,,,tamano_empresa_empleados,ratio,media_ponderada_volumen,"ratio R.5 de la CBI; tamano segun la Recomendacion 2003/361/CE. dato del ejercicio, no del anterior"
Espana,empresas_cb,Margen de explotacion | Grandes,9.8000,pct_ingresos,2009,"Banco de Espana, Central de Balances Integrada",https://datos.bde.es/datos/es/datasets/000/016.html,2026-09-18,,,tamano_empresa_empleados,ratio,media_ponderada_volumen,"ratio R.5 de la CBI; tamano segun la Recomendacion 2003/361/CE. dato del ejercicio, no del anterior"
Espana,empresas_cb,Margen de explotacion | Grandes,9.7000,pct_ingresos,2010,"Banco de Espana, Central de Balances Integrada",https://datos.bde.es/datos/es/datasets/000/016.html,2026-09-18,,,tamano_empresa_empleados,ratio,media_ponderada_volumen,"ratio R.5 de la CBI; tamano segun la Recomendacion 2003/361/CE. dato del ejercicio, no del anterior"
Espana,empresas_cb,Margen de explotacion | Grandes,9.0000,pct_ingresos,2011,"Banco de Espana, Central de Balances Integrada",https://datos.bde.es/datos/es/datasets/000/016.html,2026-09-18,,,tamano_empresa_empleados,ratio,media_ponderada_volumen,"ratio R.5 de la CBI; tamano segun la Recomendacion 2003/361/CE. dato del ejercicio, no del anterior"
Espana,empresas_cb,Margen de explotacion | Grandes,8.7000,pct_ingresos,2012,"Banco de Espana, Central de Balances Integrada",https://datos.bde.es/datos/es/datasets/000/016.html,2026-09-18,,,tamano_empresa_empleados,ratio,media_ponderada_volumen,"ratio R.5 de la CBI; tamano segun la Recomendacion 2003/361/CE. dato del ejercicio, no del anterior"
Espana,empresas_cb,Margen de explotacion | Grandes,8.4000,pct_ingresos,2013,"Banco de Espana, Central de Balances Integrada",https://datos.bde.es/datos/es/datasets/000/016.html,2026-09-18,,,tamano_empresa_empleados,ratio,media_ponderada_volumen,"ratio R.5 de la CBI; tamano segun la Recomendacion 2003/361/CE. dato del ejercicio, no del anterior"
Espana,empresas_cb,Margen de explotacion | Grandes,8.2000,pct_ingresos,2014,"Banco de Espana, Central de Balances Integrada",https://datos.bde.es/datos/es/datasets/000/016.html,2026-09-18,,,tamano_empresa_empleados,ratio,media_ponderada_volumen,"ratio R.5 de la CBI; tamano segun la Recomendacion 2003/361/CE. dato del ejercicio, no del anterior"
Espana,empresas_cb,Margen de explotacion | Grandes,9.1000,pct_ingresos,2015,"Banco de Espana, Central de Balances Integrada",https://datos.bde.es/datos/es/datasets/000/016.html,2026-09-18,,,tamano_empresa_empleados,ratio,media_ponderada_volumen,"ratio R.5 de la CBI; tamano segun la Recomendacion 2003/361/CE. dato del ejercicio, no del anterior"
Espana,empresas_cb,Margen de explotacion | Grandes,9.9000,pct_ingresos,2016,"Banco de Espana, Central de Balances Integrada",https://datos.bde.es/datos/es/datasets/000/016.html,2026-09-18,,,tamano_empresa_empleados,ratio,media_ponderada_volumen,"ratio R.5 de la CBI; tamano segun la Recomendacion 2003/361/CE. dato del ejercicio, no del anterior"
Espana,empresas_cb,Margen de explotacion | Grandes,9.7000,pct_ingresos,2017,"Banco de Espana, Central de Balances Integrada",https://datos.bde.es/datos/es/datasets/000/016.html,2026-09-18,,,tamano_empresa_empleados,ratio,media_ponderada_volumen,"ratio R.5 de la CBI; tamano segun la Recomendacion 2003/361/CE. dato del ejercicio, no del anterior"
Espana,empresas_cb,Margen de explotacion | Grandes,9.1000,pct_ingresos,2018,"Banco de Espana, Central de Balances Integrada",https://datos.bde.es/datos/es/datasets/000/016.html,2026-09-18,,,tamano_empresa_empleados,ratio,media_ponderada_volumen,"ratio R.5 de la CBI; tamano segun la Recomendacion 2003/361/CE. dato del ejercicio, no del anterior"
Espana,empresas_cb,Margen de explotacion | Grandes,9.3000,pct_ingresos,2019,"Banco de Espana, Central de Balances Integrada",https://datos.bde.es/datos/es/datasets/000/016.html,2026-09-18,,,tamano_empresa_empleados,ratio,media_ponderada_volumen,"ratio R.5 de la CBI; tamano segun la Recomendacion 2003/361/CE. dato del ejercicio, no del anterior"
Espana,empresas_cb,Margen de explotacion | Grandes,7.6000,pct_ingresos,2020,"Banco de Espana, Central de Balances Integrada",https://datos.bde.es/datos/es/datasets/000/016.html,2026-09-18,,,tamano_empresa_empleados,ratio,media_ponderada_volumen,"ratio R.5 de la CBI; tamano segun la Recomendacion 2003/361/CE. dato del ejercicio, no del anterior"
Espana,empresas_cb,Margen de explotacion | Grandes,8.4000,pct_ingresos,2021,"Banco de Espana, Central de Balances Integrada",https://datos.bde.es/datos/es/datasets/000/016.html,2026-09-18,,,tamano_empresa_empleados,ratio,media_ponderada_volumen,"ratio R.5 de la CBI; tamano segun la Recomendacion 2003/361/CE. dato del ejercicio, no del anterior"
Espana,empresas_cb,Margen de explotacion | Grandes,8.8000,pct_ingresos,2022,"Banco de Espana, Central de Balances Integrada",https://datos.bde.es/datos/es/datasets/000/016.html,2026-09-18,,,tamano_empresa_empleados,ratio,media_ponderada_volumen,"ratio R.5 de la CBI; tamano segun la Recomendacion 2003/361/CE. dato del ejercicio, no del anterior"
Espana,empresas_cb,Margen de explotacion | Grandes,9.7000,pct_ingresos,2023,"Banco de Espana, Central de Balances Integrada",https://datos.bde.es/datos/es/datasets/000/016.html,2026-09-18,,,tamano_empresa_empleados,ratio,media_ponderada_volumen,"ratio R.5 de la CBI; tamano segun la Recomendacion 2003/361/CE. dato del ejercicio, no del anterior"
Espana,empresas_cb,Margen de explotacion | Grandes,10.2000,pct_ingresos,2024,"Banco de Espana, Central de Balances Integrada",https://datos.bde.es/datos/es/datasets/000/016.html,2026-09-18,,,tamano_empresa_empleados,ratio,media_ponderada_volumen,"ratio R.5 de la CBI; tamano segun la Recomendacion 2003/361/CE. dato del ejercicio, no del anterior"
Espana,empresas_cb,Margen de explotacion | Total,12.2000,pct_ingresos,1997,"Banco de Espana, Central de Balances Integrada",https://datos.bde.es/datos/es/datasets/000/016.html,2026-09-18,,,tamano_empresa_empleados,ratio,media_ponderada_volumen,"ratio R.5 de la CBI; tamano segun la Recomendacion 2003/361/CE. dato del ejercicio, no del anterior"
Espana,empresas_cb,Margen de explotacion | Total,12.2000,pct_ingresos,1998,"Banco de Espana, Central de Balances Integrada",https://datos.bde.es/datos/es/datasets/000/016.html,2026-09-18,,,tamano_empresa_empleados,ratio,media_ponderada_volumen,"ratio R.5 de la CBI; tamano segun la Recomendacion 2003/361/CE. dato del ejercicio, no del anterior"
Espana,empresas_cb,Margen de explotacion | Total,11.7000,pct_ingresos,1999,"Banco de Espana, Central de Balances Integrada",https://datos.bde.es/datos/es/datasets/000/016.html,2026-09-18,,,tamano_empresa_empleados,ratio,media_ponderada_volumen,"ratio R.5 de la CBI; tamano segun la Recomendacion 2003/361/CE. dato del ejercicio, no del anterior"
Espana,empresas_cb,Margen de explotacion | Total,10.8000,pct_ingresos,2000,"Banco de Espana, Central de Balances Integrada",https://datos.bde.es/datos/es/datasets/000/016.html,2026-09-18,,,tamano_empresa_empleados,ratio,media_ponderada_volumen,"ratio R.5 de la CBI; tamano segun la Recomendacion 2003/361/CE. dato del ejercicio, no del anterior"
Espana,empresas_cb,Margen de explotacion | Total,10.8000,pct_ingresos,2001,"Banco de Espana, Central de Balances Integrada",https://datos.bde.es/datos/es/datasets/000/016.html,2026-09-18,,,tamano_empresa_empleados,ratio,media_ponderada_volumen,"ratio R.5 de la CBI; tamano segun la Recomendacion 2003/361/CE. dato del ejercicio, no del anterior"
Espana,empresas_cb,Margen de explotacion | Total,10.7000,pct_ingresos,2002,"Banco de Espana, Central de Balances Integrada",https://datos.bde.es/datos/es/datasets/000/016.html,2026-09-18,,,tamano_empresa_empleados,ratio,media_ponderada_volumen,"ratio R.5 de la CBI; tamano segun la Recomendacion 2003/361/CE. dato del ejercicio, no del anterior"
Espana,empresas_cb,Margen de explotacion | Total,10.6000,pct_ingresos,2003,"Banco de Espana, Central de Balances Integrada",https://datos.bde.es/datos/es/datasets/000/016.html,2026-09-18,,,tamano_empresa_empleados,ratio,media_ponderada_volumen,"ratio R.5 de la CBI; tamano segun la Recomendacion 2003/361/CE. dato del ejercicio, no del anterior"
Espana,empresas_cb,Margen de explotacion | Total,10.6000,pct_ingresos,2004,"Banco de Espana, Central de Balances Integrada",https://datos.bde.es/datos/es/datasets/000/016.html,2026-09-18,,,tamano_empresa_empleados,ratio,media_ponderada_volumen,"ratio R.5 de la CBI; tamano segun la Recomendacion 2003/361/CE. dato del ejercicio, no del anterior"
Espana,empresas_cb,Margen de explotacion | Total,9.9000,pct_ingresos,2005,"Banco de Espana, Central de Balances Integrada",https://datos.bde.es/datos/es/datasets/000/016.html,2026-09-18,,,tamano_empresa_empleados,ratio,media_ponderada_volumen,"ratio R.5 de la CBI; tamano segun la Recomendacion 2003/361/CE. dato del ejercicio, no del anterior"
Espana,empresas_cb,Margen de explotacion | Total,10.0000,pct_ingresos,2006,"Banco de Espana, Central de Balances Integrada",https://datos.bde.es/datos/es/datasets/000/016.html,2026-09-18,,,tamano_empresa_empleados,ratio,media_ponderada_volumen,"ratio R.5 de la CBI; tamano segun la Recomendacion 2003/361/CE. dato del ejercicio, no del anterior"
Espana,empresas_cb,Margen de explotacion | Total,10.1000,pct_ingresos,2007,"Banco de Espana, Central de Balances Integrada",https://datos.bde.es/datos/es/datasets/000/016.html,2026-09-18,,,tamano_empresa_empleados,ratio,media_ponderada_volumen,"ratio R.5 de la CBI; tamano segun la Recomendacion 2003/361/CE. dato del ejercicio, no del anterior"
Espana,empresas_cb,Margen de explotacion | Total,8.9000,pct_ingresos,2008,"Banco de Espana, Central de Balances Integrada",https://datos.bde.es/datos/es/datasets/000/016.html,2026-09-18,,,tamano_empresa_empleados,ratio,media_ponderada_volumen,"ratio R.5 de la CBI; tamano segun la Recomendacion 2003/361/CE. dato del ejercicio, no del anterior"
Espana,empresas_cb,Margen de explotacion | Total,8.5000,pct_ingresos,2009,"Banco de Espana, Central de Balances Integrada",https://datos.bde.es/datos/es/datasets/000/016.html,2026-09-18,,,tamano_empresa_empleados,ratio,media_ponderada_volumen,"ratio R.5 de la CBI; tamano segun la Recomendacion 2003/361/CE. dato del ejercicio, no del anterior"
Espana,empresas_cb,Margen de explotacion | Total,8.3000,pct_ingresos,2010,"Banco de Espana, Central de Balances Integrada",https://datos.bde.es/datos/es/datasets/000/016.html,2026-09-18,,,tamano_empresa_empleados,ratio,media_ponderada_volumen,"ratio R.5 de la CBI; tamano segun la Recomendacion 2003/361/CE. dato del ejercicio, no del anterior"
Espana,empresas_cb,Margen de explotacion | Total,7.7000,pct_ingresos,2011,"Banco de Espana, Central de Balances Integrada",https://datos.bde.es/datos/es/datasets/000/016.html,2026-09-18,,,tamano_empresa_empleados,ratio,media_ponderada_volumen,"ratio R.5 de la CBI; tamano segun la Recomendacion 2003/361/CE. dato del ejercicio, no del anterior"
Espana,empresas_cb,Margen de explotacion | Total,7.5000,pct_ingresos,2012,"Banco de Espana, Central de Balances Integrada",https://datos.bde.es/datos/es/datasets/000/016.html,2026-09-18,,,tamano_empresa_empleados,ratio,media_ponderada_volumen,"ratio R.5 de la CBI; tamano segun la Recomendacion 2003/361/CE. dato del ejercicio, no del anterior"
Espana,empresas_cb,Margen de explotacion | Total,7.4000,pct_ingresos,2013,"Banco de Espana, Central de Balances Integrada",https://datos.bde.es/datos/es/datasets/000/016.html,2026-09-18,,,tamano_empresa_empleados,ratio,media_ponderada_volumen,"ratio R.5 de la CBI; tamano segun la Recomendacion 2003/361/CE. dato del ejercicio, no del anterior"
Espana,empresas_cb,Margen de explotacion | Total,7.6000,pct_ingresos,2014,"Banco de Espana, Central de Balances Integrada",https://datos.bde.es/datos/es/datasets/000/016.html,2026-09-18,,,tamano_empresa_empleados,ratio,media_ponderada_volumen,"ratio R.5 de la CBI; tamano segun la Recomendacion 2003/361/CE. dato del ejercicio, no del anterior"
Espana,empresas_cb,Margen de explotacion | Total,8.4000,pct_ingresos,2015,"Banco de Espana, Central de Balances Integrada",https://datos.bde.es/datos/es/datasets/000/016.html,2026-09-18,,,tamano_empresa_empleados,ratio,media_ponderada_volumen,"ratio R.5 de la CBI; tamano segun la Recomendacion 2003/361/CE. dato del ejercicio, no del anterior"
Espana,empresas_cb,Margen de explotacion | Total,9.1000,pct_ingresos,2016,"Banco de Espana, Central de Balances Integrada",https://datos.bde.es/datos/es/datasets/000/016.html,2026-09-18,,,tamano_empresa_empleados,ratio,media_ponderada_volumen,"ratio R.5 de la CBI; tamano segun la Recomendacion 2003/361/CE. dato del ejercicio, no del anterior"
Espana,empresas_cb,Margen de explotacion | Total,9.1000,pct_ingresos,2017,"Banco de Espana, Central de Balances Integrada",https://datos.bde.es/datos/es/datasets/000/016.html,2026-09-18,,,tamano_empresa_empleados,ratio,media_ponderada_volumen,"ratio R.5 de la CBI; tamano segun la Recomendacion 2003/361/CE. dato del ejercicio, no del anterior"
Espana,empresas_cb,Margen de explotacion | Total,8.6000,pct_ingresos,2018,"Banco de Espana, Central de Balances Integrada",https://datos.bde.es/datos/es/datasets/000/016.html,2026-09-18,,,tamano_empresa_empleados,ratio,media_ponderada_volumen,"ratio R.5 de la CBI; tamano segun la Recomendacion 2003/361/CE. dato del ejercicio, no del anterior"
Espana,empresas_cb,Margen de explotacion | Total,8.8000,pct_ingresos,2019,"Banco de Espana, Central de Balances Integrada",https://datos.bde.es/datos/es/datasets/000/016.html,2026-09-18,,,tamano_empresa_empleados,ratio,media_ponderada_volumen,"ratio R.5 de la CBI; tamano segun la Recomendacion 2003/361/CE. dato del ejercicio, no del anterior"
Espana,empresas_cb,Margen de explotacion | Total,7.4000,pct_ingresos,2020,"Banco de Espana, Central de Balances Integrada",https://datos.bde.es/datos/es/datasets/000/016.html,2026-09-18,,,tamano_empresa_empleados,ratio,media_ponderada_volumen,"ratio R.5 de la CBI; tamano segun la Recomendacion 2003/361/CE. dato del ejercicio, no del anterior"
Espana,empresas_cb,Margen de explotacion | Total,8.3000,pct_ingresos,2021,"Banco de Espana, Central de Balances Integrada",https://datos.bde.es/datos/es/datasets/000/016.html,2026-09-18,,,tamano_empresa_empleados,ratio,media_ponderada_volumen,"ratio R.5 de la CBI; tamano segun la Recomendacion 2003/361/CE. dato del ejercicio, no del anterior"
Espana,empresas_cb,Margen de explotacion | Total,8.7000,pct_ingresos,2022,"Banco de Espana, Central de Balances Integrada",https://datos.bde.es/datos/es/datasets/000/016.html,2026-09-18,,,tamano_empresa_empleados,ratio,media_ponderada_volumen,"ratio R.5 de la CBI; tamano segun la Recomendacion 2003/361/CE. dato del ejercicio, no del anterior"
Espana,empresas_cb,Margen de explotacion | Total,9.6000,pct_ingresos,2023,"Banco de Espana, Central de Balances Integrada",https://datos.bde.es/datos/es/datasets/000/016.html,2026-09-18,,,tamano_empresa_empleados,ratio,media_ponderada_volumen,"ratio R.5 de la CBI; tamano segun la Recomendacion 2003/361/CE. dato del ejercicio, no del anterior"
Espana,empresas_cb,Margen de explotacion | Total,10.0000,pct_ingresos,2024,"Banco de Espana, Central de Balances Integrada",https://datos.bde.es/datos/es/datasets/000/016.html,2026-09-18,,,tamano_empresa_empleados,ratio,media_ponderada_volumen,"ratio R.5 de la CBI; tamano segun la Recomendacion 2003/361/CE. dato del ejercicio, no del anterior"
