pais,producto,metrica,valor,unidad,periodo_referencia,fuente,url,fecha_publicacion,tramo_importe,plazo_fijacion,criterio_segmentacion,tipo_de_dato,ponderacion,notas
Alemania,agregado_sector_bancario,Ratio de NPE (instrumentos de deuda),1.1894,pct_cartera,2024-Q1,"EBA, Risk Dashboard (anexo de datos)",https://www.eba.europa.eu/risk-and-data-analysis/risk-analysis/risk-monitoring/risk-dashboard,2026-09-16,,,n/a,ratio,media_ponderada_volumen,"indicador AQT_3.1; muestra de bancos del EBA, consolidado de grupo, no de segmento"
Espana,agregado_sector_bancario,Ratio de NPE (instrumentos de deuda),2.4746,pct_cartera,2024-Q1,"EBA, Risk Dashboard (anexo de datos)",https://www.eba.europa.eu/risk-and-data-analysis/risk-analysis/risk-monitoring/risk-dashboard,2026-09-16,,,n/a,ratio,media_ponderada_volumen,"indicador AQT_3.1; muestra de bancos del EBA, consolidado de grupo, no de segmento"
Union Europea,agregado_sector_bancario,Ratio de NPE (instrumentos de deuda),1.6346,pct_cartera,2024-Q1,"EBA, Risk Dashboard (anexo de datos)",https://www.eba.europa.eu/risk-and-data-analysis/risk-analysis/risk-monitoring/risk-dashboard,2026-09-16,,,n/a,ratio,media_ponderada_volumen,"indicador AQT_3.1; muestra de bancos del EBA, consolidado de grupo, no de segmento"
Francia,agregado_sector_bancario,Ratio de NPE (instrumentos de deuda),1.8295,pct_cartera,2024-Q1,"EBA, Risk Dashboard (anexo de datos)",https://www.eba.europa.eu/risk-and-data-analysis/risk-analysis/risk-monitoring/risk-dashboard,2026-09-16,,,n/a,ratio,media_ponderada_volumen,"indicador AQT_3.1; muestra de bancos del EBA, consolidado de grupo, no de segmento"
Irlanda,agregado_sector_bancario,Ratio de NPE (instrumentos de deuda),1.3796,pct_cartera,2024-Q1,"EBA, Risk Dashboard (anexo de datos)",https://www.eba.europa.eu/risk-and-data-analysis/risk-analysis/risk-monitoring/risk-dashboard,2026-09-16,,,n/a,ratio,media_ponderada_volumen,"indicador AQT_3.1; muestra de bancos del EBA, consolidado de grupo, no de segmento"
Italia,agregado_sector_bancario,Ratio de NPE (instrumentos de deuda),1.8554,pct_cartera,2024-Q1,"EBA, Risk Dashboard (anexo de datos)",https://www.eba.europa.eu/risk-and-data-analysis/risk-analysis/risk-monitoring/risk-dashboard,2026-09-16,,,n/a,ratio,media_ponderada_volumen,"indicador AQT_3.1; muestra de bancos del EBA, consolidado de grupo, no de segmento"
Paises Bajos,agregado_sector_bancario,Ratio de NPE (instrumentos de deuda),1.2411,pct_cartera,2024-Q1,"EBA, Risk Dashboard (anexo de datos)",https://www.eba.europa.eu/risk-and-data-analysis/risk-analysis/risk-monitoring/risk-dashboard,2026-09-16,,,n/a,ratio,media_ponderada_volumen,"indicador AQT_3.1; muestra de bancos del EBA, consolidado de grupo, no de segmento"
Portugal,agregado_sector_bancario,Ratio de NPE (instrumentos de deuda),2.0061,pct_cartera,2024-Q1,"EBA, Risk Dashboard (anexo de datos)",https://www.eba.europa.eu/risk-and-data-analysis/risk-analysis/risk-monitoring/risk-dashboard,2026-09-16,,,n/a,ratio,media_ponderada_volumen,"indicador AQT_3.1; muestra de bancos del EBA, consolidado de grupo, no de segmento"
Alemania,agregado_sector_bancario,Ratio de NPL (prestamos y anticipos),1.3205,pct_cartera,2024-Q1,"EBA, Risk Dashboard (anexo de datos)",https://www.eba.europa.eu/risk-and-data-analysis/risk-analysis/risk-monitoring/risk-dashboard,2026-09-16,,,n/a,ratio,media_ponderada_volumen,"indicador AQT_3.2; muestra de bancos del EBA, consolidado de grupo, no de segmento"
Espana,agregado_sector_bancario,Ratio de NPL (prestamos y anticipos),2.8578,pct_cartera,2024-Q1,"EBA, Risk Dashboard (anexo de datos)",https://www.eba.europa.eu/risk-and-data-analysis/risk-analysis/risk-monitoring/risk-dashboard,2026-09-16,,,n/a,ratio,media_ponderada_volumen,"indicador AQT_3.2; muestra de bancos del EBA, consolidado de grupo, no de segmento"
Union Europea,agregado_sector_bancario,Ratio de NPL (prestamos y anticipos),1.8573,pct_cartera,2024-Q1,"EBA, Risk Dashboard (anexo de datos)",https://www.eba.europa.eu/risk-and-data-analysis/risk-analysis/risk-monitoring/risk-dashboard,2026-09-16,,,n/a,ratio,media_ponderada_volumen,"indicador AQT_3.2; muestra de bancos del EBA, consolidado de grupo, no de segmento"
Francia,agregado_sector_bancario,Ratio de NPL (prestamos y anticipos),1.9963,pct_cartera,2024-Q1,"EBA, Risk Dashboard (anexo de datos)",https://www.eba.europa.eu/risk-and-data-analysis/risk-analysis/risk-monitoring/risk-dashboard,2026-09-16,,,n/a,ratio,media_ponderada_volumen,"indicador AQT_3.2; muestra de bancos del EBA, consolidado de grupo, no de segmento"
Irlanda,agregado_sector_bancario,Ratio de NPL (prestamos y anticipos),1.5857,pct_cartera,2024-Q1,"EBA, Risk Dashboard (anexo de datos)",https://www.eba.europa.eu/risk-and-data-analysis/risk-analysis/risk-monitoring/risk-dashboard,2026-09-16,,,n/a,ratio,media_ponderada_volumen,"indicador AQT_3.2; muestra de bancos del EBA, consolidado de grupo, no de segmento"
Italia,agregado_sector_bancario,Ratio de NPL (prestamos y anticipos),2.4353,pct_cartera,2024-Q1,"EBA, Risk Dashboard (anexo de datos)",https://www.eba.europa.eu/risk-and-data-analysis/risk-analysis/risk-monitoring/risk-dashboard,2026-09-16,,,n/a,ratio,media_ponderada_volumen,"indicador AQT_3.2; muestra de bancos del EBA, consolidado de grupo, no de segmento"
Paises Bajos,agregado_sector_bancario,Ratio de NPL (prestamos y anticipos),1.3599,pct_cartera,2024-Q1,"EBA, Risk Dashboard (anexo de datos)",https://www.eba.europa.eu/risk-and-data-analysis/risk-analysis/risk-monitoring/risk-dashboard,2026-09-16,,,n/a,ratio,media_ponderada_volumen,"indicador AQT_3.2; muestra de bancos del EBA, consolidado de grupo, no de segmento"
Portugal,agregado_sector_bancario,Ratio de NPL (prestamos y anticipos),2.4773,pct_cartera,2024-Q1,"EBA, Risk Dashboard (anexo de datos)",https://www.eba.europa.eu/risk-and-data-analysis/risk-analysis/risk-monitoring/risk-dashboard,2026-09-16,,,n/a,ratio,media_ponderada_volumen,"indicador AQT_3.2; muestra de bancos del EBA, consolidado de grupo, no de segmento"
Alemania,agregado_sector_bancario,Ratio de cobertura de NPL,32.0185,pct_cartera,2024-Q1,"EBA, Risk Dashboard (anexo de datos)",https://www.eba.europa.eu/risk-and-data-analysis/risk-analysis/risk-monitoring/risk-dashboard,2026-09-16,,,n/a,ratio,media_ponderada_volumen,"indicador AQT_41.2; muestra de bancos del EBA, consolidado de grupo, no de segmento"
Espana,agregado_sector_bancario,Ratio de cobertura de NPL,43.0531,pct_cartera,2024-Q1,"EBA, Risk Dashboard (anexo de datos)",https://www.eba.europa.eu/risk-and-data-analysis/risk-analysis/risk-monitoring/risk-dashboard,2026-09-16,,,n/a,ratio,media_ponderada_volumen,"indicador AQT_41.2; muestra de bancos del EBA, consolidado de grupo, no de segmento"
Union Europea,agregado_sector_bancario,Ratio de cobertura de NPL,41.6351,pct_cartera,2024-Q1,"EBA, Risk Dashboard (anexo de datos)",https://www.eba.europa.eu/risk-and-data-analysis/risk-analysis/risk-monitoring/risk-dashboard,2026-09-16,,,n/a,ratio,media_ponderada_volumen,"indicador AQT_41.2; muestra de bancos del EBA, consolidado de grupo, no de segmento"
Francia,agregado_sector_bancario,Ratio de cobertura de NPL,44.4816,pct_cartera,2024-Q1,"EBA, Risk Dashboard (anexo de datos)",https://www.eba.europa.eu/risk-and-data-analysis/risk-analysis/risk-monitoring/risk-dashboard,2026-09-16,,,n/a,ratio,media_ponderada_volumen,"indicador AQT_41.2; muestra de bancos del EBA, consolidado de grupo, no de segmento"
Irlanda,agregado_sector_bancario,Ratio de cobertura de NPL,30.9581,pct_cartera,2024-Q1,"EBA, Risk Dashboard (anexo de datos)",https://www.eba.europa.eu/risk-and-data-analysis/risk-analysis/risk-monitoring/risk-dashboard,2026-09-16,,,n/a,ratio,media_ponderada_volumen,"indicador AQT_41.2; muestra de bancos del EBA, consolidado de grupo, no de segmento"
Italia,agregado_sector_bancario,Ratio de cobertura de NPL,53.3597,pct_cartera,2024-Q1,"EBA, Risk Dashboard (anexo de datos)",https://www.eba.europa.eu/risk-and-data-analysis/risk-analysis/risk-monitoring/risk-dashboard,2026-09-16,,,n/a,ratio,media_ponderada_volumen,"indicador AQT_41.2; muestra de bancos del EBA, consolidado de grupo, no de segmento"
Paises Bajos,agregado_sector_bancario,Ratio de cobertura de NPL,26.3019,pct_cartera,2024-Q1,"EBA, Risk Dashboard (anexo de datos)",https://www.eba.europa.eu/risk-and-data-analysis/risk-analysis/risk-monitoring/risk-dashboard,2026-09-16,,,n/a,ratio,media_ponderada_volumen,"indicador AQT_41.2; muestra de bancos del EBA, consolidado de grupo, no de segmento"
Portugal,agregado_sector_bancario,Ratio de cobertura de NPL,58.1310,pct_cartera,2024-Q1,"EBA, Risk Dashboard (anexo de datos)",https://www.eba.europa.eu/risk-and-data-analysis/risk-analysis/risk-monitoring/risk-dashboard,2026-09-16,,,n/a,ratio,media_ponderada_volumen,"indicador AQT_41.2; muestra de bancos del EBA, consolidado de grupo, no de segmento"
Alemania,agregado_sector_bancario,Ratio de refinanciaciones (forbearance),1.3935,pct_cartera,2024-Q1,"EBA, Risk Dashboard (anexo de datos)",https://www.eba.europa.eu/risk-and-data-analysis/risk-analysis/risk-monitoring/risk-dashboard,2026-09-16,,,n/a,ratio,media_ponderada_volumen,"indicador AQT_42.2; muestra de bancos del EBA, consolidado de grupo, no de segmento"
Espana,agregado_sector_bancario,Ratio de refinanciaciones (forbearance),2.3122,pct_cartera,2024-Q1,"EBA, Risk Dashboard (anexo de datos)",https://www.eba.europa.eu/risk-and-data-analysis/risk-analysis/risk-monitoring/risk-dashboard,2026-09-16,,,n/a,ratio,media_ponderada_volumen,"indicador AQT_42.2; muestra de bancos del EBA, consolidado de grupo, no de segmento"
Union Europea,agregado_sector_bancario,Ratio de refinanciaciones (forbearance),1.4127,pct_cartera,2024-Q1,"EBA, Risk Dashboard (anexo de datos)",https://www.eba.europa.eu/risk-and-data-analysis/risk-analysis/risk-monitoring/risk-dashboard,2026-09-16,,,n/a,ratio,media_ponderada_volumen,"indicador AQT_42.2; muestra de bancos del EBA, consolidado de grupo, no de segmento"
Francia,agregado_sector_bancario,Ratio de refinanciaciones (forbearance),0.9781,pct_cartera,2024-Q1,"EBA, Risk Dashboard (anexo de datos)",https://www.eba.europa.eu/risk-and-data-analysis/risk-analysis/risk-monitoring/risk-dashboard,2026-09-16,,,n/a,ratio,media_ponderada_volumen,"indicador AQT_42.2; muestra de bancos del EBA, consolidado de grupo, no de segmento"
Irlanda,agregado_sector_bancario,Ratio de refinanciaciones (forbearance),1.7808,pct_cartera,2024-Q1,"EBA, Risk Dashboard (anexo de datos)",https://www.eba.europa.eu/risk-and-data-analysis/risk-analysis/risk-monitoring/risk-dashboard,2026-09-16,,,n/a,ratio,media_ponderada_volumen,"indicador AQT_42.2; muestra de bancos del EBA, consolidado de grupo, no de segmento"
Italia,agregado_sector_bancario,Ratio de refinanciaciones (forbearance),1.8895,pct_cartera,2024-Q1,"EBA, Risk Dashboard (anexo de datos)",https://www.eba.europa.eu/risk-and-data-analysis/risk-analysis/risk-monitoring/risk-dashboard,2026-09-16,,,n/a,ratio,media_ponderada_volumen,"indicador AQT_42.2; muestra de bancos del EBA, consolidado de grupo, no de segmento"
Paises Bajos,agregado_sector_bancario,Ratio de refinanciaciones (forbearance),1.4568,pct_cartera,2024-Q1,"EBA, Risk Dashboard (anexo de datos)",https://www.eba.europa.eu/risk-and-data-analysis/risk-analysis/risk-monitoring/risk-dashboard,2026-09-16,,,n/a,ratio,media_ponderada_volumen,"indicador AQT_42.2; muestra de bancos del EBA, consolidado de grupo, no de segmento"
Portugal,agregado_sector_bancario,Ratio de refinanciaciones (forbearance),2.5228,pct_cartera,2024-Q1,"EBA, Risk Dashboard (anexo de datos)",https://www.eba.europa.eu/risk-and-data-analysis/risk-analysis/risk-monitoring/risk-dashboard,2026-09-16,,,n/a,ratio,media_ponderada_volumen,"indicador AQT_42.2; muestra de bancos del EBA, consolidado de grupo, no de segmento"
Alemania,agregado_sector_bancario,ROE,7.4778,pct_roe,2024-Q1,"EBA, Risk Dashboard (anexo de datos)",https://www.eba.europa.eu/risk-and-data-analysis/risk-analysis/risk-monitoring/risk-dashboard,2026-09-16,,,n/a,ratio,media_ponderada_volumen,"indicador PFT_21; muestra de bancos del EBA, consolidado de grupo, no de segmento"
Espana,agregado_sector_bancario,ROE,12.4278,pct_roe,2024-Q1,"EBA, Risk Dashboard (anexo de datos)",https://www.eba.europa.eu/risk-and-data-analysis/risk-analysis/risk-monitoring/risk-dashboard,2026-09-16,,,n/a,ratio,media_ponderada_volumen,"indicador PFT_21; muestra de bancos del EBA, consolidado de grupo, no de segmento"
Union Europea,agregado_sector_bancario,ROE,10.5814,pct_roe,2024-Q1,"EBA, Risk Dashboard (anexo de datos)",https://www.eba.europa.eu/risk-and-data-analysis/risk-analysis/risk-monitoring/risk-dashboard,2026-09-16,,,n/a,ratio,media_ponderada_volumen,"indicador PFT_21; muestra de bancos del EBA, consolidado de grupo, no de segmento"
Francia,agregado_sector_bancario,ROE,6.2960,pct_roe,2024-Q1,"EBA, Risk Dashboard (anexo de datos)",https://www.eba.europa.eu/risk-and-data-analysis/risk-analysis/risk-monitoring/risk-dashboard,2026-09-16,,,n/a,ratio,media_ponderada_volumen,"indicador PFT_21; muestra de bancos del EBA, consolidado de grupo, no de segmento"
Irlanda,agregado_sector_bancario,ROE,11.6756,pct_roe,2024-Q1,"EBA, Risk Dashboard (anexo de datos)",https://www.eba.europa.eu/risk-and-data-analysis/risk-analysis/risk-monitoring/risk-dashboard,2026-09-16,,,n/a,ratio,media_ponderada_volumen,"indicador PFT_21; muestra de bancos del EBA, consolidado de grupo, no de segmento"
Italia,agregado_sector_bancario,ROE,15.0369,pct_roe,2024-Q1,"EBA, Risk Dashboard (anexo de datos)",https://www.eba.europa.eu/risk-and-data-analysis/risk-analysis/risk-monitoring/risk-dashboard,2026-09-16,,,n/a,ratio,media_ponderada_volumen,"indicador PFT_21; muestra de bancos del EBA, consolidado de grupo, no de segmento"
Paises Bajos,agregado_sector_bancario,ROE,11.6927,pct_roe,2024-Q1,"EBA, Risk Dashboard (anexo de datos)",https://www.eba.europa.eu/risk-and-data-analysis/risk-analysis/risk-monitoring/risk-dashboard,2026-09-16,,,n/a,ratio,media_ponderada_volumen,"indicador PFT_21; muestra de bancos del EBA, consolidado de grupo, no de segmento"
Portugal,agregado_sector_bancario,ROE,17.4431,pct_roe,2024-Q1,"EBA, Risk Dashboard (anexo de datos)",https://www.eba.europa.eu/risk-and-data-analysis/risk-analysis/risk-monitoring/risk-dashboard,2026-09-16,,,n/a,ratio,media_ponderada_volumen,"indicador PFT_21; muestra de bancos del EBA, consolidado de grupo, no de segmento"
Alemania,agregado_sector_bancario,Ratio de eficiencia (cost-to-income),57.8296,pct_ingresos,2024-Q1,"EBA, Risk Dashboard (anexo de datos)",https://www.eba.europa.eu/risk-and-data-analysis/risk-analysis/risk-monitoring/risk-dashboard,2026-09-16,,,n/a,ratio,media_ponderada_volumen,"indicador PFT_23; muestra de bancos del EBA, consolidado de grupo, no de segmento"
Espana,agregado_sector_bancario,Ratio de eficiencia (cost-to-income),44.3631,pct_ingresos,2024-Q1,"EBA, Risk Dashboard (anexo de datos)",https://www.eba.europa.eu/risk-and-data-analysis/risk-analysis/risk-monitoring/risk-dashboard,2026-09-16,,,n/a,ratio,media_ponderada_volumen,"indicador PFT_23; muestra de bancos del EBA, consolidado de grupo, no de segmento"
Union Europea,agregado_sector_bancario,Ratio de eficiencia (cost-to-income),52.4039,pct_ingresos,2024-Q1,"EBA, Risk Dashboard (anexo de datos)",https://www.eba.europa.eu/risk-and-data-analysis/risk-analysis/risk-monitoring/risk-dashboard,2026-09-16,,,n/a,ratio,media_ponderada_volumen,"indicador PFT_23; muestra de bancos del EBA, consolidado de grupo, no de segmento"
Francia,agregado_sector_bancario,Ratio de eficiencia (cost-to-income),69.7123,pct_ingresos,2024-Q1,"EBA, Risk Dashboard (anexo de datos)",https://www.eba.europa.eu/risk-and-data-analysis/risk-analysis/risk-monitoring/risk-dashboard,2026-09-16,,,n/a,ratio,media_ponderada_volumen,"indicador PFT_23; muestra de bancos del EBA, consolidado de grupo, no de segmento"
Irlanda,agregado_sector_bancario,Ratio de eficiencia (cost-to-income),48.8548,pct_ingresos,2024-Q1,"EBA, Risk Dashboard (anexo de datos)",https://www.eba.europa.eu/risk-and-data-analysis/risk-analysis/risk-monitoring/risk-dashboard,2026-09-16,,,n/a,ratio,media_ponderada_volumen,"indicador PFT_23; muestra de bancos del EBA, consolidado de grupo, no de segmento"
Italia,agregado_sector_bancario,Ratio de eficiencia (cost-to-income),45.6895,pct_ingresos,2024-Q1,"EBA, Risk Dashboard (anexo de datos)",https://www.eba.europa.eu/risk-and-data-analysis/risk-analysis/risk-monitoring/risk-dashboard,2026-09-16,,,n/a,ratio,media_ponderada_volumen,"indicador PFT_23; muestra de bancos del EBA, consolidado de grupo, no de segmento"
Paises Bajos,agregado_sector_bancario,Ratio de eficiencia (cost-to-income),50.8948,pct_ingresos,2024-Q1,"EBA, Risk Dashboard (anexo de datos)",https://www.eba.europa.eu/risk-and-data-analysis/risk-analysis/risk-monitoring/risk-dashboard,2026-09-16,,,n/a,ratio,media_ponderada_volumen,"indicador PFT_23; muestra de bancos del EBA, consolidado de grupo, no de segmento"
Portugal,agregado_sector_bancario,Ratio de eficiencia (cost-to-income),31.6866,pct_ingresos,2024-Q1,"EBA, Risk Dashboard (anexo de datos)",https://www.eba.europa.eu/risk-and-data-analysis/risk-analysis/risk-monitoring/risk-dashboard,2026-09-16,,,n/a,ratio,media_ponderada_volumen,"indicador PFT_23; muestra de bancos del EBA, consolidado de grupo, no de segmento"
Alemania,agregado_sector_bancario,Margen de intereses sobre ingresos operativos,52.9944,pct_ingresos,2024-Q1,"EBA, Risk Dashboard (anexo de datos)",https://www.eba.europa.eu/risk-and-data-analysis/risk-analysis/risk-monitoring/risk-dashboard,2026-09-16,,,n/a,ratio,media_ponderada_volumen,"indicador PFT_25; muestra de bancos del EBA, consolidado de grupo, no de segmento"
Espana,agregado_sector_bancario,Margen de intereses sobre ingresos operativos,81.0907,pct_ingresos,2024-Q1,"EBA, Risk Dashboard (anexo de datos)",https://www.eba.europa.eu/risk-and-data-analysis/risk-analysis/risk-monitoring/risk-dashboard,2026-09-16,,,n/a,ratio,media_ponderada_volumen,"indicador PFT_25; muestra de bancos del EBA, consolidado de grupo, no de segmento"
Union Europea,agregado_sector_bancario,Margen de intereses sobre ingresos operativos,62.3044,pct_ingresos,2024-Q1,"EBA, Risk Dashboard (anexo de datos)",https://www.eba.europa.eu/risk-and-data-analysis/risk-analysis/risk-monitoring/risk-dashboard,2026-09-16,,,n/a,ratio,media_ponderada_volumen,"indicador PFT_25; muestra de bancos del EBA, consolidado de grupo, no de segmento"
Francia,agregado_sector_bancario,Margen de intereses sobre ingresos operativos,41.1463,pct_ingresos,2024-Q1,"EBA, Risk Dashboard (anexo de datos)",https://www.eba.europa.eu/risk-and-data-analysis/risk-analysis/risk-monitoring/risk-dashboard,2026-09-16,,,n/a,ratio,media_ponderada_volumen,"indicador PFT_25; muestra de bancos del EBA, consolidado de grupo, no de segmento"
Irlanda,agregado_sector_bancario,Margen de intereses sobre ingresos operativos,72.3080,pct_ingresos,2024-Q1,"EBA, Risk Dashboard (anexo de datos)",https://www.eba.europa.eu/risk-and-data-analysis/risk-analysis/risk-monitoring/risk-dashboard,2026-09-16,,,n/a,ratio,media_ponderada_volumen,"indicador PFT_25; muestra de bancos del EBA, consolidado de grupo, no de segmento"
Italia,agregado_sector_bancario,Margen de intereses sobre ingresos operativos,59.3518,pct_ingresos,2024-Q1,"EBA, Risk Dashboard (anexo de datos)",https://www.eba.europa.eu/risk-and-data-analysis/risk-analysis/risk-monitoring/risk-dashboard,2026-09-16,,,n/a,ratio,media_ponderada_volumen,"indicador PFT_25; muestra de bancos del EBA, consolidado de grupo, no de segmento"
Paises Bajos,agregado_sector_bancario,Margen de intereses sobre ingresos operativos,70.1502,pct_ingresos,2024-Q1,"EBA, Risk Dashboard (anexo de datos)",https://www.eba.europa.eu/risk-and-data-analysis/risk-analysis/risk-monitoring/risk-dashboard,2026-09-16,,,n/a,ratio,media_ponderada_volumen,"indicador PFT_25; muestra de bancos del EBA, consolidado de grupo, no de segmento"
Portugal,agregado_sector_bancario,Margen de intereses sobre ingresos operativos,79.2584,pct_ingresos,2024-Q1,"EBA, Risk Dashboard (anexo de datos)",https://www.eba.europa.eu/risk-and-data-analysis/risk-analysis/risk-monitoring/risk-dashboard,2026-09-16,,,n/a,ratio,media_ponderada_volumen,"indicador PFT_25; muestra de bancos del EBA, consolidado de grupo, no de segmento"
Alemania,agregado_sector_bancario,Comisiones netas sobre ingresos operativos,30.5490,pct_ingresos,2024-Q1,"EBA, Risk Dashboard (anexo de datos)",https://www.eba.europa.eu/risk-and-data-analysis/risk-analysis/risk-monitoring/risk-dashboard,2026-09-16,,,n/a,ratio,media_ponderada_volumen,"indicador PFT_26; muestra de bancos del EBA, consolidado de grupo, no de segmento"
Espana,agregado_sector_bancario,Comisiones netas sobre ingresos operativos,23.8716,pct_ingresos,2024-Q1,"EBA, Risk Dashboard (anexo de datos)",https://www.eba.europa.eu/risk-and-data-analysis/risk-analysis/risk-monitoring/risk-dashboard,2026-09-16,,,n/a,ratio,media_ponderada_volumen,"indicador PFT_26; muestra de bancos del EBA, consolidado de grupo, no de segmento"
Union Europea,agregado_sector_bancario,Comisiones netas sobre ingresos operativos,27.8948,pct_ingresos,2024-Q1,"EBA, Risk Dashboard (anexo de datos)",https://www.eba.europa.eu/risk-and-data-analysis/risk-analysis/risk-monitoring/risk-dashboard,2026-09-16,,,n/a,ratio,media_ponderada_volumen,"indicador PFT_26; muestra de bancos del EBA, consolidado de grupo, no de segmento"
Francia,agregado_sector_bancario,Comisiones netas sobre ingresos operativos,37.0369,pct_ingresos,2024-Q1,"EBA, Risk Dashboard (anexo de datos)",https://www.eba.europa.eu/risk-and-data-analysis/risk-analysis/risk-monitoring/risk-dashboard,2026-09-16,,,n/a,ratio,media_ponderada_volumen,"indicador PFT_26; muestra de bancos del EBA, consolidado de grupo, no de segmento"
Irlanda,agregado_sector_bancario,Comisiones netas sobre ingresos operativos,17.2876,pct_ingresos,2024-Q1,"EBA, Risk Dashboard (anexo de datos)",https://www.eba.europa.eu/risk-and-data-analysis/risk-analysis/risk-monitoring/risk-dashboard,2026-09-16,,,n/a,ratio,media_ponderada_volumen,"indicador PFT_26; muestra de bancos del EBA, consolidado de grupo, no de segmento"
Italia,agregado_sector_bancario,Comisiones netas sobre ingresos operativos,31.3085,pct_ingresos,2024-Q1,"EBA, Risk Dashboard (anexo de datos)",https://www.eba.europa.eu/risk-and-data-analysis/risk-analysis/risk-monitoring/risk-dashboard,2026-09-16,,,n/a,ratio,media_ponderada_volumen,"indicador PFT_26; muestra de bancos del EBA, consolidado de grupo, no de segmento"
Paises Bajos,agregado_sector_bancario,Comisiones netas sobre ingresos operativos,16.8207,pct_ingresos,2024-Q1,"EBA, Risk Dashboard (anexo de datos)",https://www.eba.europa.eu/risk-and-data-analysis/risk-analysis/risk-monitoring/risk-dashboard,2026-09-16,,,n/a,ratio,media_ponderada_volumen,"indicador PFT_26; muestra de bancos del EBA, consolidado de grupo, no de segmento"
Portugal,agregado_sector_bancario,Comisiones netas sobre ingresos operativos,19.6836,pct_ingresos,2024-Q1,"EBA, Risk Dashboard (anexo de datos)",https://www.eba.europa.eu/risk-and-data-analysis/risk-analysis/risk-monitoring/risk-dashboard,2026-09-16,,,n/a,ratio,media_ponderada_volumen,"indicador PFT_26; muestra de bancos del EBA, consolidado de grupo, no de segmento"
Alemania,agregado_sector_bancario,Margen de intereses (NIM),1.1725,pct_activos,2024-Q1,"EBA, Risk Dashboard (anexo de datos)",https://www.eba.europa.eu/risk-and-data-analysis/risk-analysis/risk-monitoring/risk-dashboard,2026-09-16,,,n/a,ratio,media_ponderada_volumen,"indicador PFT_41; muestra de bancos del EBA, consolidado de grupo, no de segmento"
Espana,agregado_sector_bancario,Margen de intereses (NIM),2.8946,pct_activos,2024-Q1,"EBA, Risk Dashboard (anexo de datos)",https://www.eba.europa.eu/risk-and-data-analysis/risk-analysis/risk-monitoring/risk-dashboard,2026-09-16,,,n/a,ratio,media_ponderada_volumen,"indicador PFT_41; muestra de bancos del EBA, consolidado de grupo, no de segmento"
Union Europea,agregado_sector_bancario,Margen de intereses (NIM),1.6921,pct_activos,2024-Q1,"EBA, Risk Dashboard (anexo de datos)",https://www.eba.europa.eu/risk-and-data-analysis/risk-analysis/risk-monitoring/risk-dashboard,2026-09-16,,,n/a,ratio,media_ponderada_volumen,"indicador PFT_41; muestra de bancos del EBA, consolidado de grupo, no de segmento"
Francia,agregado_sector_bancario,Margen de intereses (NIM),0.8804,pct_activos,2024-Q1,"EBA, Risk Dashboard (anexo de datos)",https://www.eba.europa.eu/risk-and-data-analysis/risk-analysis/risk-monitoring/risk-dashboard,2026-09-16,,,n/a,ratio,media_ponderada_volumen,"indicador PFT_41; muestra de bancos del EBA, consolidado de grupo, no de segmento"
Irlanda,agregado_sector_bancario,Margen de intereses (NIM),2.8278,pct_activos,2024-Q1,"EBA, Risk Dashboard (anexo de datos)",https://www.eba.europa.eu/risk-and-data-analysis/risk-analysis/risk-monitoring/risk-dashboard,2026-09-16,,,n/a,ratio,media_ponderada_volumen,"indicador PFT_41; muestra de bancos del EBA, consolidado de grupo, no de segmento"
Italia,agregado_sector_bancario,Margen de intereses (NIM),2.2858,pct_activos,2024-Q1,"EBA, Risk Dashboard (anexo de datos)",https://www.eba.europa.eu/risk-and-data-analysis/risk-analysis/risk-monitoring/risk-dashboard,2026-09-16,,,n/a,ratio,media_ponderada_volumen,"indicador PFT_41; muestra de bancos del EBA, consolidado de grupo, no de segmento"
Paises Bajos,agregado_sector_bancario,Margen de intereses (NIM),1.6650,pct_activos,2024-Q1,"EBA, Risk Dashboard (anexo de datos)",https://www.eba.europa.eu/risk-and-data-analysis/risk-analysis/risk-monitoring/risk-dashboard,2026-09-16,,,n/a,ratio,media_ponderada_volumen,"indicador PFT_41; muestra de bancos del EBA, consolidado de grupo, no de segmento"
Portugal,agregado_sector_bancario,Margen de intereses (NIM),3.1209,pct_activos,2024-Q1,"EBA, Risk Dashboard (anexo de datos)",https://www.eba.europa.eu/risk-and-data-analysis/risk-analysis/risk-monitoring/risk-dashboard,2026-09-16,,,n/a,ratio,media_ponderada_volumen,"indicador PFT_41; muestra de bancos del EBA, consolidado de grupo, no de segmento"
Alemania,agregado_sector_bancario,Coste del riesgo,0.6185,pct_cartera,2024-Q1,"EBA, Risk Dashboard (anexo de datos)",https://www.eba.europa.eu/risk-and-data-analysis/risk-analysis/risk-monitoring/risk-dashboard,2026-09-16,,,n/a,ratio,media_ponderada_volumen,"indicador PFT_43; muestra de bancos del EBA, consolidado de grupo, no de segmento"
Espana,agregado_sector_bancario,Coste del riesgo,1.1539,pct_cartera,2024-Q1,"EBA, Risk Dashboard (anexo de datos)",https://www.eba.europa.eu/risk-and-data-analysis/risk-analysis/risk-monitoring/risk-dashboard,2026-09-16,,,n/a,ratio,media_ponderada_volumen,"indicador PFT_43; muestra de bancos del EBA, consolidado de grupo, no de segmento"
Union Europea,agregado_sector_bancario,Coste del riesgo,0.5576,pct_cartera,2024-Q1,"EBA, Risk Dashboard (anexo de datos)",https://www.eba.europa.eu/risk-and-data-analysis/risk-analysis/risk-monitoring/risk-dashboard,2026-09-16,,,n/a,ratio,media_ponderada_volumen,"indicador PFT_43; muestra de bancos del EBA, consolidado de grupo, no de segmento"
Francia,agregado_sector_bancario,Coste del riesgo,0.6115,pct_cartera,2024-Q1,"EBA, Risk Dashboard (anexo de datos)",https://www.eba.europa.eu/risk-and-data-analysis/risk-analysis/risk-monitoring/risk-dashboard,2026-09-16,,,n/a,ratio,media_ponderada_volumen,"indicador PFT_43; muestra de bancos del EBA, consolidado de grupo, no de segmento"
Irlanda,agregado_sector_bancario,Coste del riesgo,0.4081,pct_cartera,2024-Q1,"EBA, Risk Dashboard (anexo de datos)",https://www.eba.europa.eu/risk-and-data-analysis/risk-analysis/risk-monitoring/risk-dashboard,2026-09-16,,,n/a,ratio,media_ponderada_volumen,"indicador PFT_43; muestra de bancos del EBA, consolidado de grupo, no de segmento"
Italia,agregado_sector_bancario,Coste del riesgo,0.2762,pct_cartera,2024-Q1,"EBA, Risk Dashboard (anexo de datos)",https://www.eba.europa.eu/risk-and-data-analysis/risk-analysis/risk-monitoring/risk-dashboard,2026-09-16,,,n/a,ratio,media_ponderada_volumen,"indicador PFT_43; muestra de bancos del EBA, consolidado de grupo, no de segmento"
Paises Bajos,agregado_sector_bancario,Coste del riesgo,0.1463,pct_cartera,2024-Q1,"EBA, Risk Dashboard (anexo de datos)",https://www.eba.europa.eu/risk-and-data-analysis/risk-analysis/risk-monitoring/risk-dashboard,2026-09-16,,,n/a,ratio,media_ponderada_volumen,"indicador PFT_43; muestra de bancos del EBA, consolidado de grupo, no de segmento"
Portugal,agregado_sector_bancario,Coste del riesgo,0.4404,pct_cartera,2024-Q1,"EBA, Risk Dashboard (anexo de datos)",https://www.eba.europa.eu/risk-and-data-analysis/risk-analysis/risk-monitoring/risk-dashboard,2026-09-16,,,n/a,ratio,media_ponderada_volumen,"indicador PFT_43; muestra de bancos del EBA, consolidado de grupo, no de segmento"
Alemania,agregado_sector_bancario,Ratio de apalancamiento,5.5023,pct_activos,2024-Q1,"EBA, Risk Dashboard (anexo de datos)",https://www.eba.europa.eu/risk-and-data-analysis/risk-analysis/risk-monitoring/risk-dashboard,2026-09-16,,,n/a,ratio,media_ponderada_volumen,"indicador SVC_13; muestra de bancos del EBA, consolidado de grupo, no de segmento"
Espana,agregado_sector_bancario,Ratio de apalancamiento,5.4293,pct_activos,2024-Q1,"EBA, Risk Dashboard (anexo de datos)",https://www.eba.europa.eu/risk-and-data-analysis/risk-analysis/risk-monitoring/risk-dashboard,2026-09-16,,,n/a,ratio,media_ponderada_volumen,"indicador SVC_13; muestra de bancos del EBA, consolidado de grupo, no de segmento"
Union Europea,agregado_sector_bancario,Ratio de apalancamiento,5.7533,pct_activos,2024-Q1,"EBA, Risk Dashboard (anexo de datos)",https://www.eba.europa.eu/risk-and-data-analysis/risk-analysis/risk-monitoring/risk-dashboard,2026-09-16,,,n/a,ratio,media_ponderada_volumen,"indicador SVC_13; muestra de bancos del EBA, consolidado de grupo, no de segmento"
Francia,agregado_sector_bancario,Ratio de apalancamiento,5.3357,pct_activos,2024-Q1,"EBA, Risk Dashboard (anexo de datos)",https://www.eba.europa.eu/risk-and-data-analysis/risk-analysis/risk-monitoring/risk-dashboard,2026-09-16,,,n/a,ratio,media_ponderada_volumen,"indicador SVC_13; muestra de bancos del EBA, consolidado de grupo, no de segmento"
Irlanda,agregado_sector_bancario,Ratio de apalancamiento,8.3264,pct_activos,2024-Q1,"EBA, Risk Dashboard (anexo de datos)",https://www.eba.europa.eu/risk-and-data-analysis/risk-analysis/risk-monitoring/risk-dashboard,2026-09-16,,,n/a,ratio,media_ponderada_volumen,"indicador SVC_13; muestra de bancos del EBA, consolidado de grupo, no de segmento"
Italia,agregado_sector_bancario,Ratio de apalancamiento,6.0739,pct_activos,2024-Q1,"EBA, Risk Dashboard (anexo de datos)",https://www.eba.europa.eu/risk-and-data-analysis/risk-analysis/risk-monitoring/risk-dashboard,2026-09-16,,,n/a,ratio,media_ponderada_volumen,"indicador SVC_13; muestra de bancos del EBA, consolidado de grupo, no de segmento"
Paises Bajos,agregado_sector_bancario,Ratio de apalancamiento,5.6770,pct_activos,2024-Q1,"EBA, Risk Dashboard (anexo de datos)",https://www.eba.europa.eu/risk-and-data-analysis/risk-analysis/risk-monitoring/risk-dashboard,2026-09-16,,,n/a,ratio,media_ponderada_volumen,"indicador SVC_13; muestra de bancos del EBA, consolidado de grupo, no de segmento"
Portugal,agregado_sector_bancario,Ratio de apalancamiento,6.7927,pct_activos,2024-Q1,"EBA, Risk Dashboard (anexo de datos)",https://www.eba.europa.eu/risk-and-data-analysis/risk-analysis/risk-monitoring/risk-dashboard,2026-09-16,,,n/a,ratio,media_ponderada_volumen,"indicador SVC_13; muestra de bancos del EBA, consolidado de grupo, no de segmento"
Alemania,agregado_sector_bancario,Ratio CET1,16.4622,pct_rwa,2024-Q1,"EBA, Risk Dashboard (anexo de datos)",https://www.eba.europa.eu/risk-and-data-analysis/risk-analysis/risk-monitoring/risk-dashboard,2026-09-16,,,n/a,ratio,media_ponderada_volumen,"indicador SVC_3; muestra de bancos del EBA, consolidado de grupo, no de segmento"
Espana,agregado_sector_bancario,Ratio CET1,12.6610,pct_rwa,2024-Q1,"EBA, Risk Dashboard (anexo de datos)",https://www.eba.europa.eu/risk-and-data-analysis/risk-analysis/risk-monitoring/risk-dashboard,2026-09-16,,,n/a,ratio,media_ponderada_volumen,"indicador SVC_3; muestra de bancos del EBA, consolidado de grupo, no de segmento"
Union Europea,agregado_sector_bancario,Ratio CET1,16.0029,pct_rwa,2024-Q1,"EBA, Risk Dashboard (anexo de datos)",https://www.eba.europa.eu/risk-and-data-analysis/risk-analysis/risk-monitoring/risk-dashboard,2026-09-16,,,n/a,ratio,media_ponderada_volumen,"indicador SVC_3; muestra de bancos del EBA, consolidado de grupo, no de segmento"
Francia,agregado_sector_bancario,Ratio CET1,15.9118,pct_rwa,2024-Q1,"EBA, Risk Dashboard (anexo de datos)",https://www.eba.europa.eu/risk-and-data-analysis/risk-analysis/risk-monitoring/risk-dashboard,2026-09-16,,,n/a,ratio,media_ponderada_volumen,"indicador SVC_3; muestra de bancos del EBA, consolidado de grupo, no de segmento"
Irlanda,agregado_sector_bancario,Ratio CET1,19.6531,pct_rwa,2024-Q1,"EBA, Risk Dashboard (anexo de datos)",https://www.eba.europa.eu/risk-and-data-analysis/risk-analysis/risk-monitoring/risk-dashboard,2026-09-16,,,n/a,ratio,media_ponderada_volumen,"indicador SVC_3; muestra de bancos del EBA, consolidado de grupo, no de segmento"
Italia,agregado_sector_bancario,Ratio CET1,15.9297,pct_rwa,2024-Q1,"EBA, Risk Dashboard (anexo de datos)",https://www.eba.europa.eu/risk-and-data-analysis/risk-analysis/risk-monitoring/risk-dashboard,2026-09-16,,,n/a,ratio,media_ponderada_volumen,"indicador SVC_3; muestra de bancos del EBA, consolidado de grupo, no de segmento"
Paises Bajos,agregado_sector_bancario,Ratio CET1,15.5108,pct_rwa,2024-Q1,"EBA, Risk Dashboard (anexo de datos)",https://www.eba.europa.eu/risk-and-data-analysis/risk-analysis/risk-monitoring/risk-dashboard,2026-09-16,,,n/a,ratio,media_ponderada_volumen,"indicador SVC_3; muestra de bancos del EBA, consolidado de grupo, no de segmento"
Portugal,agregado_sector_bancario,Ratio CET1,16.9331,pct_rwa,2024-Q1,"EBA, Risk Dashboard (anexo de datos)",https://www.eba.europa.eu/risk-and-data-analysis/risk-analysis/risk-monitoring/risk-dashboard,2026-09-16,,,n/a,ratio,media_ponderada_volumen,"indicador SVC_3; muestra de bancos del EBA, consolidado de grupo, no de segmento"
Alemania,agregado_sector_bancario,Ratio de NPE (instrumentos de deuda),1.2310,pct_cartera,2024-Q2,"EBA, Risk Dashboard (anexo de datos)",https://www.eba.europa.eu/risk-and-data-analysis/risk-analysis/risk-monitoring/risk-dashboard,2026-09-16,,,n/a,ratio,media_ponderada_volumen,"indicador AQT_3.1; muestra de bancos del EBA, consolidado de grupo, no de segmento"
Espana,agregado_sector_bancario,Ratio de NPE (instrumentos de deuda),2.4072,pct_cartera,2024-Q2,"EBA, Risk Dashboard (anexo de datos)",https://www.eba.europa.eu/risk-and-data-analysis/risk-analysis/risk-monitoring/risk-dashboard,2026-09-16,,,n/a,ratio,media_ponderada_volumen,"indicador AQT_3.1; muestra de bancos del EBA, consolidado de grupo, no de segmento"
Union Europea,agregado_sector_bancario,Ratio de NPE (instrumentos de deuda),1.6376,pct_cartera,2024-Q2,"EBA, Risk Dashboard (anexo de datos)",https://www.eba.europa.eu/risk-and-data-analysis/risk-analysis/risk-monitoring/risk-dashboard,2026-09-16,,,n/a,ratio,media_ponderada_volumen,"indicador AQT_3.1; muestra de bancos del EBA, consolidado de grupo, no de segmento"
Francia,agregado_sector_bancario,Ratio de NPE (instrumentos de deuda),1.8553,pct_cartera,2024-Q2,"EBA, Risk Dashboard (anexo de datos)",https://www.eba.europa.eu/risk-and-data-analysis/risk-analysis/risk-monitoring/risk-dashboard,2026-09-16,,,n/a,ratio,media_ponderada_volumen,"indicador AQT_3.1; muestra de bancos del EBA, consolidado de grupo, no de segmento"
Irlanda,agregado_sector_bancario,Ratio de NPE (instrumentos de deuda),1.3161,pct_cartera,2024-Q2,"EBA, Risk Dashboard (anexo de datos)",https://www.eba.europa.eu/risk-and-data-analysis/risk-analysis/risk-monitoring/risk-dashboard,2026-09-16,,,n/a,ratio,media_ponderada_volumen,"indicador AQT_3.1; muestra de bancos del EBA, consolidado de grupo, no de segmento"
Italia,agregado_sector_bancario,Ratio de NPE (instrumentos de deuda),1.8320,pct_cartera,2024-Q2,"EBA, Risk Dashboard (anexo de datos)",https://www.eba.europa.eu/risk-and-data-analysis/risk-analysis/risk-monitoring/risk-dashboard,2026-09-16,,,n/a,ratio,media_ponderada_volumen,"indicador AQT_3.1; muestra de bancos del EBA, consolidado de grupo, no de segmento"
Paises Bajos,agregado_sector_bancario,Ratio de NPE (instrumentos de deuda),1.2916,pct_cartera,2024-Q2,"EBA, Risk Dashboard (anexo de datos)",https://www.eba.europa.eu/risk-and-data-analysis/risk-analysis/risk-monitoring/risk-dashboard,2026-09-16,,,n/a,ratio,media_ponderada_volumen,"indicador AQT_3.1; muestra de bancos del EBA, consolidado de grupo, no de segmento"
Portugal,agregado_sector_bancario,Ratio de NPE (instrumentos de deuda),1.9193,pct_cartera,2024-Q2,"EBA, Risk Dashboard (anexo de datos)",https://www.eba.europa.eu/risk-and-data-analysis/risk-analysis/risk-monitoring/risk-dashboard,2026-09-16,,,n/a,ratio,media_ponderada_volumen,"indicador AQT_3.1; muestra de bancos del EBA, consolidado de grupo, no de segmento"
Alemania,agregado_sector_bancario,Ratio de NPL (prestamos y anticipos),1.3673,pct_cartera,2024-Q2,"EBA, Risk Dashboard (anexo de datos)",https://www.eba.europa.eu/risk-and-data-analysis/risk-analysis/risk-monitoring/risk-dashboard,2026-09-16,,,n/a,ratio,media_ponderada_volumen,"indicador AQT_3.2; muestra de bancos del EBA, consolidado de grupo, no de segmento"
Espana,agregado_sector_bancario,Ratio de NPL (prestamos y anticipos),2.7876,pct_cartera,2024-Q2,"EBA, Risk Dashboard (anexo de datos)",https://www.eba.europa.eu/risk-and-data-analysis/risk-analysis/risk-monitoring/risk-dashboard,2026-09-16,,,n/a,ratio,media_ponderada_volumen,"indicador AQT_3.2; muestra de bancos del EBA, consolidado de grupo, no de segmento"
Union Europea,agregado_sector_bancario,Ratio de NPL (prestamos y anticipos),1.8636,pct_cartera,2024-Q2,"EBA, Risk Dashboard (anexo de datos)",https://www.eba.europa.eu/risk-and-data-analysis/risk-analysis/risk-monitoring/risk-dashboard,2026-09-16,,,n/a,ratio,media_ponderada_volumen,"indicador AQT_3.2; muestra de bancos del EBA, consolidado de grupo, no de segmento"
Francia,agregado_sector_bancario,Ratio de NPL (prestamos y anticipos),2.0320,pct_cartera,2024-Q2,"EBA, Risk Dashboard (anexo de datos)",https://www.eba.europa.eu/risk-and-data-analysis/risk-analysis/risk-monitoring/risk-dashboard,2026-09-16,,,n/a,ratio,media_ponderada_volumen,"indicador AQT_3.2; muestra de bancos del EBA, consolidado de grupo, no de segmento"
Irlanda,agregado_sector_bancario,Ratio de NPL (prestamos y anticipos),1.5121,pct_cartera,2024-Q2,"EBA, Risk Dashboard (anexo de datos)",https://www.eba.europa.eu/risk-and-data-analysis/risk-analysis/risk-monitoring/risk-dashboard,2026-09-16,,,n/a,ratio,media_ponderada_volumen,"indicador AQT_3.2; muestra de bancos del EBA, consolidado de grupo, no de segmento"
Italia,agregado_sector_bancario,Ratio de NPL (prestamos y anticipos),2.4075,pct_cartera,2024-Q2,"EBA, Risk Dashboard (anexo de datos)",https://www.eba.europa.eu/risk-and-data-analysis/risk-analysis/risk-monitoring/risk-dashboard,2026-09-16,,,n/a,ratio,media_ponderada_volumen,"indicador AQT_3.2; muestra de bancos del EBA, consolidado de grupo, no de segmento"
Paises Bajos,agregado_sector_bancario,Ratio de NPL (prestamos y anticipos),1.4160,pct_cartera,2024-Q2,"EBA, Risk Dashboard (anexo de datos)",https://www.eba.europa.eu/risk-and-data-analysis/risk-analysis/risk-monitoring/risk-dashboard,2026-09-16,,,n/a,ratio,media_ponderada_volumen,"indicador AQT_3.2; muestra de bancos del EBA, consolidado de grupo, no de segmento"
Portugal,agregado_sector_bancario,Ratio de NPL (prestamos y anticipos),2.4372,pct_cartera,2024-Q2,"EBA, Risk Dashboard (anexo de datos)",https://www.eba.europa.eu/risk-and-data-analysis/risk-analysis/risk-monitoring/risk-dashboard,2026-09-16,,,n/a,ratio,media_ponderada_volumen,"indicador AQT_3.2; muestra de bancos del EBA, consolidado de grupo, no de segmento"
Alemania,agregado_sector_bancario,Ratio de cobertura de NPL,32.5674,pct_cartera,2024-Q2,"EBA, Risk Dashboard (anexo de datos)",https://www.eba.europa.eu/risk-and-data-analysis/risk-analysis/risk-monitoring/risk-dashboard,2026-09-16,,,n/a,ratio,media_ponderada_volumen,"indicador AQT_41.2; muestra de bancos del EBA, consolidado de grupo, no de segmento"
Espana,agregado_sector_bancario,Ratio de cobertura de NPL,43.5923,pct_cartera,2024-Q2,"EBA, Risk Dashboard (anexo de datos)",https://www.eba.europa.eu/risk-and-data-analysis/risk-analysis/risk-monitoring/risk-dashboard,2026-09-16,,,n/a,ratio,media_ponderada_volumen,"indicador AQT_41.2; muestra de bancos del EBA, consolidado de grupo, no de segmento"
Union Europea,agregado_sector_bancario,Ratio de cobertura de NPL,41.9904,pct_cartera,2024-Q2,"EBA, Risk Dashboard (anexo de datos)",https://www.eba.europa.eu/risk-and-data-analysis/risk-analysis/risk-monitoring/risk-dashboard,2026-09-16,,,n/a,ratio,media_ponderada_volumen,"indicador AQT_41.2; muestra de bancos del EBA, consolidado de grupo, no de segmento"
Francia,agregado_sector_bancario,Ratio de cobertura de NPL,44.8318,pct_cartera,2024-Q2,"EBA, Risk Dashboard (anexo de datos)",https://www.eba.europa.eu/risk-and-data-analysis/risk-analysis/risk-monitoring/risk-dashboard,2026-09-16,,,n/a,ratio,media_ponderada_volumen,"indicador AQT_41.2; muestra de bancos del EBA, consolidado de grupo, no de segmento"
Irlanda,agregado_sector_bancario,Ratio de cobertura de NPL,31.8034,pct_cartera,2024-Q2,"EBA, Risk Dashboard (anexo de datos)",https://www.eba.europa.eu/risk-and-data-analysis/risk-analysis/risk-monitoring/risk-dashboard,2026-09-16,,,n/a,ratio,media_ponderada_volumen,"indicador AQT_41.2; muestra de bancos del EBA, consolidado de grupo, no de segmento"
Italia,agregado_sector_bancario,Ratio de cobertura de NPL,53.9781,pct_cartera,2024-Q2,"EBA, Risk Dashboard (anexo de datos)",https://www.eba.europa.eu/risk-and-data-analysis/risk-analysis/risk-monitoring/risk-dashboard,2026-09-16,,,n/a,ratio,media_ponderada_volumen,"indicador AQT_41.2; muestra de bancos del EBA, consolidado de grupo, no de segmento"
Paises Bajos,agregado_sector_bancario,Ratio de cobertura de NPL,26.5162,pct_cartera,2024-Q2,"EBA, Risk Dashboard (anexo de datos)",https://www.eba.europa.eu/risk-and-data-analysis/risk-analysis/risk-monitoring/risk-dashboard,2026-09-16,,,n/a,ratio,media_ponderada_volumen,"indicador AQT_41.2; muestra de bancos del EBA, consolidado de grupo, no de segmento"
Portugal,agregado_sector_bancario,Ratio de cobertura de NPL,58.4652,pct_cartera,2024-Q2,"EBA, Risk Dashboard (anexo de datos)",https://www.eba.europa.eu/risk-and-data-analysis/risk-analysis/risk-monitoring/risk-dashboard,2026-09-16,,,n/a,ratio,media_ponderada_volumen,"indicador AQT_41.2; muestra de bancos del EBA, consolidado de grupo, no de segmento"
Alemania,agregado_sector_bancario,Ratio de refinanciaciones (forbearance),1.4978,pct_cartera,2024-Q2,"EBA, Risk Dashboard (anexo de datos)",https://www.eba.europa.eu/risk-and-data-analysis/risk-analysis/risk-monitoring/risk-dashboard,2026-09-16,,,n/a,ratio,media_ponderada_volumen,"indicador AQT_42.2; muestra de bancos del EBA, consolidado de grupo, no de segmento"
Espana,agregado_sector_bancario,Ratio de refinanciaciones (forbearance),2.1656,pct_cartera,2024-Q2,"EBA, Risk Dashboard (anexo de datos)",https://www.eba.europa.eu/risk-and-data-analysis/risk-analysis/risk-monitoring/risk-dashboard,2026-09-16,,,n/a,ratio,media_ponderada_volumen,"indicador AQT_42.2; muestra de bancos del EBA, consolidado de grupo, no de segmento"
Union Europea,agregado_sector_bancario,Ratio de refinanciaciones (forbearance),1.4157,pct_cartera,2024-Q2,"EBA, Risk Dashboard (anexo de datos)",https://www.eba.europa.eu/risk-and-data-analysis/risk-analysis/risk-monitoring/risk-dashboard,2026-09-16,,,n/a,ratio,media_ponderada_volumen,"indicador AQT_42.2; muestra de bancos del EBA, consolidado de grupo, no de segmento"
Francia,agregado_sector_bancario,Ratio de refinanciaciones (forbearance),0.9964,pct_cartera,2024-Q2,"EBA, Risk Dashboard (anexo de datos)",https://www.eba.europa.eu/risk-and-data-analysis/risk-analysis/risk-monitoring/risk-dashboard,2026-09-16,,,n/a,ratio,media_ponderada_volumen,"indicador AQT_42.2; muestra de bancos del EBA, consolidado de grupo, no de segmento"
Irlanda,agregado_sector_bancario,Ratio de refinanciaciones (forbearance),1.8416,pct_cartera,2024-Q2,"EBA, Risk Dashboard (anexo de datos)",https://www.eba.europa.eu/risk-and-data-analysis/risk-analysis/risk-monitoring/risk-dashboard,2026-09-16,,,n/a,ratio,media_ponderada_volumen,"indicador AQT_42.2; muestra de bancos del EBA, consolidado de grupo, no de segmento"
Italia,agregado_sector_bancario,Ratio de refinanciaciones (forbearance),1.8256,pct_cartera,2024-Q2,"EBA, Risk Dashboard (anexo de datos)",https://www.eba.europa.eu/risk-and-data-analysis/risk-analysis/risk-monitoring/risk-dashboard,2026-09-16,,,n/a,ratio,media_ponderada_volumen,"indicador AQT_42.2; muestra de bancos del EBA, consolidado de grupo, no de segmento"
Paises Bajos,agregado_sector_bancario,Ratio de refinanciaciones (forbearance),1.5351,pct_cartera,2024-Q2,"EBA, Risk Dashboard (anexo de datos)",https://www.eba.europa.eu/risk-and-data-analysis/risk-analysis/risk-monitoring/risk-dashboard,2026-09-16,,,n/a,ratio,media_ponderada_volumen,"indicador AQT_42.2; muestra de bancos del EBA, consolidado de grupo, no de segmento"
Portugal,agregado_sector_bancario,Ratio de refinanciaciones (forbearance),2.4456,pct_cartera,2024-Q2,"EBA, Risk Dashboard (anexo de datos)",https://www.eba.europa.eu/risk-and-data-analysis/risk-analysis/risk-monitoring/risk-dashboard,2026-09-16,,,n/a,ratio,media_ponderada_volumen,"indicador AQT_42.2; muestra de bancos del EBA, consolidado de grupo, no de segmento"
Alemania,agregado_sector_bancario,ROE,5.8601,pct_roe,2024-Q2,"EBA, Risk Dashboard (anexo de datos)",https://www.eba.europa.eu/risk-and-data-analysis/risk-analysis/risk-monitoring/risk-dashboard,2026-09-16,,,n/a,ratio,media_ponderada_volumen,"indicador PFT_21; muestra de bancos del EBA, consolidado de grupo, no de segmento"
Espana,agregado_sector_bancario,ROE,14.1531,pct_roe,2024-Q2,"EBA, Risk Dashboard (anexo de datos)",https://www.eba.europa.eu/risk-and-data-analysis/risk-analysis/risk-monitoring/risk-dashboard,2026-09-16,,,n/a,ratio,media_ponderada_volumen,"indicador PFT_21; muestra de bancos del EBA, consolidado de grupo, no de segmento"
Union Europea,agregado_sector_bancario,ROE,10.8651,pct_roe,2024-Q2,"EBA, Risk Dashboard (anexo de datos)",https://www.eba.europa.eu/risk-and-data-analysis/risk-analysis/risk-monitoring/risk-dashboard,2026-09-16,,,n/a,ratio,media_ponderada_volumen,"indicador PFT_21; muestra de bancos del EBA, consolidado de grupo, no de segmento"
Francia,agregado_sector_bancario,ROE,6.8647,pct_roe,2024-Q2,"EBA, Risk Dashboard (anexo de datos)",https://www.eba.europa.eu/risk-and-data-analysis/risk-analysis/risk-monitoring/risk-dashboard,2026-09-16,,,n/a,ratio,media_ponderada_volumen,"indicador PFT_21; muestra de bancos del EBA, consolidado de grupo, no de segmento"
Irlanda,agregado_sector_bancario,ROE,12.9482,pct_roe,2024-Q2,"EBA, Risk Dashboard (anexo de datos)",https://www.eba.europa.eu/risk-and-data-analysis/risk-analysis/risk-monitoring/risk-dashboard,2026-09-16,,,n/a,ratio,media_ponderada_volumen,"indicador PFT_21; muestra de bancos del EBA, consolidado de grupo, no de segmento"
Italia,agregado_sector_bancario,ROE,15.5496,pct_roe,2024-Q2,"EBA, Risk Dashboard (anexo de datos)",https://www.eba.europa.eu/risk-and-data-analysis/risk-analysis/risk-monitoring/risk-dashboard,2026-09-16,,,n/a,ratio,media_ponderada_volumen,"indicador PFT_21; muestra de bancos del EBA, consolidado de grupo, no de segmento"
Paises Bajos,agregado_sector_bancario,ROE,12.2066,pct_roe,2024-Q2,"EBA, Risk Dashboard (anexo de datos)",https://www.eba.europa.eu/risk-and-data-analysis/risk-analysis/risk-monitoring/risk-dashboard,2026-09-16,,,n/a,ratio,media_ponderada_volumen,"indicador PFT_21; muestra de bancos del EBA, consolidado de grupo, no de segmento"
Portugal,agregado_sector_bancario,ROE,18.0083,pct_roe,2024-Q2,"EBA, Risk Dashboard (anexo de datos)",https://www.eba.europa.eu/risk-and-data-analysis/risk-analysis/risk-monitoring/risk-dashboard,2026-09-16,,,n/a,ratio,media_ponderada_volumen,"indicador PFT_21; muestra de bancos del EBA, consolidado de grupo, no de segmento"
Alemania,agregado_sector_bancario,Ratio de eficiencia (cost-to-income),59.1649,pct_ingresos,2024-Q2,"EBA, Risk Dashboard (anexo de datos)",https://www.eba.europa.eu/risk-and-data-analysis/risk-analysis/risk-monitoring/risk-dashboard,2026-09-16,,,n/a,ratio,media_ponderada_volumen,"indicador PFT_23; muestra de bancos del EBA, consolidado de grupo, no de segmento"
Espana,agregado_sector_bancario,Ratio de eficiencia (cost-to-income),42.2414,pct_ingresos,2024-Q2,"EBA, Risk Dashboard (anexo de datos)",https://www.eba.europa.eu/risk-and-data-analysis/risk-analysis/risk-monitoring/risk-dashboard,2026-09-16,,,n/a,ratio,media_ponderada_volumen,"indicador PFT_23; muestra de bancos del EBA, consolidado de grupo, no de segmento"
Union Europea,agregado_sector_bancario,Ratio de eficiencia (cost-to-income),51.7665,pct_ingresos,2024-Q2,"EBA, Risk Dashboard (anexo de datos)",https://www.eba.europa.eu/risk-and-data-analysis/risk-analysis/risk-monitoring/risk-dashboard,2026-09-16,,,n/a,ratio,media_ponderada_volumen,"indicador PFT_23; muestra de bancos del EBA, consolidado de grupo, no de segmento"
Francia,agregado_sector_bancario,Ratio de eficiencia (cost-to-income),67.8145,pct_ingresos,2024-Q2,"EBA, Risk Dashboard (anexo de datos)",https://www.eba.europa.eu/risk-and-data-analysis/risk-analysis/risk-monitoring/risk-dashboard,2026-09-16,,,n/a,ratio,media_ponderada_volumen,"indicador PFT_23; muestra de bancos del EBA, consolidado de grupo, no de segmento"
Irlanda,agregado_sector_bancario,Ratio de eficiencia (cost-to-income),46.8216,pct_ingresos,2024-Q2,"EBA, Risk Dashboard (anexo de datos)",https://www.eba.europa.eu/risk-and-data-analysis/risk-analysis/risk-monitoring/risk-dashboard,2026-09-16,,,n/a,ratio,media_ponderada_volumen,"indicador PFT_23; muestra de bancos del EBA, consolidado de grupo, no de segmento"
Italia,agregado_sector_bancario,Ratio de eficiencia (cost-to-income),46.5931,pct_ingresos,2024-Q2,"EBA, Risk Dashboard (anexo de datos)",https://www.eba.europa.eu/risk-and-data-analysis/risk-analysis/risk-monitoring/risk-dashboard,2026-09-16,,,n/a,ratio,media_ponderada_volumen,"indicador PFT_23; muestra de bancos del EBA, consolidado de grupo, no de segmento"
Paises Bajos,agregado_sector_bancario,Ratio de eficiencia (cost-to-income),50.1278,pct_ingresos,2024-Q2,"EBA, Risk Dashboard (anexo de datos)",https://www.eba.europa.eu/risk-and-data-analysis/risk-analysis/risk-monitoring/risk-dashboard,2026-09-16,,,n/a,ratio,media_ponderada_volumen,"indicador PFT_23; muestra de bancos del EBA, consolidado de grupo, no de segmento"
Portugal,agregado_sector_bancario,Ratio de eficiencia (cost-to-income),30.6392,pct_ingresos,2024-Q2,"EBA, Risk Dashboard (anexo de datos)",https://www.eba.europa.eu/risk-and-data-analysis/risk-analysis/risk-monitoring/risk-dashboard,2026-09-16,,,n/a,ratio,media_ponderada_volumen,"indicador PFT_23; muestra de bancos del EBA, consolidado de grupo, no de segmento"
Alemania,agregado_sector_bancario,Margen de intereses sobre ingresos operativos,52.9200,pct_ingresos,2024-Q2,"EBA, Risk Dashboard (anexo de datos)",https://www.eba.europa.eu/risk-and-data-analysis/risk-analysis/risk-monitoring/risk-dashboard,2026-09-16,,,n/a,ratio,media_ponderada_volumen,"indicador PFT_25; muestra de bancos del EBA, consolidado de grupo, no de segmento"
Espana,agregado_sector_bancario,Margen de intereses sobre ingresos operativos,76.5312,pct_ingresos,2024-Q2,"EBA, Risk Dashboard (anexo de datos)",https://www.eba.europa.eu/risk-and-data-analysis/risk-analysis/risk-monitoring/risk-dashboard,2026-09-16,,,n/a,ratio,media_ponderada_volumen,"indicador PFT_25; muestra de bancos del EBA, consolidado de grupo, no de segmento"
Union Europea,agregado_sector_bancario,Margen de intereses sobre ingresos operativos,61.2490,pct_ingresos,2024-Q2,"EBA, Risk Dashboard (anexo de datos)",https://www.eba.europa.eu/risk-and-data-analysis/risk-analysis/risk-monitoring/risk-dashboard,2026-09-16,,,n/a,ratio,media_ponderada_volumen,"indicador PFT_25; muestra de bancos del EBA, consolidado de grupo, no de segmento"
Francia,agregado_sector_bancario,Margen de intereses sobre ingresos operativos,41.7471,pct_ingresos,2024-Q2,"EBA, Risk Dashboard (anexo de datos)",https://www.eba.europa.eu/risk-and-data-analysis/risk-analysis/risk-monitoring/risk-dashboard,2026-09-16,,,n/a,ratio,media_ponderada_volumen,"indicador PFT_25; muestra de bancos del EBA, consolidado de grupo, no de segmento"
Irlanda,agregado_sector_bancario,Margen de intereses sobre ingresos operativos,71.1724,pct_ingresos,2024-Q2,"EBA, Risk Dashboard (anexo de datos)",https://www.eba.europa.eu/risk-and-data-analysis/risk-analysis/risk-monitoring/risk-dashboard,2026-09-16,,,n/a,ratio,media_ponderada_volumen,"indicador PFT_25; muestra de bancos del EBA, consolidado de grupo, no de segmento"
Italia,agregado_sector_bancario,Margen de intereses sobre ingresos operativos,59.5903,pct_ingresos,2024-Q2,"EBA, Risk Dashboard (anexo de datos)",https://www.eba.europa.eu/risk-and-data-analysis/risk-analysis/risk-monitoring/risk-dashboard,2026-09-16,,,n/a,ratio,media_ponderada_volumen,"indicador PFT_25; muestra de bancos del EBA, consolidado de grupo, no de segmento"
Paises Bajos,agregado_sector_bancario,Margen de intereses sobre ingresos operativos,69.0099,pct_ingresos,2024-Q2,"EBA, Risk Dashboard (anexo de datos)",https://www.eba.europa.eu/risk-and-data-analysis/risk-analysis/risk-monitoring/risk-dashboard,2026-09-16,,,n/a,ratio,media_ponderada_volumen,"indicador PFT_25; muestra de bancos del EBA, consolidado de grupo, no de segmento"
Portugal,agregado_sector_bancario,Margen de intereses sobre ingresos operativos,78.7189,pct_ingresos,2024-Q2,"EBA, Risk Dashboard (anexo de datos)",https://www.eba.europa.eu/risk-and-data-analysis/risk-analysis/risk-monitoring/risk-dashboard,2026-09-16,,,n/a,ratio,media_ponderada_volumen,"indicador PFT_25; muestra de bancos del EBA, consolidado de grupo, no de segmento"
Alemania,agregado_sector_bancario,Comisiones netas sobre ingresos operativos,30.9250,pct_ingresos,2024-Q2,"EBA, Risk Dashboard (anexo de datos)",https://www.eba.europa.eu/risk-and-data-analysis/risk-analysis/risk-monitoring/risk-dashboard,2026-09-16,,,n/a,ratio,media_ponderada_volumen,"indicador PFT_26; muestra de bancos del EBA, consolidado de grupo, no de segmento"
Espana,agregado_sector_bancario,Comisiones netas sobre ingresos operativos,22.9814,pct_ingresos,2024-Q2,"EBA, Risk Dashboard (anexo de datos)",https://www.eba.europa.eu/risk-and-data-analysis/risk-analysis/risk-monitoring/risk-dashboard,2026-09-16,,,n/a,ratio,media_ponderada_volumen,"indicador PFT_26; muestra de bancos del EBA, consolidado de grupo, no de segmento"
Union Europea,agregado_sector_bancario,Comisiones netas sobre ingresos operativos,27.9697,pct_ingresos,2024-Q2,"EBA, Risk Dashboard (anexo de datos)",https://www.eba.europa.eu/risk-and-data-analysis/risk-analysis/risk-monitoring/risk-dashboard,2026-09-16,,,n/a,ratio,media_ponderada_volumen,"indicador PFT_26; muestra de bancos del EBA, consolidado de grupo, no de segmento"
Francia,agregado_sector_bancario,Comisiones netas sobre ingresos operativos,36.9517,pct_ingresos,2024-Q2,"EBA, Risk Dashboard (anexo de datos)",https://www.eba.europa.eu/risk-and-data-analysis/risk-analysis/risk-monitoring/risk-dashboard,2026-09-16,,,n/a,ratio,media_ponderada_volumen,"indicador PFT_26; muestra de bancos del EBA, consolidado de grupo, no de segmento"
Irlanda,agregado_sector_bancario,Comisiones netas sobre ingresos operativos,17.8416,pct_ingresos,2024-Q2,"EBA, Risk Dashboard (anexo de datos)",https://www.eba.europa.eu/risk-and-data-analysis/risk-analysis/risk-monitoring/risk-dashboard,2026-09-16,,,n/a,ratio,media_ponderada_volumen,"indicador PFT_26; muestra de bancos del EBA, consolidado de grupo, no de segmento"
Italia,agregado_sector_bancario,Comisiones netas sobre ingresos operativos,31.7270,pct_ingresos,2024-Q2,"EBA, Risk Dashboard (anexo de datos)",https://www.eba.europa.eu/risk-and-data-analysis/risk-analysis/risk-monitoring/risk-dashboard,2026-09-16,,,n/a,ratio,media_ponderada_volumen,"indicador PFT_26; muestra de bancos del EBA, consolidado de grupo, no de segmento"
Paises Bajos,agregado_sector_bancario,Comisiones netas sobre ingresos operativos,16.7508,pct_ingresos,2024-Q2,"EBA, Risk Dashboard (anexo de datos)",https://www.eba.europa.eu/risk-and-data-analysis/risk-analysis/risk-monitoring/risk-dashboard,2026-09-16,,,n/a,ratio,media_ponderada_volumen,"indicador PFT_26; muestra de bancos del EBA, consolidado de grupo, no de segmento"
Portugal,agregado_sector_bancario,Comisiones netas sobre ingresos operativos,19.8533,pct_ingresos,2024-Q2,"EBA, Risk Dashboard (anexo de datos)",https://www.eba.europa.eu/risk-and-data-analysis/risk-analysis/risk-monitoring/risk-dashboard,2026-09-16,,,n/a,ratio,media_ponderada_volumen,"indicador PFT_26; muestra de bancos del EBA, consolidado de grupo, no de segmento"
Alemania,agregado_sector_bancario,Margen de intereses (NIM),1.1511,pct_activos,2024-Q2,"EBA, Risk Dashboard (anexo de datos)",https://www.eba.europa.eu/risk-and-data-analysis/risk-analysis/risk-monitoring/risk-dashboard,2026-09-16,,,n/a,ratio,media_ponderada_volumen,"indicador PFT_41; muestra de bancos del EBA, consolidado de grupo, no de segmento"
Espana,agregado_sector_bancario,Margen de intereses (NIM),2.8721,pct_activos,2024-Q2,"EBA, Risk Dashboard (anexo de datos)",https://www.eba.europa.eu/risk-and-data-analysis/risk-analysis/risk-monitoring/risk-dashboard,2026-09-16,,,n/a,ratio,media_ponderada_volumen,"indicador PFT_41; muestra de bancos del EBA, consolidado de grupo, no de segmento"
Union Europea,agregado_sector_bancario,Margen de intereses (NIM),1.6761,pct_activos,2024-Q2,"EBA, Risk Dashboard (anexo de datos)",https://www.eba.europa.eu/risk-and-data-analysis/risk-analysis/risk-monitoring/risk-dashboard,2026-09-16,,,n/a,ratio,media_ponderada_volumen,"indicador PFT_41; muestra de bancos del EBA, consolidado de grupo, no de segmento"
Francia,agregado_sector_bancario,Margen de intereses (NIM),0.9001,pct_activos,2024-Q2,"EBA, Risk Dashboard (anexo de datos)",https://www.eba.europa.eu/risk-and-data-analysis/risk-analysis/risk-monitoring/risk-dashboard,2026-09-16,,,n/a,ratio,media_ponderada_volumen,"indicador PFT_41; muestra de bancos del EBA, consolidado de grupo, no de segmento"
Irlanda,agregado_sector_bancario,Margen de intereses (NIM),2.7830,pct_activos,2024-Q2,"EBA, Risk Dashboard (anexo de datos)",https://www.eba.europa.eu/risk-and-data-analysis/risk-analysis/risk-monitoring/risk-dashboard,2026-09-16,,,n/a,ratio,media_ponderada_volumen,"indicador PFT_41; muestra de bancos del EBA, consolidado de grupo, no de segmento"
Italia,agregado_sector_bancario,Margen de intereses (NIM),2.2858,pct_activos,2024-Q2,"EBA, Risk Dashboard (anexo de datos)",https://www.eba.europa.eu/risk-and-data-analysis/risk-analysis/risk-monitoring/risk-dashboard,2026-09-16,,,n/a,ratio,media_ponderada_volumen,"indicador PFT_41; muestra de bancos del EBA, consolidado de grupo, no de segmento"
Paises Bajos,agregado_sector_bancario,Margen de intereses (NIM),1.6550,pct_activos,2024-Q2,"EBA, Risk Dashboard (anexo de datos)",https://www.eba.europa.eu/risk-and-data-analysis/risk-analysis/risk-monitoring/risk-dashboard,2026-09-16,,,n/a,ratio,media_ponderada_volumen,"indicador PFT_41; muestra de bancos del EBA, consolidado de grupo, no de segmento"
Portugal,agregado_sector_bancario,Margen de intereses (NIM),3.0717,pct_activos,2024-Q2,"EBA, Risk Dashboard (anexo de datos)",https://www.eba.europa.eu/risk-and-data-analysis/risk-analysis/risk-monitoring/risk-dashboard,2026-09-16,,,n/a,ratio,media_ponderada_volumen,"indicador PFT_41; muestra de bancos del EBA, consolidado de grupo, no de segmento"
Alemania,agregado_sector_bancario,Coste del riesgo,0.4823,pct_cartera,2024-Q2,"EBA, Risk Dashboard (anexo de datos)",https://www.eba.europa.eu/risk-and-data-analysis/risk-analysis/risk-monitoring/risk-dashboard,2026-09-16,,,n/a,ratio,media_ponderada_volumen,"indicador PFT_43; muestra de bancos del EBA, consolidado de grupo, no de segmento"
Espana,agregado_sector_bancario,Coste del riesgo,1.0840,pct_cartera,2024-Q2,"EBA, Risk Dashboard (anexo de datos)",https://www.eba.europa.eu/risk-and-data-analysis/risk-analysis/risk-monitoring/risk-dashboard,2026-09-16,,,n/a,ratio,media_ponderada_volumen,"indicador PFT_43; muestra de bancos del EBA, consolidado de grupo, no de segmento"
Union Europea,agregado_sector_bancario,Coste del riesgo,0.5070,pct_cartera,2024-Q2,"EBA, Risk Dashboard (anexo de datos)",https://www.eba.europa.eu/risk-and-data-analysis/risk-analysis/risk-monitoring/risk-dashboard,2026-09-16,,,n/a,ratio,media_ponderada_volumen,"indicador PFT_43; muestra de bancos del EBA, consolidado de grupo, no de segmento"
Francia,agregado_sector_bancario,Coste del riesgo,0.5401,pct_cartera,2024-Q2,"EBA, Risk Dashboard (anexo de datos)",https://www.eba.europa.eu/risk-and-data-analysis/risk-analysis/risk-monitoring/risk-dashboard,2026-09-16,,,n/a,ratio,media_ponderada_volumen,"indicador PFT_43; muestra de bancos del EBA, consolidado de grupo, no de segmento"
Irlanda,agregado_sector_bancario,Coste del riesgo,0.3274,pct_cartera,2024-Q2,"EBA, Risk Dashboard (anexo de datos)",https://www.eba.europa.eu/risk-and-data-analysis/risk-analysis/risk-monitoring/risk-dashboard,2026-09-16,,,n/a,ratio,media_ponderada_volumen,"indicador PFT_43; muestra de bancos del EBA, consolidado de grupo, no de segmento"
Italia,agregado_sector_bancario,Coste del riesgo,0.3229,pct_cartera,2024-Q2,"EBA, Risk Dashboard (anexo de datos)",https://www.eba.europa.eu/risk-and-data-analysis/risk-analysis/risk-monitoring/risk-dashboard,2026-09-16,,,n/a,ratio,media_ponderada_volumen,"indicador PFT_43; muestra de bancos del EBA, consolidado de grupo, no de segmento"
Paises Bajos,agregado_sector_bancario,Coste del riesgo,0.1825,pct_cartera,2024-Q2,"EBA, Risk Dashboard (anexo de datos)",https://www.eba.europa.eu/risk-and-data-analysis/risk-analysis/risk-monitoring/risk-dashboard,2026-09-16,,,n/a,ratio,media_ponderada_volumen,"indicador PFT_43; muestra de bancos del EBA, consolidado de grupo, no de segmento"
Portugal,agregado_sector_bancario,Coste del riesgo,0.3464,pct_cartera,2024-Q2,"EBA, Risk Dashboard (anexo de datos)",https://www.eba.europa.eu/risk-and-data-analysis/risk-analysis/risk-monitoring/risk-dashboard,2026-09-16,,,n/a,ratio,media_ponderada_volumen,"indicador PFT_43; muestra de bancos del EBA, consolidado de grupo, no de segmento"
Alemania,agregado_sector_bancario,Ratio de apalancamiento,5.5187,pct_activos,2024-Q2,"EBA, Risk Dashboard (anexo de datos)",https://www.eba.europa.eu/risk-and-data-analysis/risk-analysis/risk-monitoring/risk-dashboard,2026-09-16,,,n/a,ratio,media_ponderada_volumen,"indicador SVC_13; muestra de bancos del EBA, consolidado de grupo, no de segmento"
Espana,agregado_sector_bancario,Ratio de apalancamiento,5.4713,pct_activos,2024-Q2,"EBA, Risk Dashboard (anexo de datos)",https://www.eba.europa.eu/risk-and-data-analysis/risk-analysis/risk-monitoring/risk-dashboard,2026-09-16,,,n/a,ratio,media_ponderada_volumen,"indicador SVC_13; muestra de bancos del EBA, consolidado de grupo, no de segmento"
Union Europea,agregado_sector_bancario,Ratio de apalancamiento,5.8040,pct_activos,2024-Q2,"EBA, Risk Dashboard (anexo de datos)",https://www.eba.europa.eu/risk-and-data-analysis/risk-analysis/risk-monitoring/risk-dashboard,2026-09-16,,,n/a,ratio,media_ponderada_volumen,"indicador SVC_13; muestra de bancos del EBA, consolidado de grupo, no de segmento"
Francia,agregado_sector_bancario,Ratio de apalancamiento,5.3585,pct_activos,2024-Q2,"EBA, Risk Dashboard (anexo de datos)",https://www.eba.europa.eu/risk-and-data-analysis/risk-analysis/risk-monitoring/risk-dashboard,2026-09-16,,,n/a,ratio,media_ponderada_volumen,"indicador SVC_13; muestra de bancos del EBA, consolidado de grupo, no de segmento"
Irlanda,agregado_sector_bancario,Ratio de apalancamiento,8.2790,pct_activos,2024-Q2,"EBA, Risk Dashboard (anexo de datos)",https://www.eba.europa.eu/risk-and-data-analysis/risk-analysis/risk-monitoring/risk-dashboard,2026-09-16,,,n/a,ratio,media_ponderada_volumen,"indicador SVC_13; muestra de bancos del EBA, consolidado de grupo, no de segmento"
Italia,agregado_sector_bancario,Ratio de apalancamiento,6.1291,pct_activos,2024-Q2,"EBA, Risk Dashboard (anexo de datos)",https://www.eba.europa.eu/risk-and-data-analysis/risk-analysis/risk-monitoring/risk-dashboard,2026-09-16,,,n/a,ratio,media_ponderada_volumen,"indicador SVC_13; muestra de bancos del EBA, consolidado de grupo, no de segmento"
Paises Bajos,agregado_sector_bancario,Ratio de apalancamiento,5.7738,pct_activos,2024-Q2,"EBA, Risk Dashboard (anexo de datos)",https://www.eba.europa.eu/risk-and-data-analysis/risk-analysis/risk-monitoring/risk-dashboard,2026-09-16,,,n/a,ratio,media_ponderada_volumen,"indicador SVC_13; muestra de bancos del EBA, consolidado de grupo, no de segmento"
Portugal,agregado_sector_bancario,Ratio de apalancamiento,7.2016,pct_activos,2024-Q2,"EBA, Risk Dashboard (anexo de datos)",https://www.eba.europa.eu/risk-and-data-analysis/risk-analysis/risk-monitoring/risk-dashboard,2026-09-16,,,n/a,ratio,media_ponderada_volumen,"indicador SVC_13; muestra de bancos del EBA, consolidado de grupo, no de segmento"
Alemania,agregado_sector_bancario,Ratio CET1,16.5748,pct_rwa,2024-Q2,"EBA, Risk Dashboard (anexo de datos)",https://www.eba.europa.eu/risk-and-data-analysis/risk-analysis/risk-monitoring/risk-dashboard,2026-09-16,,,n/a,ratio,media_ponderada_volumen,"indicador SVC_3; muestra de bancos del EBA, consolidado de grupo, no de segmento"
Espana,agregado_sector_bancario,Ratio CET1,12.7725,pct_rwa,2024-Q2,"EBA, Risk Dashboard (anexo de datos)",https://www.eba.europa.eu/risk-and-data-analysis/risk-analysis/risk-monitoring/risk-dashboard,2026-09-16,,,n/a,ratio,media_ponderada_volumen,"indicador SVC_3; muestra de bancos del EBA, consolidado de grupo, no de segmento"
Union Europea,agregado_sector_bancario,Ratio CET1,16.0923,pct_rwa,2024-Q2,"EBA, Risk Dashboard (anexo de datos)",https://www.eba.europa.eu/risk-and-data-analysis/risk-analysis/risk-monitoring/risk-dashboard,2026-09-16,,,n/a,ratio,media_ponderada_volumen,"indicador SVC_3; muestra de bancos del EBA, consolidado de grupo, no de segmento"
Francia,agregado_sector_bancario,Ratio CET1,15.8909,pct_rwa,2024-Q2,"EBA, Risk Dashboard (anexo de datos)",https://www.eba.europa.eu/risk-and-data-analysis/risk-analysis/risk-monitoring/risk-dashboard,2026-09-16,,,n/a,ratio,media_ponderada_volumen,"indicador SVC_3; muestra de bancos del EBA, consolidado de grupo, no de segmento"
Irlanda,agregado_sector_bancario,Ratio CET1,19.6220,pct_rwa,2024-Q2,"EBA, Risk Dashboard (anexo de datos)",https://www.eba.europa.eu/risk-and-data-analysis/risk-analysis/risk-monitoring/risk-dashboard,2026-09-16,,,n/a,ratio,media_ponderada_volumen,"indicador SVC_3; muestra de bancos del EBA, consolidado de grupo, no de segmento"
Italia,agregado_sector_bancario,Ratio CET1,16.2293,pct_rwa,2024-Q2,"EBA, Risk Dashboard (anexo de datos)",https://www.eba.europa.eu/risk-and-data-analysis/risk-analysis/risk-monitoring/risk-dashboard,2026-09-16,,,n/a,ratio,media_ponderada_volumen,"indicador SVC_3; muestra de bancos del EBA, consolidado de grupo, no de segmento"
Paises Bajos,agregado_sector_bancario,Ratio CET1,15.3368,pct_rwa,2024-Q2,"EBA, Risk Dashboard (anexo de datos)",https://www.eba.europa.eu/risk-and-data-analysis/risk-analysis/risk-monitoring/risk-dashboard,2026-09-16,,,n/a,ratio,media_ponderada_volumen,"indicador SVC_3; muestra de bancos del EBA, consolidado de grupo, no de segmento"
Portugal,agregado_sector_bancario,Ratio CET1,17.9592,pct_rwa,2024-Q2,"EBA, Risk Dashboard (anexo de datos)",https://www.eba.europa.eu/risk-and-data-analysis/risk-analysis/risk-monitoring/risk-dashboard,2026-09-16,,,n/a,ratio,media_ponderada_volumen,"indicador SVC_3; muestra de bancos del EBA, consolidado de grupo, no de segmento"
Alemania,agregado_sector_bancario,Ratio de NPE (instrumentos de deuda),1.3144,pct_cartera,2024-Q3,"EBA, Risk Dashboard (anexo de datos)",https://www.eba.europa.eu/risk-and-data-analysis/risk-analysis/risk-monitoring/risk-dashboard,2026-09-16,,,n/a,ratio,media_ponderada_volumen,"indicador AQT_3.1; muestra de bancos del EBA, consolidado de grupo, no de segmento"
Espana,agregado_sector_bancario,Ratio de NPE (instrumentos de deuda),2.4063,pct_cartera,2024-Q3,"EBA, Risk Dashboard (anexo de datos)",https://www.eba.europa.eu/risk-and-data-analysis/risk-analysis/risk-monitoring/risk-dashboard,2026-09-16,,,n/a,ratio,media_ponderada_volumen,"indicador AQT_3.1; muestra de bancos del EBA, consolidado de grupo, no de segmento"
Union Europea,agregado_sector_bancario,Ratio de NPE (instrumentos de deuda),1.6536,pct_cartera,2024-Q3,"EBA, Risk Dashboard (anexo de datos)",https://www.eba.europa.eu/risk-and-data-analysis/risk-analysis/risk-monitoring/risk-dashboard,2026-09-16,,,n/a,ratio,media_ponderada_volumen,"indicador AQT_3.1; muestra de bancos del EBA, consolidado de grupo, no de segmento"
Francia,agregado_sector_bancario,Ratio de NPE (instrumentos de deuda),1.8685,pct_cartera,2024-Q3,"EBA, Risk Dashboard (anexo de datos)",https://www.eba.europa.eu/risk-and-data-analysis/risk-analysis/risk-monitoring/risk-dashboard,2026-09-16,,,n/a,ratio,media_ponderada_volumen,"indicador AQT_3.1; muestra de bancos del EBA, consolidado de grupo, no de segmento"
Irlanda,agregado_sector_bancario,Ratio de NPE (instrumentos de deuda),1.2561,pct_cartera,2024-Q3,"EBA, Risk Dashboard (anexo de datos)",https://www.eba.europa.eu/risk-and-data-analysis/risk-analysis/risk-monitoring/risk-dashboard,2026-09-16,,,n/a,ratio,media_ponderada_volumen,"indicador AQT_3.1; muestra de bancos del EBA, consolidado de grupo, no de segmento"
Italia,agregado_sector_bancario,Ratio de NPE (instrumentos de deuda),1.8155,pct_cartera,2024-Q3,"EBA, Risk Dashboard (anexo de datos)",https://www.eba.europa.eu/risk-and-data-analysis/risk-analysis/risk-monitoring/risk-dashboard,2026-09-16,,,n/a,ratio,media_ponderada_volumen,"indicador AQT_3.1; muestra de bancos del EBA, consolidado de grupo, no de segmento"
Paises Bajos,agregado_sector_bancario,Ratio de NPE (instrumentos de deuda),1.2894,pct_cartera,2024-Q3,"EBA, Risk Dashboard (anexo de datos)",https://www.eba.europa.eu/risk-and-data-analysis/risk-analysis/risk-monitoring/risk-dashboard,2026-09-16,,,n/a,ratio,media_ponderada_volumen,"indicador AQT_3.1; muestra de bancos del EBA, consolidado de grupo, no de segmento"
Portugal,agregado_sector_bancario,Ratio de NPE (instrumentos de deuda),1.8812,pct_cartera,2024-Q3,"EBA, Risk Dashboard (anexo de datos)",https://www.eba.europa.eu/risk-and-data-analysis/risk-analysis/risk-monitoring/risk-dashboard,2026-09-16,,,n/a,ratio,media_ponderada_volumen,"indicador AQT_3.1; muestra de bancos del EBA, consolidado de grupo, no de segmento"
Alemania,agregado_sector_bancario,Ratio de NPL (prestamos y anticipos),1.4617,pct_cartera,2024-Q3,"EBA, Risk Dashboard (anexo de datos)",https://www.eba.europa.eu/risk-and-data-analysis/risk-analysis/risk-monitoring/risk-dashboard,2026-09-16,,,n/a,ratio,media_ponderada_volumen,"indicador AQT_3.2; muestra de bancos del EBA, consolidado de grupo, no de segmento"
Espana,agregado_sector_bancario,Ratio de NPL (prestamos y anticipos),2.7780,pct_cartera,2024-Q3,"EBA, Risk Dashboard (anexo de datos)",https://www.eba.europa.eu/risk-and-data-analysis/risk-analysis/risk-monitoring/risk-dashboard,2026-09-16,,,n/a,ratio,media_ponderada_volumen,"indicador AQT_3.2; muestra de bancos del EBA, consolidado de grupo, no de segmento"
Union Europea,agregado_sector_bancario,Ratio de NPL (prestamos y anticipos),1.8847,pct_cartera,2024-Q3,"EBA, Risk Dashboard (anexo de datos)",https://www.eba.europa.eu/risk-and-data-analysis/risk-analysis/risk-monitoring/risk-dashboard,2026-09-16,,,n/a,ratio,media_ponderada_volumen,"indicador AQT_3.2; muestra de bancos del EBA, consolidado de grupo, no de segmento"
Francia,agregado_sector_bancario,Ratio de NPL (prestamos y anticipos),2.0635,pct_cartera,2024-Q3,"EBA, Risk Dashboard (anexo de datos)",https://www.eba.europa.eu/risk-and-data-analysis/risk-analysis/risk-monitoring/risk-dashboard,2026-09-16,,,n/a,ratio,media_ponderada_volumen,"indicador AQT_3.2; muestra de bancos del EBA, consolidado de grupo, no de segmento"
Irlanda,agregado_sector_bancario,Ratio de NPL (prestamos y anticipos),1.4396,pct_cartera,2024-Q3,"EBA, Risk Dashboard (anexo de datos)",https://www.eba.europa.eu/risk-and-data-analysis/risk-analysis/risk-monitoring/risk-dashboard,2026-09-16,,,n/a,ratio,media_ponderada_volumen,"indicador AQT_3.2; muestra de bancos del EBA, consolidado de grupo, no de segmento"
Italia,agregado_sector_bancario,Ratio de NPL (prestamos y anticipos),2.4048,pct_cartera,2024-Q3,"EBA, Risk Dashboard (anexo de datos)",https://www.eba.europa.eu/risk-and-data-analysis/risk-analysis/risk-monitoring/risk-dashboard,2026-09-16,,,n/a,ratio,media_ponderada_volumen,"indicador AQT_3.2; muestra de bancos del EBA, consolidado de grupo, no de segmento"
Paises Bajos,agregado_sector_bancario,Ratio de NPL (prestamos y anticipos),1.4126,pct_cartera,2024-Q3,"EBA, Risk Dashboard (anexo de datos)",https://www.eba.europa.eu/risk-and-data-analysis/risk-analysis/risk-monitoring/risk-dashboard,2026-09-16,,,n/a,ratio,media_ponderada_volumen,"indicador AQT_3.2; muestra de bancos del EBA, consolidado de grupo, no de segmento"
Portugal,agregado_sector_bancario,Ratio de NPL (prestamos y anticipos),2.3878,pct_cartera,2024-Q3,"EBA, Risk Dashboard (anexo de datos)",https://www.eba.europa.eu/risk-and-data-analysis/risk-analysis/risk-monitoring/risk-dashboard,2026-09-16,,,n/a,ratio,media_ponderada_volumen,"indicador AQT_3.2; muestra de bancos del EBA, consolidado de grupo, no de segmento"
Alemania,agregado_sector_bancario,Ratio de cobertura de NPL,32.2798,pct_cartera,2024-Q3,"EBA, Risk Dashboard (anexo de datos)",https://www.eba.europa.eu/risk-and-data-analysis/risk-analysis/risk-monitoring/risk-dashboard,2026-09-16,,,n/a,ratio,media_ponderada_volumen,"indicador AQT_41.2; muestra de bancos del EBA, consolidado de grupo, no de segmento"
Espana,agregado_sector_bancario,Ratio de cobertura de NPL,43.5442,pct_cartera,2024-Q3,"EBA, Risk Dashboard (anexo de datos)",https://www.eba.europa.eu/risk-and-data-analysis/risk-analysis/risk-monitoring/risk-dashboard,2026-09-16,,,n/a,ratio,media_ponderada_volumen,"indicador AQT_41.2; muestra de bancos del EBA, consolidado de grupo, no de segmento"
Union Europea,agregado_sector_bancario,Ratio de cobertura de NPL,41.6734,pct_cartera,2024-Q3,"EBA, Risk Dashboard (anexo de datos)",https://www.eba.europa.eu/risk-and-data-analysis/risk-analysis/risk-monitoring/risk-dashboard,2026-09-16,,,n/a,ratio,media_ponderada_volumen,"indicador AQT_41.2; muestra de bancos del EBA, consolidado de grupo, no de segmento"
Francia,agregado_sector_bancario,Ratio de cobertura de NPL,44.8497,pct_cartera,2024-Q3,"EBA, Risk Dashboard (anexo de datos)",https://www.eba.europa.eu/risk-and-data-analysis/risk-analysis/risk-monitoring/risk-dashboard,2026-09-16,,,n/a,ratio,media_ponderada_volumen,"indicador AQT_41.2; muestra de bancos del EBA, consolidado de grupo, no de segmento"
Irlanda,agregado_sector_bancario,Ratio de cobertura de NPL,32.0180,pct_cartera,2024-Q3,"EBA, Risk Dashboard (anexo de datos)",https://www.eba.europa.eu/risk-and-data-analysis/risk-analysis/risk-monitoring/risk-dashboard,2026-09-16,,,n/a,ratio,media_ponderada_volumen,"indicador AQT_41.2; muestra de bancos del EBA, consolidado de grupo, no de segmento"
Italia,agregado_sector_bancario,Ratio de cobertura de NPL,53.3380,pct_cartera,2024-Q3,"EBA, Risk Dashboard (anexo de datos)",https://www.eba.europa.eu/risk-and-data-analysis/risk-analysis/risk-monitoring/risk-dashboard,2026-09-16,,,n/a,ratio,media_ponderada_volumen,"indicador AQT_41.2; muestra de bancos del EBA, consolidado de grupo, no de segmento"
Paises Bajos,agregado_sector_bancario,Ratio de cobertura de NPL,25.7825,pct_cartera,2024-Q3,"EBA, Risk Dashboard (anexo de datos)",https://www.eba.europa.eu/risk-and-data-analysis/risk-analysis/risk-monitoring/risk-dashboard,2026-09-16,,,n/a,ratio,media_ponderada_volumen,"indicador AQT_41.2; muestra de bancos del EBA, consolidado de grupo, no de segmento"
Portugal,agregado_sector_bancario,Ratio de cobertura de NPL,58.5848,pct_cartera,2024-Q3,"EBA, Risk Dashboard (anexo de datos)",https://www.eba.europa.eu/risk-and-data-analysis/risk-analysis/risk-monitoring/risk-dashboard,2026-09-16,,,n/a,ratio,media_ponderada_volumen,"indicador AQT_41.2; muestra de bancos del EBA, consolidado de grupo, no de segmento"
Alemania,agregado_sector_bancario,Ratio de refinanciaciones (forbearance),1.5484,pct_cartera,2024-Q3,"EBA, Risk Dashboard (anexo de datos)",https://www.eba.europa.eu/risk-and-data-analysis/risk-analysis/risk-monitoring/risk-dashboard,2026-09-16,,,n/a,ratio,media_ponderada_volumen,"indicador AQT_42.2; muestra de bancos del EBA, consolidado de grupo, no de segmento"
Espana,agregado_sector_bancario,Ratio de refinanciaciones (forbearance),2.0975,pct_cartera,2024-Q3,"EBA, Risk Dashboard (anexo de datos)",https://www.eba.europa.eu/risk-and-data-analysis/risk-analysis/risk-monitoring/risk-dashboard,2026-09-16,,,n/a,ratio,media_ponderada_volumen,"indicador AQT_42.2; muestra de bancos del EBA, consolidado de grupo, no de segmento"
Union Europea,agregado_sector_bancario,Ratio de refinanciaciones (forbearance),1.4168,pct_cartera,2024-Q3,"EBA, Risk Dashboard (anexo de datos)",https://www.eba.europa.eu/risk-and-data-analysis/risk-analysis/risk-monitoring/risk-dashboard,2026-09-16,,,n/a,ratio,media_ponderada_volumen,"indicador AQT_42.2; muestra de bancos del EBA, consolidado de grupo, no de segmento"
Francia,agregado_sector_bancario,Ratio de refinanciaciones (forbearance),1.0543,pct_cartera,2024-Q3,"EBA, Risk Dashboard (anexo de datos)",https://www.eba.europa.eu/risk-and-data-analysis/risk-analysis/risk-monitoring/risk-dashboard,2026-09-16,,,n/a,ratio,media_ponderada_volumen,"indicador AQT_42.2; muestra de bancos del EBA, consolidado de grupo, no de segmento"
Irlanda,agregado_sector_bancario,Ratio de refinanciaciones (forbearance),1.7791,pct_cartera,2024-Q3,"EBA, Risk Dashboard (anexo de datos)",https://www.eba.europa.eu/risk-and-data-analysis/risk-analysis/risk-monitoring/risk-dashboard,2026-09-16,,,n/a,ratio,media_ponderada_volumen,"indicador AQT_42.2; muestra de bancos del EBA, consolidado de grupo, no de segmento"
Italia,agregado_sector_bancario,Ratio de refinanciaciones (forbearance),1.8487,pct_cartera,2024-Q3,"EBA, Risk Dashboard (anexo de datos)",https://www.eba.europa.eu/risk-and-data-analysis/risk-analysis/risk-monitoring/risk-dashboard,2026-09-16,,,n/a,ratio,media_ponderada_volumen,"indicador AQT_42.2; muestra de bancos del EBA, consolidado de grupo, no de segmento"
Paises Bajos,agregado_sector_bancario,Ratio de refinanciaciones (forbearance),1.4503,pct_cartera,2024-Q3,"EBA, Risk Dashboard (anexo de datos)",https://www.eba.europa.eu/risk-and-data-analysis/risk-analysis/risk-monitoring/risk-dashboard,2026-09-16,,,n/a,ratio,media_ponderada_volumen,"indicador AQT_42.2; muestra de bancos del EBA, consolidado de grupo, no de segmento"
Portugal,agregado_sector_bancario,Ratio de refinanciaciones (forbearance),2.2479,pct_cartera,2024-Q3,"EBA, Risk Dashboard (anexo de datos)",https://www.eba.europa.eu/risk-and-data-analysis/risk-analysis/risk-monitoring/risk-dashboard,2026-09-16,,,n/a,ratio,media_ponderada_volumen,"indicador AQT_42.2; muestra de bancos del EBA, consolidado de grupo, no de segmento"
Alemania,agregado_sector_bancario,ROE,6.1011,pct_roe,2024-Q3,"EBA, Risk Dashboard (anexo de datos)",https://www.eba.europa.eu/risk-and-data-analysis/risk-analysis/risk-monitoring/risk-dashboard,2026-09-16,,,n/a,ratio,media_ponderada_volumen,"indicador PFT_21; muestra de bancos del EBA, consolidado de grupo, no de segmento"
Espana,agregado_sector_bancario,ROE,14.6681,pct_roe,2024-Q3,"EBA, Risk Dashboard (anexo de datos)",https://www.eba.europa.eu/risk-and-data-analysis/risk-analysis/risk-monitoring/risk-dashboard,2026-09-16,,,n/a,ratio,media_ponderada_volumen,"indicador PFT_21; muestra de bancos del EBA, consolidado de grupo, no de segmento"
Union Europea,agregado_sector_bancario,ROE,11.0177,pct_roe,2024-Q3,"EBA, Risk Dashboard (anexo de datos)",https://www.eba.europa.eu/risk-and-data-analysis/risk-analysis/risk-monitoring/risk-dashboard,2026-09-16,,,n/a,ratio,media_ponderada_volumen,"indicador PFT_21; muestra de bancos del EBA, consolidado de grupo, no de segmento"
Francia,agregado_sector_bancario,ROE,6.8633,pct_roe,2024-Q3,"EBA, Risk Dashboard (anexo de datos)",https://www.eba.europa.eu/risk-and-data-analysis/risk-analysis/risk-monitoring/risk-dashboard,2026-09-16,,,n/a,ratio,media_ponderada_volumen,"indicador PFT_21; muestra de bancos del EBA, consolidado de grupo, no de segmento"
Irlanda,agregado_sector_bancario,ROE,13.3666,pct_roe,2024-Q3,"EBA, Risk Dashboard (anexo de datos)",https://www.eba.europa.eu/risk-and-data-analysis/risk-analysis/risk-monitoring/risk-dashboard,2026-09-16,,,n/a,ratio,media_ponderada_volumen,"indicador PFT_21; muestra de bancos del EBA, consolidado de grupo, no de segmento"
Italia,agregado_sector_bancario,ROE,15.6532,pct_roe,2024-Q3,"EBA, Risk Dashboard (anexo de datos)",https://www.eba.europa.eu/risk-and-data-analysis/risk-analysis/risk-monitoring/risk-dashboard,2026-09-16,,,n/a,ratio,media_ponderada_volumen,"indicador PFT_21; muestra de bancos del EBA, consolidado de grupo, no de segmento"
Paises Bajos,agregado_sector_bancario,ROE,12.2763,pct_roe,2024-Q3,"EBA, Risk Dashboard (anexo de datos)",https://www.eba.europa.eu/risk-and-data-analysis/risk-analysis/risk-monitoring/risk-dashboard,2026-09-16,,,n/a,ratio,media_ponderada_volumen,"indicador PFT_21; muestra de bancos del EBA, consolidado de grupo, no de segmento"
Portugal,agregado_sector_bancario,ROE,17.9537,pct_roe,2024-Q3,"EBA, Risk Dashboard (anexo de datos)",https://www.eba.europa.eu/risk-and-data-analysis/risk-analysis/risk-monitoring/risk-dashboard,2026-09-16,,,n/a,ratio,media_ponderada_volumen,"indicador PFT_21; muestra de bancos del EBA, consolidado de grupo, no de segmento"
Alemania,agregado_sector_bancario,Ratio de eficiencia (cost-to-income),59.6428,pct_ingresos,2024-Q3,"EBA, Risk Dashboard (anexo de datos)",https://www.eba.europa.eu/risk-and-data-analysis/risk-analysis/risk-monitoring/risk-dashboard,2026-09-16,,,n/a,ratio,media_ponderada_volumen,"indicador PFT_23; muestra de bancos del EBA, consolidado de grupo, no de segmento"
Espana,agregado_sector_bancario,Ratio de eficiencia (cost-to-income),42.2172,pct_ingresos,2024-Q3,"EBA, Risk Dashboard (anexo de datos)",https://www.eba.europa.eu/risk-and-data-analysis/risk-analysis/risk-monitoring/risk-dashboard,2026-09-16,,,n/a,ratio,media_ponderada_volumen,"indicador PFT_23; muestra de bancos del EBA, consolidado de grupo, no de segmento"
Union Europea,agregado_sector_bancario,Ratio de eficiencia (cost-to-income),51.5376,pct_ingresos,2024-Q3,"EBA, Risk Dashboard (anexo de datos)",https://www.eba.europa.eu/risk-and-data-analysis/risk-analysis/risk-monitoring/risk-dashboard,2026-09-16,,,n/a,ratio,media_ponderada_volumen,"indicador PFT_23; muestra de bancos del EBA, consolidado de grupo, no de segmento"
Francia,agregado_sector_bancario,Ratio de eficiencia (cost-to-income),66.7637,pct_ingresos,2024-Q3,"EBA, Risk Dashboard (anexo de datos)",https://www.eba.europa.eu/risk-and-data-analysis/risk-analysis/risk-monitoring/risk-dashboard,2026-09-16,,,n/a,ratio,media_ponderada_volumen,"indicador PFT_23; muestra de bancos del EBA, consolidado de grupo, no de segmento"
Irlanda,agregado_sector_bancario,Ratio de eficiencia (cost-to-income),45.7537,pct_ingresos,2024-Q3,"EBA, Risk Dashboard (anexo de datos)",https://www.eba.europa.eu/risk-and-data-analysis/risk-analysis/risk-monitoring/risk-dashboard,2026-09-16,,,n/a,ratio,media_ponderada_volumen,"indicador PFT_23; muestra de bancos del EBA, consolidado de grupo, no de segmento"
Italia,agregado_sector_bancario,Ratio de eficiencia (cost-to-income),46.4919,pct_ingresos,2024-Q3,"EBA, Risk Dashboard (anexo de datos)",https://www.eba.europa.eu/risk-and-data-analysis/risk-analysis/risk-monitoring/risk-dashboard,2026-09-16,,,n/a,ratio,media_ponderada_volumen,"indicador PFT_23; muestra de bancos del EBA, consolidado de grupo, no de segmento"
Paises Bajos,agregado_sector_bancario,Ratio de eficiencia (cost-to-income),50.4333,pct_ingresos,2024-Q3,"EBA, Risk Dashboard (anexo de datos)",https://www.eba.europa.eu/risk-and-data-analysis/risk-analysis/risk-monitoring/risk-dashboard,2026-09-16,,,n/a,ratio,media_ponderada_volumen,"indicador PFT_23; muestra de bancos del EBA, consolidado de grupo, no de segmento"
Portugal,agregado_sector_bancario,Ratio de eficiencia (cost-to-income),30.5484,pct_ingresos,2024-Q3,"EBA, Risk Dashboard (anexo de datos)",https://www.eba.europa.eu/risk-and-data-analysis/risk-analysis/risk-monitoring/risk-dashboard,2026-09-16,,,n/a,ratio,media_ponderada_volumen,"indicador PFT_23; muestra de bancos del EBA, consolidado de grupo, no de segmento"
Alemania,agregado_sector_bancario,Margen de intereses sobre ingresos operativos,52.5355,pct_ingresos,2024-Q3,"EBA, Risk Dashboard (anexo de datos)",https://www.eba.europa.eu/risk-and-data-analysis/risk-analysis/risk-monitoring/risk-dashboard,2026-09-16,,,n/a,ratio,media_ponderada_volumen,"indicador PFT_25; muestra de bancos del EBA, consolidado de grupo, no de segmento"
Espana,agregado_sector_bancario,Margen de intereses sobre ingresos operativos,75.4435,pct_ingresos,2024-Q3,"EBA, Risk Dashboard (anexo de datos)",https://www.eba.europa.eu/risk-and-data-analysis/risk-analysis/risk-monitoring/risk-dashboard,2026-09-16,,,n/a,ratio,media_ponderada_volumen,"indicador PFT_25; muestra de bancos del EBA, consolidado de grupo, no de segmento"
Union Europea,agregado_sector_bancario,Margen de intereses sobre ingresos operativos,60.6448,pct_ingresos,2024-Q3,"EBA, Risk Dashboard (anexo de datos)",https://www.eba.europa.eu/risk-and-data-analysis/risk-analysis/risk-monitoring/risk-dashboard,2026-09-16,,,n/a,ratio,media_ponderada_volumen,"indicador PFT_25; muestra de bancos del EBA, consolidado de grupo, no de segmento"
Francia,agregado_sector_bancario,Margen de intereses sobre ingresos operativos,41.0460,pct_ingresos,2024-Q3,"EBA, Risk Dashboard (anexo de datos)",https://www.eba.europa.eu/risk-and-data-analysis/risk-analysis/risk-monitoring/risk-dashboard,2026-09-16,,,n/a,ratio,media_ponderada_volumen,"indicador PFT_25; muestra de bancos del EBA, consolidado de grupo, no de segmento"
Irlanda,agregado_sector_bancario,Margen de intereses sobre ingresos operativos,70.7770,pct_ingresos,2024-Q3,"EBA, Risk Dashboard (anexo de datos)",https://www.eba.europa.eu/risk-and-data-analysis/risk-analysis/risk-monitoring/risk-dashboard,2026-09-16,,,n/a,ratio,media_ponderada_volumen,"indicador PFT_25; muestra de bancos del EBA, consolidado de grupo, no de segmento"
Italia,agregado_sector_bancario,Margen de intereses sobre ingresos operativos,59.5466,pct_ingresos,2024-Q3,"EBA, Risk Dashboard (anexo de datos)",https://www.eba.europa.eu/risk-and-data-analysis/risk-analysis/risk-monitoring/risk-dashboard,2026-09-16,,,n/a,ratio,media_ponderada_volumen,"indicador PFT_25; muestra de bancos del EBA, consolidado de grupo, no de segmento"
Paises Bajos,agregado_sector_bancario,Margen de intereses sobre ingresos operativos,68.8533,pct_ingresos,2024-Q3,"EBA, Risk Dashboard (anexo de datos)",https://www.eba.europa.eu/risk-and-data-analysis/risk-analysis/risk-monitoring/risk-dashboard,2026-09-16,,,n/a,ratio,media_ponderada_volumen,"indicador PFT_25; muestra de bancos del EBA, consolidado de grupo, no de segmento"
Portugal,agregado_sector_bancario,Margen de intereses sobre ingresos operativos,77.7109,pct_ingresos,2024-Q3,"EBA, Risk Dashboard (anexo de datos)",https://www.eba.europa.eu/risk-and-data-analysis/risk-analysis/risk-monitoring/risk-dashboard,2026-09-16,,,n/a,ratio,media_ponderada_volumen,"indicador PFT_25; muestra de bancos del EBA, consolidado de grupo, no de segmento"
Alemania,agregado_sector_bancario,Comisiones netas sobre ingresos operativos,31.4504,pct_ingresos,2024-Q3,"EBA, Risk Dashboard (anexo de datos)",https://www.eba.europa.eu/risk-and-data-analysis/risk-analysis/risk-monitoring/risk-dashboard,2026-09-16,,,n/a,ratio,media_ponderada_volumen,"indicador PFT_26; muestra de bancos del EBA, consolidado de grupo, no de segmento"
Espana,agregado_sector_bancario,Comisiones netas sobre ingresos operativos,22.9513,pct_ingresos,2024-Q3,"EBA, Risk Dashboard (anexo de datos)",https://www.eba.europa.eu/risk-and-data-analysis/risk-analysis/risk-monitoring/risk-dashboard,2026-09-16,,,n/a,ratio,media_ponderada_volumen,"indicador PFT_26; muestra de bancos del EBA, consolidado de grupo, no de segmento"
Union Europea,agregado_sector_bancario,Comisiones netas sobre ingresos operativos,27.9437,pct_ingresos,2024-Q3,"EBA, Risk Dashboard (anexo de datos)",https://www.eba.europa.eu/risk-and-data-analysis/risk-analysis/risk-monitoring/risk-dashboard,2026-09-16,,,n/a,ratio,media_ponderada_volumen,"indicador PFT_26; muestra de bancos del EBA, consolidado de grupo, no de segmento"
Francia,agregado_sector_bancario,Comisiones netas sobre ingresos operativos,36.6223,pct_ingresos,2024-Q3,"EBA, Risk Dashboard (anexo de datos)",https://www.eba.europa.eu/risk-and-data-analysis/risk-analysis/risk-monitoring/risk-dashboard,2026-09-16,,,n/a,ratio,media_ponderada_volumen,"indicador PFT_26; muestra de bancos del EBA, consolidado de grupo, no de segmento"
Irlanda,agregado_sector_bancario,Comisiones netas sobre ingresos operativos,17.6520,pct_ingresos,2024-Q3,"EBA, Risk Dashboard (anexo de datos)",https://www.eba.europa.eu/risk-and-data-analysis/risk-analysis/risk-monitoring/risk-dashboard,2026-09-16,,,n/a,ratio,media_ponderada_volumen,"indicador PFT_26; muestra de bancos del EBA, consolidado de grupo, no de segmento"
Italia,agregado_sector_bancario,Comisiones netas sobre ingresos operativos,31.4335,pct_ingresos,2024-Q3,"EBA, Risk Dashboard (anexo de datos)",https://www.eba.europa.eu/risk-and-data-analysis/risk-analysis/risk-monitoring/risk-dashboard,2026-09-16,,,n/a,ratio,media_ponderada_volumen,"indicador PFT_26; muestra de bancos del EBA, consolidado de grupo, no de segmento"
Paises Bajos,agregado_sector_bancario,Comisiones netas sobre ingresos operativos,16.7727,pct_ingresos,2024-Q3,"EBA, Risk Dashboard (anexo de datos)",https://www.eba.europa.eu/risk-and-data-analysis/risk-analysis/risk-monitoring/risk-dashboard,2026-09-16,,,n/a,ratio,media_ponderada_volumen,"indicador PFT_26; muestra de bancos del EBA, consolidado de grupo, no de segmento"
Portugal,agregado_sector_bancario,Comisiones netas sobre ingresos operativos,19.8589,pct_ingresos,2024-Q3,"EBA, Risk Dashboard (anexo de datos)",https://www.eba.europa.eu/risk-and-data-analysis/risk-analysis/risk-monitoring/risk-dashboard,2026-09-16,,,n/a,ratio,media_ponderada_volumen,"indicador PFT_26; muestra de bancos del EBA, consolidado de grupo, no de segmento"
Alemania,agregado_sector_bancario,Margen de intereses (NIM),1.1097,pct_activos,2024-Q3,"EBA, Risk Dashboard (anexo de datos)",https://www.eba.europa.eu/risk-and-data-analysis/risk-analysis/risk-monitoring/risk-dashboard,2026-09-16,,,n/a,ratio,media_ponderada_volumen,"indicador PFT_41; muestra de bancos del EBA, consolidado de grupo, no de segmento"
Espana,agregado_sector_bancario,Margen de intereses (NIM),2.8138,pct_activos,2024-Q3,"EBA, Risk Dashboard (anexo de datos)",https://www.eba.europa.eu/risk-and-data-analysis/risk-analysis/risk-monitoring/risk-dashboard,2026-09-16,,,n/a,ratio,media_ponderada_volumen,"indicador PFT_41; muestra de bancos del EBA, consolidado de grupo, no de segmento"
Union Europea,agregado_sector_bancario,Margen de intereses (NIM),1.6535,pct_activos,2024-Q3,"EBA, Risk Dashboard (anexo de datos)",https://www.eba.europa.eu/risk-and-data-analysis/risk-analysis/risk-monitoring/risk-dashboard,2026-09-16,,,n/a,ratio,media_ponderada_volumen,"indicador PFT_41; muestra de bancos del EBA, consolidado de grupo, no de segmento"
Francia,agregado_sector_bancario,Margen de intereses (NIM),0.8949,pct_activos,2024-Q3,"EBA, Risk Dashboard (anexo de datos)",https://www.eba.europa.eu/risk-and-data-analysis/risk-analysis/risk-monitoring/risk-dashboard,2026-09-16,,,n/a,ratio,media_ponderada_volumen,"indicador PFT_41; muestra de bancos del EBA, consolidado de grupo, no de segmento"
Irlanda,agregado_sector_bancario,Margen de intereses (NIM),2.7710,pct_activos,2024-Q3,"EBA, Risk Dashboard (anexo de datos)",https://www.eba.europa.eu/risk-and-data-analysis/risk-analysis/risk-monitoring/risk-dashboard,2026-09-16,,,n/a,ratio,media_ponderada_volumen,"indicador PFT_41; muestra de bancos del EBA, consolidado de grupo, no de segmento"
Italia,agregado_sector_bancario,Margen de intereses (NIM),2.2760,pct_activos,2024-Q3,"EBA, Risk Dashboard (anexo de datos)",https://www.eba.europa.eu/risk-and-data-analysis/risk-analysis/risk-monitoring/risk-dashboard,2026-09-16,,,n/a,ratio,media_ponderada_volumen,"indicador PFT_41; muestra de bancos del EBA, consolidado de grupo, no de segmento"
Paises Bajos,agregado_sector_bancario,Margen de intereses (NIM),1.6231,pct_activos,2024-Q3,"EBA, Risk Dashboard (anexo de datos)",https://www.eba.europa.eu/risk-and-data-analysis/risk-analysis/risk-monitoring/risk-dashboard,2026-09-16,,,n/a,ratio,media_ponderada_volumen,"indicador PFT_41; muestra de bancos del EBA, consolidado de grupo, no de segmento"
Portugal,agregado_sector_bancario,Margen de intereses (NIM),3.0347,pct_activos,2024-Q3,"EBA, Risk Dashboard (anexo de datos)",https://www.eba.europa.eu/risk-and-data-analysis/risk-analysis/risk-monitoring/risk-dashboard,2026-09-16,,,n/a,ratio,media_ponderada_volumen,"indicador PFT_41; muestra de bancos del EBA, consolidado de grupo, no de segmento"
Alemania,agregado_sector_bancario,Coste del riesgo,0.5287,pct_cartera,2024-Q3,"EBA, Risk Dashboard (anexo de datos)",https://www.eba.europa.eu/risk-and-data-analysis/risk-analysis/risk-monitoring/risk-dashboard,2026-09-16,,,n/a,ratio,media_ponderada_volumen,"indicador PFT_43; muestra de bancos del EBA, consolidado de grupo, no de segmento"
Espana,agregado_sector_bancario,Coste del riesgo,1.0774,pct_cartera,2024-Q3,"EBA, Risk Dashboard (anexo de datos)",https://www.eba.europa.eu/risk-and-data-analysis/risk-analysis/risk-monitoring/risk-dashboard,2026-09-16,,,n/a,ratio,media_ponderada_volumen,"indicador PFT_43; muestra de bancos del EBA, consolidado de grupo, no de segmento"
Union Europea,agregado_sector_bancario,Coste del riesgo,0.4957,pct_cartera,2024-Q3,"EBA, Risk Dashboard (anexo de datos)",https://www.eba.europa.eu/risk-and-data-analysis/risk-analysis/risk-monitoring/risk-dashboard,2026-09-16,,,n/a,ratio,media_ponderada_volumen,"indicador PFT_43; muestra de bancos del EBA, consolidado de grupo, no de segmento"
Francia,agregado_sector_bancario,Coste del riesgo,0.5277,pct_cartera,2024-Q3,"EBA, Risk Dashboard (anexo de datos)",https://www.eba.europa.eu/risk-and-data-analysis/risk-analysis/risk-monitoring/risk-dashboard,2026-09-16,,,n/a,ratio,media_ponderada_volumen,"indicador PFT_43; muestra de bancos del EBA, consolidado de grupo, no de segmento"
Irlanda,agregado_sector_bancario,Coste del riesgo,0.2240,pct_cartera,2024-Q3,"EBA, Risk Dashboard (anexo de datos)",https://www.eba.europa.eu/risk-and-data-analysis/risk-analysis/risk-monitoring/risk-dashboard,2026-09-16,,,n/a,ratio,media_ponderada_volumen,"indicador PFT_43; muestra de bancos del EBA, consolidado de grupo, no de segmento"
Italia,agregado_sector_bancario,Coste del riesgo,0.3141,pct_cartera,2024-Q3,"EBA, Risk Dashboard (anexo de datos)",https://www.eba.europa.eu/risk-and-data-analysis/risk-analysis/risk-monitoring/risk-dashboard,2026-09-16,,,n/a,ratio,media_ponderada_volumen,"indicador PFT_43; muestra de bancos del EBA, consolidado de grupo, no de segmento"
Paises Bajos,agregado_sector_bancario,Coste del riesgo,0.1641,pct_cartera,2024-Q3,"EBA, Risk Dashboard (anexo de datos)",https://www.eba.europa.eu/risk-and-data-analysis/risk-analysis/risk-monitoring/risk-dashboard,2026-09-16,,,n/a,ratio,media_ponderada_volumen,"indicador PFT_43; muestra de bancos del EBA, consolidado de grupo, no de segmento"
Portugal,agregado_sector_bancario,Coste del riesgo,0.2780,pct_cartera,2024-Q3,"EBA, Risk Dashboard (anexo de datos)",https://www.eba.europa.eu/risk-and-data-analysis/risk-analysis/risk-monitoring/risk-dashboard,2026-09-16,,,n/a,ratio,media_ponderada_volumen,"indicador PFT_43; muestra de bancos del EBA, consolidado de grupo, no de segmento"
Alemania,agregado_sector_bancario,Ratio de apalancamiento,5.7229,pct_activos,2024-Q3,"EBA, Risk Dashboard (anexo de datos)",https://www.eba.europa.eu/risk-and-data-analysis/risk-analysis/risk-monitoring/risk-dashboard,2026-09-16,,,n/a,ratio,media_ponderada_volumen,"indicador SVC_13; muestra de bancos del EBA, consolidado de grupo, no de segmento"
Espana,agregado_sector_bancario,Ratio de apalancamiento,5.4495,pct_activos,2024-Q3,"EBA, Risk Dashboard (anexo de datos)",https://www.eba.europa.eu/risk-and-data-analysis/risk-analysis/risk-monitoring/risk-dashboard,2026-09-16,,,n/a,ratio,media_ponderada_volumen,"indicador SVC_13; muestra de bancos del EBA, consolidado de grupo, no de segmento"
Union Europea,agregado_sector_bancario,Ratio de apalancamiento,5.8113,pct_activos,2024-Q3,"EBA, Risk Dashboard (anexo de datos)",https://www.eba.europa.eu/risk-and-data-analysis/risk-analysis/risk-monitoring/risk-dashboard,2026-09-16,,,n/a,ratio,media_ponderada_volumen,"indicador SVC_13; muestra de bancos del EBA, consolidado de grupo, no de segmento"
Francia,agregado_sector_bancario,Ratio de apalancamiento,5.2987,pct_activos,2024-Q3,"EBA, Risk Dashboard (anexo de datos)",https://www.eba.europa.eu/risk-and-data-analysis/risk-analysis/risk-monitoring/risk-dashboard,2026-09-16,,,n/a,ratio,media_ponderada_volumen,"indicador SVC_13; muestra de bancos del EBA, consolidado de grupo, no de segmento"
Irlanda,agregado_sector_bancario,Ratio de apalancamiento,7.9752,pct_activos,2024-Q3,"EBA, Risk Dashboard (anexo de datos)",https://www.eba.europa.eu/risk-and-data-analysis/risk-analysis/risk-monitoring/risk-dashboard,2026-09-16,,,n/a,ratio,media_ponderada_volumen,"indicador SVC_13; muestra de bancos del EBA, consolidado de grupo, no de segmento"
Italia,agregado_sector_bancario,Ratio de apalancamiento,6.2021,pct_activos,2024-Q3,"EBA, Risk Dashboard (anexo de datos)",https://www.eba.europa.eu/risk-and-data-analysis/risk-analysis/risk-monitoring/risk-dashboard,2026-09-16,,,n/a,ratio,media_ponderada_volumen,"indicador SVC_13; muestra de bancos del EBA, consolidado de grupo, no de segmento"
Paises Bajos,agregado_sector_bancario,Ratio de apalancamiento,5.7339,pct_activos,2024-Q3,"EBA, Risk Dashboard (anexo de datos)",https://www.eba.europa.eu/risk-and-data-analysis/risk-analysis/risk-monitoring/risk-dashboard,2026-09-16,,,n/a,ratio,media_ponderada_volumen,"indicador SVC_13; muestra de bancos del EBA, consolidado de grupo, no de segmento"
Portugal,agregado_sector_bancario,Ratio de apalancamiento,7.1018,pct_activos,2024-Q3,"EBA, Risk Dashboard (anexo de datos)",https://www.eba.europa.eu/risk-and-data-analysis/risk-analysis/risk-monitoring/risk-dashboard,2026-09-16,,,n/a,ratio,media_ponderada_volumen,"indicador SVC_13; muestra de bancos del EBA, consolidado de grupo, no de segmento"
Alemania,agregado_sector_bancario,Ratio CET1,16.5477,pct_rwa,2024-Q3,"EBA, Risk Dashboard (anexo de datos)",https://www.eba.europa.eu/risk-and-data-analysis/risk-analysis/risk-monitoring/risk-dashboard,2026-09-16,,,n/a,ratio,media_ponderada_volumen,"indicador SVC_3; muestra de bancos del EBA, consolidado de grupo, no de segmento"
Espana,agregado_sector_bancario,Ratio CET1,12.8188,pct_rwa,2024-Q3,"EBA, Risk Dashboard (anexo de datos)",https://www.eba.europa.eu/risk-and-data-analysis/risk-analysis/risk-monitoring/risk-dashboard,2026-09-16,,,n/a,ratio,media_ponderada_volumen,"indicador SVC_3; muestra de bancos del EBA, consolidado de grupo, no de segmento"
Union Europea,agregado_sector_bancario,Ratio CET1,16.0411,pct_rwa,2024-Q3,"EBA, Risk Dashboard (anexo de datos)",https://www.eba.europa.eu/risk-and-data-analysis/risk-analysis/risk-monitoring/risk-dashboard,2026-09-16,,,n/a,ratio,media_ponderada_volumen,"indicador SVC_3; muestra de bancos del EBA, consolidado de grupo, no de segmento"
Francia,agregado_sector_bancario,Ratio CET1,15.7318,pct_rwa,2024-Q3,"EBA, Risk Dashboard (anexo de datos)",https://www.eba.europa.eu/risk-and-data-analysis/risk-analysis/risk-monitoring/risk-dashboard,2026-09-16,,,n/a,ratio,media_ponderada_volumen,"indicador SVC_3; muestra de bancos del EBA, consolidado de grupo, no de segmento"
Irlanda,agregado_sector_bancario,Ratio CET1,18.3104,pct_rwa,2024-Q3,"EBA, Risk Dashboard (anexo de datos)",https://www.eba.europa.eu/risk-and-data-analysis/risk-analysis/risk-monitoring/risk-dashboard,2026-09-16,,,n/a,ratio,media_ponderada_volumen,"indicador SVC_3; muestra de bancos del EBA, consolidado de grupo, no de segmento"
Italia,agregado_sector_bancario,Ratio CET1,16.3853,pct_rwa,2024-Q3,"EBA, Risk Dashboard (anexo de datos)",https://www.eba.europa.eu/risk-and-data-analysis/risk-analysis/risk-monitoring/risk-dashboard,2026-09-16,,,n/a,ratio,media_ponderada_volumen,"indicador SVC_3; muestra de bancos del EBA, consolidado de grupo, no de segmento"
Paises Bajos,agregado_sector_bancario,Ratio CET1,15.8054,pct_rwa,2024-Q3,"EBA, Risk Dashboard (anexo de datos)",https://www.eba.europa.eu/risk-and-data-analysis/risk-analysis/risk-monitoring/risk-dashboard,2026-09-16,,,n/a,ratio,media_ponderada_volumen,"indicador SVC_3; muestra de bancos del EBA, consolidado de grupo, no de segmento"
Portugal,agregado_sector_bancario,Ratio CET1,17.7322,pct_rwa,2024-Q3,"EBA, Risk Dashboard (anexo de datos)",https://www.eba.europa.eu/risk-and-data-analysis/risk-analysis/risk-monitoring/risk-dashboard,2026-09-16,,,n/a,ratio,media_ponderada_volumen,"indicador SVC_3; muestra de bancos del EBA, consolidado de grupo, no de segmento"
Alemania,agregado_sector_bancario,Ratio de NPE (instrumentos de deuda),1.4380,pct_cartera,2024-Q4,"EBA, Risk Dashboard (anexo de datos)",https://www.eba.europa.eu/risk-and-data-analysis/risk-analysis/risk-monitoring/risk-dashboard,2026-09-16,,,n/a,ratio,media_ponderada_volumen,"indicador AQT_3.1; muestra de bancos del EBA, consolidado de grupo, no de segmento"
Espana,agregado_sector_bancario,Ratio de NPE (instrumentos de deuda),2.3082,pct_cartera,2024-Q4,"EBA, Risk Dashboard (anexo de datos)",https://www.eba.europa.eu/risk-and-data-analysis/risk-analysis/risk-monitoring/risk-dashboard,2026-09-16,,,n/a,ratio,media_ponderada_volumen,"indicador AQT_3.1; muestra de bancos del EBA, consolidado de grupo, no de segmento"
Union Europea,agregado_sector_bancario,Ratio de NPE (instrumentos de deuda),1.6506,pct_cartera,2024-Q4,"EBA, Risk Dashboard (anexo de datos)",https://www.eba.europa.eu/risk-and-data-analysis/risk-analysis/risk-monitoring/risk-dashboard,2026-09-16,,,n/a,ratio,media_ponderada_volumen,"indicador AQT_3.1; muestra de bancos del EBA, consolidado de grupo, no de segmento"
Francia,agregado_sector_bancario,Ratio de NPE (instrumentos de deuda),1.8317,pct_cartera,2024-Q4,"EBA, Risk Dashboard (anexo de datos)",https://www.eba.europa.eu/risk-and-data-analysis/risk-analysis/risk-monitoring/risk-dashboard,2026-09-16,,,n/a,ratio,media_ponderada_volumen,"indicador AQT_3.1; muestra de bancos del EBA, consolidado de grupo, no de segmento"
Irlanda,agregado_sector_bancario,Ratio de NPE (instrumentos de deuda),1.0835,pct_cartera,2024-Q4,"EBA, Risk Dashboard (anexo de datos)",https://www.eba.europa.eu/risk-and-data-analysis/risk-analysis/risk-monitoring/risk-dashboard,2026-09-16,,,n/a,ratio,media_ponderada_volumen,"indicador AQT_3.1; muestra de bancos del EBA, consolidado de grupo, no de segmento"
Italia,agregado_sector_bancario,Ratio de NPE (instrumentos de deuda),1.7779,pct_cartera,2024-Q4,"EBA, Risk Dashboard (anexo de datos)",https://www.eba.europa.eu/risk-and-data-analysis/risk-analysis/risk-monitoring/risk-dashboard,2026-09-16,,,n/a,ratio,media_ponderada_volumen,"indicador AQT_3.1; muestra de bancos del EBA, consolidado de grupo, no de segmento"
Paises Bajos,agregado_sector_bancario,Ratio de NPE (instrumentos de deuda),1.3698,pct_cartera,2024-Q4,"EBA, Risk Dashboard (anexo de datos)",https://www.eba.europa.eu/risk-and-data-analysis/risk-analysis/risk-monitoring/risk-dashboard,2026-09-16,,,n/a,ratio,media_ponderada_volumen,"indicador AQT_3.1; muestra de bancos del EBA, consolidado de grupo, no de segmento"
Portugal,agregado_sector_bancario,Ratio de NPE (instrumentos de deuda),1.7351,pct_cartera,2024-Q4,"EBA, Risk Dashboard (anexo de datos)",https://www.eba.europa.eu/risk-and-data-analysis/risk-analysis/risk-monitoring/risk-dashboard,2026-09-16,,,n/a,ratio,media_ponderada_volumen,"indicador AQT_3.1; muestra de bancos del EBA, consolidado de grupo, no de segmento"
Alemania,agregado_sector_bancario,Ratio de NPL (prestamos y anticipos),1.5838,pct_cartera,2024-Q4,"EBA, Risk Dashboard (anexo de datos)",https://www.eba.europa.eu/risk-and-data-analysis/risk-analysis/risk-monitoring/risk-dashboard,2026-09-16,,,n/a,ratio,media_ponderada_volumen,"indicador AQT_3.2; muestra de bancos del EBA, consolidado de grupo, no de segmento"
Espana,agregado_sector_bancario,Ratio de NPL (prestamos y anticipos),2.6815,pct_cartera,2024-Q4,"EBA, Risk Dashboard (anexo de datos)",https://www.eba.europa.eu/risk-and-data-analysis/risk-analysis/risk-monitoring/risk-dashboard,2026-09-16,,,n/a,ratio,media_ponderada_volumen,"indicador AQT_3.2; muestra de bancos del EBA, consolidado de grupo, no de segmento"
Union Europea,agregado_sector_bancario,Ratio de NPL (prestamos y anticipos),1.8824,pct_cartera,2024-Q4,"EBA, Risk Dashboard (anexo de datos)",https://www.eba.europa.eu/risk-and-data-analysis/risk-analysis/risk-monitoring/risk-dashboard,2026-09-16,,,n/a,ratio,media_ponderada_volumen,"indicador AQT_3.2; muestra de bancos del EBA, consolidado de grupo, no de segmento"
Francia,agregado_sector_bancario,Ratio de NPL (prestamos y anticipos),2.0262,pct_cartera,2024-Q4,"EBA, Risk Dashboard (anexo de datos)",https://www.eba.europa.eu/risk-and-data-analysis/risk-analysis/risk-monitoring/risk-dashboard,2026-09-16,,,n/a,ratio,media_ponderada_volumen,"indicador AQT_3.2; muestra de bancos del EBA, consolidado de grupo, no de segmento"
Irlanda,agregado_sector_bancario,Ratio de NPL (prestamos y anticipos),1.2433,pct_cartera,2024-Q4,"EBA, Risk Dashboard (anexo de datos)",https://www.eba.europa.eu/risk-and-data-analysis/risk-analysis/risk-monitoring/risk-dashboard,2026-09-16,,,n/a,ratio,media_ponderada_volumen,"indicador AQT_3.2; muestra de bancos del EBA, consolidado de grupo, no de segmento"
Italia,agregado_sector_bancario,Ratio de NPL (prestamos y anticipos),2.3094,pct_cartera,2024-Q4,"EBA, Risk Dashboard (anexo de datos)",https://www.eba.europa.eu/risk-and-data-analysis/risk-analysis/risk-monitoring/risk-dashboard,2026-09-16,,,n/a,ratio,media_ponderada_volumen,"indicador AQT_3.2; muestra de bancos del EBA, consolidado de grupo, no de segmento"
Paises Bajos,agregado_sector_bancario,Ratio de NPL (prestamos y anticipos),1.5057,pct_cartera,2024-Q4,"EBA, Risk Dashboard (anexo de datos)",https://www.eba.europa.eu/risk-and-data-analysis/risk-analysis/risk-monitoring/risk-dashboard,2026-09-16,,,n/a,ratio,media_ponderada_volumen,"indicador AQT_3.2; muestra de bancos del EBA, consolidado de grupo, no de segmento"
Portugal,agregado_sector_bancario,Ratio de NPL (prestamos y anticipos),2.2794,pct_cartera,2024-Q4,"EBA, Risk Dashboard (anexo de datos)",https://www.eba.europa.eu/risk-and-data-analysis/risk-analysis/risk-monitoring/risk-dashboard,2026-09-16,,,n/a,ratio,media_ponderada_volumen,"indicador AQT_3.2; muestra de bancos del EBA, consolidado de grupo, no de segmento"
Alemania,agregado_sector_bancario,Ratio de cobertura de NPL,32.7873,pct_cartera,2024-Q4,"EBA, Risk Dashboard (anexo de datos)",https://www.eba.europa.eu/risk-and-data-analysis/risk-analysis/risk-monitoring/risk-dashboard,2026-09-16,,,n/a,ratio,media_ponderada_volumen,"indicador AQT_41.2; muestra de bancos del EBA, consolidado de grupo, no de segmento"
Espana,agregado_sector_bancario,Ratio de cobertura de NPL,44.1816,pct_cartera,2024-Q4,"EBA, Risk Dashboard (anexo de datos)",https://www.eba.europa.eu/risk-and-data-analysis/risk-analysis/risk-monitoring/risk-dashboard,2026-09-16,,,n/a,ratio,media_ponderada_volumen,"indicador AQT_41.2; muestra de bancos del EBA, consolidado de grupo, no de segmento"
Union Europea,agregado_sector_bancario,Ratio de cobertura de NPL,41.1923,pct_cartera,2024-Q4,"EBA, Risk Dashboard (anexo de datos)",https://www.eba.europa.eu/risk-and-data-analysis/risk-analysis/risk-monitoring/risk-dashboard,2026-09-16,,,n/a,ratio,media_ponderada_volumen,"indicador AQT_41.2; muestra de bancos del EBA, consolidado de grupo, no de segmento"
Francia,agregado_sector_bancario,Ratio de cobertura de NPL,44.8879,pct_cartera,2024-Q4,"EBA, Risk Dashboard (anexo de datos)",https://www.eba.europa.eu/risk-and-data-analysis/risk-analysis/risk-monitoring/risk-dashboard,2026-09-16,,,n/a,ratio,media_ponderada_volumen,"indicador AQT_41.2; muestra de bancos del EBA, consolidado de grupo, no de segmento"
Irlanda,agregado_sector_bancario,Ratio de cobertura de NPL,30.6736,pct_cartera,2024-Q4,"EBA, Risk Dashboard (anexo de datos)",https://www.eba.europa.eu/risk-and-data-analysis/risk-analysis/risk-monitoring/risk-dashboard,2026-09-16,,,n/a,ratio,media_ponderada_volumen,"indicador AQT_41.2; muestra de bancos del EBA, consolidado de grupo, no de segmento"
Italia,agregado_sector_bancario,Ratio de cobertura de NPL,52.4826,pct_cartera,2024-Q4,"EBA, Risk Dashboard (anexo de datos)",https://www.eba.europa.eu/risk-and-data-analysis/risk-analysis/risk-monitoring/risk-dashboard,2026-09-16,,,n/a,ratio,media_ponderada_volumen,"indicador AQT_41.2; muestra de bancos del EBA, consolidado de grupo, no de segmento"
Paises Bajos,agregado_sector_bancario,Ratio de cobertura de NPL,24.2317,pct_cartera,2024-Q4,"EBA, Risk Dashboard (anexo de datos)",https://www.eba.europa.eu/risk-and-data-analysis/risk-analysis/risk-monitoring/risk-dashboard,2026-09-16,,,n/a,ratio,media_ponderada_volumen,"indicador AQT_41.2; muestra de bancos del EBA, consolidado de grupo, no de segmento"
Portugal,agregado_sector_bancario,Ratio de cobertura de NPL,59.0919,pct_cartera,2024-Q4,"EBA, Risk Dashboard (anexo de datos)",https://www.eba.europa.eu/risk-and-data-analysis/risk-analysis/risk-monitoring/risk-dashboard,2026-09-16,,,n/a,ratio,media_ponderada_volumen,"indicador AQT_41.2; muestra de bancos del EBA, consolidado de grupo, no de segmento"
Alemania,agregado_sector_bancario,Ratio de refinanciaciones (forbearance),1.7331,pct_cartera,2024-Q4,"EBA, Risk Dashboard (anexo de datos)",https://www.eba.europa.eu/risk-and-data-analysis/risk-analysis/risk-monitoring/risk-dashboard,2026-09-16,,,n/a,ratio,media_ponderada_volumen,"indicador AQT_42.2; muestra de bancos del EBA, consolidado de grupo, no de segmento"
Espana,agregado_sector_bancario,Ratio de refinanciaciones (forbearance),1.9846,pct_cartera,2024-Q4,"EBA, Risk Dashboard (anexo de datos)",https://www.eba.europa.eu/risk-and-data-analysis/risk-analysis/risk-monitoring/risk-dashboard,2026-09-16,,,n/a,ratio,media_ponderada_volumen,"indicador AQT_42.2; muestra de bancos del EBA, consolidado de grupo, no de segmento"
Union Europea,agregado_sector_bancario,Ratio de refinanciaciones (forbearance),1.4335,pct_cartera,2024-Q4,"EBA, Risk Dashboard (anexo de datos)",https://www.eba.europa.eu/risk-and-data-analysis/risk-analysis/risk-monitoring/risk-dashboard,2026-09-16,,,n/a,ratio,media_ponderada_volumen,"indicador AQT_42.2; muestra de bancos del EBA, consolidado de grupo, no de segmento"
Francia,agregado_sector_bancario,Ratio de refinanciaciones (forbearance),1.0770,pct_cartera,2024-Q4,"EBA, Risk Dashboard (anexo de datos)",https://www.eba.europa.eu/risk-and-data-analysis/risk-analysis/risk-monitoring/risk-dashboard,2026-09-16,,,n/a,ratio,media_ponderada_volumen,"indicador AQT_42.2; muestra de bancos del EBA, consolidado de grupo, no de segmento"
Irlanda,agregado_sector_bancario,Ratio de refinanciaciones (forbearance),1.6075,pct_cartera,2024-Q4,"EBA, Risk Dashboard (anexo de datos)",https://www.eba.europa.eu/risk-and-data-analysis/risk-analysis/risk-monitoring/risk-dashboard,2026-09-16,,,n/a,ratio,media_ponderada_volumen,"indicador AQT_42.2; muestra de bancos del EBA, consolidado de grupo, no de segmento"
Italia,agregado_sector_bancario,Ratio de refinanciaciones (forbearance),1.7601,pct_cartera,2024-Q4,"EBA, Risk Dashboard (anexo de datos)",https://www.eba.europa.eu/risk-and-data-analysis/risk-analysis/risk-monitoring/risk-dashboard,2026-09-16,,,n/a,ratio,media_ponderada_volumen,"indicador AQT_42.2; muestra de bancos del EBA, consolidado de grupo, no de segmento"
Paises Bajos,agregado_sector_bancario,Ratio de refinanciaciones (forbearance),1.5129,pct_cartera,2024-Q4,"EBA, Risk Dashboard (anexo de datos)",https://www.eba.europa.eu/risk-and-data-analysis/risk-analysis/risk-monitoring/risk-dashboard,2026-09-16,,,n/a,ratio,media_ponderada_volumen,"indicador AQT_42.2; muestra de bancos del EBA, consolidado de grupo, no de segmento"
Portugal,agregado_sector_bancario,Ratio de refinanciaciones (forbearance),2.1667,pct_cartera,2024-Q4,"EBA, Risk Dashboard (anexo de datos)",https://www.eba.europa.eu/risk-and-data-analysis/risk-analysis/risk-monitoring/risk-dashboard,2026-09-16,,,n/a,ratio,media_ponderada_volumen,"indicador AQT_42.2; muestra de bancos del EBA, consolidado de grupo, no de segmento"
Alemania,agregado_sector_bancario,ROE,6.5568,pct_roe,2024-Q4,"EBA, Risk Dashboard (anexo de datos)",https://www.eba.europa.eu/risk-and-data-analysis/risk-analysis/risk-monitoring/risk-dashboard,2026-09-16,,,n/a,ratio,media_ponderada_volumen,"indicador PFT_21; muestra de bancos del EBA, consolidado de grupo, no de segmento"
Espana,agregado_sector_bancario,ROE,14.5555,pct_roe,2024-Q4,"EBA, Risk Dashboard (anexo de datos)",https://www.eba.europa.eu/risk-and-data-analysis/risk-analysis/risk-monitoring/risk-dashboard,2026-09-16,,,n/a,ratio,media_ponderada_volumen,"indicador PFT_21; muestra de bancos del EBA, consolidado de grupo, no de segmento"
Union Europea,agregado_sector_bancario,ROE,10.5343,pct_roe,2024-Q4,"EBA, Risk Dashboard (anexo de datos)",https://www.eba.europa.eu/risk-and-data-analysis/risk-analysis/risk-monitoring/risk-dashboard,2026-09-16,,,n/a,ratio,media_ponderada_volumen,"indicador PFT_21; muestra de bancos del EBA, consolidado de grupo, no de segmento"
Francia,agregado_sector_bancario,ROE,6.5559,pct_roe,2024-Q4,"EBA, Risk Dashboard (anexo de datos)",https://www.eba.europa.eu/risk-and-data-analysis/risk-analysis/risk-monitoring/risk-dashboard,2026-09-16,,,n/a,ratio,media_ponderada_volumen,"indicador PFT_21; muestra de bancos del EBA, consolidado de grupo, no de segmento"
Irlanda,agregado_sector_bancario,ROE,12.4888,pct_roe,2024-Q4,"EBA, Risk Dashboard (anexo de datos)",https://www.eba.europa.eu/risk-and-data-analysis/risk-analysis/risk-monitoring/risk-dashboard,2026-09-16,,,n/a,ratio,media_ponderada_volumen,"indicador PFT_21; muestra de bancos del EBA, consolidado de grupo, no de segmento"
Italia,agregado_sector_bancario,ROE,14.6628,pct_roe,2024-Q4,"EBA, Risk Dashboard (anexo de datos)",https://www.eba.europa.eu/risk-and-data-analysis/risk-analysis/risk-monitoring/risk-dashboard,2026-09-16,,,n/a,ratio,media_ponderada_volumen,"indicador PFT_21; muestra de bancos del EBA, consolidado de grupo, no de segmento"
Paises Bajos,agregado_sector_bancario,ROE,10.8217,pct_roe,2024-Q4,"EBA, Risk Dashboard (anexo de datos)",https://www.eba.europa.eu/risk-and-data-analysis/risk-analysis/risk-monitoring/risk-dashboard,2026-09-16,,,n/a,ratio,media_ponderada_volumen,"indicador PFT_21; muestra de bancos del EBA, consolidado de grupo, no de segmento"
Portugal,agregado_sector_bancario,ROE,16.6863,pct_roe,2024-Q4,"EBA, Risk Dashboard (anexo de datos)",https://www.eba.europa.eu/risk-and-data-analysis/risk-analysis/risk-monitoring/risk-dashboard,2026-09-16,,,n/a,ratio,media_ponderada_volumen,"indicador PFT_21; muestra de bancos del EBA, consolidado de grupo, no de segmento"
Alemania,agregado_sector_bancario,Ratio de eficiencia (cost-to-income),60.9103,pct_ingresos,2024-Q4,"EBA, Risk Dashboard (anexo de datos)",https://www.eba.europa.eu/risk-and-data-analysis/risk-analysis/risk-monitoring/risk-dashboard,2026-09-16,,,n/a,ratio,media_ponderada_volumen,"indicador PFT_23; muestra de bancos del EBA, consolidado de grupo, no de segmento"
Espana,agregado_sector_bancario,Ratio de eficiencia (cost-to-income),42.6369,pct_ingresos,2024-Q4,"EBA, Risk Dashboard (anexo de datos)",https://www.eba.europa.eu/risk-and-data-analysis/risk-analysis/risk-monitoring/risk-dashboard,2026-09-16,,,n/a,ratio,media_ponderada_volumen,"indicador PFT_23; muestra de bancos del EBA, consolidado de grupo, no de segmento"
Union Europea,agregado_sector_bancario,Ratio de eficiencia (cost-to-income),52.7998,pct_ingresos,2024-Q4,"EBA, Risk Dashboard (anexo de datos)",https://www.eba.europa.eu/risk-and-data-analysis/risk-analysis/risk-monitoring/risk-dashboard,2026-09-16,,,n/a,ratio,media_ponderada_volumen,"indicador PFT_23; muestra de bancos del EBA, consolidado de grupo, no de segmento"
Francia,agregado_sector_bancario,Ratio de eficiencia (cost-to-income),67.3236,pct_ingresos,2024-Q4,"EBA, Risk Dashboard (anexo de datos)",https://www.eba.europa.eu/risk-and-data-analysis/risk-analysis/risk-monitoring/risk-dashboard,2026-09-16,,,n/a,ratio,media_ponderada_volumen,"indicador PFT_23; muestra de bancos del EBA, consolidado de grupo, no de segmento"
Irlanda,agregado_sector_bancario,Ratio de eficiencia (cost-to-income),46.2139,pct_ingresos,2024-Q4,"EBA, Risk Dashboard (anexo de datos)",https://www.eba.europa.eu/risk-and-data-analysis/risk-analysis/risk-monitoring/risk-dashboard,2026-09-16,,,n/a,ratio,media_ponderada_volumen,"indicador PFT_23; muestra de bancos del EBA, consolidado de grupo, no de segmento"
Italia,agregado_sector_bancario,Ratio de eficiencia (cost-to-income),49.8530,pct_ingresos,2024-Q4,"EBA, Risk Dashboard (anexo de datos)",https://www.eba.europa.eu/risk-and-data-analysis/risk-analysis/risk-monitoring/risk-dashboard,2026-09-16,,,n/a,ratio,media_ponderada_volumen,"indicador PFT_23; muestra de bancos del EBA, consolidado de grupo, no de segmento"
Paises Bajos,agregado_sector_bancario,Ratio de eficiencia (cost-to-income),53.6540,pct_ingresos,2024-Q4,"EBA, Risk Dashboard (anexo de datos)",https://www.eba.europa.eu/risk-and-data-analysis/risk-analysis/risk-monitoring/risk-dashboard,2026-09-16,,,n/a,ratio,media_ponderada_volumen,"indicador PFT_23; muestra de bancos del EBA, consolidado de grupo, no de segmento"
Portugal,agregado_sector_bancario,Ratio de eficiencia (cost-to-income),32.2217,pct_ingresos,2024-Q4,"EBA, Risk Dashboard (anexo de datos)",https://www.eba.europa.eu/risk-and-data-analysis/risk-analysis/risk-monitoring/risk-dashboard,2026-09-16,,,n/a,ratio,media_ponderada_volumen,"indicador PFT_23; muestra de bancos del EBA, consolidado de grupo, no de segmento"
Alemania,agregado_sector_bancario,Margen de intereses sobre ingresos operativos,52.4033,pct_ingresos,2024-Q4,"EBA, Risk Dashboard (anexo de datos)",https://www.eba.europa.eu/risk-and-data-analysis/risk-analysis/risk-monitoring/risk-dashboard,2026-09-16,,,n/a,ratio,media_ponderada_volumen,"indicador PFT_25; muestra de bancos del EBA, consolidado de grupo, no de segmento"
Espana,agregado_sector_bancario,Margen de intereses sobre ingresos operativos,74.7941,pct_ingresos,2024-Q4,"EBA, Risk Dashboard (anexo de datos)",https://www.eba.europa.eu/risk-and-data-analysis/risk-analysis/risk-monitoring/risk-dashboard,2026-09-16,,,n/a,ratio,media_ponderada_volumen,"indicador PFT_25; muestra de bancos del EBA, consolidado de grupo, no de segmento"
Union Europea,agregado_sector_bancario,Margen de intereses sobre ingresos operativos,60.2838,pct_ingresos,2024-Q4,"EBA, Risk Dashboard (anexo de datos)",https://www.eba.europa.eu/risk-and-data-analysis/risk-analysis/risk-monitoring/risk-dashboard,2026-09-16,,,n/a,ratio,media_ponderada_volumen,"indicador PFT_25; muestra de bancos del EBA, consolidado de grupo, no de segmento"
Francia,agregado_sector_bancario,Margen de intereses sobre ingresos operativos,40.5181,pct_ingresos,2024-Q4,"EBA, Risk Dashboard (anexo de datos)",https://www.eba.europa.eu/risk-and-data-analysis/risk-analysis/risk-monitoring/risk-dashboard,2026-09-16,,,n/a,ratio,media_ponderada_volumen,"indicador PFT_25; muestra de bancos del EBA, consolidado de grupo, no de segmento"
Irlanda,agregado_sector_bancario,Margen de intereses sobre ingresos operativos,69.7601,pct_ingresos,2024-Q4,"EBA, Risk Dashboard (anexo de datos)",https://www.eba.europa.eu/risk-and-data-analysis/risk-analysis/risk-monitoring/risk-dashboard,2026-09-16,,,n/a,ratio,media_ponderada_volumen,"indicador PFT_25; muestra de bancos del EBA, consolidado de grupo, no de segmento"
Italia,agregado_sector_bancario,Margen de intereses sobre ingresos operativos,59.2625,pct_ingresos,2024-Q4,"EBA, Risk Dashboard (anexo de datos)",https://www.eba.europa.eu/risk-and-data-analysis/risk-analysis/risk-monitoring/risk-dashboard,2026-09-16,,,n/a,ratio,media_ponderada_volumen,"indicador PFT_25; muestra de bancos del EBA, consolidado de grupo, no de segmento"
Paises Bajos,agregado_sector_bancario,Margen de intereses sobre ingresos operativos,70.7860,pct_ingresos,2024-Q4,"EBA, Risk Dashboard (anexo de datos)",https://www.eba.europa.eu/risk-and-data-analysis/risk-analysis/risk-monitoring/risk-dashboard,2026-09-16,,,n/a,ratio,media_ponderada_volumen,"indicador PFT_25; muestra de bancos del EBA, consolidado de grupo, no de segmento"
Portugal,agregado_sector_bancario,Margen de intereses sobre ingresos operativos,78.8369,pct_ingresos,2024-Q4,"EBA, Risk Dashboard (anexo de datos)",https://www.eba.europa.eu/risk-and-data-analysis/risk-analysis/risk-monitoring/risk-dashboard,2026-09-16,,,n/a,ratio,media_ponderada_volumen,"indicador PFT_25; muestra de bancos del EBA, consolidado de grupo, no de segmento"
Alemania,agregado_sector_bancario,Comisiones netas sobre ingresos operativos,31.9440,pct_ingresos,2024-Q4,"EBA, Risk Dashboard (anexo de datos)",https://www.eba.europa.eu/risk-and-data-analysis/risk-analysis/risk-monitoring/risk-dashboard,2026-09-16,,,n/a,ratio,media_ponderada_volumen,"indicador PFT_26; muestra de bancos del EBA, consolidado de grupo, no de segmento"
Espana,agregado_sector_bancario,Comisiones netas sobre ingresos operativos,23.1104,pct_ingresos,2024-Q4,"EBA, Risk Dashboard (anexo de datos)",https://www.eba.europa.eu/risk-and-data-analysis/risk-analysis/risk-monitoring/risk-dashboard,2026-09-16,,,n/a,ratio,media_ponderada_volumen,"indicador PFT_26; muestra de bancos del EBA, consolidado de grupo, no de segmento"
Union Europea,agregado_sector_bancario,Comisiones netas sobre ingresos operativos,28.0587,pct_ingresos,2024-Q4,"EBA, Risk Dashboard (anexo de datos)",https://www.eba.europa.eu/risk-and-data-analysis/risk-analysis/risk-monitoring/risk-dashboard,2026-09-16,,,n/a,ratio,media_ponderada_volumen,"indicador PFT_26; muestra de bancos del EBA, consolidado de grupo, no de segmento"
Francia,agregado_sector_bancario,Comisiones netas sobre ingresos operativos,35.8415,pct_ingresos,2024-Q4,"EBA, Risk Dashboard (anexo de datos)",https://www.eba.europa.eu/risk-and-data-analysis/risk-analysis/risk-monitoring/risk-dashboard,2026-09-16,,,n/a,ratio,media_ponderada_volumen,"indicador PFT_26; muestra de bancos del EBA, consolidado de grupo, no de segmento"
Irlanda,agregado_sector_bancario,Comisiones netas sobre ingresos operativos,17.6874,pct_ingresos,2024-Q4,"EBA, Risk Dashboard (anexo de datos)",https://www.eba.europa.eu/risk-and-data-analysis/risk-analysis/risk-monitoring/risk-dashboard,2026-09-16,,,n/a,ratio,media_ponderada_volumen,"indicador PFT_26; muestra de bancos del EBA, consolidado de grupo, no de segmento"
Italia,agregado_sector_bancario,Comisiones netas sobre ingresos operativos,32.1277,pct_ingresos,2024-Q4,"EBA, Risk Dashboard (anexo de datos)",https://www.eba.europa.eu/risk-and-data-analysis/risk-analysis/risk-monitoring/risk-dashboard,2026-09-16,,,n/a,ratio,media_ponderada_volumen,"indicador PFT_26; muestra de bancos del EBA, consolidado de grupo, no de segmento"
Paises Bajos,agregado_sector_bancario,Comisiones netas sobre ingresos operativos,17.2061,pct_ingresos,2024-Q4,"EBA, Risk Dashboard (anexo de datos)",https://www.eba.europa.eu/risk-and-data-analysis/risk-analysis/risk-monitoring/risk-dashboard,2026-09-16,,,n/a,ratio,media_ponderada_volumen,"indicador PFT_26; muestra de bancos del EBA, consolidado de grupo, no de segmento"
Portugal,agregado_sector_bancario,Comisiones netas sobre ingresos operativos,20.3937,pct_ingresos,2024-Q4,"EBA, Risk Dashboard (anexo de datos)",https://www.eba.europa.eu/risk-and-data-analysis/risk-analysis/risk-monitoring/risk-dashboard,2026-09-16,,,n/a,ratio,media_ponderada_volumen,"indicador PFT_26; muestra de bancos del EBA, consolidado de grupo, no de segmento"
Alemania,agregado_sector_bancario,Margen de intereses (NIM),1.1374,pct_activos,2024-Q4,"EBA, Risk Dashboard (anexo de datos)",https://www.eba.europa.eu/risk-and-data-analysis/risk-analysis/risk-monitoring/risk-dashboard,2026-09-16,,,n/a,ratio,media_ponderada_volumen,"indicador PFT_41; muestra de bancos del EBA, consolidado de grupo, no de segmento"
Espana,agregado_sector_bancario,Margen de intereses (NIM),2.8139,pct_activos,2024-Q4,"EBA, Risk Dashboard (anexo de datos)",https://www.eba.europa.eu/risk-and-data-analysis/risk-analysis/risk-monitoring/risk-dashboard,2026-09-16,,,n/a,ratio,media_ponderada_volumen,"indicador PFT_41; muestra de bancos del EBA, consolidado de grupo, no de segmento"
Union Europea,agregado_sector_bancario,Margen de intereses (NIM),1.6646,pct_activos,2024-Q4,"EBA, Risk Dashboard (anexo de datos)",https://www.eba.europa.eu/risk-and-data-analysis/risk-analysis/risk-monitoring/risk-dashboard,2026-09-16,,,n/a,ratio,media_ponderada_volumen,"indicador PFT_41; muestra de bancos del EBA, consolidado de grupo, no de segmento"
Francia,agregado_sector_bancario,Margen de intereses (NIM),0.8976,pct_activos,2024-Q4,"EBA, Risk Dashboard (anexo de datos)",https://www.eba.europa.eu/risk-and-data-analysis/risk-analysis/risk-monitoring/risk-dashboard,2026-09-16,,,n/a,ratio,media_ponderada_volumen,"indicador PFT_41; muestra de bancos del EBA, consolidado de grupo, no de segmento"
Irlanda,agregado_sector_bancario,Margen de intereses (NIM),2.6880,pct_activos,2024-Q4,"EBA, Risk Dashboard (anexo de datos)",https://www.eba.europa.eu/risk-and-data-analysis/risk-analysis/risk-monitoring/risk-dashboard,2026-09-16,,,n/a,ratio,media_ponderada_volumen,"indicador PFT_41; muestra de bancos del EBA, consolidado de grupo, no de segmento"
Italia,agregado_sector_bancario,Margen de intereses (NIM),2.2857,pct_activos,2024-Q4,"EBA, Risk Dashboard (anexo de datos)",https://www.eba.europa.eu/risk-and-data-analysis/risk-analysis/risk-monitoring/risk-dashboard,2026-09-16,,,n/a,ratio,media_ponderada_volumen,"indicador PFT_41; muestra de bancos del EBA, consolidado de grupo, no de segmento"
Paises Bajos,agregado_sector_bancario,Margen de intereses (NIM),1.6476,pct_activos,2024-Q4,"EBA, Risk Dashboard (anexo de datos)",https://www.eba.europa.eu/risk-and-data-analysis/risk-analysis/risk-monitoring/risk-dashboard,2026-09-16,,,n/a,ratio,media_ponderada_volumen,"indicador PFT_41; muestra de bancos del EBA, consolidado de grupo, no de segmento"
Portugal,agregado_sector_bancario,Margen de intereses (NIM),2.9921,pct_activos,2024-Q4,"EBA, Risk Dashboard (anexo de datos)",https://www.eba.europa.eu/risk-and-data-analysis/risk-analysis/risk-monitoring/risk-dashboard,2026-09-16,,,n/a,ratio,media_ponderada_volumen,"indicador PFT_41; muestra de bancos del EBA, consolidado de grupo, no de segmento"
Alemania,agregado_sector_bancario,Coste del riesgo,0.4873,pct_cartera,2024-Q4,"EBA, Risk Dashboard (anexo de datos)",https://www.eba.europa.eu/risk-and-data-analysis/risk-analysis/risk-monitoring/risk-dashboard,2026-09-16,,,n/a,ratio,media_ponderada_volumen,"indicador PFT_43; muestra de bancos del EBA, consolidado de grupo, no de segmento"
Espana,agregado_sector_bancario,Coste del riesgo,1.0742,pct_cartera,2024-Q4,"EBA, Risk Dashboard (anexo de datos)",https://www.eba.europa.eu/risk-and-data-analysis/risk-analysis/risk-monitoring/risk-dashboard,2026-09-16,,,n/a,ratio,media_ponderada_volumen,"indicador PFT_43; muestra de bancos del EBA, consolidado de grupo, no de segmento"
Union Europea,agregado_sector_bancario,Coste del riesgo,0.4880,pct_cartera,2024-Q4,"EBA, Risk Dashboard (anexo de datos)",https://www.eba.europa.eu/risk-and-data-analysis/risk-analysis/risk-monitoring/risk-dashboard,2026-09-16,,,n/a,ratio,media_ponderada_volumen,"indicador PFT_43; muestra de bancos del EBA, consolidado de grupo, no de segmento"
Francia,agregado_sector_bancario,Coste del riesgo,0.4958,pct_cartera,2024-Q4,"EBA, Risk Dashboard (anexo de datos)",https://www.eba.europa.eu/risk-and-data-analysis/risk-analysis/risk-monitoring/risk-dashboard,2026-09-16,,,n/a,ratio,media_ponderada_volumen,"indicador PFT_43; muestra de bancos del EBA, consolidado de grupo, no de segmento"
Irlanda,agregado_sector_bancario,Coste del riesgo,0.2880,pct_cartera,2024-Q4,"EBA, Risk Dashboard (anexo de datos)",https://www.eba.europa.eu/risk-and-data-analysis/risk-analysis/risk-monitoring/risk-dashboard,2026-09-16,,,n/a,ratio,media_ponderada_volumen,"indicador PFT_43; muestra de bancos del EBA, consolidado de grupo, no de segmento"
Italia,agregado_sector_bancario,Coste del riesgo,0.3498,pct_cartera,2024-Q4,"EBA, Risk Dashboard (anexo de datos)",https://www.eba.europa.eu/risk-and-data-analysis/risk-analysis/risk-monitoring/risk-dashboard,2026-09-16,,,n/a,ratio,media_ponderada_volumen,"indicador PFT_43; muestra de bancos del EBA, consolidado de grupo, no de segmento"
Paises Bajos,agregado_sector_bancario,Coste del riesgo,0.1698,pct_cartera,2024-Q4,"EBA, Risk Dashboard (anexo de datos)",https://www.eba.europa.eu/risk-and-data-analysis/risk-analysis/risk-monitoring/risk-dashboard,2026-09-16,,,n/a,ratio,media_ponderada_volumen,"indicador PFT_43; muestra de bancos del EBA, consolidado de grupo, no de segmento"
Portugal,agregado_sector_bancario,Coste del riesgo,0.2378,pct_cartera,2024-Q4,"EBA, Risk Dashboard (anexo de datos)",https://www.eba.europa.eu/risk-and-data-analysis/risk-analysis/risk-monitoring/risk-dashboard,2026-09-16,,,n/a,ratio,media_ponderada_volumen,"indicador PFT_43; muestra de bancos del EBA, consolidado de grupo, no de segmento"
Alemania,agregado_sector_bancario,Ratio de apalancamiento,6.0585,pct_activos,2024-Q4,"EBA, Risk Dashboard (anexo de datos)",https://www.eba.europa.eu/risk-and-data-analysis/risk-analysis/risk-monitoring/risk-dashboard,2026-09-16,,,n/a,ratio,media_ponderada_volumen,"indicador SVC_13; muestra de bancos del EBA, consolidado de grupo, no de segmento"
Espana,agregado_sector_bancario,Ratio de apalancamiento,5.5100,pct_activos,2024-Q4,"EBA, Risk Dashboard (anexo de datos)",https://www.eba.europa.eu/risk-and-data-analysis/risk-analysis/risk-monitoring/risk-dashboard,2026-09-16,,,n/a,ratio,media_ponderada_volumen,"indicador SVC_13; muestra de bancos del EBA, consolidado de grupo, no de segmento"
Union Europea,agregado_sector_bancario,Ratio de apalancamiento,5.9900,pct_activos,2024-Q4,"EBA, Risk Dashboard (anexo de datos)",https://www.eba.europa.eu/risk-and-data-analysis/risk-analysis/risk-monitoring/risk-dashboard,2026-09-16,,,n/a,ratio,media_ponderada_volumen,"indicador SVC_13; muestra de bancos del EBA, consolidado de grupo, no de segmento"
Francia,agregado_sector_bancario,Ratio de apalancamiento,5.5114,pct_activos,2024-Q4,"EBA, Risk Dashboard (anexo de datos)",https://www.eba.europa.eu/risk-and-data-analysis/risk-analysis/risk-monitoring/risk-dashboard,2026-09-16,,,n/a,ratio,media_ponderada_volumen,"indicador SVC_13; muestra de bancos del EBA, consolidado de grupo, no de segmento"
Irlanda,agregado_sector_bancario,Ratio de apalancamiento,8.3033,pct_activos,2024-Q4,"EBA, Risk Dashboard (anexo de datos)",https://www.eba.europa.eu/risk-and-data-analysis/risk-analysis/risk-monitoring/risk-dashboard,2026-09-16,,,n/a,ratio,media_ponderada_volumen,"indicador SVC_13; muestra de bancos del EBA, consolidado de grupo, no de segmento"
Italia,agregado_sector_bancario,Ratio de apalancamiento,6.1855,pct_activos,2024-Q4,"EBA, Risk Dashboard (anexo de datos)",https://www.eba.europa.eu/risk-and-data-analysis/risk-analysis/risk-monitoring/risk-dashboard,2026-09-16,,,n/a,ratio,media_ponderada_volumen,"indicador SVC_13; muestra de bancos del EBA, consolidado de grupo, no de segmento"
Paises Bajos,agregado_sector_bancario,Ratio de apalancamiento,5.9604,pct_activos,2024-Q4,"EBA, Risk Dashboard (anexo de datos)",https://www.eba.europa.eu/risk-and-data-analysis/risk-analysis/risk-monitoring/risk-dashboard,2026-09-16,,,n/a,ratio,media_ponderada_volumen,"indicador SVC_13; muestra de bancos del EBA, consolidado de grupo, no de segmento"
Portugal,agregado_sector_bancario,Ratio de apalancamiento,7.2972,pct_activos,2024-Q4,"EBA, Risk Dashboard (anexo de datos)",https://www.eba.europa.eu/risk-and-data-analysis/risk-analysis/risk-monitoring/risk-dashboard,2026-09-16,,,n/a,ratio,media_ponderada_volumen,"indicador SVC_13; muestra de bancos del EBA, consolidado de grupo, no de segmento"
Alemania,agregado_sector_bancario,Ratio CET1,17.1838,pct_rwa,2024-Q4,"EBA, Risk Dashboard (anexo de datos)",https://www.eba.europa.eu/risk-and-data-analysis/risk-analysis/risk-monitoring/risk-dashboard,2026-09-16,,,n/a,ratio,media_ponderada_volumen,"indicador SVC_3; muestra de bancos del EBA, consolidado de grupo, no de segmento"
Espana,agregado_sector_bancario,Ratio CET1,12.8839,pct_rwa,2024-Q4,"EBA, Risk Dashboard (anexo de datos)",https://www.eba.europa.eu/risk-and-data-analysis/risk-analysis/risk-monitoring/risk-dashboard,2026-09-16,,,n/a,ratio,media_ponderada_volumen,"indicador SVC_3; muestra de bancos del EBA, consolidado de grupo, no de segmento"
Union Europea,agregado_sector_bancario,Ratio CET1,16.2331,pct_rwa,2024-Q4,"EBA, Risk Dashboard (anexo de datos)",https://www.eba.europa.eu/risk-and-data-analysis/risk-analysis/risk-monitoring/risk-dashboard,2026-09-16,,,n/a,ratio,media_ponderada_volumen,"indicador SVC_3; muestra de bancos del EBA, consolidado de grupo, no de segmento"
Francia,agregado_sector_bancario,Ratio CET1,16.0993,pct_rwa,2024-Q4,"EBA, Risk Dashboard (anexo de datos)",https://www.eba.europa.eu/risk-and-data-analysis/risk-analysis/risk-monitoring/risk-dashboard,2026-09-16,,,n/a,ratio,media_ponderada_volumen,"indicador SVC_3; muestra de bancos del EBA, consolidado de grupo, no de segmento"
Irlanda,agregado_sector_bancario,Ratio CET1,18.5891,pct_rwa,2024-Q4,"EBA, Risk Dashboard (anexo de datos)",https://www.eba.europa.eu/risk-and-data-analysis/risk-analysis/risk-monitoring/risk-dashboard,2026-09-16,,,n/a,ratio,media_ponderada_volumen,"indicador SVC_3; muestra de bancos del EBA, consolidado de grupo, no de segmento"
Italia,agregado_sector_bancario,Ratio CET1,16.1543,pct_rwa,2024-Q4,"EBA, Risk Dashboard (anexo de datos)",https://www.eba.europa.eu/risk-and-data-analysis/risk-analysis/risk-monitoring/risk-dashboard,2026-09-16,,,n/a,ratio,media_ponderada_volumen,"indicador SVC_3; muestra de bancos del EBA, consolidado de grupo, no de segmento"
Paises Bajos,agregado_sector_bancario,Ratio CET1,15.8298,pct_rwa,2024-Q4,"EBA, Risk Dashboard (anexo de datos)",https://www.eba.europa.eu/risk-and-data-analysis/risk-analysis/risk-monitoring/risk-dashboard,2026-09-16,,,n/a,ratio,media_ponderada_volumen,"indicador SVC_3; muestra de bancos del EBA, consolidado de grupo, no de segmento"
Portugal,agregado_sector_bancario,Ratio CET1,17.7919,pct_rwa,2024-Q4,"EBA, Risk Dashboard (anexo de datos)",https://www.eba.europa.eu/risk-and-data-analysis/risk-analysis/risk-monitoring/risk-dashboard,2026-09-16,,,n/a,ratio,media_ponderada_volumen,"indicador SVC_3; muestra de bancos del EBA, consolidado de grupo, no de segmento"
Alemania,agregado_sector_bancario,Ratio de NPE (instrumentos de deuda),1.3126,pct_cartera,2025-Q1,"EBA, Risk Dashboard (anexo de datos)",https://www.eba.europa.eu/risk-and-data-analysis/risk-analysis/risk-monitoring/risk-dashboard,2026-09-16,,,n/a,ratio,media_ponderada_volumen,"indicador AQT_3.1; muestra de bancos del EBA, consolidado de grupo, no de segmento"
Espana,agregado_sector_bancario,Ratio de NPE (instrumentos de deuda),2.2859,pct_cartera,2025-Q1,"EBA, Risk Dashboard (anexo de datos)",https://www.eba.europa.eu/risk-and-data-analysis/risk-analysis/risk-monitoring/risk-dashboard,2026-09-16,,,n/a,ratio,media_ponderada_volumen,"indicador AQT_3.1; muestra de bancos del EBA, consolidado de grupo, no de segmento"
Union Europea,agregado_sector_bancario,Ratio de NPE (instrumentos de deuda),1.6076,pct_cartera,2025-Q1,"EBA, Risk Dashboard (anexo de datos)",https://www.eba.europa.eu/risk-and-data-analysis/risk-analysis/risk-monitoring/risk-dashboard,2026-09-16,,,n/a,ratio,media_ponderada_volumen,"indicador AQT_3.1; muestra de bancos del EBA, consolidado de grupo, no de segmento"
Francia,agregado_sector_bancario,Ratio de NPE (instrumentos de deuda),1.8440,pct_cartera,2025-Q1,"EBA, Risk Dashboard (anexo de datos)",https://www.eba.europa.eu/risk-and-data-analysis/risk-analysis/risk-monitoring/risk-dashboard,2026-09-16,,,n/a,ratio,media_ponderada_volumen,"indicador AQT_3.1; muestra de bancos del EBA, consolidado de grupo, no de segmento"
Irlanda,agregado_sector_bancario,Ratio de NPE (instrumentos de deuda),1.1018,pct_cartera,2025-Q1,"EBA, Risk Dashboard (anexo de datos)",https://www.eba.europa.eu/risk-and-data-analysis/risk-analysis/risk-monitoring/risk-dashboard,2026-09-16,,,n/a,ratio,media_ponderada_volumen,"indicador AQT_3.1; muestra de bancos del EBA, consolidado de grupo, no de segmento"
Italia,agregado_sector_bancario,Ratio de NPE (instrumentos de deuda),1.7810,pct_cartera,2025-Q1,"EBA, Risk Dashboard (anexo de datos)",https://www.eba.europa.eu/risk-and-data-analysis/risk-analysis/risk-monitoring/risk-dashboard,2026-09-16,,,n/a,ratio,media_ponderada_volumen,"indicador AQT_3.1; muestra de bancos del EBA, consolidado de grupo, no de segmento"
Paises Bajos,agregado_sector_bancario,Ratio de NPE (instrumentos de deuda),1.2859,pct_cartera,2025-Q1,"EBA, Risk Dashboard (anexo de datos)",https://www.eba.europa.eu/risk-and-data-analysis/risk-analysis/risk-monitoring/risk-dashboard,2026-09-16,,,n/a,ratio,media_ponderada_volumen,"indicador AQT_3.1; muestra de bancos del EBA, consolidado de grupo, no de segmento"
Portugal,agregado_sector_bancario,Ratio de NPE (instrumentos de deuda),1.6758,pct_cartera,2025-Q1,"EBA, Risk Dashboard (anexo de datos)",https://www.eba.europa.eu/risk-and-data-analysis/risk-analysis/risk-monitoring/risk-dashboard,2026-09-16,,,n/a,ratio,media_ponderada_volumen,"indicador AQT_3.1; muestra de bancos del EBA, consolidado de grupo, no de segmento"
Alemania,agregado_sector_bancario,Ratio de NPL (prestamos y anticipos),1.4483,pct_cartera,2025-Q1,"EBA, Risk Dashboard (anexo de datos)",https://www.eba.europa.eu/risk-and-data-analysis/risk-analysis/risk-monitoring/risk-dashboard,2026-09-16,,,n/a,ratio,media_ponderada_volumen,"indicador AQT_3.2; muestra de bancos del EBA, consolidado de grupo, no de segmento"
Espana,agregado_sector_bancario,Ratio de NPL (prestamos y anticipos),2.6714,pct_cartera,2025-Q1,"EBA, Risk Dashboard (anexo de datos)",https://www.eba.europa.eu/risk-and-data-analysis/risk-analysis/risk-monitoring/risk-dashboard,2026-09-16,,,n/a,ratio,media_ponderada_volumen,"indicador AQT_3.2; muestra de bancos del EBA, consolidado de grupo, no de segmento"
Union Europea,agregado_sector_bancario,Ratio de NPL (prestamos y anticipos),1.8391,pct_cartera,2025-Q1,"EBA, Risk Dashboard (anexo de datos)",https://www.eba.europa.eu/risk-and-data-analysis/risk-analysis/risk-monitoring/risk-dashboard,2026-09-16,,,n/a,ratio,media_ponderada_volumen,"indicador AQT_3.2; muestra de bancos del EBA, consolidado de grupo, no de segmento"
Francia,agregado_sector_bancario,Ratio de NPL (prestamos y anticipos),2.0526,pct_cartera,2025-Q1,"EBA, Risk Dashboard (anexo de datos)",https://www.eba.europa.eu/risk-and-data-analysis/risk-analysis/risk-monitoring/risk-dashboard,2026-09-16,,,n/a,ratio,media_ponderada_volumen,"indicador AQT_3.2; muestra de bancos del EBA, consolidado de grupo, no de segmento"
Irlanda,agregado_sector_bancario,Ratio de NPL (prestamos y anticipos),1.2702,pct_cartera,2025-Q1,"EBA, Risk Dashboard (anexo de datos)",https://www.eba.europa.eu/risk-and-data-analysis/risk-analysis/risk-monitoring/risk-dashboard,2026-09-16,,,n/a,ratio,media_ponderada_volumen,"indicador AQT_3.2; muestra de bancos del EBA, consolidado de grupo, no de segmento"
Italia,agregado_sector_bancario,Ratio de NPL (prestamos y anticipos),2.3157,pct_cartera,2025-Q1,"EBA, Risk Dashboard (anexo de datos)",https://www.eba.europa.eu/risk-and-data-analysis/risk-analysis/risk-monitoring/risk-dashboard,2026-09-16,,,n/a,ratio,media_ponderada_volumen,"indicador AQT_3.2; muestra de bancos del EBA, consolidado de grupo, no de segmento"
Paises Bajos,agregado_sector_bancario,Ratio de NPL (prestamos y anticipos),1.4149,pct_cartera,2025-Q1,"EBA, Risk Dashboard (anexo de datos)",https://www.eba.europa.eu/risk-and-data-analysis/risk-analysis/risk-monitoring/risk-dashboard,2026-09-16,,,n/a,ratio,media_ponderada_volumen,"indicador AQT_3.2; muestra de bancos del EBA, consolidado de grupo, no de segmento"
Portugal,agregado_sector_bancario,Ratio de NPL (prestamos y anticipos),2.1607,pct_cartera,2025-Q1,"EBA, Risk Dashboard (anexo de datos)",https://www.eba.europa.eu/risk-and-data-analysis/risk-analysis/risk-monitoring/risk-dashboard,2026-09-16,,,n/a,ratio,media_ponderada_volumen,"indicador AQT_3.2; muestra de bancos del EBA, consolidado de grupo, no de segmento"
Alemania,agregado_sector_bancario,Ratio de cobertura de NPL,35.3150,pct_cartera,2025-Q1,"EBA, Risk Dashboard (anexo de datos)",https://www.eba.europa.eu/risk-and-data-analysis/risk-analysis/risk-monitoring/risk-dashboard,2026-09-16,,,n/a,ratio,media_ponderada_volumen,"indicador AQT_41.2; muestra de bancos del EBA, consolidado de grupo, no de segmento"
Espana,agregado_sector_bancario,Ratio de cobertura de NPL,44.3362,pct_cartera,2025-Q1,"EBA, Risk Dashboard (anexo de datos)",https://www.eba.europa.eu/risk-and-data-analysis/risk-analysis/risk-monitoring/risk-dashboard,2026-09-16,,,n/a,ratio,media_ponderada_volumen,"indicador AQT_41.2; muestra de bancos del EBA, consolidado de grupo, no de segmento"
Union Europea,agregado_sector_bancario,Ratio de cobertura de NPL,41.4797,pct_cartera,2025-Q1,"EBA, Risk Dashboard (anexo de datos)",https://www.eba.europa.eu/risk-and-data-analysis/risk-analysis/risk-monitoring/risk-dashboard,2026-09-16,,,n/a,ratio,media_ponderada_volumen,"indicador AQT_41.2; muestra de bancos del EBA, consolidado de grupo, no de segmento"
Francia,agregado_sector_bancario,Ratio de cobertura de NPL,44.6966,pct_cartera,2025-Q1,"EBA, Risk Dashboard (anexo de datos)",https://www.eba.europa.eu/risk-and-data-analysis/risk-analysis/risk-monitoring/risk-dashboard,2026-09-16,,,n/a,ratio,media_ponderada_volumen,"indicador AQT_41.2; muestra de bancos del EBA, consolidado de grupo, no de segmento"
Irlanda,agregado_sector_bancario,Ratio de cobertura de NPL,30.6559,pct_cartera,2025-Q1,"EBA, Risk Dashboard (anexo de datos)",https://www.eba.europa.eu/risk-and-data-analysis/risk-analysis/risk-monitoring/risk-dashboard,2026-09-16,,,n/a,ratio,media_ponderada_volumen,"indicador AQT_41.2; muestra de bancos del EBA, consolidado de grupo, no de segmento"
Italia,agregado_sector_bancario,Ratio de cobertura de NPL,52.8385,pct_cartera,2025-Q1,"EBA, Risk Dashboard (anexo de datos)",https://www.eba.europa.eu/risk-and-data-analysis/risk-analysis/risk-monitoring/risk-dashboard,2026-09-16,,,n/a,ratio,media_ponderada_volumen,"indicador AQT_41.2; muestra de bancos del EBA, consolidado de grupo, no de segmento"
Paises Bajos,agregado_sector_bancario,Ratio de cobertura de NPL,23.7051,pct_cartera,2025-Q1,"EBA, Risk Dashboard (anexo de datos)",https://www.eba.europa.eu/risk-and-data-analysis/risk-analysis/risk-monitoring/risk-dashboard,2026-09-16,,,n/a,ratio,media_ponderada_volumen,"indicador AQT_41.2; muestra de bancos del EBA, consolidado de grupo, no de segmento"
Portugal,agregado_sector_bancario,Ratio de cobertura de NPL,58.0870,pct_cartera,2025-Q1,"EBA, Risk Dashboard (anexo de datos)",https://www.eba.europa.eu/risk-and-data-analysis/risk-analysis/risk-monitoring/risk-dashboard,2026-09-16,,,n/a,ratio,media_ponderada_volumen,"indicador AQT_41.2; muestra de bancos del EBA, consolidado de grupo, no de segmento"
Alemania,agregado_sector_bancario,Ratio de refinanciaciones (forbearance),1.6819,pct_cartera,2025-Q1,"EBA, Risk Dashboard (anexo de datos)",https://www.eba.europa.eu/risk-and-data-analysis/risk-analysis/risk-monitoring/risk-dashboard,2026-09-16,,,n/a,ratio,media_ponderada_volumen,"indicador AQT_42.2; muestra de bancos del EBA, consolidado de grupo, no de segmento"
Espana,agregado_sector_bancario,Ratio de refinanciaciones (forbearance),1.9331,pct_cartera,2025-Q1,"EBA, Risk Dashboard (anexo de datos)",https://www.eba.europa.eu/risk-and-data-analysis/risk-analysis/risk-monitoring/risk-dashboard,2026-09-16,,,n/a,ratio,media_ponderada_volumen,"indicador AQT_42.2; muestra de bancos del EBA, consolidado de grupo, no de segmento"
Union Europea,agregado_sector_bancario,Ratio de refinanciaciones (forbearance),1.4023,pct_cartera,2025-Q1,"EBA, Risk Dashboard (anexo de datos)",https://www.eba.europa.eu/risk-and-data-analysis/risk-analysis/risk-monitoring/risk-dashboard,2026-09-16,,,n/a,ratio,media_ponderada_volumen,"indicador AQT_42.2; muestra de bancos del EBA, consolidado de grupo, no de segmento"
Francia,agregado_sector_bancario,Ratio de refinanciaciones (forbearance),1.1025,pct_cartera,2025-Q1,"EBA, Risk Dashboard (anexo de datos)",https://www.eba.europa.eu/risk-and-data-analysis/risk-analysis/risk-monitoring/risk-dashboard,2026-09-16,,,n/a,ratio,media_ponderada_volumen,"indicador AQT_42.2; muestra de bancos del EBA, consolidado de grupo, no de segmento"
Irlanda,agregado_sector_bancario,Ratio de refinanciaciones (forbearance),1.4901,pct_cartera,2025-Q1,"EBA, Risk Dashboard (anexo de datos)",https://www.eba.europa.eu/risk-and-data-analysis/risk-analysis/risk-monitoring/risk-dashboard,2026-09-16,,,n/a,ratio,media_ponderada_volumen,"indicador AQT_42.2; muestra de bancos del EBA, consolidado de grupo, no de segmento"
Italia,agregado_sector_bancario,Ratio de refinanciaciones (forbearance),1.7415,pct_cartera,2025-Q1,"EBA, Risk Dashboard (anexo de datos)",https://www.eba.europa.eu/risk-and-data-analysis/risk-analysis/risk-monitoring/risk-dashboard,2026-09-16,,,n/a,ratio,media_ponderada_volumen,"indicador AQT_42.2; muestra de bancos del EBA, consolidado de grupo, no de segmento"
Paises Bajos,agregado_sector_bancario,Ratio de refinanciaciones (forbearance),1.4230,pct_cartera,2025-Q1,"EBA, Risk Dashboard (anexo de datos)",https://www.eba.europa.eu/risk-and-data-analysis/risk-analysis/risk-monitoring/risk-dashboard,2026-09-16,,,n/a,ratio,media_ponderada_volumen,"indicador AQT_42.2; muestra de bancos del EBA, consolidado de grupo, no de segmento"
Portugal,agregado_sector_bancario,Ratio de refinanciaciones (forbearance),2.0005,pct_cartera,2025-Q1,"EBA, Risk Dashboard (anexo de datos)",https://www.eba.europa.eu/risk-and-data-analysis/risk-analysis/risk-monitoring/risk-dashboard,2026-09-16,,,n/a,ratio,media_ponderada_volumen,"indicador AQT_42.2; muestra de bancos del EBA, consolidado de grupo, no de segmento"
Alemania,agregado_sector_bancario,ROE,8.1251,pct_roe,2025-Q1,"EBA, Risk Dashboard (anexo de datos)",https://www.eba.europa.eu/risk-and-data-analysis/risk-analysis/risk-monitoring/risk-dashboard,2026-09-16,,,n/a,ratio,media_ponderada_volumen,"indicador PFT_21; muestra de bancos del EBA, consolidado de grupo, no de segmento"
Espana,agregado_sector_bancario,ROE,15.0321,pct_roe,2025-Q1,"EBA, Risk Dashboard (anexo de datos)",https://www.eba.europa.eu/risk-and-data-analysis/risk-analysis/risk-monitoring/risk-dashboard,2026-09-16,,,n/a,ratio,media_ponderada_volumen,"indicador PFT_21; muestra de bancos del EBA, consolidado de grupo, no de segmento"
Union Europea,agregado_sector_bancario,ROE,10.4776,pct_roe,2025-Q1,"EBA, Risk Dashboard (anexo de datos)",https://www.eba.europa.eu/risk-and-data-analysis/risk-analysis/risk-monitoring/risk-dashboard,2026-09-16,,,n/a,ratio,media_ponderada_volumen,"indicador PFT_21; muestra de bancos del EBA, consolidado de grupo, no de segmento"
Francia,agregado_sector_bancario,ROE,6.3999,pct_roe,2025-Q1,"EBA, Risk Dashboard (anexo de datos)",https://www.eba.europa.eu/risk-and-data-analysis/risk-analysis/risk-monitoring/risk-dashboard,2026-09-16,,,n/a,ratio,media_ponderada_volumen,"indicador PFT_21; muestra de bancos del EBA, consolidado de grupo, no de segmento"
Irlanda,agregado_sector_bancario,ROE,9.9993,pct_roe,2025-Q1,"EBA, Risk Dashboard (anexo de datos)",https://www.eba.europa.eu/risk-and-data-analysis/risk-analysis/risk-monitoring/risk-dashboard,2026-09-16,,,n/a,ratio,media_ponderada_volumen,"indicador PFT_21; muestra de bancos del EBA, consolidado de grupo, no de segmento"
Italia,agregado_sector_bancario,ROE,15.9799,pct_roe,2025-Q1,"EBA, Risk Dashboard (anexo de datos)",https://www.eba.europa.eu/risk-and-data-analysis/risk-analysis/risk-monitoring/risk-dashboard,2026-09-16,,,n/a,ratio,media_ponderada_volumen,"indicador PFT_21; muestra de bancos del EBA, consolidado de grupo, no de segmento"
Paises Bajos,agregado_sector_bancario,ROE,10.2170,pct_roe,2025-Q1,"EBA, Risk Dashboard (anexo de datos)",https://www.eba.europa.eu/risk-and-data-analysis/risk-analysis/risk-monitoring/risk-dashboard,2026-09-16,,,n/a,ratio,media_ponderada_volumen,"indicador PFT_21; muestra de bancos del EBA, consolidado de grupo, no de segmento"
Portugal,agregado_sector_bancario,ROE,15.6377,pct_roe,2025-Q1,"EBA, Risk Dashboard (anexo de datos)",https://www.eba.europa.eu/risk-and-data-analysis/risk-analysis/risk-monitoring/risk-dashboard,2026-09-16,,,n/a,ratio,media_ponderada_volumen,"indicador PFT_21; muestra de bancos del EBA, consolidado de grupo, no de segmento"
Alemania,agregado_sector_bancario,Ratio de eficiencia (cost-to-income),56.2927,pct_ingresos,2025-Q1,"EBA, Risk Dashboard (anexo de datos)",https://www.eba.europa.eu/risk-and-data-analysis/risk-analysis/risk-monitoring/risk-dashboard,2026-09-16,,,n/a,ratio,media_ponderada_volumen,"indicador PFT_23; muestra de bancos del EBA, consolidado de grupo, no de segmento"
Espana,agregado_sector_bancario,Ratio de eficiencia (cost-to-income),42.0913,pct_ingresos,2025-Q1,"EBA, Risk Dashboard (anexo de datos)",https://www.eba.europa.eu/risk-and-data-analysis/risk-analysis/risk-monitoring/risk-dashboard,2026-09-16,,,n/a,ratio,media_ponderada_volumen,"indicador PFT_23; muestra de bancos del EBA, consolidado de grupo, no de segmento"
Union Europea,agregado_sector_bancario,Ratio de eficiencia (cost-to-income),52.7079,pct_ingresos,2025-Q1,"EBA, Risk Dashboard (anexo de datos)",https://www.eba.europa.eu/risk-and-data-analysis/risk-analysis/risk-monitoring/risk-dashboard,2026-09-16,,,n/a,ratio,media_ponderada_volumen,"indicador PFT_23; muestra de bancos del EBA, consolidado de grupo, no de segmento"
Francia,agregado_sector_bancario,Ratio de eficiencia (cost-to-income),67.9276,pct_ingresos,2025-Q1,"EBA, Risk Dashboard (anexo de datos)",https://www.eba.europa.eu/risk-and-data-analysis/risk-analysis/risk-monitoring/risk-dashboard,2026-09-16,,,n/a,ratio,media_ponderada_volumen,"indicador PFT_23; muestra de bancos del EBA, consolidado de grupo, no de segmento"
Irlanda,agregado_sector_bancario,Ratio de eficiencia (cost-to-income),53.5919,pct_ingresos,2025-Q1,"EBA, Risk Dashboard (anexo de datos)",https://www.eba.europa.eu/risk-and-data-analysis/risk-analysis/risk-monitoring/risk-dashboard,2026-09-16,,,n/a,ratio,media_ponderada_volumen,"indicador PFT_23; muestra de bancos del EBA, consolidado de grupo, no de segmento"
Italia,agregado_sector_bancario,Ratio de eficiencia (cost-to-income),46.0305,pct_ingresos,2025-Q1,"EBA, Risk Dashboard (anexo de datos)",https://www.eba.europa.eu/risk-and-data-analysis/risk-analysis/risk-monitoring/risk-dashboard,2026-09-16,,,n/a,ratio,media_ponderada_volumen,"indicador PFT_23; muestra de bancos del EBA, consolidado de grupo, no de segmento"
Paises Bajos,agregado_sector_bancario,Ratio de eficiencia (cost-to-income),54.0309,pct_ingresos,2025-Q1,"EBA, Risk Dashboard (anexo de datos)",https://www.eba.europa.eu/risk-and-data-analysis/risk-analysis/risk-monitoring/risk-dashboard,2026-09-16,,,n/a,ratio,media_ponderada_volumen,"indicador PFT_23; muestra de bancos del EBA, consolidado de grupo, no de segmento"
Portugal,agregado_sector_bancario,Ratio de eficiencia (cost-to-income),34.9074,pct_ingresos,2025-Q1,"EBA, Risk Dashboard (anexo de datos)",https://www.eba.europa.eu/risk-and-data-analysis/risk-analysis/risk-monitoring/risk-dashboard,2026-09-16,,,n/a,ratio,media_ponderada_volumen,"indicador PFT_23; muestra de bancos del EBA, consolidado de grupo, no de segmento"
Alemania,agregado_sector_bancario,Margen de intereses sobre ingresos operativos,47.2606,pct_ingresos,2025-Q1,"EBA, Risk Dashboard (anexo de datos)",https://www.eba.europa.eu/risk-and-data-analysis/risk-analysis/risk-monitoring/risk-dashboard,2026-09-16,,,n/a,ratio,media_ponderada_volumen,"indicador PFT_25; muestra de bancos del EBA, consolidado de grupo, no de segmento"
Espana,agregado_sector_bancario,Margen de intereses sobre ingresos operativos,72.0735,pct_ingresos,2025-Q1,"EBA, Risk Dashboard (anexo de datos)",https://www.eba.europa.eu/risk-and-data-analysis/risk-analysis/risk-monitoring/risk-dashboard,2026-09-16,,,n/a,ratio,media_ponderada_volumen,"indicador PFT_25; muestra de bancos del EBA, consolidado de grupo, no de segmento"
Union Europea,agregado_sector_bancario,Margen de intereses sobre ingresos operativos,57.5933,pct_ingresos,2025-Q1,"EBA, Risk Dashboard (anexo de datos)",https://www.eba.europa.eu/risk-and-data-analysis/risk-analysis/risk-monitoring/risk-dashboard,2026-09-16,,,n/a,ratio,media_ponderada_volumen,"indicador PFT_25; muestra de bancos del EBA, consolidado de grupo, no de segmento"
Francia,agregado_sector_bancario,Margen de intereses sobre ingresos operativos,39.6617,pct_ingresos,2025-Q1,"EBA, Risk Dashboard (anexo de datos)",https://www.eba.europa.eu/risk-and-data-analysis/risk-analysis/risk-monitoring/risk-dashboard,2026-09-16,,,n/a,ratio,media_ponderada_volumen,"indicador PFT_25; muestra de bancos del EBA, consolidado de grupo, no de segmento"
Irlanda,agregado_sector_bancario,Margen de intereses sobre ingresos operativos,68.1221,pct_ingresos,2025-Q1,"EBA, Risk Dashboard (anexo de datos)",https://www.eba.europa.eu/risk-and-data-analysis/risk-analysis/risk-monitoring/risk-dashboard,2026-09-16,,,n/a,ratio,media_ponderada_volumen,"indicador PFT_25; muestra de bancos del EBA, consolidado de grupo, no de segmento"
Italia,agregado_sector_bancario,Margen de intereses sobre ingresos operativos,54.6929,pct_ingresos,2025-Q1,"EBA, Risk Dashboard (anexo de datos)",https://www.eba.europa.eu/risk-and-data-analysis/risk-analysis/risk-monitoring/risk-dashboard,2026-09-16,,,n/a,ratio,media_ponderada_volumen,"indicador PFT_25; muestra de bancos del EBA, consolidado de grupo, no de segmento"
Paises Bajos,agregado_sector_bancario,Margen de intereses sobre ingresos operativos,68.1100,pct_ingresos,2025-Q1,"EBA, Risk Dashboard (anexo de datos)",https://www.eba.europa.eu/risk-and-data-analysis/risk-analysis/risk-monitoring/risk-dashboard,2026-09-16,,,n/a,ratio,media_ponderada_volumen,"indicador PFT_25; muestra de bancos del EBA, consolidado de grupo, no de segmento"
Portugal,agregado_sector_bancario,Margen de intereses sobre ingresos operativos,76.5357,pct_ingresos,2025-Q1,"EBA, Risk Dashboard (anexo de datos)",https://www.eba.europa.eu/risk-and-data-analysis/risk-analysis/risk-monitoring/risk-dashboard,2026-09-16,,,n/a,ratio,media_ponderada_volumen,"indicador PFT_25; muestra de bancos del EBA, consolidado de grupo, no de segmento"
Alemania,agregado_sector_bancario,Comisiones netas sobre ingresos operativos,30.8598,pct_ingresos,2025-Q1,"EBA, Risk Dashboard (anexo de datos)",https://www.eba.europa.eu/risk-and-data-analysis/risk-analysis/risk-monitoring/risk-dashboard,2026-09-16,,,n/a,ratio,media_ponderada_volumen,"indicador PFT_26; muestra de bancos del EBA, consolidado de grupo, no de segmento"
Espana,agregado_sector_bancario,Comisiones netas sobre ingresos operativos,23.4689,pct_ingresos,2025-Q1,"EBA, Risk Dashboard (anexo de datos)",https://www.eba.europa.eu/risk-and-data-analysis/risk-analysis/risk-monitoring/risk-dashboard,2026-09-16,,,n/a,ratio,media_ponderada_volumen,"indicador PFT_26; muestra de bancos del EBA, consolidado de grupo, no de segmento"
Union Europea,agregado_sector_bancario,Comisiones netas sobre ingresos operativos,28.2092,pct_ingresos,2025-Q1,"EBA, Risk Dashboard (anexo de datos)",https://www.eba.europa.eu/risk-and-data-analysis/risk-analysis/risk-monitoring/risk-dashboard,2026-09-16,,,n/a,ratio,media_ponderada_volumen,"indicador PFT_26; muestra de bancos del EBA, consolidado de grupo, no de segmento"
Francia,agregado_sector_bancario,Comisiones netas sobre ingresos operativos,33.9903,pct_ingresos,2025-Q1,"EBA, Risk Dashboard (anexo de datos)",https://www.eba.europa.eu/risk-and-data-analysis/risk-analysis/risk-monitoring/risk-dashboard,2026-09-16,,,n/a,ratio,media_ponderada_volumen,"indicador PFT_26; muestra de bancos del EBA, consolidado de grupo, no de segmento"
Irlanda,agregado_sector_bancario,Comisiones netas sobre ingresos operativos,18.6878,pct_ingresos,2025-Q1,"EBA, Risk Dashboard (anexo de datos)",https://www.eba.europa.eu/risk-and-data-analysis/risk-analysis/risk-monitoring/risk-dashboard,2026-09-16,,,n/a,ratio,media_ponderada_volumen,"indicador PFT_26; muestra de bancos del EBA, consolidado de grupo, no de segmento"
Italia,agregado_sector_bancario,Comisiones netas sobre ingresos operativos,33.1106,pct_ingresos,2025-Q1,"EBA, Risk Dashboard (anexo de datos)",https://www.eba.europa.eu/risk-and-data-analysis/risk-analysis/risk-monitoring/risk-dashboard,2026-09-16,,,n/a,ratio,media_ponderada_volumen,"indicador PFT_26; muestra de bancos del EBA, consolidado de grupo, no de segmento"
Paises Bajos,agregado_sector_bancario,Comisiones netas sobre ingresos operativos,18.7079,pct_ingresos,2025-Q1,"EBA, Risk Dashboard (anexo de datos)",https://www.eba.europa.eu/risk-and-data-analysis/risk-analysis/risk-monitoring/risk-dashboard,2026-09-16,,,n/a,ratio,media_ponderada_volumen,"indicador PFT_26; muestra de bancos del EBA, consolidado de grupo, no de segmento"
Portugal,agregado_sector_bancario,Comisiones netas sobre ingresos operativos,21.3709,pct_ingresos,2025-Q1,"EBA, Risk Dashboard (anexo de datos)",https://www.eba.europa.eu/risk-and-data-analysis/risk-analysis/risk-monitoring/risk-dashboard,2026-09-16,,,n/a,ratio,media_ponderada_volumen,"indicador PFT_26; muestra de bancos del EBA, consolidado de grupo, no de segmento"
Alemania,agregado_sector_bancario,Margen de intereses (NIM),1.0997,pct_activos,2025-Q1,"EBA, Risk Dashboard (anexo de datos)",https://www.eba.europa.eu/risk-and-data-analysis/risk-analysis/risk-monitoring/risk-dashboard,2026-09-16,,,n/a,ratio,media_ponderada_volumen,"indicador PFT_41; muestra de bancos del EBA, consolidado de grupo, no de segmento"
Espana,agregado_sector_bancario,Margen de intereses (NIM),2.7151,pct_activos,2025-Q1,"EBA, Risk Dashboard (anexo de datos)",https://www.eba.europa.eu/risk-and-data-analysis/risk-analysis/risk-monitoring/risk-dashboard,2026-09-16,,,n/a,ratio,media_ponderada_volumen,"indicador PFT_41; muestra de bancos del EBA, consolidado de grupo, no de segmento"
Union Europea,agregado_sector_bancario,Margen de intereses (NIM),1.6032,pct_activos,2025-Q1,"EBA, Risk Dashboard (anexo de datos)",https://www.eba.europa.eu/risk-and-data-analysis/risk-analysis/risk-monitoring/risk-dashboard,2026-09-16,,,n/a,ratio,media_ponderada_volumen,"indicador PFT_41; muestra de bancos del EBA, consolidado de grupo, no de segmento"
Francia,agregado_sector_bancario,Margen de intereses (NIM),0.9155,pct_activos,2025-Q1,"EBA, Risk Dashboard (anexo de datos)",https://www.eba.europa.eu/risk-and-data-analysis/risk-analysis/risk-monitoring/risk-dashboard,2026-09-16,,,n/a,ratio,media_ponderada_volumen,"indicador PFT_41; muestra de bancos del EBA, consolidado de grupo, no de segmento"
Irlanda,agregado_sector_bancario,Margen de intereses (NIM),2.3693,pct_activos,2025-Q1,"EBA, Risk Dashboard (anexo de datos)",https://www.eba.europa.eu/risk-and-data-analysis/risk-analysis/risk-monitoring/risk-dashboard,2026-09-16,,,n/a,ratio,media_ponderada_volumen,"indicador PFT_41; muestra de bancos del EBA, consolidado de grupo, no de segmento"
Italia,agregado_sector_bancario,Margen de intereses (NIM),2.1690,pct_activos,2025-Q1,"EBA, Risk Dashboard (anexo de datos)",https://www.eba.europa.eu/risk-and-data-analysis/risk-analysis/risk-monitoring/risk-dashboard,2026-09-16,,,n/a,ratio,media_ponderada_volumen,"indicador PFT_41; muestra de bancos del EBA, consolidado de grupo, no de segmento"
Paises Bajos,agregado_sector_bancario,Margen de intereses (NIM),1.4961,pct_activos,2025-Q1,"EBA, Risk Dashboard (anexo de datos)",https://www.eba.europa.eu/risk-and-data-analysis/risk-analysis/risk-monitoring/risk-dashboard,2026-09-16,,,n/a,ratio,media_ponderada_volumen,"indicador PFT_41; muestra de bancos del EBA, consolidado de grupo, no de segmento"
Portugal,agregado_sector_bancario,Margen de intereses (NIM),2.7388,pct_activos,2025-Q1,"EBA, Risk Dashboard (anexo de datos)",https://www.eba.europa.eu/risk-and-data-analysis/risk-analysis/risk-monitoring/risk-dashboard,2026-09-16,,,n/a,ratio,media_ponderada_volumen,"indicador PFT_41; muestra de bancos del EBA, consolidado de grupo, no de segmento"
Alemania,agregado_sector_bancario,Coste del riesgo,0.9660,pct_cartera,2025-Q1,"EBA, Risk Dashboard (anexo de datos)",https://www.eba.europa.eu/risk-and-data-analysis/risk-analysis/risk-monitoring/risk-dashboard,2026-09-16,,,n/a,ratio,media_ponderada_volumen,"indicador PFT_43; muestra de bancos del EBA, consolidado de grupo, no de segmento"
Espana,agregado_sector_bancario,Coste del riesgo,1.1422,pct_cartera,2025-Q1,"EBA, Risk Dashboard (anexo de datos)",https://www.eba.europa.eu/risk-and-data-analysis/risk-analysis/risk-monitoring/risk-dashboard,2026-09-16,,,n/a,ratio,media_ponderada_volumen,"indicador PFT_43; muestra de bancos del EBA, consolidado de grupo, no de segmento"
Union Europea,agregado_sector_bancario,Coste del riesgo,0.5840,pct_cartera,2025-Q1,"EBA, Risk Dashboard (anexo de datos)",https://www.eba.europa.eu/risk-and-data-analysis/risk-analysis/risk-monitoring/risk-dashboard,2026-09-16,,,n/a,ratio,media_ponderada_volumen,"indicador PFT_43; muestra de bancos del EBA, consolidado de grupo, no de segmento"
Francia,agregado_sector_bancario,Coste del riesgo,0.5918,pct_cartera,2025-Q1,"EBA, Risk Dashboard (anexo de datos)",https://www.eba.europa.eu/risk-and-data-analysis/risk-analysis/risk-monitoring/risk-dashboard,2026-09-16,,,n/a,ratio,media_ponderada_volumen,"indicador PFT_43; muestra de bancos del EBA, consolidado de grupo, no de segmento"
Irlanda,agregado_sector_bancario,Coste del riesgo,0.2310,pct_cartera,2025-Q1,"EBA, Risk Dashboard (anexo de datos)",https://www.eba.europa.eu/risk-and-data-analysis/risk-analysis/risk-monitoring/risk-dashboard,2026-09-16,,,n/a,ratio,media_ponderada_volumen,"indicador PFT_43; muestra de bancos del EBA, consolidado de grupo, no de segmento"
Italia,agregado_sector_bancario,Coste del riesgo,0.2903,pct_cartera,2025-Q1,"EBA, Risk Dashboard (anexo de datos)",https://www.eba.europa.eu/risk-and-data-analysis/risk-analysis/risk-monitoring/risk-dashboard,2026-09-16,,,n/a,ratio,media_ponderada_volumen,"indicador PFT_43; muestra de bancos del EBA, consolidado de grupo, no de segmento"
Paises Bajos,agregado_sector_bancario,Coste del riesgo,0.1520,pct_cartera,2025-Q1,"EBA, Risk Dashboard (anexo de datos)",https://www.eba.europa.eu/risk-and-data-analysis/risk-analysis/risk-monitoring/risk-dashboard,2026-09-16,,,n/a,ratio,media_ponderada_volumen,"indicador PFT_43; muestra de bancos del EBA, consolidado de grupo, no de segmento"
Portugal,agregado_sector_bancario,Coste del riesgo,0.2999,pct_cartera,2025-Q1,"EBA, Risk Dashboard (anexo de datos)",https://www.eba.europa.eu/risk-and-data-analysis/risk-analysis/risk-monitoring/risk-dashboard,2026-09-16,,,n/a,ratio,media_ponderada_volumen,"indicador PFT_43; muestra de bancos del EBA, consolidado de grupo, no de segmento"
Alemania,agregado_sector_bancario,Ratio de apalancamiento,5.8215,pct_activos,2025-Q1,"EBA, Risk Dashboard (anexo de datos)",https://www.eba.europa.eu/risk-and-data-analysis/risk-analysis/risk-monitoring/risk-dashboard,2026-09-16,,,n/a,ratio,media_ponderada_volumen,"indicador SVC_13; muestra de bancos del EBA, consolidado de grupo, no de segmento"
Espana,agregado_sector_bancario,Ratio de apalancamiento,5.5269,pct_activos,2025-Q1,"EBA, Risk Dashboard (anexo de datos)",https://www.eba.europa.eu/risk-and-data-analysis/risk-analysis/risk-monitoring/risk-dashboard,2026-09-16,,,n/a,ratio,media_ponderada_volumen,"indicador SVC_13; muestra de bancos del EBA, consolidado de grupo, no de segmento"
Union Europea,agregado_sector_bancario,Ratio de apalancamiento,5.8535,pct_activos,2025-Q1,"EBA, Risk Dashboard (anexo de datos)",https://www.eba.europa.eu/risk-and-data-analysis/risk-analysis/risk-monitoring/risk-dashboard,2026-09-16,,,n/a,ratio,media_ponderada_volumen,"indicador SVC_13; muestra de bancos del EBA, consolidado de grupo, no de segmento"
Francia,agregado_sector_bancario,Ratio de apalancamiento,5.3944,pct_activos,2025-Q1,"EBA, Risk Dashboard (anexo de datos)",https://www.eba.europa.eu/risk-and-data-analysis/risk-analysis/risk-monitoring/risk-dashboard,2026-09-16,,,n/a,ratio,media_ponderada_volumen,"indicador SVC_13; muestra de bancos del EBA, consolidado de grupo, no de segmento"
Irlanda,agregado_sector_bancario,Ratio de apalancamiento,7.8300,pct_activos,2025-Q1,"EBA, Risk Dashboard (anexo de datos)",https://www.eba.europa.eu/risk-and-data-analysis/risk-analysis/risk-monitoring/risk-dashboard,2026-09-16,,,n/a,ratio,media_ponderada_volumen,"indicador SVC_13; muestra de bancos del EBA, consolidado de grupo, no de segmento"
Italia,agregado_sector_bancario,Ratio de apalancamiento,6.3182,pct_activos,2025-Q1,"EBA, Risk Dashboard (anexo de datos)",https://www.eba.europa.eu/risk-and-data-analysis/risk-analysis/risk-monitoring/risk-dashboard,2026-09-16,,,n/a,ratio,media_ponderada_volumen,"indicador SVC_13; muestra de bancos del EBA, consolidado de grupo, no de segmento"
Paises Bajos,agregado_sector_bancario,Ratio de apalancamiento,5.6427,pct_activos,2025-Q1,"EBA, Risk Dashboard (anexo de datos)",https://www.eba.europa.eu/risk-and-data-analysis/risk-analysis/risk-monitoring/risk-dashboard,2026-09-16,,,n/a,ratio,media_ponderada_volumen,"indicador SVC_13; muestra de bancos del EBA, consolidado de grupo, no de segmento"
Portugal,agregado_sector_bancario,Ratio de apalancamiento,7.0600,pct_activos,2025-Q1,"EBA, Risk Dashboard (anexo de datos)",https://www.eba.europa.eu/risk-and-data-analysis/risk-analysis/risk-monitoring/risk-dashboard,2026-09-16,,,n/a,ratio,media_ponderada_volumen,"indicador SVC_13; muestra de bancos del EBA, consolidado de grupo, no de segmento"
Alemania,agregado_sector_bancario,Ratio CET1,17.2864,pct_rwa,2025-Q1,"EBA, Risk Dashboard (anexo de datos)",https://www.eba.europa.eu/risk-and-data-analysis/risk-analysis/risk-monitoring/risk-dashboard,2026-09-16,,,n/a,ratio,media_ponderada_volumen,"indicador SVC_3; muestra de bancos del EBA, consolidado de grupo, no de segmento"
Espana,agregado_sector_bancario,Ratio CET1,13.0379,pct_rwa,2025-Q1,"EBA, Risk Dashboard (anexo de datos)",https://www.eba.europa.eu/risk-and-data-analysis/risk-analysis/risk-monitoring/risk-dashboard,2026-09-16,,,n/a,ratio,media_ponderada_volumen,"indicador SVC_3; muestra de bancos del EBA, consolidado de grupo, no de segmento"
Union Europea,agregado_sector_bancario,Ratio CET1,16.2100,pct_rwa,2025-Q1,"EBA, Risk Dashboard (anexo de datos)",https://www.eba.europa.eu/risk-and-data-analysis/risk-analysis/risk-monitoring/risk-dashboard,2026-09-16,,,n/a,ratio,media_ponderada_volumen,"indicador SVC_3; muestra de bancos del EBA, consolidado de grupo, no de segmento"
Francia,agregado_sector_bancario,Ratio CET1,15.8682,pct_rwa,2025-Q1,"EBA, Risk Dashboard (anexo de datos)",https://www.eba.europa.eu/risk-and-data-analysis/risk-analysis/risk-monitoring/risk-dashboard,2026-09-16,,,n/a,ratio,media_ponderada_volumen,"indicador SVC_3; muestra de bancos del EBA, consolidado de grupo, no de segmento"
Irlanda,agregado_sector_bancario,Ratio CET1,19.2761,pct_rwa,2025-Q1,"EBA, Risk Dashboard (anexo de datos)",https://www.eba.europa.eu/risk-and-data-analysis/risk-analysis/risk-monitoring/risk-dashboard,2026-09-16,,,n/a,ratio,media_ponderada_volumen,"indicador SVC_3; muestra de bancos del EBA, consolidado de grupo, no de segmento"
Italia,agregado_sector_bancario,Ratio CET1,16.2773,pct_rwa,2025-Q1,"EBA, Risk Dashboard (anexo de datos)",https://www.eba.europa.eu/risk-and-data-analysis/risk-analysis/risk-monitoring/risk-dashboard,2026-09-16,,,n/a,ratio,media_ponderada_volumen,"indicador SVC_3; muestra de bancos del EBA, consolidado de grupo, no de segmento"
Paises Bajos,agregado_sector_bancario,Ratio CET1,16.2256,pct_rwa,2025-Q1,"EBA, Risk Dashboard (anexo de datos)",https://www.eba.europa.eu/risk-and-data-analysis/risk-analysis/risk-monitoring/risk-dashboard,2026-09-16,,,n/a,ratio,media_ponderada_volumen,"indicador SVC_3; muestra de bancos del EBA, consolidado de grupo, no de segmento"
Portugal,agregado_sector_bancario,Ratio CET1,17.6228,pct_rwa,2025-Q1,"EBA, Risk Dashboard (anexo de datos)",https://www.eba.europa.eu/risk-and-data-analysis/risk-analysis/risk-monitoring/risk-dashboard,2026-09-16,,,n/a,ratio,media_ponderada_volumen,"indicador SVC_3; muestra de bancos del EBA, consolidado de grupo, no de segmento"
Alemania,agregado_sector_bancario,Ratio de NPE (instrumentos de deuda),1.3778,pct_cartera,2025-Q2,"EBA, Risk Dashboard (anexo de datos)",https://www.eba.europa.eu/risk-and-data-analysis/risk-analysis/risk-monitoring/risk-dashboard,2026-09-16,,,n/a,ratio,media_ponderada_volumen,"indicador AQT_3.1; muestra de bancos del EBA, consolidado de grupo, no de segmento"
Espana,agregado_sector_bancario,Ratio de NPE (instrumentos de deuda),2.2034,pct_cartera,2025-Q2,"EBA, Risk Dashboard (anexo de datos)",https://www.eba.europa.eu/risk-and-data-analysis/risk-analysis/risk-monitoring/risk-dashboard,2026-09-16,,,n/a,ratio,media_ponderada_volumen,"indicador AQT_3.1; muestra de bancos del EBA, consolidado de grupo, no de segmento"
Union Europea,agregado_sector_bancario,Ratio de NPE (instrumentos de deuda),1.6061,pct_cartera,2025-Q2,"EBA, Risk Dashboard (anexo de datos)",https://www.eba.europa.eu/risk-and-data-analysis/risk-analysis/risk-monitoring/risk-dashboard,2026-09-16,,,n/a,ratio,media_ponderada_volumen,"indicador AQT_3.1; muestra de bancos del EBA, consolidado de grupo, no de segmento"
Francia,agregado_sector_bancario,Ratio de NPE (instrumentos de deuda),1.8730,pct_cartera,2025-Q2,"EBA, Risk Dashboard (anexo de datos)",https://www.eba.europa.eu/risk-and-data-analysis/risk-analysis/risk-monitoring/risk-dashboard,2026-09-16,,,n/a,ratio,media_ponderada_volumen,"indicador AQT_3.1; muestra de bancos del EBA, consolidado de grupo, no de segmento"
Irlanda,agregado_sector_bancario,Ratio de NPE (instrumentos de deuda),1.1346,pct_cartera,2025-Q2,"EBA, Risk Dashboard (anexo de datos)",https://www.eba.europa.eu/risk-and-data-analysis/risk-analysis/risk-monitoring/risk-dashboard,2026-09-16,,,n/a,ratio,media_ponderada_volumen,"indicador AQT_3.1; muestra de bancos del EBA, consolidado de grupo, no de segmento"
Italia,agregado_sector_bancario,Ratio de NPE (instrumentos de deuda),1.7679,pct_cartera,2025-Q2,"EBA, Risk Dashboard (anexo de datos)",https://www.eba.europa.eu/risk-and-data-analysis/risk-analysis/risk-monitoring/risk-dashboard,2026-09-16,,,n/a,ratio,media_ponderada_volumen,"indicador AQT_3.1; muestra de bancos del EBA, consolidado de grupo, no de segmento"
Paises Bajos,agregado_sector_bancario,Ratio de NPE (instrumentos de deuda),1.2295,pct_cartera,2025-Q2,"EBA, Risk Dashboard (anexo de datos)",https://www.eba.europa.eu/risk-and-data-analysis/risk-analysis/risk-monitoring/risk-dashboard,2026-09-16,,,n/a,ratio,media_ponderada_volumen,"indicador AQT_3.1; muestra de bancos del EBA, consolidado de grupo, no de segmento"
Portugal,agregado_sector_bancario,Ratio de NPE (instrumentos de deuda),1.6228,pct_cartera,2025-Q2,"EBA, Risk Dashboard (anexo de datos)",https://www.eba.europa.eu/risk-and-data-analysis/risk-analysis/risk-monitoring/risk-dashboard,2026-09-16,,,n/a,ratio,media_ponderada_volumen,"indicador AQT_3.1; muestra de bancos del EBA, consolidado de grupo, no de segmento"
Alemania,agregado_sector_bancario,Ratio de NPL (prestamos y anticipos),1.5277,pct_cartera,2025-Q2,"EBA, Risk Dashboard (anexo de datos)",https://www.eba.europa.eu/risk-and-data-analysis/risk-analysis/risk-monitoring/risk-dashboard,2026-09-16,,,n/a,ratio,media_ponderada_volumen,"indicador AQT_3.2; muestra de bancos del EBA, consolidado de grupo, no de segmento"
Espana,agregado_sector_bancario,Ratio de NPL (prestamos y anticipos),2.5595,pct_cartera,2025-Q2,"EBA, Risk Dashboard (anexo de datos)",https://www.eba.europa.eu/risk-and-data-analysis/risk-analysis/risk-monitoring/risk-dashboard,2026-09-16,,,n/a,ratio,media_ponderada_volumen,"indicador AQT_3.2; muestra de bancos del EBA, consolidado de grupo, no de segmento"
Union Europea,agregado_sector_bancario,Ratio de NPL (prestamos y anticipos),1.8373,pct_cartera,2025-Q2,"EBA, Risk Dashboard (anexo de datos)",https://www.eba.europa.eu/risk-and-data-analysis/risk-analysis/risk-monitoring/risk-dashboard,2026-09-16,,,n/a,ratio,media_ponderada_volumen,"indicador AQT_3.2; muestra de bancos del EBA, consolidado de grupo, no de segmento"
Francia,agregado_sector_bancario,Ratio de NPL (prestamos y anticipos),2.0931,pct_cartera,2025-Q2,"EBA, Risk Dashboard (anexo de datos)",https://www.eba.europa.eu/risk-and-data-analysis/risk-analysis/risk-monitoring/risk-dashboard,2026-09-16,,,n/a,ratio,media_ponderada_volumen,"indicador AQT_3.2; muestra de bancos del EBA, consolidado de grupo, no de segmento"
Irlanda,agregado_sector_bancario,Ratio de NPL (prestamos y anticipos),1.3370,pct_cartera,2025-Q2,"EBA, Risk Dashboard (anexo de datos)",https://www.eba.europa.eu/risk-and-data-analysis/risk-analysis/risk-monitoring/risk-dashboard,2026-09-16,,,n/a,ratio,media_ponderada_volumen,"indicador AQT_3.2; muestra de bancos del EBA, consolidado de grupo, no de segmento"
Italia,agregado_sector_bancario,Ratio de NPL (prestamos y anticipos),2.2627,pct_cartera,2025-Q2,"EBA, Risk Dashboard (anexo de datos)",https://www.eba.europa.eu/risk-and-data-analysis/risk-analysis/risk-monitoring/risk-dashboard,2026-09-16,,,n/a,ratio,media_ponderada_volumen,"indicador AQT_3.2; muestra de bancos del EBA, consolidado de grupo, no de segmento"
Paises Bajos,agregado_sector_bancario,Ratio de NPL (prestamos y anticipos),1.3555,pct_cartera,2025-Q2,"EBA, Risk Dashboard (anexo de datos)",https://www.eba.europa.eu/risk-and-data-analysis/risk-analysis/risk-monitoring/risk-dashboard,2026-09-16,,,n/a,ratio,media_ponderada_volumen,"indicador AQT_3.2; muestra de bancos del EBA, consolidado de grupo, no de segmento"
Portugal,agregado_sector_bancario,Ratio de NPL (prestamos y anticipos),2.1214,pct_cartera,2025-Q2,"EBA, Risk Dashboard (anexo de datos)",https://www.eba.europa.eu/risk-and-data-analysis/risk-analysis/risk-monitoring/risk-dashboard,2026-09-16,,,n/a,ratio,media_ponderada_volumen,"indicador AQT_3.2; muestra de bancos del EBA, consolidado de grupo, no de segmento"
Alemania,agregado_sector_bancario,Ratio de cobertura de NPL,34.9789,pct_cartera,2025-Q2,"EBA, Risk Dashboard (anexo de datos)",https://www.eba.europa.eu/risk-and-data-analysis/risk-analysis/risk-monitoring/risk-dashboard,2026-09-16,,,n/a,ratio,media_ponderada_volumen,"indicador AQT_41.2; muestra de bancos del EBA, consolidado de grupo, no de segmento"
Espana,agregado_sector_bancario,Ratio de cobertura de NPL,45.4650,pct_cartera,2025-Q2,"EBA, Risk Dashboard (anexo de datos)",https://www.eba.europa.eu/risk-and-data-analysis/risk-analysis/risk-monitoring/risk-dashboard,2026-09-16,,,n/a,ratio,media_ponderada_volumen,"indicador AQT_41.2; muestra de bancos del EBA, consolidado de grupo, no de segmento"
Union Europea,agregado_sector_bancario,Ratio de cobertura de NPL,41.6654,pct_cartera,2025-Q2,"EBA, Risk Dashboard (anexo de datos)",https://www.eba.europa.eu/risk-and-data-analysis/risk-analysis/risk-monitoring/risk-dashboard,2026-09-16,,,n/a,ratio,media_ponderada_volumen,"indicador AQT_41.2; muestra de bancos del EBA, consolidado de grupo, no de segmento"
Francia,agregado_sector_bancario,Ratio de cobertura de NPL,44.3232,pct_cartera,2025-Q2,"EBA, Risk Dashboard (anexo de datos)",https://www.eba.europa.eu/risk-and-data-analysis/risk-analysis/risk-monitoring/risk-dashboard,2026-09-16,,,n/a,ratio,media_ponderada_volumen,"indicador AQT_41.2; muestra de bancos del EBA, consolidado de grupo, no de segmento"
Irlanda,agregado_sector_bancario,Ratio de cobertura de NPL,31.7229,pct_cartera,2025-Q2,"EBA, Risk Dashboard (anexo de datos)",https://www.eba.europa.eu/risk-and-data-analysis/risk-analysis/risk-monitoring/risk-dashboard,2026-09-16,,,n/a,ratio,media_ponderada_volumen,"indicador AQT_41.2; muestra de bancos del EBA, consolidado de grupo, no de segmento"
Italia,agregado_sector_bancario,Ratio de cobertura de NPL,52.1223,pct_cartera,2025-Q2,"EBA, Risk Dashboard (anexo de datos)",https://www.eba.europa.eu/risk-and-data-analysis/risk-analysis/risk-monitoring/risk-dashboard,2026-09-16,,,n/a,ratio,media_ponderada_volumen,"indicador AQT_41.2; muestra de bancos del EBA, consolidado de grupo, no de segmento"
Paises Bajos,agregado_sector_bancario,Ratio de cobertura de NPL,24.2379,pct_cartera,2025-Q2,"EBA, Risk Dashboard (anexo de datos)",https://www.eba.europa.eu/risk-and-data-analysis/risk-analysis/risk-monitoring/risk-dashboard,2026-09-16,,,n/a,ratio,media_ponderada_volumen,"indicador AQT_41.2; muestra de bancos del EBA, consolidado de grupo, no de segmento"
Portugal,agregado_sector_bancario,Ratio de cobertura de NPL,60.2129,pct_cartera,2025-Q2,"EBA, Risk Dashboard (anexo de datos)",https://www.eba.europa.eu/risk-and-data-analysis/risk-analysis/risk-monitoring/risk-dashboard,2026-09-16,,,n/a,ratio,media_ponderada_volumen,"indicador AQT_41.2; muestra de bancos del EBA, consolidado de grupo, no de segmento"
Alemania,agregado_sector_bancario,Ratio de refinanciaciones (forbearance),1.7510,pct_cartera,2025-Q2,"EBA, Risk Dashboard (anexo de datos)",https://www.eba.europa.eu/risk-and-data-analysis/risk-analysis/risk-monitoring/risk-dashboard,2026-09-16,,,n/a,ratio,media_ponderada_volumen,"indicador AQT_42.2; muestra de bancos del EBA, consolidado de grupo, no de segmento"
Espana,agregado_sector_bancario,Ratio de refinanciaciones (forbearance),1.8267,pct_cartera,2025-Q2,"EBA, Risk Dashboard (anexo de datos)",https://www.eba.europa.eu/risk-and-data-analysis/risk-analysis/risk-monitoring/risk-dashboard,2026-09-16,,,n/a,ratio,media_ponderada_volumen,"indicador AQT_42.2; muestra de bancos del EBA, consolidado de grupo, no de segmento"
Union Europea,agregado_sector_bancario,Ratio de refinanciaciones (forbearance),1.3998,pct_cartera,2025-Q2,"EBA, Risk Dashboard (anexo de datos)",https://www.eba.europa.eu/risk-and-data-analysis/risk-analysis/risk-monitoring/risk-dashboard,2026-09-16,,,n/a,ratio,media_ponderada_volumen,"indicador AQT_42.2; muestra de bancos del EBA, consolidado de grupo, no de segmento"
Francia,agregado_sector_bancario,Ratio de refinanciaciones (forbearance),1.1584,pct_cartera,2025-Q2,"EBA, Risk Dashboard (anexo de datos)",https://www.eba.europa.eu/risk-and-data-analysis/risk-analysis/risk-monitoring/risk-dashboard,2026-09-16,,,n/a,ratio,media_ponderada_volumen,"indicador AQT_42.2; muestra de bancos del EBA, consolidado de grupo, no de segmento"
Irlanda,agregado_sector_bancario,Ratio de refinanciaciones (forbearance),1.4898,pct_cartera,2025-Q2,"EBA, Risk Dashboard (anexo de datos)",https://www.eba.europa.eu/risk-and-data-analysis/risk-analysis/risk-monitoring/risk-dashboard,2026-09-16,,,n/a,ratio,media_ponderada_volumen,"indicador AQT_42.2; muestra de bancos del EBA, consolidado de grupo, no de segmento"
Italia,agregado_sector_bancario,Ratio de refinanciaciones (forbearance),1.7011,pct_cartera,2025-Q2,"EBA, Risk Dashboard (anexo de datos)",https://www.eba.europa.eu/risk-and-data-analysis/risk-analysis/risk-monitoring/risk-dashboard,2026-09-16,,,n/a,ratio,media_ponderada_volumen,"indicador AQT_42.2; muestra de bancos del EBA, consolidado de grupo, no de segmento"
Paises Bajos,agregado_sector_bancario,Ratio de refinanciaciones (forbearance),1.3930,pct_cartera,2025-Q2,"EBA, Risk Dashboard (anexo de datos)",https://www.eba.europa.eu/risk-and-data-analysis/risk-analysis/risk-monitoring/risk-dashboard,2026-09-16,,,n/a,ratio,media_ponderada_volumen,"indicador AQT_42.2; muestra de bancos del EBA, consolidado de grupo, no de segmento"
Portugal,agregado_sector_bancario,Ratio de refinanciaciones (forbearance),1.8952,pct_cartera,2025-Q2,"EBA, Risk Dashboard (anexo de datos)",https://www.eba.europa.eu/risk-and-data-analysis/risk-analysis/risk-monitoring/risk-dashboard,2026-09-16,,,n/a,ratio,media_ponderada_volumen,"indicador AQT_42.2; muestra de bancos del EBA, consolidado de grupo, no de segmento"
Alemania,agregado_sector_bancario,ROE,7.2526,pct_roe,2025-Q2,"EBA, Risk Dashboard (anexo de datos)",https://www.eba.europa.eu/risk-and-data-analysis/risk-analysis/risk-monitoring/risk-dashboard,2026-09-16,,,n/a,ratio,media_ponderada_volumen,"indicador PFT_21; muestra de bancos del EBA, consolidado de grupo, no de segmento"
Espana,agregado_sector_bancario,ROE,15.0894,pct_roe,2025-Q2,"EBA, Risk Dashboard (anexo de datos)",https://www.eba.europa.eu/risk-and-data-analysis/risk-analysis/risk-monitoring/risk-dashboard,2026-09-16,,,n/a,ratio,media_ponderada_volumen,"indicador PFT_21; muestra de bancos del EBA, consolidado de grupo, no de segmento"
Union Europea,agregado_sector_bancario,ROE,10.7122,pct_roe,2025-Q2,"EBA, Risk Dashboard (anexo de datos)",https://www.eba.europa.eu/risk-and-data-analysis/risk-analysis/risk-monitoring/risk-dashboard,2026-09-16,,,n/a,ratio,media_ponderada_volumen,"indicador PFT_21; muestra de bancos del EBA, consolidado de grupo, no de segmento"
Francia,agregado_sector_bancario,ROE,7.0349,pct_roe,2025-Q2,"EBA, Risk Dashboard (anexo de datos)",https://www.eba.europa.eu/risk-and-data-analysis/risk-analysis/risk-monitoring/risk-dashboard,2026-09-16,,,n/a,ratio,media_ponderada_volumen,"indicador PFT_21; muestra de bancos del EBA, consolidado de grupo, no de segmento"
Irlanda,agregado_sector_bancario,ROE,9.9545,pct_roe,2025-Q2,"EBA, Risk Dashboard (anexo de datos)",https://www.eba.europa.eu/risk-and-data-analysis/risk-analysis/risk-monitoring/risk-dashboard,2026-09-16,,,n/a,ratio,media_ponderada_volumen,"indicador PFT_21; muestra de bancos del EBA, consolidado de grupo, no de segmento"
Italia,agregado_sector_bancario,ROE,16.4134,pct_roe,2025-Q2,"EBA, Risk Dashboard (anexo de datos)",https://www.eba.europa.eu/risk-and-data-analysis/risk-analysis/risk-monitoring/risk-dashboard,2026-09-16,,,n/a,ratio,media_ponderada_volumen,"indicador PFT_21; muestra de bancos del EBA, consolidado de grupo, no de segmento"
Paises Bajos,agregado_sector_bancario,ROE,10.3962,pct_roe,2025-Q2,"EBA, Risk Dashboard (anexo de datos)",https://www.eba.europa.eu/risk-and-data-analysis/risk-analysis/risk-monitoring/risk-dashboard,2026-09-16,,,n/a,ratio,media_ponderada_volumen,"indicador PFT_21; muestra de bancos del EBA, consolidado de grupo, no de segmento"
Portugal,agregado_sector_bancario,ROE,17.2442,pct_roe,2025-Q2,"EBA, Risk Dashboard (anexo de datos)",https://www.eba.europa.eu/risk-and-data-analysis/risk-analysis/risk-monitoring/risk-dashboard,2026-09-16,,,n/a,ratio,media_ponderada_volumen,"indicador PFT_21; muestra de bancos del EBA, consolidado de grupo, no de segmento"
Alemania,agregado_sector_bancario,Ratio de eficiencia (cost-to-income),56.9999,pct_ingresos,2025-Q2,"EBA, Risk Dashboard (anexo de datos)",https://www.eba.europa.eu/risk-and-data-analysis/risk-analysis/risk-monitoring/risk-dashboard,2026-09-16,,,n/a,ratio,media_ponderada_volumen,"indicador PFT_23; muestra de bancos del EBA, consolidado de grupo, no de segmento"
Espana,agregado_sector_bancario,Ratio de eficiencia (cost-to-income),42.4121,pct_ingresos,2025-Q2,"EBA, Risk Dashboard (anexo de datos)",https://www.eba.europa.eu/risk-and-data-analysis/risk-analysis/risk-monitoring/risk-dashboard,2026-09-16,,,n/a,ratio,media_ponderada_volumen,"indicador PFT_23; muestra de bancos del EBA, consolidado de grupo, no de segmento"
Union Europea,agregado_sector_bancario,Ratio de eficiencia (cost-to-income),52.4604,pct_ingresos,2025-Q2,"EBA, Risk Dashboard (anexo de datos)",https://www.eba.europa.eu/risk-and-data-analysis/risk-analysis/risk-monitoring/risk-dashboard,2026-09-16,,,n/a,ratio,media_ponderada_volumen,"indicador PFT_23; muestra de bancos del EBA, consolidado de grupo, no de segmento"
Francia,agregado_sector_bancario,Ratio de eficiencia (cost-to-income),66.1384,pct_ingresos,2025-Q2,"EBA, Risk Dashboard (anexo de datos)",https://www.eba.europa.eu/risk-and-data-analysis/risk-analysis/risk-monitoring/risk-dashboard,2026-09-16,,,n/a,ratio,media_ponderada_volumen,"indicador PFT_23; muestra de bancos del EBA, consolidado de grupo, no de segmento"
Irlanda,agregado_sector_bancario,Ratio de eficiencia (cost-to-income),51.4423,pct_ingresos,2025-Q2,"EBA, Risk Dashboard (anexo de datos)",https://www.eba.europa.eu/risk-and-data-analysis/risk-analysis/risk-monitoring/risk-dashboard,2026-09-16,,,n/a,ratio,media_ponderada_volumen,"indicador PFT_23; muestra de bancos del EBA, consolidado de grupo, no de segmento"
Italia,agregado_sector_bancario,Ratio de eficiencia (cost-to-income),45.7071,pct_ingresos,2025-Q2,"EBA, Risk Dashboard (anexo de datos)",https://www.eba.europa.eu/risk-and-data-analysis/risk-analysis/risk-monitoring/risk-dashboard,2026-09-16,,,n/a,ratio,media_ponderada_volumen,"indicador PFT_23; muestra de bancos del EBA, consolidado de grupo, no de segmento"
Paises Bajos,agregado_sector_bancario,Ratio de eficiencia (cost-to-income),53.9355,pct_ingresos,2025-Q2,"EBA, Risk Dashboard (anexo de datos)",https://www.eba.europa.eu/risk-and-data-analysis/risk-analysis/risk-monitoring/risk-dashboard,2026-09-16,,,n/a,ratio,media_ponderada_volumen,"indicador PFT_23; muestra de bancos del EBA, consolidado de grupo, no de segmento"
Portugal,agregado_sector_bancario,Ratio de eficiencia (cost-to-income),33.2991,pct_ingresos,2025-Q2,"EBA, Risk Dashboard (anexo de datos)",https://www.eba.europa.eu/risk-and-data-analysis/risk-analysis/risk-monitoring/risk-dashboard,2026-09-16,,,n/a,ratio,media_ponderada_volumen,"indicador PFT_23; muestra de bancos del EBA, consolidado de grupo, no de segmento"
Alemania,agregado_sector_bancario,Margen de intereses sobre ingresos operativos,48.7418,pct_ingresos,2025-Q2,"EBA, Risk Dashboard (anexo de datos)",https://www.eba.europa.eu/risk-and-data-analysis/risk-analysis/risk-monitoring/risk-dashboard,2026-09-16,,,n/a,ratio,media_ponderada_volumen,"indicador PFT_25; muestra de bancos del EBA, consolidado de grupo, no de segmento"
Espana,agregado_sector_bancario,Margen de intereses sobre ingresos operativos,72.3935,pct_ingresos,2025-Q2,"EBA, Risk Dashboard (anexo de datos)",https://www.eba.europa.eu/risk-and-data-analysis/risk-analysis/risk-monitoring/risk-dashboard,2026-09-16,,,n/a,ratio,media_ponderada_volumen,"indicador PFT_25; muestra de bancos del EBA, consolidado de grupo, no de segmento"
Union Europea,agregado_sector_bancario,Margen de intereses sobre ingresos operativos,57.5699,pct_ingresos,2025-Q2,"EBA, Risk Dashboard (anexo de datos)",https://www.eba.europa.eu/risk-and-data-analysis/risk-analysis/risk-monitoring/risk-dashboard,2026-09-16,,,n/a,ratio,media_ponderada_volumen,"indicador PFT_25; muestra de bancos del EBA, consolidado de grupo, no de segmento"
Francia,agregado_sector_bancario,Margen de intereses sobre ingresos operativos,39.2282,pct_ingresos,2025-Q2,"EBA, Risk Dashboard (anexo de datos)",https://www.eba.europa.eu/risk-and-data-analysis/risk-analysis/risk-monitoring/risk-dashboard,2026-09-16,,,n/a,ratio,media_ponderada_volumen,"indicador PFT_25; muestra de bancos del EBA, consolidado de grupo, no de segmento"
Irlanda,agregado_sector_bancario,Margen de intereses sobre ingresos operativos,67.6617,pct_ingresos,2025-Q2,"EBA, Risk Dashboard (anexo de datos)",https://www.eba.europa.eu/risk-and-data-analysis/risk-analysis/risk-monitoring/risk-dashboard,2026-09-16,,,n/a,ratio,media_ponderada_volumen,"indicador PFT_25; muestra de bancos del EBA, consolidado de grupo, no de segmento"
Italia,agregado_sector_bancario,Margen de intereses sobre ingresos operativos,54.1185,pct_ingresos,2025-Q2,"EBA, Risk Dashboard (anexo de datos)",https://www.eba.europa.eu/risk-and-data-analysis/risk-analysis/risk-monitoring/risk-dashboard,2026-09-16,,,n/a,ratio,media_ponderada_volumen,"indicador PFT_25; muestra de bancos del EBA, consolidado de grupo, no de segmento"
Paises Bajos,agregado_sector_bancario,Margen de intereses sobre ingresos operativos,67.6628,pct_ingresos,2025-Q2,"EBA, Risk Dashboard (anexo de datos)",https://www.eba.europa.eu/risk-and-data-analysis/risk-analysis/risk-monitoring/risk-dashboard,2026-09-16,,,n/a,ratio,media_ponderada_volumen,"indicador PFT_25; muestra de bancos del EBA, consolidado de grupo, no de segmento"
Portugal,agregado_sector_bancario,Margen de intereses sobre ingresos operativos,74.9132,pct_ingresos,2025-Q2,"EBA, Risk Dashboard (anexo de datos)",https://www.eba.europa.eu/risk-and-data-analysis/risk-analysis/risk-monitoring/risk-dashboard,2026-09-16,,,n/a,ratio,media_ponderada_volumen,"indicador PFT_25; muestra de bancos del EBA, consolidado de grupo, no de segmento"
Alemania,agregado_sector_bancario,Comisiones netas sobre ingresos operativos,30.9224,pct_ingresos,2025-Q2,"EBA, Risk Dashboard (anexo de datos)",https://www.eba.europa.eu/risk-and-data-analysis/risk-analysis/risk-monitoring/risk-dashboard,2026-09-16,,,n/a,ratio,media_ponderada_volumen,"indicador PFT_26; muestra de bancos del EBA, consolidado de grupo, no de segmento"
Espana,agregado_sector_bancario,Comisiones netas sobre ingresos operativos,23.7616,pct_ingresos,2025-Q2,"EBA, Risk Dashboard (anexo de datos)",https://www.eba.europa.eu/risk-and-data-analysis/risk-analysis/risk-monitoring/risk-dashboard,2026-09-16,,,n/a,ratio,media_ponderada_volumen,"indicador PFT_26; muestra de bancos del EBA, consolidado de grupo, no de segmento"
Union Europea,agregado_sector_bancario,Comisiones netas sobre ingresos operativos,28.2360,pct_ingresos,2025-Q2,"EBA, Risk Dashboard (anexo de datos)",https://www.eba.europa.eu/risk-and-data-analysis/risk-analysis/risk-monitoring/risk-dashboard,2026-09-16,,,n/a,ratio,media_ponderada_volumen,"indicador PFT_26; muestra de bancos del EBA, consolidado de grupo, no de segmento"
Francia,agregado_sector_bancario,Comisiones netas sobre ingresos operativos,33.5876,pct_ingresos,2025-Q2,"EBA, Risk Dashboard (anexo de datos)",https://www.eba.europa.eu/risk-and-data-analysis/risk-analysis/risk-monitoring/risk-dashboard,2026-09-16,,,n/a,ratio,media_ponderada_volumen,"indicador PFT_26; muestra de bancos del EBA, consolidado de grupo, no de segmento"
Irlanda,agregado_sector_bancario,Comisiones netas sobre ingresos operativos,19.3635,pct_ingresos,2025-Q2,"EBA, Risk Dashboard (anexo de datos)",https://www.eba.europa.eu/risk-and-data-analysis/risk-analysis/risk-monitoring/risk-dashboard,2026-09-16,,,n/a,ratio,media_ponderada_volumen,"indicador PFT_26; muestra de bancos del EBA, consolidado de grupo, no de segmento"
Italia,agregado_sector_bancario,Comisiones netas sobre ingresos operativos,32.1143,pct_ingresos,2025-Q2,"EBA, Risk Dashboard (anexo de datos)",https://www.eba.europa.eu/risk-and-data-analysis/risk-analysis/risk-monitoring/risk-dashboard,2026-09-16,,,n/a,ratio,media_ponderada_volumen,"indicador PFT_26; muestra de bancos del EBA, consolidado de grupo, no de segmento"
Paises Bajos,agregado_sector_bancario,Comisiones netas sobre ingresos operativos,18.7294,pct_ingresos,2025-Q2,"EBA, Risk Dashboard (anexo de datos)",https://www.eba.europa.eu/risk-and-data-analysis/risk-analysis/risk-monitoring/risk-dashboard,2026-09-16,,,n/a,ratio,media_ponderada_volumen,"indicador PFT_26; muestra de bancos del EBA, consolidado de grupo, no de segmento"
Portugal,agregado_sector_bancario,Comisiones netas sobre ingresos operativos,21.2154,pct_ingresos,2025-Q2,"EBA, Risk Dashboard (anexo de datos)",https://www.eba.europa.eu/risk-and-data-analysis/risk-analysis/risk-monitoring/risk-dashboard,2026-09-16,,,n/a,ratio,media_ponderada_volumen,"indicador PFT_26; muestra de bancos del EBA, consolidado de grupo, no de segmento"
Alemania,agregado_sector_bancario,Margen de intereses (NIM),1.1200,pct_activos,2025-Q2,"EBA, Risk Dashboard (anexo de datos)",https://www.eba.europa.eu/risk-and-data-analysis/risk-analysis/risk-monitoring/risk-dashboard,2026-09-16,,,n/a,ratio,media_ponderada_volumen,"indicador PFT_41; muestra de bancos del EBA, consolidado de grupo, no de segmento"
Espana,agregado_sector_bancario,Margen de intereses (NIM),2.6375,pct_activos,2025-Q2,"EBA, Risk Dashboard (anexo de datos)",https://www.eba.europa.eu/risk-and-data-analysis/risk-analysis/risk-monitoring/risk-dashboard,2026-09-16,,,n/a,ratio,media_ponderada_volumen,"indicador PFT_41; muestra de bancos del EBA, consolidado de grupo, no de segmento"
Union Europea,agregado_sector_bancario,Margen de intereses (NIM),1.5848,pct_activos,2025-Q2,"EBA, Risk Dashboard (anexo de datos)",https://www.eba.europa.eu/risk-and-data-analysis/risk-analysis/risk-monitoring/risk-dashboard,2026-09-16,,,n/a,ratio,media_ponderada_volumen,"indicador PFT_41; muestra de bancos del EBA, consolidado de grupo, no de segmento"
Francia,agregado_sector_bancario,Margen de intereses (NIM),0.9076,pct_activos,2025-Q2,"EBA, Risk Dashboard (anexo de datos)",https://www.eba.europa.eu/risk-and-data-analysis/risk-analysis/risk-monitoring/risk-dashboard,2026-09-16,,,n/a,ratio,media_ponderada_volumen,"indicador PFT_41; muestra de bancos del EBA, consolidado de grupo, no de segmento"
Irlanda,agregado_sector_bancario,Margen de intereses (NIM),2.2851,pct_activos,2025-Q2,"EBA, Risk Dashboard (anexo de datos)",https://www.eba.europa.eu/risk-and-data-analysis/risk-analysis/risk-monitoring/risk-dashboard,2026-09-16,,,n/a,ratio,media_ponderada_volumen,"indicador PFT_41; muestra de bancos del EBA, consolidado de grupo, no de segmento"
Italia,agregado_sector_bancario,Margen de intereses (NIM),2.1617,pct_activos,2025-Q2,"EBA, Risk Dashboard (anexo de datos)",https://www.eba.europa.eu/risk-and-data-analysis/risk-analysis/risk-monitoring/risk-dashboard,2026-09-16,,,n/a,ratio,media_ponderada_volumen,"indicador PFT_41; muestra de bancos del EBA, consolidado de grupo, no de segmento"
Paises Bajos,agregado_sector_bancario,Margen de intereses (NIM),1.4881,pct_activos,2025-Q2,"EBA, Risk Dashboard (anexo de datos)",https://www.eba.europa.eu/risk-and-data-analysis/risk-analysis/risk-monitoring/risk-dashboard,2026-09-16,,,n/a,ratio,media_ponderada_volumen,"indicador PFT_41; muestra de bancos del EBA, consolidado de grupo, no de segmento"
Portugal,agregado_sector_bancario,Margen de intereses (NIM),2.7331,pct_activos,2025-Q2,"EBA, Risk Dashboard (anexo de datos)",https://www.eba.europa.eu/risk-and-data-analysis/risk-analysis/risk-monitoring/risk-dashboard,2026-09-16,,,n/a,ratio,media_ponderada_volumen,"indicador PFT_41; muestra de bancos del EBA, consolidado de grupo, no de segmento"
Alemania,agregado_sector_bancario,Coste del riesgo,0.7218,pct_cartera,2025-Q2,"EBA, Risk Dashboard (anexo de datos)",https://www.eba.europa.eu/risk-and-data-analysis/risk-analysis/risk-monitoring/risk-dashboard,2026-09-16,,,n/a,ratio,media_ponderada_volumen,"indicador PFT_43; muestra de bancos del EBA, consolidado de grupo, no de segmento"
Espana,agregado_sector_bancario,Coste del riesgo,0.9973,pct_cartera,2025-Q2,"EBA, Risk Dashboard (anexo de datos)",https://www.eba.europa.eu/risk-and-data-analysis/risk-analysis/risk-monitoring/risk-dashboard,2026-09-16,,,n/a,ratio,media_ponderada_volumen,"indicador PFT_43; muestra de bancos del EBA, consolidado de grupo, no de segmento"
Union Europea,agregado_sector_bancario,Coste del riesgo,0.4910,pct_cartera,2025-Q2,"EBA, Risk Dashboard (anexo de datos)",https://www.eba.europa.eu/risk-and-data-analysis/risk-analysis/risk-monitoring/risk-dashboard,2026-09-16,,,n/a,ratio,media_ponderada_volumen,"indicador PFT_43; muestra de bancos del EBA, consolidado de grupo, no de segmento"
Francia,agregado_sector_bancario,Coste del riesgo,0.4662,pct_cartera,2025-Q2,"EBA, Risk Dashboard (anexo de datos)",https://www.eba.europa.eu/risk-and-data-analysis/risk-analysis/risk-monitoring/risk-dashboard,2026-09-16,,,n/a,ratio,media_ponderada_volumen,"indicador PFT_43; muestra de bancos del EBA, consolidado de grupo, no de segmento"
Irlanda,agregado_sector_bancario,Coste del riesgo,0.3157,pct_cartera,2025-Q2,"EBA, Risk Dashboard (anexo de datos)",https://www.eba.europa.eu/risk-and-data-analysis/risk-analysis/risk-monitoring/risk-dashboard,2026-09-16,,,n/a,ratio,media_ponderada_volumen,"indicador PFT_43; muestra de bancos del EBA, consolidado de grupo, no de segmento"
Italia,agregado_sector_bancario,Coste del riesgo,0.2970,pct_cartera,2025-Q2,"EBA, Risk Dashboard (anexo de datos)",https://www.eba.europa.eu/risk-and-data-analysis/risk-analysis/risk-monitoring/risk-dashboard,2026-09-16,,,n/a,ratio,media_ponderada_volumen,"indicador PFT_43; muestra de bancos del EBA, consolidado de grupo, no de segmento"
Paises Bajos,agregado_sector_bancario,Coste del riesgo,0.1490,pct_cartera,2025-Q2,"EBA, Risk Dashboard (anexo de datos)",https://www.eba.europa.eu/risk-and-data-analysis/risk-analysis/risk-monitoring/risk-dashboard,2026-09-16,,,n/a,ratio,media_ponderada_volumen,"indicador PFT_43; muestra de bancos del EBA, consolidado de grupo, no de segmento"
Portugal,agregado_sector_bancario,Coste del riesgo,0.1729,pct_cartera,2025-Q2,"EBA, Risk Dashboard (anexo de datos)",https://www.eba.europa.eu/risk-and-data-analysis/risk-analysis/risk-monitoring/risk-dashboard,2026-09-16,,,n/a,ratio,media_ponderada_volumen,"indicador PFT_43; muestra de bancos del EBA, consolidado de grupo, no de segmento"
Alemania,agregado_sector_bancario,Ratio de apalancamiento,5.8613,pct_activos,2025-Q2,"EBA, Risk Dashboard (anexo de datos)",https://www.eba.europa.eu/risk-and-data-analysis/risk-analysis/risk-monitoring/risk-dashboard,2026-09-16,,,n/a,ratio,media_ponderada_volumen,"indicador SVC_13; muestra de bancos del EBA, consolidado de grupo, no de segmento"
Espana,agregado_sector_bancario,Ratio de apalancamiento,5.5883,pct_activos,2025-Q2,"EBA, Risk Dashboard (anexo de datos)",https://www.eba.europa.eu/risk-and-data-analysis/risk-analysis/risk-monitoring/risk-dashboard,2026-09-16,,,n/a,ratio,media_ponderada_volumen,"indicador SVC_13; muestra de bancos del EBA, consolidado de grupo, no de segmento"
Union Europea,agregado_sector_bancario,Ratio de apalancamiento,5.9057,pct_activos,2025-Q2,"EBA, Risk Dashboard (anexo de datos)",https://www.eba.europa.eu/risk-and-data-analysis/risk-analysis/risk-monitoring/risk-dashboard,2026-09-16,,,n/a,ratio,media_ponderada_volumen,"indicador SVC_13; muestra de bancos del EBA, consolidado de grupo, no de segmento"
Francia,agregado_sector_bancario,Ratio de apalancamiento,5.4573,pct_activos,2025-Q2,"EBA, Risk Dashboard (anexo de datos)",https://www.eba.europa.eu/risk-and-data-analysis/risk-analysis/risk-monitoring/risk-dashboard,2026-09-16,,,n/a,ratio,media_ponderada_volumen,"indicador SVC_13; muestra de bancos del EBA, consolidado de grupo, no de segmento"
Irlanda,agregado_sector_bancario,Ratio de apalancamiento,7.6045,pct_activos,2025-Q2,"EBA, Risk Dashboard (anexo de datos)",https://www.eba.europa.eu/risk-and-data-analysis/risk-analysis/risk-monitoring/risk-dashboard,2026-09-16,,,n/a,ratio,media_ponderada_volumen,"indicador SVC_13; muestra de bancos del EBA, consolidado de grupo, no de segmento"
Italia,agregado_sector_bancario,Ratio de apalancamiento,6.2446,pct_activos,2025-Q2,"EBA, Risk Dashboard (anexo de datos)",https://www.eba.europa.eu/risk-and-data-analysis/risk-analysis/risk-monitoring/risk-dashboard,2026-09-16,,,n/a,ratio,media_ponderada_volumen,"indicador SVC_13; muestra de bancos del EBA, consolidado de grupo, no de segmento"
Paises Bajos,agregado_sector_bancario,Ratio de apalancamiento,5.6072,pct_activos,2025-Q2,"EBA, Risk Dashboard (anexo de datos)",https://www.eba.europa.eu/risk-and-data-analysis/risk-analysis/risk-monitoring/risk-dashboard,2026-09-16,,,n/a,ratio,media_ponderada_volumen,"indicador SVC_13; muestra de bancos del EBA, consolidado de grupo, no de segmento"
Portugal,agregado_sector_bancario,Ratio de apalancamiento,7.0873,pct_activos,2025-Q2,"EBA, Risk Dashboard (anexo de datos)",https://www.eba.europa.eu/risk-and-data-analysis/risk-analysis/risk-monitoring/risk-dashboard,2026-09-16,,,n/a,ratio,media_ponderada_volumen,"indicador SVC_13; muestra de bancos del EBA, consolidado de grupo, no de segmento"
Alemania,agregado_sector_bancario,Ratio CET1,17.3016,pct_rwa,2025-Q2,"EBA, Risk Dashboard (anexo de datos)",https://www.eba.europa.eu/risk-and-data-analysis/risk-analysis/risk-monitoring/risk-dashboard,2026-09-16,,,n/a,ratio,media_ponderada_volumen,"indicador SVC_3; muestra de bancos del EBA, consolidado de grupo, no de segmento"
Espana,agregado_sector_bancario,Ratio CET1,13.1820,pct_rwa,2025-Q2,"EBA, Risk Dashboard (anexo de datos)",https://www.eba.europa.eu/risk-and-data-analysis/risk-analysis/risk-monitoring/risk-dashboard,2026-09-16,,,n/a,ratio,media_ponderada_volumen,"indicador SVC_3; muestra de bancos del EBA, consolidado de grupo, no de segmento"
Union Europea,agregado_sector_bancario,Ratio CET1,16.3288,pct_rwa,2025-Q2,"EBA, Risk Dashboard (anexo de datos)",https://www.eba.europa.eu/risk-and-data-analysis/risk-analysis/risk-monitoring/risk-dashboard,2026-09-16,,,n/a,ratio,media_ponderada_volumen,"indicador SVC_3; muestra de bancos del EBA, consolidado de grupo, no de segmento"
Francia,agregado_sector_bancario,Ratio CET1,16.0096,pct_rwa,2025-Q2,"EBA, Risk Dashboard (anexo de datos)",https://www.eba.europa.eu/risk-and-data-analysis/risk-analysis/risk-monitoring/risk-dashboard,2026-09-16,,,n/a,ratio,media_ponderada_volumen,"indicador SVC_3; muestra de bancos del EBA, consolidado de grupo, no de segmento"
Irlanda,agregado_sector_bancario,Ratio CET1,18.4623,pct_rwa,2025-Q2,"EBA, Risk Dashboard (anexo de datos)",https://www.eba.europa.eu/risk-and-data-analysis/risk-analysis/risk-monitoring/risk-dashboard,2026-09-16,,,n/a,ratio,media_ponderada_volumen,"indicador SVC_3; muestra de bancos del EBA, consolidado de grupo, no de segmento"
Italia,agregado_sector_bancario,Ratio CET1,16.1812,pct_rwa,2025-Q2,"EBA, Risk Dashboard (anexo de datos)",https://www.eba.europa.eu/risk-and-data-analysis/risk-analysis/risk-monitoring/risk-dashboard,2026-09-16,,,n/a,ratio,media_ponderada_volumen,"indicador SVC_3; muestra de bancos del EBA, consolidado de grupo, no de segmento"
Paises Bajos,agregado_sector_bancario,Ratio CET1,16.3872,pct_rwa,2025-Q2,"EBA, Risk Dashboard (anexo de datos)",https://www.eba.europa.eu/risk-and-data-analysis/risk-analysis/risk-monitoring/risk-dashboard,2026-09-16,,,n/a,ratio,media_ponderada_volumen,"indicador SVC_3; muestra de bancos del EBA, consolidado de grupo, no de segmento"
Portugal,agregado_sector_bancario,Ratio CET1,17.5874,pct_rwa,2025-Q2,"EBA, Risk Dashboard (anexo de datos)",https://www.eba.europa.eu/risk-and-data-analysis/risk-analysis/risk-monitoring/risk-dashboard,2026-09-16,,,n/a,ratio,media_ponderada_volumen,"indicador SVC_3; muestra de bancos del EBA, consolidado de grupo, no de segmento"
Alemania,agregado_sector_bancario,Ratio de NPE (instrumentos de deuda),1.4037,pct_cartera,2025-Q3,"EBA, Risk Dashboard (anexo de datos)",https://www.eba.europa.eu/risk-and-data-analysis/risk-analysis/risk-monitoring/risk-dashboard,2026-09-16,,,n/a,ratio,media_ponderada_volumen,"indicador AQT_3.1; muestra de bancos del EBA, consolidado de grupo, no de segmento"
Espana,agregado_sector_bancario,Ratio de NPE (instrumentos de deuda),2.1679,pct_cartera,2025-Q3,"EBA, Risk Dashboard (anexo de datos)",https://www.eba.europa.eu/risk-and-data-analysis/risk-analysis/risk-monitoring/risk-dashboard,2026-09-16,,,n/a,ratio,media_ponderada_volumen,"indicador AQT_3.1; muestra de bancos del EBA, consolidado de grupo, no de segmento"
Union Europea,agregado_sector_bancario,Ratio de NPE (instrumentos de deuda),1.6020,pct_cartera,2025-Q3,"EBA, Risk Dashboard (anexo de datos)",https://www.eba.europa.eu/risk-and-data-analysis/risk-analysis/risk-monitoring/risk-dashboard,2026-09-16,,,n/a,ratio,media_ponderada_volumen,"indicador AQT_3.1; muestra de bancos del EBA, consolidado de grupo, no de segmento"
Francia,agregado_sector_bancario,Ratio de NPE (instrumentos de deuda),1.8997,pct_cartera,2025-Q3,"EBA, Risk Dashboard (anexo de datos)",https://www.eba.europa.eu/risk-and-data-analysis/risk-analysis/risk-monitoring/risk-dashboard,2026-09-16,,,n/a,ratio,media_ponderada_volumen,"indicador AQT_3.1; muestra de bancos del EBA, consolidado de grupo, no de segmento"
Irlanda,agregado_sector_bancario,Ratio de NPE (instrumentos de deuda),1.0938,pct_cartera,2025-Q3,"EBA, Risk Dashboard (anexo de datos)",https://www.eba.europa.eu/risk-and-data-analysis/risk-analysis/risk-monitoring/risk-dashboard,2026-09-16,,,n/a,ratio,media_ponderada_volumen,"indicador AQT_3.1; muestra de bancos del EBA, consolidado de grupo, no de segmento"
Italia,agregado_sector_bancario,Ratio de NPE (instrumentos de deuda),1.7330,pct_cartera,2025-Q3,"EBA, Risk Dashboard (anexo de datos)",https://www.eba.europa.eu/risk-and-data-analysis/risk-analysis/risk-monitoring/risk-dashboard,2026-09-16,,,n/a,ratio,media_ponderada_volumen,"indicador AQT_3.1; muestra de bancos del EBA, consolidado de grupo, no de segmento"
Paises Bajos,agregado_sector_bancario,Ratio de NPE (instrumentos de deuda),1.2039,pct_cartera,2025-Q3,"EBA, Risk Dashboard (anexo de datos)",https://www.eba.europa.eu/risk-and-data-analysis/risk-analysis/risk-monitoring/risk-dashboard,2026-09-16,,,n/a,ratio,media_ponderada_volumen,"indicador AQT_3.1; muestra de bancos del EBA, consolidado de grupo, no de segmento"
Portugal,agregado_sector_bancario,Ratio de NPE (instrumentos de deuda),1.5550,pct_cartera,2025-Q3,"EBA, Risk Dashboard (anexo de datos)",https://www.eba.europa.eu/risk-and-data-analysis/risk-analysis/risk-monitoring/risk-dashboard,2026-09-16,,,n/a,ratio,media_ponderada_volumen,"indicador AQT_3.1; muestra de bancos del EBA, consolidado de grupo, no de segmento"
Alemania,agregado_sector_bancario,Ratio de NPL (prestamos y anticipos),1.5623,pct_cartera,2025-Q3,"EBA, Risk Dashboard (anexo de datos)",https://www.eba.europa.eu/risk-and-data-analysis/risk-analysis/risk-monitoring/risk-dashboard,2026-09-16,,,n/a,ratio,media_ponderada_volumen,"indicador AQT_3.2; muestra de bancos del EBA, consolidado de grupo, no de segmento"
Espana,agregado_sector_bancario,Ratio de NPL (prestamos y anticipos),2.5282,pct_cartera,2025-Q3,"EBA, Risk Dashboard (anexo de datos)",https://www.eba.europa.eu/risk-and-data-analysis/risk-analysis/risk-monitoring/risk-dashboard,2026-09-16,,,n/a,ratio,media_ponderada_volumen,"indicador AQT_3.2; muestra de bancos del EBA, consolidado de grupo, no de segmento"
Union Europea,agregado_sector_bancario,Ratio de NPL (prestamos y anticipos),1.8391,pct_cartera,2025-Q3,"EBA, Risk Dashboard (anexo de datos)",https://www.eba.europa.eu/risk-and-data-analysis/risk-analysis/risk-monitoring/risk-dashboard,2026-09-16,,,n/a,ratio,media_ponderada_volumen,"indicador AQT_3.2; muestra de bancos del EBA, consolidado de grupo, no de segmento"
Francia,agregado_sector_bancario,Ratio de NPL (prestamos y anticipos),2.1235,pct_cartera,2025-Q3,"EBA, Risk Dashboard (anexo de datos)",https://www.eba.europa.eu/risk-and-data-analysis/risk-analysis/risk-monitoring/risk-dashboard,2026-09-16,,,n/a,ratio,media_ponderada_volumen,"indicador AQT_3.2; muestra de bancos del EBA, consolidado de grupo, no de segmento"
Irlanda,agregado_sector_bancario,Ratio de NPL (prestamos y anticipos),1.3057,pct_cartera,2025-Q3,"EBA, Risk Dashboard (anexo de datos)",https://www.eba.europa.eu/risk-and-data-analysis/risk-analysis/risk-monitoring/risk-dashboard,2026-09-16,,,n/a,ratio,media_ponderada_volumen,"indicador AQT_3.2; muestra de bancos del EBA, consolidado de grupo, no de segmento"
Italia,agregado_sector_bancario,Ratio de NPL (prestamos y anticipos),2.2255,pct_cartera,2025-Q3,"EBA, Risk Dashboard (anexo de datos)",https://www.eba.europa.eu/risk-and-data-analysis/risk-analysis/risk-monitoring/risk-dashboard,2026-09-16,,,n/a,ratio,media_ponderada_volumen,"indicador AQT_3.2; muestra de bancos del EBA, consolidado de grupo, no de segmento"
Paises Bajos,agregado_sector_bancario,Ratio de NPL (prestamos y anticipos),1.3315,pct_cartera,2025-Q3,"EBA, Risk Dashboard (anexo de datos)",https://www.eba.europa.eu/risk-and-data-analysis/risk-analysis/risk-monitoring/risk-dashboard,2026-09-16,,,n/a,ratio,media_ponderada_volumen,"indicador AQT_3.2; muestra de bancos del EBA, consolidado de grupo, no de segmento"
Portugal,agregado_sector_bancario,Ratio de NPL (prestamos y anticipos),2.0498,pct_cartera,2025-Q3,"EBA, Risk Dashboard (anexo de datos)",https://www.eba.europa.eu/risk-and-data-analysis/risk-analysis/risk-monitoring/risk-dashboard,2026-09-16,,,n/a,ratio,media_ponderada_volumen,"indicador AQT_3.2; muestra de bancos del EBA, consolidado de grupo, no de segmento"
Alemania,agregado_sector_bancario,Ratio de cobertura de NPL,34.3571,pct_cartera,2025-Q3,"EBA, Risk Dashboard (anexo de datos)",https://www.eba.europa.eu/risk-and-data-analysis/risk-analysis/risk-monitoring/risk-dashboard,2026-09-16,,,n/a,ratio,media_ponderada_volumen,"indicador AQT_41.2; muestra de bancos del EBA, consolidado de grupo, no de segmento"
Espana,agregado_sector_bancario,Ratio de cobertura de NPL,46.2929,pct_cartera,2025-Q3,"EBA, Risk Dashboard (anexo de datos)",https://www.eba.europa.eu/risk-and-data-analysis/risk-analysis/risk-monitoring/risk-dashboard,2026-09-16,,,n/a,ratio,media_ponderada_volumen,"indicador AQT_41.2; muestra de bancos del EBA, consolidado de grupo, no de segmento"
Union Europea,agregado_sector_bancario,Ratio de cobertura de NPL,41.9328,pct_cartera,2025-Q3,"EBA, Risk Dashboard (anexo de datos)",https://www.eba.europa.eu/risk-and-data-analysis/risk-analysis/risk-monitoring/risk-dashboard,2026-09-16,,,n/a,ratio,media_ponderada_volumen,"indicador AQT_41.2; muestra de bancos del EBA, consolidado de grupo, no de segmento"
Francia,agregado_sector_bancario,Ratio de cobertura de NPL,44.2544,pct_cartera,2025-Q3,"EBA, Risk Dashboard (anexo de datos)",https://www.eba.europa.eu/risk-and-data-analysis/risk-analysis/risk-monitoring/risk-dashboard,2026-09-16,,,n/a,ratio,media_ponderada_volumen,"indicador AQT_41.2; muestra de bancos del EBA, consolidado de grupo, no de segmento"
Irlanda,agregado_sector_bancario,Ratio de cobertura de NPL,31.3265,pct_cartera,2025-Q3,"EBA, Risk Dashboard (anexo de datos)",https://www.eba.europa.eu/risk-and-data-analysis/risk-analysis/risk-monitoring/risk-dashboard,2026-09-16,,,n/a,ratio,media_ponderada_volumen,"indicador AQT_41.2; muestra de bancos del EBA, consolidado de grupo, no de segmento"
Italia,agregado_sector_bancario,Ratio de cobertura de NPL,52.6277,pct_cartera,2025-Q3,"EBA, Risk Dashboard (anexo de datos)",https://www.eba.europa.eu/risk-and-data-analysis/risk-analysis/risk-monitoring/risk-dashboard,2026-09-16,,,n/a,ratio,media_ponderada_volumen,"indicador AQT_41.2; muestra de bancos del EBA, consolidado de grupo, no de segmento"
Paises Bajos,agregado_sector_bancario,Ratio de cobertura de NPL,25.1978,pct_cartera,2025-Q3,"EBA, Risk Dashboard (anexo de datos)",https://www.eba.europa.eu/risk-and-data-analysis/risk-analysis/risk-monitoring/risk-dashboard,2026-09-16,,,n/a,ratio,media_ponderada_volumen,"indicador AQT_41.2; muestra de bancos del EBA, consolidado de grupo, no de segmento"
Portugal,agregado_sector_bancario,Ratio de cobertura de NPL,60.4706,pct_cartera,2025-Q3,"EBA, Risk Dashboard (anexo de datos)",https://www.eba.europa.eu/risk-and-data-analysis/risk-analysis/risk-monitoring/risk-dashboard,2026-09-16,,,n/a,ratio,media_ponderada_volumen,"indicador AQT_41.2; muestra de bancos del EBA, consolidado de grupo, no de segmento"
Alemania,agregado_sector_bancario,Ratio de refinanciaciones (forbearance),1.7781,pct_cartera,2025-Q3,"EBA, Risk Dashboard (anexo de datos)",https://www.eba.europa.eu/risk-and-data-analysis/risk-analysis/risk-monitoring/risk-dashboard,2026-09-16,,,n/a,ratio,media_ponderada_volumen,"indicador AQT_42.2; muestra de bancos del EBA, consolidado de grupo, no de segmento"
Espana,agregado_sector_bancario,Ratio de refinanciaciones (forbearance),1.7925,pct_cartera,2025-Q3,"EBA, Risk Dashboard (anexo de datos)",https://www.eba.europa.eu/risk-and-data-analysis/risk-analysis/risk-monitoring/risk-dashboard,2026-09-16,,,n/a,ratio,media_ponderada_volumen,"indicador AQT_42.2; muestra de bancos del EBA, consolidado de grupo, no de segmento"
Union Europea,agregado_sector_bancario,Ratio de refinanciaciones (forbearance),1.3877,pct_cartera,2025-Q3,"EBA, Risk Dashboard (anexo de datos)",https://www.eba.europa.eu/risk-and-data-analysis/risk-analysis/risk-monitoring/risk-dashboard,2026-09-16,,,n/a,ratio,media_ponderada_volumen,"indicador AQT_42.2; muestra de bancos del EBA, consolidado de grupo, no de segmento"
Francia,agregado_sector_bancario,Ratio de refinanciaciones (forbearance),1.1647,pct_cartera,2025-Q3,"EBA, Risk Dashboard (anexo de datos)",https://www.eba.europa.eu/risk-and-data-analysis/risk-analysis/risk-monitoring/risk-dashboard,2026-09-16,,,n/a,ratio,media_ponderada_volumen,"indicador AQT_42.2; muestra de bancos del EBA, consolidado de grupo, no de segmento"
Irlanda,agregado_sector_bancario,Ratio de refinanciaciones (forbearance),1.4560,pct_cartera,2025-Q3,"EBA, Risk Dashboard (anexo de datos)",https://www.eba.europa.eu/risk-and-data-analysis/risk-analysis/risk-monitoring/risk-dashboard,2026-09-16,,,n/a,ratio,media_ponderada_volumen,"indicador AQT_42.2; muestra de bancos del EBA, consolidado de grupo, no de segmento"
Italia,agregado_sector_bancario,Ratio de refinanciaciones (forbearance),1.6444,pct_cartera,2025-Q3,"EBA, Risk Dashboard (anexo de datos)",https://www.eba.europa.eu/risk-and-data-analysis/risk-analysis/risk-monitoring/risk-dashboard,2026-09-16,,,n/a,ratio,media_ponderada_volumen,"indicador AQT_42.2; muestra de bancos del EBA, consolidado de grupo, no de segmento"
Paises Bajos,agregado_sector_bancario,Ratio de refinanciaciones (forbearance),1.3728,pct_cartera,2025-Q3,"EBA, Risk Dashboard (anexo de datos)",https://www.eba.europa.eu/risk-and-data-analysis/risk-analysis/risk-monitoring/risk-dashboard,2026-09-16,,,n/a,ratio,media_ponderada_volumen,"indicador AQT_42.2; muestra de bancos del EBA, consolidado de grupo, no de segmento"
Portugal,agregado_sector_bancario,Ratio de refinanciaciones (forbearance),1.7606,pct_cartera,2025-Q3,"EBA, Risk Dashboard (anexo de datos)",https://www.eba.europa.eu/risk-and-data-analysis/risk-analysis/risk-monitoring/risk-dashboard,2026-09-16,,,n/a,ratio,media_ponderada_volumen,"indicador AQT_42.2; muestra de bancos del EBA, consolidado de grupo, no de segmento"
Alemania,agregado_sector_bancario,ROE,7.3455,pct_roe,2025-Q3,"EBA, Risk Dashboard (anexo de datos)",https://www.eba.europa.eu/risk-and-data-analysis/risk-analysis/risk-monitoring/risk-dashboard,2026-09-16,,,n/a,ratio,media_ponderada_volumen,"indicador PFT_21; muestra de bancos del EBA, consolidado de grupo, no de segmento"
Espana,agregado_sector_bancario,ROE,14.8996,pct_roe,2025-Q3,"EBA, Risk Dashboard (anexo de datos)",https://www.eba.europa.eu/risk-and-data-analysis/risk-analysis/risk-monitoring/risk-dashboard,2026-09-16,,,n/a,ratio,media_ponderada_volumen,"indicador PFT_21; muestra de bancos del EBA, consolidado de grupo, no de segmento"
Union Europea,agregado_sector_bancario,ROE,10.6558,pct_roe,2025-Q3,"EBA, Risk Dashboard (anexo de datos)",https://www.eba.europa.eu/risk-and-data-analysis/risk-analysis/risk-monitoring/risk-dashboard,2026-09-16,,,n/a,ratio,media_ponderada_volumen,"indicador PFT_21; muestra de bancos del EBA, consolidado de grupo, no de segmento"
Francia,agregado_sector_bancario,ROE,6.9245,pct_roe,2025-Q3,"EBA, Risk Dashboard (anexo de datos)",https://www.eba.europa.eu/risk-and-data-analysis/risk-analysis/risk-monitoring/risk-dashboard,2026-09-16,,,n/a,ratio,media_ponderada_volumen,"indicador PFT_21; muestra de bancos del EBA, consolidado de grupo, no de segmento"
Irlanda,agregado_sector_bancario,ROE,11.0721,pct_roe,2025-Q3,"EBA, Risk Dashboard (anexo de datos)",https://www.eba.europa.eu/risk-and-data-analysis/risk-analysis/risk-monitoring/risk-dashboard,2026-09-16,,,n/a,ratio,media_ponderada_volumen,"indicador PFT_21; muestra de bancos del EBA, consolidado de grupo, no de segmento"
Italia,agregado_sector_bancario,ROE,15.2594,pct_roe,2025-Q3,"EBA, Risk Dashboard (anexo de datos)",https://www.eba.europa.eu/risk-and-data-analysis/risk-analysis/risk-monitoring/risk-dashboard,2026-09-16,,,n/a,ratio,media_ponderada_volumen,"indicador PFT_21; muestra de bancos del EBA, consolidado de grupo, no de segmento"
Paises Bajos,agregado_sector_bancario,ROE,10.6047,pct_roe,2025-Q3,"EBA, Risk Dashboard (anexo de datos)",https://www.eba.europa.eu/risk-and-data-analysis/risk-analysis/risk-monitoring/risk-dashboard,2026-09-16,,,n/a,ratio,media_ponderada_volumen,"indicador PFT_21; muestra de bancos del EBA, consolidado de grupo, no de segmento"
Portugal,agregado_sector_bancario,ROE,17.0836,pct_roe,2025-Q3,"EBA, Risk Dashboard (anexo de datos)",https://www.eba.europa.eu/risk-and-data-analysis/risk-analysis/risk-monitoring/risk-dashboard,2026-09-16,,,n/a,ratio,media_ponderada_volumen,"indicador PFT_21; muestra de bancos del EBA, consolidado de grupo, no de segmento"
Alemania,agregado_sector_bancario,Ratio de eficiencia (cost-to-income),57.5823,pct_ingresos,2025-Q3,"EBA, Risk Dashboard (anexo de datos)",https://www.eba.europa.eu/risk-and-data-analysis/risk-analysis/risk-monitoring/risk-dashboard,2026-09-16,,,n/a,ratio,media_ponderada_volumen,"indicador PFT_23; muestra de bancos del EBA, consolidado de grupo, no de segmento"
Espana,agregado_sector_bancario,Ratio de eficiencia (cost-to-income),42.3252,pct_ingresos,2025-Q3,"EBA, Risk Dashboard (anexo de datos)",https://www.eba.europa.eu/risk-and-data-analysis/risk-analysis/risk-monitoring/risk-dashboard,2026-09-16,,,n/a,ratio,media_ponderada_volumen,"indicador PFT_23; muestra de bancos del EBA, consolidado de grupo, no de segmento"
Union Europea,agregado_sector_bancario,Ratio de eficiencia (cost-to-income),52.3062,pct_ingresos,2025-Q3,"EBA, Risk Dashboard (anexo de datos)",https://www.eba.europa.eu/risk-and-data-analysis/risk-analysis/risk-monitoring/risk-dashboard,2026-09-16,,,n/a,ratio,media_ponderada_volumen,"indicador PFT_23; muestra de bancos del EBA, consolidado de grupo, no de segmento"
Francia,agregado_sector_bancario,Ratio de eficiencia (cost-to-income),65.6687,pct_ingresos,2025-Q3,"EBA, Risk Dashboard (anexo de datos)",https://www.eba.europa.eu/risk-and-data-analysis/risk-analysis/risk-monitoring/risk-dashboard,2026-09-16,,,n/a,ratio,media_ponderada_volumen,"indicador PFT_23; muestra de bancos del EBA, consolidado de grupo, no de segmento"
Irlanda,agregado_sector_bancario,Ratio de eficiencia (cost-to-income),50.8611,pct_ingresos,2025-Q3,"EBA, Risk Dashboard (anexo de datos)",https://www.eba.europa.eu/risk-and-data-analysis/risk-analysis/risk-monitoring/risk-dashboard,2026-09-16,,,n/a,ratio,media_ponderada_volumen,"indicador PFT_23; muestra de bancos del EBA, consolidado de grupo, no de segmento"
Italia,agregado_sector_bancario,Ratio de eficiencia (cost-to-income),46.2714,pct_ingresos,2025-Q3,"EBA, Risk Dashboard (anexo de datos)",https://www.eba.europa.eu/risk-and-data-analysis/risk-analysis/risk-monitoring/risk-dashboard,2026-09-16,,,n/a,ratio,media_ponderada_volumen,"indicador PFT_23; muestra de bancos del EBA, consolidado de grupo, no de segmento"
Paises Bajos,agregado_sector_bancario,Ratio de eficiencia (cost-to-income),53.5269,pct_ingresos,2025-Q3,"EBA, Risk Dashboard (anexo de datos)",https://www.eba.europa.eu/risk-and-data-analysis/risk-analysis/risk-monitoring/risk-dashboard,2026-09-16,,,n/a,ratio,media_ponderada_volumen,"indicador PFT_23; muestra de bancos del EBA, consolidado de grupo, no de segmento"
Portugal,agregado_sector_bancario,Ratio de eficiencia (cost-to-income),32.9823,pct_ingresos,2025-Q3,"EBA, Risk Dashboard (anexo de datos)",https://www.eba.europa.eu/risk-and-data-analysis/risk-analysis/risk-monitoring/risk-dashboard,2026-09-16,,,n/a,ratio,media_ponderada_volumen,"indicador PFT_23; muestra de bancos del EBA, consolidado de grupo, no de segmento"
Alemania,agregado_sector_bancario,Margen de intereses sobre ingresos operativos,49.8083,pct_ingresos,2025-Q3,"EBA, Risk Dashboard (anexo de datos)",https://www.eba.europa.eu/risk-and-data-analysis/risk-analysis/risk-monitoring/risk-dashboard,2026-09-16,,,n/a,ratio,media_ponderada_volumen,"indicador PFT_25; muestra de bancos del EBA, consolidado de grupo, no de segmento"
Espana,agregado_sector_bancario,Margen de intereses sobre ingresos operativos,72.3360,pct_ingresos,2025-Q3,"EBA, Risk Dashboard (anexo de datos)",https://www.eba.europa.eu/risk-and-data-analysis/risk-analysis/risk-monitoring/risk-dashboard,2026-09-16,,,n/a,ratio,media_ponderada_volumen,"indicador PFT_25; muestra de bancos del EBA, consolidado de grupo, no de segmento"
Union Europea,agregado_sector_bancario,Margen de intereses sobre ingresos operativos,58.0865,pct_ingresos,2025-Q3,"EBA, Risk Dashboard (anexo de datos)",https://www.eba.europa.eu/risk-and-data-analysis/risk-analysis/risk-monitoring/risk-dashboard,2026-09-16,,,n/a,ratio,media_ponderada_volumen,"indicador PFT_25; muestra de bancos del EBA, consolidado de grupo, no de segmento"
Francia,agregado_sector_bancario,Margen de intereses sobre ingresos operativos,40.4695,pct_ingresos,2025-Q3,"EBA, Risk Dashboard (anexo de datos)",https://www.eba.europa.eu/risk-and-data-analysis/risk-analysis/risk-monitoring/risk-dashboard,2026-09-16,,,n/a,ratio,media_ponderada_volumen,"indicador PFT_25; muestra de bancos del EBA, consolidado de grupo, no de segmento"
Irlanda,agregado_sector_bancario,Margen de intereses sobre ingresos operativos,67.5884,pct_ingresos,2025-Q3,"EBA, Risk Dashboard (anexo de datos)",https://www.eba.europa.eu/risk-and-data-analysis/risk-analysis/risk-monitoring/risk-dashboard,2026-09-16,,,n/a,ratio,media_ponderada_volumen,"indicador PFT_25; muestra de bancos del EBA, consolidado de grupo, no de segmento"
Italia,agregado_sector_bancario,Margen de intereses sobre ingresos operativos,54.7243,pct_ingresos,2025-Q3,"EBA, Risk Dashboard (anexo de datos)",https://www.eba.europa.eu/risk-and-data-analysis/risk-analysis/risk-monitoring/risk-dashboard,2026-09-16,,,n/a,ratio,media_ponderada_volumen,"indicador PFT_25; muestra de bancos del EBA, consolidado de grupo, no de segmento"
Paises Bajos,agregado_sector_bancario,Margen de intereses sobre ingresos operativos,67.9113,pct_ingresos,2025-Q3,"EBA, Risk Dashboard (anexo de datos)",https://www.eba.europa.eu/risk-and-data-analysis/risk-analysis/risk-monitoring/risk-dashboard,2026-09-16,,,n/a,ratio,media_ponderada_volumen,"indicador PFT_25; muestra de bancos del EBA, consolidado de grupo, no de segmento"
Portugal,agregado_sector_bancario,Margen de intereses sobre ingresos operativos,74.5037,pct_ingresos,2025-Q3,"EBA, Risk Dashboard (anexo de datos)",https://www.eba.europa.eu/risk-and-data-analysis/risk-analysis/risk-monitoring/risk-dashboard,2026-09-16,,,n/a,ratio,media_ponderada_volumen,"indicador PFT_25; muestra de bancos del EBA, consolidado de grupo, no de segmento"
Alemania,agregado_sector_bancario,Comisiones netas sobre ingresos operativos,31.1364,pct_ingresos,2025-Q3,"EBA, Risk Dashboard (anexo de datos)",https://www.eba.europa.eu/risk-and-data-analysis/risk-analysis/risk-monitoring/risk-dashboard,2026-09-16,,,n/a,ratio,media_ponderada_volumen,"indicador PFT_26; muestra de bancos del EBA, consolidado de grupo, no de segmento"
Espana,agregado_sector_bancario,Comisiones netas sobre ingresos operativos,24.0213,pct_ingresos,2025-Q3,"EBA, Risk Dashboard (anexo de datos)",https://www.eba.europa.eu/risk-and-data-analysis/risk-analysis/risk-monitoring/risk-dashboard,2026-09-16,,,n/a,ratio,media_ponderada_volumen,"indicador PFT_26; muestra de bancos del EBA, consolidado de grupo, no de segmento"
Union Europea,agregado_sector_bancario,Comisiones netas sobre ingresos operativos,28.5184,pct_ingresos,2025-Q3,"EBA, Risk Dashboard (anexo de datos)",https://www.eba.europa.eu/risk-and-data-analysis/risk-analysis/risk-monitoring/risk-dashboard,2026-09-16,,,n/a,ratio,media_ponderada_volumen,"indicador PFT_26; muestra de bancos del EBA, consolidado de grupo, no de segmento"
Francia,agregado_sector_bancario,Comisiones netas sobre ingresos operativos,34.2015,pct_ingresos,2025-Q3,"EBA, Risk Dashboard (anexo de datos)",https://www.eba.europa.eu/risk-and-data-analysis/risk-analysis/risk-monitoring/risk-dashboard,2026-09-16,,,n/a,ratio,media_ponderada_volumen,"indicador PFT_26; muestra de bancos del EBA, consolidado de grupo, no de segmento"
Irlanda,agregado_sector_bancario,Comisiones netas sobre ingresos operativos,19.4583,pct_ingresos,2025-Q3,"EBA, Risk Dashboard (anexo de datos)",https://www.eba.europa.eu/risk-and-data-analysis/risk-analysis/risk-monitoring/risk-dashboard,2026-09-16,,,n/a,ratio,media_ponderada_volumen,"indicador PFT_26; muestra de bancos del EBA, consolidado de grupo, no de segmento"
Italia,agregado_sector_bancario,Comisiones netas sobre ingresos operativos,32.5932,pct_ingresos,2025-Q3,"EBA, Risk Dashboard (anexo de datos)",https://www.eba.europa.eu/risk-and-data-analysis/risk-analysis/risk-monitoring/risk-dashboard,2026-09-16,,,n/a,ratio,media_ponderada_volumen,"indicador PFT_26; muestra de bancos del EBA, consolidado de grupo, no de segmento"
Paises Bajos,agregado_sector_bancario,Comisiones netas sobre ingresos operativos,18.8900,pct_ingresos,2025-Q3,"EBA, Risk Dashboard (anexo de datos)",https://www.eba.europa.eu/risk-and-data-analysis/risk-analysis/risk-monitoring/risk-dashboard,2026-09-16,,,n/a,ratio,media_ponderada_volumen,"indicador PFT_26; muestra de bancos del EBA, consolidado de grupo, no de segmento"
Portugal,agregado_sector_bancario,Comisiones netas sobre ingresos operativos,21.2978,pct_ingresos,2025-Q3,"EBA, Risk Dashboard (anexo de datos)",https://www.eba.europa.eu/risk-and-data-analysis/risk-analysis/risk-monitoring/risk-dashboard,2026-09-16,,,n/a,ratio,media_ponderada_volumen,"indicador PFT_26; muestra de bancos del EBA, consolidado de grupo, no de segmento"
Alemania,agregado_sector_bancario,Margen de intereses (NIM),1.1346,pct_activos,2025-Q3,"EBA, Risk Dashboard (anexo de datos)",https://www.eba.europa.eu/risk-and-data-analysis/risk-analysis/risk-monitoring/risk-dashboard,2026-09-16,,,n/a,ratio,media_ponderada_volumen,"indicador PFT_41; muestra de bancos del EBA, consolidado de grupo, no de segmento"
Espana,agregado_sector_bancario,Margen de intereses (NIM),2.6029,pct_activos,2025-Q3,"EBA, Risk Dashboard (anexo de datos)",https://www.eba.europa.eu/risk-and-data-analysis/risk-analysis/risk-monitoring/risk-dashboard,2026-09-16,,,n/a,ratio,media_ponderada_volumen,"indicador PFT_41; muestra de bancos del EBA, consolidado de grupo, no de segmento"
Union Europea,agregado_sector_bancario,Margen de intereses (NIM),1.5791,pct_activos,2025-Q3,"EBA, Risk Dashboard (anexo de datos)",https://www.eba.europa.eu/risk-and-data-analysis/risk-analysis/risk-monitoring/risk-dashboard,2026-09-16,,,n/a,ratio,media_ponderada_volumen,"indicador PFT_41; muestra de bancos del EBA, consolidado de grupo, no de segmento"
Francia,agregado_sector_bancario,Margen de intereses (NIM),0.9232,pct_activos,2025-Q3,"EBA, Risk Dashboard (anexo de datos)",https://www.eba.europa.eu/risk-and-data-analysis/risk-analysis/risk-monitoring/risk-dashboard,2026-09-16,,,n/a,ratio,media_ponderada_volumen,"indicador PFT_41; muestra de bancos del EBA, consolidado de grupo, no de segmento"
Irlanda,agregado_sector_bancario,Margen de intereses (NIM),2.2835,pct_activos,2025-Q3,"EBA, Risk Dashboard (anexo de datos)",https://www.eba.europa.eu/risk-and-data-analysis/risk-analysis/risk-monitoring/risk-dashboard,2026-09-16,,,n/a,ratio,media_ponderada_volumen,"indicador PFT_41; muestra de bancos del EBA, consolidado de grupo, no de segmento"
Italia,agregado_sector_bancario,Margen de intereses (NIM),2.0874,pct_activos,2025-Q3,"EBA, Risk Dashboard (anexo de datos)",https://www.eba.europa.eu/risk-and-data-analysis/risk-analysis/risk-monitoring/risk-dashboard,2026-09-16,,,n/a,ratio,media_ponderada_volumen,"indicador PFT_41; muestra de bancos del EBA, consolidado de grupo, no de segmento"
Paises Bajos,agregado_sector_bancario,Margen de intereses (NIM),1.4924,pct_activos,2025-Q3,"EBA, Risk Dashboard (anexo de datos)",https://www.eba.europa.eu/risk-and-data-analysis/risk-analysis/risk-monitoring/risk-dashboard,2026-09-16,,,n/a,ratio,media_ponderada_volumen,"indicador PFT_41; muestra de bancos del EBA, consolidado de grupo, no de segmento"
Portugal,agregado_sector_bancario,Margen de intereses (NIM),2.6980,pct_activos,2025-Q3,"EBA, Risk Dashboard (anexo de datos)",https://www.eba.europa.eu/risk-and-data-analysis/risk-analysis/risk-monitoring/risk-dashboard,2026-09-16,,,n/a,ratio,media_ponderada_volumen,"indicador PFT_41; muestra de bancos del EBA, consolidado de grupo, no de segmento"
Alemania,agregado_sector_bancario,Coste del riesgo,0.6149,pct_cartera,2025-Q3,"EBA, Risk Dashboard (anexo de datos)",https://www.eba.europa.eu/risk-and-data-analysis/risk-analysis/risk-monitoring/risk-dashboard,2026-09-16,,,n/a,ratio,media_ponderada_volumen,"indicador PFT_43; muestra de bancos del EBA, consolidado de grupo, no de segmento"
Espana,agregado_sector_bancario,Coste del riesgo,0.9957,pct_cartera,2025-Q3,"EBA, Risk Dashboard (anexo de datos)",https://www.eba.europa.eu/risk-and-data-analysis/risk-analysis/risk-monitoring/risk-dashboard,2026-09-16,,,n/a,ratio,media_ponderada_volumen,"indicador PFT_43; muestra de bancos del EBA, consolidado de grupo, no de segmento"
Union Europea,agregado_sector_bancario,Coste del riesgo,0.4806,pct_cartera,2025-Q3,"EBA, Risk Dashboard (anexo de datos)",https://www.eba.europa.eu/risk-and-data-analysis/risk-analysis/risk-monitoring/risk-dashboard,2026-09-16,,,n/a,ratio,media_ponderada_volumen,"indicador PFT_43; muestra de bancos del EBA, consolidado de grupo, no de segmento"
Francia,agregado_sector_bancario,Coste del riesgo,0.4673,pct_cartera,2025-Q3,"EBA, Risk Dashboard (anexo de datos)",https://www.eba.europa.eu/risk-and-data-analysis/risk-analysis/risk-monitoring/risk-dashboard,2026-09-16,,,n/a,ratio,media_ponderada_volumen,"indicador PFT_43; muestra de bancos del EBA, consolidado de grupo, no de segmento"
Irlanda,agregado_sector_bancario,Coste del riesgo,0.2995,pct_cartera,2025-Q3,"EBA, Risk Dashboard (anexo de datos)",https://www.eba.europa.eu/risk-and-data-analysis/risk-analysis/risk-monitoring/risk-dashboard,2026-09-16,,,n/a,ratio,media_ponderada_volumen,"indicador PFT_43; muestra de bancos del EBA, consolidado de grupo, no de segmento"
Italia,agregado_sector_bancario,Coste del riesgo,0.3917,pct_cartera,2025-Q3,"EBA, Risk Dashboard (anexo de datos)",https://www.eba.europa.eu/risk-and-data-analysis/risk-analysis/risk-monitoring/risk-dashboard,2026-09-16,,,n/a,ratio,media_ponderada_volumen,"indicador PFT_43; muestra de bancos del EBA, consolidado de grupo, no de segmento"
Paises Bajos,agregado_sector_bancario,Coste del riesgo,0.1379,pct_cartera,2025-Q3,"EBA, Risk Dashboard (anexo de datos)",https://www.eba.europa.eu/risk-and-data-analysis/risk-analysis/risk-monitoring/risk-dashboard,2026-09-16,,,n/a,ratio,media_ponderada_volumen,"indicador PFT_43; muestra de bancos del EBA, consolidado de grupo, no de segmento"
Portugal,agregado_sector_bancario,Coste del riesgo,0.2620,pct_cartera,2025-Q3,"EBA, Risk Dashboard (anexo de datos)",https://www.eba.europa.eu/risk-and-data-analysis/risk-analysis/risk-monitoring/risk-dashboard,2026-09-16,,,n/a,ratio,media_ponderada_volumen,"indicador PFT_43; muestra de bancos del EBA, consolidado de grupo, no de segmento"
Alemania,agregado_sector_bancario,Ratio de apalancamiento,5.8374,pct_activos,2025-Q3,"EBA, Risk Dashboard (anexo de datos)",https://www.eba.europa.eu/risk-and-data-analysis/risk-analysis/risk-monitoring/risk-dashboard,2026-09-16,,,n/a,ratio,media_ponderada_volumen,"indicador SVC_13; muestra de bancos del EBA, consolidado de grupo, no de segmento"
Espana,agregado_sector_bancario,Ratio de apalancamiento,5.5932,pct_activos,2025-Q3,"EBA, Risk Dashboard (anexo de datos)",https://www.eba.europa.eu/risk-and-data-analysis/risk-analysis/risk-monitoring/risk-dashboard,2026-09-16,,,n/a,ratio,media_ponderada_volumen,"indicador SVC_13; muestra de bancos del EBA, consolidado de grupo, no de segmento"
Union Europea,agregado_sector_bancario,Ratio de apalancamiento,5.8581,pct_activos,2025-Q3,"EBA, Risk Dashboard (anexo de datos)",https://www.eba.europa.eu/risk-and-data-analysis/risk-analysis/risk-monitoring/risk-dashboard,2026-09-16,,,n/a,ratio,media_ponderada_volumen,"indicador SVC_13; muestra de bancos del EBA, consolidado de grupo, no de segmento"
Francia,agregado_sector_bancario,Ratio de apalancamiento,5.3924,pct_activos,2025-Q3,"EBA, Risk Dashboard (anexo de datos)",https://www.eba.europa.eu/risk-and-data-analysis/risk-analysis/risk-monitoring/risk-dashboard,2026-09-16,,,n/a,ratio,media_ponderada_volumen,"indicador SVC_13; muestra de bancos del EBA, consolidado de grupo, no de segmento"
Irlanda,agregado_sector_bancario,Ratio de apalancamiento,7.4019,pct_activos,2025-Q3,"EBA, Risk Dashboard (anexo de datos)",https://www.eba.europa.eu/risk-and-data-analysis/risk-analysis/risk-monitoring/risk-dashboard,2026-09-16,,,n/a,ratio,media_ponderada_volumen,"indicador SVC_13; muestra de bancos del EBA, consolidado de grupo, no de segmento"
Italia,agregado_sector_bancario,Ratio de apalancamiento,6.0298,pct_activos,2025-Q3,"EBA, Risk Dashboard (anexo de datos)",https://www.eba.europa.eu/risk-and-data-analysis/risk-analysis/risk-monitoring/risk-dashboard,2026-09-16,,,n/a,ratio,media_ponderada_volumen,"indicador SVC_13; muestra de bancos del EBA, consolidado de grupo, no de segmento"
Paises Bajos,agregado_sector_bancario,Ratio de apalancamiento,5.5862,pct_activos,2025-Q3,"EBA, Risk Dashboard (anexo de datos)",https://www.eba.europa.eu/risk-and-data-analysis/risk-analysis/risk-monitoring/risk-dashboard,2026-09-16,,,n/a,ratio,media_ponderada_volumen,"indicador SVC_13; muestra de bancos del EBA, consolidado de grupo, no de segmento"
Portugal,agregado_sector_bancario,Ratio de apalancamiento,7.1154,pct_activos,2025-Q3,"EBA, Risk Dashboard (anexo de datos)",https://www.eba.europa.eu/risk-and-data-analysis/risk-analysis/risk-monitoring/risk-dashboard,2026-09-16,,,n/a,ratio,media_ponderada_volumen,"indicador SVC_13; muestra de bancos del EBA, consolidado de grupo, no de segmento"
Alemania,agregado_sector_bancario,Ratio CET1,17.4040,pct_rwa,2025-Q3,"EBA, Risk Dashboard (anexo de datos)",https://www.eba.europa.eu/risk-and-data-analysis/risk-analysis/risk-monitoring/risk-dashboard,2026-09-16,,,n/a,ratio,media_ponderada_volumen,"indicador SVC_3; muestra de bancos del EBA, consolidado de grupo, no de segmento"
Espana,agregado_sector_bancario,Ratio CET1,13.2813,pct_rwa,2025-Q3,"EBA, Risk Dashboard (anexo de datos)",https://www.eba.europa.eu/risk-and-data-analysis/risk-analysis/risk-monitoring/risk-dashboard,2026-09-16,,,n/a,ratio,media_ponderada_volumen,"indicador SVC_3; muestra de bancos del EBA, consolidado de grupo, no de segmento"
Union Europea,agregado_sector_bancario,Ratio CET1,16.3047,pct_rwa,2025-Q3,"EBA, Risk Dashboard (anexo de datos)",https://www.eba.europa.eu/risk-and-data-analysis/risk-analysis/risk-monitoring/risk-dashboard,2026-09-16,,,n/a,ratio,media_ponderada_volumen,"indicador SVC_3; muestra de bancos del EBA, consolidado de grupo, no de segmento"
Francia,agregado_sector_bancario,Ratio CET1,15.9813,pct_rwa,2025-Q3,"EBA, Risk Dashboard (anexo de datos)",https://www.eba.europa.eu/risk-and-data-analysis/risk-analysis/risk-monitoring/risk-dashboard,2026-09-16,,,n/a,ratio,media_ponderada_volumen,"indicador SVC_3; muestra de bancos del EBA, consolidado de grupo, no de segmento"
Irlanda,agregado_sector_bancario,Ratio CET1,18.0175,pct_rwa,2025-Q3,"EBA, Risk Dashboard (anexo de datos)",https://www.eba.europa.eu/risk-and-data-analysis/risk-analysis/risk-monitoring/risk-dashboard,2026-09-16,,,n/a,ratio,media_ponderada_volumen,"indicador SVC_3; muestra de bancos del EBA, consolidado de grupo, no de segmento"
Italia,agregado_sector_bancario,Ratio CET1,15.8368,pct_rwa,2025-Q3,"EBA, Risk Dashboard (anexo de datos)",https://www.eba.europa.eu/risk-and-data-analysis/risk-analysis/risk-monitoring/risk-dashboard,2026-09-16,,,n/a,ratio,media_ponderada_volumen,"indicador SVC_3; muestra de bancos del EBA, consolidado de grupo, no de segmento"
Paises Bajos,agregado_sector_bancario,Ratio CET1,16.4024,pct_rwa,2025-Q3,"EBA, Risk Dashboard (anexo de datos)",https://www.eba.europa.eu/risk-and-data-analysis/risk-analysis/risk-monitoring/risk-dashboard,2026-09-16,,,n/a,ratio,media_ponderada_volumen,"indicador SVC_3; muestra de bancos del EBA, consolidado de grupo, no de segmento"
Portugal,agregado_sector_bancario,Ratio CET1,17.3981,pct_rwa,2025-Q3,"EBA, Risk Dashboard (anexo de datos)",https://www.eba.europa.eu/risk-and-data-analysis/risk-analysis/risk-monitoring/risk-dashboard,2026-09-16,,,n/a,ratio,media_ponderada_volumen,"indicador SVC_3; muestra de bancos del EBA, consolidado de grupo, no de segmento"
Alemania,agregado_sector_bancario,Ratio de NPE (instrumentos de deuda),1.4433,pct_cartera,2025-Q4,"EBA, Risk Dashboard (anexo de datos)",https://www.eba.europa.eu/risk-and-data-analysis/risk-analysis/risk-monitoring/risk-dashboard,2026-09-16,,,n/a,ratio,media_ponderada_volumen,"indicador AQT_3.1; muestra de bancos del EBA, consolidado de grupo, no de segmento"
Espana,agregado_sector_bancario,Ratio de NPE (instrumentos de deuda),2.1232,pct_cartera,2025-Q4,"EBA, Risk Dashboard (anexo de datos)",https://www.eba.europa.eu/risk-and-data-analysis/risk-analysis/risk-monitoring/risk-dashboard,2026-09-16,,,n/a,ratio,media_ponderada_volumen,"indicador AQT_3.1; muestra de bancos del EBA, consolidado de grupo, no de segmento"
Union Europea,agregado_sector_bancario,Ratio de NPE (instrumentos de deuda),1.5897,pct_cartera,2025-Q4,"EBA, Risk Dashboard (anexo de datos)",https://www.eba.europa.eu/risk-and-data-analysis/risk-analysis/risk-monitoring/risk-dashboard,2026-09-16,,,n/a,ratio,media_ponderada_volumen,"indicador AQT_3.1; muestra de bancos del EBA, consolidado de grupo, no de segmento"
Francia,agregado_sector_bancario,Ratio de NPE (instrumentos de deuda),1.9158,pct_cartera,2025-Q4,"EBA, Risk Dashboard (anexo de datos)",https://www.eba.europa.eu/risk-and-data-analysis/risk-analysis/risk-monitoring/risk-dashboard,2026-09-16,,,n/a,ratio,media_ponderada_volumen,"indicador AQT_3.1; muestra de bancos del EBA, consolidado de grupo, no de segmento"
Irlanda,agregado_sector_bancario,Ratio de NPE (instrumentos de deuda),0.9322,pct_cartera,2025-Q4,"EBA, Risk Dashboard (anexo de datos)",https://www.eba.europa.eu/risk-and-data-analysis/risk-analysis/risk-monitoring/risk-dashboard,2026-09-16,,,n/a,ratio,media_ponderada_volumen,"indicador AQT_3.1; muestra de bancos del EBA, consolidado de grupo, no de segmento"
Italia,agregado_sector_bancario,Ratio de NPE (instrumentos de deuda),1.5908,pct_cartera,2025-Q4,"EBA, Risk Dashboard (anexo de datos)",https://www.eba.europa.eu/risk-and-data-analysis/risk-analysis/risk-monitoring/risk-dashboard,2026-09-16,,,n/a,ratio,media_ponderada_volumen,"indicador AQT_3.1; muestra de bancos del EBA, consolidado de grupo, no de segmento"
Paises Bajos,agregado_sector_bancario,Ratio de NPE (instrumentos de deuda),1.2169,pct_cartera,2025-Q4,"EBA, Risk Dashboard (anexo de datos)",https://www.eba.europa.eu/risk-and-data-analysis/risk-analysis/risk-monitoring/risk-dashboard,2026-09-16,,,n/a,ratio,media_ponderada_volumen,"indicador AQT_3.1; muestra de bancos del EBA, consolidado de grupo, no de segmento"
Portugal,agregado_sector_bancario,Ratio de NPE (instrumentos de deuda),1.4771,pct_cartera,2025-Q4,"EBA, Risk Dashboard (anexo de datos)",https://www.eba.europa.eu/risk-and-data-analysis/risk-analysis/risk-monitoring/risk-dashboard,2026-09-16,,,n/a,ratio,media_ponderada_volumen,"indicador AQT_3.1; muestra de bancos del EBA, consolidado de grupo, no de segmento"
Alemania,agregado_sector_bancario,Ratio de NPL (prestamos y anticipos),1.6083,pct_cartera,2025-Q4,"EBA, Risk Dashboard (anexo de datos)",https://www.eba.europa.eu/risk-and-data-analysis/risk-analysis/risk-monitoring/risk-dashboard,2026-09-16,,,n/a,ratio,media_ponderada_volumen,"indicador AQT_3.2; muestra de bancos del EBA, consolidado de grupo, no de segmento"
Espana,agregado_sector_bancario,Ratio de NPL (prestamos y anticipos),2.4819,pct_cartera,2025-Q4,"EBA, Risk Dashboard (anexo de datos)",https://www.eba.europa.eu/risk-and-data-analysis/risk-analysis/risk-monitoring/risk-dashboard,2026-09-16,,,n/a,ratio,media_ponderada_volumen,"indicador AQT_3.2; muestra de bancos del EBA, consolidado de grupo, no de segmento"
Union Europea,agregado_sector_bancario,Ratio de NPL (prestamos y anticipos),1.8231,pct_cartera,2025-Q4,"EBA, Risk Dashboard (anexo de datos)",https://www.eba.europa.eu/risk-and-data-analysis/risk-analysis/risk-monitoring/risk-dashboard,2026-09-16,,,n/a,ratio,media_ponderada_volumen,"indicador AQT_3.2; muestra de bancos del EBA, consolidado de grupo, no de segmento"
Francia,agregado_sector_bancario,Ratio de NPL (prestamos y anticipos),2.1410,pct_cartera,2025-Q4,"EBA, Risk Dashboard (anexo de datos)",https://www.eba.europa.eu/risk-and-data-analysis/risk-analysis/risk-monitoring/risk-dashboard,2026-09-16,,,n/a,ratio,media_ponderada_volumen,"indicador AQT_3.2; muestra de bancos del EBA, consolidado de grupo, no de segmento"
Irlanda,agregado_sector_bancario,Ratio de NPL (prestamos y anticipos),1.1152,pct_cartera,2025-Q4,"EBA, Risk Dashboard (anexo de datos)",https://www.eba.europa.eu/risk-and-data-analysis/risk-analysis/risk-monitoring/risk-dashboard,2026-09-16,,,n/a,ratio,media_ponderada_volumen,"indicador AQT_3.2; muestra de bancos del EBA, consolidado de grupo, no de segmento"
Italia,agregado_sector_bancario,Ratio de NPL (prestamos y anticipos),2.0003,pct_cartera,2025-Q4,"EBA, Risk Dashboard (anexo de datos)",https://www.eba.europa.eu/risk-and-data-analysis/risk-analysis/risk-monitoring/risk-dashboard,2026-09-16,,,n/a,ratio,media_ponderada_volumen,"indicador AQT_3.2; muestra de bancos del EBA, consolidado de grupo, no de segmento"
Paises Bajos,agregado_sector_bancario,Ratio de NPL (prestamos y anticipos),1.3468,pct_cartera,2025-Q4,"EBA, Risk Dashboard (anexo de datos)",https://www.eba.europa.eu/risk-and-data-analysis/risk-analysis/risk-monitoring/risk-dashboard,2026-09-16,,,n/a,ratio,media_ponderada_volumen,"indicador AQT_3.2; muestra de bancos del EBA, consolidado de grupo, no de segmento"
Portugal,agregado_sector_bancario,Ratio de NPL (prestamos y anticipos),1.9587,pct_cartera,2025-Q4,"EBA, Risk Dashboard (anexo de datos)",https://www.eba.europa.eu/risk-and-data-analysis/risk-analysis/risk-monitoring/risk-dashboard,2026-09-16,,,n/a,ratio,media_ponderada_volumen,"indicador AQT_3.2; muestra de bancos del EBA, consolidado de grupo, no de segmento"
Alemania,agregado_sector_bancario,Ratio de cobertura de NPL,32.9905,pct_cartera,2025-Q4,"EBA, Risk Dashboard (anexo de datos)",https://www.eba.europa.eu/risk-and-data-analysis/risk-analysis/risk-monitoring/risk-dashboard,2026-09-16,,,n/a,ratio,media_ponderada_volumen,"indicador AQT_41.2; muestra de bancos del EBA, consolidado de grupo, no de segmento"
Espana,agregado_sector_bancario,Ratio de cobertura de NPL,46.5880,pct_cartera,2025-Q4,"EBA, Risk Dashboard (anexo de datos)",https://www.eba.europa.eu/risk-and-data-analysis/risk-analysis/risk-monitoring/risk-dashboard,2026-09-16,,,n/a,ratio,media_ponderada_volumen,"indicador AQT_41.2; muestra de bancos del EBA, consolidado de grupo, no de segmento"
Union Europea,agregado_sector_bancario,Ratio de cobertura de NPL,41.4115,pct_cartera,2025-Q4,"EBA, Risk Dashboard (anexo de datos)",https://www.eba.europa.eu/risk-and-data-analysis/risk-analysis/risk-monitoring/risk-dashboard,2026-09-16,,,n/a,ratio,media_ponderada_volumen,"indicador AQT_41.2; muestra de bancos del EBA, consolidado de grupo, no de segmento"
Francia,agregado_sector_bancario,Ratio de cobertura de NPL,44.1488,pct_cartera,2025-Q4,"EBA, Risk Dashboard (anexo de datos)",https://www.eba.europa.eu/risk-and-data-analysis/risk-analysis/risk-monitoring/risk-dashboard,2026-09-16,,,n/a,ratio,media_ponderada_volumen,"indicador AQT_41.2; muestra de bancos del EBA, consolidado de grupo, no de segmento"
Irlanda,agregado_sector_bancario,Ratio de cobertura de NPL,32.1463,pct_cartera,2025-Q4,"EBA, Risk Dashboard (anexo de datos)",https://www.eba.europa.eu/risk-and-data-analysis/risk-analysis/risk-monitoring/risk-dashboard,2026-09-16,,,n/a,ratio,media_ponderada_volumen,"indicador AQT_41.2; muestra de bancos del EBA, consolidado de grupo, no de segmento"
Italia,agregado_sector_bancario,Ratio de cobertura de NPL,50.8200,pct_cartera,2025-Q4,"EBA, Risk Dashboard (anexo de datos)",https://www.eba.europa.eu/risk-and-data-analysis/risk-analysis/risk-monitoring/risk-dashboard,2026-09-16,,,n/a,ratio,media_ponderada_volumen,"indicador AQT_41.2; muestra de bancos del EBA, consolidado de grupo, no de segmento"
Paises Bajos,agregado_sector_bancario,Ratio de cobertura de NPL,25.9548,pct_cartera,2025-Q4,"EBA, Risk Dashboard (anexo de datos)",https://www.eba.europa.eu/risk-and-data-analysis/risk-analysis/risk-monitoring/risk-dashboard,2026-09-16,,,n/a,ratio,media_ponderada_volumen,"indicador AQT_41.2; muestra de bancos del EBA, consolidado de grupo, no de segmento"
Portugal,agregado_sector_bancario,Ratio de cobertura de NPL,60.2376,pct_cartera,2025-Q4,"EBA, Risk Dashboard (anexo de datos)",https://www.eba.europa.eu/risk-and-data-analysis/risk-analysis/risk-monitoring/risk-dashboard,2026-09-16,,,n/a,ratio,media_ponderada_volumen,"indicador AQT_41.2; muestra de bancos del EBA, consolidado de grupo, no de segmento"
Alemania,agregado_sector_bancario,Ratio de refinanciaciones (forbearance),1.7227,pct_cartera,2025-Q4,"EBA, Risk Dashboard (anexo de datos)",https://www.eba.europa.eu/risk-and-data-analysis/risk-analysis/risk-monitoring/risk-dashboard,2026-09-16,,,n/a,ratio,media_ponderada_volumen,"indicador AQT_42.2; muestra de bancos del EBA, consolidado de grupo, no de segmento"
Espana,agregado_sector_bancario,Ratio de refinanciaciones (forbearance),1.7364,pct_cartera,2025-Q4,"EBA, Risk Dashboard (anexo de datos)",https://www.eba.europa.eu/risk-and-data-analysis/risk-analysis/risk-monitoring/risk-dashboard,2026-09-16,,,n/a,ratio,media_ponderada_volumen,"indicador AQT_42.2; muestra de bancos del EBA, consolidado de grupo, no de segmento"
Union Europea,agregado_sector_bancario,Ratio de refinanciaciones (forbearance),1.3505,pct_cartera,2025-Q4,"EBA, Risk Dashboard (anexo de datos)",https://www.eba.europa.eu/risk-and-data-analysis/risk-analysis/risk-monitoring/risk-dashboard,2026-09-16,,,n/a,ratio,media_ponderada_volumen,"indicador AQT_42.2; muestra de bancos del EBA, consolidado de grupo, no de segmento"
Francia,agregado_sector_bancario,Ratio de refinanciaciones (forbearance),1.1411,pct_cartera,2025-Q4,"EBA, Risk Dashboard (anexo de datos)",https://www.eba.europa.eu/risk-and-data-analysis/risk-analysis/risk-monitoring/risk-dashboard,2026-09-16,,,n/a,ratio,media_ponderada_volumen,"indicador AQT_42.2; muestra de bancos del EBA, consolidado de grupo, no de segmento"
Irlanda,agregado_sector_bancario,Ratio de refinanciaciones (forbearance),1.3327,pct_cartera,2025-Q4,"EBA, Risk Dashboard (anexo de datos)",https://www.eba.europa.eu/risk-and-data-analysis/risk-analysis/risk-monitoring/risk-dashboard,2026-09-16,,,n/a,ratio,media_ponderada_volumen,"indicador AQT_42.2; muestra de bancos del EBA, consolidado de grupo, no de segmento"
Italia,agregado_sector_bancario,Ratio de refinanciaciones (forbearance),1.5259,pct_cartera,2025-Q4,"EBA, Risk Dashboard (anexo de datos)",https://www.eba.europa.eu/risk-and-data-analysis/risk-analysis/risk-monitoring/risk-dashboard,2026-09-16,,,n/a,ratio,media_ponderada_volumen,"indicador AQT_42.2; muestra de bancos del EBA, consolidado de grupo, no de segmento"
Paises Bajos,agregado_sector_bancario,Ratio de refinanciaciones (forbearance),1.3918,pct_cartera,2025-Q4,"EBA, Risk Dashboard (anexo de datos)",https://www.eba.europa.eu/risk-and-data-analysis/risk-analysis/risk-monitoring/risk-dashboard,2026-09-16,,,n/a,ratio,media_ponderada_volumen,"indicador AQT_42.2; muestra de bancos del EBA, consolidado de grupo, no de segmento"
Portugal,agregado_sector_bancario,Ratio de refinanciaciones (forbearance),1.5721,pct_cartera,2025-Q4,"EBA, Risk Dashboard (anexo de datos)",https://www.eba.europa.eu/risk-and-data-analysis/risk-analysis/risk-monitoring/risk-dashboard,2026-09-16,,,n/a,ratio,media_ponderada_volumen,"indicador AQT_42.2; muestra de bancos del EBA, consolidado de grupo, no de segmento"
Alemania,agregado_sector_bancario,ROE,6.7092,pct_roe,2025-Q4,"EBA, Risk Dashboard (anexo de datos)",https://www.eba.europa.eu/risk-and-data-analysis/risk-analysis/risk-monitoring/risk-dashboard,2026-09-16,,,n/a,ratio,media_ponderada_volumen,"indicador PFT_21; muestra de bancos del EBA, consolidado de grupo, no de segmento"
Espana,agregado_sector_bancario,ROE,14.8595,pct_roe,2025-Q4,"EBA, Risk Dashboard (anexo de datos)",https://www.eba.europa.eu/risk-and-data-analysis/risk-analysis/risk-monitoring/risk-dashboard,2026-09-16,,,n/a,ratio,media_ponderada_volumen,"indicador PFT_21; muestra de bancos del EBA, consolidado de grupo, no de segmento"
Union Europea,agregado_sector_bancario,ROE,10.3569,pct_roe,2025-Q4,"EBA, Risk Dashboard (anexo de datos)",https://www.eba.europa.eu/risk-and-data-analysis/risk-analysis/risk-monitoring/risk-dashboard,2026-09-16,,,n/a,ratio,media_ponderada_volumen,"indicador PFT_21; muestra de bancos del EBA, consolidado de grupo, no de segmento"
Francia,agregado_sector_bancario,ROE,6.5401,pct_roe,2025-Q4,"EBA, Risk Dashboard (anexo de datos)",https://www.eba.europa.eu/risk-and-data-analysis/risk-analysis/risk-monitoring/risk-dashboard,2026-09-16,,,n/a,ratio,media_ponderada_volumen,"indicador PFT_21; muestra de bancos del EBA, consolidado de grupo, no de segmento"
Irlanda,agregado_sector_bancario,ROE,10.8282,pct_roe,2025-Q4,"EBA, Risk Dashboard (anexo de datos)",https://www.eba.europa.eu/risk-and-data-analysis/risk-analysis/risk-monitoring/risk-dashboard,2026-09-16,,,n/a,ratio,media_ponderada_volumen,"indicador PFT_21; muestra de bancos del EBA, consolidado de grupo, no de segmento"
Italia,agregado_sector_bancario,ROE,14.8625,pct_roe,2025-Q4,"EBA, Risk Dashboard (anexo de datos)",https://www.eba.europa.eu/risk-and-data-analysis/risk-analysis/risk-monitoring/risk-dashboard,2026-09-16,,,n/a,ratio,media_ponderada_volumen,"indicador PFT_21; muestra de bancos del EBA, consolidado de grupo, no de segmento"
Paises Bajos,agregado_sector_bancario,ROE,9.8916,pct_roe,2025-Q4,"EBA, Risk Dashboard (anexo de datos)",https://www.eba.europa.eu/risk-and-data-analysis/risk-analysis/risk-monitoring/risk-dashboard,2026-09-16,,,n/a,ratio,media_ponderada_volumen,"indicador PFT_21; muestra de bancos del EBA, consolidado de grupo, no de segmento"
Portugal,agregado_sector_bancario,ROE,16.6956,pct_roe,2025-Q4,"EBA, Risk Dashboard (anexo de datos)",https://www.eba.europa.eu/risk-and-data-analysis/risk-analysis/risk-monitoring/risk-dashboard,2026-09-16,,,n/a,ratio,media_ponderada_volumen,"indicador PFT_21; muestra de bancos del EBA, consolidado de grupo, no de segmento"
Alemania,agregado_sector_bancario,Ratio de eficiencia (cost-to-income),58.6522,pct_ingresos,2025-Q4,"EBA, Risk Dashboard (anexo de datos)",https://www.eba.europa.eu/risk-and-data-analysis/risk-analysis/risk-monitoring/risk-dashboard,2026-09-16,,,n/a,ratio,media_ponderada_volumen,"indicador PFT_23; muestra de bancos del EBA, consolidado de grupo, no de segmento"
Espana,agregado_sector_bancario,Ratio de eficiencia (cost-to-income),42.5050,pct_ingresos,2025-Q4,"EBA, Risk Dashboard (anexo de datos)",https://www.eba.europa.eu/risk-and-data-analysis/risk-analysis/risk-monitoring/risk-dashboard,2026-09-16,,,n/a,ratio,media_ponderada_volumen,"indicador PFT_23; muestra de bancos del EBA, consolidado de grupo, no de segmento"
Union Europea,agregado_sector_bancario,Ratio de eficiencia (cost-to-income),53.2495,pct_ingresos,2025-Q4,"EBA, Risk Dashboard (anexo de datos)",https://www.eba.europa.eu/risk-and-data-analysis/risk-analysis/risk-monitoring/risk-dashboard,2026-09-16,,,n/a,ratio,media_ponderada_volumen,"indicador PFT_23; muestra de bancos del EBA, consolidado de grupo, no de segmento"
Francia,agregado_sector_bancario,Ratio de eficiencia (cost-to-income),66.2934,pct_ingresos,2025-Q4,"EBA, Risk Dashboard (anexo de datos)",https://www.eba.europa.eu/risk-and-data-analysis/risk-analysis/risk-monitoring/risk-dashboard,2026-09-16,,,n/a,ratio,media_ponderada_volumen,"indicador PFT_23; muestra de bancos del EBA, consolidado de grupo, no de segmento"
Irlanda,agregado_sector_bancario,Ratio de eficiencia (cost-to-income),51.4725,pct_ingresos,2025-Q4,"EBA, Risk Dashboard (anexo de datos)",https://www.eba.europa.eu/risk-and-data-analysis/risk-analysis/risk-monitoring/risk-dashboard,2026-09-16,,,n/a,ratio,media_ponderada_volumen,"indicador PFT_23; muestra de bancos del EBA, consolidado de grupo, no de segmento"
Italia,agregado_sector_bancario,Ratio de eficiencia (cost-to-income),50.0718,pct_ingresos,2025-Q4,"EBA, Risk Dashboard (anexo de datos)",https://www.eba.europa.eu/risk-and-data-analysis/risk-analysis/risk-monitoring/risk-dashboard,2026-09-16,,,n/a,ratio,media_ponderada_volumen,"indicador PFT_23; muestra de bancos del EBA, consolidado de grupo, no de segmento"
Paises Bajos,agregado_sector_bancario,Ratio de eficiencia (cost-to-income),55.2451,pct_ingresos,2025-Q4,"EBA, Risk Dashboard (anexo de datos)",https://www.eba.europa.eu/risk-and-data-analysis/risk-analysis/risk-monitoring/risk-dashboard,2026-09-16,,,n/a,ratio,media_ponderada_volumen,"indicador PFT_23; muestra de bancos del EBA, consolidado de grupo, no de segmento"
Portugal,agregado_sector_bancario,Ratio de eficiencia (cost-to-income),33.0942,pct_ingresos,2025-Q4,"EBA, Risk Dashboard (anexo de datos)",https://www.eba.europa.eu/risk-and-data-analysis/risk-analysis/risk-monitoring/risk-dashboard,2026-09-16,,,n/a,ratio,media_ponderada_volumen,"indicador PFT_23; muestra de bancos del EBA, consolidado de grupo, no de segmento"
Alemania,agregado_sector_bancario,Margen de intereses sobre ingresos operativos,50.5443,pct_ingresos,2025-Q4,"EBA, Risk Dashboard (anexo de datos)",https://www.eba.europa.eu/risk-and-data-analysis/risk-analysis/risk-monitoring/risk-dashboard,2026-09-16,,,n/a,ratio,media_ponderada_volumen,"indicador PFT_25; muestra de bancos del EBA, consolidado de grupo, no de segmento"
Espana,agregado_sector_bancario,Margen de intereses sobre ingresos operativos,72.2013,pct_ingresos,2025-Q4,"EBA, Risk Dashboard (anexo de datos)",https://www.eba.europa.eu/risk-and-data-analysis/risk-analysis/risk-monitoring/risk-dashboard,2026-09-16,,,n/a,ratio,media_ponderada_volumen,"indicador PFT_25; muestra de bancos del EBA, consolidado de grupo, no de segmento"
Union Europea,agregado_sector_bancario,Margen de intereses sobre ingresos operativos,58.3130,pct_ingresos,2025-Q4,"EBA, Risk Dashboard (anexo de datos)",https://www.eba.europa.eu/risk-and-data-analysis/risk-analysis/risk-monitoring/risk-dashboard,2026-09-16,,,n/a,ratio,media_ponderada_volumen,"indicador PFT_25; muestra de bancos del EBA, consolidado de grupo, no de segmento"
Francia,agregado_sector_bancario,Margen de intereses sobre ingresos operativos,41.0512,pct_ingresos,2025-Q4,"EBA, Risk Dashboard (anexo de datos)",https://www.eba.europa.eu/risk-and-data-analysis/risk-analysis/risk-monitoring/risk-dashboard,2026-09-16,,,n/a,ratio,media_ponderada_volumen,"indicador PFT_25; muestra de bancos del EBA, consolidado de grupo, no de segmento"
Irlanda,agregado_sector_bancario,Margen de intereses sobre ingresos operativos,67.3398,pct_ingresos,2025-Q4,"EBA, Risk Dashboard (anexo de datos)",https://www.eba.europa.eu/risk-and-data-analysis/risk-analysis/risk-monitoring/risk-dashboard,2026-09-16,,,n/a,ratio,media_ponderada_volumen,"indicador PFT_25; muestra de bancos del EBA, consolidado de grupo, no de segmento"
Italia,agregado_sector_bancario,Margen de intereses sobre ingresos operativos,55.4138,pct_ingresos,2025-Q4,"EBA, Risk Dashboard (anexo de datos)",https://www.eba.europa.eu/risk-and-data-analysis/risk-analysis/risk-monitoring/risk-dashboard,2026-09-16,,,n/a,ratio,media_ponderada_volumen,"indicador PFT_25; muestra de bancos del EBA, consolidado de grupo, no de segmento"
Paises Bajos,agregado_sector_bancario,Margen de intereses sobre ingresos operativos,68.4113,pct_ingresos,2025-Q4,"EBA, Risk Dashboard (anexo de datos)",https://www.eba.europa.eu/risk-and-data-analysis/risk-analysis/risk-monitoring/risk-dashboard,2026-09-16,,,n/a,ratio,media_ponderada_volumen,"indicador PFT_25; muestra de bancos del EBA, consolidado de grupo, no de segmento"
Portugal,agregado_sector_bancario,Margen de intereses sobre ingresos operativos,73.1682,pct_ingresos,2025-Q4,"EBA, Risk Dashboard (anexo de datos)",https://www.eba.europa.eu/risk-and-data-analysis/risk-analysis/risk-monitoring/risk-dashboard,2026-09-16,,,n/a,ratio,media_ponderada_volumen,"indicador PFT_25; muestra de bancos del EBA, consolidado de grupo, no de segmento"
Alemania,agregado_sector_bancario,Comisiones netas sobre ingresos operativos,31.7567,pct_ingresos,2025-Q4,"EBA, Risk Dashboard (anexo de datos)",https://www.eba.europa.eu/risk-and-data-analysis/risk-analysis/risk-monitoring/risk-dashboard,2026-09-16,,,n/a,ratio,media_ponderada_volumen,"indicador PFT_26; muestra de bancos del EBA, consolidado de grupo, no de segmento"
Espana,agregado_sector_bancario,Comisiones netas sobre ingresos operativos,24.1859,pct_ingresos,2025-Q4,"EBA, Risk Dashboard (anexo de datos)",https://www.eba.europa.eu/risk-and-data-analysis/risk-analysis/risk-monitoring/risk-dashboard,2026-09-16,,,n/a,ratio,media_ponderada_volumen,"indicador PFT_26; muestra de bancos del EBA, consolidado de grupo, no de segmento"
Union Europea,agregado_sector_bancario,Comisiones netas sobre ingresos operativos,28.8896,pct_ingresos,2025-Q4,"EBA, Risk Dashboard (anexo de datos)",https://www.eba.europa.eu/risk-and-data-analysis/risk-analysis/risk-monitoring/risk-dashboard,2026-09-16,,,n/a,ratio,media_ponderada_volumen,"indicador PFT_26; muestra de bancos del EBA, consolidado de grupo, no de segmento"
Francia,agregado_sector_bancario,Comisiones netas sobre ingresos operativos,34.6092,pct_ingresos,2025-Q4,"EBA, Risk Dashboard (anexo de datos)",https://www.eba.europa.eu/risk-and-data-analysis/risk-analysis/risk-monitoring/risk-dashboard,2026-09-16,,,n/a,ratio,media_ponderada_volumen,"indicador PFT_26; muestra de bancos del EBA, consolidado de grupo, no de segmento"
Irlanda,agregado_sector_bancario,Comisiones netas sobre ingresos operativos,19.4884,pct_ingresos,2025-Q4,"EBA, Risk Dashboard (anexo de datos)",https://www.eba.europa.eu/risk-and-data-analysis/risk-analysis/risk-monitoring/risk-dashboard,2026-09-16,,,n/a,ratio,media_ponderada_volumen,"indicador PFT_26; muestra de bancos del EBA, consolidado de grupo, no de segmento"
Italia,agregado_sector_bancario,Comisiones netas sobre ingresos operativos,33.2468,pct_ingresos,2025-Q4,"EBA, Risk Dashboard (anexo de datos)",https://www.eba.europa.eu/risk-and-data-analysis/risk-analysis/risk-monitoring/risk-dashboard,2026-09-16,,,n/a,ratio,media_ponderada_volumen,"indicador PFT_26; muestra de bancos del EBA, consolidado de grupo, no de segmento"
Paises Bajos,agregado_sector_bancario,Comisiones netas sobre ingresos operativos,19.0450,pct_ingresos,2025-Q4,"EBA, Risk Dashboard (anexo de datos)",https://www.eba.europa.eu/risk-and-data-analysis/risk-analysis/risk-monitoring/risk-dashboard,2026-09-16,,,n/a,ratio,media_ponderada_volumen,"indicador PFT_26; muestra de bancos del EBA, consolidado de grupo, no de segmento"
Portugal,agregado_sector_bancario,Comisiones netas sobre ingresos operativos,21.1291,pct_ingresos,2025-Q4,"EBA, Risk Dashboard (anexo de datos)",https://www.eba.europa.eu/risk-and-data-analysis/risk-analysis/risk-monitoring/risk-dashboard,2026-09-16,,,n/a,ratio,media_ponderada_volumen,"indicador PFT_26; muestra de bancos del EBA, consolidado de grupo, no de segmento"
Alemania,agregado_sector_bancario,Margen de intereses (NIM),1.1443,pct_activos,2025-Q4,"EBA, Risk Dashboard (anexo de datos)",https://www.eba.europa.eu/risk-and-data-analysis/risk-analysis/risk-monitoring/risk-dashboard,2026-09-16,,,n/a,ratio,media_ponderada_volumen,"indicador PFT_41; muestra de bancos del EBA, consolidado de grupo, no de segmento"
Espana,agregado_sector_bancario,Margen de intereses (NIM),2.6048,pct_activos,2025-Q4,"EBA, Risk Dashboard (anexo de datos)",https://www.eba.europa.eu/risk-and-data-analysis/risk-analysis/risk-monitoring/risk-dashboard,2026-09-16,,,n/a,ratio,media_ponderada_volumen,"indicador PFT_41; muestra de bancos del EBA, consolidado de grupo, no de segmento"
Union Europea,agregado_sector_bancario,Margen de intereses (NIM),1.5998,pct_activos,2025-Q4,"EBA, Risk Dashboard (anexo de datos)",https://www.eba.europa.eu/risk-and-data-analysis/risk-analysis/risk-monitoring/risk-dashboard,2026-09-16,,,n/a,ratio,media_ponderada_volumen,"indicador PFT_41; muestra de bancos del EBA, consolidado de grupo, no de segmento"
Francia,agregado_sector_bancario,Margen de intereses (NIM),0.9453,pct_activos,2025-Q4,"EBA, Risk Dashboard (anexo de datos)",https://www.eba.europa.eu/risk-and-data-analysis/risk-analysis/risk-monitoring/risk-dashboard,2026-09-16,,,n/a,ratio,media_ponderada_volumen,"indicador PFT_41; muestra de bancos del EBA, consolidado de grupo, no de segmento"
Irlanda,agregado_sector_bancario,Margen de intereses (NIM),2.3006,pct_activos,2025-Q4,"EBA, Risk Dashboard (anexo de datos)",https://www.eba.europa.eu/risk-and-data-analysis/risk-analysis/risk-monitoring/risk-dashboard,2026-09-16,,,n/a,ratio,media_ponderada_volumen,"indicador PFT_41; muestra de bancos del EBA, consolidado de grupo, no de segmento"
Italia,agregado_sector_bancario,Margen de intereses (NIM),2.1230,pct_activos,2025-Q4,"EBA, Risk Dashboard (anexo de datos)",https://www.eba.europa.eu/risk-and-data-analysis/risk-analysis/risk-monitoring/risk-dashboard,2026-09-16,,,n/a,ratio,media_ponderada_volumen,"indicador PFT_41; muestra de bancos del EBA, consolidado de grupo, no de segmento"
Paises Bajos,agregado_sector_bancario,Margen de intereses (NIM),1.5412,pct_activos,2025-Q4,"EBA, Risk Dashboard (anexo de datos)",https://www.eba.europa.eu/risk-and-data-analysis/risk-analysis/risk-monitoring/risk-dashboard,2026-09-16,,,n/a,ratio,media_ponderada_volumen,"indicador PFT_41; muestra de bancos del EBA, consolidado de grupo, no de segmento"
Portugal,agregado_sector_bancario,Margen de intereses (NIM),2.6532,pct_activos,2025-Q4,"EBA, Risk Dashboard (anexo de datos)",https://www.eba.europa.eu/risk-and-data-analysis/risk-analysis/risk-monitoring/risk-dashboard,2026-09-16,,,n/a,ratio,media_ponderada_volumen,"indicador PFT_41; muestra de bancos del EBA, consolidado de grupo, no de segmento"
Alemania,agregado_sector_bancario,Coste del riesgo,0.5295,pct_cartera,2025-Q4,"EBA, Risk Dashboard (anexo de datos)",https://www.eba.europa.eu/risk-and-data-analysis/risk-analysis/risk-monitoring/risk-dashboard,2026-09-16,,,n/a,ratio,media_ponderada_volumen,"indicador PFT_43; muestra de bancos del EBA, consolidado de grupo, no de segmento"
Espana,agregado_sector_bancario,Coste del riesgo,0.9914,pct_cartera,2025-Q4,"EBA, Risk Dashboard (anexo de datos)",https://www.eba.europa.eu/risk-and-data-analysis/risk-analysis/risk-monitoring/risk-dashboard,2026-09-16,,,n/a,ratio,media_ponderada_volumen,"indicador PFT_43; muestra de bancos del EBA, consolidado de grupo, no de segmento"
Union Europea,agregado_sector_bancario,Coste del riesgo,0.4790,pct_cartera,2025-Q4,"EBA, Risk Dashboard (anexo de datos)",https://www.eba.europa.eu/risk-and-data-analysis/risk-analysis/risk-monitoring/risk-dashboard,2026-09-16,,,n/a,ratio,media_ponderada_volumen,"indicador PFT_43; muestra de bancos del EBA, consolidado de grupo, no de segmento"
Francia,agregado_sector_bancario,Coste del riesgo,0.4945,pct_cartera,2025-Q4,"EBA, Risk Dashboard (anexo de datos)",https://www.eba.europa.eu/risk-and-data-analysis/risk-analysis/risk-monitoring/risk-dashboard,2026-09-16,,,n/a,ratio,media_ponderada_volumen,"indicador PFT_43; muestra de bancos del EBA, consolidado de grupo, no de segmento"
Irlanda,agregado_sector_bancario,Coste del riesgo,0.3139,pct_cartera,2025-Q4,"EBA, Risk Dashboard (anexo de datos)",https://www.eba.europa.eu/risk-and-data-analysis/risk-analysis/risk-monitoring/risk-dashboard,2026-09-16,,,n/a,ratio,media_ponderada_volumen,"indicador PFT_43; muestra de bancos del EBA, consolidado de grupo, no de segmento"
Italia,agregado_sector_bancario,Coste del riesgo,0.3741,pct_cartera,2025-Q4,"EBA, Risk Dashboard (anexo de datos)",https://www.eba.europa.eu/risk-and-data-analysis/risk-analysis/risk-monitoring/risk-dashboard,2026-09-16,,,n/a,ratio,media_ponderada_volumen,"indicador PFT_43; muestra de bancos del EBA, consolidado de grupo, no de segmento"
Paises Bajos,agregado_sector_bancario,Coste del riesgo,0.1822,pct_cartera,2025-Q4,"EBA, Risk Dashboard (anexo de datos)",https://www.eba.europa.eu/risk-and-data-analysis/risk-analysis/risk-monitoring/risk-dashboard,2026-09-16,,,n/a,ratio,media_ponderada_volumen,"indicador PFT_43; muestra de bancos del EBA, consolidado de grupo, no de segmento"
Portugal,agregado_sector_bancario,Coste del riesgo,0.2363,pct_cartera,2025-Q4,"EBA, Risk Dashboard (anexo de datos)",https://www.eba.europa.eu/risk-and-data-analysis/risk-analysis/risk-monitoring/risk-dashboard,2026-09-16,,,n/a,ratio,media_ponderada_volumen,"indicador PFT_43; muestra de bancos del EBA, consolidado de grupo, no de segmento"
Alemania,agregado_sector_bancario,Ratio de apalancamiento,5.9970,pct_activos,2025-Q4,"EBA, Risk Dashboard (anexo de datos)",https://www.eba.europa.eu/risk-and-data-analysis/risk-analysis/risk-monitoring/risk-dashboard,2026-09-16,,,n/a,ratio,media_ponderada_volumen,"indicador SVC_13; muestra de bancos del EBA, consolidado de grupo, no de segmento"
Espana,agregado_sector_bancario,Ratio de apalancamiento,5.4909,pct_activos,2025-Q4,"EBA, Risk Dashboard (anexo de datos)",https://www.eba.europa.eu/risk-and-data-analysis/risk-analysis/risk-monitoring/risk-dashboard,2026-09-16,,,n/a,ratio,media_ponderada_volumen,"indicador SVC_13; muestra de bancos del EBA, consolidado de grupo, no de segmento"
Union Europea,agregado_sector_bancario,Ratio de apalancamiento,5.9991,pct_activos,2025-Q4,"EBA, Risk Dashboard (anexo de datos)",https://www.eba.europa.eu/risk-and-data-analysis/risk-analysis/risk-monitoring/risk-dashboard,2026-09-16,,,n/a,ratio,media_ponderada_volumen,"indicador SVC_13; muestra de bancos del EBA, consolidado de grupo, no de segmento"
Francia,agregado_sector_bancario,Ratio de apalancamiento,5.5524,pct_activos,2025-Q4,"EBA, Risk Dashboard (anexo de datos)",https://www.eba.europa.eu/risk-and-data-analysis/risk-analysis/risk-monitoring/risk-dashboard,2026-09-16,,,n/a,ratio,media_ponderada_volumen,"indicador SVC_13; muestra de bancos del EBA, consolidado de grupo, no de segmento"
Irlanda,agregado_sector_bancario,Ratio de apalancamiento,7.9012,pct_activos,2025-Q4,"EBA, Risk Dashboard (anexo de datos)",https://www.eba.europa.eu/risk-and-data-analysis/risk-analysis/risk-monitoring/risk-dashboard,2026-09-16,,,n/a,ratio,media_ponderada_volumen,"indicador SVC_13; muestra de bancos del EBA, consolidado de grupo, no de segmento"
Italia,agregado_sector_bancario,Ratio de apalancamiento,6.1760,pct_activos,2025-Q4,"EBA, Risk Dashboard (anexo de datos)",https://www.eba.europa.eu/risk-and-data-analysis/risk-analysis/risk-monitoring/risk-dashboard,2026-09-16,,,n/a,ratio,media_ponderada_volumen,"indicador SVC_13; muestra de bancos del EBA, consolidado de grupo, no de segmento"
Paises Bajos,agregado_sector_bancario,Ratio de apalancamiento,5.8291,pct_activos,2025-Q4,"EBA, Risk Dashboard (anexo de datos)",https://www.eba.europa.eu/risk-and-data-analysis/risk-analysis/risk-monitoring/risk-dashboard,2026-09-16,,,n/a,ratio,media_ponderada_volumen,"indicador SVC_13; muestra de bancos del EBA, consolidado de grupo, no de segmento"
Portugal,agregado_sector_bancario,Ratio de apalancamiento,7.0729,pct_activos,2025-Q4,"EBA, Risk Dashboard (anexo de datos)",https://www.eba.europa.eu/risk-and-data-analysis/risk-analysis/risk-monitoring/risk-dashboard,2026-09-16,,,n/a,ratio,media_ponderada_volumen,"indicador SVC_13; muestra de bancos del EBA, consolidado de grupo, no de segmento"
Alemania,agregado_sector_bancario,Ratio CET1,17.5158,pct_rwa,2025-Q4,"EBA, Risk Dashboard (anexo de datos)",https://www.eba.europa.eu/risk-and-data-analysis/risk-analysis/risk-monitoring/risk-dashboard,2026-09-16,,,n/a,ratio,media_ponderada_volumen,"indicador SVC_3; muestra de bancos del EBA, consolidado de grupo, no de segmento"
Espana,agregado_sector_bancario,Ratio CET1,13.2855,pct_rwa,2025-Q4,"EBA, Risk Dashboard (anexo de datos)",https://www.eba.europa.eu/risk-and-data-analysis/risk-analysis/risk-monitoring/risk-dashboard,2026-09-16,,,n/a,ratio,media_ponderada_volumen,"indicador SVC_3; muestra de bancos del EBA, consolidado de grupo, no de segmento"
Union Europea,agregado_sector_bancario,Ratio CET1,16.4197,pct_rwa,2025-Q4,"EBA, Risk Dashboard (anexo de datos)",https://www.eba.europa.eu/risk-and-data-analysis/risk-analysis/risk-monitoring/risk-dashboard,2026-09-16,,,n/a,ratio,media_ponderada_volumen,"indicador SVC_3; muestra de bancos del EBA, consolidado de grupo, no de segmento"
Francia,agregado_sector_bancario,Ratio CET1,16.1711,pct_rwa,2025-Q4,"EBA, Risk Dashboard (anexo de datos)",https://www.eba.europa.eu/risk-and-data-analysis/risk-analysis/risk-monitoring/risk-dashboard,2026-09-16,,,n/a,ratio,media_ponderada_volumen,"indicador SVC_3; muestra de bancos del EBA, consolidado de grupo, no de segmento"
Irlanda,agregado_sector_bancario,Ratio CET1,18.6262,pct_rwa,2025-Q4,"EBA, Risk Dashboard (anexo de datos)",https://www.eba.europa.eu/risk-and-data-analysis/risk-analysis/risk-monitoring/risk-dashboard,2026-09-16,,,n/a,ratio,media_ponderada_volumen,"indicador SVC_3; muestra de bancos del EBA, consolidado de grupo, no de segmento"
Italia,agregado_sector_bancario,Ratio CET1,15.8512,pct_rwa,2025-Q4,"EBA, Risk Dashboard (anexo de datos)",https://www.eba.europa.eu/risk-and-data-analysis/risk-analysis/risk-monitoring/risk-dashboard,2026-09-16,,,n/a,ratio,media_ponderada_volumen,"indicador SVC_3; muestra de bancos del EBA, consolidado de grupo, no de segmento"
Paises Bajos,agregado_sector_bancario,Ratio CET1,16.6023,pct_rwa,2025-Q4,"EBA, Risk Dashboard (anexo de datos)",https://www.eba.europa.eu/risk-and-data-analysis/risk-analysis/risk-monitoring/risk-dashboard,2026-09-16,,,n/a,ratio,media_ponderada_volumen,"indicador SVC_3; muestra de bancos del EBA, consolidado de grupo, no de segmento"
Portugal,agregado_sector_bancario,Ratio CET1,17.6969,pct_rwa,2025-Q4,"EBA, Risk Dashboard (anexo de datos)",https://www.eba.europa.eu/risk-and-data-analysis/risk-analysis/risk-monitoring/risk-dashboard,2026-09-16,,,n/a,ratio,media_ponderada_volumen,"indicador SVC_3; muestra de bancos del EBA, consolidado de grupo, no de segmento"
Alemania,agregado_sector_bancario,Ratio de NPE (instrumentos de deuda),1.4427,pct_cartera,2026-Q1,"EBA, Risk Dashboard (anexo de datos)",https://www.eba.europa.eu/risk-and-data-analysis/risk-analysis/risk-monitoring/risk-dashboard,2026-09-16,,,n/a,ratio,media_ponderada_volumen,"indicador AQT_3.1; muestra de bancos del EBA, consolidado de grupo, no de segmento"
Espana,agregado_sector_bancario,Ratio de NPE (instrumentos de deuda),2.2185,pct_cartera,2026-Q1,"EBA, Risk Dashboard (anexo de datos)",https://www.eba.europa.eu/risk-and-data-analysis/risk-analysis/risk-monitoring/risk-dashboard,2026-09-16,,,n/a,ratio,media_ponderada_volumen,"indicador AQT_3.1; muestra de bancos del EBA, consolidado de grupo, no de segmento"
Union Europea,agregado_sector_bancario,Ratio de NPE (instrumentos de deuda),1.5848,pct_cartera,2026-Q1,"EBA, Risk Dashboard (anexo de datos)",https://www.eba.europa.eu/risk-and-data-analysis/risk-analysis/risk-monitoring/risk-dashboard,2026-09-16,,,n/a,ratio,media_ponderada_volumen,"indicador AQT_3.1; muestra de bancos del EBA, consolidado de grupo, no de segmento"
Francia,agregado_sector_bancario,Ratio de NPE (instrumentos de deuda),1.9217,pct_cartera,2026-Q1,"EBA, Risk Dashboard (anexo de datos)",https://www.eba.europa.eu/risk-and-data-analysis/risk-analysis/risk-monitoring/risk-dashboard,2026-09-16,,,n/a,ratio,media_ponderada_volumen,"indicador AQT_3.1; muestra de bancos del EBA, consolidado de grupo, no de segmento"
Irlanda,agregado_sector_bancario,Ratio de NPE (instrumentos de deuda),0.9142,pct_cartera,2026-Q1,"EBA, Risk Dashboard (anexo de datos)",https://www.eba.europa.eu/risk-and-data-analysis/risk-analysis/risk-monitoring/risk-dashboard,2026-09-16,,,n/a,ratio,media_ponderada_volumen,"indicador AQT_3.1; muestra de bancos del EBA, consolidado de grupo, no de segmento"
Italia,agregado_sector_bancario,Ratio de NPE (instrumentos de deuda),1.5602,pct_cartera,2026-Q1,"EBA, Risk Dashboard (anexo de datos)",https://www.eba.europa.eu/risk-and-data-analysis/risk-analysis/risk-monitoring/risk-dashboard,2026-09-16,,,n/a,ratio,media_ponderada_volumen,"indicador AQT_3.1; muestra de bancos del EBA, consolidado de grupo, no de segmento"
Paises Bajos,agregado_sector_bancario,Ratio de NPE (instrumentos de deuda),1.2090,pct_cartera,2026-Q1,"EBA, Risk Dashboard (anexo de datos)",https://www.eba.europa.eu/risk-and-data-analysis/risk-analysis/risk-monitoring/risk-dashboard,2026-09-16,,,n/a,ratio,media_ponderada_volumen,"indicador AQT_3.1; muestra de bancos del EBA, consolidado de grupo, no de segmento"
Portugal,agregado_sector_bancario,Ratio de NPE (instrumentos de deuda),1.5981,pct_cartera,2026-Q1,"EBA, Risk Dashboard (anexo de datos)",https://www.eba.europa.eu/risk-and-data-analysis/risk-analysis/risk-monitoring/risk-dashboard,2026-09-16,,,n/a,ratio,media_ponderada_volumen,"indicador AQT_3.1; muestra de bancos del EBA, consolidado de grupo, no de segmento"
Alemania,agregado_sector_bancario,Ratio de NPL (prestamos y anticipos),1.6054,pct_cartera,2026-Q1,"EBA, Risk Dashboard (anexo de datos)",https://www.eba.europa.eu/risk-and-data-analysis/risk-analysis/risk-monitoring/risk-dashboard,2026-09-16,,,n/a,ratio,media_ponderada_volumen,"indicador AQT_3.2; muestra de bancos del EBA, consolidado de grupo, no de segmento"
Espana,agregado_sector_bancario,Ratio de NPL (prestamos y anticipos),2.6028,pct_cartera,2026-Q1,"EBA, Risk Dashboard (anexo de datos)",https://www.eba.europa.eu/risk-and-data-analysis/risk-analysis/risk-monitoring/risk-dashboard,2026-09-16,,,n/a,ratio,media_ponderada_volumen,"indicador AQT_3.2; muestra de bancos del EBA, consolidado de grupo, no de segmento"
Union Europea,agregado_sector_bancario,Ratio de NPL (prestamos y anticipos),1.8222,pct_cartera,2026-Q1,"EBA, Risk Dashboard (anexo de datos)",https://www.eba.europa.eu/risk-and-data-analysis/risk-analysis/risk-monitoring/risk-dashboard,2026-09-16,,,n/a,ratio,media_ponderada_volumen,"indicador AQT_3.2; muestra de bancos del EBA, consolidado de grupo, no de segmento"
Francia,agregado_sector_bancario,Ratio de NPL (prestamos y anticipos),2.1582,pct_cartera,2026-Q1,"EBA, Risk Dashboard (anexo de datos)",https://www.eba.europa.eu/risk-and-data-analysis/risk-analysis/risk-monitoring/risk-dashboard,2026-09-16,,,n/a,ratio,media_ponderada_volumen,"indicador AQT_3.2; muestra de bancos del EBA, consolidado de grupo, no de segmento"
Irlanda,agregado_sector_bancario,Ratio de NPL (prestamos y anticipos),1.1049,pct_cartera,2026-Q1,"EBA, Risk Dashboard (anexo de datos)",https://www.eba.europa.eu/risk-and-data-analysis/risk-analysis/risk-monitoring/risk-dashboard,2026-09-16,,,n/a,ratio,media_ponderada_volumen,"indicador AQT_3.2; muestra de bancos del EBA, consolidado de grupo, no de segmento"
Italia,agregado_sector_bancario,Ratio de NPL (prestamos y anticipos),1.9657,pct_cartera,2026-Q1,"EBA, Risk Dashboard (anexo de datos)",https://www.eba.europa.eu/risk-and-data-analysis/risk-analysis/risk-monitoring/risk-dashboard,2026-09-16,,,n/a,ratio,media_ponderada_volumen,"indicador AQT_3.2; muestra de bancos del EBA, consolidado de grupo, no de segmento"
Paises Bajos,agregado_sector_bancario,Ratio de NPL (prestamos y anticipos),1.3463,pct_cartera,2026-Q1,"EBA, Risk Dashboard (anexo de datos)",https://www.eba.europa.eu/risk-and-data-analysis/risk-analysis/risk-monitoring/risk-dashboard,2026-09-16,,,n/a,ratio,media_ponderada_volumen,"indicador AQT_3.2; muestra de bancos del EBA, consolidado de grupo, no de segmento"
Portugal,agregado_sector_bancario,Ratio de NPL (prestamos y anticipos),1.9051,pct_cartera,2026-Q1,"EBA, Risk Dashboard (anexo de datos)",https://www.eba.europa.eu/risk-and-data-analysis/risk-analysis/risk-monitoring/risk-dashboard,2026-09-16,,,n/a,ratio,media_ponderada_volumen,"indicador AQT_3.2; muestra de bancos del EBA, consolidado de grupo, no de segmento"
Alemania,agregado_sector_bancario,Ratio de cobertura de NPL,33.1437,pct_cartera,2026-Q1,"EBA, Risk Dashboard (anexo de datos)",https://www.eba.europa.eu/risk-and-data-analysis/risk-analysis/risk-monitoring/risk-dashboard,2026-09-16,,,n/a,ratio,media_ponderada_volumen,"indicador AQT_41.2; muestra de bancos del EBA, consolidado de grupo, no de segmento"
Espana,agregado_sector_bancario,Ratio de cobertura de NPL,46.2542,pct_cartera,2026-Q1,"EBA, Risk Dashboard (anexo de datos)",https://www.eba.europa.eu/risk-and-data-analysis/risk-analysis/risk-monitoring/risk-dashboard,2026-09-16,,,n/a,ratio,media_ponderada_volumen,"indicador AQT_41.2; muestra de bancos del EBA, consolidado de grupo, no de segmento"
Union Europea,agregado_sector_bancario,Ratio de cobertura de NPL,41.2826,pct_cartera,2026-Q1,"EBA, Risk Dashboard (anexo de datos)",https://www.eba.europa.eu/risk-and-data-analysis/risk-analysis/risk-monitoring/risk-dashboard,2026-09-16,,,n/a,ratio,media_ponderada_volumen,"indicador AQT_41.2; muestra de bancos del EBA, consolidado de grupo, no de segmento"
Francia,agregado_sector_bancario,Ratio de cobertura de NPL,44.0238,pct_cartera,2026-Q1,"EBA, Risk Dashboard (anexo de datos)",https://www.eba.europa.eu/risk-and-data-analysis/risk-analysis/risk-monitoring/risk-dashboard,2026-09-16,,,n/a,ratio,media_ponderada_volumen,"indicador AQT_41.2; muestra de bancos del EBA, consolidado de grupo, no de segmento"
Irlanda,agregado_sector_bancario,Ratio de cobertura de NPL,32.8736,pct_cartera,2026-Q1,"EBA, Risk Dashboard (anexo de datos)",https://www.eba.europa.eu/risk-and-data-analysis/risk-analysis/risk-monitoring/risk-dashboard,2026-09-16,,,n/a,ratio,media_ponderada_volumen,"indicador AQT_41.2; muestra de bancos del EBA, consolidado de grupo, no de segmento"
Italia,agregado_sector_bancario,Ratio de cobertura de NPL,51.8390,pct_cartera,2026-Q1,"EBA, Risk Dashboard (anexo de datos)",https://www.eba.europa.eu/risk-and-data-analysis/risk-analysis/risk-monitoring/risk-dashboard,2026-09-16,,,n/a,ratio,media_ponderada_volumen,"indicador AQT_41.2; muestra de bancos del EBA, consolidado de grupo, no de segmento"
Paises Bajos,agregado_sector_bancario,Ratio de cobertura de NPL,25.3568,pct_cartera,2026-Q1,"EBA, Risk Dashboard (anexo de datos)",https://www.eba.europa.eu/risk-and-data-analysis/risk-analysis/risk-monitoring/risk-dashboard,2026-09-16,,,n/a,ratio,media_ponderada_volumen,"indicador AQT_41.2; muestra de bancos del EBA, consolidado de grupo, no de segmento"
Portugal,agregado_sector_bancario,Ratio de cobertura de NPL,60.6355,pct_cartera,2026-Q1,"EBA, Risk Dashboard (anexo de datos)",https://www.eba.europa.eu/risk-and-data-analysis/risk-analysis/risk-monitoring/risk-dashboard,2026-09-16,,,n/a,ratio,media_ponderada_volumen,"indicador AQT_41.2; muestra de bancos del EBA, consolidado de grupo, no de segmento"
Alemania,agregado_sector_bancario,Ratio de refinanciaciones (forbearance),1.7259,pct_cartera,2026-Q1,"EBA, Risk Dashboard (anexo de datos)",https://www.eba.europa.eu/risk-and-data-analysis/risk-analysis/risk-monitoring/risk-dashboard,2026-09-16,,,n/a,ratio,media_ponderada_volumen,"indicador AQT_42.2; muestra de bancos del EBA, consolidado de grupo, no de segmento"
Espana,agregado_sector_bancario,Ratio de refinanciaciones (forbearance),1.8410,pct_cartera,2026-Q1,"EBA, Risk Dashboard (anexo de datos)",https://www.eba.europa.eu/risk-and-data-analysis/risk-analysis/risk-monitoring/risk-dashboard,2026-09-16,,,n/a,ratio,media_ponderada_volumen,"indicador AQT_42.2; muestra de bancos del EBA, consolidado de grupo, no de segmento"
Union Europea,agregado_sector_bancario,Ratio de refinanciaciones (forbearance),1.3680,pct_cartera,2026-Q1,"EBA, Risk Dashboard (anexo de datos)",https://www.eba.europa.eu/risk-and-data-analysis/risk-analysis/risk-monitoring/risk-dashboard,2026-09-16,,,n/a,ratio,media_ponderada_volumen,"indicador AQT_42.2; muestra de bancos del EBA, consolidado de grupo, no de segmento"
Francia,agregado_sector_bancario,Ratio de refinanciaciones (forbearance),1.1886,pct_cartera,2026-Q1,"EBA, Risk Dashboard (anexo de datos)",https://www.eba.europa.eu/risk-and-data-analysis/risk-analysis/risk-monitoring/risk-dashboard,2026-09-16,,,n/a,ratio,media_ponderada_volumen,"indicador AQT_42.2; muestra de bancos del EBA, consolidado de grupo, no de segmento"
Irlanda,agregado_sector_bancario,Ratio de refinanciaciones (forbearance),1.2824,pct_cartera,2026-Q1,"EBA, Risk Dashboard (anexo de datos)",https://www.eba.europa.eu/risk-and-data-analysis/risk-analysis/risk-monitoring/risk-dashboard,2026-09-16,,,n/a,ratio,media_ponderada_volumen,"indicador AQT_42.2; muestra de bancos del EBA, consolidado de grupo, no de segmento"
Italia,agregado_sector_bancario,Ratio de refinanciaciones (forbearance),1.4862,pct_cartera,2026-Q1,"EBA, Risk Dashboard (anexo de datos)",https://www.eba.europa.eu/risk-and-data-analysis/risk-analysis/risk-monitoring/risk-dashboard,2026-09-16,,,n/a,ratio,media_ponderada_volumen,"indicador AQT_42.2; muestra de bancos del EBA, consolidado de grupo, no de segmento"
Paises Bajos,agregado_sector_bancario,Ratio de refinanciaciones (forbearance),1.3781,pct_cartera,2026-Q1,"EBA, Risk Dashboard (anexo de datos)",https://www.eba.europa.eu/risk-and-data-analysis/risk-analysis/risk-monitoring/risk-dashboard,2026-09-16,,,n/a,ratio,media_ponderada_volumen,"indicador AQT_42.2; muestra de bancos del EBA, consolidado de grupo, no de segmento"
Portugal,agregado_sector_bancario,Ratio de refinanciaciones (forbearance),1.4481,pct_cartera,2026-Q1,"EBA, Risk Dashboard (anexo de datos)",https://www.eba.europa.eu/risk-and-data-analysis/risk-analysis/risk-monitoring/risk-dashboard,2026-09-16,,,n/a,ratio,media_ponderada_volumen,"indicador AQT_42.2; muestra de bancos del EBA, consolidado de grupo, no de segmento"
Alemania,agregado_sector_bancario,ROE,7.9667,pct_roe,2026-Q1,"EBA, Risk Dashboard (anexo de datos)",https://www.eba.europa.eu/risk-and-data-analysis/risk-analysis/risk-monitoring/risk-dashboard,2026-09-16,,,n/a,ratio,media_ponderada_volumen,"indicador PFT_21; muestra de bancos del EBA, consolidado de grupo, no de segmento"
Espana,agregado_sector_bancario,ROE,18.5103,pct_roe,2026-Q1,"EBA, Risk Dashboard (anexo de datos)",https://www.eba.europa.eu/risk-and-data-analysis/risk-analysis/risk-monitoring/risk-dashboard,2026-09-16,,,n/a,ratio,media_ponderada_volumen,"indicador PFT_21; muestra de bancos del EBA, consolidado de grupo, no de segmento"
Union Europea,agregado_sector_bancario,ROE,10.4942,pct_roe,2026-Q1,"EBA, Risk Dashboard (anexo de datos)",https://www.eba.europa.eu/risk-and-data-analysis/risk-analysis/risk-monitoring/risk-dashboard,2026-09-16,,,n/a,ratio,media_ponderada_volumen,"indicador PFT_21; muestra de bancos del EBA, consolidado de grupo, no de segmento"
Francia,agregado_sector_bancario,ROE,6.3407,pct_roe,2026-Q1,"EBA, Risk Dashboard (anexo de datos)",https://www.eba.europa.eu/risk-and-data-analysis/risk-analysis/risk-monitoring/risk-dashboard,2026-09-16,,,n/a,ratio,media_ponderada_volumen,"indicador PFT_21; muestra de bancos del EBA, consolidado de grupo, no de segmento"
Irlanda,agregado_sector_bancario,ROE,9.3863,pct_roe,2026-Q1,"EBA, Risk Dashboard (anexo de datos)",https://www.eba.europa.eu/risk-and-data-analysis/risk-analysis/risk-monitoring/risk-dashboard,2026-09-16,,,n/a,ratio,media_ponderada_volumen,"indicador PFT_21; muestra de bancos del EBA, consolidado de grupo, no de segmento"
Italia,agregado_sector_bancario,ROE,14.9150,pct_roe,2026-Q1,"EBA, Risk Dashboard (anexo de datos)",https://www.eba.europa.eu/risk-and-data-analysis/risk-analysis/risk-monitoring/risk-dashboard,2026-09-16,,,n/a,ratio,media_ponderada_volumen,"indicador PFT_21; muestra de bancos del EBA, consolidado de grupo, no de segmento"
Paises Bajos,agregado_sector_bancario,ROE,10.1085,pct_roe,2026-Q1,"EBA, Risk Dashboard (anexo de datos)",https://www.eba.europa.eu/risk-and-data-analysis/risk-analysis/risk-monitoring/risk-dashboard,2026-09-16,,,n/a,ratio,media_ponderada_volumen,"indicador PFT_21; muestra de bancos del EBA, consolidado de grupo, no de segmento"
Portugal,agregado_sector_bancario,ROE,15.9767,pct_roe,2026-Q1,"EBA, Risk Dashboard (anexo de datos)",https://www.eba.europa.eu/risk-and-data-analysis/risk-analysis/risk-monitoring/risk-dashboard,2026-09-16,,,n/a,ratio,media_ponderada_volumen,"indicador PFT_21; muestra de bancos del EBA, consolidado de grupo, no de segmento"
Alemania,agregado_sector_bancario,Ratio de eficiencia (cost-to-income),55.1514,pct_ingresos,2026-Q1,"EBA, Risk Dashboard (anexo de datos)",https://www.eba.europa.eu/risk-and-data-analysis/risk-analysis/risk-monitoring/risk-dashboard,2026-09-16,,,n/a,ratio,media_ponderada_volumen,"indicador PFT_23; muestra de bancos del EBA, consolidado de grupo, no de segmento"
Espana,agregado_sector_bancario,Ratio de eficiencia (cost-to-income),42.1415,pct_ingresos,2026-Q1,"EBA, Risk Dashboard (anexo de datos)",https://www.eba.europa.eu/risk-and-data-analysis/risk-analysis/risk-monitoring/risk-dashboard,2026-09-16,,,n/a,ratio,media_ponderada_volumen,"indicador PFT_23; muestra de bancos del EBA, consolidado de grupo, no de segmento"
Union Europea,agregado_sector_bancario,Ratio de eficiencia (cost-to-income),52.9646,pct_ingresos,2026-Q1,"EBA, Risk Dashboard (anexo de datos)",https://www.eba.europa.eu/risk-and-data-analysis/risk-analysis/risk-monitoring/risk-dashboard,2026-09-16,,,n/a,ratio,media_ponderada_volumen,"indicador PFT_23; muestra de bancos del EBA, consolidado de grupo, no de segmento"
Francia,agregado_sector_bancario,Ratio de eficiencia (cost-to-income),65.6003,pct_ingresos,2026-Q1,"EBA, Risk Dashboard (anexo de datos)",https://www.eba.europa.eu/risk-and-data-analysis/risk-analysis/risk-monitoring/risk-dashboard,2026-09-16,,,n/a,ratio,media_ponderada_volumen,"indicador PFT_23; muestra de bancos del EBA, consolidado de grupo, no de segmento"
Irlanda,agregado_sector_bancario,Ratio de eficiencia (cost-to-income),57.3706,pct_ingresos,2026-Q1,"EBA, Risk Dashboard (anexo de datos)",https://www.eba.europa.eu/risk-and-data-analysis/risk-analysis/risk-monitoring/risk-dashboard,2026-09-16,,,n/a,ratio,media_ponderada_volumen,"indicador PFT_23; muestra de bancos del EBA, consolidado de grupo, no de segmento"
Italia,agregado_sector_bancario,Ratio de eficiencia (cost-to-income),46.7812,pct_ingresos,2026-Q1,"EBA, Risk Dashboard (anexo de datos)",https://www.eba.europa.eu/risk-and-data-analysis/risk-analysis/risk-monitoring/risk-dashboard,2026-09-16,,,n/a,ratio,media_ponderada_volumen,"indicador PFT_23; muestra de bancos del EBA, consolidado de grupo, no de segmento"
Paises Bajos,agregado_sector_bancario,Ratio de eficiencia (cost-to-income),53.4767,pct_ingresos,2026-Q1,"EBA, Risk Dashboard (anexo de datos)",https://www.eba.europa.eu/risk-and-data-analysis/risk-analysis/risk-monitoring/risk-dashboard,2026-09-16,,,n/a,ratio,media_ponderada_volumen,"indicador PFT_23; muestra de bancos del EBA, consolidado de grupo, no de segmento"
Portugal,agregado_sector_bancario,Ratio de eficiencia (cost-to-income),34.8325,pct_ingresos,2026-Q1,"EBA, Risk Dashboard (anexo de datos)",https://www.eba.europa.eu/risk-and-data-analysis/risk-analysis/risk-monitoring/risk-dashboard,2026-09-16,,,n/a,ratio,media_ponderada_volumen,"indicador PFT_23; muestra de bancos del EBA, consolidado de grupo, no de segmento"
Alemania,agregado_sector_bancario,Margen de intereses sobre ingresos operativos,49.5266,pct_ingresos,2026-Q1,"EBA, Risk Dashboard (anexo de datos)",https://www.eba.europa.eu/risk-and-data-analysis/risk-analysis/risk-monitoring/risk-dashboard,2026-09-16,,,n/a,ratio,media_ponderada_volumen,"indicador PFT_25; muestra de bancos del EBA, consolidado de grupo, no de segmento"
Espana,agregado_sector_bancario,Margen de intereses sobre ingresos operativos,72.8286,pct_ingresos,2026-Q1,"EBA, Risk Dashboard (anexo de datos)",https://www.eba.europa.eu/risk-and-data-analysis/risk-analysis/risk-monitoring/risk-dashboard,2026-09-16,,,n/a,ratio,media_ponderada_volumen,"indicador PFT_25; muestra de bancos del EBA, consolidado de grupo, no de segmento"
Union Europea,agregado_sector_bancario,Margen de intereses sobre ingresos operativos,58.3066,pct_ingresos,2026-Q1,"EBA, Risk Dashboard (anexo de datos)",https://www.eba.europa.eu/risk-and-data-analysis/risk-analysis/risk-monitoring/risk-dashboard,2026-09-16,,,n/a,ratio,media_ponderada_volumen,"indicador PFT_25; muestra de bancos del EBA, consolidado de grupo, no de segmento"
Francia,agregado_sector_bancario,Margen de intereses sobre ingresos operativos,41.5767,pct_ingresos,2026-Q1,"EBA, Risk Dashboard (anexo de datos)",https://www.eba.europa.eu/risk-and-data-analysis/risk-analysis/risk-monitoring/risk-dashboard,2026-09-16,,,n/a,ratio,media_ponderada_volumen,"indicador PFT_25; muestra de bancos del EBA, consolidado de grupo, no de segmento"
Irlanda,agregado_sector_bancario,Margen de intereses sobre ingresos operativos,66.7202,pct_ingresos,2026-Q1,"EBA, Risk Dashboard (anexo de datos)",https://www.eba.europa.eu/risk-and-data-analysis/risk-analysis/risk-monitoring/risk-dashboard,2026-09-16,,,n/a,ratio,media_ponderada_volumen,"indicador PFT_25; muestra de bancos del EBA, consolidado de grupo, no de segmento"
Italia,agregado_sector_bancario,Margen de intereses sobre ingresos operativos,53.6180,pct_ingresos,2026-Q1,"EBA, Risk Dashboard (anexo de datos)",https://www.eba.europa.eu/risk-and-data-analysis/risk-analysis/risk-monitoring/risk-dashboard,2026-09-16,,,n/a,ratio,media_ponderada_volumen,"indicador PFT_25; muestra de bancos del EBA, consolidado de grupo, no de segmento"
Paises Bajos,agregado_sector_bancario,Margen de intereses sobre ingresos operativos,71.0796,pct_ingresos,2026-Q1,"EBA, Risk Dashboard (anexo de datos)",https://www.eba.europa.eu/risk-and-data-analysis/risk-analysis/risk-monitoring/risk-dashboard,2026-09-16,,,n/a,ratio,media_ponderada_volumen,"indicador PFT_25; muestra de bancos del EBA, consolidado de grupo, no de segmento"
Portugal,agregado_sector_bancario,Margen de intereses sobre ingresos operativos,73.7852,pct_ingresos,2026-Q1,"EBA, Risk Dashboard (anexo de datos)",https://www.eba.europa.eu/risk-and-data-analysis/risk-analysis/risk-monitoring/risk-dashboard,2026-09-16,,,n/a,ratio,media_ponderada_volumen,"indicador PFT_25; muestra de bancos del EBA, consolidado de grupo, no de segmento"
Alemania,agregado_sector_bancario,Comisiones netas sobre ingresos operativos,31.9732,pct_ingresos,2026-Q1,"EBA, Risk Dashboard (anexo de datos)",https://www.eba.europa.eu/risk-and-data-analysis/risk-analysis/risk-monitoring/risk-dashboard,2026-09-16,,,n/a,ratio,media_ponderada_volumen,"indicador PFT_26; muestra de bancos del EBA, consolidado de grupo, no de segmento"
Espana,agregado_sector_bancario,Comisiones netas sobre ingresos operativos,23.9258,pct_ingresos,2026-Q1,"EBA, Risk Dashboard (anexo de datos)",https://www.eba.europa.eu/risk-and-data-analysis/risk-analysis/risk-monitoring/risk-dashboard,2026-09-16,,,n/a,ratio,media_ponderada_volumen,"indicador PFT_26; muestra de bancos del EBA, consolidado de grupo, no de segmento"
Union Europea,agregado_sector_bancario,Comisiones netas sobre ingresos operativos,28.9246,pct_ingresos,2026-Q1,"EBA, Risk Dashboard (anexo de datos)",https://www.eba.europa.eu/risk-and-data-analysis/risk-analysis/risk-monitoring/risk-dashboard,2026-09-16,,,n/a,ratio,media_ponderada_volumen,"indicador PFT_26; muestra de bancos del EBA, consolidado de grupo, no de segmento"
Francia,agregado_sector_bancario,Comisiones netas sobre ingresos operativos,33.7299,pct_ingresos,2026-Q1,"EBA, Risk Dashboard (anexo de datos)",https://www.eba.europa.eu/risk-and-data-analysis/risk-analysis/risk-monitoring/risk-dashboard,2026-09-16,,,n/a,ratio,media_ponderada_volumen,"indicador PFT_26; muestra de bancos del EBA, consolidado de grupo, no de segmento"
Irlanda,agregado_sector_bancario,Comisiones netas sobre ingresos operativos,18.4425,pct_ingresos,2026-Q1,"EBA, Risk Dashboard (anexo de datos)",https://www.eba.europa.eu/risk-and-data-analysis/risk-analysis/risk-monitoring/risk-dashboard,2026-09-16,,,n/a,ratio,media_ponderada_volumen,"indicador PFT_26; muestra de bancos del EBA, consolidado de grupo, no de segmento"
Italia,agregado_sector_bancario,Comisiones netas sobre ingresos operativos,33.7900,pct_ingresos,2026-Q1,"EBA, Risk Dashboard (anexo de datos)",https://www.eba.europa.eu/risk-and-data-analysis/risk-analysis/risk-monitoring/risk-dashboard,2026-09-16,,,n/a,ratio,media_ponderada_volumen,"indicador PFT_26; muestra de bancos del EBA, consolidado de grupo, no de segmento"
Paises Bajos,agregado_sector_bancario,Comisiones netas sobre ingresos operativos,20.4184,pct_ingresos,2026-Q1,"EBA, Risk Dashboard (anexo de datos)",https://www.eba.europa.eu/risk-and-data-analysis/risk-analysis/risk-monitoring/risk-dashboard,2026-09-16,,,n/a,ratio,media_ponderada_volumen,"indicador PFT_26; muestra de bancos del EBA, consolidado de grupo, no de segmento"
Portugal,agregado_sector_bancario,Comisiones netas sobre ingresos operativos,21.7909,pct_ingresos,2026-Q1,"EBA, Risk Dashboard (anexo de datos)",https://www.eba.europa.eu/risk-and-data-analysis/risk-analysis/risk-monitoring/risk-dashboard,2026-09-16,,,n/a,ratio,media_ponderada_volumen,"indicador PFT_26; muestra de bancos del EBA, consolidado de grupo, no de segmento"
Alemania,agregado_sector_bancario,Margen de intereses (NIM),1.1346,pct_activos,2026-Q1,"EBA, Risk Dashboard (anexo de datos)",https://www.eba.europa.eu/risk-and-data-analysis/risk-analysis/risk-monitoring/risk-dashboard,2026-09-16,,,n/a,ratio,media_ponderada_volumen,"indicador PFT_41; muestra de bancos del EBA, consolidado de grupo, no de segmento"
Espana,agregado_sector_bancario,Margen de intereses (NIM),2.7770,pct_activos,2026-Q1,"EBA, Risk Dashboard (anexo de datos)",https://www.eba.europa.eu/risk-and-data-analysis/risk-analysis/risk-monitoring/risk-dashboard,2026-09-16,,,n/a,ratio,media_ponderada_volumen,"indicador PFT_41; muestra de bancos del EBA, consolidado de grupo, no de segmento"
Union Europea,agregado_sector_bancario,Margen de intereses (NIM),1.6137,pct_activos,2026-Q1,"EBA, Risk Dashboard (anexo de datos)",https://www.eba.europa.eu/risk-and-data-analysis/risk-analysis/risk-monitoring/risk-dashboard,2026-09-16,,,n/a,ratio,media_ponderada_volumen,"indicador PFT_41; muestra de bancos del EBA, consolidado de grupo, no de segmento"
Francia,agregado_sector_bancario,Margen de intereses (NIM),0.9877,pct_activos,2026-Q1,"EBA, Risk Dashboard (anexo de datos)",https://www.eba.europa.eu/risk-and-data-analysis/risk-analysis/risk-monitoring/risk-dashboard,2026-09-16,,,n/a,ratio,media_ponderada_volumen,"indicador PFT_41; muestra de bancos del EBA, consolidado de grupo, no de segmento"
Irlanda,agregado_sector_bancario,Margen de intereses (NIM),2.1441,pct_activos,2026-Q1,"EBA, Risk Dashboard (anexo de datos)",https://www.eba.europa.eu/risk-and-data-analysis/risk-analysis/risk-monitoring/risk-dashboard,2026-09-16,,,n/a,ratio,media_ponderada_volumen,"indicador PFT_41; muestra de bancos del EBA, consolidado de grupo, no de segmento"
Italia,agregado_sector_bancario,Margen de intereses (NIM),2.0470,pct_activos,2026-Q1,"EBA, Risk Dashboard (anexo de datos)",https://www.eba.europa.eu/risk-and-data-analysis/risk-analysis/risk-monitoring/risk-dashboard,2026-09-16,,,n/a,ratio,media_ponderada_volumen,"indicador PFT_41; muestra de bancos del EBA, consolidado de grupo, no de segmento"
Paises Bajos,agregado_sector_bancario,Margen de intereses (NIM),1.5461,pct_activos,2026-Q1,"EBA, Risk Dashboard (anexo de datos)",https://www.eba.europa.eu/risk-and-data-analysis/risk-analysis/risk-monitoring/risk-dashboard,2026-09-16,,,n/a,ratio,media_ponderada_volumen,"indicador PFT_41; muestra de bancos del EBA, consolidado de grupo, no de segmento"
Portugal,agregado_sector_bancario,Margen de intereses (NIM),2.5459,pct_activos,2026-Q1,"EBA, Risk Dashboard (anexo de datos)",https://www.eba.europa.eu/risk-and-data-analysis/risk-analysis/risk-monitoring/risk-dashboard,2026-09-16,,,n/a,ratio,media_ponderada_volumen,"indicador PFT_41; muestra de bancos del EBA, consolidado de grupo, no de segmento"
Alemania,agregado_sector_bancario,Coste del riesgo,0.7544,pct_cartera,2026-Q1,"EBA, Risk Dashboard (anexo de datos)",https://www.eba.europa.eu/risk-and-data-analysis/risk-analysis/risk-monitoring/risk-dashboard,2026-09-16,,,n/a,ratio,media_ponderada_volumen,"indicador PFT_43; muestra de bancos del EBA, consolidado de grupo, no de segmento"
Espana,agregado_sector_bancario,Coste del riesgo,1.2226,pct_cartera,2026-Q1,"EBA, Risk Dashboard (anexo de datos)",https://www.eba.europa.eu/risk-and-data-analysis/risk-analysis/risk-monitoring/risk-dashboard,2026-09-16,,,n/a,ratio,media_ponderada_volumen,"indicador PFT_43; muestra de bancos del EBA, consolidado de grupo, no de segmento"
Union Europea,agregado_sector_bancario,Coste del riesgo,0.5612,pct_cartera,2026-Q1,"EBA, Risk Dashboard (anexo de datos)",https://www.eba.europa.eu/risk-and-data-analysis/risk-analysis/risk-monitoring/risk-dashboard,2026-09-16,,,n/a,ratio,media_ponderada_volumen,"indicador PFT_43; muestra de bancos del EBA, consolidado de grupo, no de segmento"
Francia,agregado_sector_bancario,Coste del riesgo,0.5484,pct_cartera,2026-Q1,"EBA, Risk Dashboard (anexo de datos)",https://www.eba.europa.eu/risk-and-data-analysis/risk-analysis/risk-monitoring/risk-dashboard,2026-09-16,,,n/a,ratio,media_ponderada_volumen,"indicador PFT_43; muestra de bancos del EBA, consolidado de grupo, no de segmento"
Irlanda,agregado_sector_bancario,Coste del riesgo,0.2381,pct_cartera,2026-Q1,"EBA, Risk Dashboard (anexo de datos)",https://www.eba.europa.eu/risk-and-data-analysis/risk-analysis/risk-monitoring/risk-dashboard,2026-09-16,,,n/a,ratio,media_ponderada_volumen,"indicador PFT_43; muestra de bancos del EBA, consolidado de grupo, no de segmento"
Italia,agregado_sector_bancario,Coste del riesgo,0.3598,pct_cartera,2026-Q1,"EBA, Risk Dashboard (anexo de datos)",https://www.eba.europa.eu/risk-and-data-analysis/risk-analysis/risk-monitoring/risk-dashboard,2026-09-16,,,n/a,ratio,media_ponderada_volumen,"indicador PFT_43; muestra de bancos del EBA, consolidado de grupo, no de segmento"
Paises Bajos,agregado_sector_bancario,Coste del riesgo,0.2125,pct_cartera,2026-Q1,"EBA, Risk Dashboard (anexo de datos)",https://www.eba.europa.eu/risk-and-data-analysis/risk-analysis/risk-monitoring/risk-dashboard,2026-09-16,,,n/a,ratio,media_ponderada_volumen,"indicador PFT_43; muestra de bancos del EBA, consolidado de grupo, no de segmento"
Portugal,agregado_sector_bancario,Coste del riesgo,0.2948,pct_cartera,2026-Q1,"EBA, Risk Dashboard (anexo de datos)",https://www.eba.europa.eu/risk-and-data-analysis/risk-analysis/risk-monitoring/risk-dashboard,2026-09-16,,,n/a,ratio,media_ponderada_volumen,"indicador PFT_43; muestra de bancos del EBA, consolidado de grupo, no de segmento"
Alemania,agregado_sector_bancario,Ratio de apalancamiento,5.7376,pct_activos,2026-Q1,"EBA, Risk Dashboard (anexo de datos)",https://www.eba.europa.eu/risk-and-data-analysis/risk-analysis/risk-monitoring/risk-dashboard,2026-09-16,,,n/a,ratio,media_ponderada_volumen,"indicador SVC_13; muestra de bancos del EBA, consolidado de grupo, no de segmento"
Espana,agregado_sector_bancario,Ratio de apalancamiento,5.5434,pct_activos,2026-Q1,"EBA, Risk Dashboard (anexo de datos)",https://www.eba.europa.eu/risk-and-data-analysis/risk-analysis/risk-monitoring/risk-dashboard,2026-09-16,,,n/a,ratio,media_ponderada_volumen,"indicador SVC_13; muestra de bancos del EBA, consolidado de grupo, no de segmento"
Union Europea,agregado_sector_bancario,Ratio de apalancamiento,5.8252,pct_activos,2026-Q1,"EBA, Risk Dashboard (anexo de datos)",https://www.eba.europa.eu/risk-and-data-analysis/risk-analysis/risk-monitoring/risk-dashboard,2026-09-16,,,n/a,ratio,media_ponderada_volumen,"indicador SVC_13; muestra de bancos del EBA, consolidado de grupo, no de segmento"
Francia,agregado_sector_bancario,Ratio de apalancamiento,5.4080,pct_activos,2026-Q1,"EBA, Risk Dashboard (anexo de datos)",https://www.eba.europa.eu/risk-and-data-analysis/risk-analysis/risk-monitoring/risk-dashboard,2026-09-16,,,n/a,ratio,media_ponderada_volumen,"indicador SVC_13; muestra de bancos del EBA, consolidado de grupo, no de segmento"
Irlanda,agregado_sector_bancario,Ratio de apalancamiento,7.5110,pct_activos,2026-Q1,"EBA, Risk Dashboard (anexo de datos)",https://www.eba.europa.eu/risk-and-data-analysis/risk-analysis/risk-monitoring/risk-dashboard,2026-09-16,,,n/a,ratio,media_ponderada_volumen,"indicador SVC_13; muestra de bancos del EBA, consolidado de grupo, no de segmento"
Italia,agregado_sector_bancario,Ratio de apalancamiento,6.0448,pct_activos,2026-Q1,"EBA, Risk Dashboard (anexo de datos)",https://www.eba.europa.eu/risk-and-data-analysis/risk-analysis/risk-monitoring/risk-dashboard,2026-09-16,,,n/a,ratio,media_ponderada_volumen,"indicador SVC_13; muestra de bancos del EBA, consolidado de grupo, no de segmento"
Paises Bajos,agregado_sector_bancario,Ratio de apalancamiento,5.4703,pct_activos,2026-Q1,"EBA, Risk Dashboard (anexo de datos)",https://www.eba.europa.eu/risk-and-data-analysis/risk-analysis/risk-monitoring/risk-dashboard,2026-09-16,,,n/a,ratio,media_ponderada_volumen,"indicador SVC_13; muestra de bancos del EBA, consolidado de grupo, no de segmento"
Portugal,agregado_sector_bancario,Ratio de apalancamiento,7.1085,pct_activos,2026-Q1,"EBA, Risk Dashboard (anexo de datos)",https://www.eba.europa.eu/risk-and-data-analysis/risk-analysis/risk-monitoring/risk-dashboard,2026-09-16,,,n/a,ratio,media_ponderada_volumen,"indicador SVC_13; muestra de bancos del EBA, consolidado de grupo, no de segmento"
Alemania,agregado_sector_bancario,Ratio CET1,16.9420,pct_rwa,2026-Q1,"EBA, Risk Dashboard (anexo de datos)",https://www.eba.europa.eu/risk-and-data-analysis/risk-analysis/risk-monitoring/risk-dashboard,2026-09-16,,,n/a,ratio,media_ponderada_volumen,"indicador SVC_3; muestra de bancos del EBA, consolidado de grupo, no de segmento"
Espana,agregado_sector_bancario,Ratio CET1,13.6669,pct_rwa,2026-Q1,"EBA, Risk Dashboard (anexo de datos)",https://www.eba.europa.eu/risk-and-data-analysis/risk-analysis/risk-monitoring/risk-dashboard,2026-09-16,,,n/a,ratio,media_ponderada_volumen,"indicador SVC_3; muestra de bancos del EBA, consolidado de grupo, no de segmento"
Union Europea,agregado_sector_bancario,Ratio CET1,16.1598,pct_rwa,2026-Q1,"EBA, Risk Dashboard (anexo de datos)",https://www.eba.europa.eu/risk-and-data-analysis/risk-analysis/risk-monitoring/risk-dashboard,2026-09-16,,,n/a,ratio,media_ponderada_volumen,"indicador SVC_3; muestra de bancos del EBA, consolidado de grupo, no de segmento"
Francia,agregado_sector_bancario,Ratio CET1,15.8793,pct_rwa,2026-Q1,"EBA, Risk Dashboard (anexo de datos)",https://www.eba.europa.eu/risk-and-data-analysis/risk-analysis/risk-monitoring/risk-dashboard,2026-09-16,,,n/a,ratio,media_ponderada_volumen,"indicador SVC_3; muestra de bancos del EBA, consolidado de grupo, no de segmento"
Irlanda,agregado_sector_bancario,Ratio CET1,18.3066,pct_rwa,2026-Q1,"EBA, Risk Dashboard (anexo de datos)",https://www.eba.europa.eu/risk-and-data-analysis/risk-analysis/risk-monitoring/risk-dashboard,2026-09-16,,,n/a,ratio,media_ponderada_volumen,"indicador SVC_3; muestra de bancos del EBA, consolidado de grupo, no de segmento"
Italia,agregado_sector_bancario,Ratio CET1,15.5599,pct_rwa,2026-Q1,"EBA, Risk Dashboard (anexo de datos)",https://www.eba.europa.eu/risk-and-data-analysis/risk-analysis/risk-monitoring/risk-dashboard,2026-09-16,,,n/a,ratio,media_ponderada_volumen,"indicador SVC_3; muestra de bancos del EBA, consolidado de grupo, no de segmento"
Paises Bajos,agregado_sector_bancario,Ratio CET1,16.3812,pct_rwa,2026-Q1,"EBA, Risk Dashboard (anexo de datos)",https://www.eba.europa.eu/risk-and-data-analysis/risk-analysis/risk-monitoring/risk-dashboard,2026-09-16,,,n/a,ratio,media_ponderada_volumen,"indicador SVC_3; muestra de bancos del EBA, consolidado de grupo, no de segmento"
Portugal,agregado_sector_bancario,Ratio CET1,17.8211,pct_rwa,2026-Q1,"EBA, Risk Dashboard (anexo de datos)",https://www.eba.europa.eu/risk-and-data-analysis/risk-analysis/risk-monitoring/risk-dashboard,2026-09-16,,,n/a,ratio,media_ponderada_volumen,"indicador SVC_3; muestra de bancos del EBA, consolidado de grupo, no de segmento"
