pais,producto,metrica,valor,unidad,periodo_referencia,fuente,url,fecha_publicacion,tramo_importe,plazo_fijacion,criterio_segmentacion,tipo_de_dato,ponderacion,notas
Alemania,cartera_credito,Saldo bruto | Total prestamos y anticipos,3011923.2247,eur_millones,2024-Q1,"EBA, Risk Dashboard (anexo de datos)",https://www.eba.europa.eu/risk-and-data-analysis/risk-analysis/risk-monitoring/risk-dashboard,2026-09-16,,,n/a,importe,media_ponderada_volumen,"hoja Loans_1, T20_1; muestra de bancos del EBA"
Alemania,cartera_credito,Saldo bruto | Total prestamos y anticipos,3015511.8506,eur_millones,2024-Q2,"EBA, Risk Dashboard (anexo de datos)",https://www.eba.europa.eu/risk-and-data-analysis/risk-analysis/risk-monitoring/risk-dashboard,2026-09-16,,,n/a,importe,media_ponderada_volumen,"hoja Loans_1, T20_1; muestra de bancos del EBA"
Alemania,cartera_credito,Saldo bruto | Total prestamos y anticipos,3076257.5806,eur_millones,2024-Q3,"EBA, Risk Dashboard (anexo de datos)",https://www.eba.europa.eu/risk-and-data-analysis/risk-analysis/risk-monitoring/risk-dashboard,2026-09-16,,,n/a,importe,media_ponderada_volumen,"hoja Loans_1, T20_1; muestra de bancos del EBA"
Alemania,cartera_credito,Saldo bruto | Total prestamos y anticipos,2955862.0767,eur_millones,2024-Q4,"EBA, Risk Dashboard (anexo de datos)",https://www.eba.europa.eu/risk-and-data-analysis/risk-analysis/risk-monitoring/risk-dashboard,2026-09-16,,,n/a,importe,media_ponderada_volumen,"hoja Loans_1, T20_1; muestra de bancos del EBA"
Alemania,cartera_credito,Saldo bruto | Total prestamos y anticipos,3092591.2141,eur_millones,2025-Q1,"EBA, Risk Dashboard (anexo de datos)",https://www.eba.europa.eu/risk-and-data-analysis/risk-analysis/risk-monitoring/risk-dashboard,2026-09-16,,,n/a,importe,media_ponderada_volumen,"hoja Loans_1, T20_1; muestra de bancos del EBA"
Alemania,cartera_credito,Saldo bruto | Total prestamos y anticipos,3021717.1150,eur_millones,2025-Q2,"EBA, Risk Dashboard (anexo de datos)",https://www.eba.europa.eu/risk-and-data-analysis/risk-analysis/risk-monitoring/risk-dashboard,2026-09-16,,,n/a,importe,media_ponderada_volumen,"hoja Loans_1, T20_1; muestra de bancos del EBA"
Alemania,cartera_credito,Saldo bruto | Total prestamos y anticipos,3004926.0620,eur_millones,2025-Q3,"EBA, Risk Dashboard (anexo de datos)",https://www.eba.europa.eu/risk-and-data-analysis/risk-analysis/risk-monitoring/risk-dashboard,2026-09-16,,,n/a,importe,media_ponderada_volumen,"hoja Loans_1, T20_1; muestra de bancos del EBA"
Alemania,cartera_credito,Saldo bruto | Total prestamos y anticipos,3020034.9433,eur_millones,2025-Q4,"EBA, Risk Dashboard (anexo de datos)",https://www.eba.europa.eu/risk-and-data-analysis/risk-analysis/risk-monitoring/risk-dashboard,2026-09-16,,,n/a,importe,media_ponderada_volumen,"hoja Loans_1, T20_1; muestra de bancos del EBA"
Alemania,cartera_credito,Saldo bruto | Total prestamos y anticipos,3122957.6965,eur_millones,2026-Q1,"EBA, Risk Dashboard (anexo de datos)",https://www.eba.europa.eu/risk-and-data-analysis/risk-analysis/risk-monitoring/risk-dashboard,2026-09-16,,,n/a,importe,media_ponderada_volumen,"hoja Loans_1, T20_1; muestra de bancos del EBA"
Espana,cartera_credito,Saldo bruto | Total prestamos y anticipos,2737282.8538,eur_millones,2024-Q1,"EBA, Risk Dashboard (anexo de datos)",https://www.eba.europa.eu/risk-and-data-analysis/risk-analysis/risk-monitoring/risk-dashboard,2026-09-16,,,n/a,importe,media_ponderada_volumen,"hoja Loans_1, T20_1; muestra de bancos del EBA"
Espana,cartera_credito,Saldo bruto | Total prestamos y anticipos,2733211.5515,eur_millones,2024-Q2,"EBA, Risk Dashboard (anexo de datos)",https://www.eba.europa.eu/risk-and-data-analysis/risk-analysis/risk-monitoring/risk-dashboard,2026-09-16,,,n/a,importe,media_ponderada_volumen,"hoja Loans_1, T20_1; muestra de bancos del EBA"
Espana,cartera_credito,Saldo bruto | Total prestamos y anticipos,2744637.2039,eur_millones,2024-Q3,"EBA, Risk Dashboard (anexo de datos)",https://www.eba.europa.eu/risk-and-data-analysis/risk-analysis/risk-monitoring/risk-dashboard,2026-09-16,,,n/a,importe,media_ponderada_volumen,"hoja Loans_1, T20_1; muestra de bancos del EBA"
Espana,cartera_credito,Saldo bruto | Total prestamos y anticipos,2773134.4647,eur_millones,2024-Q4,"EBA, Risk Dashboard (anexo de datos)",https://www.eba.europa.eu/risk-and-data-analysis/risk-analysis/risk-monitoring/risk-dashboard,2026-09-16,,,n/a,importe,media_ponderada_volumen,"hoja Loans_1, T20_1; muestra de bancos del EBA"
Espana,cartera_credito,Saldo bruto | Total prestamos y anticipos,2777526.6072,eur_millones,2025-Q1,"EBA, Risk Dashboard (anexo de datos)",https://www.eba.europa.eu/risk-and-data-analysis/risk-analysis/risk-monitoring/risk-dashboard,2026-09-16,,,n/a,importe,media_ponderada_volumen,"hoja Loans_1, T20_1; muestra de bancos del EBA"
Espana,cartera_credito,Saldo bruto | Total prestamos y anticipos,2749277.3983,eur_millones,2025-Q2,"EBA, Risk Dashboard (anexo de datos)",https://www.eba.europa.eu/risk-and-data-analysis/risk-analysis/risk-monitoring/risk-dashboard,2026-09-16,,,n/a,importe,media_ponderada_volumen,"hoja Loans_1, T20_1; muestra de bancos del EBA"
Espana,cartera_credito,Saldo bruto | Total prestamos y anticipos,2727347.5379,eur_millones,2025-Q3,"EBA, Risk Dashboard (anexo de datos)",https://www.eba.europa.eu/risk-and-data-analysis/risk-analysis/risk-monitoring/risk-dashboard,2026-09-16,,,n/a,importe,media_ponderada_volumen,"hoja Loans_1, T20_1; muestra de bancos del EBA"
Espana,cartera_credito,Saldo bruto | Total prestamos y anticipos,2766493.4050,eur_millones,2025-Q4,"EBA, Risk Dashboard (anexo de datos)",https://www.eba.europa.eu/risk-and-data-analysis/risk-analysis/risk-monitoring/risk-dashboard,2026-09-16,,,n/a,importe,media_ponderada_volumen,"hoja Loans_1, T20_1; muestra de bancos del EBA"
Espana,cartera_credito,Saldo bruto | Total prestamos y anticipos,2581933.1710,eur_millones,2026-Q1,"EBA, Risk Dashboard (anexo de datos)",https://www.eba.europa.eu/risk-and-data-analysis/risk-analysis/risk-monitoring/risk-dashboard,2026-09-16,,,n/a,importe,media_ponderada_volumen,"hoja Loans_1, T20_1; muestra de bancos del EBA"
Union Europea,cartera_credito,Saldo bruto | Total prestamos y anticipos,20041564.5911,eur_millones,2024-Q1,"EBA, Risk Dashboard (anexo de datos)",https://www.eba.europa.eu/risk-and-data-analysis/risk-analysis/risk-monitoring/risk-dashboard,2026-09-16,,,n/a,importe,media_ponderada_volumen,"hoja Loans_1, T20_1; muestra de bancos del EBA"
Union Europea,cartera_credito,Saldo bruto | Total prestamos y anticipos,20034870.3485,eur_millones,2024-Q2,"EBA, Risk Dashboard (anexo de datos)",https://www.eba.europa.eu/risk-and-data-analysis/risk-analysis/risk-monitoring/risk-dashboard,2026-09-16,,,n/a,importe,media_ponderada_volumen,"hoja Loans_1, T20_1; muestra de bancos del EBA"
Union Europea,cartera_credito,Saldo bruto | Total prestamos y anticipos,20110467.4567,eur_millones,2024-Q3,"EBA, Risk Dashboard (anexo de datos)",https://www.eba.europa.eu/risk-and-data-analysis/risk-analysis/risk-monitoring/risk-dashboard,2026-09-16,,,n/a,importe,media_ponderada_volumen,"hoja Loans_1, T20_1; muestra de bancos del EBA"
Union Europea,cartera_credito,Saldo bruto | Total prestamos y anticipos,19930966.2952,eur_millones,2024-Q4,"EBA, Risk Dashboard (anexo de datos)",https://www.eba.europa.eu/risk-and-data-analysis/risk-analysis/risk-monitoring/risk-dashboard,2026-09-16,,,n/a,importe,media_ponderada_volumen,"hoja Loans_1, T20_1; muestra de bancos del EBA"
Union Europea,cartera_credito,Saldo bruto | Total prestamos y anticipos,20414873.4757,eur_millones,2025-Q1,"EBA, Risk Dashboard (anexo de datos)",https://www.eba.europa.eu/risk-and-data-analysis/risk-analysis/risk-monitoring/risk-dashboard,2026-09-16,,,n/a,importe,media_ponderada_volumen,"hoja Loans_1, T20_1; muestra de bancos del EBA"
Union Europea,cartera_credito,Saldo bruto | Total prestamos y anticipos,20278571.6600,eur_millones,2025-Q2,"EBA, Risk Dashboard (anexo de datos)",https://www.eba.europa.eu/risk-and-data-analysis/risk-analysis/risk-monitoring/risk-dashboard,2026-09-16,,,n/a,importe,media_ponderada_volumen,"hoja Loans_1, T20_1; muestra de bancos del EBA"
Union Europea,cartera_credito,Saldo bruto | Total prestamos y anticipos,20324801.8594,eur_millones,2025-Q3,"EBA, Risk Dashboard (anexo de datos)",https://www.eba.europa.eu/risk-and-data-analysis/risk-analysis/risk-monitoring/risk-dashboard,2026-09-16,,,n/a,importe,media_ponderada_volumen,"hoja Loans_1, T20_1; muestra de bancos del EBA"
Union Europea,cartera_credito,Saldo bruto | Total prestamos y anticipos,20318574.6890,eur_millones,2025-Q4,"EBA, Risk Dashboard (anexo de datos)",https://www.eba.europa.eu/risk-and-data-analysis/risk-analysis/risk-monitoring/risk-dashboard,2026-09-16,,,n/a,importe,media_ponderada_volumen,"hoja Loans_1, T20_1; muestra de bancos del EBA"
Union Europea,cartera_credito,Saldo bruto | Total prestamos y anticipos,20696050.3568,eur_millones,2026-Q1,"EBA, Risk Dashboard (anexo de datos)",https://www.eba.europa.eu/risk-and-data-analysis/risk-analysis/risk-monitoring/risk-dashboard,2026-09-16,,,n/a,importe,media_ponderada_volumen,"hoja Loans_1, T20_1; muestra de bancos del EBA"
Francia,cartera_credito,Saldo bruto | Total prestamos y anticipos,5954902.1668,eur_millones,2024-Q1,"EBA, Risk Dashboard (anexo de datos)",https://www.eba.europa.eu/risk-and-data-analysis/risk-analysis/risk-monitoring/risk-dashboard,2026-09-16,,,n/a,importe,media_ponderada_volumen,"hoja Loans_1, T20_1; muestra de bancos del EBA"
Francia,cartera_credito,Saldo bruto | Total prestamos y anticipos,5954183.5410,eur_millones,2024-Q2,"EBA, Risk Dashboard (anexo de datos)",https://www.eba.europa.eu/risk-and-data-analysis/risk-analysis/risk-monitoring/risk-dashboard,2026-09-16,,,n/a,importe,media_ponderada_volumen,"hoja Loans_1, T20_1; muestra de bancos del EBA"
Francia,cartera_credito,Saldo bruto | Total prestamos y anticipos,5896131.5841,eur_millones,2024-Q3,"EBA, Risk Dashboard (anexo de datos)",https://www.eba.europa.eu/risk-and-data-analysis/risk-analysis/risk-monitoring/risk-dashboard,2026-09-16,,,n/a,importe,media_ponderada_volumen,"hoja Loans_1, T20_1; muestra de bancos del EBA"
Francia,cartera_credito,Saldo bruto | Total prestamos y anticipos,5933015.3786,eur_millones,2024-Q4,"EBA, Risk Dashboard (anexo de datos)",https://www.eba.europa.eu/risk-and-data-analysis/risk-analysis/risk-monitoring/risk-dashboard,2026-09-16,,,n/a,importe,media_ponderada_volumen,"hoja Loans_1, T20_1; muestra de bancos del EBA"
Francia,cartera_credito,Saldo bruto | Total prestamos y anticipos,5953320.6026,eur_millones,2025-Q1,"EBA, Risk Dashboard (anexo de datos)",https://www.eba.europa.eu/risk-and-data-analysis/risk-analysis/risk-monitoring/risk-dashboard,2026-09-16,,,n/a,importe,media_ponderada_volumen,"hoja Loans_1, T20_1; muestra de bancos del EBA"
Francia,cartera_credito,Saldo bruto | Total prestamos y anticipos,5923130.0976,eur_millones,2025-Q2,"EBA, Risk Dashboard (anexo de datos)",https://www.eba.europa.eu/risk-and-data-analysis/risk-analysis/risk-monitoring/risk-dashboard,2026-09-16,,,n/a,importe,media_ponderada_volumen,"hoja Loans_1, T20_1; muestra de bancos del EBA"
Francia,cartera_credito,Saldo bruto | Total prestamos y anticipos,5973913.8692,eur_millones,2025-Q3,"EBA, Risk Dashboard (anexo de datos)",https://www.eba.europa.eu/risk-and-data-analysis/risk-analysis/risk-monitoring/risk-dashboard,2026-09-16,,,n/a,importe,media_ponderada_volumen,"hoja Loans_1, T20_1; muestra de bancos del EBA"
Francia,cartera_credito,Saldo bruto | Total prestamos y anticipos,5968951.5660,eur_millones,2025-Q4,"EBA, Risk Dashboard (anexo de datos)",https://www.eba.europa.eu/risk-and-data-analysis/risk-analysis/risk-monitoring/risk-dashboard,2026-09-16,,,n/a,importe,media_ponderada_volumen,"hoja Loans_1, T20_1; muestra de bancos del EBA"
Francia,cartera_credito,Saldo bruto | Total prestamos y anticipos,6084054.5063,eur_millones,2026-Q1,"EBA, Risk Dashboard (anexo de datos)",https://www.eba.europa.eu/risk-and-data-analysis/risk-analysis/risk-monitoring/risk-dashboard,2026-09-16,,,n/a,importe,media_ponderada_volumen,"hoja Loans_1, T20_1; muestra de bancos del EBA"
Italia,cartera_credito,Saldo bruto | Total prestamos y anticipos,1707862.4766,eur_millones,2024-Q1,"EBA, Risk Dashboard (anexo de datos)",https://www.eba.europa.eu/risk-and-data-analysis/risk-analysis/risk-monitoring/risk-dashboard,2026-09-16,,,n/a,importe,media_ponderada_volumen,"hoja Loans_1, T20_1; muestra de bancos del EBA"
Italia,cartera_credito,Saldo bruto | Total prestamos y anticipos,1698312.0341,eur_millones,2024-Q2,"EBA, Risk Dashboard (anexo de datos)",https://www.eba.europa.eu/risk-and-data-analysis/risk-analysis/risk-monitoring/risk-dashboard,2026-09-16,,,n/a,importe,media_ponderada_volumen,"hoja Loans_1, T20_1; muestra de bancos del EBA"
Italia,cartera_credito,Saldo bruto | Total prestamos y anticipos,1678779.3342,eur_millones,2024-Q3,"EBA, Risk Dashboard (anexo de datos)",https://www.eba.europa.eu/risk-and-data-analysis/risk-analysis/risk-monitoring/risk-dashboard,2026-09-16,,,n/a,importe,media_ponderada_volumen,"hoja Loans_1, T20_1; muestra de bancos del EBA"
Italia,cartera_credito,Saldo bruto | Total prestamos y anticipos,1655995.5276,eur_millones,2024-Q4,"EBA, Risk Dashboard (anexo de datos)",https://www.eba.europa.eu/risk-and-data-analysis/risk-analysis/risk-monitoring/risk-dashboard,2026-09-16,,,n/a,importe,media_ponderada_volumen,"hoja Loans_1, T20_1; muestra de bancos del EBA"
Italia,cartera_credito,Saldo bruto | Total prestamos y anticipos,1658825.5384,eur_millones,2025-Q1,"EBA, Risk Dashboard (anexo de datos)",https://www.eba.europa.eu/risk-and-data-analysis/risk-analysis/risk-monitoring/risk-dashboard,2026-09-16,,,n/a,importe,media_ponderada_volumen,"hoja Loans_1, T20_1; muestra de bancos del EBA"
Italia,cartera_credito,Saldo bruto | Total prestamos y anticipos,1683119.9619,eur_millones,2025-Q2,"EBA, Risk Dashboard (anexo de datos)",https://www.eba.europa.eu/risk-and-data-analysis/risk-analysis/risk-monitoring/risk-dashboard,2026-09-16,,,n/a,importe,media_ponderada_volumen,"hoja Loans_1, T20_1; muestra de bancos del EBA"
Italia,cartera_credito,Saldo bruto | Total prestamos y anticipos,1694934.4185,eur_millones,2025-Q3,"EBA, Risk Dashboard (anexo de datos)",https://www.eba.europa.eu/risk-and-data-analysis/risk-analysis/risk-monitoring/risk-dashboard,2026-09-16,,,n/a,importe,media_ponderada_volumen,"hoja Loans_1, T20_1; muestra de bancos del EBA"
Italia,cartera_credito,Saldo bruto | Total prestamos y anticipos,1678144.8568,eur_millones,2025-Q4,"EBA, Risk Dashboard (anexo de datos)",https://www.eba.europa.eu/risk-and-data-analysis/risk-analysis/risk-monitoring/risk-dashboard,2026-09-16,,,n/a,importe,media_ponderada_volumen,"hoja Loans_1, T20_1; muestra de bancos del EBA"
Italia,cartera_credito,Saldo bruto | Total prestamos y anticipos,1709712.9804,eur_millones,2026-Q1,"EBA, Risk Dashboard (anexo de datos)",https://www.eba.europa.eu/risk-and-data-analysis/risk-analysis/risk-monitoring/risk-dashboard,2026-09-16,,,n/a,importe,media_ponderada_volumen,"hoja Loans_1, T20_1; muestra de bancos del EBA"
Paises Bajos,cartera_credito,Saldo bruto | Total prestamos y anticipos,2009872.3152,eur_millones,2024-Q1,"EBA, Risk Dashboard (anexo de datos)",https://www.eba.europa.eu/risk-and-data-analysis/risk-analysis/risk-monitoring/risk-dashboard,2026-09-16,,,n/a,importe,media_ponderada_volumen,"hoja Loans_1, T20_1; muestra de bancos del EBA"
Paises Bajos,cartera_credito,Saldo bruto | Total prestamos y anticipos,1989621.0904,eur_millones,2024-Q2,"EBA, Risk Dashboard (anexo de datos)",https://www.eba.europa.eu/risk-and-data-analysis/risk-analysis/risk-monitoring/risk-dashboard,2026-09-16,,,n/a,importe,media_ponderada_volumen,"hoja Loans_1, T20_1; muestra de bancos del EBA"
Paises Bajos,cartera_credito,Saldo bruto | Total prestamos y anticipos,2036454.9919,eur_millones,2024-Q3,"EBA, Risk Dashboard (anexo de datos)",https://www.eba.europa.eu/risk-and-data-analysis/risk-analysis/risk-monitoring/risk-dashboard,2026-09-16,,,n/a,importe,media_ponderada_volumen,"hoja Loans_1, T20_1; muestra de bancos del EBA"
Paises Bajos,cartera_credito,Saldo bruto | Total prestamos y anticipos,1952909.0335,eur_millones,2024-Q4,"EBA, Risk Dashboard (anexo de datos)",https://www.eba.europa.eu/risk-and-data-analysis/risk-analysis/risk-monitoring/risk-dashboard,2026-09-16,,,n/a,importe,media_ponderada_volumen,"hoja Loans_1, T20_1; muestra de bancos del EBA"
Paises Bajos,cartera_credito,Saldo bruto | Total prestamos y anticipos,2073846.0456,eur_millones,2025-Q1,"EBA, Risk Dashboard (anexo de datos)",https://www.eba.europa.eu/risk-and-data-analysis/risk-analysis/risk-monitoring/risk-dashboard,2026-09-16,,,n/a,importe,media_ponderada_volumen,"hoja Loans_1, T20_1; muestra de bancos del EBA"
Paises Bajos,cartera_credito,Saldo bruto | Total prestamos y anticipos,2064799.0329,eur_millones,2025-Q2,"EBA, Risk Dashboard (anexo de datos)",https://www.eba.europa.eu/risk-and-data-analysis/risk-analysis/risk-monitoring/risk-dashboard,2026-09-16,,,n/a,importe,media_ponderada_volumen,"hoja Loans_1, T20_1; muestra de bancos del EBA"
Paises Bajos,cartera_credito,Saldo bruto | Total prestamos y anticipos,2087404.8483,eur_millones,2025-Q3,"EBA, Risk Dashboard (anexo de datos)",https://www.eba.europa.eu/risk-and-data-analysis/risk-analysis/risk-monitoring/risk-dashboard,2026-09-16,,,n/a,importe,media_ponderada_volumen,"hoja Loans_1, T20_1; muestra de bancos del EBA"
Paises Bajos,cartera_credito,Saldo bruto | Total prestamos y anticipos,2023869.2932,eur_millones,2025-Q4,"EBA, Risk Dashboard (anexo de datos)",https://www.eba.europa.eu/risk-and-data-analysis/risk-analysis/risk-monitoring/risk-dashboard,2026-09-16,,,n/a,importe,media_ponderada_volumen,"hoja Loans_1, T20_1; muestra de bancos del EBA"
Paises Bajos,cartera_credito,Saldo bruto | Total prestamos y anticipos,2144839.5027,eur_millones,2026-Q1,"EBA, Risk Dashboard (anexo de datos)",https://www.eba.europa.eu/risk-and-data-analysis/risk-analysis/risk-monitoring/risk-dashboard,2026-09-16,,,n/a,importe,media_ponderada_volumen,"hoja Loans_1, T20_1; muestra de bancos del EBA"
Portugal,cartera_credito,Saldo bruto | Total prestamos y anticipos,208853.7482,eur_millones,2024-Q1,"EBA, Risk Dashboard (anexo de datos)",https://www.eba.europa.eu/risk-and-data-analysis/risk-analysis/risk-monitoring/risk-dashboard,2026-09-16,,,n/a,importe,media_ponderada_volumen,"hoja Loans_1, T20_1; muestra de bancos del EBA"
Portugal,cartera_credito,Saldo bruto | Total prestamos y anticipos,209130.6599,eur_millones,2024-Q2,"EBA, Risk Dashboard (anexo de datos)",https://www.eba.europa.eu/risk-and-data-analysis/risk-analysis/risk-monitoring/risk-dashboard,2026-09-16,,,n/a,importe,media_ponderada_volumen,"hoja Loans_1, T20_1; muestra de bancos del EBA"
Portugal,cartera_credito,Saldo bruto | Total prestamos y anticipos,211236.2028,eur_millones,2024-Q3,"EBA, Risk Dashboard (anexo de datos)",https://www.eba.europa.eu/risk-and-data-analysis/risk-analysis/risk-monitoring/risk-dashboard,2026-09-16,,,n/a,importe,media_ponderada_volumen,"hoja Loans_1, T20_1; muestra de bancos del EBA"
Portugal,cartera_credito,Saldo bruto | Total prestamos y anticipos,203206.2732,eur_millones,2024-Q4,"EBA, Risk Dashboard (anexo de datos)",https://www.eba.europa.eu/risk-and-data-analysis/risk-analysis/risk-monitoring/risk-dashboard,2026-09-16,,,n/a,importe,media_ponderada_volumen,"hoja Loans_1, T20_1; muestra de bancos del EBA"
Portugal,cartera_credito,Saldo bruto | Total prestamos y anticipos,202376.8864,eur_millones,2025-Q1,"EBA, Risk Dashboard (anexo de datos)",https://www.eba.europa.eu/risk-and-data-analysis/risk-analysis/risk-monitoring/risk-dashboard,2026-09-16,,,n/a,importe,media_ponderada_volumen,"hoja Loans_1, T20_1; muestra de bancos del EBA"
Portugal,cartera_credito,Saldo bruto | Total prestamos y anticipos,201980.3126,eur_millones,2025-Q2,"EBA, Risk Dashboard (anexo de datos)",https://www.eba.europa.eu/risk-and-data-analysis/risk-analysis/risk-monitoring/risk-dashboard,2026-09-16,,,n/a,importe,media_ponderada_volumen,"hoja Loans_1, T20_1; muestra de bancos del EBA"
Portugal,cartera_credito,Saldo bruto | Total prestamos y anticipos,202831.5189,eur_millones,2025-Q3,"EBA, Risk Dashboard (anexo de datos)",https://www.eba.europa.eu/risk-and-data-analysis/risk-analysis/risk-monitoring/risk-dashboard,2026-09-16,,,n/a,importe,media_ponderada_volumen,"hoja Loans_1, T20_1; muestra de bancos del EBA"
Portugal,cartera_credito,Saldo bruto | Total prestamos y anticipos,208720.4458,eur_millones,2025-Q4,"EBA, Risk Dashboard (anexo de datos)",https://www.eba.europa.eu/risk-and-data-analysis/risk-analysis/risk-monitoring/risk-dashboard,2026-09-16,,,n/a,importe,media_ponderada_volumen,"hoja Loans_1, T20_1; muestra de bancos del EBA"
Portugal,cartera_credito,Saldo bruto | Total prestamos y anticipos,213035.3341,eur_millones,2026-Q1,"EBA, Risk Dashboard (anexo de datos)",https://www.eba.europa.eu/risk-and-data-analysis/risk-analysis/risk-monitoring/risk-dashboard,2026-09-16,,,n/a,importe,media_ponderada_volumen,"hoja Loans_1, T20_1; muestra de bancos del EBA"
Alemania,cartera_credito,Saldo bruto | Hogares,548233.0581,eur_millones,2024-Q1,"EBA, Risk Dashboard (anexo de datos)",https://www.eba.europa.eu/risk-and-data-analysis/risk-analysis/risk-monitoring/risk-dashboard,2026-09-16,,,n/a,importe,media_ponderada_volumen,"hoja Loans_1, T20_2; muestra de bancos del EBA"
Alemania,cartera_credito,Saldo bruto | Hogares,547772.4359,eur_millones,2024-Q2,"EBA, Risk Dashboard (anexo de datos)",https://www.eba.europa.eu/risk-and-data-analysis/risk-analysis/risk-monitoring/risk-dashboard,2026-09-16,,,n/a,importe,media_ponderada_volumen,"hoja Loans_1, T20_2; muestra de bancos del EBA"
Alemania,cartera_credito,Saldo bruto | Hogares,585647.8626,eur_millones,2024-Q3,"EBA, Risk Dashboard (anexo de datos)",https://www.eba.europa.eu/risk-and-data-analysis/risk-analysis/risk-monitoring/risk-dashboard,2026-09-16,,,n/a,importe,media_ponderada_volumen,"hoja Loans_1, T20_2; muestra de bancos del EBA"
Alemania,cartera_credito,Saldo bruto | Hogares,572599.1848,eur_millones,2024-Q4,"EBA, Risk Dashboard (anexo de datos)",https://www.eba.europa.eu/risk-and-data-analysis/risk-analysis/risk-monitoring/risk-dashboard,2026-09-16,,,n/a,importe,media_ponderada_volumen,"hoja Loans_1, T20_2; muestra de bancos del EBA"
Alemania,cartera_credito,Saldo bruto | Hogares,583204.2563,eur_millones,2025-Q1,"EBA, Risk Dashboard (anexo de datos)",https://www.eba.europa.eu/risk-and-data-analysis/risk-analysis/risk-monitoring/risk-dashboard,2026-09-16,,,n/a,importe,media_ponderada_volumen,"hoja Loans_1, T20_2; muestra de bancos del EBA"
Alemania,cartera_credito,Saldo bruto | Hogares,575166.9872,eur_millones,2025-Q2,"EBA, Risk Dashboard (anexo de datos)",https://www.eba.europa.eu/risk-and-data-analysis/risk-analysis/risk-monitoring/risk-dashboard,2026-09-16,,,n/a,importe,media_ponderada_volumen,"hoja Loans_1, T20_2; muestra de bancos del EBA"
Alemania,cartera_credito,Saldo bruto | Hogares,574110.8446,eur_millones,2025-Q3,"EBA, Risk Dashboard (anexo de datos)",https://www.eba.europa.eu/risk-and-data-analysis/risk-analysis/risk-monitoring/risk-dashboard,2026-09-16,,,n/a,importe,media_ponderada_volumen,"hoja Loans_1, T20_2; muestra de bancos del EBA"
Alemania,cartera_credito,Saldo bruto | Hogares,595074.5685,eur_millones,2025-Q4,"EBA, Risk Dashboard (anexo de datos)",https://www.eba.europa.eu/risk-and-data-analysis/risk-analysis/risk-monitoring/risk-dashboard,2026-09-16,,,n/a,importe,media_ponderada_volumen,"hoja Loans_1, T20_2; muestra de bancos del EBA"
Alemania,cartera_credito,Saldo bruto | Hogares,591959.2892,eur_millones,2026-Q1,"EBA, Risk Dashboard (anexo de datos)",https://www.eba.europa.eu/risk-and-data-analysis/risk-analysis/risk-monitoring/risk-dashboard,2026-09-16,,,n/a,importe,media_ponderada_volumen,"hoja Loans_1, T20_2; muestra de bancos del EBA"
Espana,cartera_credito,Saldo bruto | Hogares,1223315.7170,eur_millones,2024-Q1,"EBA, Risk Dashboard (anexo de datos)",https://www.eba.europa.eu/risk-and-data-analysis/risk-analysis/risk-monitoring/risk-dashboard,2026-09-16,,,n/a,importe,media_ponderada_volumen,"hoja Loans_1, T20_2; muestra de bancos del EBA"
Espana,cartera_credito,Saldo bruto | Hogares,1235156.3040,eur_millones,2024-Q2,"EBA, Risk Dashboard (anexo de datos)",https://www.eba.europa.eu/risk-and-data-analysis/risk-analysis/risk-monitoring/risk-dashboard,2026-09-16,,,n/a,importe,media_ponderada_volumen,"hoja Loans_1, T20_2; muestra de bancos del EBA"
Espana,cartera_credito,Saldo bruto | Hogares,1225244.0650,eur_millones,2024-Q3,"EBA, Risk Dashboard (anexo de datos)",https://www.eba.europa.eu/risk-and-data-analysis/risk-analysis/risk-monitoring/risk-dashboard,2026-09-16,,,n/a,importe,media_ponderada_volumen,"hoja Loans_1, T20_2; muestra de bancos del EBA"
Espana,cartera_credito,Saldo bruto | Hogares,1236663.8998,eur_millones,2024-Q4,"EBA, Risk Dashboard (anexo de datos)",https://www.eba.europa.eu/risk-and-data-analysis/risk-analysis/risk-monitoring/risk-dashboard,2026-09-16,,,n/a,importe,media_ponderada_volumen,"hoja Loans_1, T20_2; muestra de bancos del EBA"
Espana,cartera_credito,Saldo bruto | Hogares,1239513.8853,eur_millones,2025-Q1,"EBA, Risk Dashboard (anexo de datos)",https://www.eba.europa.eu/risk-and-data-analysis/risk-analysis/risk-monitoring/risk-dashboard,2026-09-16,,,n/a,importe,media_ponderada_volumen,"hoja Loans_1, T20_2; muestra de bancos del EBA"
Espana,cartera_credito,Saldo bruto | Hogares,1223333.8677,eur_millones,2025-Q2,"EBA, Risk Dashboard (anexo de datos)",https://www.eba.europa.eu/risk-and-data-analysis/risk-analysis/risk-monitoring/risk-dashboard,2026-09-16,,,n/a,importe,media_ponderada_volumen,"hoja Loans_1, T20_2; muestra de bancos del EBA"
Espana,cartera_credito,Saldo bruto | Hogares,1180700.8310,eur_millones,2025-Q3,"EBA, Risk Dashboard (anexo de datos)",https://www.eba.europa.eu/risk-and-data-analysis/risk-analysis/risk-monitoring/risk-dashboard,2026-09-16,,,n/a,importe,media_ponderada_volumen,"hoja Loans_1, T20_2; muestra de bancos del EBA"
Espana,cartera_credito,Saldo bruto | Hogares,1198850.3264,eur_millones,2025-Q4,"EBA, Risk Dashboard (anexo de datos)",https://www.eba.europa.eu/risk-and-data-analysis/risk-analysis/risk-monitoring/risk-dashboard,2026-09-16,,,n/a,importe,media_ponderada_volumen,"hoja Loans_1, T20_2; muestra de bancos del EBA"
Espana,cartera_credito,Saldo bruto | Hogares,1120024.4630,eur_millones,2026-Q1,"EBA, Risk Dashboard (anexo de datos)",https://www.eba.europa.eu/risk-and-data-analysis/risk-analysis/risk-monitoring/risk-dashboard,2026-09-16,,,n/a,importe,media_ponderada_volumen,"hoja Loans_1, T20_2; muestra de bancos del EBA"
Union Europea,cartera_credito,Saldo bruto | Hogares,6661061.1095,eur_millones,2024-Q1,"EBA, Risk Dashboard (anexo de datos)",https://www.eba.europa.eu/risk-and-data-analysis/risk-analysis/risk-monitoring/risk-dashboard,2026-09-16,,,n/a,importe,media_ponderada_volumen,"hoja Loans_1, T20_2; muestra de bancos del EBA"
Union Europea,cartera_credito,Saldo bruto | Hogares,6712094.9157,eur_millones,2024-Q2,"EBA, Risk Dashboard (anexo de datos)",https://www.eba.europa.eu/risk-and-data-analysis/risk-analysis/risk-monitoring/risk-dashboard,2026-09-16,,,n/a,importe,media_ponderada_volumen,"hoja Loans_1, T20_2; muestra de bancos del EBA"
Union Europea,cartera_credito,Saldo bruto | Hogares,6774640.6804,eur_millones,2024-Q3,"EBA, Risk Dashboard (anexo de datos)",https://www.eba.europa.eu/risk-and-data-analysis/risk-analysis/risk-monitoring/risk-dashboard,2026-09-16,,,n/a,importe,media_ponderada_volumen,"hoja Loans_1, T20_2; muestra de bancos del EBA"
Union Europea,cartera_credito,Saldo bruto | Hogares,6831058.0908,eur_millones,2024-Q4,"EBA, Risk Dashboard (anexo de datos)",https://www.eba.europa.eu/risk-and-data-analysis/risk-analysis/risk-monitoring/risk-dashboard,2026-09-16,,,n/a,importe,media_ponderada_volumen,"hoja Loans_1, T20_2; muestra de bancos del EBA"
Union Europea,cartera_credito,Saldo bruto | Hogares,6913916.1957,eur_millones,2025-Q1,"EBA, Risk Dashboard (anexo de datos)",https://www.eba.europa.eu/risk-and-data-analysis/risk-analysis/risk-monitoring/risk-dashboard,2026-09-16,,,n/a,importe,media_ponderada_volumen,"hoja Loans_1, T20_2; muestra de bancos del EBA"
Union Europea,cartera_credito,Saldo bruto | Hogares,6910971.8376,eur_millones,2025-Q2,"EBA, Risk Dashboard (anexo de datos)",https://www.eba.europa.eu/risk-and-data-analysis/risk-analysis/risk-monitoring/risk-dashboard,2026-09-16,,,n/a,importe,media_ponderada_volumen,"hoja Loans_1, T20_2; muestra de bancos del EBA"
Union Europea,cartera_credito,Saldo bruto | Hogares,6920277.4697,eur_millones,2025-Q3,"EBA, Risk Dashboard (anexo de datos)",https://www.eba.europa.eu/risk-and-data-analysis/risk-analysis/risk-monitoring/risk-dashboard,2026-09-16,,,n/a,importe,media_ponderada_volumen,"hoja Loans_1, T20_2; muestra de bancos del EBA"
Union Europea,cartera_credito,Saldo bruto | Hogares,7013878.0087,eur_millones,2025-Q4,"EBA, Risk Dashboard (anexo de datos)",https://www.eba.europa.eu/risk-and-data-analysis/risk-analysis/risk-monitoring/risk-dashboard,2026-09-16,,,n/a,importe,media_ponderada_volumen,"hoja Loans_1, T20_2; muestra de bancos del EBA"
Union Europea,cartera_credito,Saldo bruto | Hogares,7047878.2081,eur_millones,2026-Q1,"EBA, Risk Dashboard (anexo de datos)",https://www.eba.europa.eu/risk-and-data-analysis/risk-analysis/risk-monitoring/risk-dashboard,2026-09-16,,,n/a,importe,media_ponderada_volumen,"hoja Loans_1, T20_2; muestra de bancos del EBA"
Francia,cartera_credito,Saldo bruto | Hogares,2053442.2187,eur_millones,2024-Q1,"EBA, Risk Dashboard (anexo de datos)",https://www.eba.europa.eu/risk-and-data-analysis/risk-analysis/risk-monitoring/risk-dashboard,2026-09-16,,,n/a,importe,media_ponderada_volumen,"hoja Loans_1, T20_2; muestra de bancos del EBA"
Francia,cartera_credito,Saldo bruto | Hogares,2061763.0041,eur_millones,2024-Q2,"EBA, Risk Dashboard (anexo de datos)",https://www.eba.europa.eu/risk-and-data-analysis/risk-analysis/risk-monitoring/risk-dashboard,2026-09-16,,,n/a,importe,media_ponderada_volumen,"hoja Loans_1, T20_2; muestra de bancos del EBA"
Francia,cartera_credito,Saldo bruto | Hogares,2063643.2694,eur_millones,2024-Q3,"EBA, Risk Dashboard (anexo de datos)",https://www.eba.europa.eu/risk-and-data-analysis/risk-analysis/risk-monitoring/risk-dashboard,2026-09-16,,,n/a,importe,media_ponderada_volumen,"hoja Loans_1, T20_2; muestra de bancos del EBA"
Francia,cartera_credito,Saldo bruto | Hogares,2075014.0046,eur_millones,2024-Q4,"EBA, Risk Dashboard (anexo de datos)",https://www.eba.europa.eu/risk-and-data-analysis/risk-analysis/risk-monitoring/risk-dashboard,2026-09-16,,,n/a,importe,media_ponderada_volumen,"hoja Loans_1, T20_2; muestra de bancos del EBA"
Francia,cartera_credito,Saldo bruto | Hogares,2087013.6319,eur_millones,2025-Q1,"EBA, Risk Dashboard (anexo de datos)",https://www.eba.europa.eu/risk-and-data-analysis/risk-analysis/risk-monitoring/risk-dashboard,2026-09-16,,,n/a,importe,media_ponderada_volumen,"hoja Loans_1, T20_2; muestra de bancos del EBA"
Francia,cartera_credito,Saldo bruto | Hogares,2081377.4793,eur_millones,2025-Q2,"EBA, Risk Dashboard (anexo de datos)",https://www.eba.europa.eu/risk-and-data-analysis/risk-analysis/risk-monitoring/risk-dashboard,2026-09-16,,,n/a,importe,media_ponderada_volumen,"hoja Loans_1, T20_2; muestra de bancos del EBA"
Francia,cartera_credito,Saldo bruto | Hogares,2090137.5163,eur_millones,2025-Q3,"EBA, Risk Dashboard (anexo de datos)",https://www.eba.europa.eu/risk-and-data-analysis/risk-analysis/risk-monitoring/risk-dashboard,2026-09-16,,,n/a,importe,media_ponderada_volumen,"hoja Loans_1, T20_2; muestra de bancos del EBA"
Francia,cartera_credito,Saldo bruto | Hogares,2097165.2754,eur_millones,2025-Q4,"EBA, Risk Dashboard (anexo de datos)",https://www.eba.europa.eu/risk-and-data-analysis/risk-analysis/risk-monitoring/risk-dashboard,2026-09-16,,,n/a,importe,media_ponderada_volumen,"hoja Loans_1, T20_2; muestra de bancos del EBA"
Francia,cartera_credito,Saldo bruto | Hogares,2108291.1174,eur_millones,2026-Q1,"EBA, Risk Dashboard (anexo de datos)",https://www.eba.europa.eu/risk-and-data-analysis/risk-analysis/risk-monitoring/risk-dashboard,2026-09-16,,,n/a,importe,media_ponderada_volumen,"hoja Loans_1, T20_2; muestra de bancos del EBA"
Italia,cartera_credito,Saldo bruto | Hogares,568814.2599,eur_millones,2024-Q1,"EBA, Risk Dashboard (anexo de datos)",https://www.eba.europa.eu/risk-and-data-analysis/risk-analysis/risk-monitoring/risk-dashboard,2026-09-16,,,n/a,importe,media_ponderada_volumen,"hoja Loans_1, T20_2; muestra de bancos del EBA"
Italia,cartera_credito,Saldo bruto | Hogares,569565.3978,eur_millones,2024-Q2,"EBA, Risk Dashboard (anexo de datos)",https://www.eba.europa.eu/risk-and-data-analysis/risk-analysis/risk-monitoring/risk-dashboard,2026-09-16,,,n/a,importe,media_ponderada_volumen,"hoja Loans_1, T20_2; muestra de bancos del EBA"
Italia,cartera_credito,Saldo bruto | Hogares,580487.6586,eur_millones,2024-Q3,"EBA, Risk Dashboard (anexo de datos)",https://www.eba.europa.eu/risk-and-data-analysis/risk-analysis/risk-monitoring/risk-dashboard,2026-09-16,,,n/a,importe,media_ponderada_volumen,"hoja Loans_1, T20_2; muestra de bancos del EBA"
Italia,cartera_credito,Saldo bruto | Hogares,585636.8540,eur_millones,2024-Q4,"EBA, Risk Dashboard (anexo de datos)",https://www.eba.europa.eu/risk-and-data-analysis/risk-analysis/risk-monitoring/risk-dashboard,2026-09-16,,,n/a,importe,media_ponderada_volumen,"hoja Loans_1, T20_2; muestra de bancos del EBA"
Italia,cartera_credito,Saldo bruto | Hogares,587643.6654,eur_millones,2025-Q1,"EBA, Risk Dashboard (anexo de datos)",https://www.eba.europa.eu/risk-and-data-analysis/risk-analysis/risk-monitoring/risk-dashboard,2026-09-16,,,n/a,importe,media_ponderada_volumen,"hoja Loans_1, T20_2; muestra de bancos del EBA"
Italia,cartera_credito,Saldo bruto | Hogares,593440.4065,eur_millones,2025-Q2,"EBA, Risk Dashboard (anexo de datos)",https://www.eba.europa.eu/risk-and-data-analysis/risk-analysis/risk-monitoring/risk-dashboard,2026-09-16,,,n/a,importe,media_ponderada_volumen,"hoja Loans_1, T20_2; muestra de bancos del EBA"
Italia,cartera_credito,Saldo bruto | Hogares,597086.1035,eur_millones,2025-Q3,"EBA, Risk Dashboard (anexo de datos)",https://www.eba.europa.eu/risk-and-data-analysis/risk-analysis/risk-monitoring/risk-dashboard,2026-09-16,,,n/a,importe,media_ponderada_volumen,"hoja Loans_1, T20_2; muestra de bancos del EBA"
Italia,cartera_credito,Saldo bruto | Hogares,603474.0436,eur_millones,2025-Q4,"EBA, Risk Dashboard (anexo de datos)",https://www.eba.europa.eu/risk-and-data-analysis/risk-analysis/risk-monitoring/risk-dashboard,2026-09-16,,,n/a,importe,media_ponderada_volumen,"hoja Loans_1, T20_2; muestra de bancos del EBA"
Italia,cartera_credito,Saldo bruto | Hogares,605603.4048,eur_millones,2026-Q1,"EBA, Risk Dashboard (anexo de datos)",https://www.eba.europa.eu/risk-and-data-analysis/risk-analysis/risk-monitoring/risk-dashboard,2026-09-16,,,n/a,importe,media_ponderada_volumen,"hoja Loans_1, T20_2; muestra de bancos del EBA"
Paises Bajos,cartera_credito,Saldo bruto | Hogares,789933.7913,eur_millones,2024-Q1,"EBA, Risk Dashboard (anexo de datos)",https://www.eba.europa.eu/risk-and-data-analysis/risk-analysis/risk-monitoring/risk-dashboard,2026-09-16,,,n/a,importe,media_ponderada_volumen,"hoja Loans_1, T20_2; muestra de bancos del EBA"
Paises Bajos,cartera_credito,Saldo bruto | Hogares,798325.8369,eur_millones,2024-Q2,"EBA, Risk Dashboard (anexo de datos)",https://www.eba.europa.eu/risk-and-data-analysis/risk-analysis/risk-monitoring/risk-dashboard,2026-09-16,,,n/a,importe,media_ponderada_volumen,"hoja Loans_1, T20_2; muestra de bancos del EBA"
Paises Bajos,cartera_credito,Saldo bruto | Hogares,807185.6413,eur_millones,2024-Q3,"EBA, Risk Dashboard (anexo de datos)",https://www.eba.europa.eu/risk-and-data-analysis/risk-analysis/risk-monitoring/risk-dashboard,2026-09-16,,,n/a,importe,media_ponderada_volumen,"hoja Loans_1, T20_2; muestra de bancos del EBA"
Paises Bajos,cartera_credito,Saldo bruto | Hogares,810756.4988,eur_millones,2024-Q4,"EBA, Risk Dashboard (anexo de datos)",https://www.eba.europa.eu/risk-and-data-analysis/risk-analysis/risk-monitoring/risk-dashboard,2026-09-16,,,n/a,importe,media_ponderada_volumen,"hoja Loans_1, T20_2; muestra de bancos del EBA"
Paises Bajos,cartera_credito,Saldo bruto | Hogares,820376.3407,eur_millones,2025-Q1,"EBA, Risk Dashboard (anexo de datos)",https://www.eba.europa.eu/risk-and-data-analysis/risk-analysis/risk-monitoring/risk-dashboard,2026-09-16,,,n/a,importe,media_ponderada_volumen,"hoja Loans_1, T20_2; muestra de bancos del EBA"
Paises Bajos,cartera_credito,Saldo bruto | Hogares,831554.3880,eur_millones,2025-Q2,"EBA, Risk Dashboard (anexo de datos)",https://www.eba.europa.eu/risk-and-data-analysis/risk-analysis/risk-monitoring/risk-dashboard,2026-09-16,,,n/a,importe,media_ponderada_volumen,"hoja Loans_1, T20_2; muestra de bancos del EBA"
Paises Bajos,cartera_credito,Saldo bruto | Hogares,845885.0597,eur_millones,2025-Q3,"EBA, Risk Dashboard (anexo de datos)",https://www.eba.europa.eu/risk-and-data-analysis/risk-analysis/risk-monitoring/risk-dashboard,2026-09-16,,,n/a,importe,media_ponderada_volumen,"hoja Loans_1, T20_2; muestra de bancos del EBA"
Paises Bajos,cartera_credito,Saldo bruto | Hogares,857633.0639,eur_millones,2025-Q4,"EBA, Risk Dashboard (anexo de datos)",https://www.eba.europa.eu/risk-and-data-analysis/risk-analysis/risk-monitoring/risk-dashboard,2026-09-16,,,n/a,importe,media_ponderada_volumen,"hoja Loans_1, T20_2; muestra de bancos del EBA"
Paises Bajos,cartera_credito,Saldo bruto | Hogares,873355.6800,eur_millones,2026-Q1,"EBA, Risk Dashboard (anexo de datos)",https://www.eba.europa.eu/risk-and-data-analysis/risk-analysis/risk-monitoring/risk-dashboard,2026-09-16,,,n/a,importe,media_ponderada_volumen,"hoja Loans_1, T20_2; muestra de bancos del EBA"
Portugal,cartera_credito,Saldo bruto | Hogares,102156.6389,eur_millones,2024-Q1,"EBA, Risk Dashboard (anexo de datos)",https://www.eba.europa.eu/risk-and-data-analysis/risk-analysis/risk-monitoring/risk-dashboard,2026-09-16,,,n/a,importe,media_ponderada_volumen,"hoja Loans_1, T20_2; muestra de bancos del EBA"
Portugal,cartera_credito,Saldo bruto | Hogares,103223.1714,eur_millones,2024-Q2,"EBA, Risk Dashboard (anexo de datos)",https://www.eba.europa.eu/risk-and-data-analysis/risk-analysis/risk-monitoring/risk-dashboard,2026-09-16,,,n/a,importe,media_ponderada_volumen,"hoja Loans_1, T20_2; muestra de bancos del EBA"
Portugal,cartera_credito,Saldo bruto | Hogares,104731.8813,eur_millones,2024-Q3,"EBA, Risk Dashboard (anexo de datos)",https://www.eba.europa.eu/risk-and-data-analysis/risk-analysis/risk-monitoring/risk-dashboard,2026-09-16,,,n/a,importe,media_ponderada_volumen,"hoja Loans_1, T20_2; muestra de bancos del EBA"
Portugal,cartera_credito,Saldo bruto | Hogares,106273.8650,eur_millones,2024-Q4,"EBA, Risk Dashboard (anexo de datos)",https://www.eba.europa.eu/risk-and-data-analysis/risk-analysis/risk-monitoring/risk-dashboard,2026-09-16,,,n/a,importe,media_ponderada_volumen,"hoja Loans_1, T20_2; muestra de bancos del EBA"
Portugal,cartera_credito,Saldo bruto | Hogares,107983.4358,eur_millones,2025-Q1,"EBA, Risk Dashboard (anexo de datos)",https://www.eba.europa.eu/risk-and-data-analysis/risk-analysis/risk-monitoring/risk-dashboard,2026-09-16,,,n/a,importe,media_ponderada_volumen,"hoja Loans_1, T20_2; muestra de bancos del EBA"
Portugal,cartera_credito,Saldo bruto | Hogares,109444.2706,eur_millones,2025-Q2,"EBA, Risk Dashboard (anexo de datos)",https://www.eba.europa.eu/risk-and-data-analysis/risk-analysis/risk-monitoring/risk-dashboard,2026-09-16,,,n/a,importe,media_ponderada_volumen,"hoja Loans_1, T20_2; muestra de bancos del EBA"
Portugal,cartera_credito,Saldo bruto | Hogares,111622.6420,eur_millones,2025-Q3,"EBA, Risk Dashboard (anexo de datos)",https://www.eba.europa.eu/risk-and-data-analysis/risk-analysis/risk-monitoring/risk-dashboard,2026-09-16,,,n/a,importe,media_ponderada_volumen,"hoja Loans_1, T20_2; muestra de bancos del EBA"
Portugal,cartera_credito,Saldo bruto | Hogares,114246.8798,eur_millones,2025-Q4,"EBA, Risk Dashboard (anexo de datos)",https://www.eba.europa.eu/risk-and-data-analysis/risk-analysis/risk-monitoring/risk-dashboard,2026-09-16,,,n/a,importe,media_ponderada_volumen,"hoja Loans_1, T20_2; muestra de bancos del EBA"
Portugal,cartera_credito,Saldo bruto | Hogares,116608.6874,eur_millones,2026-Q1,"EBA, Risk Dashboard (anexo de datos)",https://www.eba.europa.eu/risk-and-data-analysis/risk-analysis/risk-monitoring/risk-dashboard,2026-09-16,,,n/a,importe,media_ponderada_volumen,"hoja Loans_1, T20_2; muestra de bancos del EBA"
Alemania,cartera_credito,"Saldo bruto | Hogares, hipotecario",401951.2011,eur_millones,2024-Q1,"EBA, Risk Dashboard (anexo de datos)",https://www.eba.europa.eu/risk-and-data-analysis/risk-analysis/risk-monitoring/risk-dashboard,2026-09-16,,,n/a,importe,media_ponderada_volumen,"hoja Loans_1, T20_3; muestra de bancos del EBA"
Alemania,cartera_credito,"Saldo bruto | Hogares, hipotecario",400802.7312,eur_millones,2024-Q2,"EBA, Risk Dashboard (anexo de datos)",https://www.eba.europa.eu/risk-and-data-analysis/risk-analysis/risk-monitoring/risk-dashboard,2026-09-16,,,n/a,importe,media_ponderada_volumen,"hoja Loans_1, T20_3; muestra de bancos del EBA"
Alemania,cartera_credito,"Saldo bruto | Hogares, hipotecario",400452.4069,eur_millones,2024-Q3,"EBA, Risk Dashboard (anexo de datos)",https://www.eba.europa.eu/risk-and-data-analysis/risk-analysis/risk-monitoring/risk-dashboard,2026-09-16,,,n/a,importe,media_ponderada_volumen,"hoja Loans_1, T20_3; muestra de bancos del EBA"
Alemania,cartera_credito,"Saldo bruto | Hogares, hipotecario",402743.6177,eur_millones,2024-Q4,"EBA, Risk Dashboard (anexo de datos)",https://www.eba.europa.eu/risk-and-data-analysis/risk-analysis/risk-monitoring/risk-dashboard,2026-09-16,,,n/a,importe,media_ponderada_volumen,"hoja Loans_1, T20_3; muestra de bancos del EBA"
Alemania,cartera_credito,"Saldo bruto | Hogares, hipotecario",406838.9875,eur_millones,2025-Q1,"EBA, Risk Dashboard (anexo de datos)",https://www.eba.europa.eu/risk-and-data-analysis/risk-analysis/risk-monitoring/risk-dashboard,2026-09-16,,,n/a,importe,media_ponderada_volumen,"hoja Loans_1, T20_3; muestra de bancos del EBA"
Alemania,cartera_credito,"Saldo bruto | Hogares, hipotecario",404569.4066,eur_millones,2025-Q2,"EBA, Risk Dashboard (anexo de datos)",https://www.eba.europa.eu/risk-and-data-analysis/risk-analysis/risk-monitoring/risk-dashboard,2026-09-16,,,n/a,importe,media_ponderada_volumen,"hoja Loans_1, T20_3; muestra de bancos del EBA"
Alemania,cartera_credito,"Saldo bruto | Hogares, hipotecario",404624.9220,eur_millones,2025-Q3,"EBA, Risk Dashboard (anexo de datos)",https://www.eba.europa.eu/risk-and-data-analysis/risk-analysis/risk-monitoring/risk-dashboard,2026-09-16,,,n/a,importe,media_ponderada_volumen,"hoja Loans_1, T20_3; muestra de bancos del EBA"
Alemania,cartera_credito,"Saldo bruto | Hogares, hipotecario",413441.0298,eur_millones,2025-Q4,"EBA, Risk Dashboard (anexo de datos)",https://www.eba.europa.eu/risk-and-data-analysis/risk-analysis/risk-monitoring/risk-dashboard,2026-09-16,,,n/a,importe,media_ponderada_volumen,"hoja Loans_1, T20_3; muestra de bancos del EBA"
Alemania,cartera_credito,"Saldo bruto | Hogares, hipotecario",407387.8757,eur_millones,2026-Q1,"EBA, Risk Dashboard (anexo de datos)",https://www.eba.europa.eu/risk-and-data-analysis/risk-analysis/risk-monitoring/risk-dashboard,2026-09-16,,,n/a,importe,media_ponderada_volumen,"hoja Loans_1, T20_3; muestra de bancos del EBA"
Espana,cartera_credito,"Saldo bruto | Hogares, hipotecario",823057.3369,eur_millones,2024-Q1,"EBA, Risk Dashboard (anexo de datos)",https://www.eba.europa.eu/risk-and-data-analysis/risk-analysis/risk-monitoring/risk-dashboard,2026-09-16,,,n/a,importe,media_ponderada_volumen,"hoja Loans_1, T20_3; muestra de bancos del EBA"
Espana,cartera_credito,"Saldo bruto | Hogares, hipotecario",821543.3496,eur_millones,2024-Q2,"EBA, Risk Dashboard (anexo de datos)",https://www.eba.europa.eu/risk-and-data-analysis/risk-analysis/risk-monitoring/risk-dashboard,2026-09-16,,,n/a,importe,media_ponderada_volumen,"hoja Loans_1, T20_3; muestra de bancos del EBA"
Espana,cartera_credito,"Saldo bruto | Hogares, hipotecario",824226.6095,eur_millones,2024-Q3,"EBA, Risk Dashboard (anexo de datos)",https://www.eba.europa.eu/risk-and-data-analysis/risk-analysis/risk-monitoring/risk-dashboard,2026-09-16,,,n/a,importe,media_ponderada_volumen,"hoja Loans_1, T20_3; muestra de bancos del EBA"
Espana,cartera_credito,"Saldo bruto | Hogares, hipotecario",823871.9746,eur_millones,2024-Q4,"EBA, Risk Dashboard (anexo de datos)",https://www.eba.europa.eu/risk-and-data-analysis/risk-analysis/risk-monitoring/risk-dashboard,2026-09-16,,,n/a,importe,media_ponderada_volumen,"hoja Loans_1, T20_3; muestra de bancos del EBA"
Espana,cartera_credito,"Saldo bruto | Hogares, hipotecario",825817.9388,eur_millones,2025-Q1,"EBA, Risk Dashboard (anexo de datos)",https://www.eba.europa.eu/risk-and-data-analysis/risk-analysis/risk-monitoring/risk-dashboard,2026-09-16,,,n/a,importe,media_ponderada_volumen,"hoja Loans_1, T20_3; muestra de bancos del EBA"
Espana,cartera_credito,"Saldo bruto | Hogares, hipotecario",810290.9910,eur_millones,2025-Q2,"EBA, Risk Dashboard (anexo de datos)",https://www.eba.europa.eu/risk-and-data-analysis/risk-analysis/risk-monitoring/risk-dashboard,2026-09-16,,,n/a,importe,media_ponderada_volumen,"hoja Loans_1, T20_3; muestra de bancos del EBA"
Espana,cartera_credito,"Saldo bruto | Hogares, hipotecario",770796.4689,eur_millones,2025-Q3,"EBA, Risk Dashboard (anexo de datos)",https://www.eba.europa.eu/risk-and-data-analysis/risk-analysis/risk-monitoring/risk-dashboard,2026-09-16,,,n/a,importe,media_ponderada_volumen,"hoja Loans_1, T20_3; muestra de bancos del EBA"
Espana,cartera_credito,"Saldo bruto | Hogares, hipotecario",782670.1918,eur_millones,2025-Q4,"EBA, Risk Dashboard (anexo de datos)",https://www.eba.europa.eu/risk-and-data-analysis/risk-analysis/risk-monitoring/risk-dashboard,2026-09-16,,,n/a,importe,media_ponderada_volumen,"hoja Loans_1, T20_3; muestra de bancos del EBA"
Espana,cartera_credito,"Saldo bruto | Hogares, hipotecario",708041.2440,eur_millones,2026-Q1,"EBA, Risk Dashboard (anexo de datos)",https://www.eba.europa.eu/risk-and-data-analysis/risk-analysis/risk-monitoring/risk-dashboard,2026-09-16,,,n/a,importe,media_ponderada_volumen,"hoja Loans_1, T20_3; muestra de bancos del EBA"
Union Europea,cartera_credito,"Saldo bruto | Hogares, hipotecario",4213279.8883,eur_millones,2024-Q1,"EBA, Risk Dashboard (anexo de datos)",https://www.eba.europa.eu/risk-and-data-analysis/risk-analysis/risk-monitoring/risk-dashboard,2026-09-16,,,n/a,importe,media_ponderada_volumen,"hoja Loans_1, T20_3; muestra de bancos del EBA"
Union Europea,cartera_credito,"Saldo bruto | Hogares, hipotecario",4232504.4048,eur_millones,2024-Q2,"EBA, Risk Dashboard (anexo de datos)",https://www.eba.europa.eu/risk-and-data-analysis/risk-analysis/risk-monitoring/risk-dashboard,2026-09-16,,,n/a,importe,media_ponderada_volumen,"hoja Loans_1, T20_3; muestra de bancos del EBA"
Union Europea,cartera_credito,"Saldo bruto | Hogares, hipotecario",4257906.9838,eur_millones,2024-Q3,"EBA, Risk Dashboard (anexo de datos)",https://www.eba.europa.eu/risk-and-data-analysis/risk-analysis/risk-monitoring/risk-dashboard,2026-09-16,,,n/a,importe,media_ponderada_volumen,"hoja Loans_1, T20_3; muestra de bancos del EBA"
Union Europea,cartera_credito,"Saldo bruto | Hogares, hipotecario",4300291.4073,eur_millones,2024-Q4,"EBA, Risk Dashboard (anexo de datos)",https://www.eba.europa.eu/risk-and-data-analysis/risk-analysis/risk-monitoring/risk-dashboard,2026-09-16,,,n/a,importe,media_ponderada_volumen,"hoja Loans_1, T20_3; muestra de bancos del EBA"
Union Europea,cartera_credito,"Saldo bruto | Hogares, hipotecario",4355947.5683,eur_millones,2025-Q1,"EBA, Risk Dashboard (anexo de datos)",https://www.eba.europa.eu/risk-and-data-analysis/risk-analysis/risk-monitoring/risk-dashboard,2026-09-16,,,n/a,importe,media_ponderada_volumen,"hoja Loans_1, T20_3; muestra de bancos del EBA"
Union Europea,cartera_credito,"Saldo bruto | Hogares, hipotecario",4353791.0056,eur_millones,2025-Q2,"EBA, Risk Dashboard (anexo de datos)",https://www.eba.europa.eu/risk-and-data-analysis/risk-analysis/risk-monitoring/risk-dashboard,2026-09-16,,,n/a,importe,media_ponderada_volumen,"hoja Loans_1, T20_3; muestra de bancos del EBA"
Union Europea,cartera_credito,"Saldo bruto | Hogares, hipotecario",4339410.1347,eur_millones,2025-Q3,"EBA, Risk Dashboard (anexo de datos)",https://www.eba.europa.eu/risk-and-data-analysis/risk-analysis/risk-monitoring/risk-dashboard,2026-09-16,,,n/a,importe,media_ponderada_volumen,"hoja Loans_1, T20_3; muestra de bancos del EBA"
Union Europea,cartera_credito,"Saldo bruto | Hogares, hipotecario",4404133.0808,eur_millones,2025-Q4,"EBA, Risk Dashboard (anexo de datos)",https://www.eba.europa.eu/risk-and-data-analysis/risk-analysis/risk-monitoring/risk-dashboard,2026-09-16,,,n/a,importe,media_ponderada_volumen,"hoja Loans_1, T20_3; muestra de bancos del EBA"
Union Europea,cartera_credito,"Saldo bruto | Hogares, hipotecario",4412491.2838,eur_millones,2026-Q1,"EBA, Risk Dashboard (anexo de datos)",https://www.eba.europa.eu/risk-and-data-analysis/risk-analysis/risk-monitoring/risk-dashboard,2026-09-16,,,n/a,importe,media_ponderada_volumen,"hoja Loans_1, T20_3; muestra de bancos del EBA"
Francia,cartera_credito,"Saldo bruto | Hogares, hipotecario",631071.4721,eur_millones,2024-Q1,"EBA, Risk Dashboard (anexo de datos)",https://www.eba.europa.eu/risk-and-data-analysis/risk-analysis/risk-monitoring/risk-dashboard,2026-09-16,,,n/a,importe,media_ponderada_volumen,"hoja Loans_1, T20_3; muestra de bancos del EBA"
Francia,cartera_credito,"Saldo bruto | Hogares, hipotecario",629104.4923,eur_millones,2024-Q2,"EBA, Risk Dashboard (anexo de datos)",https://www.eba.europa.eu/risk-and-data-analysis/risk-analysis/risk-monitoring/risk-dashboard,2026-09-16,,,n/a,importe,media_ponderada_volumen,"hoja Loans_1, T20_3; muestra de bancos del EBA"
Francia,cartera_credito,"Saldo bruto | Hogares, hipotecario",625679.2222,eur_millones,2024-Q3,"EBA, Risk Dashboard (anexo de datos)",https://www.eba.europa.eu/risk-and-data-analysis/risk-analysis/risk-monitoring/risk-dashboard,2026-09-16,,,n/a,importe,media_ponderada_volumen,"hoja Loans_1, T20_3; muestra de bancos del EBA"
Francia,cartera_credito,"Saldo bruto | Hogares, hipotecario",624240.3626,eur_millones,2024-Q4,"EBA, Risk Dashboard (anexo de datos)",https://www.eba.europa.eu/risk-and-data-analysis/risk-analysis/risk-monitoring/risk-dashboard,2026-09-16,,,n/a,importe,media_ponderada_volumen,"hoja Loans_1, T20_3; muestra de bancos del EBA"
Francia,cartera_credito,"Saldo bruto | Hogares, hipotecario",625884.3168,eur_millones,2025-Q1,"EBA, Risk Dashboard (anexo de datos)",https://www.eba.europa.eu/risk-and-data-analysis/risk-analysis/risk-monitoring/risk-dashboard,2026-09-16,,,n/a,importe,media_ponderada_volumen,"hoja Loans_1, T20_3; muestra de bancos del EBA"
Francia,cartera_credito,"Saldo bruto | Hogares, hipotecario",624336.3593,eur_millones,2025-Q2,"EBA, Risk Dashboard (anexo de datos)",https://www.eba.europa.eu/risk-and-data-analysis/risk-analysis/risk-monitoring/risk-dashboard,2026-09-16,,,n/a,importe,media_ponderada_volumen,"hoja Loans_1, T20_3; muestra de bancos del EBA"
Francia,cartera_credito,"Saldo bruto | Hogares, hipotecario",621920.2256,eur_millones,2025-Q3,"EBA, Risk Dashboard (anexo de datos)",https://www.eba.europa.eu/risk-and-data-analysis/risk-analysis/risk-monitoring/risk-dashboard,2026-09-16,,,n/a,importe,media_ponderada_volumen,"hoja Loans_1, T20_3; muestra de bancos del EBA"
Francia,cartera_credito,"Saldo bruto | Hogares, hipotecario",619387.1928,eur_millones,2025-Q4,"EBA, Risk Dashboard (anexo de datos)",https://www.eba.europa.eu/risk-and-data-analysis/risk-analysis/risk-monitoring/risk-dashboard,2026-09-16,,,n/a,importe,media_ponderada_volumen,"hoja Loans_1, T20_3; muestra de bancos del EBA"
Francia,cartera_credito,"Saldo bruto | Hogares, hipotecario",622250.0310,eur_millones,2026-Q1,"EBA, Risk Dashboard (anexo de datos)",https://www.eba.europa.eu/risk-and-data-analysis/risk-analysis/risk-monitoring/risk-dashboard,2026-09-16,,,n/a,importe,media_ponderada_volumen,"hoja Loans_1, T20_3; muestra de bancos del EBA"
Italia,cartera_credito,"Saldo bruto | Hogares, hipotecario",413083.0083,eur_millones,2024-Q1,"EBA, Risk Dashboard (anexo de datos)",https://www.eba.europa.eu/risk-and-data-analysis/risk-analysis/risk-monitoring/risk-dashboard,2026-09-16,,,n/a,importe,media_ponderada_volumen,"hoja Loans_1, T20_3; muestra de bancos del EBA"
Italia,cartera_credito,"Saldo bruto | Hogares, hipotecario",413695.6007,eur_millones,2024-Q2,"EBA, Risk Dashboard (anexo de datos)",https://www.eba.europa.eu/risk-and-data-analysis/risk-analysis/risk-monitoring/risk-dashboard,2026-09-16,,,n/a,importe,media_ponderada_volumen,"hoja Loans_1, T20_3; muestra de bancos del EBA"
Italia,cartera_credito,"Saldo bruto | Hogares, hipotecario",420504.1393,eur_millones,2024-Q3,"EBA, Risk Dashboard (anexo de datos)",https://www.eba.europa.eu/risk-and-data-analysis/risk-analysis/risk-monitoring/risk-dashboard,2026-09-16,,,n/a,importe,media_ponderada_volumen,"hoja Loans_1, T20_3; muestra de bancos del EBA"
Italia,cartera_credito,"Saldo bruto | Hogares, hipotecario",425068.8651,eur_millones,2024-Q4,"EBA, Risk Dashboard (anexo de datos)",https://www.eba.europa.eu/risk-and-data-analysis/risk-analysis/risk-monitoring/risk-dashboard,2026-09-16,,,n/a,importe,media_ponderada_volumen,"hoja Loans_1, T20_3; muestra de bancos del EBA"
Italia,cartera_credito,"Saldo bruto | Hogares, hipotecario",427776.8942,eur_millones,2025-Q1,"EBA, Risk Dashboard (anexo de datos)",https://www.eba.europa.eu/risk-and-data-analysis/risk-analysis/risk-monitoring/risk-dashboard,2026-09-16,,,n/a,importe,media_ponderada_volumen,"hoja Loans_1, T20_3; muestra de bancos del EBA"
Italia,cartera_credito,"Saldo bruto | Hogares, hipotecario",432027.6682,eur_millones,2025-Q2,"EBA, Risk Dashboard (anexo de datos)",https://www.eba.europa.eu/risk-and-data-analysis/risk-analysis/risk-monitoring/risk-dashboard,2026-09-16,,,n/a,importe,media_ponderada_volumen,"hoja Loans_1, T20_3; muestra de bancos del EBA"
Italia,cartera_credito,"Saldo bruto | Hogares, hipotecario",434882.8684,eur_millones,2025-Q3,"EBA, Risk Dashboard (anexo de datos)",https://www.eba.europa.eu/risk-and-data-analysis/risk-analysis/risk-monitoring/risk-dashboard,2026-09-16,,,n/a,importe,media_ponderada_volumen,"hoja Loans_1, T20_3; muestra de bancos del EBA"
Italia,cartera_credito,"Saldo bruto | Hogares, hipotecario",439107.8074,eur_millones,2025-Q4,"EBA, Risk Dashboard (anexo de datos)",https://www.eba.europa.eu/risk-and-data-analysis/risk-analysis/risk-monitoring/risk-dashboard,2026-09-16,,,n/a,importe,media_ponderada_volumen,"hoja Loans_1, T20_3; muestra de bancos del EBA"
Italia,cartera_credito,"Saldo bruto | Hogares, hipotecario",441896.5206,eur_millones,2026-Q1,"EBA, Risk Dashboard (anexo de datos)",https://www.eba.europa.eu/risk-and-data-analysis/risk-analysis/risk-monitoring/risk-dashboard,2026-09-16,,,n/a,importe,media_ponderada_volumen,"hoja Loans_1, T20_3; muestra de bancos del EBA"
Paises Bajos,cartera_credito,"Saldo bruto | Hogares, hipotecario",731258.4744,eur_millones,2024-Q1,"EBA, Risk Dashboard (anexo de datos)",https://www.eba.europa.eu/risk-and-data-analysis/risk-analysis/risk-monitoring/risk-dashboard,2026-09-16,,,n/a,importe,media_ponderada_volumen,"hoja Loans_1, T20_3; muestra de bancos del EBA"
Paises Bajos,cartera_credito,"Saldo bruto | Hogares, hipotecario",739287.8183,eur_millones,2024-Q2,"EBA, Risk Dashboard (anexo de datos)",https://www.eba.europa.eu/risk-and-data-analysis/risk-analysis/risk-monitoring/risk-dashboard,2026-09-16,,,n/a,importe,media_ponderada_volumen,"hoja Loans_1, T20_3; muestra de bancos del EBA"
Paises Bajos,cartera_credito,"Saldo bruto | Hogares, hipotecario",746994.3496,eur_millones,2024-Q3,"EBA, Risk Dashboard (anexo de datos)",https://www.eba.europa.eu/risk-and-data-analysis/risk-analysis/risk-monitoring/risk-dashboard,2026-09-16,,,n/a,importe,media_ponderada_volumen,"hoja Loans_1, T20_3; muestra de bancos del EBA"
Paises Bajos,cartera_credito,"Saldo bruto | Hogares, hipotecario",750644.6132,eur_millones,2024-Q4,"EBA, Risk Dashboard (anexo de datos)",https://www.eba.europa.eu/risk-and-data-analysis/risk-analysis/risk-monitoring/risk-dashboard,2026-09-16,,,n/a,importe,media_ponderada_volumen,"hoja Loans_1, T20_3; muestra de bancos del EBA"
Paises Bajos,cartera_credito,"Saldo bruto | Hogares, hipotecario",762041.4979,eur_millones,2025-Q1,"EBA, Risk Dashboard (anexo de datos)",https://www.eba.europa.eu/risk-and-data-analysis/risk-analysis/risk-monitoring/risk-dashboard,2026-09-16,,,n/a,importe,media_ponderada_volumen,"hoja Loans_1, T20_3; muestra de bancos del EBA"
Paises Bajos,cartera_credito,"Saldo bruto | Hogares, hipotecario",773775.5369,eur_millones,2025-Q2,"EBA, Risk Dashboard (anexo de datos)",https://www.eba.europa.eu/risk-and-data-analysis/risk-analysis/risk-monitoring/risk-dashboard,2026-09-16,,,n/a,importe,media_ponderada_volumen,"hoja Loans_1, T20_3; muestra de bancos del EBA"
Paises Bajos,cartera_credito,"Saldo bruto | Hogares, hipotecario",785770.3681,eur_millones,2025-Q3,"EBA, Risk Dashboard (anexo de datos)",https://www.eba.europa.eu/risk-and-data-analysis/risk-analysis/risk-monitoring/risk-dashboard,2026-09-16,,,n/a,importe,media_ponderada_volumen,"hoja Loans_1, T20_3; muestra de bancos del EBA"
Paises Bajos,cartera_credito,"Saldo bruto | Hogares, hipotecario",799146.6486,eur_millones,2025-Q4,"EBA, Risk Dashboard (anexo de datos)",https://www.eba.europa.eu/risk-and-data-analysis/risk-analysis/risk-monitoring/risk-dashboard,2026-09-16,,,n/a,importe,media_ponderada_volumen,"hoja Loans_1, T20_3; muestra de bancos del EBA"
Paises Bajos,cartera_credito,"Saldo bruto | Hogares, hipotecario",813106.8610,eur_millones,2026-Q1,"EBA, Risk Dashboard (anexo de datos)",https://www.eba.europa.eu/risk-and-data-analysis/risk-analysis/risk-monitoring/risk-dashboard,2026-09-16,,,n/a,importe,media_ponderada_volumen,"hoja Loans_1, T20_3; muestra de bancos del EBA"
Portugal,cartera_credito,"Saldo bruto | Hogares, hipotecario",86020.8764,eur_millones,2024-Q1,"EBA, Risk Dashboard (anexo de datos)",https://www.eba.europa.eu/risk-and-data-analysis/risk-analysis/risk-monitoring/risk-dashboard,2026-09-16,,,n/a,importe,media_ponderada_volumen,"hoja Loans_1, T20_3; muestra de bancos del EBA"
Portugal,cartera_credito,"Saldo bruto | Hogares, hipotecario",86794.8058,eur_millones,2024-Q2,"EBA, Risk Dashboard (anexo de datos)",https://www.eba.europa.eu/risk-and-data-analysis/risk-analysis/risk-monitoring/risk-dashboard,2026-09-16,,,n/a,importe,media_ponderada_volumen,"hoja Loans_1, T20_3; muestra de bancos del EBA"
Portugal,cartera_credito,"Saldo bruto | Hogares, hipotecario",88024.9710,eur_millones,2024-Q3,"EBA, Risk Dashboard (anexo de datos)",https://www.eba.europa.eu/risk-and-data-analysis/risk-analysis/risk-monitoring/risk-dashboard,2026-09-16,,,n/a,importe,media_ponderada_volumen,"hoja Loans_1, T20_3; muestra de bancos del EBA"
Portugal,cartera_credito,"Saldo bruto | Hogares, hipotecario",89690.3649,eur_millones,2024-Q4,"EBA, Risk Dashboard (anexo de datos)",https://www.eba.europa.eu/risk-and-data-analysis/risk-analysis/risk-monitoring/risk-dashboard,2026-09-16,,,n/a,importe,media_ponderada_volumen,"hoja Loans_1, T20_3; muestra de bancos del EBA"
Portugal,cartera_credito,"Saldo bruto | Hogares, hipotecario",91180.4344,eur_millones,2025-Q1,"EBA, Risk Dashboard (anexo de datos)",https://www.eba.europa.eu/risk-and-data-analysis/risk-analysis/risk-monitoring/risk-dashboard,2026-09-16,,,n/a,importe,media_ponderada_volumen,"hoja Loans_1, T20_3; muestra de bancos del EBA"
Portugal,cartera_credito,"Saldo bruto | Hogares, hipotecario",92874.5556,eur_millones,2025-Q2,"EBA, Risk Dashboard (anexo de datos)",https://www.eba.europa.eu/risk-and-data-analysis/risk-analysis/risk-monitoring/risk-dashboard,2026-09-16,,,n/a,importe,media_ponderada_volumen,"hoja Loans_1, T20_3; muestra de bancos del EBA"
Portugal,cartera_credito,"Saldo bruto | Hogares, hipotecario",94740.0705,eur_millones,2025-Q3,"EBA, Risk Dashboard (anexo de datos)",https://www.eba.europa.eu/risk-and-data-analysis/risk-analysis/risk-monitoring/risk-dashboard,2026-09-16,,,n/a,importe,media_ponderada_volumen,"hoja Loans_1, T20_3; muestra de bancos del EBA"
Portugal,cartera_credito,"Saldo bruto | Hogares, hipotecario",96928.9631,eur_millones,2025-Q4,"EBA, Risk Dashboard (anexo de datos)",https://www.eba.europa.eu/risk-and-data-analysis/risk-analysis/risk-monitoring/risk-dashboard,2026-09-16,,,n/a,importe,media_ponderada_volumen,"hoja Loans_1, T20_3; muestra de bancos del EBA"
Portugal,cartera_credito,"Saldo bruto | Hogares, hipotecario",98720.4938,eur_millones,2026-Q1,"EBA, Risk Dashboard (anexo de datos)",https://www.eba.europa.eu/risk-and-data-analysis/risk-analysis/risk-monitoring/risk-dashboard,2026-09-16,,,n/a,importe,media_ponderada_volumen,"hoja Loans_1, T20_3; muestra de bancos del EBA"
Alemania,cartera_credito,Saldo bruto | Sociedades no financieras,870272.9867,eur_millones,2024-Q1,"EBA, Risk Dashboard (anexo de datos)",https://www.eba.europa.eu/risk-and-data-analysis/risk-analysis/risk-monitoring/risk-dashboard,2026-09-16,,,n/a,importe,media_ponderada_volumen,"hoja Loans_1, T20_4; muestra de bancos del EBA"
Alemania,cartera_credito,Saldo bruto | Sociedades no financieras,870733.5440,eur_millones,2024-Q2,"EBA, Risk Dashboard (anexo de datos)",https://www.eba.europa.eu/risk-and-data-analysis/risk-analysis/risk-monitoring/risk-dashboard,2026-09-16,,,n/a,importe,media_ponderada_volumen,"hoja Loans_1, T20_4; muestra de bancos del EBA"
Alemania,cartera_credito,Saldo bruto | Sociedades no financieras,889699.5324,eur_millones,2024-Q3,"EBA, Risk Dashboard (anexo de datos)",https://www.eba.europa.eu/risk-and-data-analysis/risk-analysis/risk-monitoring/risk-dashboard,2026-09-16,,,n/a,importe,media_ponderada_volumen,"hoja Loans_1, T20_4; muestra de bancos del EBA"
Alemania,cartera_credito,Saldo bruto | Sociedades no financieras,899509.9695,eur_millones,2024-Q4,"EBA, Risk Dashboard (anexo de datos)",https://www.eba.europa.eu/risk-and-data-analysis/risk-analysis/risk-monitoring/risk-dashboard,2026-09-16,,,n/a,importe,media_ponderada_volumen,"hoja Loans_1, T20_4; muestra de bancos del EBA"
Alemania,cartera_credito,Saldo bruto | Sociedades no financieras,907893.8141,eur_millones,2025-Q1,"EBA, Risk Dashboard (anexo de datos)",https://www.eba.europa.eu/risk-and-data-analysis/risk-analysis/risk-monitoring/risk-dashboard,2026-09-16,,,n/a,importe,media_ponderada_volumen,"hoja Loans_1, T20_4; muestra de bancos del EBA"
Alemania,cartera_credito,Saldo bruto | Sociedades no financieras,913226.4191,eur_millones,2025-Q2,"EBA, Risk Dashboard (anexo de datos)",https://www.eba.europa.eu/risk-and-data-analysis/risk-analysis/risk-monitoring/risk-dashboard,2026-09-16,,,n/a,importe,media_ponderada_volumen,"hoja Loans_1, T20_4; muestra de bancos del EBA"
Alemania,cartera_credito,Saldo bruto | Sociedades no financieras,918513.1886,eur_millones,2025-Q3,"EBA, Risk Dashboard (anexo de datos)",https://www.eba.europa.eu/risk-and-data-analysis/risk-analysis/risk-monitoring/risk-dashboard,2026-09-16,,,n/a,importe,media_ponderada_volumen,"hoja Loans_1, T20_4; muestra de bancos del EBA"
Alemania,cartera_credito,Saldo bruto | Sociedades no financieras,893936.8149,eur_millones,2025-Q4,"EBA, Risk Dashboard (anexo de datos)",https://www.eba.europa.eu/risk-and-data-analysis/risk-analysis/risk-monitoring/risk-dashboard,2026-09-16,,,n/a,importe,media_ponderada_volumen,"hoja Loans_1, T20_4; muestra de bancos del EBA"
Alemania,cartera_credito,Saldo bruto | Sociedades no financieras,930393.2364,eur_millones,2026-Q1,"EBA, Risk Dashboard (anexo de datos)",https://www.eba.europa.eu/risk-and-data-analysis/risk-analysis/risk-monitoring/risk-dashboard,2026-09-16,,,n/a,importe,media_ponderada_volumen,"hoja Loans_1, T20_4; muestra de bancos del EBA"
Espana,cartera_credito,Saldo bruto | Sociedades no financieras,796965.0484,eur_millones,2024-Q1,"EBA, Risk Dashboard (anexo de datos)",https://www.eba.europa.eu/risk-and-data-analysis/risk-analysis/risk-monitoring/risk-dashboard,2026-09-16,,,n/a,importe,media_ponderada_volumen,"hoja Loans_1, T20_4; muestra de bancos del EBA"
Espana,cartera_credito,Saldo bruto | Sociedades no financieras,809691.0532,eur_millones,2024-Q2,"EBA, Risk Dashboard (anexo de datos)",https://www.eba.europa.eu/risk-and-data-analysis/risk-analysis/risk-monitoring/risk-dashboard,2026-09-16,,,n/a,importe,media_ponderada_volumen,"hoja Loans_1, T20_4; muestra de bancos del EBA"
Espana,cartera_credito,Saldo bruto | Sociedades no financieras,792081.1671,eur_millones,2024-Q3,"EBA, Risk Dashboard (anexo de datos)",https://www.eba.europa.eu/risk-and-data-analysis/risk-analysis/risk-monitoring/risk-dashboard,2026-09-16,,,n/a,importe,media_ponderada_volumen,"hoja Loans_1, T20_4; muestra de bancos del EBA"
Espana,cartera_credito,Saldo bruto | Sociedades no financieras,813546.6173,eur_millones,2024-Q4,"EBA, Risk Dashboard (anexo de datos)",https://www.eba.europa.eu/risk-and-data-analysis/risk-analysis/risk-monitoring/risk-dashboard,2026-09-16,,,n/a,importe,media_ponderada_volumen,"hoja Loans_1, T20_4; muestra de bancos del EBA"
Espana,cartera_credito,Saldo bruto | Sociedades no financieras,817987.1580,eur_millones,2025-Q1,"EBA, Risk Dashboard (anexo de datos)",https://www.eba.europa.eu/risk-and-data-analysis/risk-analysis/risk-monitoring/risk-dashboard,2026-09-16,,,n/a,importe,media_ponderada_volumen,"hoja Loans_1, T20_4; muestra de bancos del EBA"
Espana,cartera_credito,Saldo bruto | Sociedades no financieras,803680.1080,eur_millones,2025-Q2,"EBA, Risk Dashboard (anexo de datos)",https://www.eba.europa.eu/risk-and-data-analysis/risk-analysis/risk-monitoring/risk-dashboard,2026-09-16,,,n/a,importe,media_ponderada_volumen,"hoja Loans_1, T20_4; muestra de bancos del EBA"
Espana,cartera_credito,Saldo bruto | Sociedades no financieras,808343.0973,eur_millones,2025-Q3,"EBA, Risk Dashboard (anexo de datos)",https://www.eba.europa.eu/risk-and-data-analysis/risk-analysis/risk-monitoring/risk-dashboard,2026-09-16,,,n/a,importe,media_ponderada_volumen,"hoja Loans_1, T20_4; muestra de bancos del EBA"
Espana,cartera_credito,Saldo bruto | Sociedades no financieras,838665.5009,eur_millones,2025-Q4,"EBA, Risk Dashboard (anexo de datos)",https://www.eba.europa.eu/risk-and-data-analysis/risk-analysis/risk-monitoring/risk-dashboard,2026-09-16,,,n/a,importe,media_ponderada_volumen,"hoja Loans_1, T20_4; muestra de bancos del EBA"
Espana,cartera_credito,Saldo bruto | Sociedades no financieras,798259.5990,eur_millones,2026-Q1,"EBA, Risk Dashboard (anexo de datos)",https://www.eba.europa.eu/risk-and-data-analysis/risk-analysis/risk-monitoring/risk-dashboard,2026-09-16,,,n/a,importe,media_ponderada_volumen,"hoja Loans_1, T20_4; muestra de bancos del EBA"
Union Europea,cartera_credito,Saldo bruto | Sociedades no financieras,6096091.7230,eur_millones,2024-Q1,"EBA, Risk Dashboard (anexo de datos)",https://www.eba.europa.eu/risk-and-data-analysis/risk-analysis/risk-monitoring/risk-dashboard,2026-09-16,,,n/a,importe,media_ponderada_volumen,"hoja Loans_1, T20_4; muestra de bancos del EBA"
Union Europea,cartera_credito,Saldo bruto | Sociedades no financieras,6142575.1495,eur_millones,2024-Q2,"EBA, Risk Dashboard (anexo de datos)",https://www.eba.europa.eu/risk-and-data-analysis/risk-analysis/risk-monitoring/risk-dashboard,2026-09-16,,,n/a,importe,media_ponderada_volumen,"hoja Loans_1, T20_4; muestra de bancos del EBA"
Union Europea,cartera_credito,Saldo bruto | Sociedades no financieras,6081629.1446,eur_millones,2024-Q3,"EBA, Risk Dashboard (anexo de datos)",https://www.eba.europa.eu/risk-and-data-analysis/risk-analysis/risk-monitoring/risk-dashboard,2026-09-16,,,n/a,importe,media_ponderada_volumen,"hoja Loans_1, T20_4; muestra de bancos del EBA"
Union Europea,cartera_credito,Saldo bruto | Sociedades no financieras,6179461.1117,eur_millones,2024-Q4,"EBA, Risk Dashboard (anexo de datos)",https://www.eba.europa.eu/risk-and-data-analysis/risk-analysis/risk-monitoring/risk-dashboard,2026-09-16,,,n/a,importe,media_ponderada_volumen,"hoja Loans_1, T20_4; muestra de bancos del EBA"
Union Europea,cartera_credito,Saldo bruto | Sociedades no financieras,6234782.0340,eur_millones,2025-Q1,"EBA, Risk Dashboard (anexo de datos)",https://www.eba.europa.eu/risk-and-data-analysis/risk-analysis/risk-monitoring/risk-dashboard,2026-09-16,,,n/a,importe,media_ponderada_volumen,"hoja Loans_1, T20_4; muestra de bancos del EBA"
Union Europea,cartera_credito,Saldo bruto | Sociedades no financieras,6238688.7941,eur_millones,2025-Q2,"EBA, Risk Dashboard (anexo de datos)",https://www.eba.europa.eu/risk-and-data-analysis/risk-analysis/risk-monitoring/risk-dashboard,2026-09-16,,,n/a,importe,media_ponderada_volumen,"hoja Loans_1, T20_4; muestra de bancos del EBA"
Union Europea,cartera_credito,Saldo bruto | Sociedades no financieras,6256230.5208,eur_millones,2025-Q3,"EBA, Risk Dashboard (anexo de datos)",https://www.eba.europa.eu/risk-and-data-analysis/risk-analysis/risk-monitoring/risk-dashboard,2026-09-16,,,n/a,importe,media_ponderada_volumen,"hoja Loans_1, T20_4; muestra de bancos del EBA"
Union Europea,cartera_credito,Saldo bruto | Sociedades no financieras,6340163.0071,eur_millones,2025-Q4,"EBA, Risk Dashboard (anexo de datos)",https://www.eba.europa.eu/risk-and-data-analysis/risk-analysis/risk-monitoring/risk-dashboard,2026-09-16,,,n/a,importe,media_ponderada_volumen,"hoja Loans_1, T20_4; muestra de bancos del EBA"
Union Europea,cartera_credito,Saldo bruto | Sociedades no financieras,6436441.3746,eur_millones,2026-Q1,"EBA, Risk Dashboard (anexo de datos)",https://www.eba.europa.eu/risk-and-data-analysis/risk-analysis/risk-monitoring/risk-dashboard,2026-09-16,,,n/a,importe,media_ponderada_volumen,"hoja Loans_1, T20_4; muestra de bancos del EBA"
Francia,cartera_credito,Saldo bruto | Sociedades no financieras,1905948.0522,eur_millones,2024-Q1,"EBA, Risk Dashboard (anexo de datos)",https://www.eba.europa.eu/risk-and-data-analysis/risk-analysis/risk-monitoring/risk-dashboard,2026-09-16,,,n/a,importe,media_ponderada_volumen,"hoja Loans_1, T20_4; muestra de bancos del EBA"
Francia,cartera_credito,Saldo bruto | Sociedades no financieras,1916653.2405,eur_millones,2024-Q2,"EBA, Risk Dashboard (anexo de datos)",https://www.eba.europa.eu/risk-and-data-analysis/risk-analysis/risk-monitoring/risk-dashboard,2026-09-16,,,n/a,importe,media_ponderada_volumen,"hoja Loans_1, T20_4; muestra de bancos del EBA"
Francia,cartera_credito,Saldo bruto | Sociedades no financieras,1871515.8223,eur_millones,2024-Q3,"EBA, Risk Dashboard (anexo de datos)",https://www.eba.europa.eu/risk-and-data-analysis/risk-analysis/risk-monitoring/risk-dashboard,2026-09-16,,,n/a,importe,media_ponderada_volumen,"hoja Loans_1, T20_4; muestra de bancos del EBA"
Francia,cartera_credito,Saldo bruto | Sociedades no financieras,1913479.4015,eur_millones,2024-Q4,"EBA, Risk Dashboard (anexo de datos)",https://www.eba.europa.eu/risk-and-data-analysis/risk-analysis/risk-monitoring/risk-dashboard,2026-09-16,,,n/a,importe,media_ponderada_volumen,"hoja Loans_1, T20_4; muestra de bancos del EBA"
Francia,cartera_credito,Saldo bruto | Sociedades no financieras,1920692.9981,eur_millones,2025-Q1,"EBA, Risk Dashboard (anexo de datos)",https://www.eba.europa.eu/risk-and-data-analysis/risk-analysis/risk-monitoring/risk-dashboard,2026-09-16,,,n/a,importe,media_ponderada_volumen,"hoja Loans_1, T20_4; muestra de bancos del EBA"
Francia,cartera_credito,Saldo bruto | Sociedades no financieras,1922581.9611,eur_millones,2025-Q2,"EBA, Risk Dashboard (anexo de datos)",https://www.eba.europa.eu/risk-and-data-analysis/risk-analysis/risk-monitoring/risk-dashboard,2026-09-16,,,n/a,importe,media_ponderada_volumen,"hoja Loans_1, T20_4; muestra de bancos del EBA"
Francia,cartera_credito,Saldo bruto | Sociedades no financieras,1917113.2736,eur_millones,2025-Q3,"EBA, Risk Dashboard (anexo de datos)",https://www.eba.europa.eu/risk-and-data-analysis/risk-analysis/risk-monitoring/risk-dashboard,2026-09-16,,,n/a,importe,media_ponderada_volumen,"hoja Loans_1, T20_4; muestra de bancos del EBA"
Francia,cartera_credito,Saldo bruto | Sociedades no financieras,1955938.0931,eur_millones,2025-Q4,"EBA, Risk Dashboard (anexo de datos)",https://www.eba.europa.eu/risk-and-data-analysis/risk-analysis/risk-monitoring/risk-dashboard,2026-09-16,,,n/a,importe,media_ponderada_volumen,"hoja Loans_1, T20_4; muestra de bancos del EBA"
Francia,cartera_credito,Saldo bruto | Sociedades no financieras,1999031.2253,eur_millones,2026-Q1,"EBA, Risk Dashboard (anexo de datos)",https://www.eba.europa.eu/risk-and-data-analysis/risk-analysis/risk-monitoring/risk-dashboard,2026-09-16,,,n/a,importe,media_ponderada_volumen,"hoja Loans_1, T20_4; muestra de bancos del EBA"
Italia,cartera_credito,Saldo bruto | Sociedades no financieras,655828.6670,eur_millones,2024-Q1,"EBA, Risk Dashboard (anexo de datos)",https://www.eba.europa.eu/risk-and-data-analysis/risk-analysis/risk-monitoring/risk-dashboard,2026-09-16,,,n/a,importe,media_ponderada_volumen,"hoja Loans_1, T20_4; muestra de bancos del EBA"
Italia,cartera_credito,Saldo bruto | Sociedades no financieras,649393.3299,eur_millones,2024-Q2,"EBA, Risk Dashboard (anexo de datos)",https://www.eba.europa.eu/risk-and-data-analysis/risk-analysis/risk-monitoring/risk-dashboard,2026-09-16,,,n/a,importe,media_ponderada_volumen,"hoja Loans_1, T20_4; muestra de bancos del EBA"
Italia,cartera_credito,Saldo bruto | Sociedades no financieras,630114.0978,eur_millones,2024-Q3,"EBA, Risk Dashboard (anexo de datos)",https://www.eba.europa.eu/risk-and-data-analysis/risk-analysis/risk-monitoring/risk-dashboard,2026-09-16,,,n/a,importe,media_ponderada_volumen,"hoja Loans_1, T20_4; muestra de bancos del EBA"
Italia,cartera_credito,Saldo bruto | Sociedades no financieras,635629.6624,eur_millones,2024-Q4,"EBA, Risk Dashboard (anexo de datos)",https://www.eba.europa.eu/risk-and-data-analysis/risk-analysis/risk-monitoring/risk-dashboard,2026-09-16,,,n/a,importe,media_ponderada_volumen,"hoja Loans_1, T20_4; muestra de bancos del EBA"
Italia,cartera_credito,Saldo bruto | Sociedades no financieras,637949.9447,eur_millones,2025-Q1,"EBA, Risk Dashboard (anexo de datos)",https://www.eba.europa.eu/risk-and-data-analysis/risk-analysis/risk-monitoring/risk-dashboard,2026-09-16,,,n/a,importe,media_ponderada_volumen,"hoja Loans_1, T20_4; muestra de bancos del EBA"
Italia,cartera_credito,Saldo bruto | Sociedades no financieras,639542.4862,eur_millones,2025-Q2,"EBA, Risk Dashboard (anexo de datos)",https://www.eba.europa.eu/risk-and-data-analysis/risk-analysis/risk-monitoring/risk-dashboard,2026-09-16,,,n/a,importe,media_ponderada_volumen,"hoja Loans_1, T20_4; muestra de bancos del EBA"
Italia,cartera_credito,Saldo bruto | Sociedades no financieras,633025.1262,eur_millones,2025-Q3,"EBA, Risk Dashboard (anexo de datos)",https://www.eba.europa.eu/risk-and-data-analysis/risk-analysis/risk-monitoring/risk-dashboard,2026-09-16,,,n/a,importe,media_ponderada_volumen,"hoja Loans_1, T20_4; muestra de bancos del EBA"
Italia,cartera_credito,Saldo bruto | Sociedades no financieras,639387.9043,eur_millones,2025-Q4,"EBA, Risk Dashboard (anexo de datos)",https://www.eba.europa.eu/risk-and-data-analysis/risk-analysis/risk-monitoring/risk-dashboard,2026-09-16,,,n/a,importe,media_ponderada_volumen,"hoja Loans_1, T20_4; muestra de bancos del EBA"
Italia,cartera_credito,Saldo bruto | Sociedades no financieras,648429.6848,eur_millones,2026-Q1,"EBA, Risk Dashboard (anexo de datos)",https://www.eba.europa.eu/risk-and-data-analysis/risk-analysis/risk-monitoring/risk-dashboard,2026-09-16,,,n/a,importe,media_ponderada_volumen,"hoja Loans_1, T20_4; muestra de bancos del EBA"
Paises Bajos,cartera_credito,Saldo bruto | Sociedades no financieras,583028.2119,eur_millones,2024-Q1,"EBA, Risk Dashboard (anexo de datos)",https://www.eba.europa.eu/risk-and-data-analysis/risk-analysis/risk-monitoring/risk-dashboard,2026-09-16,,,n/a,importe,media_ponderada_volumen,"hoja Loans_1, T20_4; muestra de bancos del EBA"
Paises Bajos,cartera_credito,Saldo bruto | Sociedades no financieras,589400.4755,eur_millones,2024-Q2,"EBA, Risk Dashboard (anexo de datos)",https://www.eba.europa.eu/risk-and-data-analysis/risk-analysis/risk-monitoring/risk-dashboard,2026-09-16,,,n/a,importe,media_ponderada_volumen,"hoja Loans_1, T20_4; muestra de bancos del EBA"
Paises Bajos,cartera_credito,Saldo bruto | Sociedades no financieras,597928.1715,eur_millones,2024-Q3,"EBA, Risk Dashboard (anexo de datos)",https://www.eba.europa.eu/risk-and-data-analysis/risk-analysis/risk-monitoring/risk-dashboard,2026-09-16,,,n/a,importe,media_ponderada_volumen,"hoja Loans_1, T20_4; muestra de bancos del EBA"
Paises Bajos,cartera_credito,Saldo bruto | Sociedades no financieras,612047.4133,eur_millones,2024-Q4,"EBA, Risk Dashboard (anexo de datos)",https://www.eba.europa.eu/risk-and-data-analysis/risk-analysis/risk-monitoring/risk-dashboard,2026-09-16,,,n/a,importe,media_ponderada_volumen,"hoja Loans_1, T20_4; muestra de bancos del EBA"
Paises Bajos,cartera_credito,Saldo bruto | Sociedades no financieras,613798.5810,eur_millones,2025-Q1,"EBA, Risk Dashboard (anexo de datos)",https://www.eba.europa.eu/risk-and-data-analysis/risk-analysis/risk-monitoring/risk-dashboard,2026-09-16,,,n/a,importe,media_ponderada_volumen,"hoja Loans_1, T20_4; muestra de bancos del EBA"
Paises Bajos,cartera_credito,Saldo bruto | Sociedades no financieras,611877.5937,eur_millones,2025-Q2,"EBA, Risk Dashboard (anexo de datos)",https://www.eba.europa.eu/risk-and-data-analysis/risk-analysis/risk-monitoring/risk-dashboard,2026-09-16,,,n/a,importe,media_ponderada_volumen,"hoja Loans_1, T20_4; muestra de bancos del EBA"
Paises Bajos,cartera_credito,Saldo bruto | Sociedades no financieras,618618.6262,eur_millones,2025-Q3,"EBA, Risk Dashboard (anexo de datos)",https://www.eba.europa.eu/risk-and-data-analysis/risk-analysis/risk-monitoring/risk-dashboard,2026-09-16,,,n/a,importe,media_ponderada_volumen,"hoja Loans_1, T20_4; muestra de bancos del EBA"
Paises Bajos,cartera_credito,Saldo bruto | Sociedades no financieras,631217.5965,eur_millones,2025-Q4,"EBA, Risk Dashboard (anexo de datos)",https://www.eba.europa.eu/risk-and-data-analysis/risk-analysis/risk-monitoring/risk-dashboard,2026-09-16,,,n/a,importe,media_ponderada_volumen,"hoja Loans_1, T20_4; muestra de bancos del EBA"
Paises Bajos,cartera_credito,Saldo bruto | Sociedades no financieras,628882.8871,eur_millones,2026-Q1,"EBA, Risk Dashboard (anexo de datos)",https://www.eba.europa.eu/risk-and-data-analysis/risk-analysis/risk-monitoring/risk-dashboard,2026-09-16,,,n/a,importe,media_ponderada_volumen,"hoja Loans_1, T20_4; muestra de bancos del EBA"
Portugal,cartera_credito,Saldo bruto | Sociedades no financieras,54818.9060,eur_millones,2024-Q1,"EBA, Risk Dashboard (anexo de datos)",https://www.eba.europa.eu/risk-and-data-analysis/risk-analysis/risk-monitoring/risk-dashboard,2026-09-16,,,n/a,importe,media_ponderada_volumen,"hoja Loans_1, T20_4; muestra de bancos del EBA"
Portugal,cartera_credito,Saldo bruto | Sociedades no financieras,54266.3727,eur_millones,2024-Q2,"EBA, Risk Dashboard (anexo de datos)",https://www.eba.europa.eu/risk-and-data-analysis/risk-analysis/risk-monitoring/risk-dashboard,2026-09-16,,,n/a,importe,media_ponderada_volumen,"hoja Loans_1, T20_4; muestra de bancos del EBA"
Portugal,cartera_credito,Saldo bruto | Sociedades no financieras,53895.9313,eur_millones,2024-Q3,"EBA, Risk Dashboard (anexo de datos)",https://www.eba.europa.eu/risk-and-data-analysis/risk-analysis/risk-monitoring/risk-dashboard,2026-09-16,,,n/a,importe,media_ponderada_volumen,"hoja Loans_1, T20_4; muestra de bancos del EBA"
Portugal,cartera_credito,Saldo bruto | Sociedades no financieras,53694.6077,eur_millones,2024-Q4,"EBA, Risk Dashboard (anexo de datos)",https://www.eba.europa.eu/risk-and-data-analysis/risk-analysis/risk-monitoring/risk-dashboard,2026-09-16,,,n/a,importe,media_ponderada_volumen,"hoja Loans_1, T20_4; muestra de bancos del EBA"
Portugal,cartera_credito,Saldo bruto | Sociedades no financieras,53279.9182,eur_millones,2025-Q1,"EBA, Risk Dashboard (anexo de datos)",https://www.eba.europa.eu/risk-and-data-analysis/risk-analysis/risk-monitoring/risk-dashboard,2026-09-16,,,n/a,importe,media_ponderada_volumen,"hoja Loans_1, T20_4; muestra de bancos del EBA"
Portugal,cartera_credito,Saldo bruto | Sociedades no financieras,53967.2635,eur_millones,2025-Q2,"EBA, Risk Dashboard (anexo de datos)",https://www.eba.europa.eu/risk-and-data-analysis/risk-analysis/risk-monitoring/risk-dashboard,2026-09-16,,,n/a,importe,media_ponderada_volumen,"hoja Loans_1, T20_4; muestra de bancos del EBA"
Portugal,cartera_credito,Saldo bruto | Sociedades no financieras,54362.9313,eur_millones,2025-Q3,"EBA, Risk Dashboard (anexo de datos)",https://www.eba.europa.eu/risk-and-data-analysis/risk-analysis/risk-monitoring/risk-dashboard,2026-09-16,,,n/a,importe,media_ponderada_volumen,"hoja Loans_1, T20_4; muestra de bancos del EBA"
Portugal,cartera_credito,Saldo bruto | Sociedades no financieras,55403.7056,eur_millones,2025-Q4,"EBA, Risk Dashboard (anexo de datos)",https://www.eba.europa.eu/risk-and-data-analysis/risk-analysis/risk-monitoring/risk-dashboard,2026-09-16,,,n/a,importe,media_ponderada_volumen,"hoja Loans_1, T20_4; muestra de bancos del EBA"
Portugal,cartera_credito,Saldo bruto | Sociedades no financieras,56336.6925,eur_millones,2026-Q1,"EBA, Risk Dashboard (anexo de datos)",https://www.eba.europa.eu/risk-and-data-analysis/risk-analysis/risk-monitoring/risk-dashboard,2026-09-16,,,n/a,importe,media_ponderada_volumen,"hoja Loans_1, T20_4; muestra de bancos del EBA"
Alemania,cartera_credito,"Saldo bruto | Sociedades no financieras, PYME",230337.4732,eur_millones,2024-Q1,"EBA, Risk Dashboard (anexo de datos)",https://www.eba.europa.eu/risk-and-data-analysis/risk-analysis/risk-monitoring/risk-dashboard,2026-09-16,,,tamano_empresa_empleados,importe,media_ponderada_volumen,"hoja Loans_1, T20_5; muestra de bancos del EBA"
Alemania,cartera_credito,"Saldo bruto | Sociedades no financieras, PYME",225056.2965,eur_millones,2024-Q2,"EBA, Risk Dashboard (anexo de datos)",https://www.eba.europa.eu/risk-and-data-analysis/risk-analysis/risk-monitoring/risk-dashboard,2026-09-16,,,tamano_empresa_empleados,importe,media_ponderada_volumen,"hoja Loans_1, T20_5; muestra de bancos del EBA"
Alemania,cartera_credito,"Saldo bruto | Sociedades no financieras, PYME",231236.6146,eur_millones,2024-Q3,"EBA, Risk Dashboard (anexo de datos)",https://www.eba.europa.eu/risk-and-data-analysis/risk-analysis/risk-monitoring/risk-dashboard,2026-09-16,,,tamano_empresa_empleados,importe,media_ponderada_volumen,"hoja Loans_1, T20_5; muestra de bancos del EBA"
Alemania,cartera_credito,"Saldo bruto | Sociedades no financieras, PYME",243813.1260,eur_millones,2024-Q4,"EBA, Risk Dashboard (anexo de datos)",https://www.eba.europa.eu/risk-and-data-analysis/risk-analysis/risk-monitoring/risk-dashboard,2026-09-16,,,tamano_empresa_empleados,importe,media_ponderada_volumen,"hoja Loans_1, T20_5; muestra de bancos del EBA"
Alemania,cartera_credito,"Saldo bruto | Sociedades no financieras, PYME",248064.8518,eur_millones,2025-Q1,"EBA, Risk Dashboard (anexo de datos)",https://www.eba.europa.eu/risk-and-data-analysis/risk-analysis/risk-monitoring/risk-dashboard,2026-09-16,,,tamano_empresa_empleados,importe,media_ponderada_volumen,"hoja Loans_1, T20_5; muestra de bancos del EBA"
Alemania,cartera_credito,"Saldo bruto | Sociedades no financieras, PYME",249749.4345,eur_millones,2025-Q2,"EBA, Risk Dashboard (anexo de datos)",https://www.eba.europa.eu/risk-and-data-analysis/risk-analysis/risk-monitoring/risk-dashboard,2026-09-16,,,tamano_empresa_empleados,importe,media_ponderada_volumen,"hoja Loans_1, T20_5; muestra de bancos del EBA"
Alemania,cartera_credito,"Saldo bruto | Sociedades no financieras, PYME",248935.7485,eur_millones,2025-Q3,"EBA, Risk Dashboard (anexo de datos)",https://www.eba.europa.eu/risk-and-data-analysis/risk-analysis/risk-monitoring/risk-dashboard,2026-09-16,,,tamano_empresa_empleados,importe,media_ponderada_volumen,"hoja Loans_1, T20_5; muestra de bancos del EBA"
Alemania,cartera_credito,"Saldo bruto | Sociedades no financieras, PYME",249958.0838,eur_millones,2025-Q4,"EBA, Risk Dashboard (anexo de datos)",https://www.eba.europa.eu/risk-and-data-analysis/risk-analysis/risk-monitoring/risk-dashboard,2026-09-16,,,tamano_empresa_empleados,importe,media_ponderada_volumen,"hoja Loans_1, T20_5; muestra de bancos del EBA"
Alemania,cartera_credito,"Saldo bruto | Sociedades no financieras, PYME",249005.0143,eur_millones,2026-Q1,"EBA, Risk Dashboard (anexo de datos)",https://www.eba.europa.eu/risk-and-data-analysis/risk-analysis/risk-monitoring/risk-dashboard,2026-09-16,,,tamano_empresa_empleados,importe,media_ponderada_volumen,"hoja Loans_1, T20_5; muestra de bancos del EBA"
Espana,cartera_credito,"Saldo bruto | Sociedades no financieras, PYME",300984.9503,eur_millones,2024-Q1,"EBA, Risk Dashboard (anexo de datos)",https://www.eba.europa.eu/risk-and-data-analysis/risk-analysis/risk-monitoring/risk-dashboard,2026-09-16,,,tamano_empresa_empleados,importe,media_ponderada_volumen,"hoja Loans_1, T20_5; muestra de bancos del EBA"
Espana,cartera_credito,"Saldo bruto | Sociedades no financieras, PYME",301203.1002,eur_millones,2024-Q2,"EBA, Risk Dashboard (anexo de datos)",https://www.eba.europa.eu/risk-and-data-analysis/risk-analysis/risk-monitoring/risk-dashboard,2026-09-16,,,tamano_empresa_empleados,importe,media_ponderada_volumen,"hoja Loans_1, T20_5; muestra de bancos del EBA"
Espana,cartera_credito,"Saldo bruto | Sociedades no financieras, PYME",294951.3757,eur_millones,2024-Q3,"EBA, Risk Dashboard (anexo de datos)",https://www.eba.europa.eu/risk-and-data-analysis/risk-analysis/risk-monitoring/risk-dashboard,2026-09-16,,,tamano_empresa_empleados,importe,media_ponderada_volumen,"hoja Loans_1, T20_5; muestra de bancos del EBA"
Espana,cartera_credito,"Saldo bruto | Sociedades no financieras, PYME",302946.7754,eur_millones,2024-Q4,"EBA, Risk Dashboard (anexo de datos)",https://www.eba.europa.eu/risk-and-data-analysis/risk-analysis/risk-monitoring/risk-dashboard,2026-09-16,,,tamano_empresa_empleados,importe,media_ponderada_volumen,"hoja Loans_1, T20_5; muestra de bancos del EBA"
Espana,cartera_credito,"Saldo bruto | Sociedades no financieras, PYME",300855.8928,eur_millones,2025-Q1,"EBA, Risk Dashboard (anexo de datos)",https://www.eba.europa.eu/risk-and-data-analysis/risk-analysis/risk-monitoring/risk-dashboard,2026-09-16,,,tamano_empresa_empleados,importe,media_ponderada_volumen,"hoja Loans_1, T20_5; muestra de bancos del EBA"
Espana,cartera_credito,"Saldo bruto | Sociedades no financieras, PYME",287930.7621,eur_millones,2025-Q2,"EBA, Risk Dashboard (anexo de datos)",https://www.eba.europa.eu/risk-and-data-analysis/risk-analysis/risk-monitoring/risk-dashboard,2026-09-16,,,tamano_empresa_empleados,importe,media_ponderada_volumen,"hoja Loans_1, T20_5; muestra de bancos del EBA"
Espana,cartera_credito,"Saldo bruto | Sociedades no financieras, PYME",289560.3435,eur_millones,2025-Q3,"EBA, Risk Dashboard (anexo de datos)",https://www.eba.europa.eu/risk-and-data-analysis/risk-analysis/risk-monitoring/risk-dashboard,2026-09-16,,,tamano_empresa_empleados,importe,media_ponderada_volumen,"hoja Loans_1, T20_5; muestra de bancos del EBA"
Espana,cartera_credito,"Saldo bruto | Sociedades no financieras, PYME",298676.0261,eur_millones,2025-Q4,"EBA, Risk Dashboard (anexo de datos)",https://www.eba.europa.eu/risk-and-data-analysis/risk-analysis/risk-monitoring/risk-dashboard,2026-09-16,,,tamano_empresa_empleados,importe,media_ponderada_volumen,"hoja Loans_1, T20_5; muestra de bancos del EBA"
Espana,cartera_credito,"Saldo bruto | Sociedades no financieras, PYME",272692.3580,eur_millones,2026-Q1,"EBA, Risk Dashboard (anexo de datos)",https://www.eba.europa.eu/risk-and-data-analysis/risk-analysis/risk-monitoring/risk-dashboard,2026-09-16,,,tamano_empresa_empleados,importe,media_ponderada_volumen,"hoja Loans_1, T20_5; muestra de bancos del EBA"
Union Europea,cartera_credito,"Saldo bruto | Sociedades no financieras, PYME",2456879.8230,eur_millones,2024-Q1,"EBA, Risk Dashboard (anexo de datos)",https://www.eba.europa.eu/risk-and-data-analysis/risk-analysis/risk-monitoring/risk-dashboard,2026-09-16,,,tamano_empresa_empleados,importe,media_ponderada_volumen,"hoja Loans_1, T20_5; muestra de bancos del EBA"
Union Europea,cartera_credito,"Saldo bruto | Sociedades no financieras, PYME",2468304.1026,eur_millones,2024-Q2,"EBA, Risk Dashboard (anexo de datos)",https://www.eba.europa.eu/risk-and-data-analysis/risk-analysis/risk-monitoring/risk-dashboard,2026-09-16,,,tamano_empresa_empleados,importe,media_ponderada_volumen,"hoja Loans_1, T20_5; muestra de bancos del EBA"
Union Europea,cartera_credito,"Saldo bruto | Sociedades no financieras, PYME",2455803.9836,eur_millones,2024-Q3,"EBA, Risk Dashboard (anexo de datos)",https://www.eba.europa.eu/risk-and-data-analysis/risk-analysis/risk-monitoring/risk-dashboard,2026-09-16,,,tamano_empresa_empleados,importe,media_ponderada_volumen,"hoja Loans_1, T20_5; muestra de bancos del EBA"
Union Europea,cartera_credito,"Saldo bruto | Sociedades no financieras, PYME",2487163.0505,eur_millones,2024-Q4,"EBA, Risk Dashboard (anexo de datos)",https://www.eba.europa.eu/risk-and-data-analysis/risk-analysis/risk-monitoring/risk-dashboard,2026-09-16,,,tamano_empresa_empleados,importe,media_ponderada_volumen,"hoja Loans_1, T20_5; muestra de bancos del EBA"
Union Europea,cartera_credito,"Saldo bruto | Sociedades no financieras, PYME",2515399.7682,eur_millones,2025-Q1,"EBA, Risk Dashboard (anexo de datos)",https://www.eba.europa.eu/risk-and-data-analysis/risk-analysis/risk-monitoring/risk-dashboard,2026-09-16,,,tamano_empresa_empleados,importe,media_ponderada_volumen,"hoja Loans_1, T20_5; muestra de bancos del EBA"
Union Europea,cartera_credito,"Saldo bruto | Sociedades no financieras, PYME",2495223.6128,eur_millones,2025-Q2,"EBA, Risk Dashboard (anexo de datos)",https://www.eba.europa.eu/risk-and-data-analysis/risk-analysis/risk-monitoring/risk-dashboard,2026-09-16,,,tamano_empresa_empleados,importe,media_ponderada_volumen,"hoja Loans_1, T20_5; muestra de bancos del EBA"
Union Europea,cartera_credito,"Saldo bruto | Sociedades no financieras, PYME",2530694.9898,eur_millones,2025-Q3,"EBA, Risk Dashboard (anexo de datos)",https://www.eba.europa.eu/risk-and-data-analysis/risk-analysis/risk-monitoring/risk-dashboard,2026-09-16,,,tamano_empresa_empleados,importe,media_ponderada_volumen,"hoja Loans_1, T20_5; muestra de bancos del EBA"
Union Europea,cartera_credito,"Saldo bruto | Sociedades no financieras, PYME",2586404.1496,eur_millones,2025-Q4,"EBA, Risk Dashboard (anexo de datos)",https://www.eba.europa.eu/risk-and-data-analysis/risk-analysis/risk-monitoring/risk-dashboard,2026-09-16,,,tamano_empresa_empleados,importe,media_ponderada_volumen,"hoja Loans_1, T20_5; muestra de bancos del EBA"
Union Europea,cartera_credito,"Saldo bruto | Sociedades no financieras, PYME",2587169.7765,eur_millones,2026-Q1,"EBA, Risk Dashboard (anexo de datos)",https://www.eba.europa.eu/risk-and-data-analysis/risk-analysis/risk-monitoring/risk-dashboard,2026-09-16,,,tamano_empresa_empleados,importe,media_ponderada_volumen,"hoja Loans_1, T20_5; muestra de bancos del EBA"
Francia,cartera_credito,"Saldo bruto | Sociedades no financieras, PYME",888999.7309,eur_millones,2024-Q1,"EBA, Risk Dashboard (anexo de datos)",https://www.eba.europa.eu/risk-and-data-analysis/risk-analysis/risk-monitoring/risk-dashboard,2026-09-16,,,tamano_empresa_empleados,importe,media_ponderada_volumen,"hoja Loans_1, T20_5; muestra de bancos del EBA"
Francia,cartera_credito,"Saldo bruto | Sociedades no financieras, PYME",894141.5058,eur_millones,2024-Q2,"EBA, Risk Dashboard (anexo de datos)",https://www.eba.europa.eu/risk-and-data-analysis/risk-analysis/risk-monitoring/risk-dashboard,2026-09-16,,,tamano_empresa_empleados,importe,media_ponderada_volumen,"hoja Loans_1, T20_5; muestra de bancos del EBA"
Francia,cartera_credito,"Saldo bruto | Sociedades no financieras, PYME",887322.2378,eur_millones,2024-Q3,"EBA, Risk Dashboard (anexo de datos)",https://www.eba.europa.eu/risk-and-data-analysis/risk-analysis/risk-monitoring/risk-dashboard,2026-09-16,,,tamano_empresa_empleados,importe,media_ponderada_volumen,"hoja Loans_1, T20_5; muestra de bancos del EBA"
Francia,cartera_credito,"Saldo bruto | Sociedades no financieras, PYME",897052.5322,eur_millones,2024-Q4,"EBA, Risk Dashboard (anexo de datos)",https://www.eba.europa.eu/risk-and-data-analysis/risk-analysis/risk-monitoring/risk-dashboard,2026-09-16,,,tamano_empresa_empleados,importe,media_ponderada_volumen,"hoja Loans_1, T20_5; muestra de bancos del EBA"
Francia,cartera_credito,"Saldo bruto | Sociedades no financieras, PYME",908967.6113,eur_millones,2025-Q1,"EBA, Risk Dashboard (anexo de datos)",https://www.eba.europa.eu/risk-and-data-analysis/risk-analysis/risk-monitoring/risk-dashboard,2026-09-16,,,tamano_empresa_empleados,importe,media_ponderada_volumen,"hoja Loans_1, T20_5; muestra de bancos del EBA"
Francia,cartera_credito,"Saldo bruto | Sociedades no financieras, PYME",899104.3475,eur_millones,2025-Q2,"EBA, Risk Dashboard (anexo de datos)",https://www.eba.europa.eu/risk-and-data-analysis/risk-analysis/risk-monitoring/risk-dashboard,2026-09-16,,,tamano_empresa_empleados,importe,media_ponderada_volumen,"hoja Loans_1, T20_5; muestra de bancos del EBA"
Francia,cartera_credito,"Saldo bruto | Sociedades no financieras, PYME",900827.1902,eur_millones,2025-Q3,"EBA, Risk Dashboard (anexo de datos)",https://www.eba.europa.eu/risk-and-data-analysis/risk-analysis/risk-monitoring/risk-dashboard,2026-09-16,,,tamano_empresa_empleados,importe,media_ponderada_volumen,"hoja Loans_1, T20_5; muestra de bancos del EBA"
Francia,cartera_credito,"Saldo bruto | Sociedades no financieras, PYME",918628.5744,eur_millones,2025-Q4,"EBA, Risk Dashboard (anexo de datos)",https://www.eba.europa.eu/risk-and-data-analysis/risk-analysis/risk-monitoring/risk-dashboard,2026-09-16,,,tamano_empresa_empleados,importe,media_ponderada_volumen,"hoja Loans_1, T20_5; muestra de bancos del EBA"
Francia,cartera_credito,"Saldo bruto | Sociedades no financieras, PYME",911017.2195,eur_millones,2026-Q1,"EBA, Risk Dashboard (anexo de datos)",https://www.eba.europa.eu/risk-and-data-analysis/risk-analysis/risk-monitoring/risk-dashboard,2026-09-16,,,tamano_empresa_empleados,importe,media_ponderada_volumen,"hoja Loans_1, T20_5; muestra de bancos del EBA"
Italia,cartera_credito,"Saldo bruto | Sociedades no financieras, PYME",276240.6297,eur_millones,2024-Q1,"EBA, Risk Dashboard (anexo de datos)",https://www.eba.europa.eu/risk-and-data-analysis/risk-analysis/risk-monitoring/risk-dashboard,2026-09-16,,,tamano_empresa_empleados,importe,media_ponderada_volumen,"hoja Loans_1, T20_5; muestra de bancos del EBA"
Italia,cartera_credito,"Saldo bruto | Sociedades no financieras, PYME",274515.8460,eur_millones,2024-Q2,"EBA, Risk Dashboard (anexo de datos)",https://www.eba.europa.eu/risk-and-data-analysis/risk-analysis/risk-monitoring/risk-dashboard,2026-09-16,,,tamano_empresa_empleados,importe,media_ponderada_volumen,"hoja Loans_1, T20_5; muestra de bancos del EBA"
Italia,cartera_credito,"Saldo bruto | Sociedades no financieras, PYME",267699.3023,eur_millones,2024-Q3,"EBA, Risk Dashboard (anexo de datos)",https://www.eba.europa.eu/risk-and-data-analysis/risk-analysis/risk-monitoring/risk-dashboard,2026-09-16,,,tamano_empresa_empleados,importe,media_ponderada_volumen,"hoja Loans_1, T20_5; muestra de bancos del EBA"
Italia,cartera_credito,"Saldo bruto | Sociedades no financieras, PYME",266405.1652,eur_millones,2024-Q4,"EBA, Risk Dashboard (anexo de datos)",https://www.eba.europa.eu/risk-and-data-analysis/risk-analysis/risk-monitoring/risk-dashboard,2026-09-16,,,tamano_empresa_empleados,importe,media_ponderada_volumen,"hoja Loans_1, T20_5; muestra de bancos del EBA"
Italia,cartera_credito,"Saldo bruto | Sociedades no financieras, PYME",261399.7401,eur_millones,2025-Q1,"EBA, Risk Dashboard (anexo de datos)",https://www.eba.europa.eu/risk-and-data-analysis/risk-analysis/risk-monitoring/risk-dashboard,2026-09-16,,,tamano_empresa_empleados,importe,media_ponderada_volumen,"hoja Loans_1, T20_5; muestra de bancos del EBA"
Italia,cartera_credito,"Saldo bruto | Sociedades no financieras, PYME",260125.1151,eur_millones,2025-Q2,"EBA, Risk Dashboard (anexo de datos)",https://www.eba.europa.eu/risk-and-data-analysis/risk-analysis/risk-monitoring/risk-dashboard,2026-09-16,,,tamano_empresa_empleados,importe,media_ponderada_volumen,"hoja Loans_1, T20_5; muestra de bancos del EBA"
Italia,cartera_credito,"Saldo bruto | Sociedades no financieras, PYME",255233.7441,eur_millones,2025-Q3,"EBA, Risk Dashboard (anexo de datos)",https://www.eba.europa.eu/risk-and-data-analysis/risk-analysis/risk-monitoring/risk-dashboard,2026-09-16,,,tamano_empresa_empleados,importe,media_ponderada_volumen,"hoja Loans_1, T20_5; muestra de bancos del EBA"
Italia,cartera_credito,"Saldo bruto | Sociedades no financieras, PYME",255697.3127,eur_millones,2025-Q4,"EBA, Risk Dashboard (anexo de datos)",https://www.eba.europa.eu/risk-and-data-analysis/risk-analysis/risk-monitoring/risk-dashboard,2026-09-16,,,tamano_empresa_empleados,importe,media_ponderada_volumen,"hoja Loans_1, T20_5; muestra de bancos del EBA"
Italia,cartera_credito,"Saldo bruto | Sociedades no financieras, PYME",260114.4327,eur_millones,2026-Q1,"EBA, Risk Dashboard (anexo de datos)",https://www.eba.europa.eu/risk-and-data-analysis/risk-analysis/risk-monitoring/risk-dashboard,2026-09-16,,,tamano_empresa_empleados,importe,media_ponderada_volumen,"hoja Loans_1, T20_5; muestra de bancos del EBA"
Paises Bajos,cartera_credito,"Saldo bruto | Sociedades no financieras, PYME",172394.0645,eur_millones,2024-Q1,"EBA, Risk Dashboard (anexo de datos)",https://www.eba.europa.eu/risk-and-data-analysis/risk-analysis/risk-monitoring/risk-dashboard,2026-09-16,,,tamano_empresa_empleados,importe,media_ponderada_volumen,"hoja Loans_1, T20_5; muestra de bancos del EBA"
Paises Bajos,cartera_credito,"Saldo bruto | Sociedades no financieras, PYME",176460.1244,eur_millones,2024-Q2,"EBA, Risk Dashboard (anexo de datos)",https://www.eba.europa.eu/risk-and-data-analysis/risk-analysis/risk-monitoring/risk-dashboard,2026-09-16,,,tamano_empresa_empleados,importe,media_ponderada_volumen,"hoja Loans_1, T20_5; muestra de bancos del EBA"
Paises Bajos,cartera_credito,"Saldo bruto | Sociedades no financieras, PYME",175795.8787,eur_millones,2024-Q3,"EBA, Risk Dashboard (anexo de datos)",https://www.eba.europa.eu/risk-and-data-analysis/risk-analysis/risk-monitoring/risk-dashboard,2026-09-16,,,tamano_empresa_empleados,importe,media_ponderada_volumen,"hoja Loans_1, T20_5; muestra de bancos del EBA"
Paises Bajos,cartera_credito,"Saldo bruto | Sociedades no financieras, PYME",174251.9817,eur_millones,2024-Q4,"EBA, Risk Dashboard (anexo de datos)",https://www.eba.europa.eu/risk-and-data-analysis/risk-analysis/risk-monitoring/risk-dashboard,2026-09-16,,,tamano_empresa_empleados,importe,media_ponderada_volumen,"hoja Loans_1, T20_5; muestra de bancos del EBA"
Paises Bajos,cartera_credito,"Saldo bruto | Sociedades no financieras, PYME",175869.4561,eur_millones,2025-Q1,"EBA, Risk Dashboard (anexo de datos)",https://www.eba.europa.eu/risk-and-data-analysis/risk-analysis/risk-monitoring/risk-dashboard,2026-09-16,,,tamano_empresa_empleados,importe,media_ponderada_volumen,"hoja Loans_1, T20_5; muestra de bancos del EBA"
Paises Bajos,cartera_credito,"Saldo bruto | Sociedades no financieras, PYME",175697.6960,eur_millones,2025-Q2,"EBA, Risk Dashboard (anexo de datos)",https://www.eba.europa.eu/risk-and-data-analysis/risk-analysis/risk-monitoring/risk-dashboard,2026-09-16,,,tamano_empresa_empleados,importe,media_ponderada_volumen,"hoja Loans_1, T20_5; muestra de bancos del EBA"
Paises Bajos,cartera_credito,"Saldo bruto | Sociedades no financieras, PYME",192160.7839,eur_millones,2025-Q3,"EBA, Risk Dashboard (anexo de datos)",https://www.eba.europa.eu/risk-and-data-analysis/risk-analysis/risk-monitoring/risk-dashboard,2026-09-16,,,tamano_empresa_empleados,importe,media_ponderada_volumen,"hoja Loans_1, T20_5; muestra de bancos del EBA"
Paises Bajos,cartera_credito,"Saldo bruto | Sociedades no financieras, PYME",212871.8561,eur_millones,2025-Q4,"EBA, Risk Dashboard (anexo de datos)",https://www.eba.europa.eu/risk-and-data-analysis/risk-analysis/risk-monitoring/risk-dashboard,2026-09-16,,,tamano_empresa_empleados,importe,media_ponderada_volumen,"hoja Loans_1, T20_5; muestra de bancos del EBA"
Paises Bajos,cartera_credito,"Saldo bruto | Sociedades no financieras, PYME",215863.8096,eur_millones,2026-Q1,"EBA, Risk Dashboard (anexo de datos)",https://www.eba.europa.eu/risk-and-data-analysis/risk-analysis/risk-monitoring/risk-dashboard,2026-09-16,,,tamano_empresa_empleados,importe,media_ponderada_volumen,"hoja Loans_1, T20_5; muestra de bancos del EBA"
Portugal,cartera_credito,"Saldo bruto | Sociedades no financieras, PYME",36148.3210,eur_millones,2024-Q1,"EBA, Risk Dashboard (anexo de datos)",https://www.eba.europa.eu/risk-and-data-analysis/risk-analysis/risk-monitoring/risk-dashboard,2026-09-16,,,tamano_empresa_empleados,importe,media_ponderada_volumen,"hoja Loans_1, T20_5; muestra de bancos del EBA"
Portugal,cartera_credito,"Saldo bruto | Sociedades no financieras, PYME",35525.7131,eur_millones,2024-Q2,"EBA, Risk Dashboard (anexo de datos)",https://www.eba.europa.eu/risk-and-data-analysis/risk-analysis/risk-monitoring/risk-dashboard,2026-09-16,,,tamano_empresa_empleados,importe,media_ponderada_volumen,"hoja Loans_1, T20_5; muestra de bancos del EBA"
Portugal,cartera_credito,"Saldo bruto | Sociedades no financieras, PYME",34725.7502,eur_millones,2024-Q3,"EBA, Risk Dashboard (anexo de datos)",https://www.eba.europa.eu/risk-and-data-analysis/risk-analysis/risk-monitoring/risk-dashboard,2026-09-16,,,tamano_empresa_empleados,importe,media_ponderada_volumen,"hoja Loans_1, T20_5; muestra de bancos del EBA"
Portugal,cartera_credito,"Saldo bruto | Sociedades no financieras, PYME",34926.9254,eur_millones,2024-Q4,"EBA, Risk Dashboard (anexo de datos)",https://www.eba.europa.eu/risk-and-data-analysis/risk-analysis/risk-monitoring/risk-dashboard,2026-09-16,,,tamano_empresa_empleados,importe,media_ponderada_volumen,"hoja Loans_1, T20_5; muestra de bancos del EBA"
Portugal,cartera_credito,"Saldo bruto | Sociedades no financieras, PYME",34708.1831,eur_millones,2025-Q1,"EBA, Risk Dashboard (anexo de datos)",https://www.eba.europa.eu/risk-and-data-analysis/risk-analysis/risk-monitoring/risk-dashboard,2026-09-16,,,tamano_empresa_empleados,importe,media_ponderada_volumen,"hoja Loans_1, T20_5; muestra de bancos del EBA"
Portugal,cartera_credito,"Saldo bruto | Sociedades no financieras, PYME",35078.3928,eur_millones,2025-Q2,"EBA, Risk Dashboard (anexo de datos)",https://www.eba.europa.eu/risk-and-data-analysis/risk-analysis/risk-monitoring/risk-dashboard,2026-09-16,,,tamano_empresa_empleados,importe,media_ponderada_volumen,"hoja Loans_1, T20_5; muestra de bancos del EBA"
Portugal,cartera_credito,"Saldo bruto | Sociedades no financieras, PYME",35324.2027,eur_millones,2025-Q3,"EBA, Risk Dashboard (anexo de datos)",https://www.eba.europa.eu/risk-and-data-analysis/risk-analysis/risk-monitoring/risk-dashboard,2026-09-16,,,tamano_empresa_empleados,importe,media_ponderada_volumen,"hoja Loans_1, T20_5; muestra de bancos del EBA"
Portugal,cartera_credito,"Saldo bruto | Sociedades no financieras, PYME",35834.1147,eur_millones,2025-Q4,"EBA, Risk Dashboard (anexo de datos)",https://www.eba.europa.eu/risk-and-data-analysis/risk-analysis/risk-monitoring/risk-dashboard,2026-09-16,,,tamano_empresa_empleados,importe,media_ponderada_volumen,"hoja Loans_1, T20_5; muestra de bancos del EBA"
Portugal,cartera_credito,"Saldo bruto | Sociedades no financieras, PYME",36822.7236,eur_millones,2026-Q1,"EBA, Risk Dashboard (anexo de datos)",https://www.eba.europa.eu/risk-and-data-analysis/risk-analysis/risk-monitoring/risk-dashboard,2026-09-16,,,tamano_empresa_empleados,importe,media_ponderada_volumen,"hoja Loans_1, T20_5; muestra de bancos del EBA"
Alemania,cartera_credito,Importe de NPL | Total prestamos y anticipos,39772.9427,eur_millones,2024-Q1,"EBA, Risk Dashboard (anexo de datos)",https://www.eba.europa.eu/risk-and-data-analysis/risk-analysis/risk-monitoring/risk-dashboard,2026-09-16,,,n/a,importe,media_ponderada_volumen,"hoja Loans_2, T21_1; muestra de bancos del EBA"
Alemania,cartera_credito,Importe de NPL | Total prestamos y anticipos,41231.4226,eur_millones,2024-Q2,"EBA, Risk Dashboard (anexo de datos)",https://www.eba.europa.eu/risk-and-data-analysis/risk-analysis/risk-monitoring/risk-dashboard,2026-09-16,,,n/a,importe,media_ponderada_volumen,"hoja Loans_2, T21_1; muestra de bancos del EBA"
Alemania,cartera_credito,Importe de NPL | Total prestamos y anticipos,44967.1638,eur_millones,2024-Q3,"EBA, Risk Dashboard (anexo de datos)",https://www.eba.europa.eu/risk-and-data-analysis/risk-analysis/risk-monitoring/risk-dashboard,2026-09-16,,,n/a,importe,media_ponderada_volumen,"hoja Loans_2, T21_1; muestra de bancos del EBA"
Alemania,cartera_credito,Importe de NPL | Total prestamos y anticipos,46815.7665,eur_millones,2024-Q4,"EBA, Risk Dashboard (anexo de datos)",https://www.eba.europa.eu/risk-and-data-analysis/risk-analysis/risk-monitoring/risk-dashboard,2026-09-16,,,n/a,importe,media_ponderada_volumen,"hoja Loans_2, T21_1; muestra de bancos del EBA"
Alemania,cartera_credito,Importe de NPL | Total prestamos y anticipos,44788.9746,eur_millones,2025-Q1,"EBA, Risk Dashboard (anexo de datos)",https://www.eba.europa.eu/risk-and-data-analysis/risk-analysis/risk-monitoring/risk-dashboard,2026-09-16,,,n/a,importe,media_ponderada_volumen,"hoja Loans_2, T21_1; muestra de bancos del EBA"
Alemania,cartera_credito,Importe de NPL | Total prestamos y anticipos,46161.2676,eur_millones,2025-Q2,"EBA, Risk Dashboard (anexo de datos)",https://www.eba.europa.eu/risk-and-data-analysis/risk-analysis/risk-monitoring/risk-dashboard,2026-09-16,,,n/a,importe,media_ponderada_volumen,"hoja Loans_2, T21_1; muestra de bancos del EBA"
Alemania,cartera_credito,Importe de NPL | Total prestamos y anticipos,46947.1045,eur_millones,2025-Q3,"EBA, Risk Dashboard (anexo de datos)",https://www.eba.europa.eu/risk-and-data-analysis/risk-analysis/risk-monitoring/risk-dashboard,2026-09-16,,,n/a,importe,media_ponderada_volumen,"hoja Loans_2, T21_1; muestra de bancos del EBA"
Alemania,cartera_credito,Importe de NPL | Total prestamos y anticipos,48571.5013,eur_millones,2025-Q4,"EBA, Risk Dashboard (anexo de datos)",https://www.eba.europa.eu/risk-and-data-analysis/risk-analysis/risk-monitoring/risk-dashboard,2026-09-16,,,n/a,importe,media_ponderada_volumen,"hoja Loans_2, T21_1; muestra de bancos del EBA"
Alemania,cartera_credito,Importe de NPL | Total prestamos y anticipos,50136.8009,eur_millones,2026-Q1,"EBA, Risk Dashboard (anexo de datos)",https://www.eba.europa.eu/risk-and-data-analysis/risk-analysis/risk-monitoring/risk-dashboard,2026-09-16,,,n/a,importe,media_ponderada_volumen,"hoja Loans_2, T21_1; muestra de bancos del EBA"
Espana,cartera_credito,Importe de NPL | Total prestamos y anticipos,78226.7505,eur_millones,2024-Q1,"EBA, Risk Dashboard (anexo de datos)",https://www.eba.europa.eu/risk-and-data-analysis/risk-analysis/risk-monitoring/risk-dashboard,2026-09-16,,,n/a,importe,media_ponderada_volumen,"hoja Loans_2, T21_1; muestra de bancos del EBA"
Espana,cartera_credito,Importe de NPL | Total prestamos y anticipos,76192.2065,eur_millones,2024-Q2,"EBA, Risk Dashboard (anexo de datos)",https://www.eba.europa.eu/risk-and-data-analysis/risk-analysis/risk-monitoring/risk-dashboard,2026-09-16,,,n/a,importe,media_ponderada_volumen,"hoja Loans_2, T21_1; muestra de bancos del EBA"
Espana,cartera_credito,Importe de NPL | Total prestamos y anticipos,76246.3070,eur_millones,2024-Q3,"EBA, Risk Dashboard (anexo de datos)",https://www.eba.europa.eu/risk-and-data-analysis/risk-analysis/risk-monitoring/risk-dashboard,2026-09-16,,,n/a,importe,media_ponderada_volumen,"hoja Loans_2, T21_1; muestra de bancos del EBA"
Espana,cartera_credito,Importe de NPL | Total prestamos y anticipos,74362.3074,eur_millones,2024-Q4,"EBA, Risk Dashboard (anexo de datos)",https://www.eba.europa.eu/risk-and-data-analysis/risk-analysis/risk-monitoring/risk-dashboard,2026-09-16,,,n/a,importe,media_ponderada_volumen,"hoja Loans_2, T21_1; muestra de bancos del EBA"
Espana,cartera_credito,Importe de NPL | Total prestamos y anticipos,74198.5767,eur_millones,2025-Q1,"EBA, Risk Dashboard (anexo de datos)",https://www.eba.europa.eu/risk-and-data-analysis/risk-analysis/risk-monitoring/risk-dashboard,2026-09-16,,,n/a,importe,media_ponderada_volumen,"hoja Loans_2, T21_1; muestra de bancos del EBA"
Espana,cartera_credito,Importe de NPL | Total prestamos y anticipos,70366.5924,eur_millones,2025-Q2,"EBA, Risk Dashboard (anexo de datos)",https://www.eba.europa.eu/risk-and-data-analysis/risk-analysis/risk-monitoring/risk-dashboard,2026-09-16,,,n/a,importe,media_ponderada_volumen,"hoja Loans_2, T21_1; muestra de bancos del EBA"
Espana,cartera_credito,Importe de NPL | Total prestamos y anticipos,68953.8777,eur_millones,2025-Q3,"EBA, Risk Dashboard (anexo de datos)",https://www.eba.europa.eu/risk-and-data-analysis/risk-analysis/risk-monitoring/risk-dashboard,2026-09-16,,,n/a,importe,media_ponderada_volumen,"hoja Loans_2, T21_1; muestra de bancos del EBA"
Espana,cartera_credito,Importe de NPL | Total prestamos y anticipos,68661.3934,eur_millones,2025-Q4,"EBA, Risk Dashboard (anexo de datos)",https://www.eba.europa.eu/risk-and-data-analysis/risk-analysis/risk-monitoring/risk-dashboard,2026-09-16,,,n/a,importe,media_ponderada_volumen,"hoja Loans_2, T21_1; muestra de bancos del EBA"
Espana,cartera_credito,Importe de NPL | Total prestamos y anticipos,67202.9290,eur_millones,2026-Q1,"EBA, Risk Dashboard (anexo de datos)",https://www.eba.europa.eu/risk-and-data-analysis/risk-analysis/risk-monitoring/risk-dashboard,2026-09-16,,,n/a,importe,media_ponderada_volumen,"hoja Loans_2, T21_1; muestra de bancos del EBA"
Union Europea,cartera_credito,Importe de NPL | Total prestamos y anticipos,372240.4554,eur_millones,2024-Q1,"EBA, Risk Dashboard (anexo de datos)",https://www.eba.europa.eu/risk-and-data-analysis/risk-analysis/risk-monitoring/risk-dashboard,2026-09-16,,,n/a,importe,media_ponderada_volumen,"hoja Loans_2, T21_1; muestra de bancos del EBA"
Union Europea,cartera_credito,Importe de NPL | Total prestamos y anticipos,373361.5066,eur_millones,2024-Q2,"EBA, Risk Dashboard (anexo de datos)",https://www.eba.europa.eu/risk-and-data-analysis/risk-analysis/risk-monitoring/risk-dashboard,2026-09-16,,,n/a,importe,media_ponderada_volumen,"hoja Loans_2, T21_1; muestra de bancos del EBA"
Union Europea,cartera_credito,Importe de NPL | Total prestamos y anticipos,379011.9394,eur_millones,2024-Q3,"EBA, Risk Dashboard (anexo de datos)",https://www.eba.europa.eu/risk-and-data-analysis/risk-analysis/risk-monitoring/risk-dashboard,2026-09-16,,,n/a,importe,media_ponderada_volumen,"hoja Loans_2, T21_1; muestra de bancos del EBA"
Union Europea,cartera_credito,Importe de NPL | Total prestamos y anticipos,375189.4127,eur_millones,2024-Q4,"EBA, Risk Dashboard (anexo de datos)",https://www.eba.europa.eu/risk-and-data-analysis/risk-analysis/risk-monitoring/risk-dashboard,2026-09-16,,,n/a,importe,media_ponderada_volumen,"hoja Loans_2, T21_1; muestra de bancos del EBA"
Union Europea,cartera_credito,Importe de NPL | Total prestamos y anticipos,375456.1675,eur_millones,2025-Q1,"EBA, Risk Dashboard (anexo de datos)",https://www.eba.europa.eu/risk-and-data-analysis/risk-analysis/risk-monitoring/risk-dashboard,2026-09-16,,,n/a,importe,media_ponderada_volumen,"hoja Loans_2, T21_1; muestra de bancos del EBA"
Union Europea,cartera_credito,Importe de NPL | Total prestamos y anticipos,372580.2987,eur_millones,2025-Q2,"EBA, Risk Dashboard (anexo de datos)",https://www.eba.europa.eu/risk-and-data-analysis/risk-analysis/risk-monitoring/risk-dashboard,2026-09-16,,,n/a,importe,media_ponderada_volumen,"hoja Loans_2, T21_1; muestra de bancos del EBA"
Union Europea,cartera_credito,Importe de NPL | Total prestamos y anticipos,373785.7943,eur_millones,2025-Q3,"EBA, Risk Dashboard (anexo de datos)",https://www.eba.europa.eu/risk-and-data-analysis/risk-analysis/risk-monitoring/risk-dashboard,2026-09-16,,,n/a,importe,media_ponderada_volumen,"hoja Loans_2, T21_1; muestra de bancos del EBA"
Union Europea,cartera_credito,Importe de NPL | Total prestamos y anticipos,370428.8230,eur_millones,2025-Q4,"EBA, Risk Dashboard (anexo de datos)",https://www.eba.europa.eu/risk-and-data-analysis/risk-analysis/risk-monitoring/risk-dashboard,2026-09-16,,,n/a,importe,media_ponderada_volumen,"hoja Loans_2, T21_1; muestra de bancos del EBA"
Union Europea,cartera_credito,Importe de NPL | Total prestamos y anticipos,376798.4245,eur_millones,2026-Q1,"EBA, Risk Dashboard (anexo de datos)",https://www.eba.europa.eu/risk-and-data-analysis/risk-analysis/risk-monitoring/risk-dashboard,2026-09-16,,,n/a,importe,media_ponderada_volumen,"hoja Loans_2, T21_1; muestra de bancos del EBA"
Francia,cartera_credito,Importe de NPL | Total prestamos y anticipos,118879.3257,eur_millones,2024-Q1,"EBA, Risk Dashboard (anexo de datos)",https://www.eba.europa.eu/risk-and-data-analysis/risk-analysis/risk-monitoring/risk-dashboard,2026-09-16,,,n/a,importe,media_ponderada_volumen,"hoja Loans_2, T21_1; muestra de bancos del EBA"
Francia,cartera_credito,Importe de NPL | Total prestamos y anticipos,120987.2185,eur_millones,2024-Q2,"EBA, Risk Dashboard (anexo de datos)",https://www.eba.europa.eu/risk-and-data-analysis/risk-analysis/risk-monitoring/risk-dashboard,2026-09-16,,,n/a,importe,media_ponderada_volumen,"hoja Loans_2, T21_1; muestra de bancos del EBA"
Francia,cartera_credito,Importe de NPL | Total prestamos y anticipos,121666.9187,eur_millones,2024-Q3,"EBA, Risk Dashboard (anexo de datos)",https://www.eba.europa.eu/risk-and-data-analysis/risk-analysis/risk-monitoring/risk-dashboard,2026-09-16,,,n/a,importe,media_ponderada_volumen,"hoja Loans_2, T21_1; muestra de bancos del EBA"
Francia,cartera_credito,Importe de NPL | Total prestamos y anticipos,120217.1632,eur_millones,2024-Q4,"EBA, Risk Dashboard (anexo de datos)",https://www.eba.europa.eu/risk-and-data-analysis/risk-analysis/risk-monitoring/risk-dashboard,2026-09-16,,,n/a,importe,media_ponderada_volumen,"hoja Loans_2, T21_1; muestra de bancos del EBA"
Francia,cartera_credito,Importe de NPL | Total prestamos y anticipos,122197.9700,eur_millones,2025-Q1,"EBA, Risk Dashboard (anexo de datos)",https://www.eba.europa.eu/risk-and-data-analysis/risk-analysis/risk-monitoring/risk-dashboard,2026-09-16,,,n/a,importe,media_ponderada_volumen,"hoja Loans_2, T21_1; muestra de bancos del EBA"
Francia,cartera_credito,Importe de NPL | Total prestamos y anticipos,123979.9405,eur_millones,2025-Q2,"EBA, Risk Dashboard (anexo de datos)",https://www.eba.europa.eu/risk-and-data-analysis/risk-analysis/risk-monitoring/risk-dashboard,2026-09-16,,,n/a,importe,media_ponderada_volumen,"hoja Loans_2, T21_1; muestra de bancos del EBA"
Francia,cartera_credito,Importe de NPL | Total prestamos y anticipos,126857.5675,eur_millones,2025-Q3,"EBA, Risk Dashboard (anexo de datos)",https://www.eba.europa.eu/risk-and-data-analysis/risk-analysis/risk-monitoring/risk-dashboard,2026-09-16,,,n/a,importe,media_ponderada_volumen,"hoja Loans_2, T21_1; muestra de bancos del EBA"
Francia,cartera_credito,Importe de NPL | Total prestamos y anticipos,127795.6240,eur_millones,2025-Q4,"EBA, Risk Dashboard (anexo de datos)",https://www.eba.europa.eu/risk-and-data-analysis/risk-analysis/risk-monitoring/risk-dashboard,2026-09-16,,,n/a,importe,media_ponderada_volumen,"hoja Loans_2, T21_1; muestra de bancos del EBA"
Francia,cartera_credito,Importe de NPL | Total prestamos y anticipos,131308.0843,eur_millones,2026-Q1,"EBA, Risk Dashboard (anexo de datos)",https://www.eba.europa.eu/risk-and-data-analysis/risk-analysis/risk-monitoring/risk-dashboard,2026-09-16,,,n/a,importe,media_ponderada_volumen,"hoja Loans_2, T21_1; muestra de bancos del EBA"
Italia,cartera_credito,Importe de NPL | Total prestamos y anticipos,41592.0547,eur_millones,2024-Q1,"EBA, Risk Dashboard (anexo de datos)",https://www.eba.europa.eu/risk-and-data-analysis/risk-analysis/risk-monitoring/risk-dashboard,2026-09-16,,,n/a,importe,media_ponderada_volumen,"hoja Loans_2, T21_1; muestra de bancos del EBA"
Italia,cartera_credito,Importe de NPL | Total prestamos y anticipos,40886.7704,eur_millones,2024-Q2,"EBA, Risk Dashboard (anexo de datos)",https://www.eba.europa.eu/risk-and-data-analysis/risk-analysis/risk-monitoring/risk-dashboard,2026-09-16,,,n/a,importe,media_ponderada_volumen,"hoja Loans_2, T21_1; muestra de bancos del EBA"
Italia,cartera_credito,Importe de NPL | Total prestamos y anticipos,40370.6733,eur_millones,2024-Q3,"EBA, Risk Dashboard (anexo de datos)",https://www.eba.europa.eu/risk-and-data-analysis/risk-analysis/risk-monitoring/risk-dashboard,2026-09-16,,,n/a,importe,media_ponderada_volumen,"hoja Loans_2, T21_1; muestra de bancos del EBA"
Italia,cartera_credito,Importe de NPL | Total prestamos y anticipos,38243.2750,eur_millones,2024-Q4,"EBA, Risk Dashboard (anexo de datos)",https://www.eba.europa.eu/risk-and-data-analysis/risk-analysis/risk-monitoring/risk-dashboard,2026-09-16,,,n/a,importe,media_ponderada_volumen,"hoja Loans_2, T21_1; muestra de bancos del EBA"
Italia,cartera_credito,Importe de NPL | Total prestamos y anticipos,38414.0365,eur_millones,2025-Q1,"EBA, Risk Dashboard (anexo de datos)",https://www.eba.europa.eu/risk-and-data-analysis/risk-analysis/risk-monitoring/risk-dashboard,2026-09-16,,,n/a,importe,media_ponderada_volumen,"hoja Loans_2, T21_1; muestra de bancos del EBA"
Italia,cartera_credito,Importe de NPL | Total prestamos y anticipos,38083.1539,eur_millones,2025-Q2,"EBA, Risk Dashboard (anexo de datos)",https://www.eba.europa.eu/risk-and-data-analysis/risk-analysis/risk-monitoring/risk-dashboard,2026-09-16,,,n/a,importe,media_ponderada_volumen,"hoja Loans_2, T21_1; muestra de bancos del EBA"
Italia,cartera_credito,Importe de NPL | Total prestamos y anticipos,37720.1508,eur_millones,2025-Q3,"EBA, Risk Dashboard (anexo de datos)",https://www.eba.europa.eu/risk-and-data-analysis/risk-analysis/risk-monitoring/risk-dashboard,2026-09-16,,,n/a,importe,media_ponderada_volumen,"hoja Loans_2, T21_1; muestra de bancos del EBA"
Italia,cartera_credito,Importe de NPL | Total prestamos y anticipos,33567.7773,eur_millones,2025-Q4,"EBA, Risk Dashboard (anexo de datos)",https://www.eba.europa.eu/risk-and-data-analysis/risk-analysis/risk-monitoring/risk-dashboard,2026-09-16,,,n/a,importe,media_ponderada_volumen,"hoja Loans_2, T21_1; muestra de bancos del EBA"
Italia,cartera_credito,Importe de NPL | Total prestamos y anticipos,33607.0017,eur_millones,2026-Q1,"EBA, Risk Dashboard (anexo de datos)",https://www.eba.europa.eu/risk-and-data-analysis/risk-analysis/risk-monitoring/risk-dashboard,2026-09-16,,,n/a,importe,media_ponderada_volumen,"hoja Loans_2, T21_1; muestra de bancos del EBA"
Paises Bajos,cartera_credito,Importe de NPL | Total prestamos y anticipos,27332.5565,eur_millones,2024-Q1,"EBA, Risk Dashboard (anexo de datos)",https://www.eba.europa.eu/risk-and-data-analysis/risk-analysis/risk-monitoring/risk-dashboard,2026-09-16,,,n/a,importe,media_ponderada_volumen,"hoja Loans_2, T21_1; muestra de bancos del EBA"
Paises Bajos,cartera_credito,Importe de NPL | Total prestamos y anticipos,28173.8070,eur_millones,2024-Q2,"EBA, Risk Dashboard (anexo de datos)",https://www.eba.europa.eu/risk-and-data-analysis/risk-analysis/risk-monitoring/risk-dashboard,2026-09-16,,,n/a,importe,media_ponderada_volumen,"hoja Loans_2, T21_1; muestra de bancos del EBA"
Paises Bajos,cartera_credito,Importe de NPL | Total prestamos y anticipos,28766.6577,eur_millones,2024-Q3,"EBA, Risk Dashboard (anexo de datos)",https://www.eba.europa.eu/risk-and-data-analysis/risk-analysis/risk-monitoring/risk-dashboard,2026-09-16,,,n/a,importe,media_ponderada_volumen,"hoja Loans_2, T21_1; muestra de bancos del EBA"
Paises Bajos,cartera_credito,Importe de NPL | Total prestamos y anticipos,29405.9189,eur_millones,2024-Q4,"EBA, Risk Dashboard (anexo de datos)",https://www.eba.europa.eu/risk-and-data-analysis/risk-analysis/risk-monitoring/risk-dashboard,2026-09-16,,,n/a,importe,media_ponderada_volumen,"hoja Loans_2, T21_1; muestra de bancos del EBA"
Paises Bajos,cartera_credito,Importe de NPL | Total prestamos y anticipos,29342.8791,eur_millones,2025-Q1,"EBA, Risk Dashboard (anexo de datos)",https://www.eba.europa.eu/risk-and-data-analysis/risk-analysis/risk-monitoring/risk-dashboard,2026-09-16,,,n/a,importe,media_ponderada_volumen,"hoja Loans_2, T21_1; muestra de bancos del EBA"
Paises Bajos,cartera_credito,Importe de NPL | Total prestamos y anticipos,27987.3684,eur_millones,2025-Q2,"EBA, Risk Dashboard (anexo de datos)",https://www.eba.europa.eu/risk-and-data-analysis/risk-analysis/risk-monitoring/risk-dashboard,2026-09-16,,,n/a,importe,media_ponderada_volumen,"hoja Loans_2, T21_1; muestra de bancos del EBA"
Paises Bajos,cartera_credito,Importe de NPL | Total prestamos y anticipos,27794.4045,eur_millones,2025-Q3,"EBA, Risk Dashboard (anexo de datos)",https://www.eba.europa.eu/risk-and-data-analysis/risk-analysis/risk-monitoring/risk-dashboard,2026-09-16,,,n/a,importe,media_ponderada_volumen,"hoja Loans_2, T21_1; muestra de bancos del EBA"
Paises Bajos,cartera_credito,Importe de NPL | Total prestamos y anticipos,27257.9448,eur_millones,2025-Q4,"EBA, Risk Dashboard (anexo de datos)",https://www.eba.europa.eu/risk-and-data-analysis/risk-analysis/risk-monitoring/risk-dashboard,2026-09-16,,,n/a,importe,media_ponderada_volumen,"hoja Loans_2, T21_1; muestra de bancos del EBA"
Paises Bajos,cartera_credito,Importe de NPL | Total prestamos y anticipos,28875.4672,eur_millones,2026-Q1,"EBA, Risk Dashboard (anexo de datos)",https://www.eba.europa.eu/risk-and-data-analysis/risk-analysis/risk-monitoring/risk-dashboard,2026-09-16,,,n/a,importe,media_ponderada_volumen,"hoja Loans_2, T21_1; muestra de bancos del EBA"
Portugal,cartera_credito,Importe de NPL | Total prestamos y anticipos,5173.9568,eur_millones,2024-Q1,"EBA, Risk Dashboard (anexo de datos)",https://www.eba.europa.eu/risk-and-data-analysis/risk-analysis/risk-monitoring/risk-dashboard,2026-09-16,,,n/a,importe,media_ponderada_volumen,"hoja Loans_2, T21_1; muestra de bancos del EBA"
Portugal,cartera_credito,Importe de NPL | Total prestamos y anticipos,5096.8884,eur_millones,2024-Q2,"EBA, Risk Dashboard (anexo de datos)",https://www.eba.europa.eu/risk-and-data-analysis/risk-analysis/risk-monitoring/risk-dashboard,2026-09-16,,,n/a,importe,media_ponderada_volumen,"hoja Loans_2, T21_1; muestra de bancos del EBA"
Portugal,cartera_credito,Importe de NPL | Total prestamos y anticipos,5043.9361,eur_millones,2024-Q3,"EBA, Risk Dashboard (anexo de datos)",https://www.eba.europa.eu/risk-and-data-analysis/risk-analysis/risk-monitoring/risk-dashboard,2026-09-16,,,n/a,importe,media_ponderada_volumen,"hoja Loans_2, T21_1; muestra de bancos del EBA"
Portugal,cartera_credito,Importe de NPL | Total prestamos y anticipos,4631.9730,eur_millones,2024-Q4,"EBA, Risk Dashboard (anexo de datos)",https://www.eba.europa.eu/risk-and-data-analysis/risk-analysis/risk-monitoring/risk-dashboard,2026-09-16,,,n/a,importe,media_ponderada_volumen,"hoja Loans_2, T21_1; muestra de bancos del EBA"
Portugal,cartera_credito,Importe de NPL | Total prestamos y anticipos,4372.8090,eur_millones,2025-Q1,"EBA, Risk Dashboard (anexo de datos)",https://www.eba.europa.eu/risk-and-data-analysis/risk-analysis/risk-monitoring/risk-dashboard,2026-09-16,,,n/a,importe,media_ponderada_volumen,"hoja Loans_2, T21_1; muestra de bancos del EBA"
Portugal,cartera_credito,Importe de NPL | Total prestamos y anticipos,4284.8808,eur_millones,2025-Q2,"EBA, Risk Dashboard (anexo de datos)",https://www.eba.europa.eu/risk-and-data-analysis/risk-analysis/risk-monitoring/risk-dashboard,2026-09-16,,,n/a,importe,media_ponderada_volumen,"hoja Loans_2, T21_1; muestra de bancos del EBA"
Portugal,cartera_credito,Importe de NPL | Total prestamos y anticipos,4157.7291,eur_millones,2025-Q3,"EBA, Risk Dashboard (anexo de datos)",https://www.eba.europa.eu/risk-and-data-analysis/risk-analysis/risk-monitoring/risk-dashboard,2026-09-16,,,n/a,importe,media_ponderada_volumen,"hoja Loans_2, T21_1; muestra de bancos del EBA"
Portugal,cartera_credito,Importe de NPL | Total prestamos y anticipos,4088.1404,eur_millones,2025-Q4,"EBA, Risk Dashboard (anexo de datos)",https://www.eba.europa.eu/risk-and-data-analysis/risk-analysis/risk-monitoring/risk-dashboard,2026-09-16,,,n/a,importe,media_ponderada_volumen,"hoja Loans_2, T21_1; muestra de bancos del EBA"
Portugal,cartera_credito,Importe de NPL | Total prestamos y anticipos,4058.6344,eur_millones,2026-Q1,"EBA, Risk Dashboard (anexo de datos)",https://www.eba.europa.eu/risk-and-data-analysis/risk-analysis/risk-monitoring/risk-dashboard,2026-09-16,,,n/a,importe,media_ponderada_volumen,"hoja Loans_2, T21_1; muestra de bancos del EBA"
Alemania,cartera_credito,Importe de NPL | Hogares,8269.4252,eur_millones,2024-Q1,"EBA, Risk Dashboard (anexo de datos)",https://www.eba.europa.eu/risk-and-data-analysis/risk-analysis/risk-monitoring/risk-dashboard,2026-09-16,,,n/a,importe,media_ponderada_volumen,"hoja Loans_2, T21_2; muestra de bancos del EBA"
Alemania,cartera_credito,Importe de NPL | Hogares,8352.6178,eur_millones,2024-Q2,"EBA, Risk Dashboard (anexo de datos)",https://www.eba.europa.eu/risk-and-data-analysis/risk-analysis/risk-monitoring/risk-dashboard,2026-09-16,,,n/a,importe,media_ponderada_volumen,"hoja Loans_2, T21_2; muestra de bancos del EBA"
Alemania,cartera_credito,Importe de NPL | Hogares,9617.2190,eur_millones,2024-Q3,"EBA, Risk Dashboard (anexo de datos)",https://www.eba.europa.eu/risk-and-data-analysis/risk-analysis/risk-monitoring/risk-dashboard,2026-09-16,,,n/a,importe,media_ponderada_volumen,"hoja Loans_2, T21_2; muestra de bancos del EBA"
Alemania,cartera_credito,Importe de NPL | Hogares,9499.7731,eur_millones,2024-Q4,"EBA, Risk Dashboard (anexo de datos)",https://www.eba.europa.eu/risk-and-data-analysis/risk-analysis/risk-monitoring/risk-dashboard,2026-09-16,,,n/a,importe,media_ponderada_volumen,"hoja Loans_2, T21_2; muestra de bancos del EBA"
Alemania,cartera_credito,Importe de NPL | Hogares,9352.6133,eur_millones,2025-Q1,"EBA, Risk Dashboard (anexo de datos)",https://www.eba.europa.eu/risk-and-data-analysis/risk-analysis/risk-monitoring/risk-dashboard,2026-09-16,,,n/a,importe,media_ponderada_volumen,"hoja Loans_2, T21_2; muestra de bancos del EBA"
Alemania,cartera_credito,Importe de NPL | Hogares,9328.0366,eur_millones,2025-Q2,"EBA, Risk Dashboard (anexo de datos)",https://www.eba.europa.eu/risk-and-data-analysis/risk-analysis/risk-monitoring/risk-dashboard,2026-09-16,,,n/a,importe,media_ponderada_volumen,"hoja Loans_2, T21_2; muestra de bancos del EBA"
Alemania,cartera_credito,Importe de NPL | Hogares,9403.9909,eur_millones,2025-Q3,"EBA, Risk Dashboard (anexo de datos)",https://www.eba.europa.eu/risk-and-data-analysis/risk-analysis/risk-monitoring/risk-dashboard,2026-09-16,,,n/a,importe,media_ponderada_volumen,"hoja Loans_2, T21_2; muestra de bancos del EBA"
Alemania,cartera_credito,Importe de NPL | Hogares,10099.3232,eur_millones,2025-Q4,"EBA, Risk Dashboard (anexo de datos)",https://www.eba.europa.eu/risk-and-data-analysis/risk-analysis/risk-monitoring/risk-dashboard,2026-09-16,,,n/a,importe,media_ponderada_volumen,"hoja Loans_2, T21_2; muestra de bancos del EBA"
Alemania,cartera_credito,Importe de NPL | Hogares,10218.1930,eur_millones,2026-Q1,"EBA, Risk Dashboard (anexo de datos)",https://www.eba.europa.eu/risk-and-data-analysis/risk-analysis/risk-monitoring/risk-dashboard,2026-09-16,,,n/a,importe,media_ponderada_volumen,"hoja Loans_2, T21_2; muestra de bancos del EBA"
Espana,cartera_credito,Importe de NPL | Hogares,47305.9970,eur_millones,2024-Q1,"EBA, Risk Dashboard (anexo de datos)",https://www.eba.europa.eu/risk-and-data-analysis/risk-analysis/risk-monitoring/risk-dashboard,2026-09-16,,,n/a,importe,media_ponderada_volumen,"hoja Loans_2, T21_2; muestra de bancos del EBA"
Espana,cartera_credito,Importe de NPL | Hogares,46162.4400,eur_millones,2024-Q2,"EBA, Risk Dashboard (anexo de datos)",https://www.eba.europa.eu/risk-and-data-analysis/risk-analysis/risk-monitoring/risk-dashboard,2026-09-16,,,n/a,importe,media_ponderada_volumen,"hoja Loans_2, T21_2; muestra de bancos del EBA"
Espana,cartera_credito,Importe de NPL | Hogares,46577.5124,eur_millones,2024-Q3,"EBA, Risk Dashboard (anexo de datos)",https://www.eba.europa.eu/risk-and-data-analysis/risk-analysis/risk-monitoring/risk-dashboard,2026-09-16,,,n/a,importe,media_ponderada_volumen,"hoja Loans_2, T21_2; muestra de bancos del EBA"
Espana,cartera_credito,Importe de NPL | Hogares,46089.0445,eur_millones,2024-Q4,"EBA, Risk Dashboard (anexo de datos)",https://www.eba.europa.eu/risk-and-data-analysis/risk-analysis/risk-monitoring/risk-dashboard,2026-09-16,,,n/a,importe,media_ponderada_volumen,"hoja Loans_2, T21_2; muestra de bancos del EBA"
Espana,cartera_credito,Importe de NPL | Hogares,46045.5405,eur_millones,2025-Q1,"EBA, Risk Dashboard (anexo de datos)",https://www.eba.europa.eu/risk-and-data-analysis/risk-analysis/risk-monitoring/risk-dashboard,2026-09-16,,,n/a,importe,media_ponderada_volumen,"hoja Loans_2, T21_2; muestra de bancos del EBA"
Espana,cartera_credito,Importe de NPL | Hogares,43544.2520,eur_millones,2025-Q2,"EBA, Risk Dashboard (anexo de datos)",https://www.eba.europa.eu/risk-and-data-analysis/risk-analysis/risk-monitoring/risk-dashboard,2026-09-16,,,n/a,importe,media_ponderada_volumen,"hoja Loans_2, T21_2; muestra de bancos del EBA"
Espana,cartera_credito,Importe de NPL | Hogares,42375.9077,eur_millones,2025-Q3,"EBA, Risk Dashboard (anexo de datos)",https://www.eba.europa.eu/risk-and-data-analysis/risk-analysis/risk-monitoring/risk-dashboard,2026-09-16,,,n/a,importe,media_ponderada_volumen,"hoja Loans_2, T21_2; muestra de bancos del EBA"
Espana,cartera_credito,Importe de NPL | Hogares,42462.6031,eur_millones,2025-Q4,"EBA, Risk Dashboard (anexo de datos)",https://www.eba.europa.eu/risk-and-data-analysis/risk-analysis/risk-monitoring/risk-dashboard,2026-09-16,,,n/a,importe,media_ponderada_volumen,"hoja Loans_2, T21_2; muestra de bancos del EBA"
Espana,cartera_credito,Importe de NPL | Hogares,42236.0380,eur_millones,2026-Q1,"EBA, Risk Dashboard (anexo de datos)",https://www.eba.europa.eu/risk-and-data-analysis/risk-analysis/risk-monitoring/risk-dashboard,2026-09-16,,,n/a,importe,media_ponderada_volumen,"hoja Loans_2, T21_2; muestra de bancos del EBA"
Union Europea,cartera_credito,Importe de NPL | Hogares,145267.8164,eur_millones,2024-Q1,"EBA, Risk Dashboard (anexo de datos)",https://www.eba.europa.eu/risk-and-data-analysis/risk-analysis/risk-monitoring/risk-dashboard,2026-09-16,,,n/a,importe,media_ponderada_volumen,"hoja Loans_2, T21_2; muestra de bancos del EBA"
Union Europea,cartera_credito,Importe de NPL | Hogares,144913.2499,eur_millones,2024-Q2,"EBA, Risk Dashboard (anexo de datos)",https://www.eba.europa.eu/risk-and-data-analysis/risk-analysis/risk-monitoring/risk-dashboard,2026-09-16,,,n/a,importe,media_ponderada_volumen,"hoja Loans_2, T21_2; muestra de bancos del EBA"
Union Europea,cartera_credito,Importe de NPL | Hogares,147291.0248,eur_millones,2024-Q3,"EBA, Risk Dashboard (anexo de datos)",https://www.eba.europa.eu/risk-and-data-analysis/risk-analysis/risk-monitoring/risk-dashboard,2026-09-16,,,n/a,importe,media_ponderada_volumen,"hoja Loans_2, T21_2; muestra de bancos del EBA"
Union Europea,cartera_credito,Importe de NPL | Hogares,146343.9832,eur_millones,2024-Q4,"EBA, Risk Dashboard (anexo de datos)",https://www.eba.europa.eu/risk-and-data-analysis/risk-analysis/risk-monitoring/risk-dashboard,2026-09-16,,,n/a,importe,media_ponderada_volumen,"hoja Loans_2, T21_2; muestra de bancos del EBA"
Union Europea,cartera_credito,Importe de NPL | Hogares,147440.2453,eur_millones,2025-Q1,"EBA, Risk Dashboard (anexo de datos)",https://www.eba.europa.eu/risk-and-data-analysis/risk-analysis/risk-monitoring/risk-dashboard,2026-09-16,,,n/a,importe,media_ponderada_volumen,"hoja Loans_2, T21_2; muestra de bancos del EBA"
Union Europea,cartera_credito,Importe de NPL | Hogares,143785.2460,eur_millones,2025-Q2,"EBA, Risk Dashboard (anexo de datos)",https://www.eba.europa.eu/risk-and-data-analysis/risk-analysis/risk-monitoring/risk-dashboard,2026-09-16,,,n/a,importe,media_ponderada_volumen,"hoja Loans_2, T21_2; muestra de bancos del EBA"
Union Europea,cartera_credito,Importe de NPL | Hogares,143590.0825,eur_millones,2025-Q3,"EBA, Risk Dashboard (anexo de datos)",https://www.eba.europa.eu/risk-and-data-analysis/risk-analysis/risk-monitoring/risk-dashboard,2026-09-16,,,n/a,importe,media_ponderada_volumen,"hoja Loans_2, T21_2; muestra de bancos del EBA"
Union Europea,cartera_credito,Importe de NPL | Hogares,141846.1108,eur_millones,2025-Q4,"EBA, Risk Dashboard (anexo de datos)",https://www.eba.europa.eu/risk-and-data-analysis/risk-analysis/risk-monitoring/risk-dashboard,2026-09-16,,,n/a,importe,media_ponderada_volumen,"hoja Loans_2, T21_2; muestra de bancos del EBA"
Union Europea,cartera_credito,Importe de NPL | Hogares,144145.7885,eur_millones,2026-Q1,"EBA, Risk Dashboard (anexo de datos)",https://www.eba.europa.eu/risk-and-data-analysis/risk-analysis/risk-monitoring/risk-dashboard,2026-09-16,,,n/a,importe,media_ponderada_volumen,"hoja Loans_2, T21_2; muestra de bancos del EBA"
Francia,cartera_credito,Importe de NPL | Hogares,42765.8251,eur_millones,2024-Q1,"EBA, Risk Dashboard (anexo de datos)",https://www.eba.europa.eu/risk-and-data-analysis/risk-analysis/risk-monitoring/risk-dashboard,2026-09-16,,,n/a,importe,media_ponderada_volumen,"hoja Loans_2, T21_2; muestra de bancos del EBA"
Francia,cartera_credito,Importe de NPL | Hogares,44249.2852,eur_millones,2024-Q2,"EBA, Risk Dashboard (anexo de datos)",https://www.eba.europa.eu/risk-and-data-analysis/risk-analysis/risk-monitoring/risk-dashboard,2026-09-16,,,n/a,importe,media_ponderada_volumen,"hoja Loans_2, T21_2; muestra de bancos del EBA"
Francia,cartera_credito,Importe de NPL | Hogares,44636.3272,eur_millones,2024-Q3,"EBA, Risk Dashboard (anexo de datos)",https://www.eba.europa.eu/risk-and-data-analysis/risk-analysis/risk-monitoring/risk-dashboard,2026-09-16,,,n/a,importe,media_ponderada_volumen,"hoja Loans_2, T21_2; muestra de bancos del EBA"
Francia,cartera_credito,Importe de NPL | Hogares,44972.7957,eur_millones,2024-Q4,"EBA, Risk Dashboard (anexo de datos)",https://www.eba.europa.eu/risk-and-data-analysis/risk-analysis/risk-monitoring/risk-dashboard,2026-09-16,,,n/a,importe,media_ponderada_volumen,"hoja Loans_2, T21_2; muestra de bancos del EBA"
Francia,cartera_credito,Importe de NPL | Hogares,46095.2258,eur_millones,2025-Q1,"EBA, Risk Dashboard (anexo de datos)",https://www.eba.europa.eu/risk-and-data-analysis/risk-analysis/risk-monitoring/risk-dashboard,2026-09-16,,,n/a,importe,media_ponderada_volumen,"hoja Loans_2, T21_2; muestra de bancos del EBA"
Francia,cartera_credito,Importe de NPL | Hogares,46468.9888,eur_millones,2025-Q2,"EBA, Risk Dashboard (anexo de datos)",https://www.eba.europa.eu/risk-and-data-analysis/risk-analysis/risk-monitoring/risk-dashboard,2026-09-16,,,n/a,importe,media_ponderada_volumen,"hoja Loans_2, T21_2; muestra de bancos del EBA"
Francia,cartera_credito,Importe de NPL | Hogares,47105.6686,eur_millones,2025-Q3,"EBA, Risk Dashboard (anexo de datos)",https://www.eba.europa.eu/risk-and-data-analysis/risk-analysis/risk-monitoring/risk-dashboard,2026-09-16,,,n/a,importe,media_ponderada_volumen,"hoja Loans_2, T21_2; muestra de bancos del EBA"
Francia,cartera_credito,Importe de NPL | Hogares,46898.5283,eur_millones,2025-Q4,"EBA, Risk Dashboard (anexo de datos)",https://www.eba.europa.eu/risk-and-data-analysis/risk-analysis/risk-monitoring/risk-dashboard,2026-09-16,,,n/a,importe,media_ponderada_volumen,"hoja Loans_2, T21_2; muestra de bancos del EBA"
Francia,cartera_credito,Importe de NPL | Hogares,47923.2443,eur_millones,2026-Q1,"EBA, Risk Dashboard (anexo de datos)",https://www.eba.europa.eu/risk-and-data-analysis/risk-analysis/risk-monitoring/risk-dashboard,2026-09-16,,,n/a,importe,media_ponderada_volumen,"hoja Loans_2, T21_2; muestra de bancos del EBA"
Italia,cartera_credito,Importe de NPL | Hogares,12785.8389,eur_millones,2024-Q1,"EBA, Risk Dashboard (anexo de datos)",https://www.eba.europa.eu/risk-and-data-analysis/risk-analysis/risk-monitoring/risk-dashboard,2026-09-16,,,n/a,importe,media_ponderada_volumen,"hoja Loans_2, T21_2; muestra de bancos del EBA"
Italia,cartera_credito,Importe de NPL | Hogares,12699.6624,eur_millones,2024-Q2,"EBA, Risk Dashboard (anexo de datos)",https://www.eba.europa.eu/risk-and-data-analysis/risk-analysis/risk-monitoring/risk-dashboard,2026-09-16,,,n/a,importe,media_ponderada_volumen,"hoja Loans_2, T21_2; muestra de bancos del EBA"
Italia,cartera_credito,Importe de NPL | Hogares,12649.7645,eur_millones,2024-Q3,"EBA, Risk Dashboard (anexo de datos)",https://www.eba.europa.eu/risk-and-data-analysis/risk-analysis/risk-monitoring/risk-dashboard,2026-09-16,,,n/a,importe,media_ponderada_volumen,"hoja Loans_2, T21_2; muestra de bancos del EBA"
Italia,cartera_credito,Importe de NPL | Hogares,12101.5527,eur_millones,2024-Q4,"EBA, Risk Dashboard (anexo de datos)",https://www.eba.europa.eu/risk-and-data-analysis/risk-analysis/risk-monitoring/risk-dashboard,2026-09-16,,,n/a,importe,media_ponderada_volumen,"hoja Loans_2, T21_2; muestra de bancos del EBA"
Italia,cartera_credito,Importe de NPL | Hogares,11913.3948,eur_millones,2025-Q1,"EBA, Risk Dashboard (anexo de datos)",https://www.eba.europa.eu/risk-and-data-analysis/risk-analysis/risk-monitoring/risk-dashboard,2026-09-16,,,n/a,importe,media_ponderada_volumen,"hoja Loans_2, T21_2; muestra de bancos del EBA"
Italia,cartera_credito,Importe de NPL | Hogares,11680.8585,eur_millones,2025-Q2,"EBA, Risk Dashboard (anexo de datos)",https://www.eba.europa.eu/risk-and-data-analysis/risk-analysis/risk-monitoring/risk-dashboard,2026-09-16,,,n/a,importe,media_ponderada_volumen,"hoja Loans_2, T21_2; muestra de bancos del EBA"
Italia,cartera_credito,Importe de NPL | Hogares,11725.1330,eur_millones,2025-Q3,"EBA, Risk Dashboard (anexo de datos)",https://www.eba.europa.eu/risk-and-data-analysis/risk-analysis/risk-monitoring/risk-dashboard,2026-09-16,,,n/a,importe,media_ponderada_volumen,"hoja Loans_2, T21_2; muestra de bancos del EBA"
Italia,cartera_credito,Importe de NPL | Hogares,10258.8171,eur_millones,2025-Q4,"EBA, Risk Dashboard (anexo de datos)",https://www.eba.europa.eu/risk-and-data-analysis/risk-analysis/risk-monitoring/risk-dashboard,2026-09-16,,,n/a,importe,media_ponderada_volumen,"hoja Loans_2, T21_2; muestra de bancos del EBA"
Italia,cartera_credito,Importe de NPL | Hogares,10325.7577,eur_millones,2026-Q1,"EBA, Risk Dashboard (anexo de datos)",https://www.eba.europa.eu/risk-and-data-analysis/risk-analysis/risk-monitoring/risk-dashboard,2026-09-16,,,n/a,importe,media_ponderada_volumen,"hoja Loans_2, T21_2; muestra de bancos del EBA"
Paises Bajos,cartera_credito,Importe de NPL | Hogares,8513.8469,eur_millones,2024-Q1,"EBA, Risk Dashboard (anexo de datos)",https://www.eba.europa.eu/risk-and-data-analysis/risk-analysis/risk-monitoring/risk-dashboard,2026-09-16,,,n/a,importe,media_ponderada_volumen,"hoja Loans_2, T21_2; muestra de bancos del EBA"
Paises Bajos,cartera_credito,Importe de NPL | Hogares,8504.9765,eur_millones,2024-Q2,"EBA, Risk Dashboard (anexo de datos)",https://www.eba.europa.eu/risk-and-data-analysis/risk-analysis/risk-monitoring/risk-dashboard,2026-09-16,,,n/a,importe,media_ponderada_volumen,"hoja Loans_2, T21_2; muestra de bancos del EBA"
Paises Bajos,cartera_credito,Importe de NPL | Hogares,8504.2518,eur_millones,2024-Q3,"EBA, Risk Dashboard (anexo de datos)",https://www.eba.europa.eu/risk-and-data-analysis/risk-analysis/risk-monitoring/risk-dashboard,2026-09-16,,,n/a,importe,media_ponderada_volumen,"hoja Loans_2, T21_2; muestra de bancos del EBA"
Paises Bajos,cartera_credito,Importe de NPL | Hogares,9723.8557,eur_millones,2024-Q4,"EBA, Risk Dashboard (anexo de datos)",https://www.eba.europa.eu/risk-and-data-analysis/risk-analysis/risk-monitoring/risk-dashboard,2026-09-16,,,n/a,importe,media_ponderada_volumen,"hoja Loans_2, T21_2; muestra de bancos del EBA"
Paises Bajos,cartera_credito,Importe de NPL | Hogares,9813.3007,eur_millones,2025-Q1,"EBA, Risk Dashboard (anexo de datos)",https://www.eba.europa.eu/risk-and-data-analysis/risk-analysis/risk-monitoring/risk-dashboard,2026-09-16,,,n/a,importe,media_ponderada_volumen,"hoja Loans_2, T21_2; muestra de bancos del EBA"
Paises Bajos,cartera_credito,Importe de NPL | Hogares,9086.9800,eur_millones,2025-Q2,"EBA, Risk Dashboard (anexo de datos)",https://www.eba.europa.eu/risk-and-data-analysis/risk-analysis/risk-monitoring/risk-dashboard,2026-09-16,,,n/a,importe,media_ponderada_volumen,"hoja Loans_2, T21_2; muestra de bancos del EBA"
Paises Bajos,cartera_credito,Importe de NPL | Hogares,9143.7667,eur_millones,2025-Q3,"EBA, Risk Dashboard (anexo de datos)",https://www.eba.europa.eu/risk-and-data-analysis/risk-analysis/risk-monitoring/risk-dashboard,2026-09-16,,,n/a,importe,media_ponderada_volumen,"hoja Loans_2, T21_2; muestra de bancos del EBA"
Paises Bajos,cartera_credito,Importe de NPL | Hogares,9155.5316,eur_millones,2025-Q4,"EBA, Risk Dashboard (anexo de datos)",https://www.eba.europa.eu/risk-and-data-analysis/risk-analysis/risk-monitoring/risk-dashboard,2026-09-16,,,n/a,importe,media_ponderada_volumen,"hoja Loans_2, T21_2; muestra de bancos del EBA"
Paises Bajos,cartera_credito,Importe de NPL | Hogares,9644.6135,eur_millones,2026-Q1,"EBA, Risk Dashboard (anexo de datos)",https://www.eba.europa.eu/risk-and-data-analysis/risk-analysis/risk-monitoring/risk-dashboard,2026-09-16,,,n/a,importe,media_ponderada_volumen,"hoja Loans_2, T21_2; muestra de bancos del EBA"
Portugal,cartera_credito,Importe de NPL | Hogares,2007.9301,eur_millones,2024-Q1,"EBA, Risk Dashboard (anexo de datos)",https://www.eba.europa.eu/risk-and-data-analysis/risk-analysis/risk-monitoring/risk-dashboard,2026-09-16,,,n/a,importe,media_ponderada_volumen,"hoja Loans_2, T21_2; muestra de bancos del EBA"
Portugal,cartera_credito,Importe de NPL | Hogares,2067.3430,eur_millones,2024-Q2,"EBA, Risk Dashboard (anexo de datos)",https://www.eba.europa.eu/risk-and-data-analysis/risk-analysis/risk-monitoring/risk-dashboard,2026-09-16,,,n/a,importe,media_ponderada_volumen,"hoja Loans_2, T21_2; muestra de bancos del EBA"
Portugal,cartera_credito,Importe de NPL | Hogares,2101.6870,eur_millones,2024-Q3,"EBA, Risk Dashboard (anexo de datos)",https://www.eba.europa.eu/risk-and-data-analysis/risk-analysis/risk-monitoring/risk-dashboard,2026-09-16,,,n/a,importe,media_ponderada_volumen,"hoja Loans_2, T21_2; muestra de bancos del EBA"
Portugal,cartera_credito,Importe de NPL | Hogares,2027.3782,eur_millones,2024-Q4,"EBA, Risk Dashboard (anexo de datos)",https://www.eba.europa.eu/risk-and-data-analysis/risk-analysis/risk-monitoring/risk-dashboard,2026-09-16,,,n/a,importe,media_ponderada_volumen,"hoja Loans_2, T21_2; muestra de bancos del EBA"
Portugal,cartera_credito,Importe de NPL | Hogares,2028.9931,eur_millones,2025-Q1,"EBA, Risk Dashboard (anexo de datos)",https://www.eba.europa.eu/risk-and-data-analysis/risk-analysis/risk-monitoring/risk-dashboard,2026-09-16,,,n/a,importe,media_ponderada_volumen,"hoja Loans_2, T21_2; muestra de bancos del EBA"
Portugal,cartera_credito,Importe de NPL | Hogares,1947.0003,eur_millones,2025-Q2,"EBA, Risk Dashboard (anexo de datos)",https://www.eba.europa.eu/risk-and-data-analysis/risk-analysis/risk-monitoring/risk-dashboard,2026-09-16,,,n/a,importe,media_ponderada_volumen,"hoja Loans_2, T21_2; muestra de bancos del EBA"
Portugal,cartera_credito,Importe de NPL | Hogares,1928.6460,eur_millones,2025-Q3,"EBA, Risk Dashboard (anexo de datos)",https://www.eba.europa.eu/risk-and-data-analysis/risk-analysis/risk-monitoring/risk-dashboard,2026-09-16,,,n/a,importe,media_ponderada_volumen,"hoja Loans_2, T21_2; muestra de bancos del EBA"
Portugal,cartera_credito,Importe de NPL | Hogares,1842.1196,eur_millones,2025-Q4,"EBA, Risk Dashboard (anexo de datos)",https://www.eba.europa.eu/risk-and-data-analysis/risk-analysis/risk-monitoring/risk-dashboard,2026-09-16,,,n/a,importe,media_ponderada_volumen,"hoja Loans_2, T21_2; muestra de bancos del EBA"
Portugal,cartera_credito,Importe de NPL | Hogares,1826.1092,eur_millones,2026-Q1,"EBA, Risk Dashboard (anexo de datos)",https://www.eba.europa.eu/risk-and-data-analysis/risk-analysis/risk-monitoring/risk-dashboard,2026-09-16,,,n/a,importe,media_ponderada_volumen,"hoja Loans_2, T21_2; muestra de bancos del EBA"
Alemania,cartera_credito,"Importe de NPL | Hogares, hipotecario",3120.5848,eur_millones,2024-Q1,"EBA, Risk Dashboard (anexo de datos)",https://www.eba.europa.eu/risk-and-data-analysis/risk-analysis/risk-monitoring/risk-dashboard,2026-09-16,,,n/a,importe,media_ponderada_volumen,"hoja Loans_2, T21_3; muestra de bancos del EBA"
Alemania,cartera_credito,"Importe de NPL | Hogares, hipotecario",3266.0520,eur_millones,2024-Q2,"EBA, Risk Dashboard (anexo de datos)",https://www.eba.europa.eu/risk-and-data-analysis/risk-analysis/risk-monitoring/risk-dashboard,2026-09-16,,,n/a,importe,media_ponderada_volumen,"hoja Loans_2, T21_3; muestra de bancos del EBA"
Alemania,cartera_credito,"Importe de NPL | Hogares, hipotecario",3677.0912,eur_millones,2024-Q3,"EBA, Risk Dashboard (anexo de datos)",https://www.eba.europa.eu/risk-and-data-analysis/risk-analysis/risk-monitoring/risk-dashboard,2026-09-16,,,n/a,importe,media_ponderada_volumen,"hoja Loans_2, T21_3; muestra de bancos del EBA"
Alemania,cartera_credito,"Importe de NPL | Hogares, hipotecario",3692.2960,eur_millones,2024-Q4,"EBA, Risk Dashboard (anexo de datos)",https://www.eba.europa.eu/risk-and-data-analysis/risk-analysis/risk-monitoring/risk-dashboard,2026-09-16,,,n/a,importe,media_ponderada_volumen,"hoja Loans_2, T21_3; muestra de bancos del EBA"
Alemania,cartera_credito,"Importe de NPL | Hogares, hipotecario",3716.9294,eur_millones,2025-Q1,"EBA, Risk Dashboard (anexo de datos)",https://www.eba.europa.eu/risk-and-data-analysis/risk-analysis/risk-monitoring/risk-dashboard,2026-09-16,,,n/a,importe,media_ponderada_volumen,"hoja Loans_2, T21_3; muestra de bancos del EBA"
Alemania,cartera_credito,"Importe de NPL | Hogares, hipotecario",3670.8423,eur_millones,2025-Q2,"EBA, Risk Dashboard (anexo de datos)",https://www.eba.europa.eu/risk-and-data-analysis/risk-analysis/risk-monitoring/risk-dashboard,2026-09-16,,,n/a,importe,media_ponderada_volumen,"hoja Loans_2, T21_3; muestra de bancos del EBA"
Alemania,cartera_credito,"Importe de NPL | Hogares, hipotecario",3615.4940,eur_millones,2025-Q3,"EBA, Risk Dashboard (anexo de datos)",https://www.eba.europa.eu/risk-and-data-analysis/risk-analysis/risk-monitoring/risk-dashboard,2026-09-16,,,n/a,importe,media_ponderada_volumen,"hoja Loans_2, T21_3; muestra de bancos del EBA"
Alemania,cartera_credito,"Importe de NPL | Hogares, hipotecario",4002.0075,eur_millones,2025-Q4,"EBA, Risk Dashboard (anexo de datos)",https://www.eba.europa.eu/risk-and-data-analysis/risk-analysis/risk-monitoring/risk-dashboard,2026-09-16,,,n/a,importe,media_ponderada_volumen,"hoja Loans_2, T21_3; muestra de bancos del EBA"
Alemania,cartera_credito,"Importe de NPL | Hogares, hipotecario",4063.6476,eur_millones,2026-Q1,"EBA, Risk Dashboard (anexo de datos)",https://www.eba.europa.eu/risk-and-data-analysis/risk-analysis/risk-monitoring/risk-dashboard,2026-09-16,,,n/a,importe,media_ponderada_volumen,"hoja Loans_2, T21_3; muestra de bancos del EBA"
Espana,cartera_credito,"Importe de NPL | Hogares, hipotecario",22553.1510,eur_millones,2024-Q1,"EBA, Risk Dashboard (anexo de datos)",https://www.eba.europa.eu/risk-and-data-analysis/risk-analysis/risk-monitoring/risk-dashboard,2026-09-16,,,n/a,importe,media_ponderada_volumen,"hoja Loans_2, T21_3; muestra de bancos del EBA"
Espana,cartera_credito,"Importe de NPL | Hogares, hipotecario",21940.8405,eur_millones,2024-Q2,"EBA, Risk Dashboard (anexo de datos)",https://www.eba.europa.eu/risk-and-data-analysis/risk-analysis/risk-monitoring/risk-dashboard,2026-09-16,,,n/a,importe,media_ponderada_volumen,"hoja Loans_2, T21_3; muestra de bancos del EBA"
Espana,cartera_credito,"Importe de NPL | Hogares, hipotecario",21415.6945,eur_millones,2024-Q3,"EBA, Risk Dashboard (anexo de datos)",https://www.eba.europa.eu/risk-and-data-analysis/risk-analysis/risk-monitoring/risk-dashboard,2026-09-16,,,n/a,importe,media_ponderada_volumen,"hoja Loans_2, T21_3; muestra de bancos del EBA"
Espana,cartera_credito,"Importe de NPL | Hogares, hipotecario",20577.9234,eur_millones,2024-Q4,"EBA, Risk Dashboard (anexo de datos)",https://www.eba.europa.eu/risk-and-data-analysis/risk-analysis/risk-monitoring/risk-dashboard,2026-09-16,,,n/a,importe,media_ponderada_volumen,"hoja Loans_2, T21_3; muestra de bancos del EBA"
Espana,cartera_credito,"Importe de NPL | Hogares, hipotecario",20092.5214,eur_millones,2025-Q1,"EBA, Risk Dashboard (anexo de datos)",https://www.eba.europa.eu/risk-and-data-analysis/risk-analysis/risk-monitoring/risk-dashboard,2026-09-16,,,n/a,importe,media_ponderada_volumen,"hoja Loans_2, T21_3; muestra de bancos del EBA"
Espana,cartera_credito,"Importe de NPL | Hogares, hipotecario",18709.1967,eur_millones,2025-Q2,"EBA, Risk Dashboard (anexo de datos)",https://www.eba.europa.eu/risk-and-data-analysis/risk-analysis/risk-monitoring/risk-dashboard,2026-09-16,,,n/a,importe,media_ponderada_volumen,"hoja Loans_2, T21_3; muestra de bancos del EBA"
Espana,cartera_credito,"Importe de NPL | Hogares, hipotecario",16660.0725,eur_millones,2025-Q3,"EBA, Risk Dashboard (anexo de datos)",https://www.eba.europa.eu/risk-and-data-analysis/risk-analysis/risk-monitoring/risk-dashboard,2026-09-16,,,n/a,importe,media_ponderada_volumen,"hoja Loans_2, T21_3; muestra de bancos del EBA"
Espana,cartera_credito,"Importe de NPL | Hogares, hipotecario",16320.9935,eur_millones,2025-Q4,"EBA, Risk Dashboard (anexo de datos)",https://www.eba.europa.eu/risk-and-data-analysis/risk-analysis/risk-monitoring/risk-dashboard,2026-09-16,,,n/a,importe,media_ponderada_volumen,"hoja Loans_2, T21_3; muestra de bancos del EBA"
Espana,cartera_credito,"Importe de NPL | Hogares, hipotecario",14940.6900,eur_millones,2026-Q1,"EBA, Risk Dashboard (anexo de datos)",https://www.eba.europa.eu/risk-and-data-analysis/risk-analysis/risk-monitoring/risk-dashboard,2026-09-16,,,n/a,importe,media_ponderada_volumen,"hoja Loans_2, T21_3; muestra de bancos del EBA"
Union Europea,cartera_credito,"Importe de NPL | Hogares, hipotecario",63706.5706,eur_millones,2024-Q1,"EBA, Risk Dashboard (anexo de datos)",https://www.eba.europa.eu/risk-and-data-analysis/risk-analysis/risk-monitoring/risk-dashboard,2026-09-16,,,n/a,importe,media_ponderada_volumen,"hoja Loans_2, T21_3; muestra de bancos del EBA"
Union Europea,cartera_credito,"Importe de NPL | Hogares, hipotecario",62579.9466,eur_millones,2024-Q2,"EBA, Risk Dashboard (anexo de datos)",https://www.eba.europa.eu/risk-and-data-analysis/risk-analysis/risk-monitoring/risk-dashboard,2026-09-16,,,n/a,importe,media_ponderada_volumen,"hoja Loans_2, T21_3; muestra de bancos del EBA"
Union Europea,cartera_credito,"Importe de NPL | Hogares, hipotecario",62634.3452,eur_millones,2024-Q3,"EBA, Risk Dashboard (anexo de datos)",https://www.eba.europa.eu/risk-and-data-analysis/risk-analysis/risk-monitoring/risk-dashboard,2026-09-16,,,n/a,importe,media_ponderada_volumen,"hoja Loans_2, T21_3; muestra de bancos del EBA"
Union Europea,cartera_credito,"Importe de NPL | Hogares, hipotecario",62290.8727,eur_millones,2024-Q4,"EBA, Risk Dashboard (anexo de datos)",https://www.eba.europa.eu/risk-and-data-analysis/risk-analysis/risk-monitoring/risk-dashboard,2026-09-16,,,n/a,importe,media_ponderada_volumen,"hoja Loans_2, T21_3; muestra de bancos del EBA"
Union Europea,cartera_credito,"Importe de NPL | Hogares, hipotecario",61845.1357,eur_millones,2025-Q1,"EBA, Risk Dashboard (anexo de datos)",https://www.eba.europa.eu/risk-and-data-analysis/risk-analysis/risk-monitoring/risk-dashboard,2026-09-16,,,n/a,importe,media_ponderada_volumen,"hoja Loans_2, T21_3; muestra de bancos del EBA"
Union Europea,cartera_credito,"Importe de NPL | Hogares, hipotecario",59345.7656,eur_millones,2025-Q2,"EBA, Risk Dashboard (anexo de datos)",https://www.eba.europa.eu/risk-and-data-analysis/risk-analysis/risk-monitoring/risk-dashboard,2026-09-16,,,n/a,importe,media_ponderada_volumen,"hoja Loans_2, T21_3; muestra de bancos del EBA"
Union Europea,cartera_credito,"Importe de NPL | Hogares, hipotecario",57046.9724,eur_millones,2025-Q3,"EBA, Risk Dashboard (anexo de datos)",https://www.eba.europa.eu/risk-and-data-analysis/risk-analysis/risk-monitoring/risk-dashboard,2026-09-16,,,n/a,importe,media_ponderada_volumen,"hoja Loans_2, T21_3; muestra de bancos del EBA"
Union Europea,cartera_credito,"Importe de NPL | Hogares, hipotecario",55958.7011,eur_millones,2025-Q4,"EBA, Risk Dashboard (anexo de datos)",https://www.eba.europa.eu/risk-and-data-analysis/risk-analysis/risk-monitoring/risk-dashboard,2026-09-16,,,n/a,importe,media_ponderada_volumen,"hoja Loans_2, T21_3; muestra de bancos del EBA"
Union Europea,cartera_credito,"Importe de NPL | Hogares, hipotecario",55518.9085,eur_millones,2026-Q1,"EBA, Risk Dashboard (anexo de datos)",https://www.eba.europa.eu/risk-and-data-analysis/risk-analysis/risk-monitoring/risk-dashboard,2026-09-16,,,n/a,importe,media_ponderada_volumen,"hoja Loans_2, T21_3; muestra de bancos del EBA"
Francia,cartera_credito,"Importe de NPL | Hogares, hipotecario",12067.9301,eur_millones,2024-Q1,"EBA, Risk Dashboard (anexo de datos)",https://www.eba.europa.eu/risk-and-data-analysis/risk-analysis/risk-monitoring/risk-dashboard,2026-09-16,,,n/a,importe,media_ponderada_volumen,"hoja Loans_2, T21_3; muestra de bancos del EBA"
Francia,cartera_credito,"Importe de NPL | Hogares, hipotecario",12014.6322,eur_millones,2024-Q2,"EBA, Risk Dashboard (anexo de datos)",https://www.eba.europa.eu/risk-and-data-analysis/risk-analysis/risk-monitoring/risk-dashboard,2026-09-16,,,n/a,importe,media_ponderada_volumen,"hoja Loans_2, T21_3; muestra de bancos del EBA"
Francia,cartera_credito,"Importe de NPL | Hogares, hipotecario",11912.0969,eur_millones,2024-Q3,"EBA, Risk Dashboard (anexo de datos)",https://www.eba.europa.eu/risk-and-data-analysis/risk-analysis/risk-monitoring/risk-dashboard,2026-09-16,,,n/a,importe,media_ponderada_volumen,"hoja Loans_2, T21_3; muestra de bancos del EBA"
Francia,cartera_credito,"Importe de NPL | Hogares, hipotecario",11877.7800,eur_millones,2024-Q4,"EBA, Risk Dashboard (anexo de datos)",https://www.eba.europa.eu/risk-and-data-analysis/risk-analysis/risk-monitoring/risk-dashboard,2026-09-16,,,n/a,importe,media_ponderada_volumen,"hoja Loans_2, T21_3; muestra de bancos del EBA"
Francia,cartera_credito,"Importe de NPL | Hogares, hipotecario",12023.3054,eur_millones,2025-Q1,"EBA, Risk Dashboard (anexo de datos)",https://www.eba.europa.eu/risk-and-data-analysis/risk-analysis/risk-monitoring/risk-dashboard,2026-09-16,,,n/a,importe,media_ponderada_volumen,"hoja Loans_2, T21_3; muestra de bancos del EBA"
Francia,cartera_credito,"Importe de NPL | Hogares, hipotecario",12123.5424,eur_millones,2025-Q2,"EBA, Risk Dashboard (anexo de datos)",https://www.eba.europa.eu/risk-and-data-analysis/risk-analysis/risk-monitoring/risk-dashboard,2026-09-16,,,n/a,importe,media_ponderada_volumen,"hoja Loans_2, T21_3; muestra de bancos del EBA"
Francia,cartera_credito,"Importe de NPL | Hogares, hipotecario",12058.9912,eur_millones,2025-Q3,"EBA, Risk Dashboard (anexo de datos)",https://www.eba.europa.eu/risk-and-data-analysis/risk-analysis/risk-monitoring/risk-dashboard,2026-09-16,,,n/a,importe,media_ponderada_volumen,"hoja Loans_2, T21_3; muestra de bancos del EBA"
Francia,cartera_credito,"Importe de NPL | Hogares, hipotecario",11936.9921,eur_millones,2025-Q4,"EBA, Risk Dashboard (anexo de datos)",https://www.eba.europa.eu/risk-and-data-analysis/risk-analysis/risk-monitoring/risk-dashboard,2026-09-16,,,n/a,importe,media_ponderada_volumen,"hoja Loans_2, T21_3; muestra de bancos del EBA"
Francia,cartera_credito,"Importe de NPL | Hogares, hipotecario",12052.0700,eur_millones,2026-Q1,"EBA, Risk Dashboard (anexo de datos)",https://www.eba.europa.eu/risk-and-data-analysis/risk-analysis/risk-monitoring/risk-dashboard,2026-09-16,,,n/a,importe,media_ponderada_volumen,"hoja Loans_2, T21_3; muestra de bancos del EBA"
Italia,cartera_credito,"Importe de NPL | Hogares, hipotecario",6230.1744,eur_millones,2024-Q1,"EBA, Risk Dashboard (anexo de datos)",https://www.eba.europa.eu/risk-and-data-analysis/risk-analysis/risk-monitoring/risk-dashboard,2026-09-16,,,n/a,importe,media_ponderada_volumen,"hoja Loans_2, T21_3; muestra de bancos del EBA"
Italia,cartera_credito,"Importe de NPL | Hogares, hipotecario",6074.2941,eur_millones,2024-Q2,"EBA, Risk Dashboard (anexo de datos)",https://www.eba.europa.eu/risk-and-data-analysis/risk-analysis/risk-monitoring/risk-dashboard,2026-09-16,,,n/a,importe,media_ponderada_volumen,"hoja Loans_2, T21_3; muestra de bancos del EBA"
Italia,cartera_credito,"Importe de NPL | Hogares, hipotecario",5997.0934,eur_millones,2024-Q3,"EBA, Risk Dashboard (anexo de datos)",https://www.eba.europa.eu/risk-and-data-analysis/risk-analysis/risk-monitoring/risk-dashboard,2026-09-16,,,n/a,importe,media_ponderada_volumen,"hoja Loans_2, T21_3; muestra de bancos del EBA"
Italia,cartera_credito,"Importe de NPL | Hogares, hipotecario",5740.4795,eur_millones,2024-Q4,"EBA, Risk Dashboard (anexo de datos)",https://www.eba.europa.eu/risk-and-data-analysis/risk-analysis/risk-monitoring/risk-dashboard,2026-09-16,,,n/a,importe,media_ponderada_volumen,"hoja Loans_2, T21_3; muestra de bancos del EBA"
Italia,cartera_credito,"Importe de NPL | Hogares, hipotecario",5732.7454,eur_millones,2025-Q1,"EBA, Risk Dashboard (anexo de datos)",https://www.eba.europa.eu/risk-and-data-analysis/risk-analysis/risk-monitoring/risk-dashboard,2026-09-16,,,n/a,importe,media_ponderada_volumen,"hoja Loans_2, T21_3; muestra de bancos del EBA"
Italia,cartera_credito,"Importe de NPL | Hogares, hipotecario",5526.1519,eur_millones,2025-Q2,"EBA, Risk Dashboard (anexo de datos)",https://www.eba.europa.eu/risk-and-data-analysis/risk-analysis/risk-monitoring/risk-dashboard,2026-09-16,,,n/a,importe,media_ponderada_volumen,"hoja Loans_2, T21_3; muestra de bancos del EBA"
Italia,cartera_credito,"Importe de NPL | Hogares, hipotecario",5486.6672,eur_millones,2025-Q3,"EBA, Risk Dashboard (anexo de datos)",https://www.eba.europa.eu/risk-and-data-analysis/risk-analysis/risk-monitoring/risk-dashboard,2026-09-16,,,n/a,importe,media_ponderada_volumen,"hoja Loans_2, T21_3; muestra de bancos del EBA"
Italia,cartera_credito,"Importe de NPL | Hogares, hipotecario",4825.0473,eur_millones,2025-Q4,"EBA, Risk Dashboard (anexo de datos)",https://www.eba.europa.eu/risk-and-data-analysis/risk-analysis/risk-monitoring/risk-dashboard,2026-09-16,,,n/a,importe,media_ponderada_volumen,"hoja Loans_2, T21_3; muestra de bancos del EBA"
Italia,cartera_credito,"Importe de NPL | Hogares, hipotecario",4769.8081,eur_millones,2026-Q1,"EBA, Risk Dashboard (anexo de datos)",https://www.eba.europa.eu/risk-and-data-analysis/risk-analysis/risk-monitoring/risk-dashboard,2026-09-16,,,n/a,importe,media_ponderada_volumen,"hoja Loans_2, T21_3; muestra de bancos del EBA"
Paises Bajos,cartera_credito,"Importe de NPL | Hogares, hipotecario",6163.0469,eur_millones,2024-Q1,"EBA, Risk Dashboard (anexo de datos)",https://www.eba.europa.eu/risk-and-data-analysis/risk-analysis/risk-monitoring/risk-dashboard,2026-09-16,,,n/a,importe,media_ponderada_volumen,"hoja Loans_2, T21_3; muestra de bancos del EBA"
Paises Bajos,cartera_credito,"Importe de NPL | Hogares, hipotecario",6188.0679,eur_millones,2024-Q2,"EBA, Risk Dashboard (anexo de datos)",https://www.eba.europa.eu/risk-and-data-analysis/risk-analysis/risk-monitoring/risk-dashboard,2026-09-16,,,n/a,importe,media_ponderada_volumen,"hoja Loans_2, T21_3; muestra de bancos del EBA"
Paises Bajos,cartera_credito,"Importe de NPL | Hogares, hipotecario",6222.4133,eur_millones,2024-Q3,"EBA, Risk Dashboard (anexo de datos)",https://www.eba.europa.eu/risk-and-data-analysis/risk-analysis/risk-monitoring/risk-dashboard,2026-09-16,,,n/a,importe,media_ponderada_volumen,"hoja Loans_2, T21_3; muestra de bancos del EBA"
Paises Bajos,cartera_credito,"Importe de NPL | Hogares, hipotecario",7469.2714,eur_millones,2024-Q4,"EBA, Risk Dashboard (anexo de datos)",https://www.eba.europa.eu/risk-and-data-analysis/risk-analysis/risk-monitoring/risk-dashboard,2026-09-16,,,n/a,importe,media_ponderada_volumen,"hoja Loans_2, T21_3; muestra de bancos del EBA"
Paises Bajos,cartera_credito,"Importe de NPL | Hogares, hipotecario",7466.8900,eur_millones,2025-Q1,"EBA, Risk Dashboard (anexo de datos)",https://www.eba.europa.eu/risk-and-data-analysis/risk-analysis/risk-monitoring/risk-dashboard,2026-09-16,,,n/a,importe,media_ponderada_volumen,"hoja Loans_2, T21_3; muestra de bancos del EBA"
Paises Bajos,cartera_credito,"Importe de NPL | Hogares, hipotecario",6804.2924,eur_millones,2025-Q2,"EBA, Risk Dashboard (anexo de datos)",https://www.eba.europa.eu/risk-and-data-analysis/risk-analysis/risk-monitoring/risk-dashboard,2026-09-16,,,n/a,importe,media_ponderada_volumen,"hoja Loans_2, T21_3; muestra de bancos del EBA"
Paises Bajos,cartera_credito,"Importe de NPL | Hogares, hipotecario",6817.2840,eur_millones,2025-Q3,"EBA, Risk Dashboard (anexo de datos)",https://www.eba.europa.eu/risk-and-data-analysis/risk-analysis/risk-monitoring/risk-dashboard,2026-09-16,,,n/a,importe,media_ponderada_volumen,"hoja Loans_2, T21_3; muestra de bancos del EBA"
Paises Bajos,cartera_credito,"Importe de NPL | Hogares, hipotecario",6844.1969,eur_millones,2025-Q4,"EBA, Risk Dashboard (anexo de datos)",https://www.eba.europa.eu/risk-and-data-analysis/risk-analysis/risk-monitoring/risk-dashboard,2026-09-16,,,n/a,importe,media_ponderada_volumen,"hoja Loans_2, T21_3; muestra de bancos del EBA"
Paises Bajos,cartera_credito,"Importe de NPL | Hogares, hipotecario",7339.7097,eur_millones,2026-Q1,"EBA, Risk Dashboard (anexo de datos)",https://www.eba.europa.eu/risk-and-data-analysis/risk-analysis/risk-monitoring/risk-dashboard,2026-09-16,,,n/a,importe,media_ponderada_volumen,"hoja Loans_2, T21_3; muestra de bancos del EBA"
Portugal,cartera_credito,"Importe de NPL | Hogares, hipotecario",1054.1546,eur_millones,2024-Q1,"EBA, Risk Dashboard (anexo de datos)",https://www.eba.europa.eu/risk-and-data-analysis/risk-analysis/risk-monitoring/risk-dashboard,2026-09-16,,,n/a,importe,media_ponderada_volumen,"hoja Loans_2, T21_3; muestra de bancos del EBA"
Portugal,cartera_credito,"Importe de NPL | Hogares, hipotecario",1128.3625,eur_millones,2024-Q2,"EBA, Risk Dashboard (anexo de datos)",https://www.eba.europa.eu/risk-and-data-analysis/risk-analysis/risk-monitoring/risk-dashboard,2026-09-16,,,n/a,importe,media_ponderada_volumen,"hoja Loans_2, T21_3; muestra de bancos del EBA"
Portugal,cartera_credito,"Importe de NPL | Hogares, hipotecario",1120.0528,eur_millones,2024-Q3,"EBA, Risk Dashboard (anexo de datos)",https://www.eba.europa.eu/risk-and-data-analysis/risk-analysis/risk-monitoring/risk-dashboard,2026-09-16,,,n/a,importe,media_ponderada_volumen,"hoja Loans_2, T21_3; muestra de bancos del EBA"
Portugal,cartera_credito,"Importe de NPL | Hogares, hipotecario",1084.6980,eur_millones,2024-Q4,"EBA, Risk Dashboard (anexo de datos)",https://www.eba.europa.eu/risk-and-data-analysis/risk-analysis/risk-monitoring/risk-dashboard,2026-09-16,,,n/a,importe,media_ponderada_volumen,"hoja Loans_2, T21_3; muestra de bancos del EBA"
Portugal,cartera_credito,"Importe de NPL | Hogares, hipotecario",1034.2450,eur_millones,2025-Q1,"EBA, Risk Dashboard (anexo de datos)",https://www.eba.europa.eu/risk-and-data-analysis/risk-analysis/risk-monitoring/risk-dashboard,2026-09-16,,,n/a,importe,media_ponderada_volumen,"hoja Loans_2, T21_3; muestra de bancos del EBA"
Portugal,cartera_credito,"Importe de NPL | Hogares, hipotecario",992.6104,eur_millones,2025-Q2,"EBA, Risk Dashboard (anexo de datos)",https://www.eba.europa.eu/risk-and-data-analysis/risk-analysis/risk-monitoring/risk-dashboard,2026-09-16,,,n/a,importe,media_ponderada_volumen,"hoja Loans_2, T21_3; muestra de bancos del EBA"
Portugal,cartera_credito,"Importe de NPL | Hogares, hipotecario",957.7423,eur_millones,2025-Q3,"EBA, Risk Dashboard (anexo de datos)",https://www.eba.europa.eu/risk-and-data-analysis/risk-analysis/risk-monitoring/risk-dashboard,2026-09-16,,,n/a,importe,media_ponderada_volumen,"hoja Loans_2, T21_3; muestra de bancos del EBA"
Portugal,cartera_credito,"Importe de NPL | Hogares, hipotecario",896.0299,eur_millones,2025-Q4,"EBA, Risk Dashboard (anexo de datos)",https://www.eba.europa.eu/risk-and-data-analysis/risk-analysis/risk-monitoring/risk-dashboard,2026-09-16,,,n/a,importe,media_ponderada_volumen,"hoja Loans_2, T21_3; muestra de bancos del EBA"
Portugal,cartera_credito,"Importe de NPL | Hogares, hipotecario",824.4103,eur_millones,2026-Q1,"EBA, Risk Dashboard (anexo de datos)",https://www.eba.europa.eu/risk-and-data-analysis/risk-analysis/risk-monitoring/risk-dashboard,2026-09-16,,,n/a,importe,media_ponderada_volumen,"hoja Loans_2, T21_3; muestra de bancos del EBA"
Alemania,cartera_credito,Importe de NPL | Sociedades no financieras,27828.3415,eur_millones,2024-Q1,"EBA, Risk Dashboard (anexo de datos)",https://www.eba.europa.eu/risk-and-data-analysis/risk-analysis/risk-monitoring/risk-dashboard,2026-09-16,,,n/a,importe,media_ponderada_volumen,"hoja Loans_2, T21_4; muestra de bancos del EBA"
Alemania,cartera_credito,Importe de NPL | Sociedades no financieras,29366.7449,eur_millones,2024-Q2,"EBA, Risk Dashboard (anexo de datos)",https://www.eba.europa.eu/risk-and-data-analysis/risk-analysis/risk-monitoring/risk-dashboard,2026-09-16,,,n/a,importe,media_ponderada_volumen,"hoja Loans_2, T21_4; muestra de bancos del EBA"
Alemania,cartera_credito,Importe de NPL | Sociedades no financieras,31863.3881,eur_millones,2024-Q3,"EBA, Risk Dashboard (anexo de datos)",https://www.eba.europa.eu/risk-and-data-analysis/risk-analysis/risk-monitoring/risk-dashboard,2026-09-16,,,n/a,importe,media_ponderada_volumen,"hoja Loans_2, T21_4; muestra de bancos del EBA"
Alemania,cartera_credito,Importe de NPL | Sociedades no financieras,33336.0794,eur_millones,2024-Q4,"EBA, Risk Dashboard (anexo de datos)",https://www.eba.europa.eu/risk-and-data-analysis/risk-analysis/risk-monitoring/risk-dashboard,2026-09-16,,,n/a,importe,media_ponderada_volumen,"hoja Loans_2, T21_4; muestra de bancos del EBA"
Alemania,cartera_credito,Importe de NPL | Sociedades no financieras,31546.9772,eur_millones,2025-Q1,"EBA, Risk Dashboard (anexo de datos)",https://www.eba.europa.eu/risk-and-data-analysis/risk-analysis/risk-monitoring/risk-dashboard,2026-09-16,,,n/a,importe,media_ponderada_volumen,"hoja Loans_2, T21_4; muestra de bancos del EBA"
Alemania,cartera_credito,Importe de NPL | Sociedades no financieras,32876.8623,eur_millones,2025-Q2,"EBA, Risk Dashboard (anexo de datos)",https://www.eba.europa.eu/risk-and-data-analysis/risk-analysis/risk-monitoring/risk-dashboard,2026-09-16,,,n/a,importe,media_ponderada_volumen,"hoja Loans_2, T21_4; muestra de bancos del EBA"
Alemania,cartera_credito,Importe de NPL | Sociedades no financieras,33624.1761,eur_millones,2025-Q3,"EBA, Risk Dashboard (anexo de datos)",https://www.eba.europa.eu/risk-and-data-analysis/risk-analysis/risk-monitoring/risk-dashboard,2026-09-16,,,n/a,importe,media_ponderada_volumen,"hoja Loans_2, T21_4; muestra de bancos del EBA"
Alemania,cartera_credito,Importe de NPL | Sociedades no financieras,34467.4592,eur_millones,2025-Q4,"EBA, Risk Dashboard (anexo de datos)",https://www.eba.europa.eu/risk-and-data-analysis/risk-analysis/risk-monitoring/risk-dashboard,2026-09-16,,,n/a,importe,media_ponderada_volumen,"hoja Loans_2, T21_4; muestra de bancos del EBA"
Alemania,cartera_credito,Importe de NPL | Sociedades no financieras,35452.2569,eur_millones,2026-Q1,"EBA, Risk Dashboard (anexo de datos)",https://www.eba.europa.eu/risk-and-data-analysis/risk-analysis/risk-monitoring/risk-dashboard,2026-09-16,,,n/a,importe,media_ponderada_volumen,"hoja Loans_2, T21_4; muestra de bancos del EBA"
Espana,cartera_credito,Importe de NPL | Sociedades no financieras,30131.0644,eur_millones,2024-Q1,"EBA, Risk Dashboard (anexo de datos)",https://www.eba.europa.eu/risk-and-data-analysis/risk-analysis/risk-monitoring/risk-dashboard,2026-09-16,,,n/a,importe,media_ponderada_volumen,"hoja Loans_2, T21_4; muestra de bancos del EBA"
Espana,cartera_credito,Importe de NPL | Sociedades no financieras,29118.3001,eur_millones,2024-Q2,"EBA, Risk Dashboard (anexo de datos)",https://www.eba.europa.eu/risk-and-data-analysis/risk-analysis/risk-monitoring/risk-dashboard,2026-09-16,,,n/a,importe,media_ponderada_volumen,"hoja Loans_2, T21_4; muestra de bancos del EBA"
Espana,cartera_credito,Importe de NPL | Sociedades no financieras,28755.3347,eur_millones,2024-Q3,"EBA, Risk Dashboard (anexo de datos)",https://www.eba.europa.eu/risk-and-data-analysis/risk-analysis/risk-monitoring/risk-dashboard,2026-09-16,,,n/a,importe,media_ponderada_volumen,"hoja Loans_2, T21_4; muestra de bancos del EBA"
Espana,cartera_credito,Importe de NPL | Sociedades no financieras,27406.4109,eur_millones,2024-Q4,"EBA, Risk Dashboard (anexo de datos)",https://www.eba.europa.eu/risk-and-data-analysis/risk-analysis/risk-monitoring/risk-dashboard,2026-09-16,,,n/a,importe,media_ponderada_volumen,"hoja Loans_2, T21_4; muestra de bancos del EBA"
Espana,cartera_credito,Importe de NPL | Sociedades no financieras,27369.9495,eur_millones,2025-Q1,"EBA, Risk Dashboard (anexo de datos)",https://www.eba.europa.eu/risk-and-data-analysis/risk-analysis/risk-monitoring/risk-dashboard,2026-09-16,,,n/a,importe,media_ponderada_volumen,"hoja Loans_2, T21_4; muestra de bancos del EBA"
Espana,cartera_credito,Importe de NPL | Sociedades no financieras,25833.4219,eur_millones,2025-Q2,"EBA, Risk Dashboard (anexo de datos)",https://www.eba.europa.eu/risk-and-data-analysis/risk-analysis/risk-monitoring/risk-dashboard,2026-09-16,,,n/a,importe,media_ponderada_volumen,"hoja Loans_2, T21_4; muestra de bancos del EBA"
Espana,cartera_credito,Importe de NPL | Sociedades no financieras,25685.7094,eur_millones,2025-Q3,"EBA, Risk Dashboard (anexo de datos)",https://www.eba.europa.eu/risk-and-data-analysis/risk-analysis/risk-monitoring/risk-dashboard,2026-09-16,,,n/a,importe,media_ponderada_volumen,"hoja Loans_2, T21_4; muestra de bancos del EBA"
Espana,cartera_credito,Importe de NPL | Sociedades no financieras,25499.2292,eur_millones,2025-Q4,"EBA, Risk Dashboard (anexo de datos)",https://www.eba.europa.eu/risk-and-data-analysis/risk-analysis/risk-monitoring/risk-dashboard,2026-09-16,,,n/a,importe,media_ponderada_volumen,"hoja Loans_2, T21_4; muestra de bancos del EBA"
Espana,cartera_credito,Importe de NPL | Sociedades no financieras,23884.3090,eur_millones,2026-Q1,"EBA, Risk Dashboard (anexo de datos)",https://www.eba.europa.eu/risk-and-data-analysis/risk-analysis/risk-monitoring/risk-dashboard,2026-09-16,,,n/a,importe,media_ponderada_volumen,"hoja Loans_2, T21_4; muestra de bancos del EBA"
Union Europea,cartera_credito,Importe de NPL | Sociedades no financieras,206778.7210,eur_millones,2024-Q1,"EBA, Risk Dashboard (anexo de datos)",https://www.eba.europa.eu/risk-and-data-analysis/risk-analysis/risk-monitoring/risk-dashboard,2026-09-16,,,n/a,importe,media_ponderada_volumen,"hoja Loans_2, T21_4; muestra de bancos del EBA"
Union Europea,cartera_credito,Importe de NPL | Sociedades no financieras,208905.0419,eur_millones,2024-Q2,"EBA, Risk Dashboard (anexo de datos)",https://www.eba.europa.eu/risk-and-data-analysis/risk-analysis/risk-monitoring/risk-dashboard,2026-09-16,,,n/a,importe,media_ponderada_volumen,"hoja Loans_2, T21_4; muestra de bancos del EBA"
Union Europea,cartera_credito,Importe de NPL | Sociedades no financieras,212637.7979,eur_millones,2024-Q3,"EBA, Risk Dashboard (anexo de datos)",https://www.eba.europa.eu/risk-and-data-analysis/risk-analysis/risk-monitoring/risk-dashboard,2026-09-16,,,n/a,importe,media_ponderada_volumen,"hoja Loans_2, T21_4; muestra de bancos del EBA"
Union Europea,cartera_credito,Importe de NPL | Sociedades no financieras,209165.1911,eur_millones,2024-Q4,"EBA, Risk Dashboard (anexo de datos)",https://www.eba.europa.eu/risk-and-data-analysis/risk-analysis/risk-monitoring/risk-dashboard,2026-09-16,,,n/a,importe,media_ponderada_volumen,"hoja Loans_2, T21_4; muestra de bancos del EBA"
Union Europea,cartera_credito,Importe de NPL | Sociedades no financieras,209255.5269,eur_millones,2025-Q1,"EBA, Risk Dashboard (anexo de datos)",https://www.eba.europa.eu/risk-and-data-analysis/risk-analysis/risk-monitoring/risk-dashboard,2026-09-16,,,n/a,importe,media_ponderada_volumen,"hoja Loans_2, T21_4; muestra de bancos del EBA"
Union Europea,cartera_credito,Importe de NPL | Sociedades no financieras,209559.2267,eur_millones,2025-Q2,"EBA, Risk Dashboard (anexo de datos)",https://www.eba.europa.eu/risk-and-data-analysis/risk-analysis/risk-monitoring/risk-dashboard,2026-09-16,,,n/a,importe,media_ponderada_volumen,"hoja Loans_2, T21_4; muestra de bancos del EBA"
Union Europea,cartera_credito,Importe de NPL | Sociedades no financieras,210680.6662,eur_millones,2025-Q3,"EBA, Risk Dashboard (anexo de datos)",https://www.eba.europa.eu/risk-and-data-analysis/risk-analysis/risk-monitoring/risk-dashboard,2026-09-16,,,n/a,importe,media_ponderada_volumen,"hoja Loans_2, T21_4; muestra de bancos del EBA"
Union Europea,cartera_credito,Importe de NPL | Sociedades no financieras,209842.7223,eur_millones,2025-Q4,"EBA, Risk Dashboard (anexo de datos)",https://www.eba.europa.eu/risk-and-data-analysis/risk-analysis/risk-monitoring/risk-dashboard,2026-09-16,,,n/a,importe,media_ponderada_volumen,"hoja Loans_2, T21_4; muestra de bancos del EBA"
Union Europea,cartera_credito,Importe de NPL | Sociedades no financieras,213085.7031,eur_millones,2026-Q1,"EBA, Risk Dashboard (anexo de datos)",https://www.eba.europa.eu/risk-and-data-analysis/risk-analysis/risk-monitoring/risk-dashboard,2026-09-16,,,n/a,importe,media_ponderada_volumen,"hoja Loans_2, T21_4; muestra de bancos del EBA"
Francia,cartera_credito,Importe de NPL | Sociedades no financieras,71383.2312,eur_millones,2024-Q1,"EBA, Risk Dashboard (anexo de datos)",https://www.eba.europa.eu/risk-and-data-analysis/risk-analysis/risk-monitoring/risk-dashboard,2026-09-16,,,n/a,importe,media_ponderada_volumen,"hoja Loans_2, T21_4; muestra de bancos del EBA"
Francia,cartera_credito,Importe de NPL | Sociedades no financieras,72306.7212,eur_millones,2024-Q2,"EBA, Risk Dashboard (anexo de datos)",https://www.eba.europa.eu/risk-and-data-analysis/risk-analysis/risk-monitoring/risk-dashboard,2026-09-16,,,n/a,importe,media_ponderada_volumen,"hoja Loans_2, T21_4; muestra de bancos del EBA"
Francia,cartera_credito,Importe de NPL | Sociedades no financieras,73052.7374,eur_millones,2024-Q3,"EBA, Risk Dashboard (anexo de datos)",https://www.eba.europa.eu/risk-and-data-analysis/risk-analysis/risk-monitoring/risk-dashboard,2026-09-16,,,n/a,importe,media_ponderada_volumen,"hoja Loans_2, T21_4; muestra de bancos del EBA"
Francia,cartera_credito,Importe de NPL | Sociedades no financieras,71150.7577,eur_millones,2024-Q4,"EBA, Risk Dashboard (anexo de datos)",https://www.eba.europa.eu/risk-and-data-analysis/risk-analysis/risk-monitoring/risk-dashboard,2026-09-16,,,n/a,importe,media_ponderada_volumen,"hoja Loans_2, T21_4; muestra de bancos del EBA"
Francia,cartera_credito,Importe de NPL | Sociedades no financieras,72131.7089,eur_millones,2025-Q1,"EBA, Risk Dashboard (anexo de datos)",https://www.eba.europa.eu/risk-and-data-analysis/risk-analysis/risk-monitoring/risk-dashboard,2026-09-16,,,n/a,importe,media_ponderada_volumen,"hoja Loans_2, T21_4; muestra de bancos del EBA"
Francia,cartera_credito,Importe de NPL | Sociedades no financieras,73503.8925,eur_millones,2025-Q2,"EBA, Risk Dashboard (anexo de datos)",https://www.eba.europa.eu/risk-and-data-analysis/risk-analysis/risk-monitoring/risk-dashboard,2026-09-16,,,n/a,importe,media_ponderada_volumen,"hoja Loans_2, T21_4; muestra de bancos del EBA"
Francia,cartera_credito,Importe de NPL | Sociedades no financieras,75268.3886,eur_millones,2025-Q3,"EBA, Risk Dashboard (anexo de datos)",https://www.eba.europa.eu/risk-and-data-analysis/risk-analysis/risk-monitoring/risk-dashboard,2026-09-16,,,n/a,importe,media_ponderada_volumen,"hoja Loans_2, T21_4; muestra de bancos del EBA"
Francia,cartera_credito,Importe de NPL | Sociedades no financieras,76223.9356,eur_millones,2025-Q4,"EBA, Risk Dashboard (anexo de datos)",https://www.eba.europa.eu/risk-and-data-analysis/risk-analysis/risk-monitoring/risk-dashboard,2026-09-16,,,n/a,importe,media_ponderada_volumen,"hoja Loans_2, T21_4; muestra de bancos del EBA"
Francia,cartera_credito,Importe de NPL | Sociedades no financieras,78670.9350,eur_millones,2026-Q1,"EBA, Risk Dashboard (anexo de datos)",https://www.eba.europa.eu/risk-and-data-analysis/risk-analysis/risk-monitoring/risk-dashboard,2026-09-16,,,n/a,importe,media_ponderada_volumen,"hoja Loans_2, T21_4; muestra de bancos del EBA"
Italia,cartera_credito,Importe de NPL | Sociedades no financieras,26159.5409,eur_millones,2024-Q1,"EBA, Risk Dashboard (anexo de datos)",https://www.eba.europa.eu/risk-and-data-analysis/risk-analysis/risk-monitoring/risk-dashboard,2026-09-16,,,n/a,importe,media_ponderada_volumen,"hoja Loans_2, T21_4; muestra de bancos del EBA"
Italia,cartera_credito,Importe de NPL | Sociedades no financieras,25582.3211,eur_millones,2024-Q2,"EBA, Risk Dashboard (anexo de datos)",https://www.eba.europa.eu/risk-and-data-analysis/risk-analysis/risk-monitoring/risk-dashboard,2026-09-16,,,n/a,importe,media_ponderada_volumen,"hoja Loans_2, T21_4; muestra de bancos del EBA"
Italia,cartera_credito,Importe de NPL | Sociedades no financieras,25209.8177,eur_millones,2024-Q3,"EBA, Risk Dashboard (anexo de datos)",https://www.eba.europa.eu/risk-and-data-analysis/risk-analysis/risk-monitoring/risk-dashboard,2026-09-16,,,n/a,importe,media_ponderada_volumen,"hoja Loans_2, T21_4; muestra de bancos del EBA"
Italia,cartera_credito,Importe de NPL | Sociedades no financieras,23828.3537,eur_millones,2024-Q4,"EBA, Risk Dashboard (anexo de datos)",https://www.eba.europa.eu/risk-and-data-analysis/risk-analysis/risk-monitoring/risk-dashboard,2026-09-16,,,n/a,importe,media_ponderada_volumen,"hoja Loans_2, T21_4; muestra de bancos del EBA"
Italia,cartera_credito,Importe de NPL | Sociedades no financieras,24444.0895,eur_millones,2025-Q1,"EBA, Risk Dashboard (anexo de datos)",https://www.eba.europa.eu/risk-and-data-analysis/risk-analysis/risk-monitoring/risk-dashboard,2026-09-16,,,n/a,importe,media_ponderada_volumen,"hoja Loans_2, T21_4; muestra de bancos del EBA"
Italia,cartera_credito,Importe de NPL | Sociedades no financieras,24434.1414,eur_millones,2025-Q2,"EBA, Risk Dashboard (anexo de datos)",https://www.eba.europa.eu/risk-and-data-analysis/risk-analysis/risk-monitoring/risk-dashboard,2026-09-16,,,n/a,importe,media_ponderada_volumen,"hoja Loans_2, T21_4; muestra de bancos del EBA"
Italia,cartera_credito,Importe de NPL | Sociedades no financieras,24153.7071,eur_millones,2025-Q3,"EBA, Risk Dashboard (anexo de datos)",https://www.eba.europa.eu/risk-and-data-analysis/risk-analysis/risk-monitoring/risk-dashboard,2026-09-16,,,n/a,importe,media_ponderada_volumen,"hoja Loans_2, T21_4; muestra de bancos del EBA"
Italia,cartera_credito,Importe de NPL | Sociedades no financieras,21974.4963,eur_millones,2025-Q4,"EBA, Risk Dashboard (anexo de datos)",https://www.eba.europa.eu/risk-and-data-analysis/risk-analysis/risk-monitoring/risk-dashboard,2026-09-16,,,n/a,importe,media_ponderada_volumen,"hoja Loans_2, T21_4; muestra de bancos del EBA"
Italia,cartera_credito,Importe de NPL | Sociedades no financieras,22056.0707,eur_millones,2026-Q1,"EBA, Risk Dashboard (anexo de datos)",https://www.eba.europa.eu/risk-and-data-analysis/risk-analysis/risk-monitoring/risk-dashboard,2026-09-16,,,n/a,importe,media_ponderada_volumen,"hoja Loans_2, T21_4; muestra de bancos del EBA"
Paises Bajos,cartera_credito,Importe de NPL | Sociedades no financieras,17610.0980,eur_millones,2024-Q1,"EBA, Risk Dashboard (anexo de datos)",https://www.eba.europa.eu/risk-and-data-analysis/risk-analysis/risk-monitoring/risk-dashboard,2026-09-16,,,n/a,importe,media_ponderada_volumen,"hoja Loans_2, T21_4; muestra de bancos del EBA"
Paises Bajos,cartera_credito,Importe de NPL | Sociedades no financieras,18507.0291,eur_millones,2024-Q2,"EBA, Risk Dashboard (anexo de datos)",https://www.eba.europa.eu/risk-and-data-analysis/risk-analysis/risk-monitoring/risk-dashboard,2026-09-16,,,n/a,importe,media_ponderada_volumen,"hoja Loans_2, T21_4; muestra de bancos del EBA"
Paises Bajos,cartera_credito,Importe de NPL | Sociedades no financieras,19158.6718,eur_millones,2024-Q3,"EBA, Risk Dashboard (anexo de datos)",https://www.eba.europa.eu/risk-and-data-analysis/risk-analysis/risk-monitoring/risk-dashboard,2026-09-16,,,n/a,importe,media_ponderada_volumen,"hoja Loans_2, T21_4; muestra de bancos del EBA"
Paises Bajos,cartera_credito,Importe de NPL | Sociedades no financieras,18746.0451,eur_millones,2024-Q4,"EBA, Risk Dashboard (anexo de datos)",https://www.eba.europa.eu/risk-and-data-analysis/risk-analysis/risk-monitoring/risk-dashboard,2026-09-16,,,n/a,importe,media_ponderada_volumen,"hoja Loans_2, T21_4; muestra de bancos del EBA"
Paises Bajos,cartera_credito,Importe de NPL | Sociedades no financieras,18617.6432,eur_millones,2025-Q1,"EBA, Risk Dashboard (anexo de datos)",https://www.eba.europa.eu/risk-and-data-analysis/risk-analysis/risk-monitoring/risk-dashboard,2026-09-16,,,n/a,importe,media_ponderada_volumen,"hoja Loans_2, T21_4; muestra de bancos del EBA"
Paises Bajos,cartera_credito,Importe de NPL | Sociedades no financieras,18030.3201,eur_millones,2025-Q2,"EBA, Risk Dashboard (anexo de datos)",https://www.eba.europa.eu/risk-and-data-analysis/risk-analysis/risk-monitoring/risk-dashboard,2026-09-16,,,n/a,importe,media_ponderada_volumen,"hoja Loans_2, T21_4; muestra de bancos del EBA"
Paises Bajos,cartera_credito,Importe de NPL | Sociedades no financieras,17595.1060,eur_millones,2025-Q3,"EBA, Risk Dashboard (anexo de datos)",https://www.eba.europa.eu/risk-and-data-analysis/risk-analysis/risk-monitoring/risk-dashboard,2026-09-16,,,n/a,importe,media_ponderada_volumen,"hoja Loans_2, T21_4; muestra de bancos del EBA"
Paises Bajos,cartera_credito,Importe de NPL | Sociedades no financieras,17114.2340,eur_millones,2025-Q4,"EBA, Risk Dashboard (anexo de datos)",https://www.eba.europa.eu/risk-and-data-analysis/risk-analysis/risk-monitoring/risk-dashboard,2026-09-16,,,n/a,importe,media_ponderada_volumen,"hoja Loans_2, T21_4; muestra de bancos del EBA"
Paises Bajos,cartera_credito,Importe de NPL | Sociedades no financieras,17961.3577,eur_millones,2026-Q1,"EBA, Risk Dashboard (anexo de datos)",https://www.eba.europa.eu/risk-and-data-analysis/risk-analysis/risk-monitoring/risk-dashboard,2026-09-16,,,n/a,importe,media_ponderada_volumen,"hoja Loans_2, T21_4; muestra de bancos del EBA"
Portugal,cartera_credito,Importe de NPL | Sociedades no financieras,2921.3357,eur_millones,2024-Q1,"EBA, Risk Dashboard (anexo de datos)",https://www.eba.europa.eu/risk-and-data-analysis/risk-analysis/risk-monitoring/risk-dashboard,2026-09-16,,,n/a,importe,media_ponderada_volumen,"hoja Loans_2, T21_4; muestra de bancos del EBA"
Portugal,cartera_credito,Importe de NPL | Sociedades no financieras,2815.1664,eur_millones,2024-Q2,"EBA, Risk Dashboard (anexo de datos)",https://www.eba.europa.eu/risk-and-data-analysis/risk-analysis/risk-monitoring/risk-dashboard,2026-09-16,,,n/a,importe,media_ponderada_volumen,"hoja Loans_2, T21_4; muestra de bancos del EBA"
Portugal,cartera_credito,Importe de NPL | Sociedades no financieras,2738.5902,eur_millones,2024-Q3,"EBA, Risk Dashboard (anexo de datos)",https://www.eba.europa.eu/risk-and-data-analysis/risk-analysis/risk-monitoring/risk-dashboard,2026-09-16,,,n/a,importe,media_ponderada_volumen,"hoja Loans_2, T21_4; muestra de bancos del EBA"
Portugal,cartera_credito,Importe de NPL | Sociedades no financieras,2417.3487,eur_millones,2024-Q4,"EBA, Risk Dashboard (anexo de datos)",https://www.eba.europa.eu/risk-and-data-analysis/risk-analysis/risk-monitoring/risk-dashboard,2026-09-16,,,n/a,importe,media_ponderada_volumen,"hoja Loans_2, T21_4; muestra de bancos del EBA"
Portugal,cartera_credito,Importe de NPL | Sociedades no financieras,2105.0835,eur_millones,2025-Q1,"EBA, Risk Dashboard (anexo de datos)",https://www.eba.europa.eu/risk-and-data-analysis/risk-analysis/risk-monitoring/risk-dashboard,2026-09-16,,,n/a,importe,media_ponderada_volumen,"hoja Loans_2, T21_4; muestra de bancos del EBA"
Portugal,cartera_credito,Importe de NPL | Sociedades no financieras,2133.9049,eur_millones,2025-Q2,"EBA, Risk Dashboard (anexo de datos)",https://www.eba.europa.eu/risk-and-data-analysis/risk-analysis/risk-monitoring/risk-dashboard,2026-09-16,,,n/a,importe,media_ponderada_volumen,"hoja Loans_2, T21_4; muestra de bancos del EBA"
Portugal,cartera_credito,Importe de NPL | Sociedades no financieras,2082.8078,eur_millones,2025-Q3,"EBA, Risk Dashboard (anexo de datos)",https://www.eba.europa.eu/risk-and-data-analysis/risk-analysis/risk-monitoring/risk-dashboard,2026-09-16,,,n/a,importe,media_ponderada_volumen,"hoja Loans_2, T21_4; muestra de bancos del EBA"
Portugal,cartera_credito,Importe de NPL | Sociedades no financieras,2071.3785,eur_millones,2025-Q4,"EBA, Risk Dashboard (anexo de datos)",https://www.eba.europa.eu/risk-and-data-analysis/risk-analysis/risk-monitoring/risk-dashboard,2026-09-16,,,n/a,importe,media_ponderada_volumen,"hoja Loans_2, T21_4; muestra de bancos del EBA"
Portugal,cartera_credito,Importe de NPL | Sociedades no financieras,2054.7875,eur_millones,2026-Q1,"EBA, Risk Dashboard (anexo de datos)",https://www.eba.europa.eu/risk-and-data-analysis/risk-analysis/risk-monitoring/risk-dashboard,2026-09-16,,,n/a,importe,media_ponderada_volumen,"hoja Loans_2, T21_4; muestra de bancos del EBA"
Alemania,cartera_credito,"Importe de NPL | Sociedades no financieras, PYME",8578.0664,eur_millones,2024-Q1,"EBA, Risk Dashboard (anexo de datos)",https://www.eba.europa.eu/risk-and-data-analysis/risk-analysis/risk-monitoring/risk-dashboard,2026-09-16,,,tamano_empresa_empleados,importe,media_ponderada_volumen,"hoja Loans_2, T21_5; muestra de bancos del EBA"
Alemania,cartera_credito,"Importe de NPL | Sociedades no financieras, PYME",8973.5037,eur_millones,2024-Q2,"EBA, Risk Dashboard (anexo de datos)",https://www.eba.europa.eu/risk-and-data-analysis/risk-analysis/risk-monitoring/risk-dashboard,2026-09-16,,,tamano_empresa_empleados,importe,media_ponderada_volumen,"hoja Loans_2, T21_5; muestra de bancos del EBA"
Alemania,cartera_credito,"Importe de NPL | Sociedades no financieras, PYME",9247.5105,eur_millones,2024-Q3,"EBA, Risk Dashboard (anexo de datos)",https://www.eba.europa.eu/risk-and-data-analysis/risk-analysis/risk-monitoring/risk-dashboard,2026-09-16,,,tamano_empresa_empleados,importe,media_ponderada_volumen,"hoja Loans_2, T21_5; muestra de bancos del EBA"
Alemania,cartera_credito,"Importe de NPL | Sociedades no financieras, PYME",9540.4886,eur_millones,2024-Q4,"EBA, Risk Dashboard (anexo de datos)",https://www.eba.europa.eu/risk-and-data-analysis/risk-analysis/risk-monitoring/risk-dashboard,2026-09-16,,,tamano_empresa_empleados,importe,media_ponderada_volumen,"hoja Loans_2, T21_5; muestra de bancos del EBA"
Alemania,cartera_credito,"Importe de NPL | Sociedades no financieras, PYME",8798.5894,eur_millones,2025-Q1,"EBA, Risk Dashboard (anexo de datos)",https://www.eba.europa.eu/risk-and-data-analysis/risk-analysis/risk-monitoring/risk-dashboard,2026-09-16,,,tamano_empresa_empleados,importe,media_ponderada_volumen,"hoja Loans_2, T21_5; muestra de bancos del EBA"
Alemania,cartera_credito,"Importe de NPL | Sociedades no financieras, PYME",10360.1317,eur_millones,2025-Q2,"EBA, Risk Dashboard (anexo de datos)",https://www.eba.europa.eu/risk-and-data-analysis/risk-analysis/risk-monitoring/risk-dashboard,2026-09-16,,,tamano_empresa_empleados,importe,media_ponderada_volumen,"hoja Loans_2, T21_5; muestra de bancos del EBA"
Alemania,cartera_credito,"Importe de NPL | Sociedades no financieras, PYME",10758.2421,eur_millones,2025-Q3,"EBA, Risk Dashboard (anexo de datos)",https://www.eba.europa.eu/risk-and-data-analysis/risk-analysis/risk-monitoring/risk-dashboard,2026-09-16,,,tamano_empresa_empleados,importe,media_ponderada_volumen,"hoja Loans_2, T21_5; muestra de bancos del EBA"
Alemania,cartera_credito,"Importe de NPL | Sociedades no financieras, PYME",11480.2544,eur_millones,2025-Q4,"EBA, Risk Dashboard (anexo de datos)",https://www.eba.europa.eu/risk-and-data-analysis/risk-analysis/risk-monitoring/risk-dashboard,2026-09-16,,,tamano_empresa_empleados,importe,media_ponderada_volumen,"hoja Loans_2, T21_5; muestra de bancos del EBA"
Alemania,cartera_credito,"Importe de NPL | Sociedades no financieras, PYME",10746.2112,eur_millones,2026-Q1,"EBA, Risk Dashboard (anexo de datos)",https://www.eba.europa.eu/risk-and-data-analysis/risk-analysis/risk-monitoring/risk-dashboard,2026-09-16,,,tamano_empresa_empleados,importe,media_ponderada_volumen,"hoja Loans_2, T21_5; muestra de bancos del EBA"
Espana,cartera_credito,"Importe de NPL | Sociedades no financieras, PYME",19548.0795,eur_millones,2024-Q1,"EBA, Risk Dashboard (anexo de datos)",https://www.eba.europa.eu/risk-and-data-analysis/risk-analysis/risk-monitoring/risk-dashboard,2026-09-16,,,tamano_empresa_empleados,importe,media_ponderada_volumen,"hoja Loans_2, T21_5; muestra de bancos del EBA"
Espana,cartera_credito,"Importe de NPL | Sociedades no financieras, PYME",18856.9082,eur_millones,2024-Q2,"EBA, Risk Dashboard (anexo de datos)",https://www.eba.europa.eu/risk-and-data-analysis/risk-analysis/risk-monitoring/risk-dashboard,2026-09-16,,,tamano_empresa_empleados,importe,media_ponderada_volumen,"hoja Loans_2, T21_5; muestra de bancos del EBA"
Espana,cartera_credito,"Importe de NPL | Sociedades no financieras, PYME",18713.3422,eur_millones,2024-Q3,"EBA, Risk Dashboard (anexo de datos)",https://www.eba.europa.eu/risk-and-data-analysis/risk-analysis/risk-monitoring/risk-dashboard,2026-09-16,,,tamano_empresa_empleados,importe,media_ponderada_volumen,"hoja Loans_2, T21_5; muestra de bancos del EBA"
Espana,cartera_credito,"Importe de NPL | Sociedades no financieras, PYME",18234.4534,eur_millones,2024-Q4,"EBA, Risk Dashboard (anexo de datos)",https://www.eba.europa.eu/risk-and-data-analysis/risk-analysis/risk-monitoring/risk-dashboard,2026-09-16,,,tamano_empresa_empleados,importe,media_ponderada_volumen,"hoja Loans_2, T21_5; muestra de bancos del EBA"
Espana,cartera_credito,"Importe de NPL | Sociedades no financieras, PYME",18369.8616,eur_millones,2025-Q1,"EBA, Risk Dashboard (anexo de datos)",https://www.eba.europa.eu/risk-and-data-analysis/risk-analysis/risk-monitoring/risk-dashboard,2026-09-16,,,tamano_empresa_empleados,importe,media_ponderada_volumen,"hoja Loans_2, T21_5; muestra de bancos del EBA"
Espana,cartera_credito,"Importe de NPL | Sociedades no financieras, PYME",16964.0153,eur_millones,2025-Q2,"EBA, Risk Dashboard (anexo de datos)",https://www.eba.europa.eu/risk-and-data-analysis/risk-analysis/risk-monitoring/risk-dashboard,2026-09-16,,,tamano_empresa_empleados,importe,media_ponderada_volumen,"hoja Loans_2, T21_5; muestra de bancos del EBA"
Espana,cartera_credito,"Importe de NPL | Sociedades no financieras, PYME",16619.1827,eur_millones,2025-Q3,"EBA, Risk Dashboard (anexo de datos)",https://www.eba.europa.eu/risk-and-data-analysis/risk-analysis/risk-monitoring/risk-dashboard,2026-09-16,,,tamano_empresa_empleados,importe,media_ponderada_volumen,"hoja Loans_2, T21_5; muestra de bancos del EBA"
Espana,cartera_credito,"Importe de NPL | Sociedades no financieras, PYME",16705.6769,eur_millones,2025-Q4,"EBA, Risk Dashboard (anexo de datos)",https://www.eba.europa.eu/risk-and-data-analysis/risk-analysis/risk-monitoring/risk-dashboard,2026-09-16,,,tamano_empresa_empleados,importe,media_ponderada_volumen,"hoja Loans_2, T21_5; muestra de bancos del EBA"
Espana,cartera_credito,"Importe de NPL | Sociedades no financieras, PYME",14674.3790,eur_millones,2026-Q1,"EBA, Risk Dashboard (anexo de datos)",https://www.eba.europa.eu/risk-and-data-analysis/risk-analysis/risk-monitoring/risk-dashboard,2026-09-16,,,tamano_empresa_empleados,importe,media_ponderada_volumen,"hoja Loans_2, T21_5; muestra de bancos del EBA"
Union Europea,cartera_credito,"Importe de NPL | Sociedades no financieras, PYME",111274.9735,eur_millones,2024-Q1,"EBA, Risk Dashboard (anexo de datos)",https://www.eba.europa.eu/risk-and-data-analysis/risk-analysis/risk-monitoring/risk-dashboard,2026-09-16,,,tamano_empresa_empleados,importe,media_ponderada_volumen,"hoja Loans_2, T21_5; muestra de bancos del EBA"
Union Europea,cartera_credito,"Importe de NPL | Sociedades no financieras, PYME",112790.2030,eur_millones,2024-Q2,"EBA, Risk Dashboard (anexo de datos)",https://www.eba.europa.eu/risk-and-data-analysis/risk-analysis/risk-monitoring/risk-dashboard,2026-09-16,,,tamano_empresa_empleados,importe,media_ponderada_volumen,"hoja Loans_2, T21_5; muestra de bancos del EBA"
Union Europea,cartera_credito,"Importe de NPL | Sociedades no financieras, PYME",113731.6685,eur_millones,2024-Q3,"EBA, Risk Dashboard (anexo de datos)",https://www.eba.europa.eu/risk-and-data-analysis/risk-analysis/risk-monitoring/risk-dashboard,2026-09-16,,,tamano_empresa_empleados,importe,media_ponderada_volumen,"hoja Loans_2, T21_5; muestra de bancos del EBA"
Union Europea,cartera_credito,"Importe de NPL | Sociedades no financieras, PYME",111905.1972,eur_millones,2024-Q4,"EBA, Risk Dashboard (anexo de datos)",https://www.eba.europa.eu/risk-and-data-analysis/risk-analysis/risk-monitoring/risk-dashboard,2026-09-16,,,tamano_empresa_empleados,importe,media_ponderada_volumen,"hoja Loans_2, T21_5; muestra de bancos del EBA"
Union Europea,cartera_credito,"Importe de NPL | Sociedades no financieras, PYME",113484.5457,eur_millones,2025-Q1,"EBA, Risk Dashboard (anexo de datos)",https://www.eba.europa.eu/risk-and-data-analysis/risk-analysis/risk-monitoring/risk-dashboard,2026-09-16,,,tamano_empresa_empleados,importe,media_ponderada_volumen,"hoja Loans_2, T21_5; muestra de bancos del EBA"
Union Europea,cartera_credito,"Importe de NPL | Sociedades no financieras, PYME",113798.3595,eur_millones,2025-Q2,"EBA, Risk Dashboard (anexo de datos)",https://www.eba.europa.eu/risk-and-data-analysis/risk-analysis/risk-monitoring/risk-dashboard,2026-09-16,,,tamano_empresa_empleados,importe,media_ponderada_volumen,"hoja Loans_2, T21_5; muestra de bancos del EBA"
Union Europea,cartera_credito,"Importe de NPL | Sociedades no financieras, PYME",116055.1785,eur_millones,2025-Q3,"EBA, Risk Dashboard (anexo de datos)",https://www.eba.europa.eu/risk-and-data-analysis/risk-analysis/risk-monitoring/risk-dashboard,2026-09-16,,,tamano_empresa_empleados,importe,media_ponderada_volumen,"hoja Loans_2, T21_5; muestra de bancos del EBA"
Union Europea,cartera_credito,"Importe de NPL | Sociedades no financieras, PYME",114752.8858,eur_millones,2025-Q4,"EBA, Risk Dashboard (anexo de datos)",https://www.eba.europa.eu/risk-and-data-analysis/risk-analysis/risk-monitoring/risk-dashboard,2026-09-16,,,tamano_empresa_empleados,importe,media_ponderada_volumen,"hoja Loans_2, T21_5; muestra de bancos del EBA"
Union Europea,cartera_credito,"Importe de NPL | Sociedades no financieras, PYME",112930.4325,eur_millones,2026-Q1,"EBA, Risk Dashboard (anexo de datos)",https://www.eba.europa.eu/risk-and-data-analysis/risk-analysis/risk-monitoring/risk-dashboard,2026-09-16,,,tamano_empresa_empleados,importe,media_ponderada_volumen,"hoja Loans_2, T21_5; muestra de bancos del EBA"
Francia,cartera_credito,"Importe de NPL | Sociedades no financieras, PYME",39984.6508,eur_millones,2024-Q1,"EBA, Risk Dashboard (anexo de datos)",https://www.eba.europa.eu/risk-and-data-analysis/risk-analysis/risk-monitoring/risk-dashboard,2026-09-16,,,tamano_empresa_empleados,importe,media_ponderada_volumen,"hoja Loans_2, T21_5; muestra de bancos del EBA"
Francia,cartera_credito,"Importe de NPL | Sociedades no financieras, PYME",41167.2266,eur_millones,2024-Q2,"EBA, Risk Dashboard (anexo de datos)",https://www.eba.europa.eu/risk-and-data-analysis/risk-analysis/risk-monitoring/risk-dashboard,2026-09-16,,,tamano_empresa_empleados,importe,media_ponderada_volumen,"hoja Loans_2, T21_5; muestra de bancos del EBA"
Francia,cartera_credito,"Importe de NPL | Sociedades no financieras, PYME",41881.2895,eur_millones,2024-Q3,"EBA, Risk Dashboard (anexo de datos)",https://www.eba.europa.eu/risk-and-data-analysis/risk-analysis/risk-monitoring/risk-dashboard,2026-09-16,,,tamano_empresa_empleados,importe,media_ponderada_volumen,"hoja Loans_2, T21_5; muestra de bancos del EBA"
Francia,cartera_credito,"Importe de NPL | Sociedades no financieras, PYME",42395.2864,eur_millones,2024-Q4,"EBA, Risk Dashboard (anexo de datos)",https://www.eba.europa.eu/risk-and-data-analysis/risk-analysis/risk-monitoring/risk-dashboard,2026-09-16,,,tamano_empresa_empleados,importe,media_ponderada_volumen,"hoja Loans_2, T21_5; muestra de bancos del EBA"
Francia,cartera_credito,"Importe de NPL | Sociedades no financieras, PYME",44059.6358,eur_millones,2025-Q1,"EBA, Risk Dashboard (anexo de datos)",https://www.eba.europa.eu/risk-and-data-analysis/risk-analysis/risk-monitoring/risk-dashboard,2026-09-16,,,tamano_empresa_empleados,importe,media_ponderada_volumen,"hoja Loans_2, T21_5; muestra de bancos del EBA"
Francia,cartera_credito,"Importe de NPL | Sociedades no financieras, PYME",44759.1881,eur_millones,2025-Q2,"EBA, Risk Dashboard (anexo de datos)",https://www.eba.europa.eu/risk-and-data-analysis/risk-analysis/risk-monitoring/risk-dashboard,2026-09-16,,,tamano_empresa_empleados,importe,media_ponderada_volumen,"hoja Loans_2, T21_5; muestra de bancos del EBA"
Francia,cartera_credito,"Importe de NPL | Sociedades no financieras, PYME",45932.1103,eur_millones,2025-Q3,"EBA, Risk Dashboard (anexo de datos)",https://www.eba.europa.eu/risk-and-data-analysis/risk-analysis/risk-monitoring/risk-dashboard,2026-09-16,,,tamano_empresa_empleados,importe,media_ponderada_volumen,"hoja Loans_2, T21_5; muestra de bancos del EBA"
Francia,cartera_credito,"Importe de NPL | Sociedades no financieras, PYME",46328.1251,eur_millones,2025-Q4,"EBA, Risk Dashboard (anexo de datos)",https://www.eba.europa.eu/risk-and-data-analysis/risk-analysis/risk-monitoring/risk-dashboard,2026-09-16,,,tamano_empresa_empleados,importe,media_ponderada_volumen,"hoja Loans_2, T21_5; muestra de bancos del EBA"
Francia,cartera_credito,"Importe de NPL | Sociedades no financieras, PYME",46688.6052,eur_millones,2026-Q1,"EBA, Risk Dashboard (anexo de datos)",https://www.eba.europa.eu/risk-and-data-analysis/risk-analysis/risk-monitoring/risk-dashboard,2026-09-16,,,tamano_empresa_empleados,importe,media_ponderada_volumen,"hoja Loans_2, T21_5; muestra de bancos del EBA"
Italia,cartera_credito,"Importe de NPL | Sociedades no financieras, PYME",15824.3206,eur_millones,2024-Q1,"EBA, Risk Dashboard (anexo de datos)",https://www.eba.europa.eu/risk-and-data-analysis/risk-analysis/risk-monitoring/risk-dashboard,2026-09-16,,,tamano_empresa_empleados,importe,media_ponderada_volumen,"hoja Loans_2, T21_5; muestra de bancos del EBA"
Italia,cartera_credito,"Importe de NPL | Sociedades no financieras, PYME",16083.2874,eur_millones,2024-Q2,"EBA, Risk Dashboard (anexo de datos)",https://www.eba.europa.eu/risk-and-data-analysis/risk-analysis/risk-monitoring/risk-dashboard,2026-09-16,,,tamano_empresa_empleados,importe,media_ponderada_volumen,"hoja Loans_2, T21_5; muestra de bancos del EBA"
Italia,cartera_credito,"Importe de NPL | Sociedades no financieras, PYME",15743.6257,eur_millones,2024-Q3,"EBA, Risk Dashboard (anexo de datos)",https://www.eba.europa.eu/risk-and-data-analysis/risk-analysis/risk-monitoring/risk-dashboard,2026-09-16,,,tamano_empresa_empleados,importe,media_ponderada_volumen,"hoja Loans_2, T21_5; muestra de bancos del EBA"
Italia,cartera_credito,"Importe de NPL | Sociedades no financieras, PYME",14748.0504,eur_millones,2024-Q4,"EBA, Risk Dashboard (anexo de datos)",https://www.eba.europa.eu/risk-and-data-analysis/risk-analysis/risk-monitoring/risk-dashboard,2026-09-16,,,tamano_empresa_empleados,importe,media_ponderada_volumen,"hoja Loans_2, T21_5; muestra de bancos del EBA"
Italia,cartera_credito,"Importe de NPL | Sociedades no financieras, PYME",14660.7540,eur_millones,2025-Q1,"EBA, Risk Dashboard (anexo de datos)",https://www.eba.europa.eu/risk-and-data-analysis/risk-analysis/risk-monitoring/risk-dashboard,2026-09-16,,,tamano_empresa_empleados,importe,media_ponderada_volumen,"hoja Loans_2, T21_5; muestra de bancos del EBA"
Italia,cartera_credito,"Importe de NPL | Sociedades no financieras, PYME",14612.8268,eur_millones,2025-Q2,"EBA, Risk Dashboard (anexo de datos)",https://www.eba.europa.eu/risk-and-data-analysis/risk-analysis/risk-monitoring/risk-dashboard,2026-09-16,,,tamano_empresa_empleados,importe,media_ponderada_volumen,"hoja Loans_2, T21_5; muestra de bancos del EBA"
Italia,cartera_credito,"Importe de NPL | Sociedades no financieras, PYME",14884.4442,eur_millones,2025-Q3,"EBA, Risk Dashboard (anexo de datos)",https://www.eba.europa.eu/risk-and-data-analysis/risk-analysis/risk-monitoring/risk-dashboard,2026-09-16,,,tamano_empresa_empleados,importe,media_ponderada_volumen,"hoja Loans_2, T21_5; muestra de bancos del EBA"
Italia,cartera_credito,"Importe de NPL | Sociedades no financieras, PYME",12571.8437,eur_millones,2025-Q4,"EBA, Risk Dashboard (anexo de datos)",https://www.eba.europa.eu/risk-and-data-analysis/risk-analysis/risk-monitoring/risk-dashboard,2026-09-16,,,tamano_empresa_empleados,importe,media_ponderada_volumen,"hoja Loans_2, T21_5; muestra de bancos del EBA"
Italia,cartera_credito,"Importe de NPL | Sociedades no financieras, PYME",12751.7776,eur_millones,2026-Q1,"EBA, Risk Dashboard (anexo de datos)",https://www.eba.europa.eu/risk-and-data-analysis/risk-analysis/risk-monitoring/risk-dashboard,2026-09-16,,,tamano_empresa_empleados,importe,media_ponderada_volumen,"hoja Loans_2, T21_5; muestra de bancos del EBA"
Paises Bajos,cartera_credito,"Importe de NPL | Sociedades no financieras, PYME",6727.1042,eur_millones,2024-Q1,"EBA, Risk Dashboard (anexo de datos)",https://www.eba.europa.eu/risk-and-data-analysis/risk-analysis/risk-monitoring/risk-dashboard,2026-09-16,,,tamano_empresa_empleados,importe,media_ponderada_volumen,"hoja Loans_2, T21_5; muestra de bancos del EBA"
Paises Bajos,cartera_credito,"Importe de NPL | Sociedades no financieras, PYME",6837.2823,eur_millones,2024-Q2,"EBA, Risk Dashboard (anexo de datos)",https://www.eba.europa.eu/risk-and-data-analysis/risk-analysis/risk-monitoring/risk-dashboard,2026-09-16,,,tamano_empresa_empleados,importe,media_ponderada_volumen,"hoja Loans_2, T21_5; muestra de bancos del EBA"
Paises Bajos,cartera_credito,"Importe de NPL | Sociedades no financieras, PYME",7114.4786,eur_millones,2024-Q3,"EBA, Risk Dashboard (anexo de datos)",https://www.eba.europa.eu/risk-and-data-analysis/risk-analysis/risk-monitoring/risk-dashboard,2026-09-16,,,tamano_empresa_empleados,importe,media_ponderada_volumen,"hoja Loans_2, T21_5; muestra de bancos del EBA"
Paises Bajos,cartera_credito,"Importe de NPL | Sociedades no financieras, PYME",6575.9509,eur_millones,2024-Q4,"EBA, Risk Dashboard (anexo de datos)",https://www.eba.europa.eu/risk-and-data-analysis/risk-analysis/risk-monitoring/risk-dashboard,2026-09-16,,,tamano_empresa_empleados,importe,media_ponderada_volumen,"hoja Loans_2, T21_5; muestra de bancos del EBA"
Paises Bajos,cartera_credito,"Importe de NPL | Sociedades no financieras, PYME",6581.4284,eur_millones,2025-Q1,"EBA, Risk Dashboard (anexo de datos)",https://www.eba.europa.eu/risk-and-data-analysis/risk-analysis/risk-monitoring/risk-dashboard,2026-09-16,,,tamano_empresa_empleados,importe,media_ponderada_volumen,"hoja Loans_2, T21_5; muestra de bancos del EBA"
Paises Bajos,cartera_credito,"Importe de NPL | Sociedades no financieras, PYME",6532.8937,eur_millones,2025-Q2,"EBA, Risk Dashboard (anexo de datos)",https://www.eba.europa.eu/risk-and-data-analysis/risk-analysis/risk-monitoring/risk-dashboard,2026-09-16,,,tamano_empresa_empleados,importe,media_ponderada_volumen,"hoja Loans_2, T21_5; muestra de bancos del EBA"
Paises Bajos,cartera_credito,"Importe de NPL | Sociedades no financieras, PYME",6666.6779,eur_millones,2025-Q3,"EBA, Risk Dashboard (anexo de datos)",https://www.eba.europa.eu/risk-and-data-analysis/risk-analysis/risk-monitoring/risk-dashboard,2026-09-16,,,tamano_empresa_empleados,importe,media_ponderada_volumen,"hoja Loans_2, T21_5; muestra de bancos del EBA"
Paises Bajos,cartera_credito,"Importe de NPL | Sociedades no financieras, PYME",6751.0964,eur_millones,2025-Q4,"EBA, Risk Dashboard (anexo de datos)",https://www.eba.europa.eu/risk-and-data-analysis/risk-analysis/risk-monitoring/risk-dashboard,2026-09-16,,,tamano_empresa_empleados,importe,media_ponderada_volumen,"hoja Loans_2, T21_5; muestra de bancos del EBA"
Paises Bajos,cartera_credito,"Importe de NPL | Sociedades no financieras, PYME",6752.7907,eur_millones,2026-Q1,"EBA, Risk Dashboard (anexo de datos)",https://www.eba.europa.eu/risk-and-data-analysis/risk-analysis/risk-monitoring/risk-dashboard,2026-09-16,,,tamano_empresa_empleados,importe,media_ponderada_volumen,"hoja Loans_2, T21_5; muestra de bancos del EBA"
Portugal,cartera_credito,"Importe de NPL | Sociedades no financieras, PYME",2231.3044,eur_millones,2024-Q1,"EBA, Risk Dashboard (anexo de datos)",https://www.eba.europa.eu/risk-and-data-analysis/risk-analysis/risk-monitoring/risk-dashboard,2026-09-16,,,tamano_empresa_empleados,importe,media_ponderada_volumen,"hoja Loans_2, T21_5; muestra de bancos del EBA"
Portugal,cartera_credito,"Importe de NPL | Sociedades no financieras, PYME",2131.1063,eur_millones,2024-Q2,"EBA, Risk Dashboard (anexo de datos)",https://www.eba.europa.eu/risk-and-data-analysis/risk-analysis/risk-monitoring/risk-dashboard,2026-09-16,,,tamano_empresa_empleados,importe,media_ponderada_volumen,"hoja Loans_2, T21_5; muestra de bancos del EBA"
Portugal,cartera_credito,"Importe de NPL | Sociedades no financieras, PYME",2037.8780,eur_millones,2024-Q3,"EBA, Risk Dashboard (anexo de datos)",https://www.eba.europa.eu/risk-and-data-analysis/risk-analysis/risk-monitoring/risk-dashboard,2026-09-16,,,tamano_empresa_empleados,importe,media_ponderada_volumen,"hoja Loans_2, T21_5; muestra de bancos del EBA"
Portugal,cartera_credito,"Importe de NPL | Sociedades no financieras, PYME",1837.8616,eur_millones,2024-Q4,"EBA, Risk Dashboard (anexo de datos)",https://www.eba.europa.eu/risk-and-data-analysis/risk-analysis/risk-monitoring/risk-dashboard,2026-09-16,,,tamano_empresa_empleados,importe,media_ponderada_volumen,"hoja Loans_2, T21_5; muestra de bancos del EBA"
Portugal,cartera_credito,"Importe de NPL | Sociedades no financieras, PYME",1601.2198,eur_millones,2025-Q1,"EBA, Risk Dashboard (anexo de datos)",https://www.eba.europa.eu/risk-and-data-analysis/risk-analysis/risk-monitoring/risk-dashboard,2026-09-16,,,tamano_empresa_empleados,importe,media_ponderada_volumen,"hoja Loans_2, T21_5; muestra de bancos del EBA"
Portugal,cartera_credito,"Importe de NPL | Sociedades no financieras, PYME",1597.6066,eur_millones,2025-Q2,"EBA, Risk Dashboard (anexo de datos)",https://www.eba.europa.eu/risk-and-data-analysis/risk-analysis/risk-monitoring/risk-dashboard,2026-09-16,,,tamano_empresa_empleados,importe,media_ponderada_volumen,"hoja Loans_2, T21_5; muestra de bancos del EBA"
Portugal,cartera_credito,"Importe de NPL | Sociedades no financieras, PYME",1641.2394,eur_millones,2025-Q3,"EBA, Risk Dashboard (anexo de datos)",https://www.eba.europa.eu/risk-and-data-analysis/risk-analysis/risk-monitoring/risk-dashboard,2026-09-16,,,tamano_empresa_empleados,importe,media_ponderada_volumen,"hoja Loans_2, T21_5; muestra de bancos del EBA"
Portugal,cartera_credito,"Importe de NPL | Sociedades no financieras, PYME",1575.2374,eur_millones,2025-Q4,"EBA, Risk Dashboard (anexo de datos)",https://www.eba.europa.eu/risk-and-data-analysis/risk-analysis/risk-monitoring/risk-dashboard,2026-09-16,,,tamano_empresa_empleados,importe,media_ponderada_volumen,"hoja Loans_2, T21_5; muestra de bancos del EBA"
Portugal,cartera_credito,"Importe de NPL | Sociedades no financieras, PYME",1555.7565,eur_millones,2026-Q1,"EBA, Risk Dashboard (anexo de datos)",https://www.eba.europa.eu/risk-and-data-analysis/risk-analysis/risk-monitoring/risk-dashboard,2026-09-16,,,tamano_empresa_empleados,importe,media_ponderada_volumen,"hoja Loans_2, T21_5; muestra de bancos del EBA"
Alemania,cartera_credito,Ratio de NPL | Total prestamos y anticipos,1.3205,pct_cartera,2024-Q1,"EBA, Risk Dashboard (anexo de datos)",https://www.eba.europa.eu/risk-and-data-analysis/risk-analysis/risk-monitoring/risk-dashboard,2026-09-16,,,n/a,ratio,media_ponderada_volumen,"hoja Loans_4, T22_1; muestra de bancos del EBA"
Alemania,cartera_credito,Ratio de NPL | Total prestamos y anticipos,1.3673,pct_cartera,2024-Q2,"EBA, Risk Dashboard (anexo de datos)",https://www.eba.europa.eu/risk-and-data-analysis/risk-analysis/risk-monitoring/risk-dashboard,2026-09-16,,,n/a,ratio,media_ponderada_volumen,"hoja Loans_4, T22_1; muestra de bancos del EBA"
Alemania,cartera_credito,Ratio de NPL | Total prestamos y anticipos,1.4617,pct_cartera,2024-Q3,"EBA, Risk Dashboard (anexo de datos)",https://www.eba.europa.eu/risk-and-data-analysis/risk-analysis/risk-monitoring/risk-dashboard,2026-09-16,,,n/a,ratio,media_ponderada_volumen,"hoja Loans_4, T22_1; muestra de bancos del EBA"
Alemania,cartera_credito,Ratio de NPL | Total prestamos y anticipos,1.5838,pct_cartera,2024-Q4,"EBA, Risk Dashboard (anexo de datos)",https://www.eba.europa.eu/risk-and-data-analysis/risk-analysis/risk-monitoring/risk-dashboard,2026-09-16,,,n/a,ratio,media_ponderada_volumen,"hoja Loans_4, T22_1; muestra de bancos del EBA"
Alemania,cartera_credito,Ratio de NPL | Total prestamos y anticipos,1.4483,pct_cartera,2025-Q1,"EBA, Risk Dashboard (anexo de datos)",https://www.eba.europa.eu/risk-and-data-analysis/risk-analysis/risk-monitoring/risk-dashboard,2026-09-16,,,n/a,ratio,media_ponderada_volumen,"hoja Loans_4, T22_1; muestra de bancos del EBA"
Alemania,cartera_credito,Ratio de NPL | Total prestamos y anticipos,1.5277,pct_cartera,2025-Q2,"EBA, Risk Dashboard (anexo de datos)",https://www.eba.europa.eu/risk-and-data-analysis/risk-analysis/risk-monitoring/risk-dashboard,2026-09-16,,,n/a,ratio,media_ponderada_volumen,"hoja Loans_4, T22_1; muestra de bancos del EBA"
Alemania,cartera_credito,Ratio de NPL | Total prestamos y anticipos,1.5623,pct_cartera,2025-Q3,"EBA, Risk Dashboard (anexo de datos)",https://www.eba.europa.eu/risk-and-data-analysis/risk-analysis/risk-monitoring/risk-dashboard,2026-09-16,,,n/a,ratio,media_ponderada_volumen,"hoja Loans_4, T22_1; muestra de bancos del EBA"
Alemania,cartera_credito,Ratio de NPL | Total prestamos y anticipos,1.6083,pct_cartera,2025-Q4,"EBA, Risk Dashboard (anexo de datos)",https://www.eba.europa.eu/risk-and-data-analysis/risk-analysis/risk-monitoring/risk-dashboard,2026-09-16,,,n/a,ratio,media_ponderada_volumen,"hoja Loans_4, T22_1; muestra de bancos del EBA"
Alemania,cartera_credito,Ratio de NPL | Total prestamos y anticipos,1.6054,pct_cartera,2026-Q1,"EBA, Risk Dashboard (anexo de datos)",https://www.eba.europa.eu/risk-and-data-analysis/risk-analysis/risk-monitoring/risk-dashboard,2026-09-16,,,n/a,ratio,media_ponderada_volumen,"hoja Loans_4, T22_1; muestra de bancos del EBA"
Espana,cartera_credito,Ratio de NPL | Total prestamos y anticipos,2.8578,pct_cartera,2024-Q1,"EBA, Risk Dashboard (anexo de datos)",https://www.eba.europa.eu/risk-and-data-analysis/risk-analysis/risk-monitoring/risk-dashboard,2026-09-16,,,n/a,ratio,media_ponderada_volumen,"hoja Loans_4, T22_1; muestra de bancos del EBA"
Espana,cartera_credito,Ratio de NPL | Total prestamos y anticipos,2.7876,pct_cartera,2024-Q2,"EBA, Risk Dashboard (anexo de datos)",https://www.eba.europa.eu/risk-and-data-analysis/risk-analysis/risk-monitoring/risk-dashboard,2026-09-16,,,n/a,ratio,media_ponderada_volumen,"hoja Loans_4, T22_1; muestra de bancos del EBA"
Espana,cartera_credito,Ratio de NPL | Total prestamos y anticipos,2.7780,pct_cartera,2024-Q3,"EBA, Risk Dashboard (anexo de datos)",https://www.eba.europa.eu/risk-and-data-analysis/risk-analysis/risk-monitoring/risk-dashboard,2026-09-16,,,n/a,ratio,media_ponderada_volumen,"hoja Loans_4, T22_1; muestra de bancos del EBA"
Espana,cartera_credito,Ratio de NPL | Total prestamos y anticipos,2.6815,pct_cartera,2024-Q4,"EBA, Risk Dashboard (anexo de datos)",https://www.eba.europa.eu/risk-and-data-analysis/risk-analysis/risk-monitoring/risk-dashboard,2026-09-16,,,n/a,ratio,media_ponderada_volumen,"hoja Loans_4, T22_1; muestra de bancos del EBA"
Espana,cartera_credito,Ratio de NPL | Total prestamos y anticipos,2.6714,pct_cartera,2025-Q1,"EBA, Risk Dashboard (anexo de datos)",https://www.eba.europa.eu/risk-and-data-analysis/risk-analysis/risk-monitoring/risk-dashboard,2026-09-16,,,n/a,ratio,media_ponderada_volumen,"hoja Loans_4, T22_1; muestra de bancos del EBA"
Espana,cartera_credito,Ratio de NPL | Total prestamos y anticipos,2.5595,pct_cartera,2025-Q2,"EBA, Risk Dashboard (anexo de datos)",https://www.eba.europa.eu/risk-and-data-analysis/risk-analysis/risk-monitoring/risk-dashboard,2026-09-16,,,n/a,ratio,media_ponderada_volumen,"hoja Loans_4, T22_1; muestra de bancos del EBA"
Espana,cartera_credito,Ratio de NPL | Total prestamos y anticipos,2.5282,pct_cartera,2025-Q3,"EBA, Risk Dashboard (anexo de datos)",https://www.eba.europa.eu/risk-and-data-analysis/risk-analysis/risk-monitoring/risk-dashboard,2026-09-16,,,n/a,ratio,media_ponderada_volumen,"hoja Loans_4, T22_1; muestra de bancos del EBA"
Espana,cartera_credito,Ratio de NPL | Total prestamos y anticipos,2.4819,pct_cartera,2025-Q4,"EBA, Risk Dashboard (anexo de datos)",https://www.eba.europa.eu/risk-and-data-analysis/risk-analysis/risk-monitoring/risk-dashboard,2026-09-16,,,n/a,ratio,media_ponderada_volumen,"hoja Loans_4, T22_1; muestra de bancos del EBA"
Espana,cartera_credito,Ratio de NPL | Total prestamos y anticipos,2.6028,pct_cartera,2026-Q1,"EBA, Risk Dashboard (anexo de datos)",https://www.eba.europa.eu/risk-and-data-analysis/risk-analysis/risk-monitoring/risk-dashboard,2026-09-16,,,n/a,ratio,media_ponderada_volumen,"hoja Loans_4, T22_1; muestra de bancos del EBA"
Union Europea,cartera_credito,Ratio de NPL | Total prestamos y anticipos,1.8573,pct_cartera,2024-Q1,"EBA, Risk Dashboard (anexo de datos)",https://www.eba.europa.eu/risk-and-data-analysis/risk-analysis/risk-monitoring/risk-dashboard,2026-09-16,,,n/a,ratio,media_ponderada_volumen,"hoja Loans_4, T22_1; muestra de bancos del EBA"
Union Europea,cartera_credito,Ratio de NPL | Total prestamos y anticipos,1.8636,pct_cartera,2024-Q2,"EBA, Risk Dashboard (anexo de datos)",https://www.eba.europa.eu/risk-and-data-analysis/risk-analysis/risk-monitoring/risk-dashboard,2026-09-16,,,n/a,ratio,media_ponderada_volumen,"hoja Loans_4, T22_1; muestra de bancos del EBA"
Union Europea,cartera_credito,Ratio de NPL | Total prestamos y anticipos,1.8847,pct_cartera,2024-Q3,"EBA, Risk Dashboard (anexo de datos)",https://www.eba.europa.eu/risk-and-data-analysis/risk-analysis/risk-monitoring/risk-dashboard,2026-09-16,,,n/a,ratio,media_ponderada_volumen,"hoja Loans_4, T22_1; muestra de bancos del EBA"
Union Europea,cartera_credito,Ratio de NPL | Total prestamos y anticipos,1.8824,pct_cartera,2024-Q4,"EBA, Risk Dashboard (anexo de datos)",https://www.eba.europa.eu/risk-and-data-analysis/risk-analysis/risk-monitoring/risk-dashboard,2026-09-16,,,n/a,ratio,media_ponderada_volumen,"hoja Loans_4, T22_1; muestra de bancos del EBA"
Union Europea,cartera_credito,Ratio de NPL | Total prestamos y anticipos,1.8391,pct_cartera,2025-Q1,"EBA, Risk Dashboard (anexo de datos)",https://www.eba.europa.eu/risk-and-data-analysis/risk-analysis/risk-monitoring/risk-dashboard,2026-09-16,,,n/a,ratio,media_ponderada_volumen,"hoja Loans_4, T22_1; muestra de bancos del EBA"
Union Europea,cartera_credito,Ratio de NPL | Total prestamos y anticipos,1.8373,pct_cartera,2025-Q2,"EBA, Risk Dashboard (anexo de datos)",https://www.eba.europa.eu/risk-and-data-analysis/risk-analysis/risk-monitoring/risk-dashboard,2026-09-16,,,n/a,ratio,media_ponderada_volumen,"hoja Loans_4, T22_1; muestra de bancos del EBA"
Union Europea,cartera_credito,Ratio de NPL | Total prestamos y anticipos,1.8391,pct_cartera,2025-Q3,"EBA, Risk Dashboard (anexo de datos)",https://www.eba.europa.eu/risk-and-data-analysis/risk-analysis/risk-monitoring/risk-dashboard,2026-09-16,,,n/a,ratio,media_ponderada_volumen,"hoja Loans_4, T22_1; muestra de bancos del EBA"
Union Europea,cartera_credito,Ratio de NPL | Total prestamos y anticipos,1.8231,pct_cartera,2025-Q4,"EBA, Risk Dashboard (anexo de datos)",https://www.eba.europa.eu/risk-and-data-analysis/risk-analysis/risk-monitoring/risk-dashboard,2026-09-16,,,n/a,ratio,media_ponderada_volumen,"hoja Loans_4, T22_1; muestra de bancos del EBA"
Union Europea,cartera_credito,Ratio de NPL | Total prestamos y anticipos,1.8206,pct_cartera,2026-Q1,"EBA, Risk Dashboard (anexo de datos)",https://www.eba.europa.eu/risk-and-data-analysis/risk-analysis/risk-monitoring/risk-dashboard,2026-09-16,,,n/a,ratio,media_ponderada_volumen,"hoja Loans_4, T22_1; muestra de bancos del EBA"
Francia,cartera_credito,Ratio de NPL | Total prestamos y anticipos,1.9963,pct_cartera,2024-Q1,"EBA, Risk Dashboard (anexo de datos)",https://www.eba.europa.eu/risk-and-data-analysis/risk-analysis/risk-monitoring/risk-dashboard,2026-09-16,,,n/a,ratio,media_ponderada_volumen,"hoja Loans_4, T22_1; muestra de bancos del EBA"
Francia,cartera_credito,Ratio de NPL | Total prestamos y anticipos,2.0320,pct_cartera,2024-Q2,"EBA, Risk Dashboard (anexo de datos)",https://www.eba.europa.eu/risk-and-data-analysis/risk-analysis/risk-monitoring/risk-dashboard,2026-09-16,,,n/a,ratio,media_ponderada_volumen,"hoja Loans_4, T22_1; muestra de bancos del EBA"
Francia,cartera_credito,Ratio de NPL | Total prestamos y anticipos,2.0635,pct_cartera,2024-Q3,"EBA, Risk Dashboard (anexo de datos)",https://www.eba.europa.eu/risk-and-data-analysis/risk-analysis/risk-monitoring/risk-dashboard,2026-09-16,,,n/a,ratio,media_ponderada_volumen,"hoja Loans_4, T22_1; muestra de bancos del EBA"
Francia,cartera_credito,Ratio de NPL | Total prestamos y anticipos,2.0262,pct_cartera,2024-Q4,"EBA, Risk Dashboard (anexo de datos)",https://www.eba.europa.eu/risk-and-data-analysis/risk-analysis/risk-monitoring/risk-dashboard,2026-09-16,,,n/a,ratio,media_ponderada_volumen,"hoja Loans_4, T22_1; muestra de bancos del EBA"
Francia,cartera_credito,Ratio de NPL | Total prestamos y anticipos,2.0526,pct_cartera,2025-Q1,"EBA, Risk Dashboard (anexo de datos)",https://www.eba.europa.eu/risk-and-data-analysis/risk-analysis/risk-monitoring/risk-dashboard,2026-09-16,,,n/a,ratio,media_ponderada_volumen,"hoja Loans_4, T22_1; muestra de bancos del EBA"
Francia,cartera_credito,Ratio de NPL | Total prestamos y anticipos,2.0931,pct_cartera,2025-Q2,"EBA, Risk Dashboard (anexo de datos)",https://www.eba.europa.eu/risk-and-data-analysis/risk-analysis/risk-monitoring/risk-dashboard,2026-09-16,,,n/a,ratio,media_ponderada_volumen,"hoja Loans_4, T22_1; muestra de bancos del EBA"
Francia,cartera_credito,Ratio de NPL | Total prestamos y anticipos,2.1235,pct_cartera,2025-Q3,"EBA, Risk Dashboard (anexo de datos)",https://www.eba.europa.eu/risk-and-data-analysis/risk-analysis/risk-monitoring/risk-dashboard,2026-09-16,,,n/a,ratio,media_ponderada_volumen,"hoja Loans_4, T22_1; muestra de bancos del EBA"
Francia,cartera_credito,Ratio de NPL | Total prestamos y anticipos,2.1410,pct_cartera,2025-Q4,"EBA, Risk Dashboard (anexo de datos)",https://www.eba.europa.eu/risk-and-data-analysis/risk-analysis/risk-monitoring/risk-dashboard,2026-09-16,,,n/a,ratio,media_ponderada_volumen,"hoja Loans_4, T22_1; muestra de bancos del EBA"
Francia,cartera_credito,Ratio de NPL | Total prestamos y anticipos,2.1582,pct_cartera,2026-Q1,"EBA, Risk Dashboard (anexo de datos)",https://www.eba.europa.eu/risk-and-data-analysis/risk-analysis/risk-monitoring/risk-dashboard,2026-09-16,,,n/a,ratio,media_ponderada_volumen,"hoja Loans_4, T22_1; muestra de bancos del EBA"
Italia,cartera_credito,Ratio de NPL | Total prestamos y anticipos,2.4353,pct_cartera,2024-Q1,"EBA, Risk Dashboard (anexo de datos)",https://www.eba.europa.eu/risk-and-data-analysis/risk-analysis/risk-monitoring/risk-dashboard,2026-09-16,,,n/a,ratio,media_ponderada_volumen,"hoja Loans_4, T22_1; muestra de bancos del EBA"
Italia,cartera_credito,Ratio de NPL | Total prestamos y anticipos,2.4075,pct_cartera,2024-Q2,"EBA, Risk Dashboard (anexo de datos)",https://www.eba.europa.eu/risk-and-data-analysis/risk-analysis/risk-monitoring/risk-dashboard,2026-09-16,,,n/a,ratio,media_ponderada_volumen,"hoja Loans_4, T22_1; muestra de bancos del EBA"
Italia,cartera_credito,Ratio de NPL | Total prestamos y anticipos,2.4048,pct_cartera,2024-Q3,"EBA, Risk Dashboard (anexo de datos)",https://www.eba.europa.eu/risk-and-data-analysis/risk-analysis/risk-monitoring/risk-dashboard,2026-09-16,,,n/a,ratio,media_ponderada_volumen,"hoja Loans_4, T22_1; muestra de bancos del EBA"
Italia,cartera_credito,Ratio de NPL | Total prestamos y anticipos,2.3094,pct_cartera,2024-Q4,"EBA, Risk Dashboard (anexo de datos)",https://www.eba.europa.eu/risk-and-data-analysis/risk-analysis/risk-monitoring/risk-dashboard,2026-09-16,,,n/a,ratio,media_ponderada_volumen,"hoja Loans_4, T22_1; muestra de bancos del EBA"
Italia,cartera_credito,Ratio de NPL | Total prestamos y anticipos,2.3157,pct_cartera,2025-Q1,"EBA, Risk Dashboard (anexo de datos)",https://www.eba.europa.eu/risk-and-data-analysis/risk-analysis/risk-monitoring/risk-dashboard,2026-09-16,,,n/a,ratio,media_ponderada_volumen,"hoja Loans_4, T22_1; muestra de bancos del EBA"
Italia,cartera_credito,Ratio de NPL | Total prestamos y anticipos,2.2627,pct_cartera,2025-Q2,"EBA, Risk Dashboard (anexo de datos)",https://www.eba.europa.eu/risk-and-data-analysis/risk-analysis/risk-monitoring/risk-dashboard,2026-09-16,,,n/a,ratio,media_ponderada_volumen,"hoja Loans_4, T22_1; muestra de bancos del EBA"
Italia,cartera_credito,Ratio de NPL | Total prestamos y anticipos,2.2255,pct_cartera,2025-Q3,"EBA, Risk Dashboard (anexo de datos)",https://www.eba.europa.eu/risk-and-data-analysis/risk-analysis/risk-monitoring/risk-dashboard,2026-09-16,,,n/a,ratio,media_ponderada_volumen,"hoja Loans_4, T22_1; muestra de bancos del EBA"
Italia,cartera_credito,Ratio de NPL | Total prestamos y anticipos,2.0003,pct_cartera,2025-Q4,"EBA, Risk Dashboard (anexo de datos)",https://www.eba.europa.eu/risk-and-data-analysis/risk-analysis/risk-monitoring/risk-dashboard,2026-09-16,,,n/a,ratio,media_ponderada_volumen,"hoja Loans_4, T22_1; muestra de bancos del EBA"
Italia,cartera_credito,Ratio de NPL | Total prestamos y anticipos,1.9657,pct_cartera,2026-Q1,"EBA, Risk Dashboard (anexo de datos)",https://www.eba.europa.eu/risk-and-data-analysis/risk-analysis/risk-monitoring/risk-dashboard,2026-09-16,,,n/a,ratio,media_ponderada_volumen,"hoja Loans_4, T22_1; muestra de bancos del EBA"
Paises Bajos,cartera_credito,Ratio de NPL | Total prestamos y anticipos,1.3599,pct_cartera,2024-Q1,"EBA, Risk Dashboard (anexo de datos)",https://www.eba.europa.eu/risk-and-data-analysis/risk-analysis/risk-monitoring/risk-dashboard,2026-09-16,,,n/a,ratio,media_ponderada_volumen,"hoja Loans_4, T22_1; muestra de bancos del EBA"
Paises Bajos,cartera_credito,Ratio de NPL | Total prestamos y anticipos,1.4160,pct_cartera,2024-Q2,"EBA, Risk Dashboard (anexo de datos)",https://www.eba.europa.eu/risk-and-data-analysis/risk-analysis/risk-monitoring/risk-dashboard,2026-09-16,,,n/a,ratio,media_ponderada_volumen,"hoja Loans_4, T22_1; muestra de bancos del EBA"
Paises Bajos,cartera_credito,Ratio de NPL | Total prestamos y anticipos,1.4126,pct_cartera,2024-Q3,"EBA, Risk Dashboard (anexo de datos)",https://www.eba.europa.eu/risk-and-data-analysis/risk-analysis/risk-monitoring/risk-dashboard,2026-09-16,,,n/a,ratio,media_ponderada_volumen,"hoja Loans_4, T22_1; muestra de bancos del EBA"
Paises Bajos,cartera_credito,Ratio de NPL | Total prestamos y anticipos,1.5057,pct_cartera,2024-Q4,"EBA, Risk Dashboard (anexo de datos)",https://www.eba.europa.eu/risk-and-data-analysis/risk-analysis/risk-monitoring/risk-dashboard,2026-09-16,,,n/a,ratio,media_ponderada_volumen,"hoja Loans_4, T22_1; muestra de bancos del EBA"
Paises Bajos,cartera_credito,Ratio de NPL | Total prestamos y anticipos,1.4149,pct_cartera,2025-Q1,"EBA, Risk Dashboard (anexo de datos)",https://www.eba.europa.eu/risk-and-data-analysis/risk-analysis/risk-monitoring/risk-dashboard,2026-09-16,,,n/a,ratio,media_ponderada_volumen,"hoja Loans_4, T22_1; muestra de bancos del EBA"
Paises Bajos,cartera_credito,Ratio de NPL | Total prestamos y anticipos,1.3555,pct_cartera,2025-Q2,"EBA, Risk Dashboard (anexo de datos)",https://www.eba.europa.eu/risk-and-data-analysis/risk-analysis/risk-monitoring/risk-dashboard,2026-09-16,,,n/a,ratio,media_ponderada_volumen,"hoja Loans_4, T22_1; muestra de bancos del EBA"
Paises Bajos,cartera_credito,Ratio de NPL | Total prestamos y anticipos,1.3315,pct_cartera,2025-Q3,"EBA, Risk Dashboard (anexo de datos)",https://www.eba.europa.eu/risk-and-data-analysis/risk-analysis/risk-monitoring/risk-dashboard,2026-09-16,,,n/a,ratio,media_ponderada_volumen,"hoja Loans_4, T22_1; muestra de bancos del EBA"
Paises Bajos,cartera_credito,Ratio de NPL | Total prestamos y anticipos,1.3468,pct_cartera,2025-Q4,"EBA, Risk Dashboard (anexo de datos)",https://www.eba.europa.eu/risk-and-data-analysis/risk-analysis/risk-monitoring/risk-dashboard,2026-09-16,,,n/a,ratio,media_ponderada_volumen,"hoja Loans_4, T22_1; muestra de bancos del EBA"
Paises Bajos,cartera_credito,Ratio de NPL | Total prestamos y anticipos,1.3463,pct_cartera,2026-Q1,"EBA, Risk Dashboard (anexo de datos)",https://www.eba.europa.eu/risk-and-data-analysis/risk-analysis/risk-monitoring/risk-dashboard,2026-09-16,,,n/a,ratio,media_ponderada_volumen,"hoja Loans_4, T22_1; muestra de bancos del EBA"
Portugal,cartera_credito,Ratio de NPL | Total prestamos y anticipos,2.4773,pct_cartera,2024-Q1,"EBA, Risk Dashboard (anexo de datos)",https://www.eba.europa.eu/risk-and-data-analysis/risk-analysis/risk-monitoring/risk-dashboard,2026-09-16,,,n/a,ratio,media_ponderada_volumen,"hoja Loans_4, T22_1; muestra de bancos del EBA"
Portugal,cartera_credito,Ratio de NPL | Total prestamos y anticipos,2.4372,pct_cartera,2024-Q2,"EBA, Risk Dashboard (anexo de datos)",https://www.eba.europa.eu/risk-and-data-analysis/risk-analysis/risk-monitoring/risk-dashboard,2026-09-16,,,n/a,ratio,media_ponderada_volumen,"hoja Loans_4, T22_1; muestra de bancos del EBA"
Portugal,cartera_credito,Ratio de NPL | Total prestamos y anticipos,2.3878,pct_cartera,2024-Q3,"EBA, Risk Dashboard (anexo de datos)",https://www.eba.europa.eu/risk-and-data-analysis/risk-analysis/risk-monitoring/risk-dashboard,2026-09-16,,,n/a,ratio,media_ponderada_volumen,"hoja Loans_4, T22_1; muestra de bancos del EBA"
Portugal,cartera_credito,Ratio de NPL | Total prestamos y anticipos,2.2794,pct_cartera,2024-Q4,"EBA, Risk Dashboard (anexo de datos)",https://www.eba.europa.eu/risk-and-data-analysis/risk-analysis/risk-monitoring/risk-dashboard,2026-09-16,,,n/a,ratio,media_ponderada_volumen,"hoja Loans_4, T22_1; muestra de bancos del EBA"
Portugal,cartera_credito,Ratio de NPL | Total prestamos y anticipos,2.1607,pct_cartera,2025-Q1,"EBA, Risk Dashboard (anexo de datos)",https://www.eba.europa.eu/risk-and-data-analysis/risk-analysis/risk-monitoring/risk-dashboard,2026-09-16,,,n/a,ratio,media_ponderada_volumen,"hoja Loans_4, T22_1; muestra de bancos del EBA"
Portugal,cartera_credito,Ratio de NPL | Total prestamos y anticipos,2.1214,pct_cartera,2025-Q2,"EBA, Risk Dashboard (anexo de datos)",https://www.eba.europa.eu/risk-and-data-analysis/risk-analysis/risk-monitoring/risk-dashboard,2026-09-16,,,n/a,ratio,media_ponderada_volumen,"hoja Loans_4, T22_1; muestra de bancos del EBA"
Portugal,cartera_credito,Ratio de NPL | Total prestamos y anticipos,2.0498,pct_cartera,2025-Q3,"EBA, Risk Dashboard (anexo de datos)",https://www.eba.europa.eu/risk-and-data-analysis/risk-analysis/risk-monitoring/risk-dashboard,2026-09-16,,,n/a,ratio,media_ponderada_volumen,"hoja Loans_4, T22_1; muestra de bancos del EBA"
Portugal,cartera_credito,Ratio de NPL | Total prestamos y anticipos,1.9587,pct_cartera,2025-Q4,"EBA, Risk Dashboard (anexo de datos)",https://www.eba.europa.eu/risk-and-data-analysis/risk-analysis/risk-monitoring/risk-dashboard,2026-09-16,,,n/a,ratio,media_ponderada_volumen,"hoja Loans_4, T22_1; muestra de bancos del EBA"
Portugal,cartera_credito,Ratio de NPL | Total prestamos y anticipos,1.9051,pct_cartera,2026-Q1,"EBA, Risk Dashboard (anexo de datos)",https://www.eba.europa.eu/risk-and-data-analysis/risk-analysis/risk-monitoring/risk-dashboard,2026-09-16,,,n/a,ratio,media_ponderada_volumen,"hoja Loans_4, T22_1; muestra de bancos del EBA"
Alemania,cartera_credito,Ratio de NPL | Hogares,1.5084,pct_cartera,2024-Q1,"EBA, Risk Dashboard (anexo de datos)",https://www.eba.europa.eu/risk-and-data-analysis/risk-analysis/risk-monitoring/risk-dashboard,2026-09-16,,,n/a,ratio,media_ponderada_volumen,"hoja Loans_4, T22_2; muestra de bancos del EBA"
Alemania,cartera_credito,Ratio de NPL | Hogares,1.5248,pct_cartera,2024-Q2,"EBA, Risk Dashboard (anexo de datos)",https://www.eba.europa.eu/risk-and-data-analysis/risk-analysis/risk-monitoring/risk-dashboard,2026-09-16,,,n/a,ratio,media_ponderada_volumen,"hoja Loans_4, T22_2; muestra de bancos del EBA"
Alemania,cartera_credito,Ratio de NPL | Hogares,1.6422,pct_cartera,2024-Q3,"EBA, Risk Dashboard (anexo de datos)",https://www.eba.europa.eu/risk-and-data-analysis/risk-analysis/risk-monitoring/risk-dashboard,2026-09-16,,,n/a,ratio,media_ponderada_volumen,"hoja Loans_4, T22_2; muestra de bancos del EBA"
Alemania,cartera_credito,Ratio de NPL | Hogares,1.6591,pct_cartera,2024-Q4,"EBA, Risk Dashboard (anexo de datos)",https://www.eba.europa.eu/risk-and-data-analysis/risk-analysis/risk-monitoring/risk-dashboard,2026-09-16,,,n/a,ratio,media_ponderada_volumen,"hoja Loans_4, T22_2; muestra de bancos del EBA"
Alemania,cartera_credito,Ratio de NPL | Hogares,1.6037,pct_cartera,2025-Q1,"EBA, Risk Dashboard (anexo de datos)",https://www.eba.europa.eu/risk-and-data-analysis/risk-analysis/risk-monitoring/risk-dashboard,2026-09-16,,,n/a,ratio,media_ponderada_volumen,"hoja Loans_4, T22_2; muestra de bancos del EBA"
Alemania,cartera_credito,Ratio de NPL | Hogares,1.6218,pct_cartera,2025-Q2,"EBA, Risk Dashboard (anexo de datos)",https://www.eba.europa.eu/risk-and-data-analysis/risk-analysis/risk-monitoring/risk-dashboard,2026-09-16,,,n/a,ratio,media_ponderada_volumen,"hoja Loans_4, T22_2; muestra de bancos del EBA"
Alemania,cartera_credito,Ratio de NPL | Hogares,1.6380,pct_cartera,2025-Q3,"EBA, Risk Dashboard (anexo de datos)",https://www.eba.europa.eu/risk-and-data-analysis/risk-analysis/risk-monitoring/risk-dashboard,2026-09-16,,,n/a,ratio,media_ponderada_volumen,"hoja Loans_4, T22_2; muestra de bancos del EBA"
Alemania,cartera_credito,Ratio de NPL | Hogares,1.6972,pct_cartera,2025-Q4,"EBA, Risk Dashboard (anexo de datos)",https://www.eba.europa.eu/risk-and-data-analysis/risk-analysis/risk-monitoring/risk-dashboard,2026-09-16,,,n/a,ratio,media_ponderada_volumen,"hoja Loans_4, T22_2; muestra de bancos del EBA"
Alemania,cartera_credito,Ratio de NPL | Hogares,1.7262,pct_cartera,2026-Q1,"EBA, Risk Dashboard (anexo de datos)",https://www.eba.europa.eu/risk-and-data-analysis/risk-analysis/risk-monitoring/risk-dashboard,2026-09-16,,,n/a,ratio,media_ponderada_volumen,"hoja Loans_4, T22_2; muestra de bancos del EBA"
Espana,cartera_credito,Ratio de NPL | Hogares,3.8670,pct_cartera,2024-Q1,"EBA, Risk Dashboard (anexo de datos)",https://www.eba.europa.eu/risk-and-data-analysis/risk-analysis/risk-monitoring/risk-dashboard,2026-09-16,,,n/a,ratio,media_ponderada_volumen,"hoja Loans_4, T22_2; muestra de bancos del EBA"
Espana,cartera_credito,Ratio de NPL | Hogares,3.7374,pct_cartera,2024-Q2,"EBA, Risk Dashboard (anexo de datos)",https://www.eba.europa.eu/risk-and-data-analysis/risk-analysis/risk-monitoring/risk-dashboard,2026-09-16,,,n/a,ratio,media_ponderada_volumen,"hoja Loans_4, T22_2; muestra de bancos del EBA"
Espana,cartera_credito,Ratio de NPL | Hogares,3.8015,pct_cartera,2024-Q3,"EBA, Risk Dashboard (anexo de datos)",https://www.eba.europa.eu/risk-and-data-analysis/risk-analysis/risk-monitoring/risk-dashboard,2026-09-16,,,n/a,ratio,media_ponderada_volumen,"hoja Loans_4, T22_2; muestra de bancos del EBA"
Espana,cartera_credito,Ratio de NPL | Hogares,3.7269,pct_cartera,2024-Q4,"EBA, Risk Dashboard (anexo de datos)",https://www.eba.europa.eu/risk-and-data-analysis/risk-analysis/risk-monitoring/risk-dashboard,2026-09-16,,,n/a,ratio,media_ponderada_volumen,"hoja Loans_4, T22_2; muestra de bancos del EBA"
Espana,cartera_credito,Ratio de NPL | Hogares,3.7148,pct_cartera,2025-Q1,"EBA, Risk Dashboard (anexo de datos)",https://www.eba.europa.eu/risk-and-data-analysis/risk-analysis/risk-monitoring/risk-dashboard,2026-09-16,,,n/a,ratio,media_ponderada_volumen,"hoja Loans_4, T22_2; muestra de bancos del EBA"
Espana,cartera_credito,Ratio de NPL | Hogares,3.5595,pct_cartera,2025-Q2,"EBA, Risk Dashboard (anexo de datos)",https://www.eba.europa.eu/risk-and-data-analysis/risk-analysis/risk-monitoring/risk-dashboard,2026-09-16,,,n/a,ratio,media_ponderada_volumen,"hoja Loans_4, T22_2; muestra de bancos del EBA"
Espana,cartera_credito,Ratio de NPL | Hogares,3.5890,pct_cartera,2025-Q3,"EBA, Risk Dashboard (anexo de datos)",https://www.eba.europa.eu/risk-and-data-analysis/risk-analysis/risk-monitoring/risk-dashboard,2026-09-16,,,n/a,ratio,media_ponderada_volumen,"hoja Loans_4, T22_2; muestra de bancos del EBA"
Espana,cartera_credito,Ratio de NPL | Hogares,3.5419,pct_cartera,2025-Q4,"EBA, Risk Dashboard (anexo de datos)",https://www.eba.europa.eu/risk-and-data-analysis/risk-analysis/risk-monitoring/risk-dashboard,2026-09-16,,,n/a,ratio,media_ponderada_volumen,"hoja Loans_4, T22_2; muestra de bancos del EBA"
Espana,cartera_credito,Ratio de NPL | Hogares,3.7710,pct_cartera,2026-Q1,"EBA, Risk Dashboard (anexo de datos)",https://www.eba.europa.eu/risk-and-data-analysis/risk-analysis/risk-monitoring/risk-dashboard,2026-09-16,,,n/a,ratio,media_ponderada_volumen,"hoja Loans_4, T22_2; muestra de bancos del EBA"
Union Europea,cartera_credito,Ratio de NPL | Hogares,2.1809,pct_cartera,2024-Q1,"EBA, Risk Dashboard (anexo de datos)",https://www.eba.europa.eu/risk-and-data-analysis/risk-analysis/risk-monitoring/risk-dashboard,2026-09-16,,,n/a,ratio,media_ponderada_volumen,"hoja Loans_4, T22_2; muestra de bancos del EBA"
Union Europea,cartera_credito,Ratio de NPL | Hogares,2.1590,pct_cartera,2024-Q2,"EBA, Risk Dashboard (anexo de datos)",https://www.eba.europa.eu/risk-and-data-analysis/risk-analysis/risk-monitoring/risk-dashboard,2026-09-16,,,n/a,ratio,media_ponderada_volumen,"hoja Loans_4, T22_2; muestra de bancos del EBA"
Union Europea,cartera_credito,Ratio de NPL | Hogares,2.1742,pct_cartera,2024-Q3,"EBA, Risk Dashboard (anexo de datos)",https://www.eba.europa.eu/risk-and-data-analysis/risk-analysis/risk-monitoring/risk-dashboard,2026-09-16,,,n/a,ratio,media_ponderada_volumen,"hoja Loans_4, T22_2; muestra de bancos del EBA"
Union Europea,cartera_credito,Ratio de NPL | Hogares,2.1423,pct_cartera,2024-Q4,"EBA, Risk Dashboard (anexo de datos)",https://www.eba.europa.eu/risk-and-data-analysis/risk-analysis/risk-monitoring/risk-dashboard,2026-09-16,,,n/a,ratio,media_ponderada_volumen,"hoja Loans_4, T22_2; muestra de bancos del EBA"
Union Europea,cartera_credito,Ratio de NPL | Hogares,2.1325,pct_cartera,2025-Q1,"EBA, Risk Dashboard (anexo de datos)",https://www.eba.europa.eu/risk-and-data-analysis/risk-analysis/risk-monitoring/risk-dashboard,2026-09-16,,,n/a,ratio,media_ponderada_volumen,"hoja Loans_4, T22_2; muestra de bancos del EBA"
Union Europea,cartera_credito,Ratio de NPL | Hogares,2.0805,pct_cartera,2025-Q2,"EBA, Risk Dashboard (anexo de datos)",https://www.eba.europa.eu/risk-and-data-analysis/risk-analysis/risk-monitoring/risk-dashboard,2026-09-16,,,n/a,ratio,media_ponderada_volumen,"hoja Loans_4, T22_2; muestra de bancos del EBA"
Union Europea,cartera_credito,Ratio de NPL | Hogares,2.0749,pct_cartera,2025-Q3,"EBA, Risk Dashboard (anexo de datos)",https://www.eba.europa.eu/risk-and-data-analysis/risk-analysis/risk-monitoring/risk-dashboard,2026-09-16,,,n/a,ratio,media_ponderada_volumen,"hoja Loans_4, T22_2; muestra de bancos del EBA"
Union Europea,cartera_credito,Ratio de NPL | Hogares,2.0224,pct_cartera,2025-Q4,"EBA, Risk Dashboard (anexo de datos)",https://www.eba.europa.eu/risk-and-data-analysis/risk-analysis/risk-monitoring/risk-dashboard,2026-09-16,,,n/a,ratio,media_ponderada_volumen,"hoja Loans_4, T22_2; muestra de bancos del EBA"
Union Europea,cartera_credito,Ratio de NPL | Hogares,2.0452,pct_cartera,2026-Q1,"EBA, Risk Dashboard (anexo de datos)",https://www.eba.europa.eu/risk-and-data-analysis/risk-analysis/risk-monitoring/risk-dashboard,2026-09-16,,,n/a,ratio,media_ponderada_volumen,"hoja Loans_4, T22_2; muestra de bancos del EBA"
Francia,cartera_credito,Ratio de NPL | Hogares,2.0826,pct_cartera,2024-Q1,"EBA, Risk Dashboard (anexo de datos)",https://www.eba.europa.eu/risk-and-data-analysis/risk-analysis/risk-monitoring/risk-dashboard,2026-09-16,,,n/a,ratio,media_ponderada_volumen,"hoja Loans_4, T22_2; muestra de bancos del EBA"
Francia,cartera_credito,Ratio de NPL | Hogares,2.1462,pct_cartera,2024-Q2,"EBA, Risk Dashboard (anexo de datos)",https://www.eba.europa.eu/risk-and-data-analysis/risk-analysis/risk-monitoring/risk-dashboard,2026-09-16,,,n/a,ratio,media_ponderada_volumen,"hoja Loans_4, T22_2; muestra de bancos del EBA"
Francia,cartera_credito,Ratio de NPL | Hogares,2.1630,pct_cartera,2024-Q3,"EBA, Risk Dashboard (anexo de datos)",https://www.eba.europa.eu/risk-and-data-analysis/risk-analysis/risk-monitoring/risk-dashboard,2026-09-16,,,n/a,ratio,media_ponderada_volumen,"hoja Loans_4, T22_2; muestra de bancos del EBA"
Francia,cartera_credito,Ratio de NPL | Hogares,2.1673,pct_cartera,2024-Q4,"EBA, Risk Dashboard (anexo de datos)",https://www.eba.europa.eu/risk-and-data-analysis/risk-analysis/risk-monitoring/risk-dashboard,2026-09-16,,,n/a,ratio,media_ponderada_volumen,"hoja Loans_4, T22_2; muestra de bancos del EBA"
Francia,cartera_credito,Ratio de NPL | Hogares,2.2087,pct_cartera,2025-Q1,"EBA, Risk Dashboard (anexo de datos)",https://www.eba.europa.eu/risk-and-data-analysis/risk-analysis/risk-monitoring/risk-dashboard,2026-09-16,,,n/a,ratio,media_ponderada_volumen,"hoja Loans_4, T22_2; muestra de bancos del EBA"
Francia,cartera_credito,Ratio de NPL | Hogares,2.2326,pct_cartera,2025-Q2,"EBA, Risk Dashboard (anexo de datos)",https://www.eba.europa.eu/risk-and-data-analysis/risk-analysis/risk-monitoring/risk-dashboard,2026-09-16,,,n/a,ratio,media_ponderada_volumen,"hoja Loans_4, T22_2; muestra de bancos del EBA"
Francia,cartera_credito,Ratio de NPL | Hogares,2.2537,pct_cartera,2025-Q3,"EBA, Risk Dashboard (anexo de datos)",https://www.eba.europa.eu/risk-and-data-analysis/risk-analysis/risk-monitoring/risk-dashboard,2026-09-16,,,n/a,ratio,media_ponderada_volumen,"hoja Loans_4, T22_2; muestra de bancos del EBA"
Francia,cartera_credito,Ratio de NPL | Hogares,2.2363,pct_cartera,2025-Q4,"EBA, Risk Dashboard (anexo de datos)",https://www.eba.europa.eu/risk-and-data-analysis/risk-analysis/risk-monitoring/risk-dashboard,2026-09-16,,,n/a,ratio,media_ponderada_volumen,"hoja Loans_4, T22_2; muestra de bancos del EBA"
Francia,cartera_credito,Ratio de NPL | Hogares,2.2731,pct_cartera,2026-Q1,"EBA, Risk Dashboard (anexo de datos)",https://www.eba.europa.eu/risk-and-data-analysis/risk-analysis/risk-monitoring/risk-dashboard,2026-09-16,,,n/a,ratio,media_ponderada_volumen,"hoja Loans_4, T22_2; muestra de bancos del EBA"
Italia,cartera_credito,Ratio de NPL | Hogares,2.2478,pct_cartera,2024-Q1,"EBA, Risk Dashboard (anexo de datos)",https://www.eba.europa.eu/risk-and-data-analysis/risk-analysis/risk-monitoring/risk-dashboard,2026-09-16,,,n/a,ratio,media_ponderada_volumen,"hoja Loans_4, T22_2; muestra de bancos del EBA"
Italia,cartera_credito,Ratio de NPL | Hogares,2.2297,pct_cartera,2024-Q2,"EBA, Risk Dashboard (anexo de datos)",https://www.eba.europa.eu/risk-and-data-analysis/risk-analysis/risk-monitoring/risk-dashboard,2026-09-16,,,n/a,ratio,media_ponderada_volumen,"hoja Loans_4, T22_2; muestra de bancos del EBA"
Italia,cartera_credito,Ratio de NPL | Hogares,2.1792,pct_cartera,2024-Q3,"EBA, Risk Dashboard (anexo de datos)",https://www.eba.europa.eu/risk-and-data-analysis/risk-analysis/risk-monitoring/risk-dashboard,2026-09-16,,,n/a,ratio,media_ponderada_volumen,"hoja Loans_4, T22_2; muestra de bancos del EBA"
Italia,cartera_credito,Ratio de NPL | Hogares,2.0664,pct_cartera,2024-Q4,"EBA, Risk Dashboard (anexo de datos)",https://www.eba.europa.eu/risk-and-data-analysis/risk-analysis/risk-monitoring/risk-dashboard,2026-09-16,,,n/a,ratio,media_ponderada_volumen,"hoja Loans_4, T22_2; muestra de bancos del EBA"
Italia,cartera_credito,Ratio de NPL | Hogares,2.0273,pct_cartera,2025-Q1,"EBA, Risk Dashboard (anexo de datos)",https://www.eba.europa.eu/risk-and-data-analysis/risk-analysis/risk-monitoring/risk-dashboard,2026-09-16,,,n/a,ratio,media_ponderada_volumen,"hoja Loans_4, T22_2; muestra de bancos del EBA"
Italia,cartera_credito,Ratio de NPL | Hogares,1.9683,pct_cartera,2025-Q2,"EBA, Risk Dashboard (anexo de datos)",https://www.eba.europa.eu/risk-and-data-analysis/risk-analysis/risk-monitoring/risk-dashboard,2026-09-16,,,n/a,ratio,media_ponderada_volumen,"hoja Loans_4, T22_2; muestra de bancos del EBA"
Italia,cartera_credito,Ratio de NPL | Hogares,1.9637,pct_cartera,2025-Q3,"EBA, Risk Dashboard (anexo de datos)",https://www.eba.europa.eu/risk-and-data-analysis/risk-analysis/risk-monitoring/risk-dashboard,2026-09-16,,,n/a,ratio,media_ponderada_volumen,"hoja Loans_4, T22_2; muestra de bancos del EBA"
Italia,cartera_credito,Ratio de NPL | Hogares,1.7000,pct_cartera,2025-Q4,"EBA, Risk Dashboard (anexo de datos)",https://www.eba.europa.eu/risk-and-data-analysis/risk-analysis/risk-monitoring/risk-dashboard,2026-09-16,,,n/a,ratio,media_ponderada_volumen,"hoja Loans_4, T22_2; muestra de bancos del EBA"
Italia,cartera_credito,Ratio de NPL | Hogares,1.7050,pct_cartera,2026-Q1,"EBA, Risk Dashboard (anexo de datos)",https://www.eba.europa.eu/risk-and-data-analysis/risk-analysis/risk-monitoring/risk-dashboard,2026-09-16,,,n/a,ratio,media_ponderada_volumen,"hoja Loans_4, T22_2; muestra de bancos del EBA"
Paises Bajos,cartera_credito,Ratio de NPL | Hogares,1.0778,pct_cartera,2024-Q1,"EBA, Risk Dashboard (anexo de datos)",https://www.eba.europa.eu/risk-and-data-analysis/risk-analysis/risk-monitoring/risk-dashboard,2026-09-16,,,n/a,ratio,media_ponderada_volumen,"hoja Loans_4, T22_2; muestra de bancos del EBA"
Paises Bajos,cartera_credito,Ratio de NPL | Hogares,1.0654,pct_cartera,2024-Q2,"EBA, Risk Dashboard (anexo de datos)",https://www.eba.europa.eu/risk-and-data-analysis/risk-analysis/risk-monitoring/risk-dashboard,2026-09-16,,,n/a,ratio,media_ponderada_volumen,"hoja Loans_4, T22_2; muestra de bancos del EBA"
Paises Bajos,cartera_credito,Ratio de NPL | Hogares,1.0536,pct_cartera,2024-Q3,"EBA, Risk Dashboard (anexo de datos)",https://www.eba.europa.eu/risk-and-data-analysis/risk-analysis/risk-monitoring/risk-dashboard,2026-09-16,,,n/a,ratio,media_ponderada_volumen,"hoja Loans_4, T22_2; muestra de bancos del EBA"
Paises Bajos,cartera_credito,Ratio de NPL | Hogares,1.1994,pct_cartera,2024-Q4,"EBA, Risk Dashboard (anexo de datos)",https://www.eba.europa.eu/risk-and-data-analysis/risk-analysis/risk-monitoring/risk-dashboard,2026-09-16,,,n/a,ratio,media_ponderada_volumen,"hoja Loans_4, T22_2; muestra de bancos del EBA"
Paises Bajos,cartera_credito,Ratio de NPL | Hogares,1.1962,pct_cartera,2025-Q1,"EBA, Risk Dashboard (anexo de datos)",https://www.eba.europa.eu/risk-and-data-analysis/risk-analysis/risk-monitoring/risk-dashboard,2026-09-16,,,n/a,ratio,media_ponderada_volumen,"hoja Loans_4, T22_2; muestra de bancos del EBA"
Paises Bajos,cartera_credito,Ratio de NPL | Hogares,1.0928,pct_cartera,2025-Q2,"EBA, Risk Dashboard (anexo de datos)",https://www.eba.europa.eu/risk-and-data-analysis/risk-analysis/risk-monitoring/risk-dashboard,2026-09-16,,,n/a,ratio,media_ponderada_volumen,"hoja Loans_4, T22_2; muestra de bancos del EBA"
Paises Bajos,cartera_credito,Ratio de NPL | Hogares,1.0810,pct_cartera,2025-Q3,"EBA, Risk Dashboard (anexo de datos)",https://www.eba.europa.eu/risk-and-data-analysis/risk-analysis/risk-monitoring/risk-dashboard,2026-09-16,,,n/a,ratio,media_ponderada_volumen,"hoja Loans_4, T22_2; muestra de bancos del EBA"
Paises Bajos,cartera_credito,Ratio de NPL | Hogares,1.0675,pct_cartera,2025-Q4,"EBA, Risk Dashboard (anexo de datos)",https://www.eba.europa.eu/risk-and-data-analysis/risk-analysis/risk-monitoring/risk-dashboard,2026-09-16,,,n/a,ratio,media_ponderada_volumen,"hoja Loans_4, T22_2; muestra de bancos del EBA"
Paises Bajos,cartera_credito,Ratio de NPL | Hogares,1.1043,pct_cartera,2026-Q1,"EBA, Risk Dashboard (anexo de datos)",https://www.eba.europa.eu/risk-and-data-analysis/risk-analysis/risk-monitoring/risk-dashboard,2026-09-16,,,n/a,ratio,media_ponderada_volumen,"hoja Loans_4, T22_2; muestra de bancos del EBA"
Portugal,cartera_credito,Ratio de NPL | Hogares,1.9655,pct_cartera,2024-Q1,"EBA, Risk Dashboard (anexo de datos)",https://www.eba.europa.eu/risk-and-data-analysis/risk-analysis/risk-monitoring/risk-dashboard,2026-09-16,,,n/a,ratio,media_ponderada_volumen,"hoja Loans_4, T22_2; muestra de bancos del EBA"
Portugal,cartera_credito,Ratio de NPL | Hogares,2.0028,pct_cartera,2024-Q2,"EBA, Risk Dashboard (anexo de datos)",https://www.eba.europa.eu/risk-and-data-analysis/risk-analysis/risk-monitoring/risk-dashboard,2026-09-16,,,n/a,ratio,media_ponderada_volumen,"hoja Loans_4, T22_2; muestra de bancos del EBA"
Portugal,cartera_credito,Ratio de NPL | Hogares,2.0067,pct_cartera,2024-Q3,"EBA, Risk Dashboard (anexo de datos)",https://www.eba.europa.eu/risk-and-data-analysis/risk-analysis/risk-monitoring/risk-dashboard,2026-09-16,,,n/a,ratio,media_ponderada_volumen,"hoja Loans_4, T22_2; muestra de bancos del EBA"
Portugal,cartera_credito,Ratio de NPL | Hogares,1.9077,pct_cartera,2024-Q4,"EBA, Risk Dashboard (anexo de datos)",https://www.eba.europa.eu/risk-and-data-analysis/risk-analysis/risk-monitoring/risk-dashboard,2026-09-16,,,n/a,ratio,media_ponderada_volumen,"hoja Loans_4, T22_2; muestra de bancos del EBA"
Portugal,cartera_credito,Ratio de NPL | Hogares,1.8790,pct_cartera,2025-Q1,"EBA, Risk Dashboard (anexo de datos)",https://www.eba.europa.eu/risk-and-data-analysis/risk-analysis/risk-monitoring/risk-dashboard,2026-09-16,,,n/a,ratio,media_ponderada_volumen,"hoja Loans_4, T22_2; muestra de bancos del EBA"
Portugal,cartera_credito,Ratio de NPL | Hogares,1.7790,pct_cartera,2025-Q2,"EBA, Risk Dashboard (anexo de datos)",https://www.eba.europa.eu/risk-and-data-analysis/risk-analysis/risk-monitoring/risk-dashboard,2026-09-16,,,n/a,ratio,media_ponderada_volumen,"hoja Loans_4, T22_2; muestra de bancos del EBA"
Portugal,cartera_credito,Ratio de NPL | Hogares,1.7278,pct_cartera,2025-Q3,"EBA, Risk Dashboard (anexo de datos)",https://www.eba.europa.eu/risk-and-data-analysis/risk-analysis/risk-monitoring/risk-dashboard,2026-09-16,,,n/a,ratio,media_ponderada_volumen,"hoja Loans_4, T22_2; muestra de bancos del EBA"
Portugal,cartera_credito,Ratio de NPL | Hogares,1.6124,pct_cartera,2025-Q4,"EBA, Risk Dashboard (anexo de datos)",https://www.eba.europa.eu/risk-and-data-analysis/risk-analysis/risk-monitoring/risk-dashboard,2026-09-16,,,n/a,ratio,media_ponderada_volumen,"hoja Loans_4, T22_2; muestra de bancos del EBA"
Portugal,cartera_credito,Ratio de NPL | Hogares,1.5660,pct_cartera,2026-Q1,"EBA, Risk Dashboard (anexo de datos)",https://www.eba.europa.eu/risk-and-data-analysis/risk-analysis/risk-monitoring/risk-dashboard,2026-09-16,,,n/a,ratio,media_ponderada_volumen,"hoja Loans_4, T22_2; muestra de bancos del EBA"
Alemania,cartera_credito,"Ratio de NPL | Hogares, hipotecario",0.7764,pct_cartera,2024-Q1,"EBA, Risk Dashboard (anexo de datos)",https://www.eba.europa.eu/risk-and-data-analysis/risk-analysis/risk-monitoring/risk-dashboard,2026-09-16,,,n/a,ratio,media_ponderada_volumen,"hoja Loans_4, T22_3; muestra de bancos del EBA"
Alemania,cartera_credito,"Ratio de NPL | Hogares, hipotecario",0.8149,pct_cartera,2024-Q2,"EBA, Risk Dashboard (anexo de datos)",https://www.eba.europa.eu/risk-and-data-analysis/risk-analysis/risk-monitoring/risk-dashboard,2026-09-16,,,n/a,ratio,media_ponderada_volumen,"hoja Loans_4, T22_3; muestra de bancos del EBA"
Alemania,cartera_credito,"Ratio de NPL | Hogares, hipotecario",0.9182,pct_cartera,2024-Q3,"EBA, Risk Dashboard (anexo de datos)",https://www.eba.europa.eu/risk-and-data-analysis/risk-analysis/risk-monitoring/risk-dashboard,2026-09-16,,,n/a,ratio,media_ponderada_volumen,"hoja Loans_4, T22_3; muestra de bancos del EBA"
Alemania,cartera_credito,"Ratio de NPL | Hogares, hipotecario",0.9168,pct_cartera,2024-Q4,"EBA, Risk Dashboard (anexo de datos)",https://www.eba.europa.eu/risk-and-data-analysis/risk-analysis/risk-monitoring/risk-dashboard,2026-09-16,,,n/a,ratio,media_ponderada_volumen,"hoja Loans_4, T22_3; muestra de bancos del EBA"
Alemania,cartera_credito,"Ratio de NPL | Hogares, hipotecario",0.9136,pct_cartera,2025-Q1,"EBA, Risk Dashboard (anexo de datos)",https://www.eba.europa.eu/risk-and-data-analysis/risk-analysis/risk-monitoring/risk-dashboard,2026-09-16,,,n/a,ratio,media_ponderada_volumen,"hoja Loans_4, T22_3; muestra de bancos del EBA"
Alemania,cartera_credito,"Ratio de NPL | Hogares, hipotecario",0.9073,pct_cartera,2025-Q2,"EBA, Risk Dashboard (anexo de datos)",https://www.eba.europa.eu/risk-and-data-analysis/risk-analysis/risk-monitoring/risk-dashboard,2026-09-16,,,n/a,ratio,media_ponderada_volumen,"hoja Loans_4, T22_3; muestra de bancos del EBA"
Alemania,cartera_credito,"Ratio de NPL | Hogares, hipotecario",0.8935,pct_cartera,2025-Q3,"EBA, Risk Dashboard (anexo de datos)",https://www.eba.europa.eu/risk-and-data-analysis/risk-analysis/risk-monitoring/risk-dashboard,2026-09-16,,,n/a,ratio,media_ponderada_volumen,"hoja Loans_4, T22_3; muestra de bancos del EBA"
Alemania,cartera_credito,"Ratio de NPL | Hogares, hipotecario",0.9680,pct_cartera,2025-Q4,"EBA, Risk Dashboard (anexo de datos)",https://www.eba.europa.eu/risk-and-data-analysis/risk-analysis/risk-monitoring/risk-dashboard,2026-09-16,,,n/a,ratio,media_ponderada_volumen,"hoja Loans_4, T22_3; muestra de bancos del EBA"
Alemania,cartera_credito,"Ratio de NPL | Hogares, hipotecario",0.9975,pct_cartera,2026-Q1,"EBA, Risk Dashboard (anexo de datos)",https://www.eba.europa.eu/risk-and-data-analysis/risk-analysis/risk-monitoring/risk-dashboard,2026-09-16,,,n/a,ratio,media_ponderada_volumen,"hoja Loans_4, T22_3; muestra de bancos del EBA"
Espana,cartera_credito,"Ratio de NPL | Hogares, hipotecario",2.7402,pct_cartera,2024-Q1,"EBA, Risk Dashboard (anexo de datos)",https://www.eba.europa.eu/risk-and-data-analysis/risk-analysis/risk-monitoring/risk-dashboard,2026-09-16,,,n/a,ratio,media_ponderada_volumen,"hoja Loans_4, T22_3; muestra de bancos del EBA"
Espana,cartera_credito,"Ratio de NPL | Hogares, hipotecario",2.6707,pct_cartera,2024-Q2,"EBA, Risk Dashboard (anexo de datos)",https://www.eba.europa.eu/risk-and-data-analysis/risk-analysis/risk-monitoring/risk-dashboard,2026-09-16,,,n/a,ratio,media_ponderada_volumen,"hoja Loans_4, T22_3; muestra de bancos del EBA"
Espana,cartera_credito,"Ratio de NPL | Hogares, hipotecario",2.5983,pct_cartera,2024-Q3,"EBA, Risk Dashboard (anexo de datos)",https://www.eba.europa.eu/risk-and-data-analysis/risk-analysis/risk-monitoring/risk-dashboard,2026-09-16,,,n/a,ratio,media_ponderada_volumen,"hoja Loans_4, T22_3; muestra de bancos del EBA"
Espana,cartera_credito,"Ratio de NPL | Hogares, hipotecario",2.4977,pct_cartera,2024-Q4,"EBA, Risk Dashboard (anexo de datos)",https://www.eba.europa.eu/risk-and-data-analysis/risk-analysis/risk-monitoring/risk-dashboard,2026-09-16,,,n/a,ratio,media_ponderada_volumen,"hoja Loans_4, T22_3; muestra de bancos del EBA"
Espana,cartera_credito,"Ratio de NPL | Hogares, hipotecario",2.4330,pct_cartera,2025-Q1,"EBA, Risk Dashboard (anexo de datos)",https://www.eba.europa.eu/risk-and-data-analysis/risk-analysis/risk-monitoring/risk-dashboard,2026-09-16,,,n/a,ratio,media_ponderada_volumen,"hoja Loans_4, T22_3; muestra de bancos del EBA"
Espana,cartera_credito,"Ratio de NPL | Hogares, hipotecario",2.3089,pct_cartera,2025-Q2,"EBA, Risk Dashboard (anexo de datos)",https://www.eba.europa.eu/risk-and-data-analysis/risk-analysis/risk-monitoring/risk-dashboard,2026-09-16,,,n/a,ratio,media_ponderada_volumen,"hoja Loans_4, T22_3; muestra de bancos del EBA"
Espana,cartera_credito,"Ratio de NPL | Hogares, hipotecario",2.1614,pct_cartera,2025-Q3,"EBA, Risk Dashboard (anexo de datos)",https://www.eba.europa.eu/risk-and-data-analysis/risk-analysis/risk-monitoring/risk-dashboard,2026-09-16,,,n/a,ratio,media_ponderada_volumen,"hoja Loans_4, T22_3; muestra de bancos del EBA"
Espana,cartera_credito,"Ratio de NPL | Hogares, hipotecario",2.0853,pct_cartera,2025-Q4,"EBA, Risk Dashboard (anexo de datos)",https://www.eba.europa.eu/risk-and-data-analysis/risk-analysis/risk-monitoring/risk-dashboard,2026-09-16,,,n/a,ratio,media_ponderada_volumen,"hoja Loans_4, T22_3; muestra de bancos del EBA"
Espana,cartera_credito,"Ratio de NPL | Hogares, hipotecario",2.1101,pct_cartera,2026-Q1,"EBA, Risk Dashboard (anexo de datos)",https://www.eba.europa.eu/risk-and-data-analysis/risk-analysis/risk-monitoring/risk-dashboard,2026-09-16,,,n/a,ratio,media_ponderada_volumen,"hoja Loans_4, T22_3; muestra de bancos del EBA"
Union Europea,cartera_credito,"Ratio de NPL | Hogares, hipotecario",1.5120,pct_cartera,2024-Q1,"EBA, Risk Dashboard (anexo de datos)",https://www.eba.europa.eu/risk-and-data-analysis/risk-analysis/risk-monitoring/risk-dashboard,2026-09-16,,,n/a,ratio,media_ponderada_volumen,"hoja Loans_4, T22_3; muestra de bancos del EBA"
Union Europea,cartera_credito,"Ratio de NPL | Hogares, hipotecario",1.4786,pct_cartera,2024-Q2,"EBA, Risk Dashboard (anexo de datos)",https://www.eba.europa.eu/risk-and-data-analysis/risk-analysis/risk-monitoring/risk-dashboard,2026-09-16,,,n/a,ratio,media_ponderada_volumen,"hoja Loans_4, T22_3; muestra de bancos del EBA"
Union Europea,cartera_credito,"Ratio de NPL | Hogares, hipotecario",1.4710,pct_cartera,2024-Q3,"EBA, Risk Dashboard (anexo de datos)",https://www.eba.europa.eu/risk-and-data-analysis/risk-analysis/risk-monitoring/risk-dashboard,2026-09-16,,,n/a,ratio,media_ponderada_volumen,"hoja Loans_4, T22_3; muestra de bancos del EBA"
Union Europea,cartera_credito,"Ratio de NPL | Hogares, hipotecario",1.4485,pct_cartera,2024-Q4,"EBA, Risk Dashboard (anexo de datos)",https://www.eba.europa.eu/risk-and-data-analysis/risk-analysis/risk-monitoring/risk-dashboard,2026-09-16,,,n/a,ratio,media_ponderada_volumen,"hoja Loans_4, T22_3; muestra de bancos del EBA"
Union Europea,cartera_credito,"Ratio de NPL | Hogares, hipotecario",1.4198,pct_cartera,2025-Q1,"EBA, Risk Dashboard (anexo de datos)",https://www.eba.europa.eu/risk-and-data-analysis/risk-analysis/risk-monitoring/risk-dashboard,2026-09-16,,,n/a,ratio,media_ponderada_volumen,"hoja Loans_4, T22_3; muestra de bancos del EBA"
Union Europea,cartera_credito,"Ratio de NPL | Hogares, hipotecario",1.3631,pct_cartera,2025-Q2,"EBA, Risk Dashboard (anexo de datos)",https://www.eba.europa.eu/risk-and-data-analysis/risk-analysis/risk-monitoring/risk-dashboard,2026-09-16,,,n/a,ratio,media_ponderada_volumen,"hoja Loans_4, T22_3; muestra de bancos del EBA"
Union Europea,cartera_credito,"Ratio de NPL | Hogares, hipotecario",1.3146,pct_cartera,2025-Q3,"EBA, Risk Dashboard (anexo de datos)",https://www.eba.europa.eu/risk-and-data-analysis/risk-analysis/risk-monitoring/risk-dashboard,2026-09-16,,,n/a,ratio,media_ponderada_volumen,"hoja Loans_4, T22_3; muestra de bancos del EBA"
Union Europea,cartera_credito,"Ratio de NPL | Hogares, hipotecario",1.2706,pct_cartera,2025-Q4,"EBA, Risk Dashboard (anexo de datos)",https://www.eba.europa.eu/risk-and-data-analysis/risk-analysis/risk-monitoring/risk-dashboard,2026-09-16,,,n/a,ratio,media_ponderada_volumen,"hoja Loans_4, T22_3; muestra de bancos del EBA"
Union Europea,cartera_credito,"Ratio de NPL | Hogares, hipotecario",1.2582,pct_cartera,2026-Q1,"EBA, Risk Dashboard (anexo de datos)",https://www.eba.europa.eu/risk-and-data-analysis/risk-analysis/risk-monitoring/risk-dashboard,2026-09-16,,,n/a,ratio,media_ponderada_volumen,"hoja Loans_4, T22_3; muestra de bancos del EBA"
Francia,cartera_credito,"Ratio de NPL | Hogares, hipotecario",1.9123,pct_cartera,2024-Q1,"EBA, Risk Dashboard (anexo de datos)",https://www.eba.europa.eu/risk-and-data-analysis/risk-analysis/risk-monitoring/risk-dashboard,2026-09-16,,,n/a,ratio,media_ponderada_volumen,"hoja Loans_4, T22_3; muestra de bancos del EBA"
Francia,cartera_credito,"Ratio de NPL | Hogares, hipotecario",1.9098,pct_cartera,2024-Q2,"EBA, Risk Dashboard (anexo de datos)",https://www.eba.europa.eu/risk-and-data-analysis/risk-analysis/risk-monitoring/risk-dashboard,2026-09-16,,,n/a,ratio,media_ponderada_volumen,"hoja Loans_4, T22_3; muestra de bancos del EBA"
Francia,cartera_credito,"Ratio de NPL | Hogares, hipotecario",1.9039,pct_cartera,2024-Q3,"EBA, Risk Dashboard (anexo de datos)",https://www.eba.europa.eu/risk-and-data-analysis/risk-analysis/risk-monitoring/risk-dashboard,2026-09-16,,,n/a,ratio,media_ponderada_volumen,"hoja Loans_4, T22_3; muestra de bancos del EBA"
Francia,cartera_credito,"Ratio de NPL | Hogares, hipotecario",1.9028,pct_cartera,2024-Q4,"EBA, Risk Dashboard (anexo de datos)",https://www.eba.europa.eu/risk-and-data-analysis/risk-analysis/risk-monitoring/risk-dashboard,2026-09-16,,,n/a,ratio,media_ponderada_volumen,"hoja Loans_4, T22_3; muestra de bancos del EBA"
Francia,cartera_credito,"Ratio de NPL | Hogares, hipotecario",1.9210,pct_cartera,2025-Q1,"EBA, Risk Dashboard (anexo de datos)",https://www.eba.europa.eu/risk-and-data-analysis/risk-analysis/risk-monitoring/risk-dashboard,2026-09-16,,,n/a,ratio,media_ponderada_volumen,"hoja Loans_4, T22_3; muestra de bancos del EBA"
Francia,cartera_credito,"Ratio de NPL | Hogares, hipotecario",1.9418,pct_cartera,2025-Q2,"EBA, Risk Dashboard (anexo de datos)",https://www.eba.europa.eu/risk-and-data-analysis/risk-analysis/risk-monitoring/risk-dashboard,2026-09-16,,,n/a,ratio,media_ponderada_volumen,"hoja Loans_4, T22_3; muestra de bancos del EBA"
Francia,cartera_credito,"Ratio de NPL | Hogares, hipotecario",1.9390,pct_cartera,2025-Q3,"EBA, Risk Dashboard (anexo de datos)",https://www.eba.europa.eu/risk-and-data-analysis/risk-analysis/risk-monitoring/risk-dashboard,2026-09-16,,,n/a,ratio,media_ponderada_volumen,"hoja Loans_4, T22_3; muestra de bancos del EBA"
Francia,cartera_credito,"Ratio de NPL | Hogares, hipotecario",1.9272,pct_cartera,2025-Q4,"EBA, Risk Dashboard (anexo de datos)",https://www.eba.europa.eu/risk-and-data-analysis/risk-analysis/risk-monitoring/risk-dashboard,2026-09-16,,,n/a,ratio,media_ponderada_volumen,"hoja Loans_4, T22_3; muestra de bancos del EBA"
Francia,cartera_credito,"Ratio de NPL | Hogares, hipotecario",1.9369,pct_cartera,2026-Q1,"EBA, Risk Dashboard (anexo de datos)",https://www.eba.europa.eu/risk-and-data-analysis/risk-analysis/risk-monitoring/risk-dashboard,2026-09-16,,,n/a,ratio,media_ponderada_volumen,"hoja Loans_4, T22_3; muestra de bancos del EBA"
Italia,cartera_credito,"Ratio de NPL | Hogares, hipotecario",1.5082,pct_cartera,2024-Q1,"EBA, Risk Dashboard (anexo de datos)",https://www.eba.europa.eu/risk-and-data-analysis/risk-analysis/risk-monitoring/risk-dashboard,2026-09-16,,,n/a,ratio,media_ponderada_volumen,"hoja Loans_4, T22_3; muestra de bancos del EBA"
Italia,cartera_credito,"Ratio de NPL | Hogares, hipotecario",1.4683,pct_cartera,2024-Q2,"EBA, Risk Dashboard (anexo de datos)",https://www.eba.europa.eu/risk-and-data-analysis/risk-analysis/risk-monitoring/risk-dashboard,2026-09-16,,,n/a,ratio,media_ponderada_volumen,"hoja Loans_4, T22_3; muestra de bancos del EBA"
Italia,cartera_credito,"Ratio de NPL | Hogares, hipotecario",1.4262,pct_cartera,2024-Q3,"EBA, Risk Dashboard (anexo de datos)",https://www.eba.europa.eu/risk-and-data-analysis/risk-analysis/risk-monitoring/risk-dashboard,2026-09-16,,,n/a,ratio,media_ponderada_volumen,"hoja Loans_4, T22_3; muestra de bancos del EBA"
Italia,cartera_credito,"Ratio de NPL | Hogares, hipotecario",1.3505,pct_cartera,2024-Q4,"EBA, Risk Dashboard (anexo de datos)",https://www.eba.europa.eu/risk-and-data-analysis/risk-analysis/risk-monitoring/risk-dashboard,2026-09-16,,,n/a,ratio,media_ponderada_volumen,"hoja Loans_4, T22_3; muestra de bancos del EBA"
Italia,cartera_credito,"Ratio de NPL | Hogares, hipotecario",1.3401,pct_cartera,2025-Q1,"EBA, Risk Dashboard (anexo de datos)",https://www.eba.europa.eu/risk-and-data-analysis/risk-analysis/risk-monitoring/risk-dashboard,2026-09-16,,,n/a,ratio,media_ponderada_volumen,"hoja Loans_4, T22_3; muestra de bancos del EBA"
Italia,cartera_credito,"Ratio de NPL | Hogares, hipotecario",1.2791,pct_cartera,2025-Q2,"EBA, Risk Dashboard (anexo de datos)",https://www.eba.europa.eu/risk-and-data-analysis/risk-analysis/risk-monitoring/risk-dashboard,2026-09-16,,,n/a,ratio,media_ponderada_volumen,"hoja Loans_4, T22_3; muestra de bancos del EBA"
Italia,cartera_credito,"Ratio de NPL | Hogares, hipotecario",1.2616,pct_cartera,2025-Q3,"EBA, Risk Dashboard (anexo de datos)",https://www.eba.europa.eu/risk-and-data-analysis/risk-analysis/risk-monitoring/risk-dashboard,2026-09-16,,,n/a,ratio,media_ponderada_volumen,"hoja Loans_4, T22_3; muestra de bancos del EBA"
Italia,cartera_credito,"Ratio de NPL | Hogares, hipotecario",1.0988,pct_cartera,2025-Q4,"EBA, Risk Dashboard (anexo de datos)",https://www.eba.europa.eu/risk-and-data-analysis/risk-analysis/risk-monitoring/risk-dashboard,2026-09-16,,,n/a,ratio,media_ponderada_volumen,"hoja Loans_4, T22_3; muestra de bancos del EBA"
Italia,cartera_credito,"Ratio de NPL | Hogares, hipotecario",1.0794,pct_cartera,2026-Q1,"EBA, Risk Dashboard (anexo de datos)",https://www.eba.europa.eu/risk-and-data-analysis/risk-analysis/risk-monitoring/risk-dashboard,2026-09-16,,,n/a,ratio,media_ponderada_volumen,"hoja Loans_4, T22_3; muestra de bancos del EBA"
Paises Bajos,cartera_credito,"Ratio de NPL | Hogares, hipotecario",0.8428,pct_cartera,2024-Q1,"EBA, Risk Dashboard (anexo de datos)",https://www.eba.europa.eu/risk-and-data-analysis/risk-analysis/risk-monitoring/risk-dashboard,2026-09-16,,,n/a,ratio,media_ponderada_volumen,"hoja Loans_4, T22_3; muestra de bancos del EBA"
Paises Bajos,cartera_credito,"Ratio de NPL | Hogares, hipotecario",0.8370,pct_cartera,2024-Q2,"EBA, Risk Dashboard (anexo de datos)",https://www.eba.europa.eu/risk-and-data-analysis/risk-analysis/risk-monitoring/risk-dashboard,2026-09-16,,,n/a,ratio,media_ponderada_volumen,"hoja Loans_4, T22_3; muestra de bancos del EBA"
Paises Bajos,cartera_credito,"Ratio de NPL | Hogares, hipotecario",0.8330,pct_cartera,2024-Q3,"EBA, Risk Dashboard (anexo de datos)",https://www.eba.europa.eu/risk-and-data-analysis/risk-analysis/risk-monitoring/risk-dashboard,2026-09-16,,,n/a,ratio,media_ponderada_volumen,"hoja Loans_4, T22_3; muestra de bancos del EBA"
Paises Bajos,cartera_credito,"Ratio de NPL | Hogares, hipotecario",0.9950,pct_cartera,2024-Q4,"EBA, Risk Dashboard (anexo de datos)",https://www.eba.europa.eu/risk-and-data-analysis/risk-analysis/risk-monitoring/risk-dashboard,2026-09-16,,,n/a,ratio,media_ponderada_volumen,"hoja Loans_4, T22_3; muestra de bancos del EBA"
Paises Bajos,cartera_credito,"Ratio de NPL | Hogares, hipotecario",0.9799,pct_cartera,2025-Q1,"EBA, Risk Dashboard (anexo de datos)",https://www.eba.europa.eu/risk-and-data-analysis/risk-analysis/risk-monitoring/risk-dashboard,2026-09-16,,,n/a,ratio,media_ponderada_volumen,"hoja Loans_4, T22_3; muestra de bancos del EBA"
Paises Bajos,cartera_credito,"Ratio de NPL | Hogares, hipotecario",0.8794,pct_cartera,2025-Q2,"EBA, Risk Dashboard (anexo de datos)",https://www.eba.europa.eu/risk-and-data-analysis/risk-analysis/risk-monitoring/risk-dashboard,2026-09-16,,,n/a,ratio,media_ponderada_volumen,"hoja Loans_4, T22_3; muestra de bancos del EBA"
Paises Bajos,cartera_credito,"Ratio de NPL | Hogares, hipotecario",0.8676,pct_cartera,2025-Q3,"EBA, Risk Dashboard (anexo de datos)",https://www.eba.europa.eu/risk-and-data-analysis/risk-analysis/risk-monitoring/risk-dashboard,2026-09-16,,,n/a,ratio,media_ponderada_volumen,"hoja Loans_4, T22_3; muestra de bancos del EBA"
Paises Bajos,cartera_credito,"Ratio de NPL | Hogares, hipotecario",0.8564,pct_cartera,2025-Q4,"EBA, Risk Dashboard (anexo de datos)",https://www.eba.europa.eu/risk-and-data-analysis/risk-analysis/risk-monitoring/risk-dashboard,2026-09-16,,,n/a,ratio,media_ponderada_volumen,"hoja Loans_4, T22_3; muestra de bancos del EBA"
Paises Bajos,cartera_credito,"Ratio de NPL | Hogares, hipotecario",0.9027,pct_cartera,2026-Q1,"EBA, Risk Dashboard (anexo de datos)",https://www.eba.europa.eu/risk-and-data-analysis/risk-analysis/risk-monitoring/risk-dashboard,2026-09-16,,,n/a,ratio,media_ponderada_volumen,"hoja Loans_4, T22_3; muestra de bancos del EBA"
Portugal,cartera_credito,"Ratio de NPL | Hogares, hipotecario",1.2255,pct_cartera,2024-Q1,"EBA, Risk Dashboard (anexo de datos)",https://www.eba.europa.eu/risk-and-data-analysis/risk-analysis/risk-monitoring/risk-dashboard,2026-09-16,,,n/a,ratio,media_ponderada_volumen,"hoja Loans_4, T22_3; muestra de bancos del EBA"
Portugal,cartera_credito,"Ratio de NPL | Hogares, hipotecario",1.3000,pct_cartera,2024-Q2,"EBA, Risk Dashboard (anexo de datos)",https://www.eba.europa.eu/risk-and-data-analysis/risk-analysis/risk-monitoring/risk-dashboard,2026-09-16,,,n/a,ratio,media_ponderada_volumen,"hoja Loans_4, T22_3; muestra de bancos del EBA"
Portugal,cartera_credito,"Ratio de NPL | Hogares, hipotecario",1.2724,pct_cartera,2024-Q3,"EBA, Risk Dashboard (anexo de datos)",https://www.eba.europa.eu/risk-and-data-analysis/risk-analysis/risk-monitoring/risk-dashboard,2026-09-16,,,n/a,ratio,media_ponderada_volumen,"hoja Loans_4, T22_3; muestra de bancos del EBA"
Portugal,cartera_credito,"Ratio de NPL | Hogares, hipotecario",1.2094,pct_cartera,2024-Q4,"EBA, Risk Dashboard (anexo de datos)",https://www.eba.europa.eu/risk-and-data-analysis/risk-analysis/risk-monitoring/risk-dashboard,2026-09-16,,,n/a,ratio,media_ponderada_volumen,"hoja Loans_4, T22_3; muestra de bancos del EBA"
Portugal,cartera_credito,"Ratio de NPL | Hogares, hipotecario",1.1343,pct_cartera,2025-Q1,"EBA, Risk Dashboard (anexo de datos)",https://www.eba.europa.eu/risk-and-data-analysis/risk-analysis/risk-monitoring/risk-dashboard,2026-09-16,,,n/a,ratio,media_ponderada_volumen,"hoja Loans_4, T22_3; muestra de bancos del EBA"
Portugal,cartera_credito,"Ratio de NPL | Hogares, hipotecario",1.0688,pct_cartera,2025-Q2,"EBA, Risk Dashboard (anexo de datos)",https://www.eba.europa.eu/risk-and-data-analysis/risk-analysis/risk-monitoring/risk-dashboard,2026-09-16,,,n/a,ratio,media_ponderada_volumen,"hoja Loans_4, T22_3; muestra de bancos del EBA"
Portugal,cartera_credito,"Ratio de NPL | Hogares, hipotecario",1.0109,pct_cartera,2025-Q3,"EBA, Risk Dashboard (anexo de datos)",https://www.eba.europa.eu/risk-and-data-analysis/risk-analysis/risk-monitoring/risk-dashboard,2026-09-16,,,n/a,ratio,media_ponderada_volumen,"hoja Loans_4, T22_3; muestra de bancos del EBA"
Portugal,cartera_credito,"Ratio de NPL | Hogares, hipotecario",0.9244,pct_cartera,2025-Q4,"EBA, Risk Dashboard (anexo de datos)",https://www.eba.europa.eu/risk-and-data-analysis/risk-analysis/risk-monitoring/risk-dashboard,2026-09-16,,,n/a,ratio,media_ponderada_volumen,"hoja Loans_4, T22_3; muestra de bancos del EBA"
Portugal,cartera_credito,"Ratio de NPL | Hogares, hipotecario",0.8351,pct_cartera,2026-Q1,"EBA, Risk Dashboard (anexo de datos)",https://www.eba.europa.eu/risk-and-data-analysis/risk-analysis/risk-monitoring/risk-dashboard,2026-09-16,,,n/a,ratio,media_ponderada_volumen,"hoja Loans_4, T22_3; muestra de bancos del EBA"
Alemania,cartera_credito,Ratio de NPL | Sociedades no financieras,3.1977,pct_cartera,2024-Q1,"EBA, Risk Dashboard (anexo de datos)",https://www.eba.europa.eu/risk-and-data-analysis/risk-analysis/risk-monitoring/risk-dashboard,2026-09-16,,,n/a,ratio,media_ponderada_volumen,"hoja Loans_4, T22_4; muestra de bancos del EBA"
Alemania,cartera_credito,Ratio de NPL | Sociedades no financieras,3.3726,pct_cartera,2024-Q2,"EBA, Risk Dashboard (anexo de datos)",https://www.eba.europa.eu/risk-and-data-analysis/risk-analysis/risk-monitoring/risk-dashboard,2026-09-16,,,n/a,ratio,media_ponderada_volumen,"hoja Loans_4, T22_4; muestra de bancos del EBA"
Alemania,cartera_credito,Ratio de NPL | Sociedades no financieras,3.5814,pct_cartera,2024-Q3,"EBA, Risk Dashboard (anexo de datos)",https://www.eba.europa.eu/risk-and-data-analysis/risk-analysis/risk-monitoring/risk-dashboard,2026-09-16,,,n/a,ratio,media_ponderada_volumen,"hoja Loans_4, T22_4; muestra de bancos del EBA"
Alemania,cartera_credito,Ratio de NPL | Sociedades no financieras,3.7060,pct_cartera,2024-Q4,"EBA, Risk Dashboard (anexo de datos)",https://www.eba.europa.eu/risk-and-data-analysis/risk-analysis/risk-monitoring/risk-dashboard,2026-09-16,,,n/a,ratio,media_ponderada_volumen,"hoja Loans_4, T22_4; muestra de bancos del EBA"
Alemania,cartera_credito,Ratio de NPL | Sociedades no financieras,3.4747,pct_cartera,2025-Q1,"EBA, Risk Dashboard (anexo de datos)",https://www.eba.europa.eu/risk-and-data-analysis/risk-analysis/risk-monitoring/risk-dashboard,2026-09-16,,,n/a,ratio,media_ponderada_volumen,"hoja Loans_4, T22_4; muestra de bancos del EBA"
Alemania,cartera_credito,Ratio de NPL | Sociedades no financieras,3.6001,pct_cartera,2025-Q2,"EBA, Risk Dashboard (anexo de datos)",https://www.eba.europa.eu/risk-and-data-analysis/risk-analysis/risk-monitoring/risk-dashboard,2026-09-16,,,n/a,ratio,media_ponderada_volumen,"hoja Loans_4, T22_4; muestra de bancos del EBA"
Alemania,cartera_credito,Ratio de NPL | Sociedades no financieras,3.6607,pct_cartera,2025-Q3,"EBA, Risk Dashboard (anexo de datos)",https://www.eba.europa.eu/risk-and-data-analysis/risk-analysis/risk-monitoring/risk-dashboard,2026-09-16,,,n/a,ratio,media_ponderada_volumen,"hoja Loans_4, T22_4; muestra de bancos del EBA"
Alemania,cartera_credito,Ratio de NPL | Sociedades no financieras,3.8557,pct_cartera,2025-Q4,"EBA, Risk Dashboard (anexo de datos)",https://www.eba.europa.eu/risk-and-data-analysis/risk-analysis/risk-monitoring/risk-dashboard,2026-09-16,,,n/a,ratio,media_ponderada_volumen,"hoja Loans_4, T22_4; muestra de bancos del EBA"
Alemania,cartera_credito,Ratio de NPL | Sociedades no financieras,3.8105,pct_cartera,2026-Q1,"EBA, Risk Dashboard (anexo de datos)",https://www.eba.europa.eu/risk-and-data-analysis/risk-analysis/risk-monitoring/risk-dashboard,2026-09-16,,,n/a,ratio,media_ponderada_volumen,"hoja Loans_4, T22_4; muestra de bancos del EBA"
Espana,cartera_credito,Ratio de NPL | Sociedades no financieras,3.7807,pct_cartera,2024-Q1,"EBA, Risk Dashboard (anexo de datos)",https://www.eba.europa.eu/risk-and-data-analysis/risk-analysis/risk-monitoring/risk-dashboard,2026-09-16,,,n/a,ratio,media_ponderada_volumen,"hoja Loans_4, T22_4; muestra de bancos del EBA"
Espana,cartera_credito,Ratio de NPL | Sociedades no financieras,3.5962,pct_cartera,2024-Q2,"EBA, Risk Dashboard (anexo de datos)",https://www.eba.europa.eu/risk-and-data-analysis/risk-analysis/risk-monitoring/risk-dashboard,2026-09-16,,,n/a,ratio,media_ponderada_volumen,"hoja Loans_4, T22_4; muestra de bancos del EBA"
Espana,cartera_credito,Ratio de NPL | Sociedades no financieras,3.6304,pct_cartera,2024-Q3,"EBA, Risk Dashboard (anexo de datos)",https://www.eba.europa.eu/risk-and-data-analysis/risk-analysis/risk-monitoring/risk-dashboard,2026-09-16,,,n/a,ratio,media_ponderada_volumen,"hoja Loans_4, T22_4; muestra de bancos del EBA"
Espana,cartera_credito,Ratio de NPL | Sociedades no financieras,3.3688,pct_cartera,2024-Q4,"EBA, Risk Dashboard (anexo de datos)",https://www.eba.europa.eu/risk-and-data-analysis/risk-analysis/risk-monitoring/risk-dashboard,2026-09-16,,,n/a,ratio,media_ponderada_volumen,"hoja Loans_4, T22_4; muestra de bancos del EBA"
Espana,cartera_credito,Ratio de NPL | Sociedades no financieras,3.3460,pct_cartera,2025-Q1,"EBA, Risk Dashboard (anexo de datos)",https://www.eba.europa.eu/risk-and-data-analysis/risk-analysis/risk-monitoring/risk-dashboard,2026-09-16,,,n/a,ratio,media_ponderada_volumen,"hoja Loans_4, T22_4; muestra de bancos del EBA"
Espana,cartera_credito,Ratio de NPL | Sociedades no financieras,3.2144,pct_cartera,2025-Q2,"EBA, Risk Dashboard (anexo de datos)",https://www.eba.europa.eu/risk-and-data-analysis/risk-analysis/risk-monitoring/risk-dashboard,2026-09-16,,,n/a,ratio,media_ponderada_volumen,"hoja Loans_4, T22_4; muestra de bancos del EBA"
Espana,cartera_credito,Ratio de NPL | Sociedades no financieras,3.1776,pct_cartera,2025-Q3,"EBA, Risk Dashboard (anexo de datos)",https://www.eba.europa.eu/risk-and-data-analysis/risk-analysis/risk-monitoring/risk-dashboard,2026-09-16,,,n/a,ratio,media_ponderada_volumen,"hoja Loans_4, T22_4; muestra de bancos del EBA"
Espana,cartera_credito,Ratio de NPL | Sociedades no financieras,3.0405,pct_cartera,2025-Q4,"EBA, Risk Dashboard (anexo de datos)",https://www.eba.europa.eu/risk-and-data-analysis/risk-analysis/risk-monitoring/risk-dashboard,2026-09-16,,,n/a,ratio,media_ponderada_volumen,"hoja Loans_4, T22_4; muestra de bancos del EBA"
Espana,cartera_credito,Ratio de NPL | Sociedades no financieras,2.9920,pct_cartera,2026-Q1,"EBA, Risk Dashboard (anexo de datos)",https://www.eba.europa.eu/risk-and-data-analysis/risk-analysis/risk-monitoring/risk-dashboard,2026-09-16,,,n/a,ratio,media_ponderada_volumen,"hoja Loans_4, T22_4; muestra de bancos del EBA"
Union Europea,cartera_credito,Ratio de NPL | Sociedades no financieras,3.3920,pct_cartera,2024-Q1,"EBA, Risk Dashboard (anexo de datos)",https://www.eba.europa.eu/risk-and-data-analysis/risk-analysis/risk-monitoring/risk-dashboard,2026-09-16,,,n/a,ratio,media_ponderada_volumen,"hoja Loans_4, T22_4; muestra de bancos del EBA"
Union Europea,cartera_credito,Ratio de NPL | Sociedades no financieras,3.4009,pct_cartera,2024-Q2,"EBA, Risk Dashboard (anexo de datos)",https://www.eba.europa.eu/risk-and-data-analysis/risk-analysis/risk-monitoring/risk-dashboard,2026-09-16,,,n/a,ratio,media_ponderada_volumen,"hoja Loans_4, T22_4; muestra de bancos del EBA"
Union Europea,cartera_credito,Ratio de NPL | Sociedades no financieras,3.4964,pct_cartera,2024-Q3,"EBA, Risk Dashboard (anexo de datos)",https://www.eba.europa.eu/risk-and-data-analysis/risk-analysis/risk-monitoring/risk-dashboard,2026-09-16,,,n/a,ratio,media_ponderada_volumen,"hoja Loans_4, T22_4; muestra de bancos del EBA"
Union Europea,cartera_credito,Ratio de NPL | Sociedades no financieras,3.3848,pct_cartera,2024-Q4,"EBA, Risk Dashboard (anexo de datos)",https://www.eba.europa.eu/risk-and-data-analysis/risk-analysis/risk-monitoring/risk-dashboard,2026-09-16,,,n/a,ratio,media_ponderada_volumen,"hoja Loans_4, T22_4; muestra de bancos del EBA"
Union Europea,cartera_credito,Ratio de NPL | Sociedades no financieras,3.3563,pct_cartera,2025-Q1,"EBA, Risk Dashboard (anexo de datos)",https://www.eba.europa.eu/risk-and-data-analysis/risk-analysis/risk-monitoring/risk-dashboard,2026-09-16,,,n/a,ratio,media_ponderada_volumen,"hoja Loans_4, T22_4; muestra de bancos del EBA"
Union Europea,cartera_credito,Ratio de NPL | Sociedades no financieras,3.3590,pct_cartera,2025-Q2,"EBA, Risk Dashboard (anexo de datos)",https://www.eba.europa.eu/risk-and-data-analysis/risk-analysis/risk-monitoring/risk-dashboard,2026-09-16,,,n/a,ratio,media_ponderada_volumen,"hoja Loans_4, T22_4; muestra de bancos del EBA"
Union Europea,cartera_credito,Ratio de NPL | Sociedades no financieras,3.3675,pct_cartera,2025-Q3,"EBA, Risk Dashboard (anexo de datos)",https://www.eba.europa.eu/risk-and-data-analysis/risk-analysis/risk-monitoring/risk-dashboard,2026-09-16,,,n/a,ratio,media_ponderada_volumen,"hoja Loans_4, T22_4; muestra de bancos del EBA"
Union Europea,cartera_credito,Ratio de NPL | Sociedades no financieras,3.3097,pct_cartera,2025-Q4,"EBA, Risk Dashboard (anexo de datos)",https://www.eba.europa.eu/risk-and-data-analysis/risk-analysis/risk-monitoring/risk-dashboard,2026-09-16,,,n/a,ratio,media_ponderada_volumen,"hoja Loans_4, T22_4; muestra de bancos del EBA"
Union Europea,cartera_credito,Ratio de NPL | Sociedades no financieras,3.3106,pct_cartera,2026-Q1,"EBA, Risk Dashboard (anexo de datos)",https://www.eba.europa.eu/risk-and-data-analysis/risk-analysis/risk-monitoring/risk-dashboard,2026-09-16,,,n/a,ratio,media_ponderada_volumen,"hoja Loans_4, T22_4; muestra de bancos del EBA"
Francia,cartera_credito,Ratio de NPL | Sociedades no financieras,3.7453,pct_cartera,2024-Q1,"EBA, Risk Dashboard (anexo de datos)",https://www.eba.europa.eu/risk-and-data-analysis/risk-analysis/risk-monitoring/risk-dashboard,2026-09-16,,,n/a,ratio,media_ponderada_volumen,"hoja Loans_4, T22_4; muestra de bancos del EBA"
Francia,cartera_credito,Ratio de NPL | Sociedades no financieras,3.7726,pct_cartera,2024-Q2,"EBA, Risk Dashboard (anexo de datos)",https://www.eba.europa.eu/risk-and-data-analysis/risk-analysis/risk-monitoring/risk-dashboard,2026-09-16,,,n/a,ratio,media_ponderada_volumen,"hoja Loans_4, T22_4; muestra de bancos del EBA"
Francia,cartera_credito,Ratio de NPL | Sociedades no financieras,3.9034,pct_cartera,2024-Q3,"EBA, Risk Dashboard (anexo de datos)",https://www.eba.europa.eu/risk-and-data-analysis/risk-analysis/risk-monitoring/risk-dashboard,2026-09-16,,,n/a,ratio,media_ponderada_volumen,"hoja Loans_4, T22_4; muestra de bancos del EBA"
Francia,cartera_credito,Ratio de NPL | Sociedades no financieras,3.7184,pct_cartera,2024-Q4,"EBA, Risk Dashboard (anexo de datos)",https://www.eba.europa.eu/risk-and-data-analysis/risk-analysis/risk-monitoring/risk-dashboard,2026-09-16,,,n/a,ratio,media_ponderada_volumen,"hoja Loans_4, T22_4; muestra de bancos del EBA"
Francia,cartera_credito,Ratio de NPL | Sociedades no financieras,3.7555,pct_cartera,2025-Q1,"EBA, Risk Dashboard (anexo de datos)",https://www.eba.europa.eu/risk-and-data-analysis/risk-analysis/risk-monitoring/risk-dashboard,2026-09-16,,,n/a,ratio,media_ponderada_volumen,"hoja Loans_4, T22_4; muestra de bancos del EBA"
Francia,cartera_credito,Ratio de NPL | Sociedades no financieras,3.8232,pct_cartera,2025-Q2,"EBA, Risk Dashboard (anexo de datos)",https://www.eba.europa.eu/risk-and-data-analysis/risk-analysis/risk-monitoring/risk-dashboard,2026-09-16,,,n/a,ratio,media_ponderada_volumen,"hoja Loans_4, T22_4; muestra de bancos del EBA"
Francia,cartera_credito,Ratio de NPL | Sociedades no financieras,3.9261,pct_cartera,2025-Q3,"EBA, Risk Dashboard (anexo de datos)",https://www.eba.europa.eu/risk-and-data-analysis/risk-analysis/risk-monitoring/risk-dashboard,2026-09-16,,,n/a,ratio,media_ponderada_volumen,"hoja Loans_4, T22_4; muestra de bancos del EBA"
Francia,cartera_credito,Ratio de NPL | Sociedades no financieras,3.8971,pct_cartera,2025-Q4,"EBA, Risk Dashboard (anexo de datos)",https://www.eba.europa.eu/risk-and-data-analysis/risk-analysis/risk-monitoring/risk-dashboard,2026-09-16,,,n/a,ratio,media_ponderada_volumen,"hoja Loans_4, T22_4; muestra de bancos del EBA"
Francia,cartera_credito,Ratio de NPL | Sociedades no financieras,3.9355,pct_cartera,2026-Q1,"EBA, Risk Dashboard (anexo de datos)",https://www.eba.europa.eu/risk-and-data-analysis/risk-analysis/risk-monitoring/risk-dashboard,2026-09-16,,,n/a,ratio,media_ponderada_volumen,"hoja Loans_4, T22_4; muestra de bancos del EBA"
Italia,cartera_credito,Ratio de NPL | Sociedades no financieras,3.9888,pct_cartera,2024-Q1,"EBA, Risk Dashboard (anexo de datos)",https://www.eba.europa.eu/risk-and-data-analysis/risk-analysis/risk-monitoring/risk-dashboard,2026-09-16,,,n/a,ratio,media_ponderada_volumen,"hoja Loans_4, T22_4; muestra de bancos del EBA"
Italia,cartera_credito,Ratio de NPL | Sociedades no financieras,3.9394,pct_cartera,2024-Q2,"EBA, Risk Dashboard (anexo de datos)",https://www.eba.europa.eu/risk-and-data-analysis/risk-analysis/risk-monitoring/risk-dashboard,2026-09-16,,,n/a,ratio,media_ponderada_volumen,"hoja Loans_4, T22_4; muestra de bancos del EBA"
Italia,cartera_credito,Ratio de NPL | Sociedades no financieras,4.0008,pct_cartera,2024-Q3,"EBA, Risk Dashboard (anexo de datos)",https://www.eba.europa.eu/risk-and-data-analysis/risk-analysis/risk-monitoring/risk-dashboard,2026-09-16,,,n/a,ratio,media_ponderada_volumen,"hoja Loans_4, T22_4; muestra de bancos del EBA"
Italia,cartera_credito,Ratio de NPL | Sociedades no financieras,3.7488,pct_cartera,2024-Q4,"EBA, Risk Dashboard (anexo de datos)",https://www.eba.europa.eu/risk-and-data-analysis/risk-analysis/risk-monitoring/risk-dashboard,2026-09-16,,,n/a,ratio,media_ponderada_volumen,"hoja Loans_4, T22_4; muestra de bancos del EBA"
Italia,cartera_credito,Ratio de NPL | Sociedades no financieras,3.8317,pct_cartera,2025-Q1,"EBA, Risk Dashboard (anexo de datos)",https://www.eba.europa.eu/risk-and-data-analysis/risk-analysis/risk-monitoring/risk-dashboard,2026-09-16,,,n/a,ratio,media_ponderada_volumen,"hoja Loans_4, T22_4; muestra de bancos del EBA"
Italia,cartera_credito,Ratio de NPL | Sociedades no financieras,3.8206,pct_cartera,2025-Q2,"EBA, Risk Dashboard (anexo de datos)",https://www.eba.europa.eu/risk-and-data-analysis/risk-analysis/risk-monitoring/risk-dashboard,2026-09-16,,,n/a,ratio,media_ponderada_volumen,"hoja Loans_4, T22_4; muestra de bancos del EBA"
Italia,cartera_credito,Ratio de NPL | Sociedades no financieras,3.8156,pct_cartera,2025-Q3,"EBA, Risk Dashboard (anexo de datos)",https://www.eba.europa.eu/risk-and-data-analysis/risk-analysis/risk-monitoring/risk-dashboard,2026-09-16,,,n/a,ratio,media_ponderada_volumen,"hoja Loans_4, T22_4; muestra de bancos del EBA"
Italia,cartera_credito,Ratio de NPL | Sociedades no financieras,3.4368,pct_cartera,2025-Q4,"EBA, Risk Dashboard (anexo de datos)",https://www.eba.europa.eu/risk-and-data-analysis/risk-analysis/risk-monitoring/risk-dashboard,2026-09-16,,,n/a,ratio,media_ponderada_volumen,"hoja Loans_4, T22_4; muestra de bancos del EBA"
Italia,cartera_credito,Ratio de NPL | Sociedades no financieras,3.4015,pct_cartera,2026-Q1,"EBA, Risk Dashboard (anexo de datos)",https://www.eba.europa.eu/risk-and-data-analysis/risk-analysis/risk-monitoring/risk-dashboard,2026-09-16,,,n/a,ratio,media_ponderada_volumen,"hoja Loans_4, T22_4; muestra de bancos del EBA"
Paises Bajos,cartera_credito,Ratio de NPL | Sociedades no financieras,3.0205,pct_cartera,2024-Q1,"EBA, Risk Dashboard (anexo de datos)",https://www.eba.europa.eu/risk-and-data-analysis/risk-analysis/risk-monitoring/risk-dashboard,2026-09-16,,,n/a,ratio,media_ponderada_volumen,"hoja Loans_4, T22_4; muestra de bancos del EBA"
Paises Bajos,cartera_credito,Ratio de NPL | Sociedades no financieras,3.1400,pct_cartera,2024-Q2,"EBA, Risk Dashboard (anexo de datos)",https://www.eba.europa.eu/risk-and-data-analysis/risk-analysis/risk-monitoring/risk-dashboard,2026-09-16,,,n/a,ratio,media_ponderada_volumen,"hoja Loans_4, T22_4; muestra de bancos del EBA"
Paises Bajos,cartera_credito,Ratio de NPL | Sociedades no financieras,3.2042,pct_cartera,2024-Q3,"EBA, Risk Dashboard (anexo de datos)",https://www.eba.europa.eu/risk-and-data-analysis/risk-analysis/risk-monitoring/risk-dashboard,2026-09-16,,,n/a,ratio,media_ponderada_volumen,"hoja Loans_4, T22_4; muestra de bancos del EBA"
Paises Bajos,cartera_credito,Ratio de NPL | Sociedades no financieras,3.0628,pct_cartera,2024-Q4,"EBA, Risk Dashboard (anexo de datos)",https://www.eba.europa.eu/risk-and-data-analysis/risk-analysis/risk-monitoring/risk-dashboard,2026-09-16,,,n/a,ratio,media_ponderada_volumen,"hoja Loans_4, T22_4; muestra de bancos del EBA"
Paises Bajos,cartera_credito,Ratio de NPL | Sociedades no financieras,3.0332,pct_cartera,2025-Q1,"EBA, Risk Dashboard (anexo de datos)",https://www.eba.europa.eu/risk-and-data-analysis/risk-analysis/risk-monitoring/risk-dashboard,2026-09-16,,,n/a,ratio,media_ponderada_volumen,"hoja Loans_4, T22_4; muestra de bancos del EBA"
Paises Bajos,cartera_credito,Ratio de NPL | Sociedades no financieras,2.9467,pct_cartera,2025-Q2,"EBA, Risk Dashboard (anexo de datos)",https://www.eba.europa.eu/risk-and-data-analysis/risk-analysis/risk-monitoring/risk-dashboard,2026-09-16,,,n/a,ratio,media_ponderada_volumen,"hoja Loans_4, T22_4; muestra de bancos del EBA"
Paises Bajos,cartera_credito,Ratio de NPL | Sociedades no financieras,2.8443,pct_cartera,2025-Q3,"EBA, Risk Dashboard (anexo de datos)",https://www.eba.europa.eu/risk-and-data-analysis/risk-analysis/risk-monitoring/risk-dashboard,2026-09-16,,,n/a,ratio,media_ponderada_volumen,"hoja Loans_4, T22_4; muestra de bancos del EBA"
Paises Bajos,cartera_credito,Ratio de NPL | Sociedades no financieras,2.7113,pct_cartera,2025-Q4,"EBA, Risk Dashboard (anexo de datos)",https://www.eba.europa.eu/risk-and-data-analysis/risk-analysis/risk-monitoring/risk-dashboard,2026-09-16,,,n/a,ratio,media_ponderada_volumen,"hoja Loans_4, T22_4; muestra de bancos del EBA"
Paises Bajos,cartera_credito,Ratio de NPL | Sociedades no financieras,2.8561,pct_cartera,2026-Q1,"EBA, Risk Dashboard (anexo de datos)",https://www.eba.europa.eu/risk-and-data-analysis/risk-analysis/risk-monitoring/risk-dashboard,2026-09-16,,,n/a,ratio,media_ponderada_volumen,"hoja Loans_4, T22_4; muestra de bancos del EBA"
Portugal,cartera_credito,Ratio de NPL | Sociedades no financieras,5.3291,pct_cartera,2024-Q1,"EBA, Risk Dashboard (anexo de datos)",https://www.eba.europa.eu/risk-and-data-analysis/risk-analysis/risk-monitoring/risk-dashboard,2026-09-16,,,n/a,ratio,media_ponderada_volumen,"hoja Loans_4, T22_4; muestra de bancos del EBA"
Portugal,cartera_credito,Ratio de NPL | Sociedades no financieras,5.1877,pct_cartera,2024-Q2,"EBA, Risk Dashboard (anexo de datos)",https://www.eba.europa.eu/risk-and-data-analysis/risk-analysis/risk-monitoring/risk-dashboard,2026-09-16,,,n/a,ratio,media_ponderada_volumen,"hoja Loans_4, T22_4; muestra de bancos del EBA"
Portugal,cartera_credito,Ratio de NPL | Sociedades no financieras,5.0813,pct_cartera,2024-Q3,"EBA, Risk Dashboard (anexo de datos)",https://www.eba.europa.eu/risk-and-data-analysis/risk-analysis/risk-monitoring/risk-dashboard,2026-09-16,,,n/a,ratio,media_ponderada_volumen,"hoja Loans_4, T22_4; muestra de bancos del EBA"
Portugal,cartera_credito,Ratio de NPL | Sociedades no financieras,4.5020,pct_cartera,2024-Q4,"EBA, Risk Dashboard (anexo de datos)",https://www.eba.europa.eu/risk-and-data-analysis/risk-analysis/risk-monitoring/risk-dashboard,2026-09-16,,,n/a,ratio,media_ponderada_volumen,"hoja Loans_4, T22_4; muestra de bancos del EBA"
Portugal,cartera_credito,Ratio de NPL | Sociedades no financieras,3.9510,pct_cartera,2025-Q1,"EBA, Risk Dashboard (anexo de datos)",https://www.eba.europa.eu/risk-and-data-analysis/risk-analysis/risk-monitoring/risk-dashboard,2026-09-16,,,n/a,ratio,media_ponderada_volumen,"hoja Loans_4, T22_4; muestra de bancos del EBA"
Portugal,cartera_credito,Ratio de NPL | Sociedades no financieras,3.9541,pct_cartera,2025-Q2,"EBA, Risk Dashboard (anexo de datos)",https://www.eba.europa.eu/risk-and-data-analysis/risk-analysis/risk-monitoring/risk-dashboard,2026-09-16,,,n/a,ratio,media_ponderada_volumen,"hoja Loans_4, T22_4; muestra de bancos del EBA"
Portugal,cartera_credito,Ratio de NPL | Sociedades no financieras,3.8313,pct_cartera,2025-Q3,"EBA, Risk Dashboard (anexo de datos)",https://www.eba.europa.eu/risk-and-data-analysis/risk-analysis/risk-monitoring/risk-dashboard,2026-09-16,,,n/a,ratio,media_ponderada_volumen,"hoja Loans_4, T22_4; muestra de bancos del EBA"
Portugal,cartera_credito,Ratio de NPL | Sociedades no financieras,3.7387,pct_cartera,2025-Q4,"EBA, Risk Dashboard (anexo de datos)",https://www.eba.europa.eu/risk-and-data-analysis/risk-analysis/risk-monitoring/risk-dashboard,2026-09-16,,,n/a,ratio,media_ponderada_volumen,"hoja Loans_4, T22_4; muestra de bancos del EBA"
Portugal,cartera_credito,Ratio de NPL | Sociedades no financieras,3.6473,pct_cartera,2026-Q1,"EBA, Risk Dashboard (anexo de datos)",https://www.eba.europa.eu/risk-and-data-analysis/risk-analysis/risk-monitoring/risk-dashboard,2026-09-16,,,n/a,ratio,media_ponderada_volumen,"hoja Loans_4, T22_4; muestra de bancos del EBA"
Alemania,cartera_credito,"Ratio de NPL | Sociedades no financieras, PYME",3.7241,pct_cartera,2024-Q1,"EBA, Risk Dashboard (anexo de datos)",https://www.eba.europa.eu/risk-and-data-analysis/risk-analysis/risk-monitoring/risk-dashboard,2026-09-16,,,tamano_empresa_empleados,ratio,media_ponderada_volumen,"hoja Loans_4, T22_5; muestra de bancos del EBA"
Alemania,cartera_credito,"Ratio de NPL | Sociedades no financieras, PYME",3.9872,pct_cartera,2024-Q2,"EBA, Risk Dashboard (anexo de datos)",https://www.eba.europa.eu/risk-and-data-analysis/risk-analysis/risk-monitoring/risk-dashboard,2026-09-16,,,tamano_empresa_empleados,ratio,media_ponderada_volumen,"hoja Loans_4, T22_5; muestra de bancos del EBA"
Alemania,cartera_credito,"Ratio de NPL | Sociedades no financieras, PYME",3.9992,pct_cartera,2024-Q3,"EBA, Risk Dashboard (anexo de datos)",https://www.eba.europa.eu/risk-and-data-analysis/risk-analysis/risk-monitoring/risk-dashboard,2026-09-16,,,tamano_empresa_empleados,ratio,media_ponderada_volumen,"hoja Loans_4, T22_5; muestra de bancos del EBA"
Alemania,cartera_credito,"Ratio de NPL | Sociedades no financieras, PYME",3.9130,pct_cartera,2024-Q4,"EBA, Risk Dashboard (anexo de datos)",https://www.eba.europa.eu/risk-and-data-analysis/risk-analysis/risk-monitoring/risk-dashboard,2026-09-16,,,tamano_empresa_empleados,ratio,media_ponderada_volumen,"hoja Loans_4, T22_5; muestra de bancos del EBA"
Alemania,cartera_credito,"Ratio de NPL | Sociedades no financieras, PYME",3.5469,pct_cartera,2025-Q1,"EBA, Risk Dashboard (anexo de datos)",https://www.eba.europa.eu/risk-and-data-analysis/risk-analysis/risk-monitoring/risk-dashboard,2026-09-16,,,tamano_empresa_empleados,ratio,media_ponderada_volumen,"hoja Loans_4, T22_5; muestra de bancos del EBA"
Alemania,cartera_credito,"Ratio de NPL | Sociedades no financieras, PYME",4.1482,pct_cartera,2025-Q2,"EBA, Risk Dashboard (anexo de datos)",https://www.eba.europa.eu/risk-and-data-analysis/risk-analysis/risk-monitoring/risk-dashboard,2026-09-16,,,tamano_empresa_empleados,ratio,media_ponderada_volumen,"hoja Loans_4, T22_5; muestra de bancos del EBA"
Alemania,cartera_credito,"Ratio de NPL | Sociedades no financieras, PYME",4.3217,pct_cartera,2025-Q3,"EBA, Risk Dashboard (anexo de datos)",https://www.eba.europa.eu/risk-and-data-analysis/risk-analysis/risk-monitoring/risk-dashboard,2026-09-16,,,tamano_empresa_empleados,ratio,media_ponderada_volumen,"hoja Loans_4, T22_5; muestra de bancos del EBA"
Alemania,cartera_credito,"Ratio de NPL | Sociedades no financieras, PYME",4.5929,pct_cartera,2025-Q4,"EBA, Risk Dashboard (anexo de datos)",https://www.eba.europa.eu/risk-and-data-analysis/risk-analysis/risk-monitoring/risk-dashboard,2026-09-16,,,tamano_empresa_empleados,ratio,media_ponderada_volumen,"hoja Loans_4, T22_5; muestra de bancos del EBA"
Alemania,cartera_credito,"Ratio de NPL | Sociedades no financieras, PYME",4.3157,pct_cartera,2026-Q1,"EBA, Risk Dashboard (anexo de datos)",https://www.eba.europa.eu/risk-and-data-analysis/risk-analysis/risk-monitoring/risk-dashboard,2026-09-16,,,tamano_empresa_empleados,ratio,media_ponderada_volumen,"hoja Loans_4, T22_5; muestra de bancos del EBA"
Espana,cartera_credito,"Ratio de NPL | Sociedades no financieras, PYME",6.4947,pct_cartera,2024-Q1,"EBA, Risk Dashboard (anexo de datos)",https://www.eba.europa.eu/risk-and-data-analysis/risk-analysis/risk-monitoring/risk-dashboard,2026-09-16,,,tamano_empresa_empleados,ratio,media_ponderada_volumen,"hoja Loans_4, T22_5; muestra de bancos del EBA"
Espana,cartera_credito,"Ratio de NPL | Sociedades no financieras, PYME",6.2605,pct_cartera,2024-Q2,"EBA, Risk Dashboard (anexo de datos)",https://www.eba.europa.eu/risk-and-data-analysis/risk-analysis/risk-monitoring/risk-dashboard,2026-09-16,,,tamano_empresa_empleados,ratio,media_ponderada_volumen,"hoja Loans_4, T22_5; muestra de bancos del EBA"
Espana,cartera_credito,"Ratio de NPL | Sociedades no financieras, PYME",6.3446,pct_cartera,2024-Q3,"EBA, Risk Dashboard (anexo de datos)",https://www.eba.europa.eu/risk-and-data-analysis/risk-analysis/risk-monitoring/risk-dashboard,2026-09-16,,,tamano_empresa_empleados,ratio,media_ponderada_volumen,"hoja Loans_4, T22_5; muestra de bancos del EBA"
Espana,cartera_credito,"Ratio de NPL | Sociedades no financieras, PYME",6.0190,pct_cartera,2024-Q4,"EBA, Risk Dashboard (anexo de datos)",https://www.eba.europa.eu/risk-and-data-analysis/risk-analysis/risk-monitoring/risk-dashboard,2026-09-16,,,tamano_empresa_empleados,ratio,media_ponderada_volumen,"hoja Loans_4, T22_5; muestra de bancos del EBA"
Espana,cartera_credito,"Ratio de NPL | Sociedades no financieras, PYME",6.1059,pct_cartera,2025-Q1,"EBA, Risk Dashboard (anexo de datos)",https://www.eba.europa.eu/risk-and-data-analysis/risk-analysis/risk-monitoring/risk-dashboard,2026-09-16,,,tamano_empresa_empleados,ratio,media_ponderada_volumen,"hoja Loans_4, T22_5; muestra de bancos del EBA"
Espana,cartera_credito,"Ratio de NPL | Sociedades no financieras, PYME",5.8917,pct_cartera,2025-Q2,"EBA, Risk Dashboard (anexo de datos)",https://www.eba.europa.eu/risk-and-data-analysis/risk-analysis/risk-monitoring/risk-dashboard,2026-09-16,,,tamano_empresa_empleados,ratio,media_ponderada_volumen,"hoja Loans_4, T22_5; muestra de bancos del EBA"
Espana,cartera_credito,"Ratio de NPL | Sociedades no financieras, PYME",5.7395,pct_cartera,2025-Q3,"EBA, Risk Dashboard (anexo de datos)",https://www.eba.europa.eu/risk-and-data-analysis/risk-analysis/risk-monitoring/risk-dashboard,2026-09-16,,,tamano_empresa_empleados,ratio,media_ponderada_volumen,"hoja Loans_4, T22_5; muestra de bancos del EBA"
Espana,cartera_credito,"Ratio de NPL | Sociedades no financieras, PYME",5.5932,pct_cartera,2025-Q4,"EBA, Risk Dashboard (anexo de datos)",https://www.eba.europa.eu/risk-and-data-analysis/risk-analysis/risk-monitoring/risk-dashboard,2026-09-16,,,tamano_empresa_empleados,ratio,media_ponderada_volumen,"hoja Loans_4, T22_5; muestra de bancos del EBA"
Espana,cartera_credito,"Ratio de NPL | Sociedades no financieras, PYME",5.3813,pct_cartera,2026-Q1,"EBA, Risk Dashboard (anexo de datos)",https://www.eba.europa.eu/risk-and-data-analysis/risk-analysis/risk-monitoring/risk-dashboard,2026-09-16,,,tamano_empresa_empleados,ratio,media_ponderada_volumen,"hoja Loans_4, T22_5; muestra de bancos del EBA"
Union Europea,cartera_credito,"Ratio de NPL | Sociedades no financieras, PYME",4.5291,pct_cartera,2024-Q1,"EBA, Risk Dashboard (anexo de datos)",https://www.eba.europa.eu/risk-and-data-analysis/risk-analysis/risk-monitoring/risk-dashboard,2026-09-16,,,tamano_empresa_empleados,ratio,media_ponderada_volumen,"hoja Loans_4, T22_5; muestra de bancos del EBA"
Union Europea,cartera_credito,"Ratio de NPL | Sociedades no financieras, PYME",4.5695,pct_cartera,2024-Q2,"EBA, Risk Dashboard (anexo de datos)",https://www.eba.europa.eu/risk-and-data-analysis/risk-analysis/risk-monitoring/risk-dashboard,2026-09-16,,,tamano_empresa_empleados,ratio,media_ponderada_volumen,"hoja Loans_4, T22_5; muestra de bancos del EBA"
Union Europea,cartera_credito,"Ratio de NPL | Sociedades no financieras, PYME",4.6311,pct_cartera,2024-Q3,"EBA, Risk Dashboard (anexo de datos)",https://www.eba.europa.eu/risk-and-data-analysis/risk-analysis/risk-monitoring/risk-dashboard,2026-09-16,,,tamano_empresa_empleados,ratio,media_ponderada_volumen,"hoja Loans_4, T22_5; muestra de bancos del EBA"
Union Europea,cartera_credito,"Ratio de NPL | Sociedades no financieras, PYME",4.4993,pct_cartera,2024-Q4,"EBA, Risk Dashboard (anexo de datos)",https://www.eba.europa.eu/risk-and-data-analysis/risk-analysis/risk-monitoring/risk-dashboard,2026-09-16,,,tamano_empresa_empleados,ratio,media_ponderada_volumen,"hoja Loans_4, T22_5; muestra de bancos del EBA"
Union Europea,cartera_credito,"Ratio de NPL | Sociedades no financieras, PYME",4.5116,pct_cartera,2025-Q1,"EBA, Risk Dashboard (anexo de datos)",https://www.eba.europa.eu/risk-and-data-analysis/risk-analysis/risk-monitoring/risk-dashboard,2026-09-16,,,tamano_empresa_empleados,ratio,media_ponderada_volumen,"hoja Loans_4, T22_5; muestra de bancos del EBA"
Union Europea,cartera_credito,"Ratio de NPL | Sociedades no financieras, PYME",4.5606,pct_cartera,2025-Q2,"EBA, Risk Dashboard (anexo de datos)",https://www.eba.europa.eu/risk-and-data-analysis/risk-analysis/risk-monitoring/risk-dashboard,2026-09-16,,,tamano_empresa_empleados,ratio,media_ponderada_volumen,"hoja Loans_4, T22_5; muestra de bancos del EBA"
Union Europea,cartera_credito,"Ratio de NPL | Sociedades no financieras, PYME",4.5859,pct_cartera,2025-Q3,"EBA, Risk Dashboard (anexo de datos)",https://www.eba.europa.eu/risk-and-data-analysis/risk-analysis/risk-monitoring/risk-dashboard,2026-09-16,,,tamano_empresa_empleados,ratio,media_ponderada_volumen,"hoja Loans_4, T22_5; muestra de bancos del EBA"
Union Europea,cartera_credito,"Ratio de NPL | Sociedades no financieras, PYME",4.4368,pct_cartera,2025-Q4,"EBA, Risk Dashboard (anexo de datos)",https://www.eba.europa.eu/risk-and-data-analysis/risk-analysis/risk-monitoring/risk-dashboard,2026-09-16,,,tamano_empresa_empleados,ratio,media_ponderada_volumen,"hoja Loans_4, T22_5; muestra de bancos del EBA"
Union Europea,cartera_credito,"Ratio de NPL | Sociedades no financieras, PYME",4.3650,pct_cartera,2026-Q1,"EBA, Risk Dashboard (anexo de datos)",https://www.eba.europa.eu/risk-and-data-analysis/risk-analysis/risk-monitoring/risk-dashboard,2026-09-16,,,tamano_empresa_empleados,ratio,media_ponderada_volumen,"hoja Loans_4, T22_5; muestra de bancos del EBA"
Francia,cartera_credito,"Ratio de NPL | Sociedades no financieras, PYME",4.4977,pct_cartera,2024-Q1,"EBA, Risk Dashboard (anexo de datos)",https://www.eba.europa.eu/risk-and-data-analysis/risk-analysis/risk-monitoring/risk-dashboard,2026-09-16,,,tamano_empresa_empleados,ratio,media_ponderada_volumen,"hoja Loans_4, T22_5; muestra de bancos del EBA"
Francia,cartera_credito,"Ratio de NPL | Sociedades no financieras, PYME",4.6041,pct_cartera,2024-Q2,"EBA, Risk Dashboard (anexo de datos)",https://www.eba.europa.eu/risk-and-data-analysis/risk-analysis/risk-monitoring/risk-dashboard,2026-09-16,,,tamano_empresa_empleados,ratio,media_ponderada_volumen,"hoja Loans_4, T22_5; muestra de bancos del EBA"
Francia,cartera_credito,"Ratio de NPL | Sociedades no financieras, PYME",4.7200,pct_cartera,2024-Q3,"EBA, Risk Dashboard (anexo de datos)",https://www.eba.europa.eu/risk-and-data-analysis/risk-analysis/risk-monitoring/risk-dashboard,2026-09-16,,,tamano_empresa_empleados,ratio,media_ponderada_volumen,"hoja Loans_4, T22_5; muestra de bancos del EBA"
Francia,cartera_credito,"Ratio de NPL | Sociedades no financieras, PYME",4.7261,pct_cartera,2024-Q4,"EBA, Risk Dashboard (anexo de datos)",https://www.eba.europa.eu/risk-and-data-analysis/risk-analysis/risk-monitoring/risk-dashboard,2026-09-16,,,tamano_empresa_empleados,ratio,media_ponderada_volumen,"hoja Loans_4, T22_5; muestra de bancos del EBA"
Francia,cartera_credito,"Ratio de NPL | Sociedades no financieras, PYME",4.8472,pct_cartera,2025-Q1,"EBA, Risk Dashboard (anexo de datos)",https://www.eba.europa.eu/risk-and-data-analysis/risk-analysis/risk-monitoring/risk-dashboard,2026-09-16,,,tamano_empresa_empleados,ratio,media_ponderada_volumen,"hoja Loans_4, T22_5; muestra de bancos del EBA"
Francia,cartera_credito,"Ratio de NPL | Sociedades no financieras, PYME",4.9782,pct_cartera,2025-Q2,"EBA, Risk Dashboard (anexo de datos)",https://www.eba.europa.eu/risk-and-data-analysis/risk-analysis/risk-monitoring/risk-dashboard,2026-09-16,,,tamano_empresa_empleados,ratio,media_ponderada_volumen,"hoja Loans_4, T22_5; muestra de bancos del EBA"
Francia,cartera_credito,"Ratio de NPL | Sociedades no financieras, PYME",5.0989,pct_cartera,2025-Q3,"EBA, Risk Dashboard (anexo de datos)",https://www.eba.europa.eu/risk-and-data-analysis/risk-analysis/risk-monitoring/risk-dashboard,2026-09-16,,,tamano_empresa_empleados,ratio,media_ponderada_volumen,"hoja Loans_4, T22_5; muestra de bancos del EBA"
Francia,cartera_credito,"Ratio de NPL | Sociedades no financieras, PYME",5.0432,pct_cartera,2025-Q4,"EBA, Risk Dashboard (anexo de datos)",https://www.eba.europa.eu/risk-and-data-analysis/risk-analysis/risk-monitoring/risk-dashboard,2026-09-16,,,tamano_empresa_empleados,ratio,media_ponderada_volumen,"hoja Loans_4, T22_5; muestra de bancos del EBA"
Francia,cartera_credito,"Ratio de NPL | Sociedades no financieras, PYME",5.1249,pct_cartera,2026-Q1,"EBA, Risk Dashboard (anexo de datos)",https://www.eba.europa.eu/risk-and-data-analysis/risk-analysis/risk-monitoring/risk-dashboard,2026-09-16,,,tamano_empresa_empleados,ratio,media_ponderada_volumen,"hoja Loans_4, T22_5; muestra de bancos del EBA"
Italia,cartera_credito,"Ratio de NPL | Sociedades no financieras, PYME",5.7285,pct_cartera,2024-Q1,"EBA, Risk Dashboard (anexo de datos)",https://www.eba.europa.eu/risk-and-data-analysis/risk-analysis/risk-monitoring/risk-dashboard,2026-09-16,,,tamano_empresa_empleados,ratio,media_ponderada_volumen,"hoja Loans_4, T22_5; muestra de bancos del EBA"
Italia,cartera_credito,"Ratio de NPL | Sociedades no financieras, PYME",5.8588,pct_cartera,2024-Q2,"EBA, Risk Dashboard (anexo de datos)",https://www.eba.europa.eu/risk-and-data-analysis/risk-analysis/risk-monitoring/risk-dashboard,2026-09-16,,,tamano_empresa_empleados,ratio,media_ponderada_volumen,"hoja Loans_4, T22_5; muestra de bancos del EBA"
Italia,cartera_credito,"Ratio de NPL | Sociedades no financieras, PYME",5.8811,pct_cartera,2024-Q3,"EBA, Risk Dashboard (anexo de datos)",https://www.eba.europa.eu/risk-and-data-analysis/risk-analysis/risk-monitoring/risk-dashboard,2026-09-16,,,tamano_empresa_empleados,ratio,media_ponderada_volumen,"hoja Loans_4, T22_5; muestra de bancos del EBA"
Italia,cartera_credito,"Ratio de NPL | Sociedades no financieras, PYME",5.5359,pct_cartera,2024-Q4,"EBA, Risk Dashboard (anexo de datos)",https://www.eba.europa.eu/risk-and-data-analysis/risk-analysis/risk-monitoring/risk-dashboard,2026-09-16,,,tamano_empresa_empleados,ratio,media_ponderada_volumen,"hoja Loans_4, T22_5; muestra de bancos del EBA"
Italia,cartera_credito,"Ratio de NPL | Sociedades no financieras, PYME",5.6086,pct_cartera,2025-Q1,"EBA, Risk Dashboard (anexo de datos)",https://www.eba.europa.eu/risk-and-data-analysis/risk-analysis/risk-monitoring/risk-dashboard,2026-09-16,,,tamano_empresa_empleados,ratio,media_ponderada_volumen,"hoja Loans_4, T22_5; muestra de bancos del EBA"
Italia,cartera_credito,"Ratio de NPL | Sociedades no financieras, PYME",5.6176,pct_cartera,2025-Q2,"EBA, Risk Dashboard (anexo de datos)",https://www.eba.europa.eu/risk-and-data-analysis/risk-analysis/risk-monitoring/risk-dashboard,2026-09-16,,,tamano_empresa_empleados,ratio,media_ponderada_volumen,"hoja Loans_4, T22_5; muestra de bancos del EBA"
Italia,cartera_credito,"Ratio de NPL | Sociedades no financieras, PYME",5.8317,pct_cartera,2025-Q3,"EBA, Risk Dashboard (anexo de datos)",https://www.eba.europa.eu/risk-and-data-analysis/risk-analysis/risk-monitoring/risk-dashboard,2026-09-16,,,tamano_empresa_empleados,ratio,media_ponderada_volumen,"hoja Loans_4, T22_5; muestra de bancos del EBA"
Italia,cartera_credito,"Ratio de NPL | Sociedades no financieras, PYME",4.9167,pct_cartera,2025-Q4,"EBA, Risk Dashboard (anexo de datos)",https://www.eba.europa.eu/risk-and-data-analysis/risk-analysis/risk-monitoring/risk-dashboard,2026-09-16,,,tamano_empresa_empleados,ratio,media_ponderada_volumen,"hoja Loans_4, T22_5; muestra de bancos del EBA"
Italia,cartera_credito,"Ratio de NPL | Sociedades no financieras, PYME",4.9024,pct_cartera,2026-Q1,"EBA, Risk Dashboard (anexo de datos)",https://www.eba.europa.eu/risk-and-data-analysis/risk-analysis/risk-monitoring/risk-dashboard,2026-09-16,,,tamano_empresa_empleados,ratio,media_ponderada_volumen,"hoja Loans_4, T22_5; muestra de bancos del EBA"
Paises Bajos,cartera_credito,"Ratio de NPL | Sociedades no financieras, PYME",3.9022,pct_cartera,2024-Q1,"EBA, Risk Dashboard (anexo de datos)",https://www.eba.europa.eu/risk-and-data-analysis/risk-analysis/risk-monitoring/risk-dashboard,2026-09-16,,,tamano_empresa_empleados,ratio,media_ponderada_volumen,"hoja Loans_4, T22_5; muestra de bancos del EBA"
Paises Bajos,cartera_credito,"Ratio de NPL | Sociedades no financieras, PYME",3.8747,pct_cartera,2024-Q2,"EBA, Risk Dashboard (anexo de datos)",https://www.eba.europa.eu/risk-and-data-analysis/risk-analysis/risk-monitoring/risk-dashboard,2026-09-16,,,tamano_empresa_empleados,ratio,media_ponderada_volumen,"hoja Loans_4, T22_5; muestra de bancos del EBA"
Paises Bajos,cartera_credito,"Ratio de NPL | Sociedades no financieras, PYME",4.0470,pct_cartera,2024-Q3,"EBA, Risk Dashboard (anexo de datos)",https://www.eba.europa.eu/risk-and-data-analysis/risk-analysis/risk-monitoring/risk-dashboard,2026-09-16,,,tamano_empresa_empleados,ratio,media_ponderada_volumen,"hoja Loans_4, T22_5; muestra de bancos del EBA"
Paises Bajos,cartera_credito,"Ratio de NPL | Sociedades no financieras, PYME",3.7738,pct_cartera,2024-Q4,"EBA, Risk Dashboard (anexo de datos)",https://www.eba.europa.eu/risk-and-data-analysis/risk-analysis/risk-monitoring/risk-dashboard,2026-09-16,,,tamano_empresa_empleados,ratio,media_ponderada_volumen,"hoja Loans_4, T22_5; muestra de bancos del EBA"
Paises Bajos,cartera_credito,"Ratio de NPL | Sociedades no financieras, PYME",3.7422,pct_cartera,2025-Q1,"EBA, Risk Dashboard (anexo de datos)",https://www.eba.europa.eu/risk-and-data-analysis/risk-analysis/risk-monitoring/risk-dashboard,2026-09-16,,,tamano_empresa_empleados,ratio,media_ponderada_volumen,"hoja Loans_4, T22_5; muestra de bancos del EBA"
Paises Bajos,cartera_credito,"Ratio de NPL | Sociedades no financieras, PYME",3.7183,pct_cartera,2025-Q2,"EBA, Risk Dashboard (anexo de datos)",https://www.eba.europa.eu/risk-and-data-analysis/risk-analysis/risk-monitoring/risk-dashboard,2026-09-16,,,tamano_empresa_empleados,ratio,media_ponderada_volumen,"hoja Loans_4, T22_5; muestra de bancos del EBA"
Paises Bajos,cartera_credito,"Ratio de NPL | Sociedades no financieras, PYME",3.4693,pct_cartera,2025-Q3,"EBA, Risk Dashboard (anexo de datos)",https://www.eba.europa.eu/risk-and-data-analysis/risk-analysis/risk-monitoring/risk-dashboard,2026-09-16,,,tamano_empresa_empleados,ratio,media_ponderada_volumen,"hoja Loans_4, T22_5; muestra de bancos del EBA"
Paises Bajos,cartera_credito,"Ratio de NPL | Sociedades no financieras, PYME",3.1714,pct_cartera,2025-Q4,"EBA, Risk Dashboard (anexo de datos)",https://www.eba.europa.eu/risk-and-data-analysis/risk-analysis/risk-monitoring/risk-dashboard,2026-09-16,,,tamano_empresa_empleados,ratio,media_ponderada_volumen,"hoja Loans_4, T22_5; muestra de bancos del EBA"
Paises Bajos,cartera_credito,"Ratio de NPL | Sociedades no financieras, PYME",3.1283,pct_cartera,2026-Q1,"EBA, Risk Dashboard (anexo de datos)",https://www.eba.europa.eu/risk-and-data-analysis/risk-analysis/risk-monitoring/risk-dashboard,2026-09-16,,,tamano_empresa_empleados,ratio,media_ponderada_volumen,"hoja Loans_4, T22_5; muestra de bancos del EBA"
Portugal,cartera_credito,"Ratio de NPL | Sociedades no financieras, PYME",6.1726,pct_cartera,2024-Q1,"EBA, Risk Dashboard (anexo de datos)",https://www.eba.europa.eu/risk-and-data-analysis/risk-analysis/risk-monitoring/risk-dashboard,2026-09-16,,,tamano_empresa_empleados,ratio,media_ponderada_volumen,"hoja Loans_4, T22_5; muestra de bancos del EBA"
Portugal,cartera_credito,"Ratio de NPL | Sociedades no financieras, PYME",5.9988,pct_cartera,2024-Q2,"EBA, Risk Dashboard (anexo de datos)",https://www.eba.europa.eu/risk-and-data-analysis/risk-analysis/risk-monitoring/risk-dashboard,2026-09-16,,,tamano_empresa_empleados,ratio,media_ponderada_volumen,"hoja Loans_4, T22_5; muestra de bancos del EBA"
Portugal,cartera_credito,"Ratio de NPL | Sociedades no financieras, PYME",5.8685,pct_cartera,2024-Q3,"EBA, Risk Dashboard (anexo de datos)",https://www.eba.europa.eu/risk-and-data-analysis/risk-analysis/risk-monitoring/risk-dashboard,2026-09-16,,,tamano_empresa_empleados,ratio,media_ponderada_volumen,"hoja Loans_4, T22_5; muestra de bancos del EBA"
Portugal,cartera_credito,"Ratio de NPL | Sociedades no financieras, PYME",5.2620,pct_cartera,2024-Q4,"EBA, Risk Dashboard (anexo de datos)",https://www.eba.europa.eu/risk-and-data-analysis/risk-analysis/risk-monitoring/risk-dashboard,2026-09-16,,,tamano_empresa_empleados,ratio,media_ponderada_volumen,"hoja Loans_4, T22_5; muestra de bancos del EBA"
Portugal,cartera_credito,"Ratio de NPL | Sociedades no financieras, PYME",4.6134,pct_cartera,2025-Q1,"EBA, Risk Dashboard (anexo de datos)",https://www.eba.europa.eu/risk-and-data-analysis/risk-analysis/risk-monitoring/risk-dashboard,2026-09-16,,,tamano_empresa_empleados,ratio,media_ponderada_volumen,"hoja Loans_4, T22_5; muestra de bancos del EBA"
Portugal,cartera_credito,"Ratio de NPL | Sociedades no financieras, PYME",4.5544,pct_cartera,2025-Q2,"EBA, Risk Dashboard (anexo de datos)",https://www.eba.europa.eu/risk-and-data-analysis/risk-analysis/risk-monitoring/risk-dashboard,2026-09-16,,,tamano_empresa_empleados,ratio,media_ponderada_volumen,"hoja Loans_4, T22_5; muestra de bancos del EBA"
Portugal,cartera_credito,"Ratio de NPL | Sociedades no financieras, PYME",4.6462,pct_cartera,2025-Q3,"EBA, Risk Dashboard (anexo de datos)",https://www.eba.europa.eu/risk-and-data-analysis/risk-analysis/risk-monitoring/risk-dashboard,2026-09-16,,,tamano_empresa_empleados,ratio,media_ponderada_volumen,"hoja Loans_4, T22_5; muestra de bancos del EBA"
Portugal,cartera_credito,"Ratio de NPL | Sociedades no financieras, PYME",4.3959,pct_cartera,2025-Q4,"EBA, Risk Dashboard (anexo de datos)",https://www.eba.europa.eu/risk-and-data-analysis/risk-analysis/risk-monitoring/risk-dashboard,2026-09-16,,,tamano_empresa_empleados,ratio,media_ponderada_volumen,"hoja Loans_4, T22_5; muestra de bancos del EBA"
Portugal,cartera_credito,"Ratio de NPL | Sociedades no financieras, PYME",4.2250,pct_cartera,2026-Q1,"EBA, Risk Dashboard (anexo de datos)",https://www.eba.europa.eu/risk-and-data-analysis/risk-analysis/risk-monitoring/risk-dashboard,2026-09-16,,,tamano_empresa_empleados,ratio,media_ponderada_volumen,"hoja Loans_4, T22_5; muestra de bancos del EBA"
Alemania,cartera_credito,Ratio de cobertura | Total prestamos y anticipos,32.0185,pct_cartera,2024-Q1,"EBA, Risk Dashboard (anexo de datos)",https://www.eba.europa.eu/risk-and-data-analysis/risk-analysis/risk-monitoring/risk-dashboard,2026-09-16,,,n/a,ratio,media_ponderada_volumen,"hoja Loans_3, T23_1; muestra de bancos del EBA"
Alemania,cartera_credito,Ratio de cobertura | Total prestamos y anticipos,32.5674,pct_cartera,2024-Q2,"EBA, Risk Dashboard (anexo de datos)",https://www.eba.europa.eu/risk-and-data-analysis/risk-analysis/risk-monitoring/risk-dashboard,2026-09-16,,,n/a,ratio,media_ponderada_volumen,"hoja Loans_3, T23_1; muestra de bancos del EBA"
Alemania,cartera_credito,Ratio de cobertura | Total prestamos y anticipos,32.2798,pct_cartera,2024-Q3,"EBA, Risk Dashboard (anexo de datos)",https://www.eba.europa.eu/risk-and-data-analysis/risk-analysis/risk-monitoring/risk-dashboard,2026-09-16,,,n/a,ratio,media_ponderada_volumen,"hoja Loans_3, T23_1; muestra de bancos del EBA"
Alemania,cartera_credito,Ratio de cobertura | Total prestamos y anticipos,32.7873,pct_cartera,2024-Q4,"EBA, Risk Dashboard (anexo de datos)",https://www.eba.europa.eu/risk-and-data-analysis/risk-analysis/risk-monitoring/risk-dashboard,2026-09-16,,,n/a,ratio,media_ponderada_volumen,"hoja Loans_3, T23_1; muestra de bancos del EBA"
Alemania,cartera_credito,Ratio de cobertura | Total prestamos y anticipos,35.3150,pct_cartera,2025-Q1,"EBA, Risk Dashboard (anexo de datos)",https://www.eba.europa.eu/risk-and-data-analysis/risk-analysis/risk-monitoring/risk-dashboard,2026-09-16,,,n/a,ratio,media_ponderada_volumen,"hoja Loans_3, T23_1; muestra de bancos del EBA"
Alemania,cartera_credito,Ratio de cobertura | Total prestamos y anticipos,34.9789,pct_cartera,2025-Q2,"EBA, Risk Dashboard (anexo de datos)",https://www.eba.europa.eu/risk-and-data-analysis/risk-analysis/risk-monitoring/risk-dashboard,2026-09-16,,,n/a,ratio,media_ponderada_volumen,"hoja Loans_3, T23_1; muestra de bancos del EBA"
Alemania,cartera_credito,Ratio de cobertura | Total prestamos y anticipos,34.3571,pct_cartera,2025-Q3,"EBA, Risk Dashboard (anexo de datos)",https://www.eba.europa.eu/risk-and-data-analysis/risk-analysis/risk-monitoring/risk-dashboard,2026-09-16,,,n/a,ratio,media_ponderada_volumen,"hoja Loans_3, T23_1; muestra de bancos del EBA"
Alemania,cartera_credito,Ratio de cobertura | Total prestamos y anticipos,32.9905,pct_cartera,2025-Q4,"EBA, Risk Dashboard (anexo de datos)",https://www.eba.europa.eu/risk-and-data-analysis/risk-analysis/risk-monitoring/risk-dashboard,2026-09-16,,,n/a,ratio,media_ponderada_volumen,"hoja Loans_3, T23_1; muestra de bancos del EBA"
Alemania,cartera_credito,Ratio de cobertura | Total prestamos y anticipos,33.1437,pct_cartera,2026-Q1,"EBA, Risk Dashboard (anexo de datos)",https://www.eba.europa.eu/risk-and-data-analysis/risk-analysis/risk-monitoring/risk-dashboard,2026-09-16,,,n/a,ratio,media_ponderada_volumen,"hoja Loans_3, T23_1; muestra de bancos del EBA"
Espana,cartera_credito,Ratio de cobertura | Total prestamos y anticipos,43.0531,pct_cartera,2024-Q1,"EBA, Risk Dashboard (anexo de datos)",https://www.eba.europa.eu/risk-and-data-analysis/risk-analysis/risk-monitoring/risk-dashboard,2026-09-16,,,n/a,ratio,media_ponderada_volumen,"hoja Loans_3, T23_1; muestra de bancos del EBA"
Espana,cartera_credito,Ratio de cobertura | Total prestamos y anticipos,43.5923,pct_cartera,2024-Q2,"EBA, Risk Dashboard (anexo de datos)",https://www.eba.europa.eu/risk-and-data-analysis/risk-analysis/risk-monitoring/risk-dashboard,2026-09-16,,,n/a,ratio,media_ponderada_volumen,"hoja Loans_3, T23_1; muestra de bancos del EBA"
Espana,cartera_credito,Ratio de cobertura | Total prestamos y anticipos,43.5442,pct_cartera,2024-Q3,"EBA, Risk Dashboard (anexo de datos)",https://www.eba.europa.eu/risk-and-data-analysis/risk-analysis/risk-monitoring/risk-dashboard,2026-09-16,,,n/a,ratio,media_ponderada_volumen,"hoja Loans_3, T23_1; muestra de bancos del EBA"
Espana,cartera_credito,Ratio de cobertura | Total prestamos y anticipos,44.1816,pct_cartera,2024-Q4,"EBA, Risk Dashboard (anexo de datos)",https://www.eba.europa.eu/risk-and-data-analysis/risk-analysis/risk-monitoring/risk-dashboard,2026-09-16,,,n/a,ratio,media_ponderada_volumen,"hoja Loans_3, T23_1; muestra de bancos del EBA"
Espana,cartera_credito,Ratio de cobertura | Total prestamos y anticipos,44.3362,pct_cartera,2025-Q1,"EBA, Risk Dashboard (anexo de datos)",https://www.eba.europa.eu/risk-and-data-analysis/risk-analysis/risk-monitoring/risk-dashboard,2026-09-16,,,n/a,ratio,media_ponderada_volumen,"hoja Loans_3, T23_1; muestra de bancos del EBA"
Espana,cartera_credito,Ratio de cobertura | Total prestamos y anticipos,45.4650,pct_cartera,2025-Q2,"EBA, Risk Dashboard (anexo de datos)",https://www.eba.europa.eu/risk-and-data-analysis/risk-analysis/risk-monitoring/risk-dashboard,2026-09-16,,,n/a,ratio,media_ponderada_volumen,"hoja Loans_3, T23_1; muestra de bancos del EBA"
Espana,cartera_credito,Ratio de cobertura | Total prestamos y anticipos,46.2929,pct_cartera,2025-Q3,"EBA, Risk Dashboard (anexo de datos)",https://www.eba.europa.eu/risk-and-data-analysis/risk-analysis/risk-monitoring/risk-dashboard,2026-09-16,,,n/a,ratio,media_ponderada_volumen,"hoja Loans_3, T23_1; muestra de bancos del EBA"
Espana,cartera_credito,Ratio de cobertura | Total prestamos y anticipos,46.5880,pct_cartera,2025-Q4,"EBA, Risk Dashboard (anexo de datos)",https://www.eba.europa.eu/risk-and-data-analysis/risk-analysis/risk-monitoring/risk-dashboard,2026-09-16,,,n/a,ratio,media_ponderada_volumen,"hoja Loans_3, T23_1; muestra de bancos del EBA"
Espana,cartera_credito,Ratio de cobertura | Total prestamos y anticipos,46.2542,pct_cartera,2026-Q1,"EBA, Risk Dashboard (anexo de datos)",https://www.eba.europa.eu/risk-and-data-analysis/risk-analysis/risk-monitoring/risk-dashboard,2026-09-16,,,n/a,ratio,media_ponderada_volumen,"hoja Loans_3, T23_1; muestra de bancos del EBA"
Union Europea,cartera_credito,Ratio de cobertura | Total prestamos y anticipos,41.6351,pct_cartera,2024-Q1,"EBA, Risk Dashboard (anexo de datos)",https://www.eba.europa.eu/risk-and-data-analysis/risk-analysis/risk-monitoring/risk-dashboard,2026-09-16,,,n/a,ratio,media_ponderada_volumen,"hoja Loans_3, T23_1; muestra de bancos del EBA"
Union Europea,cartera_credito,Ratio de cobertura | Total prestamos y anticipos,41.9904,pct_cartera,2024-Q2,"EBA, Risk Dashboard (anexo de datos)",https://www.eba.europa.eu/risk-and-data-analysis/risk-analysis/risk-monitoring/risk-dashboard,2026-09-16,,,n/a,ratio,media_ponderada_volumen,"hoja Loans_3, T23_1; muestra de bancos del EBA"
Union Europea,cartera_credito,Ratio de cobertura | Total prestamos y anticipos,41.6734,pct_cartera,2024-Q3,"EBA, Risk Dashboard (anexo de datos)",https://www.eba.europa.eu/risk-and-data-analysis/risk-analysis/risk-monitoring/risk-dashboard,2026-09-16,,,n/a,ratio,media_ponderada_volumen,"hoja Loans_3, T23_1; muestra de bancos del EBA"
Union Europea,cartera_credito,Ratio de cobertura | Total prestamos y anticipos,41.1923,pct_cartera,2024-Q4,"EBA, Risk Dashboard (anexo de datos)",https://www.eba.europa.eu/risk-and-data-analysis/risk-analysis/risk-monitoring/risk-dashboard,2026-09-16,,,n/a,ratio,media_ponderada_volumen,"hoja Loans_3, T23_1; muestra de bancos del EBA"
Union Europea,cartera_credito,Ratio de cobertura | Total prestamos y anticipos,41.4797,pct_cartera,2025-Q1,"EBA, Risk Dashboard (anexo de datos)",https://www.eba.europa.eu/risk-and-data-analysis/risk-analysis/risk-monitoring/risk-dashboard,2026-09-16,,,n/a,ratio,media_ponderada_volumen,"hoja Loans_3, T23_1; muestra de bancos del EBA"
Union Europea,cartera_credito,Ratio de cobertura | Total prestamos y anticipos,41.6654,pct_cartera,2025-Q2,"EBA, Risk Dashboard (anexo de datos)",https://www.eba.europa.eu/risk-and-data-analysis/risk-analysis/risk-monitoring/risk-dashboard,2026-09-16,,,n/a,ratio,media_ponderada_volumen,"hoja Loans_3, T23_1; muestra de bancos del EBA"
Union Europea,cartera_credito,Ratio de cobertura | Total prestamos y anticipos,41.9328,pct_cartera,2025-Q3,"EBA, Risk Dashboard (anexo de datos)",https://www.eba.europa.eu/risk-and-data-analysis/risk-analysis/risk-monitoring/risk-dashboard,2026-09-16,,,n/a,ratio,media_ponderada_volumen,"hoja Loans_3, T23_1; muestra de bancos del EBA"
Union Europea,cartera_credito,Ratio de cobertura | Total prestamos y anticipos,41.4115,pct_cartera,2025-Q4,"EBA, Risk Dashboard (anexo de datos)",https://www.eba.europa.eu/risk-and-data-analysis/risk-analysis/risk-monitoring/risk-dashboard,2026-09-16,,,n/a,ratio,media_ponderada_volumen,"hoja Loans_3, T23_1; muestra de bancos del EBA"
Union Europea,cartera_credito,Ratio de cobertura | Total prestamos y anticipos,41.2730,pct_cartera,2026-Q1,"EBA, Risk Dashboard (anexo de datos)",https://www.eba.europa.eu/risk-and-data-analysis/risk-analysis/risk-monitoring/risk-dashboard,2026-09-16,,,n/a,ratio,media_ponderada_volumen,"hoja Loans_3, T23_1; muestra de bancos del EBA"
Francia,cartera_credito,Ratio de cobertura | Total prestamos y anticipos,44.4816,pct_cartera,2024-Q1,"EBA, Risk Dashboard (anexo de datos)",https://www.eba.europa.eu/risk-and-data-analysis/risk-analysis/risk-monitoring/risk-dashboard,2026-09-16,,,n/a,ratio,media_ponderada_volumen,"hoja Loans_3, T23_1; muestra de bancos del EBA"
Francia,cartera_credito,Ratio de cobertura | Total prestamos y anticipos,44.8318,pct_cartera,2024-Q2,"EBA, Risk Dashboard (anexo de datos)",https://www.eba.europa.eu/risk-and-data-analysis/risk-analysis/risk-monitoring/risk-dashboard,2026-09-16,,,n/a,ratio,media_ponderada_volumen,"hoja Loans_3, T23_1; muestra de bancos del EBA"
Francia,cartera_credito,Ratio de cobertura | Total prestamos y anticipos,44.8497,pct_cartera,2024-Q3,"EBA, Risk Dashboard (anexo de datos)",https://www.eba.europa.eu/risk-and-data-analysis/risk-analysis/risk-monitoring/risk-dashboard,2026-09-16,,,n/a,ratio,media_ponderada_volumen,"hoja Loans_3, T23_1; muestra de bancos del EBA"
Francia,cartera_credito,Ratio de cobertura | Total prestamos y anticipos,44.8879,pct_cartera,2024-Q4,"EBA, Risk Dashboard (anexo de datos)",https://www.eba.europa.eu/risk-and-data-analysis/risk-analysis/risk-monitoring/risk-dashboard,2026-09-16,,,n/a,ratio,media_ponderada_volumen,"hoja Loans_3, T23_1; muestra de bancos del EBA"
Francia,cartera_credito,Ratio de cobertura | Total prestamos y anticipos,44.6966,pct_cartera,2025-Q1,"EBA, Risk Dashboard (anexo de datos)",https://www.eba.europa.eu/risk-and-data-analysis/risk-analysis/risk-monitoring/risk-dashboard,2026-09-16,,,n/a,ratio,media_ponderada_volumen,"hoja Loans_3, T23_1; muestra de bancos del EBA"
Francia,cartera_credito,Ratio de cobertura | Total prestamos y anticipos,44.3232,pct_cartera,2025-Q2,"EBA, Risk Dashboard (anexo de datos)",https://www.eba.europa.eu/risk-and-data-analysis/risk-analysis/risk-monitoring/risk-dashboard,2026-09-16,,,n/a,ratio,media_ponderada_volumen,"hoja Loans_3, T23_1; muestra de bancos del EBA"
Francia,cartera_credito,Ratio de cobertura | Total prestamos y anticipos,44.2544,pct_cartera,2025-Q3,"EBA, Risk Dashboard (anexo de datos)",https://www.eba.europa.eu/risk-and-data-analysis/risk-analysis/risk-monitoring/risk-dashboard,2026-09-16,,,n/a,ratio,media_ponderada_volumen,"hoja Loans_3, T23_1; muestra de bancos del EBA"
Francia,cartera_credito,Ratio de cobertura | Total prestamos y anticipos,44.1488,pct_cartera,2025-Q4,"EBA, Risk Dashboard (anexo de datos)",https://www.eba.europa.eu/risk-and-data-analysis/risk-analysis/risk-monitoring/risk-dashboard,2026-09-16,,,n/a,ratio,media_ponderada_volumen,"hoja Loans_3, T23_1; muestra de bancos del EBA"
Francia,cartera_credito,Ratio de cobertura | Total prestamos y anticipos,44.0238,pct_cartera,2026-Q1,"EBA, Risk Dashboard (anexo de datos)",https://www.eba.europa.eu/risk-and-data-analysis/risk-analysis/risk-monitoring/risk-dashboard,2026-09-16,,,n/a,ratio,media_ponderada_volumen,"hoja Loans_3, T23_1; muestra de bancos del EBA"
Italia,cartera_credito,Ratio de cobertura | Total prestamos y anticipos,53.3597,pct_cartera,2024-Q1,"EBA, Risk Dashboard (anexo de datos)",https://www.eba.europa.eu/risk-and-data-analysis/risk-analysis/risk-monitoring/risk-dashboard,2026-09-16,,,n/a,ratio,media_ponderada_volumen,"hoja Loans_3, T23_1; muestra de bancos del EBA"
Italia,cartera_credito,Ratio de cobertura | Total prestamos y anticipos,53.9781,pct_cartera,2024-Q2,"EBA, Risk Dashboard (anexo de datos)",https://www.eba.europa.eu/risk-and-data-analysis/risk-analysis/risk-monitoring/risk-dashboard,2026-09-16,,,n/a,ratio,media_ponderada_volumen,"hoja Loans_3, T23_1; muestra de bancos del EBA"
Italia,cartera_credito,Ratio de cobertura | Total prestamos y anticipos,53.3380,pct_cartera,2024-Q3,"EBA, Risk Dashboard (anexo de datos)",https://www.eba.europa.eu/risk-and-data-analysis/risk-analysis/risk-monitoring/risk-dashboard,2026-09-16,,,n/a,ratio,media_ponderada_volumen,"hoja Loans_3, T23_1; muestra de bancos del EBA"
Italia,cartera_credito,Ratio de cobertura | Total prestamos y anticipos,52.4826,pct_cartera,2024-Q4,"EBA, Risk Dashboard (anexo de datos)",https://www.eba.europa.eu/risk-and-data-analysis/risk-analysis/risk-monitoring/risk-dashboard,2026-09-16,,,n/a,ratio,media_ponderada_volumen,"hoja Loans_3, T23_1; muestra de bancos del EBA"
Italia,cartera_credito,Ratio de cobertura | Total prestamos y anticipos,52.8385,pct_cartera,2025-Q1,"EBA, Risk Dashboard (anexo de datos)",https://www.eba.europa.eu/risk-and-data-analysis/risk-analysis/risk-monitoring/risk-dashboard,2026-09-16,,,n/a,ratio,media_ponderada_volumen,"hoja Loans_3, T23_1; muestra de bancos del EBA"
Italia,cartera_credito,Ratio de cobertura | Total prestamos y anticipos,52.1223,pct_cartera,2025-Q2,"EBA, Risk Dashboard (anexo de datos)",https://www.eba.europa.eu/risk-and-data-analysis/risk-analysis/risk-monitoring/risk-dashboard,2026-09-16,,,n/a,ratio,media_ponderada_volumen,"hoja Loans_3, T23_1; muestra de bancos del EBA"
Italia,cartera_credito,Ratio de cobertura | Total prestamos y anticipos,52.6277,pct_cartera,2025-Q3,"EBA, Risk Dashboard (anexo de datos)",https://www.eba.europa.eu/risk-and-data-analysis/risk-analysis/risk-monitoring/risk-dashboard,2026-09-16,,,n/a,ratio,media_ponderada_volumen,"hoja Loans_3, T23_1; muestra de bancos del EBA"
Italia,cartera_credito,Ratio de cobertura | Total prestamos y anticipos,50.8200,pct_cartera,2025-Q4,"EBA, Risk Dashboard (anexo de datos)",https://www.eba.europa.eu/risk-and-data-analysis/risk-analysis/risk-monitoring/risk-dashboard,2026-09-16,,,n/a,ratio,media_ponderada_volumen,"hoja Loans_3, T23_1; muestra de bancos del EBA"
Italia,cartera_credito,Ratio de cobertura | Total prestamos y anticipos,51.8390,pct_cartera,2026-Q1,"EBA, Risk Dashboard (anexo de datos)",https://www.eba.europa.eu/risk-and-data-analysis/risk-analysis/risk-monitoring/risk-dashboard,2026-09-16,,,n/a,ratio,media_ponderada_volumen,"hoja Loans_3, T23_1; muestra de bancos del EBA"
Paises Bajos,cartera_credito,Ratio de cobertura | Total prestamos y anticipos,26.3019,pct_cartera,2024-Q1,"EBA, Risk Dashboard (anexo de datos)",https://www.eba.europa.eu/risk-and-data-analysis/risk-analysis/risk-monitoring/risk-dashboard,2026-09-16,,,n/a,ratio,media_ponderada_volumen,"hoja Loans_3, T23_1; muestra de bancos del EBA"
Paises Bajos,cartera_credito,Ratio de cobertura | Total prestamos y anticipos,26.5162,pct_cartera,2024-Q2,"EBA, Risk Dashboard (anexo de datos)",https://www.eba.europa.eu/risk-and-data-analysis/risk-analysis/risk-monitoring/risk-dashboard,2026-09-16,,,n/a,ratio,media_ponderada_volumen,"hoja Loans_3, T23_1; muestra de bancos del EBA"
Paises Bajos,cartera_credito,Ratio de cobertura | Total prestamos y anticipos,25.7825,pct_cartera,2024-Q3,"EBA, Risk Dashboard (anexo de datos)",https://www.eba.europa.eu/risk-and-data-analysis/risk-analysis/risk-monitoring/risk-dashboard,2026-09-16,,,n/a,ratio,media_ponderada_volumen,"hoja Loans_3, T23_1; muestra de bancos del EBA"
Paises Bajos,cartera_credito,Ratio de cobertura | Total prestamos y anticipos,24.2317,pct_cartera,2024-Q4,"EBA, Risk Dashboard (anexo de datos)",https://www.eba.europa.eu/risk-and-data-analysis/risk-analysis/risk-monitoring/risk-dashboard,2026-09-16,,,n/a,ratio,media_ponderada_volumen,"hoja Loans_3, T23_1; muestra de bancos del EBA"
Paises Bajos,cartera_credito,Ratio de cobertura | Total prestamos y anticipos,23.7051,pct_cartera,2025-Q1,"EBA, Risk Dashboard (anexo de datos)",https://www.eba.europa.eu/risk-and-data-analysis/risk-analysis/risk-monitoring/risk-dashboard,2026-09-16,,,n/a,ratio,media_ponderada_volumen,"hoja Loans_3, T23_1; muestra de bancos del EBA"
Paises Bajos,cartera_credito,Ratio de cobertura | Total prestamos y anticipos,24.2379,pct_cartera,2025-Q2,"EBA, Risk Dashboard (anexo de datos)",https://www.eba.europa.eu/risk-and-data-analysis/risk-analysis/risk-monitoring/risk-dashboard,2026-09-16,,,n/a,ratio,media_ponderada_volumen,"hoja Loans_3, T23_1; muestra de bancos del EBA"
Paises Bajos,cartera_credito,Ratio de cobertura | Total prestamos y anticipos,25.1978,pct_cartera,2025-Q3,"EBA, Risk Dashboard (anexo de datos)",https://www.eba.europa.eu/risk-and-data-analysis/risk-analysis/risk-monitoring/risk-dashboard,2026-09-16,,,n/a,ratio,media_ponderada_volumen,"hoja Loans_3, T23_1; muestra de bancos del EBA"
Paises Bajos,cartera_credito,Ratio de cobertura | Total prestamos y anticipos,25.9548,pct_cartera,2025-Q4,"EBA, Risk Dashboard (anexo de datos)",https://www.eba.europa.eu/risk-and-data-analysis/risk-analysis/risk-monitoring/risk-dashboard,2026-09-16,,,n/a,ratio,media_ponderada_volumen,"hoja Loans_3, T23_1; muestra de bancos del EBA"
Paises Bajos,cartera_credito,Ratio de cobertura | Total prestamos y anticipos,25.3568,pct_cartera,2026-Q1,"EBA, Risk Dashboard (anexo de datos)",https://www.eba.europa.eu/risk-and-data-analysis/risk-analysis/risk-monitoring/risk-dashboard,2026-09-16,,,n/a,ratio,media_ponderada_volumen,"hoja Loans_3, T23_1; muestra de bancos del EBA"
Portugal,cartera_credito,Ratio de cobertura | Total prestamos y anticipos,58.1310,pct_cartera,2024-Q1,"EBA, Risk Dashboard (anexo de datos)",https://www.eba.europa.eu/risk-and-data-analysis/risk-analysis/risk-monitoring/risk-dashboard,2026-09-16,,,n/a,ratio,media_ponderada_volumen,"hoja Loans_3, T23_1; muestra de bancos del EBA"
Portugal,cartera_credito,Ratio de cobertura | Total prestamos y anticipos,58.4652,pct_cartera,2024-Q2,"EBA, Risk Dashboard (anexo de datos)",https://www.eba.europa.eu/risk-and-data-analysis/risk-analysis/risk-monitoring/risk-dashboard,2026-09-16,,,n/a,ratio,media_ponderada_volumen,"hoja Loans_3, T23_1; muestra de bancos del EBA"
Portugal,cartera_credito,Ratio de cobertura | Total prestamos y anticipos,58.5848,pct_cartera,2024-Q3,"EBA, Risk Dashboard (anexo de datos)",https://www.eba.europa.eu/risk-and-data-analysis/risk-analysis/risk-monitoring/risk-dashboard,2026-09-16,,,n/a,ratio,media_ponderada_volumen,"hoja Loans_3, T23_1; muestra de bancos del EBA"
Portugal,cartera_credito,Ratio de cobertura | Total prestamos y anticipos,59.0919,pct_cartera,2024-Q4,"EBA, Risk Dashboard (anexo de datos)",https://www.eba.europa.eu/risk-and-data-analysis/risk-analysis/risk-monitoring/risk-dashboard,2026-09-16,,,n/a,ratio,media_ponderada_volumen,"hoja Loans_3, T23_1; muestra de bancos del EBA"
Portugal,cartera_credito,Ratio de cobertura | Total prestamos y anticipos,58.0870,pct_cartera,2025-Q1,"EBA, Risk Dashboard (anexo de datos)",https://www.eba.europa.eu/risk-and-data-analysis/risk-analysis/risk-monitoring/risk-dashboard,2026-09-16,,,n/a,ratio,media_ponderada_volumen,"hoja Loans_3, T23_1; muestra de bancos del EBA"
Portugal,cartera_credito,Ratio de cobertura | Total prestamos y anticipos,60.2129,pct_cartera,2025-Q2,"EBA, Risk Dashboard (anexo de datos)",https://www.eba.europa.eu/risk-and-data-analysis/risk-analysis/risk-monitoring/risk-dashboard,2026-09-16,,,n/a,ratio,media_ponderada_volumen,"hoja Loans_3, T23_1; muestra de bancos del EBA"
Portugal,cartera_credito,Ratio de cobertura | Total prestamos y anticipos,60.4706,pct_cartera,2025-Q3,"EBA, Risk Dashboard (anexo de datos)",https://www.eba.europa.eu/risk-and-data-analysis/risk-analysis/risk-monitoring/risk-dashboard,2026-09-16,,,n/a,ratio,media_ponderada_volumen,"hoja Loans_3, T23_1; muestra de bancos del EBA"
Portugal,cartera_credito,Ratio de cobertura | Total prestamos y anticipos,60.2376,pct_cartera,2025-Q4,"EBA, Risk Dashboard (anexo de datos)",https://www.eba.europa.eu/risk-and-data-analysis/risk-analysis/risk-monitoring/risk-dashboard,2026-09-16,,,n/a,ratio,media_ponderada_volumen,"hoja Loans_3, T23_1; muestra de bancos del EBA"
Portugal,cartera_credito,Ratio de cobertura | Total prestamos y anticipos,60.6355,pct_cartera,2026-Q1,"EBA, Risk Dashboard (anexo de datos)",https://www.eba.europa.eu/risk-and-data-analysis/risk-analysis/risk-monitoring/risk-dashboard,2026-09-16,,,n/a,ratio,media_ponderada_volumen,"hoja Loans_3, T23_1; muestra de bancos del EBA"
Alemania,cartera_credito,Ratio de cobertura | Hogares,39.0265,pct_cartera,2024-Q1,"EBA, Risk Dashboard (anexo de datos)",https://www.eba.europa.eu/risk-and-data-analysis/risk-analysis/risk-monitoring/risk-dashboard,2026-09-16,,,n/a,ratio,media_ponderada_volumen,"hoja Loans_3, T23_2; muestra de bancos del EBA"
Alemania,cartera_credito,Ratio de cobertura | Hogares,38.1351,pct_cartera,2024-Q2,"EBA, Risk Dashboard (anexo de datos)",https://www.eba.europa.eu/risk-and-data-analysis/risk-analysis/risk-monitoring/risk-dashboard,2026-09-16,,,n/a,ratio,media_ponderada_volumen,"hoja Loans_3, T23_2; muestra de bancos del EBA"
Alemania,cartera_credito,Ratio de cobertura | Hogares,36.9124,pct_cartera,2024-Q3,"EBA, Risk Dashboard (anexo de datos)",https://www.eba.europa.eu/risk-and-data-analysis/risk-analysis/risk-monitoring/risk-dashboard,2026-09-16,,,n/a,ratio,media_ponderada_volumen,"hoja Loans_3, T23_2; muestra de bancos del EBA"
Alemania,cartera_credito,Ratio de cobertura | Hogares,38.9329,pct_cartera,2024-Q4,"EBA, Risk Dashboard (anexo de datos)",https://www.eba.europa.eu/risk-and-data-analysis/risk-analysis/risk-monitoring/risk-dashboard,2026-09-16,,,n/a,ratio,media_ponderada_volumen,"hoja Loans_3, T23_2; muestra de bancos del EBA"
Alemania,cartera_credito,Ratio de cobertura | Hogares,43.1279,pct_cartera,2025-Q1,"EBA, Risk Dashboard (anexo de datos)",https://www.eba.europa.eu/risk-and-data-analysis/risk-analysis/risk-monitoring/risk-dashboard,2026-09-16,,,n/a,ratio,media_ponderada_volumen,"hoja Loans_3, T23_2; muestra de bancos del EBA"
Alemania,cartera_credito,Ratio de cobertura | Hogares,42.6448,pct_cartera,2025-Q2,"EBA, Risk Dashboard (anexo de datos)",https://www.eba.europa.eu/risk-and-data-analysis/risk-analysis/risk-monitoring/risk-dashboard,2026-09-16,,,n/a,ratio,media_ponderada_volumen,"hoja Loans_3, T23_2; muestra de bancos del EBA"
Alemania,cartera_credito,Ratio de cobertura | Hogares,41.8258,pct_cartera,2025-Q3,"EBA, Risk Dashboard (anexo de datos)",https://www.eba.europa.eu/risk-and-data-analysis/risk-analysis/risk-monitoring/risk-dashboard,2026-09-16,,,n/a,ratio,media_ponderada_volumen,"hoja Loans_3, T23_2; muestra de bancos del EBA"
Alemania,cartera_credito,Ratio de cobertura | Hogares,37.5591,pct_cartera,2025-Q4,"EBA, Risk Dashboard (anexo de datos)",https://www.eba.europa.eu/risk-and-data-analysis/risk-analysis/risk-monitoring/risk-dashboard,2026-09-16,,,n/a,ratio,media_ponderada_volumen,"hoja Loans_3, T23_2; muestra de bancos del EBA"
Alemania,cartera_credito,Ratio de cobertura | Hogares,38.6009,pct_cartera,2026-Q1,"EBA, Risk Dashboard (anexo de datos)",https://www.eba.europa.eu/risk-and-data-analysis/risk-analysis/risk-monitoring/risk-dashboard,2026-09-16,,,n/a,ratio,media_ponderada_volumen,"hoja Loans_3, T23_2; muestra de bancos del EBA"
Espana,cartera_credito,Ratio de cobertura | Hogares,40.6349,pct_cartera,2024-Q1,"EBA, Risk Dashboard (anexo de datos)",https://www.eba.europa.eu/risk-and-data-analysis/risk-analysis/risk-monitoring/risk-dashboard,2026-09-16,,,n/a,ratio,media_ponderada_volumen,"hoja Loans_3, T23_2; muestra de bancos del EBA"
Espana,cartera_credito,Ratio de cobertura | Hogares,40.7476,pct_cartera,2024-Q2,"EBA, Risk Dashboard (anexo de datos)",https://www.eba.europa.eu/risk-and-data-analysis/risk-analysis/risk-monitoring/risk-dashboard,2026-09-16,,,n/a,ratio,media_ponderada_volumen,"hoja Loans_3, T23_2; muestra de bancos del EBA"
Espana,cartera_credito,Ratio de cobertura | Hogares,40.9303,pct_cartera,2024-Q3,"EBA, Risk Dashboard (anexo de datos)",https://www.eba.europa.eu/risk-and-data-analysis/risk-analysis/risk-monitoring/risk-dashboard,2026-09-16,,,n/a,ratio,media_ponderada_volumen,"hoja Loans_3, T23_2; muestra de bancos del EBA"
Espana,cartera_credito,Ratio de cobertura | Hogares,41.4499,pct_cartera,2024-Q4,"EBA, Risk Dashboard (anexo de datos)",https://www.eba.europa.eu/risk-and-data-analysis/risk-analysis/risk-monitoring/risk-dashboard,2026-09-16,,,n/a,ratio,media_ponderada_volumen,"hoja Loans_3, T23_2; muestra de bancos del EBA"
Espana,cartera_credito,Ratio de cobertura | Hogares,41.5658,pct_cartera,2025-Q1,"EBA, Risk Dashboard (anexo de datos)",https://www.eba.europa.eu/risk-and-data-analysis/risk-analysis/risk-monitoring/risk-dashboard,2026-09-16,,,n/a,ratio,media_ponderada_volumen,"hoja Loans_3, T23_2; muestra de bancos del EBA"
Espana,cartera_credito,Ratio de cobertura | Hogares,42.3472,pct_cartera,2025-Q2,"EBA, Risk Dashboard (anexo de datos)",https://www.eba.europa.eu/risk-and-data-analysis/risk-analysis/risk-monitoring/risk-dashboard,2026-09-16,,,n/a,ratio,media_ponderada_volumen,"hoja Loans_3, T23_2; muestra de bancos del EBA"
Espana,cartera_credito,Ratio de cobertura | Hogares,43.7248,pct_cartera,2025-Q3,"EBA, Risk Dashboard (anexo de datos)",https://www.eba.europa.eu/risk-and-data-analysis/risk-analysis/risk-monitoring/risk-dashboard,2026-09-16,,,n/a,ratio,media_ponderada_volumen,"hoja Loans_3, T23_2; muestra de bancos del EBA"
Espana,cartera_credito,Ratio de cobertura | Hogares,43.8071,pct_cartera,2025-Q4,"EBA, Risk Dashboard (anexo de datos)",https://www.eba.europa.eu/risk-and-data-analysis/risk-analysis/risk-monitoring/risk-dashboard,2026-09-16,,,n/a,ratio,media_ponderada_volumen,"hoja Loans_3, T23_2; muestra de bancos del EBA"
Espana,cartera_credito,Ratio de cobertura | Hogares,44.1465,pct_cartera,2026-Q1,"EBA, Risk Dashboard (anexo de datos)",https://www.eba.europa.eu/risk-and-data-analysis/risk-analysis/risk-monitoring/risk-dashboard,2026-09-16,,,n/a,ratio,media_ponderada_volumen,"hoja Loans_3, T23_2; muestra de bancos del EBA"
Union Europea,cartera_credito,Ratio de cobertura | Hogares,41.7795,pct_cartera,2024-Q1,"EBA, Risk Dashboard (anexo de datos)",https://www.eba.europa.eu/risk-and-data-analysis/risk-analysis/risk-monitoring/risk-dashboard,2026-09-16,,,n/a,ratio,media_ponderada_volumen,"hoja Loans_3, T23_2; muestra de bancos del EBA"
Union Europea,cartera_credito,Ratio de cobertura | Hogares,41.4527,pct_cartera,2024-Q2,"EBA, Risk Dashboard (anexo de datos)",https://www.eba.europa.eu/risk-and-data-analysis/risk-analysis/risk-monitoring/risk-dashboard,2026-09-16,,,n/a,ratio,media_ponderada_volumen,"hoja Loans_3, T23_2; muestra de bancos del EBA"
Union Europea,cartera_credito,Ratio de cobertura | Hogares,41.4910,pct_cartera,2024-Q3,"EBA, Risk Dashboard (anexo de datos)",https://www.eba.europa.eu/risk-and-data-analysis/risk-analysis/risk-monitoring/risk-dashboard,2026-09-16,,,n/a,ratio,media_ponderada_volumen,"hoja Loans_3, T23_2; muestra de bancos del EBA"
Union Europea,cartera_credito,Ratio de cobertura | Hogares,40.8553,pct_cartera,2024-Q4,"EBA, Risk Dashboard (anexo de datos)",https://www.eba.europa.eu/risk-and-data-analysis/risk-analysis/risk-monitoring/risk-dashboard,2026-09-16,,,n/a,ratio,media_ponderada_volumen,"hoja Loans_3, T23_2; muestra de bancos del EBA"
Union Europea,cartera_credito,Ratio de cobertura | Hogares,41.0626,pct_cartera,2025-Q1,"EBA, Risk Dashboard (anexo de datos)",https://www.eba.europa.eu/risk-and-data-analysis/risk-analysis/risk-monitoring/risk-dashboard,2026-09-16,,,n/a,ratio,media_ponderada_volumen,"hoja Loans_3, T23_2; muestra de bancos del EBA"
Union Europea,cartera_credito,Ratio de cobertura | Hogares,41.5352,pct_cartera,2025-Q2,"EBA, Risk Dashboard (anexo de datos)",https://www.eba.europa.eu/risk-and-data-analysis/risk-analysis/risk-monitoring/risk-dashboard,2026-09-16,,,n/a,ratio,media_ponderada_volumen,"hoja Loans_3, T23_2; muestra de bancos del EBA"
Union Europea,cartera_credito,Ratio de cobertura | Hogares,41.9904,pct_cartera,2025-Q3,"EBA, Risk Dashboard (anexo de datos)",https://www.eba.europa.eu/risk-and-data-analysis/risk-analysis/risk-monitoring/risk-dashboard,2026-09-16,,,n/a,ratio,media_ponderada_volumen,"hoja Loans_3, T23_2; muestra de bancos del EBA"
Union Europea,cartera_credito,Ratio de cobertura | Hogares,41.0212,pct_cartera,2025-Q4,"EBA, Risk Dashboard (anexo de datos)",https://www.eba.europa.eu/risk-and-data-analysis/risk-analysis/risk-monitoring/risk-dashboard,2026-09-16,,,n/a,ratio,media_ponderada_volumen,"hoja Loans_3, T23_2; muestra de bancos del EBA"
Union Europea,cartera_credito,Ratio de cobertura | Hogares,41.2769,pct_cartera,2026-Q1,"EBA, Risk Dashboard (anexo de datos)",https://www.eba.europa.eu/risk-and-data-analysis/risk-analysis/risk-monitoring/risk-dashboard,2026-09-16,,,n/a,ratio,media_ponderada_volumen,"hoja Loans_3, T23_2; muestra de bancos del EBA"
Francia,cartera_credito,Ratio de cobertura | Hogares,45.5691,pct_cartera,2024-Q1,"EBA, Risk Dashboard (anexo de datos)",https://www.eba.europa.eu/risk-and-data-analysis/risk-analysis/risk-monitoring/risk-dashboard,2026-09-16,,,n/a,ratio,media_ponderada_volumen,"hoja Loans_3, T23_2; muestra de bancos del EBA"
Francia,cartera_credito,Ratio de cobertura | Hogares,44.8892,pct_cartera,2024-Q2,"EBA, Risk Dashboard (anexo de datos)",https://www.eba.europa.eu/risk-and-data-analysis/risk-analysis/risk-monitoring/risk-dashboard,2026-09-16,,,n/a,ratio,media_ponderada_volumen,"hoja Loans_3, T23_2; muestra de bancos del EBA"
Francia,cartera_credito,Ratio de cobertura | Hogares,46.0083,pct_cartera,2024-Q3,"EBA, Risk Dashboard (anexo de datos)",https://www.eba.europa.eu/risk-and-data-analysis/risk-analysis/risk-monitoring/risk-dashboard,2026-09-16,,,n/a,ratio,media_ponderada_volumen,"hoja Loans_3, T23_2; muestra de bancos del EBA"
Francia,cartera_credito,Ratio de cobertura | Hogares,45.1762,pct_cartera,2024-Q4,"EBA, Risk Dashboard (anexo de datos)",https://www.eba.europa.eu/risk-and-data-analysis/risk-analysis/risk-monitoring/risk-dashboard,2026-09-16,,,n/a,ratio,media_ponderada_volumen,"hoja Loans_3, T23_2; muestra de bancos del EBA"
Francia,cartera_credito,Ratio de cobertura | Hogares,44.6589,pct_cartera,2025-Q1,"EBA, Risk Dashboard (anexo de datos)",https://www.eba.europa.eu/risk-and-data-analysis/risk-analysis/risk-monitoring/risk-dashboard,2026-09-16,,,n/a,ratio,media_ponderada_volumen,"hoja Loans_3, T23_2; muestra de bancos del EBA"
Francia,cartera_credito,Ratio de cobertura | Hogares,44.4250,pct_cartera,2025-Q2,"EBA, Risk Dashboard (anexo de datos)",https://www.eba.europa.eu/risk-and-data-analysis/risk-analysis/risk-monitoring/risk-dashboard,2026-09-16,,,n/a,ratio,media_ponderada_volumen,"hoja Loans_3, T23_2; muestra de bancos del EBA"
Francia,cartera_credito,Ratio de cobertura | Hogares,44.2955,pct_cartera,2025-Q3,"EBA, Risk Dashboard (anexo de datos)",https://www.eba.europa.eu/risk-and-data-analysis/risk-analysis/risk-monitoring/risk-dashboard,2026-09-16,,,n/a,ratio,media_ponderada_volumen,"hoja Loans_3, T23_2; muestra de bancos del EBA"
Francia,cartera_credito,Ratio de cobertura | Hogares,43.4370,pct_cartera,2025-Q4,"EBA, Risk Dashboard (anexo de datos)",https://www.eba.europa.eu/risk-and-data-analysis/risk-analysis/risk-monitoring/risk-dashboard,2026-09-16,,,n/a,ratio,media_ponderada_volumen,"hoja Loans_3, T23_2; muestra de bancos del EBA"
Francia,cartera_credito,Ratio de cobertura | Hogares,43.5814,pct_cartera,2026-Q1,"EBA, Risk Dashboard (anexo de datos)",https://www.eba.europa.eu/risk-and-data-analysis/risk-analysis/risk-monitoring/risk-dashboard,2026-09-16,,,n/a,ratio,media_ponderada_volumen,"hoja Loans_3, T23_2; muestra de bancos del EBA"
Italia,cartera_credito,Ratio de cobertura | Hogares,53.6956,pct_cartera,2024-Q1,"EBA, Risk Dashboard (anexo de datos)",https://www.eba.europa.eu/risk-and-data-analysis/risk-analysis/risk-monitoring/risk-dashboard,2026-09-16,,,n/a,ratio,media_ponderada_volumen,"hoja Loans_3, T23_2; muestra de bancos del EBA"
Italia,cartera_credito,Ratio de cobertura | Hogares,53.6379,pct_cartera,2024-Q2,"EBA, Risk Dashboard (anexo de datos)",https://www.eba.europa.eu/risk-and-data-analysis/risk-analysis/risk-monitoring/risk-dashboard,2026-09-16,,,n/a,ratio,media_ponderada_volumen,"hoja Loans_3, T23_2; muestra de bancos del EBA"
Italia,cartera_credito,Ratio de cobertura | Hogares,52.9833,pct_cartera,2024-Q3,"EBA, Risk Dashboard (anexo de datos)",https://www.eba.europa.eu/risk-and-data-analysis/risk-analysis/risk-monitoring/risk-dashboard,2026-09-16,,,n/a,ratio,media_ponderada_volumen,"hoja Loans_3, T23_2; muestra de bancos del EBA"
Italia,cartera_credito,Ratio de cobertura | Hogares,52.0758,pct_cartera,2024-Q4,"EBA, Risk Dashboard (anexo de datos)",https://www.eba.europa.eu/risk-and-data-analysis/risk-analysis/risk-monitoring/risk-dashboard,2026-09-16,,,n/a,ratio,media_ponderada_volumen,"hoja Loans_3, T23_2; muestra de bancos del EBA"
Italia,cartera_credito,Ratio de cobertura | Hogares,51.7204,pct_cartera,2025-Q1,"EBA, Risk Dashboard (anexo de datos)",https://www.eba.europa.eu/risk-and-data-analysis/risk-analysis/risk-monitoring/risk-dashboard,2026-09-16,,,n/a,ratio,media_ponderada_volumen,"hoja Loans_3, T23_2; muestra de bancos del EBA"
Italia,cartera_credito,Ratio de cobertura | Hogares,51.2005,pct_cartera,2025-Q2,"EBA, Risk Dashboard (anexo de datos)",https://www.eba.europa.eu/risk-and-data-analysis/risk-analysis/risk-monitoring/risk-dashboard,2026-09-16,,,n/a,ratio,media_ponderada_volumen,"hoja Loans_3, T23_2; muestra de bancos del EBA"
Italia,cartera_credito,Ratio de cobertura | Hogares,51.8170,pct_cartera,2025-Q3,"EBA, Risk Dashboard (anexo de datos)",https://www.eba.europa.eu/risk-and-data-analysis/risk-analysis/risk-monitoring/risk-dashboard,2026-09-16,,,n/a,ratio,media_ponderada_volumen,"hoja Loans_3, T23_2; muestra de bancos del EBA"
Italia,cartera_credito,Ratio de cobertura | Hogares,50.2966,pct_cartera,2025-Q4,"EBA, Risk Dashboard (anexo de datos)",https://www.eba.europa.eu/risk-and-data-analysis/risk-analysis/risk-monitoring/risk-dashboard,2026-09-16,,,n/a,ratio,media_ponderada_volumen,"hoja Loans_3, T23_2; muestra de bancos del EBA"
Italia,cartera_credito,Ratio de cobertura | Hogares,51.0894,pct_cartera,2026-Q1,"EBA, Risk Dashboard (anexo de datos)",https://www.eba.europa.eu/risk-and-data-analysis/risk-analysis/risk-monitoring/risk-dashboard,2026-09-16,,,n/a,ratio,media_ponderada_volumen,"hoja Loans_3, T23_2; muestra de bancos del EBA"
Paises Bajos,cartera_credito,Ratio de cobertura | Hogares,20.4136,pct_cartera,2024-Q1,"EBA, Risk Dashboard (anexo de datos)",https://www.eba.europa.eu/risk-and-data-analysis/risk-analysis/risk-monitoring/risk-dashboard,2026-09-16,,,n/a,ratio,media_ponderada_volumen,"hoja Loans_3, T23_2; muestra de bancos del EBA"
Paises Bajos,cartera_credito,Ratio de cobertura | Hogares,20.6431,pct_cartera,2024-Q2,"EBA, Risk Dashboard (anexo de datos)",https://www.eba.europa.eu/risk-and-data-analysis/risk-analysis/risk-monitoring/risk-dashboard,2026-09-16,,,n/a,ratio,media_ponderada_volumen,"hoja Loans_3, T23_2; muestra de bancos del EBA"
Paises Bajos,cartera_credito,Ratio de cobertura | Hogares,19.9089,pct_cartera,2024-Q3,"EBA, Risk Dashboard (anexo de datos)",https://www.eba.europa.eu/risk-and-data-analysis/risk-analysis/risk-monitoring/risk-dashboard,2026-09-16,,,n/a,ratio,media_ponderada_volumen,"hoja Loans_3, T23_2; muestra de bancos del EBA"
Paises Bajos,cartera_credito,Ratio de cobertura | Hogares,16.5053,pct_cartera,2024-Q4,"EBA, Risk Dashboard (anexo de datos)",https://www.eba.europa.eu/risk-and-data-analysis/risk-analysis/risk-monitoring/risk-dashboard,2026-09-16,,,n/a,ratio,media_ponderada_volumen,"hoja Loans_3, T23_2; muestra de bancos del EBA"
Paises Bajos,cartera_credito,Ratio de cobertura | Hogares,16.8749,pct_cartera,2025-Q1,"EBA, Risk Dashboard (anexo de datos)",https://www.eba.europa.eu/risk-and-data-analysis/risk-analysis/risk-monitoring/risk-dashboard,2026-09-16,,,n/a,ratio,media_ponderada_volumen,"hoja Loans_3, T23_2; muestra de bancos del EBA"
Paises Bajos,cartera_credito,Ratio de cobertura | Hogares,17.6843,pct_cartera,2025-Q2,"EBA, Risk Dashboard (anexo de datos)",https://www.eba.europa.eu/risk-and-data-analysis/risk-analysis/risk-monitoring/risk-dashboard,2026-09-16,,,n/a,ratio,media_ponderada_volumen,"hoja Loans_3, T23_2; muestra de bancos del EBA"
Paises Bajos,cartera_credito,Ratio de cobertura | Hogares,18.0569,pct_cartera,2025-Q3,"EBA, Risk Dashboard (anexo de datos)",https://www.eba.europa.eu/risk-and-data-analysis/risk-analysis/risk-monitoring/risk-dashboard,2026-09-16,,,n/a,ratio,media_ponderada_volumen,"hoja Loans_3, T23_2; muestra de bancos del EBA"
Paises Bajos,cartera_credito,Ratio de cobertura | Hogares,17.0777,pct_cartera,2025-Q4,"EBA, Risk Dashboard (anexo de datos)",https://www.eba.europa.eu/risk-and-data-analysis/risk-analysis/risk-monitoring/risk-dashboard,2026-09-16,,,n/a,ratio,media_ponderada_volumen,"hoja Loans_3, T23_2; muestra de bancos del EBA"
Paises Bajos,cartera_credito,Ratio de cobertura | Hogares,16.8325,pct_cartera,2026-Q1,"EBA, Risk Dashboard (anexo de datos)",https://www.eba.europa.eu/risk-and-data-analysis/risk-analysis/risk-monitoring/risk-dashboard,2026-09-16,,,n/a,ratio,media_ponderada_volumen,"hoja Loans_3, T23_2; muestra de bancos del EBA"
Portugal,cartera_credito,Ratio de cobertura | Hogares,50.9694,pct_cartera,2024-Q1,"EBA, Risk Dashboard (anexo de datos)",https://www.eba.europa.eu/risk-and-data-analysis/risk-analysis/risk-monitoring/risk-dashboard,2026-09-16,,,n/a,ratio,media_ponderada_volumen,"hoja Loans_3, T23_2; muestra de bancos del EBA"
Portugal,cartera_credito,Ratio de cobertura | Hogares,49.9827,pct_cartera,2024-Q2,"EBA, Risk Dashboard (anexo de datos)",https://www.eba.europa.eu/risk-and-data-analysis/risk-analysis/risk-monitoring/risk-dashboard,2026-09-16,,,n/a,ratio,media_ponderada_volumen,"hoja Loans_3, T23_2; muestra de bancos del EBA"
Portugal,cartera_credito,Ratio de cobertura | Hogares,49.6683,pct_cartera,2024-Q3,"EBA, Risk Dashboard (anexo de datos)",https://www.eba.europa.eu/risk-and-data-analysis/risk-analysis/risk-monitoring/risk-dashboard,2026-09-16,,,n/a,ratio,media_ponderada_volumen,"hoja Loans_3, T23_2; muestra de bancos del EBA"
Portugal,cartera_credito,Ratio de cobertura | Hogares,50.2152,pct_cartera,2024-Q4,"EBA, Risk Dashboard (anexo de datos)",https://www.eba.europa.eu/risk-and-data-analysis/risk-analysis/risk-monitoring/risk-dashboard,2026-09-16,,,n/a,ratio,media_ponderada_volumen,"hoja Loans_3, T23_2; muestra de bancos del EBA"
Portugal,cartera_credito,Ratio de cobertura | Hogares,51.5852,pct_cartera,2025-Q1,"EBA, Risk Dashboard (anexo de datos)",https://www.eba.europa.eu/risk-and-data-analysis/risk-analysis/risk-monitoring/risk-dashboard,2026-09-16,,,n/a,ratio,media_ponderada_volumen,"hoja Loans_3, T23_2; muestra de bancos del EBA"
Portugal,cartera_credito,Ratio de cobertura | Hogares,53.6130,pct_cartera,2025-Q2,"EBA, Risk Dashboard (anexo de datos)",https://www.eba.europa.eu/risk-and-data-analysis/risk-analysis/risk-monitoring/risk-dashboard,2026-09-16,,,n/a,ratio,media_ponderada_volumen,"hoja Loans_3, T23_2; muestra de bancos del EBA"
Portugal,cartera_credito,Ratio de cobertura | Hogares,54.7038,pct_cartera,2025-Q3,"EBA, Risk Dashboard (anexo de datos)",https://www.eba.europa.eu/risk-and-data-analysis/risk-analysis/risk-monitoring/risk-dashboard,2026-09-16,,,n/a,ratio,media_ponderada_volumen,"hoja Loans_3, T23_2; muestra de bancos del EBA"
Portugal,cartera_credito,Ratio de cobertura | Hogares,53.9865,pct_cartera,2025-Q4,"EBA, Risk Dashboard (anexo de datos)",https://www.eba.europa.eu/risk-and-data-analysis/risk-analysis/risk-monitoring/risk-dashboard,2026-09-16,,,n/a,ratio,media_ponderada_volumen,"hoja Loans_3, T23_2; muestra de bancos del EBA"
Portugal,cartera_credito,Ratio de cobertura | Hogares,54.8665,pct_cartera,2026-Q1,"EBA, Risk Dashboard (anexo de datos)",https://www.eba.europa.eu/risk-and-data-analysis/risk-analysis/risk-monitoring/risk-dashboard,2026-09-16,,,n/a,ratio,media_ponderada_volumen,"hoja Loans_3, T23_2; muestra de bancos del EBA"
Alemania,cartera_credito,"Ratio de cobertura | Hogares, hipotecario",18.1979,pct_cartera,2024-Q1,"EBA, Risk Dashboard (anexo de datos)",https://www.eba.europa.eu/risk-and-data-analysis/risk-analysis/risk-monitoring/risk-dashboard,2026-09-16,,,n/a,ratio,media_ponderada_volumen,"hoja Loans_3, T23_3; muestra de bancos del EBA"
Alemania,cartera_credito,"Ratio de cobertura | Hogares, hipotecario",18.0542,pct_cartera,2024-Q2,"EBA, Risk Dashboard (anexo de datos)",https://www.eba.europa.eu/risk-and-data-analysis/risk-analysis/risk-monitoring/risk-dashboard,2026-09-16,,,n/a,ratio,media_ponderada_volumen,"hoja Loans_3, T23_3; muestra de bancos del EBA"
Alemania,cartera_credito,"Ratio de cobertura | Hogares, hipotecario",17.2207,pct_cartera,2024-Q3,"EBA, Risk Dashboard (anexo de datos)",https://www.eba.europa.eu/risk-and-data-analysis/risk-analysis/risk-monitoring/risk-dashboard,2026-09-16,,,n/a,ratio,media_ponderada_volumen,"hoja Loans_3, T23_3; muestra de bancos del EBA"
Alemania,cartera_credito,"Ratio de cobertura | Hogares, hipotecario",17.4031,pct_cartera,2024-Q4,"EBA, Risk Dashboard (anexo de datos)",https://www.eba.europa.eu/risk-and-data-analysis/risk-analysis/risk-monitoring/risk-dashboard,2026-09-16,,,n/a,ratio,media_ponderada_volumen,"hoja Loans_3, T23_3; muestra de bancos del EBA"
Alemania,cartera_credito,"Ratio de cobertura | Hogares, hipotecario",17.8006,pct_cartera,2025-Q1,"EBA, Risk Dashboard (anexo de datos)",https://www.eba.europa.eu/risk-and-data-analysis/risk-analysis/risk-monitoring/risk-dashboard,2026-09-16,,,n/a,ratio,media_ponderada_volumen,"hoja Loans_3, T23_3; muestra de bancos del EBA"
Alemania,cartera_credito,"Ratio de cobertura | Hogares, hipotecario",18.4240,pct_cartera,2025-Q2,"EBA, Risk Dashboard (anexo de datos)",https://www.eba.europa.eu/risk-and-data-analysis/risk-analysis/risk-monitoring/risk-dashboard,2026-09-16,,,n/a,ratio,media_ponderada_volumen,"hoja Loans_3, T23_3; muestra de bancos del EBA"
Alemania,cartera_credito,"Ratio de cobertura | Hogares, hipotecario",19.8645,pct_cartera,2025-Q3,"EBA, Risk Dashboard (anexo de datos)",https://www.eba.europa.eu/risk-and-data-analysis/risk-analysis/risk-monitoring/risk-dashboard,2026-09-16,,,n/a,ratio,media_ponderada_volumen,"hoja Loans_3, T23_3; muestra de bancos del EBA"
Alemania,cartera_credito,"Ratio de cobertura | Hogares, hipotecario",18.8784,pct_cartera,2025-Q4,"EBA, Risk Dashboard (anexo de datos)",https://www.eba.europa.eu/risk-and-data-analysis/risk-analysis/risk-monitoring/risk-dashboard,2026-09-16,,,n/a,ratio,media_ponderada_volumen,"hoja Loans_3, T23_3; muestra de bancos del EBA"
Alemania,cartera_credito,"Ratio de cobertura | Hogares, hipotecario",19.0931,pct_cartera,2026-Q1,"EBA, Risk Dashboard (anexo de datos)",https://www.eba.europa.eu/risk-and-data-analysis/risk-analysis/risk-monitoring/risk-dashboard,2026-09-16,,,n/a,ratio,media_ponderada_volumen,"hoja Loans_3, T23_3; muestra de bancos del EBA"
Espana,cartera_credito,"Ratio de cobertura | Hogares, hipotecario",26.6616,pct_cartera,2024-Q1,"EBA, Risk Dashboard (anexo de datos)",https://www.eba.europa.eu/risk-and-data-analysis/risk-analysis/risk-monitoring/risk-dashboard,2026-09-16,,,n/a,ratio,media_ponderada_volumen,"hoja Loans_3, T23_3; muestra de bancos del EBA"
Espana,cartera_credito,"Ratio de cobertura | Hogares, hipotecario",26.2939,pct_cartera,2024-Q2,"EBA, Risk Dashboard (anexo de datos)",https://www.eba.europa.eu/risk-and-data-analysis/risk-analysis/risk-monitoring/risk-dashboard,2026-09-16,,,n/a,ratio,media_ponderada_volumen,"hoja Loans_3, T23_3; muestra de bancos del EBA"
Espana,cartera_credito,"Ratio de cobertura | Hogares, hipotecario",26.1873,pct_cartera,2024-Q3,"EBA, Risk Dashboard (anexo de datos)",https://www.eba.europa.eu/risk-and-data-analysis/risk-analysis/risk-monitoring/risk-dashboard,2026-09-16,,,n/a,ratio,media_ponderada_volumen,"hoja Loans_3, T23_3; muestra de bancos del EBA"
Espana,cartera_credito,"Ratio de cobertura | Hogares, hipotecario",26.8335,pct_cartera,2024-Q4,"EBA, Risk Dashboard (anexo de datos)",https://www.eba.europa.eu/risk-and-data-analysis/risk-analysis/risk-monitoring/risk-dashboard,2026-09-16,,,n/a,ratio,media_ponderada_volumen,"hoja Loans_3, T23_3; muestra de bancos del EBA"
Espana,cartera_credito,"Ratio de cobertura | Hogares, hipotecario",26.4929,pct_cartera,2025-Q1,"EBA, Risk Dashboard (anexo de datos)",https://www.eba.europa.eu/risk-and-data-analysis/risk-analysis/risk-monitoring/risk-dashboard,2026-09-16,,,n/a,ratio,media_ponderada_volumen,"hoja Loans_3, T23_3; muestra de bancos del EBA"
Espana,cartera_credito,"Ratio de cobertura | Hogares, hipotecario",25.9817,pct_cartera,2025-Q2,"EBA, Risk Dashboard (anexo de datos)",https://www.eba.europa.eu/risk-and-data-analysis/risk-analysis/risk-monitoring/risk-dashboard,2026-09-16,,,n/a,ratio,media_ponderada_volumen,"hoja Loans_3, T23_3; muestra de bancos del EBA"
Espana,cartera_credito,"Ratio de cobertura | Hogares, hipotecario",28.0224,pct_cartera,2025-Q3,"EBA, Risk Dashboard (anexo de datos)",https://www.eba.europa.eu/risk-and-data-analysis/risk-analysis/risk-monitoring/risk-dashboard,2026-09-16,,,n/a,ratio,media_ponderada_volumen,"hoja Loans_3, T23_3; muestra de bancos del EBA"
Espana,cartera_credito,"Ratio de cobertura | Hogares, hipotecario",28.2026,pct_cartera,2025-Q4,"EBA, Risk Dashboard (anexo de datos)",https://www.eba.europa.eu/risk-and-data-analysis/risk-analysis/risk-monitoring/risk-dashboard,2026-09-16,,,n/a,ratio,media_ponderada_volumen,"hoja Loans_3, T23_3; muestra de bancos del EBA"
Espana,cartera_credito,"Ratio de cobertura | Hogares, hipotecario",27.4137,pct_cartera,2026-Q1,"EBA, Risk Dashboard (anexo de datos)",https://www.eba.europa.eu/risk-and-data-analysis/risk-analysis/risk-monitoring/risk-dashboard,2026-09-16,,,n/a,ratio,media_ponderada_volumen,"hoja Loans_3, T23_3; muestra de bancos del EBA"
Union Europea,cartera_credito,"Ratio de cobertura | Hogares, hipotecario",26.6707,pct_cartera,2024-Q1,"EBA, Risk Dashboard (anexo de datos)",https://www.eba.europa.eu/risk-and-data-analysis/risk-analysis/risk-monitoring/risk-dashboard,2026-09-16,,,n/a,ratio,media_ponderada_volumen,"hoja Loans_3, T23_3; muestra de bancos del EBA"
Union Europea,cartera_credito,"Ratio de cobertura | Hogares, hipotecario",25.9027,pct_cartera,2024-Q2,"EBA, Risk Dashboard (anexo de datos)",https://www.eba.europa.eu/risk-and-data-analysis/risk-analysis/risk-monitoring/risk-dashboard,2026-09-16,,,n/a,ratio,media_ponderada_volumen,"hoja Loans_3, T23_3; muestra de bancos del EBA"
Union Europea,cartera_credito,"Ratio de cobertura | Hogares, hipotecario",25.3457,pct_cartera,2024-Q3,"EBA, Risk Dashboard (anexo de datos)",https://www.eba.europa.eu/risk-and-data-analysis/risk-analysis/risk-monitoring/risk-dashboard,2026-09-16,,,n/a,ratio,media_ponderada_volumen,"hoja Loans_3, T23_3; muestra de bancos del EBA"
Union Europea,cartera_credito,"Ratio de cobertura | Hogares, hipotecario",24.5605,pct_cartera,2024-Q4,"EBA, Risk Dashboard (anexo de datos)",https://www.eba.europa.eu/risk-and-data-analysis/risk-analysis/risk-monitoring/risk-dashboard,2026-09-16,,,n/a,ratio,media_ponderada_volumen,"hoja Loans_3, T23_3; muestra de bancos del EBA"
Union Europea,cartera_credito,"Ratio de cobertura | Hogares, hipotecario",24.2362,pct_cartera,2025-Q1,"EBA, Risk Dashboard (anexo de datos)",https://www.eba.europa.eu/risk-and-data-analysis/risk-analysis/risk-monitoring/risk-dashboard,2026-09-16,,,n/a,ratio,media_ponderada_volumen,"hoja Loans_3, T23_3; muestra de bancos del EBA"
Union Europea,cartera_credito,"Ratio de cobertura | Hogares, hipotecario",24.2284,pct_cartera,2025-Q2,"EBA, Risk Dashboard (anexo de datos)",https://www.eba.europa.eu/risk-and-data-analysis/risk-analysis/risk-monitoring/risk-dashboard,2026-09-16,,,n/a,ratio,media_ponderada_volumen,"hoja Loans_3, T23_3; muestra de bancos del EBA"
Union Europea,cartera_credito,"Ratio de cobertura | Hogares, hipotecario",24.7306,pct_cartera,2025-Q3,"EBA, Risk Dashboard (anexo de datos)",https://www.eba.europa.eu/risk-and-data-analysis/risk-analysis/risk-monitoring/risk-dashboard,2026-09-16,,,n/a,ratio,media_ponderada_volumen,"hoja Loans_3, T23_3; muestra de bancos del EBA"
Union Europea,cartera_credito,"Ratio de cobertura | Hogares, hipotecario",23.8815,pct_cartera,2025-Q4,"EBA, Risk Dashboard (anexo de datos)",https://www.eba.europa.eu/risk-and-data-analysis/risk-analysis/risk-monitoring/risk-dashboard,2026-09-16,,,n/a,ratio,media_ponderada_volumen,"hoja Loans_3, T23_3; muestra de bancos del EBA"
Union Europea,cartera_credito,"Ratio de cobertura | Hogares, hipotecario",23.3217,pct_cartera,2026-Q1,"EBA, Risk Dashboard (anexo de datos)",https://www.eba.europa.eu/risk-and-data-analysis/risk-analysis/risk-monitoring/risk-dashboard,2026-09-16,,,n/a,ratio,media_ponderada_volumen,"hoja Loans_3, T23_3; muestra de bancos del EBA"
Francia,cartera_credito,"Ratio de cobertura | Hogares, hipotecario",30.4056,pct_cartera,2024-Q1,"EBA, Risk Dashboard (anexo de datos)",https://www.eba.europa.eu/risk-and-data-analysis/risk-analysis/risk-monitoring/risk-dashboard,2026-09-16,,,n/a,ratio,media_ponderada_volumen,"hoja Loans_3, T23_3; muestra de bancos del EBA"
Francia,cartera_credito,"Ratio de cobertura | Hogares, hipotecario",29.2012,pct_cartera,2024-Q2,"EBA, Risk Dashboard (anexo de datos)",https://www.eba.europa.eu/risk-and-data-analysis/risk-analysis/risk-monitoring/risk-dashboard,2026-09-16,,,n/a,ratio,media_ponderada_volumen,"hoja Loans_3, T23_3; muestra de bancos del EBA"
Francia,cartera_credito,"Ratio de cobertura | Hogares, hipotecario",29.3601,pct_cartera,2024-Q3,"EBA, Risk Dashboard (anexo de datos)",https://www.eba.europa.eu/risk-and-data-analysis/risk-analysis/risk-monitoring/risk-dashboard,2026-09-16,,,n/a,ratio,media_ponderada_volumen,"hoja Loans_3, T23_3; muestra de bancos del EBA"
Francia,cartera_credito,"Ratio de cobertura | Hogares, hipotecario",28.5869,pct_cartera,2024-Q4,"EBA, Risk Dashboard (anexo de datos)",https://www.eba.europa.eu/risk-and-data-analysis/risk-analysis/risk-monitoring/risk-dashboard,2026-09-16,,,n/a,ratio,media_ponderada_volumen,"hoja Loans_3, T23_3; muestra de bancos del EBA"
Francia,cartera_credito,"Ratio de cobertura | Hogares, hipotecario",27.2505,pct_cartera,2025-Q1,"EBA, Risk Dashboard (anexo de datos)",https://www.eba.europa.eu/risk-and-data-analysis/risk-analysis/risk-monitoring/risk-dashboard,2026-09-16,,,n/a,ratio,media_ponderada_volumen,"hoja Loans_3, T23_3; muestra de bancos del EBA"
Francia,cartera_credito,"Ratio de cobertura | Hogares, hipotecario",26.8979,pct_cartera,2025-Q2,"EBA, Risk Dashboard (anexo de datos)",https://www.eba.europa.eu/risk-and-data-analysis/risk-analysis/risk-monitoring/risk-dashboard,2026-09-16,,,n/a,ratio,media_ponderada_volumen,"hoja Loans_3, T23_3; muestra de bancos del EBA"
Francia,cartera_credito,"Ratio de cobertura | Hogares, hipotecario",26.2350,pct_cartera,2025-Q3,"EBA, Risk Dashboard (anexo de datos)",https://www.eba.europa.eu/risk-and-data-analysis/risk-analysis/risk-monitoring/risk-dashboard,2026-09-16,,,n/a,ratio,media_ponderada_volumen,"hoja Loans_3, T23_3; muestra de bancos del EBA"
Francia,cartera_credito,"Ratio de cobertura | Hogares, hipotecario",25.4775,pct_cartera,2025-Q4,"EBA, Risk Dashboard (anexo de datos)",https://www.eba.europa.eu/risk-and-data-analysis/risk-analysis/risk-monitoring/risk-dashboard,2026-09-16,,,n/a,ratio,media_ponderada_volumen,"hoja Loans_3, T23_3; muestra de bancos del EBA"
Francia,cartera_credito,"Ratio de cobertura | Hogares, hipotecario",25.0885,pct_cartera,2026-Q1,"EBA, Risk Dashboard (anexo de datos)",https://www.eba.europa.eu/risk-and-data-analysis/risk-analysis/risk-monitoring/risk-dashboard,2026-09-16,,,n/a,ratio,media_ponderada_volumen,"hoja Loans_3, T23_3; muestra de bancos del EBA"
Italia,cartera_credito,"Ratio de cobertura | Hogares, hipotecario",41.8751,pct_cartera,2024-Q1,"EBA, Risk Dashboard (anexo de datos)",https://www.eba.europa.eu/risk-and-data-analysis/risk-analysis/risk-monitoring/risk-dashboard,2026-09-16,,,n/a,ratio,media_ponderada_volumen,"hoja Loans_3, T23_3; muestra de bancos del EBA"
Italia,cartera_credito,"Ratio de cobertura | Hogares, hipotecario",42.0805,pct_cartera,2024-Q2,"EBA, Risk Dashboard (anexo de datos)",https://www.eba.europa.eu/risk-and-data-analysis/risk-analysis/risk-monitoring/risk-dashboard,2026-09-16,,,n/a,ratio,media_ponderada_volumen,"hoja Loans_3, T23_3; muestra de bancos del EBA"
Italia,cartera_credito,"Ratio de cobertura | Hogares, hipotecario",41.7814,pct_cartera,2024-Q3,"EBA, Risk Dashboard (anexo de datos)",https://www.eba.europa.eu/risk-and-data-analysis/risk-analysis/risk-monitoring/risk-dashboard,2026-09-16,,,n/a,ratio,media_ponderada_volumen,"hoja Loans_3, T23_3; muestra de bancos del EBA"
Italia,cartera_credito,"Ratio de cobertura | Hogares, hipotecario",40.5956,pct_cartera,2024-Q4,"EBA, Risk Dashboard (anexo de datos)",https://www.eba.europa.eu/risk-and-data-analysis/risk-analysis/risk-monitoring/risk-dashboard,2026-09-16,,,n/a,ratio,media_ponderada_volumen,"hoja Loans_3, T23_3; muestra de bancos del EBA"
Italia,cartera_credito,"Ratio de cobertura | Hogares, hipotecario",40.8827,pct_cartera,2025-Q1,"EBA, Risk Dashboard (anexo de datos)",https://www.eba.europa.eu/risk-and-data-analysis/risk-analysis/risk-monitoring/risk-dashboard,2026-09-16,,,n/a,ratio,media_ponderada_volumen,"hoja Loans_3, T23_3; muestra de bancos del EBA"
Italia,cartera_credito,"Ratio de cobertura | Hogares, hipotecario",40.3757,pct_cartera,2025-Q2,"EBA, Risk Dashboard (anexo de datos)",https://www.eba.europa.eu/risk-and-data-analysis/risk-analysis/risk-monitoring/risk-dashboard,2026-09-16,,,n/a,ratio,media_ponderada_volumen,"hoja Loans_3, T23_3; muestra de bancos del EBA"
Italia,cartera_credito,"Ratio de cobertura | Hogares, hipotecario",40.3184,pct_cartera,2025-Q3,"EBA, Risk Dashboard (anexo de datos)",https://www.eba.europa.eu/risk-and-data-analysis/risk-analysis/risk-monitoring/risk-dashboard,2026-09-16,,,n/a,ratio,media_ponderada_volumen,"hoja Loans_3, T23_3; muestra de bancos del EBA"
Italia,cartera_credito,"Ratio de cobertura | Hogares, hipotecario",39.3957,pct_cartera,2025-Q4,"EBA, Risk Dashboard (anexo de datos)",https://www.eba.europa.eu/risk-and-data-analysis/risk-analysis/risk-monitoring/risk-dashboard,2026-09-16,,,n/a,ratio,media_ponderada_volumen,"hoja Loans_3, T23_3; muestra de bancos del EBA"
Italia,cartera_credito,"Ratio de cobertura | Hogares, hipotecario",39.6022,pct_cartera,2026-Q1,"EBA, Risk Dashboard (anexo de datos)",https://www.eba.europa.eu/risk-and-data-analysis/risk-analysis/risk-monitoring/risk-dashboard,2026-09-16,,,n/a,ratio,media_ponderada_volumen,"hoja Loans_3, T23_3; muestra de bancos del EBA"
Paises Bajos,cartera_credito,"Ratio de cobertura | Hogares, hipotecario",11.2477,pct_cartera,2024-Q1,"EBA, Risk Dashboard (anexo de datos)",https://www.eba.europa.eu/risk-and-data-analysis/risk-analysis/risk-monitoring/risk-dashboard,2026-09-16,,,n/a,ratio,media_ponderada_volumen,"hoja Loans_3, T23_3; muestra de bancos del EBA"
Paises Bajos,cartera_credito,"Ratio de cobertura | Hogares, hipotecario",11.6912,pct_cartera,2024-Q2,"EBA, Risk Dashboard (anexo de datos)",https://www.eba.europa.eu/risk-and-data-analysis/risk-analysis/risk-monitoring/risk-dashboard,2026-09-16,,,n/a,ratio,media_ponderada_volumen,"hoja Loans_3, T23_3; muestra de bancos del EBA"
Paises Bajos,cartera_credito,"Ratio de cobertura | Hogares, hipotecario",10.7055,pct_cartera,2024-Q3,"EBA, Risk Dashboard (anexo de datos)",https://www.eba.europa.eu/risk-and-data-analysis/risk-analysis/risk-monitoring/risk-dashboard,2026-09-16,,,n/a,ratio,media_ponderada_volumen,"hoja Loans_3, T23_3; muestra de bancos del EBA"
Paises Bajos,cartera_credito,"Ratio de cobertura | Hogares, hipotecario",8.3293,pct_cartera,2024-Q4,"EBA, Risk Dashboard (anexo de datos)",https://www.eba.europa.eu/risk-and-data-analysis/risk-analysis/risk-monitoring/risk-dashboard,2026-09-16,,,n/a,ratio,media_ponderada_volumen,"hoja Loans_3, T23_3; muestra de bancos del EBA"
Paises Bajos,cartera_credito,"Ratio de cobertura | Hogares, hipotecario",8.6832,pct_cartera,2025-Q1,"EBA, Risk Dashboard (anexo de datos)",https://www.eba.europa.eu/risk-and-data-analysis/risk-analysis/risk-monitoring/risk-dashboard,2026-09-16,,,n/a,ratio,media_ponderada_volumen,"hoja Loans_3, T23_3; muestra de bancos del EBA"
Paises Bajos,cartera_credito,"Ratio de cobertura | Hogares, hipotecario",8.9626,pct_cartera,2025-Q2,"EBA, Risk Dashboard (anexo de datos)",https://www.eba.europa.eu/risk-and-data-analysis/risk-analysis/risk-monitoring/risk-dashboard,2026-09-16,,,n/a,ratio,media_ponderada_volumen,"hoja Loans_3, T23_3; muestra de bancos del EBA"
Paises Bajos,cartera_credito,"Ratio de cobertura | Hogares, hipotecario",9.7742,pct_cartera,2025-Q3,"EBA, Risk Dashboard (anexo de datos)",https://www.eba.europa.eu/risk-and-data-analysis/risk-analysis/risk-monitoring/risk-dashboard,2026-09-16,,,n/a,ratio,media_ponderada_volumen,"hoja Loans_3, T23_3; muestra de bancos del EBA"
Paises Bajos,cartera_credito,"Ratio de cobertura | Hogares, hipotecario",8.5630,pct_cartera,2025-Q4,"EBA, Risk Dashboard (anexo de datos)",https://www.eba.europa.eu/risk-and-data-analysis/risk-analysis/risk-monitoring/risk-dashboard,2026-09-16,,,n/a,ratio,media_ponderada_volumen,"hoja Loans_3, T23_3; muestra de bancos del EBA"
Paises Bajos,cartera_credito,"Ratio de cobertura | Hogares, hipotecario",8.4615,pct_cartera,2026-Q1,"EBA, Risk Dashboard (anexo de datos)",https://www.eba.europa.eu/risk-and-data-analysis/risk-analysis/risk-monitoring/risk-dashboard,2026-09-16,,,n/a,ratio,media_ponderada_volumen,"hoja Loans_3, T23_3; muestra de bancos del EBA"
Portugal,cartera_credito,"Ratio de cobertura | Hogares, hipotecario",40.1519,pct_cartera,2024-Q1,"EBA, Risk Dashboard (anexo de datos)",https://www.eba.europa.eu/risk-and-data-analysis/risk-analysis/risk-monitoring/risk-dashboard,2026-09-16,,,n/a,ratio,media_ponderada_volumen,"hoja Loans_3, T23_3; muestra de bancos del EBA"
Portugal,cartera_credito,"Ratio de cobertura | Hogares, hipotecario",39.8689,pct_cartera,2024-Q2,"EBA, Risk Dashboard (anexo de datos)",https://www.eba.europa.eu/risk-and-data-analysis/risk-analysis/risk-monitoring/risk-dashboard,2026-09-16,,,n/a,ratio,media_ponderada_volumen,"hoja Loans_3, T23_3; muestra de bancos del EBA"
Portugal,cartera_credito,"Ratio de cobertura | Hogares, hipotecario",38.1930,pct_cartera,2024-Q3,"EBA, Risk Dashboard (anexo de datos)",https://www.eba.europa.eu/risk-and-data-analysis/risk-analysis/risk-monitoring/risk-dashboard,2026-09-16,,,n/a,ratio,media_ponderada_volumen,"hoja Loans_3, T23_3; muestra de bancos del EBA"
Portugal,cartera_credito,"Ratio de cobertura | Hogares, hipotecario",36.7981,pct_cartera,2024-Q4,"EBA, Risk Dashboard (anexo de datos)",https://www.eba.europa.eu/risk-and-data-analysis/risk-analysis/risk-monitoring/risk-dashboard,2026-09-16,,,n/a,ratio,media_ponderada_volumen,"hoja Loans_3, T23_3; muestra de bancos del EBA"
Portugal,cartera_credito,"Ratio de cobertura | Hogares, hipotecario",36.8648,pct_cartera,2025-Q1,"EBA, Risk Dashboard (anexo de datos)",https://www.eba.europa.eu/risk-and-data-analysis/risk-analysis/risk-monitoring/risk-dashboard,2026-09-16,,,n/a,ratio,media_ponderada_volumen,"hoja Loans_3, T23_3; muestra de bancos del EBA"
Portugal,cartera_credito,"Ratio de cobertura | Hogares, hipotecario",38.6348,pct_cartera,2025-Q2,"EBA, Risk Dashboard (anexo de datos)",https://www.eba.europa.eu/risk-and-data-analysis/risk-analysis/risk-monitoring/risk-dashboard,2026-09-16,,,n/a,ratio,media_ponderada_volumen,"hoja Loans_3, T23_3; muestra de bancos del EBA"
Portugal,cartera_credito,"Ratio de cobertura | Hogares, hipotecario",38.6178,pct_cartera,2025-Q3,"EBA, Risk Dashboard (anexo de datos)",https://www.eba.europa.eu/risk-and-data-analysis/risk-analysis/risk-monitoring/risk-dashboard,2026-09-16,,,n/a,ratio,media_ponderada_volumen,"hoja Loans_3, T23_3; muestra de bancos del EBA"
Portugal,cartera_credito,"Ratio de cobertura | Hogares, hipotecario",38.2759,pct_cartera,2025-Q4,"EBA, Risk Dashboard (anexo de datos)",https://www.eba.europa.eu/risk-and-data-analysis/risk-analysis/risk-monitoring/risk-dashboard,2026-09-16,,,n/a,ratio,media_ponderada_volumen,"hoja Loans_3, T23_3; muestra de bancos del EBA"
Portugal,cartera_credito,"Ratio de cobertura | Hogares, hipotecario",37.6492,pct_cartera,2026-Q1,"EBA, Risk Dashboard (anexo de datos)",https://www.eba.europa.eu/risk-and-data-analysis/risk-analysis/risk-monitoring/risk-dashboard,2026-09-16,,,n/a,ratio,media_ponderada_volumen,"hoja Loans_3, T23_3; muestra de bancos del EBA"
Alemania,cartera_credito,Ratio de cobertura | Sociedades no financieras,31.9077,pct_cartera,2024-Q1,"EBA, Risk Dashboard (anexo de datos)",https://www.eba.europa.eu/risk-and-data-analysis/risk-analysis/risk-monitoring/risk-dashboard,2026-09-16,,,n/a,ratio,media_ponderada_volumen,"hoja Loans_3, T23_4; muestra de bancos del EBA"
Alemania,cartera_credito,Ratio de cobertura | Sociedades no financieras,32.6573,pct_cartera,2024-Q2,"EBA, Risk Dashboard (anexo de datos)",https://www.eba.europa.eu/risk-and-data-analysis/risk-analysis/risk-monitoring/risk-dashboard,2026-09-16,,,n/a,ratio,media_ponderada_volumen,"hoja Loans_3, T23_4; muestra de bancos del EBA"
Alemania,cartera_credito,Ratio de cobertura | Sociedades no financieras,32.3163,pct_cartera,2024-Q3,"EBA, Risk Dashboard (anexo de datos)",https://www.eba.europa.eu/risk-and-data-analysis/risk-analysis/risk-monitoring/risk-dashboard,2026-09-16,,,n/a,ratio,media_ponderada_volumen,"hoja Loans_3, T23_4; muestra de bancos del EBA"
Alemania,cartera_credito,Ratio de cobertura | Sociedades no financieras,32.5394,pct_cartera,2024-Q4,"EBA, Risk Dashboard (anexo de datos)",https://www.eba.europa.eu/risk-and-data-analysis/risk-analysis/risk-monitoring/risk-dashboard,2026-09-16,,,n/a,ratio,media_ponderada_volumen,"hoja Loans_3, T23_4; muestra de bancos del EBA"
Alemania,cartera_credito,Ratio de cobertura | Sociedades no financieras,34.8272,pct_cartera,2025-Q1,"EBA, Risk Dashboard (anexo de datos)",https://www.eba.europa.eu/risk-and-data-analysis/risk-analysis/risk-monitoring/risk-dashboard,2026-09-16,,,n/a,ratio,media_ponderada_volumen,"hoja Loans_3, T23_4; muestra de bancos del EBA"
Alemania,cartera_credito,Ratio de cobertura | Sociedades no financieras,34.3804,pct_cartera,2025-Q2,"EBA, Risk Dashboard (anexo de datos)",https://www.eba.europa.eu/risk-and-data-analysis/risk-analysis/risk-monitoring/risk-dashboard,2026-09-16,,,n/a,ratio,media_ponderada_volumen,"hoja Loans_3, T23_4; muestra de bancos del EBA"
Alemania,cartera_credito,Ratio de cobertura | Sociedades no financieras,33.3823,pct_cartera,2025-Q3,"EBA, Risk Dashboard (anexo de datos)",https://www.eba.europa.eu/risk-and-data-analysis/risk-analysis/risk-monitoring/risk-dashboard,2026-09-16,,,n/a,ratio,media_ponderada_volumen,"hoja Loans_3, T23_4; muestra de bancos del EBA"
Alemania,cartera_credito,Ratio de cobertura | Sociedades no financieras,32.5255,pct_cartera,2025-Q4,"EBA, Risk Dashboard (anexo de datos)",https://www.eba.europa.eu/risk-and-data-analysis/risk-analysis/risk-monitoring/risk-dashboard,2026-09-16,,,n/a,ratio,media_ponderada_volumen,"hoja Loans_3, T23_4; muestra de bancos del EBA"
Alemania,cartera_credito,Ratio de cobertura | Sociedades no financieras,32.3350,pct_cartera,2026-Q1,"EBA, Risk Dashboard (anexo de datos)",https://www.eba.europa.eu/risk-and-data-analysis/risk-analysis/risk-monitoring/risk-dashboard,2026-09-16,,,n/a,ratio,media_ponderada_volumen,"hoja Loans_3, T23_4; muestra de bancos del EBA"
Espana,cartera_credito,Ratio de cobertura | Sociedades no financieras,47.0141,pct_cartera,2024-Q1,"EBA, Risk Dashboard (anexo de datos)",https://www.eba.europa.eu/risk-and-data-analysis/risk-analysis/risk-monitoring/risk-dashboard,2026-09-16,,,n/a,ratio,media_ponderada_volumen,"hoja Loans_3, T23_4; muestra de bancos del EBA"
Espana,cartera_credito,Ratio de cobertura | Sociedades no financieras,48.3413,pct_cartera,2024-Q2,"EBA, Risk Dashboard (anexo de datos)",https://www.eba.europa.eu/risk-and-data-analysis/risk-analysis/risk-monitoring/risk-dashboard,2026-09-16,,,n/a,ratio,media_ponderada_volumen,"hoja Loans_3, T23_4; muestra de bancos del EBA"
Espana,cartera_credito,Ratio de cobertura | Sociedades no financieras,48.0113,pct_cartera,2024-Q3,"EBA, Risk Dashboard (anexo de datos)",https://www.eba.europa.eu/risk-and-data-analysis/risk-analysis/risk-monitoring/risk-dashboard,2026-09-16,,,n/a,ratio,media_ponderada_volumen,"hoja Loans_3, T23_4; muestra de bancos del EBA"
Espana,cartera_credito,Ratio de cobertura | Sociedades no financieras,48.8983,pct_cartera,2024-Q4,"EBA, Risk Dashboard (anexo de datos)",https://www.eba.europa.eu/risk-and-data-analysis/risk-analysis/risk-monitoring/risk-dashboard,2026-09-16,,,n/a,ratio,media_ponderada_volumen,"hoja Loans_3, T23_4; muestra de bancos del EBA"
Espana,cartera_credito,Ratio de cobertura | Sociedades no financieras,49.2076,pct_cartera,2025-Q1,"EBA, Risk Dashboard (anexo de datos)",https://www.eba.europa.eu/risk-and-data-analysis/risk-analysis/risk-monitoring/risk-dashboard,2026-09-16,,,n/a,ratio,media_ponderada_volumen,"hoja Loans_3, T23_4; muestra de bancos del EBA"
Espana,cartera_credito,Ratio de cobertura | Sociedades no financieras,51.1344,pct_cartera,2025-Q2,"EBA, Risk Dashboard (anexo de datos)",https://www.eba.europa.eu/risk-and-data-analysis/risk-analysis/risk-monitoring/risk-dashboard,2026-09-16,,,n/a,ratio,media_ponderada_volumen,"hoja Loans_3, T23_4; muestra de bancos del EBA"
Espana,cartera_credito,Ratio de cobertura | Sociedades no financieras,50.6509,pct_cartera,2025-Q3,"EBA, Risk Dashboard (anexo de datos)",https://www.eba.europa.eu/risk-and-data-analysis/risk-analysis/risk-monitoring/risk-dashboard,2026-09-16,,,n/a,ratio,media_ponderada_volumen,"hoja Loans_3, T23_4; muestra de bancos del EBA"
Espana,cartera_credito,Ratio de cobertura | Sociedades no financieras,51.2575,pct_cartera,2025-Q4,"EBA, Risk Dashboard (anexo de datos)",https://www.eba.europa.eu/risk-and-data-analysis/risk-analysis/risk-monitoring/risk-dashboard,2026-09-16,,,n/a,ratio,media_ponderada_volumen,"hoja Loans_3, T23_4; muestra de bancos del EBA"
Espana,cartera_credito,Ratio de cobertura | Sociedades no financieras,50.3070,pct_cartera,2026-Q1,"EBA, Risk Dashboard (anexo de datos)",https://www.eba.europa.eu/risk-and-data-analysis/risk-analysis/risk-monitoring/risk-dashboard,2026-09-16,,,n/a,ratio,media_ponderada_volumen,"hoja Loans_3, T23_4; muestra de bancos del EBA"
Union Europea,cartera_credito,Ratio de cobertura | Sociedades no financieras,42.4623,pct_cartera,2024-Q1,"EBA, Risk Dashboard (anexo de datos)",https://www.eba.europa.eu/risk-and-data-analysis/risk-analysis/risk-monitoring/risk-dashboard,2026-09-16,,,n/a,ratio,media_ponderada_volumen,"hoja Loans_3, T23_4; muestra de bancos del EBA"
Union Europea,cartera_credito,Ratio de cobertura | Sociedades no financieras,42.9036,pct_cartera,2024-Q2,"EBA, Risk Dashboard (anexo de datos)",https://www.eba.europa.eu/risk-and-data-analysis/risk-analysis/risk-monitoring/risk-dashboard,2026-09-16,,,n/a,ratio,media_ponderada_volumen,"hoja Loans_3, T23_4; muestra de bancos del EBA"
Union Europea,cartera_credito,Ratio de cobertura | Sociedades no financieras,42.3012,pct_cartera,2024-Q3,"EBA, Risk Dashboard (anexo de datos)",https://www.eba.europa.eu/risk-and-data-analysis/risk-analysis/risk-monitoring/risk-dashboard,2026-09-16,,,n/a,ratio,media_ponderada_volumen,"hoja Loans_3, T23_4; muestra de bancos del EBA"
Union Europea,cartera_credito,Ratio de cobertura | Sociedades no financieras,42.1320,pct_cartera,2024-Q4,"EBA, Risk Dashboard (anexo de datos)",https://www.eba.europa.eu/risk-and-data-analysis/risk-analysis/risk-monitoring/risk-dashboard,2026-09-16,,,n/a,ratio,media_ponderada_volumen,"hoja Loans_3, T23_4; muestra de bancos del EBA"
Union Europea,cartera_credito,Ratio de cobertura | Sociedades no financieras,42.4421,pct_cartera,2025-Q1,"EBA, Risk Dashboard (anexo de datos)",https://www.eba.europa.eu/risk-and-data-analysis/risk-analysis/risk-monitoring/risk-dashboard,2026-09-16,,,n/a,ratio,media_ponderada_volumen,"hoja Loans_3, T23_4; muestra de bancos del EBA"
Union Europea,cartera_credito,Ratio de cobertura | Sociedades no financieras,42.4191,pct_cartera,2025-Q2,"EBA, Risk Dashboard (anexo de datos)",https://www.eba.europa.eu/risk-and-data-analysis/risk-analysis/risk-monitoring/risk-dashboard,2026-09-16,,,n/a,ratio,media_ponderada_volumen,"hoja Loans_3, T23_4; muestra de bancos del EBA"
Union Europea,cartera_credito,Ratio de cobertura | Sociedades no financieras,42.5528,pct_cartera,2025-Q3,"EBA, Risk Dashboard (anexo de datos)",https://www.eba.europa.eu/risk-and-data-analysis/risk-analysis/risk-monitoring/risk-dashboard,2026-09-16,,,n/a,ratio,media_ponderada_volumen,"hoja Loans_3, T23_4; muestra de bancos del EBA"
Union Europea,cartera_credito,Ratio de cobertura | Sociedades no financieras,42.1573,pct_cartera,2025-Q4,"EBA, Risk Dashboard (anexo de datos)",https://www.eba.europa.eu/risk-and-data-analysis/risk-analysis/risk-monitoring/risk-dashboard,2026-09-16,,,n/a,ratio,media_ponderada_volumen,"hoja Loans_3, T23_4; muestra de bancos del EBA"
Union Europea,cartera_credito,Ratio de cobertura | Sociedades no financieras,41.7748,pct_cartera,2026-Q1,"EBA, Risk Dashboard (anexo de datos)",https://www.eba.europa.eu/risk-and-data-analysis/risk-analysis/risk-monitoring/risk-dashboard,2026-09-16,,,n/a,ratio,media_ponderada_volumen,"hoja Loans_3, T23_4; muestra de bancos del EBA"
Francia,cartera_credito,Ratio de cobertura | Sociedades no financieras,43.0987,pct_cartera,2024-Q1,"EBA, Risk Dashboard (anexo de datos)",https://www.eba.europa.eu/risk-and-data-analysis/risk-analysis/risk-monitoring/risk-dashboard,2026-09-16,,,n/a,ratio,media_ponderada_volumen,"hoja Loans_3, T23_4; muestra de bancos del EBA"
Francia,cartera_credito,Ratio de cobertura | Sociedades no financieras,43.7781,pct_cartera,2024-Q2,"EBA, Risk Dashboard (anexo de datos)",https://www.eba.europa.eu/risk-and-data-analysis/risk-analysis/risk-monitoring/risk-dashboard,2026-09-16,,,n/a,ratio,media_ponderada_volumen,"hoja Loans_3, T23_4; muestra de bancos del EBA"
Francia,cartera_credito,Ratio de cobertura | Sociedades no financieras,43.1207,pct_cartera,2024-Q3,"EBA, Risk Dashboard (anexo de datos)",https://www.eba.europa.eu/risk-and-data-analysis/risk-analysis/risk-monitoring/risk-dashboard,2026-09-16,,,n/a,ratio,media_ponderada_volumen,"hoja Loans_3, T23_4; muestra de bancos del EBA"
Francia,cartera_credito,Ratio de cobertura | Sociedades no financieras,43.4891,pct_cartera,2024-Q4,"EBA, Risk Dashboard (anexo de datos)",https://www.eba.europa.eu/risk-and-data-analysis/risk-analysis/risk-monitoring/risk-dashboard,2026-09-16,,,n/a,ratio,media_ponderada_volumen,"hoja Loans_3, T23_4; muestra de bancos del EBA"
Francia,cartera_credito,Ratio de cobertura | Sociedades no financieras,43.5463,pct_cartera,2025-Q1,"EBA, Risk Dashboard (anexo de datos)",https://www.eba.europa.eu/risk-and-data-analysis/risk-analysis/risk-monitoring/risk-dashboard,2026-09-16,,,n/a,ratio,media_ponderada_volumen,"hoja Loans_3, T23_4; muestra de bancos del EBA"
Francia,cartera_credito,Ratio de cobertura | Sociedades no financieras,43.1348,pct_cartera,2025-Q2,"EBA, Risk Dashboard (anexo de datos)",https://www.eba.europa.eu/risk-and-data-analysis/risk-analysis/risk-monitoring/risk-dashboard,2026-09-16,,,n/a,ratio,media_ponderada_volumen,"hoja Loans_3, T23_4; muestra de bancos del EBA"
Francia,cartera_credito,Ratio de cobertura | Sociedades no financieras,43.3473,pct_cartera,2025-Q3,"EBA, Risk Dashboard (anexo de datos)",https://www.eba.europa.eu/risk-and-data-analysis/risk-analysis/risk-monitoring/risk-dashboard,2026-09-16,,,n/a,ratio,media_ponderada_volumen,"hoja Loans_3, T23_4; muestra de bancos del EBA"
Francia,cartera_credito,Ratio de cobertura | Sociedades no financieras,43.4080,pct_cartera,2025-Q4,"EBA, Risk Dashboard (anexo de datos)",https://www.eba.europa.eu/risk-and-data-analysis/risk-analysis/risk-monitoring/risk-dashboard,2026-09-16,,,n/a,ratio,media_ponderada_volumen,"hoja Loans_3, T23_4; muestra de bancos del EBA"
Francia,cartera_credito,Ratio de cobertura | Sociedades no financieras,43.1371,pct_cartera,2026-Q1,"EBA, Risk Dashboard (anexo de datos)",https://www.eba.europa.eu/risk-and-data-analysis/risk-analysis/risk-monitoring/risk-dashboard,2026-09-16,,,n/a,ratio,media_ponderada_volumen,"hoja Loans_3, T23_4; muestra de bancos del EBA"
Italia,cartera_credito,Ratio de cobertura | Sociedades no financieras,55.0020,pct_cartera,2024-Q1,"EBA, Risk Dashboard (anexo de datos)",https://www.eba.europa.eu/risk-and-data-analysis/risk-analysis/risk-monitoring/risk-dashboard,2026-09-16,,,n/a,ratio,media_ponderada_volumen,"hoja Loans_3, T23_4; muestra de bancos del EBA"
Italia,cartera_credito,Ratio de cobertura | Sociedades no financieras,55.9309,pct_cartera,2024-Q2,"EBA, Risk Dashboard (anexo de datos)",https://www.eba.europa.eu/risk-and-data-analysis/risk-analysis/risk-monitoring/risk-dashboard,2026-09-16,,,n/a,ratio,media_ponderada_volumen,"hoja Loans_3, T23_4; muestra de bancos del EBA"
Italia,cartera_credito,Ratio de cobertura | Sociedades no financieras,55.0946,pct_cartera,2024-Q3,"EBA, Risk Dashboard (anexo de datos)",https://www.eba.europa.eu/risk-and-data-analysis/risk-analysis/risk-monitoring/risk-dashboard,2026-09-16,,,n/a,ratio,media_ponderada_volumen,"hoja Loans_3, T23_4; muestra de bancos del EBA"
Italia,cartera_credito,Ratio de cobertura | Sociedades no financieras,54.2828,pct_cartera,2024-Q4,"EBA, Risk Dashboard (anexo de datos)",https://www.eba.europa.eu/risk-and-data-analysis/risk-analysis/risk-monitoring/risk-dashboard,2026-09-16,,,n/a,ratio,media_ponderada_volumen,"hoja Loans_3, T23_4; muestra de bancos del EBA"
Italia,cartera_credito,Ratio de cobertura | Sociedades no financieras,54.6663,pct_cartera,2025-Q1,"EBA, Risk Dashboard (anexo de datos)",https://www.eba.europa.eu/risk-and-data-analysis/risk-analysis/risk-monitoring/risk-dashboard,2026-09-16,,,n/a,ratio,media_ponderada_volumen,"hoja Loans_3, T23_4; muestra de bancos del EBA"
Italia,cartera_credito,Ratio de cobertura | Sociedades no financieras,53.5718,pct_cartera,2025-Q2,"EBA, Risk Dashboard (anexo de datos)",https://www.eba.europa.eu/risk-and-data-analysis/risk-analysis/risk-monitoring/risk-dashboard,2026-09-16,,,n/a,ratio,media_ponderada_volumen,"hoja Loans_3, T23_4; muestra de bancos del EBA"
Italia,cartera_credito,Ratio de cobertura | Sociedades no financieras,53.7828,pct_cartera,2025-Q3,"EBA, Risk Dashboard (anexo de datos)",https://www.eba.europa.eu/risk-and-data-analysis/risk-analysis/risk-monitoring/risk-dashboard,2026-09-16,,,n/a,ratio,media_ponderada_volumen,"hoja Loans_3, T23_4; muestra de bancos del EBA"
Italia,cartera_credito,Ratio de cobertura | Sociedades no financieras,51.4961,pct_cartera,2025-Q4,"EBA, Risk Dashboard (anexo de datos)",https://www.eba.europa.eu/risk-and-data-analysis/risk-analysis/risk-monitoring/risk-dashboard,2026-09-16,,,n/a,ratio,media_ponderada_volumen,"hoja Loans_3, T23_4; muestra de bancos del EBA"
Italia,cartera_credito,Ratio de cobertura | Sociedades no financieras,52.7529,pct_cartera,2026-Q1,"EBA, Risk Dashboard (anexo de datos)",https://www.eba.europa.eu/risk-and-data-analysis/risk-analysis/risk-monitoring/risk-dashboard,2026-09-16,,,n/a,ratio,media_ponderada_volumen,"hoja Loans_3, T23_4; muestra de bancos del EBA"
Paises Bajos,cartera_credito,Ratio de cobertura | Sociedades no financieras,29.4792,pct_cartera,2024-Q1,"EBA, Risk Dashboard (anexo de datos)",https://www.eba.europa.eu/risk-and-data-analysis/risk-analysis/risk-monitoring/risk-dashboard,2026-09-16,,,n/a,ratio,media_ponderada_volumen,"hoja Loans_3, T23_4; muestra de bancos del EBA"
Paises Bajos,cartera_credito,Ratio de cobertura | Sociedades no financieras,29.4206,pct_cartera,2024-Q2,"EBA, Risk Dashboard (anexo de datos)",https://www.eba.europa.eu/risk-and-data-analysis/risk-analysis/risk-monitoring/risk-dashboard,2026-09-16,,,n/a,ratio,media_ponderada_volumen,"hoja Loans_3, T23_4; muestra de bancos del EBA"
Paises Bajos,cartera_credito,Ratio de cobertura | Sociedades no financieras,28.6780,pct_cartera,2024-Q3,"EBA, Risk Dashboard (anexo de datos)",https://www.eba.europa.eu/risk-and-data-analysis/risk-analysis/risk-monitoring/risk-dashboard,2026-09-16,,,n/a,ratio,media_ponderada_volumen,"hoja Loans_3, T23_4; muestra de bancos del EBA"
Paises Bajos,cartera_credito,Ratio de cobertura | Sociedades no financieras,28.4354,pct_cartera,2024-Q4,"EBA, Risk Dashboard (anexo de datos)",https://www.eba.europa.eu/risk-and-data-analysis/risk-analysis/risk-monitoring/risk-dashboard,2026-09-16,,,n/a,ratio,media_ponderada_volumen,"hoja Loans_3, T23_4; muestra de bancos del EBA"
Paises Bajos,cartera_credito,Ratio de cobertura | Sociedades no financieras,27.5817,pct_cartera,2025-Q1,"EBA, Risk Dashboard (anexo de datos)",https://www.eba.europa.eu/risk-and-data-analysis/risk-analysis/risk-monitoring/risk-dashboard,2026-09-16,,,n/a,ratio,media_ponderada_volumen,"hoja Loans_3, T23_4; muestra de bancos del EBA"
Paises Bajos,cartera_credito,Ratio de cobertura | Sociedades no financieras,27.8791,pct_cartera,2025-Q2,"EBA, Risk Dashboard (anexo de datos)",https://www.eba.europa.eu/risk-and-data-analysis/risk-analysis/risk-monitoring/risk-dashboard,2026-09-16,,,n/a,ratio,media_ponderada_volumen,"hoja Loans_3, T23_4; muestra de bancos del EBA"
Paises Bajos,cartera_credito,Ratio de cobertura | Sociedades no financieras,29.3712,pct_cartera,2025-Q3,"EBA, Risk Dashboard (anexo de datos)",https://www.eba.europa.eu/risk-and-data-analysis/risk-analysis/risk-monitoring/risk-dashboard,2026-09-16,,,n/a,ratio,media_ponderada_volumen,"hoja Loans_3, T23_4; muestra de bancos del EBA"
Paises Bajos,cartera_credito,Ratio de cobertura | Sociedades no financieras,31.0992,pct_cartera,2025-Q4,"EBA, Risk Dashboard (anexo de datos)",https://www.eba.europa.eu/risk-and-data-analysis/risk-analysis/risk-monitoring/risk-dashboard,2026-09-16,,,n/a,ratio,media_ponderada_volumen,"hoja Loans_3, T23_4; muestra de bancos del EBA"
Paises Bajos,cartera_credito,Ratio de cobertura | Sociedades no financieras,30.5784,pct_cartera,2026-Q1,"EBA, Risk Dashboard (anexo de datos)",https://www.eba.europa.eu/risk-and-data-analysis/risk-analysis/risk-monitoring/risk-dashboard,2026-09-16,,,n/a,ratio,media_ponderada_volumen,"hoja Loans_3, T23_4; muestra de bancos del EBA"
Portugal,cartera_credito,Ratio de cobertura | Sociedades no financieras,64.3846,pct_cartera,2024-Q1,"EBA, Risk Dashboard (anexo de datos)",https://www.eba.europa.eu/risk-and-data-analysis/risk-analysis/risk-monitoring/risk-dashboard,2026-09-16,,,n/a,ratio,media_ponderada_volumen,"hoja Loans_3, T23_4; muestra de bancos del EBA"
Portugal,cartera_credito,Ratio de cobertura | Sociedades no financieras,65.9974,pct_cartera,2024-Q2,"EBA, Risk Dashboard (anexo de datos)",https://www.eba.europa.eu/risk-and-data-analysis/risk-analysis/risk-monitoring/risk-dashboard,2026-09-16,,,n/a,ratio,media_ponderada_volumen,"hoja Loans_3, T23_4; muestra de bancos del EBA"
Portugal,cartera_credito,Ratio de cobertura | Sociedades no financieras,66.4293,pct_cartera,2024-Q3,"EBA, Risk Dashboard (anexo de datos)",https://www.eba.europa.eu/risk-and-data-analysis/risk-analysis/risk-monitoring/risk-dashboard,2026-09-16,,,n/a,ratio,media_ponderada_volumen,"hoja Loans_3, T23_4; muestra de bancos del EBA"
Portugal,cartera_credito,Ratio de cobertura | Sociedades no financieras,67.1443,pct_cartera,2024-Q4,"EBA, Risk Dashboard (anexo de datos)",https://www.eba.europa.eu/risk-and-data-analysis/risk-analysis/risk-monitoring/risk-dashboard,2026-09-16,,,n/a,ratio,media_ponderada_volumen,"hoja Loans_3, T23_4; muestra de bancos del EBA"
Portugal,cartera_credito,Ratio de cobertura | Sociedades no financieras,64.2881,pct_cartera,2025-Q1,"EBA, Risk Dashboard (anexo de datos)",https://www.eba.europa.eu/risk-and-data-analysis/risk-analysis/risk-monitoring/risk-dashboard,2026-09-16,,,n/a,ratio,media_ponderada_volumen,"hoja Loans_3, T23_4; muestra de bancos del EBA"
Portugal,cartera_credito,Ratio de cobertura | Sociedades no financieras,65.4558,pct_cartera,2025-Q2,"EBA, Risk Dashboard (anexo de datos)",https://www.eba.europa.eu/risk-and-data-analysis/risk-analysis/risk-monitoring/risk-dashboard,2026-09-16,,,n/a,ratio,media_ponderada_volumen,"hoja Loans_3, T23_4; muestra de bancos del EBA"
Portugal,cartera_credito,Ratio de cobertura | Sociedades no financieras,66.2648,pct_cartera,2025-Q3,"EBA, Risk Dashboard (anexo de datos)",https://www.eba.europa.eu/risk-and-data-analysis/risk-analysis/risk-monitoring/risk-dashboard,2026-09-16,,,n/a,ratio,media_ponderada_volumen,"hoja Loans_3, T23_4; muestra de bancos del EBA"
Portugal,cartera_credito,Ratio de cobertura | Sociedades no financieras,66.6143,pct_cartera,2025-Q4,"EBA, Risk Dashboard (anexo de datos)",https://www.eba.europa.eu/risk-and-data-analysis/risk-analysis/risk-monitoring/risk-dashboard,2026-09-16,,,n/a,ratio,media_ponderada_volumen,"hoja Loans_3, T23_4; muestra de bancos del EBA"
Portugal,cartera_credito,Ratio de cobertura | Sociedades no financieras,67.0361,pct_cartera,2026-Q1,"EBA, Risk Dashboard (anexo de datos)",https://www.eba.europa.eu/risk-and-data-analysis/risk-analysis/risk-monitoring/risk-dashboard,2026-09-16,,,n/a,ratio,media_ponderada_volumen,"hoja Loans_3, T23_4; muestra de bancos del EBA"
Alemania,cartera_credito,"Ratio de cobertura | Sociedades no financieras, PYME",27.4485,pct_cartera,2024-Q1,"EBA, Risk Dashboard (anexo de datos)",https://www.eba.europa.eu/risk-and-data-analysis/risk-analysis/risk-monitoring/risk-dashboard,2026-09-16,,,tamano_empresa_empleados,ratio,media_ponderada_volumen,"hoja Loans_3, T23_5; muestra de bancos del EBA"
Alemania,cartera_credito,"Ratio de cobertura | Sociedades no financieras, PYME",27.8666,pct_cartera,2024-Q2,"EBA, Risk Dashboard (anexo de datos)",https://www.eba.europa.eu/risk-and-data-analysis/risk-analysis/risk-monitoring/risk-dashboard,2026-09-16,,,tamano_empresa_empleados,ratio,media_ponderada_volumen,"hoja Loans_3, T23_5; muestra de bancos del EBA"
Alemania,cartera_credito,"Ratio de cobertura | Sociedades no financieras, PYME",26.9383,pct_cartera,2024-Q3,"EBA, Risk Dashboard (anexo de datos)",https://www.eba.europa.eu/risk-and-data-analysis/risk-analysis/risk-monitoring/risk-dashboard,2026-09-16,,,tamano_empresa_empleados,ratio,media_ponderada_volumen,"hoja Loans_3, T23_5; muestra de bancos del EBA"
Alemania,cartera_credito,"Ratio de cobertura | Sociedades no financieras, PYME",25.3815,pct_cartera,2024-Q4,"EBA, Risk Dashboard (anexo de datos)",https://www.eba.europa.eu/risk-and-data-analysis/risk-analysis/risk-monitoring/risk-dashboard,2026-09-16,,,tamano_empresa_empleados,ratio,media_ponderada_volumen,"hoja Loans_3, T23_5; muestra de bancos del EBA"
Alemania,cartera_credito,"Ratio de cobertura | Sociedades no financieras, PYME",28.8221,pct_cartera,2025-Q1,"EBA, Risk Dashboard (anexo de datos)",https://www.eba.europa.eu/risk-and-data-analysis/risk-analysis/risk-monitoring/risk-dashboard,2026-09-16,,,tamano_empresa_empleados,ratio,media_ponderada_volumen,"hoja Loans_3, T23_5; muestra de bancos del EBA"
Alemania,cartera_credito,"Ratio de cobertura | Sociedades no financieras, PYME",29.9215,pct_cartera,2025-Q2,"EBA, Risk Dashboard (anexo de datos)",https://www.eba.europa.eu/risk-and-data-analysis/risk-analysis/risk-monitoring/risk-dashboard,2026-09-16,,,tamano_empresa_empleados,ratio,media_ponderada_volumen,"hoja Loans_3, T23_5; muestra de bancos del EBA"
Alemania,cartera_credito,"Ratio de cobertura | Sociedades no financieras, PYME",28.8329,pct_cartera,2025-Q3,"EBA, Risk Dashboard (anexo de datos)",https://www.eba.europa.eu/risk-and-data-analysis/risk-analysis/risk-monitoring/risk-dashboard,2026-09-16,,,tamano_empresa_empleados,ratio,media_ponderada_volumen,"hoja Loans_3, T23_5; muestra de bancos del EBA"
Alemania,cartera_credito,"Ratio de cobertura | Sociedades no financieras, PYME",28.4954,pct_cartera,2025-Q4,"EBA, Risk Dashboard (anexo de datos)",https://www.eba.europa.eu/risk-and-data-analysis/risk-analysis/risk-monitoring/risk-dashboard,2026-09-16,,,tamano_empresa_empleados,ratio,media_ponderada_volumen,"hoja Loans_3, T23_5; muestra de bancos del EBA"
Alemania,cartera_credito,"Ratio de cobertura | Sociedades no financieras, PYME",26.6543,pct_cartera,2026-Q1,"EBA, Risk Dashboard (anexo de datos)",https://www.eba.europa.eu/risk-and-data-analysis/risk-analysis/risk-monitoring/risk-dashboard,2026-09-16,,,tamano_empresa_empleados,ratio,media_ponderada_volumen,"hoja Loans_3, T23_5; muestra de bancos del EBA"
Espana,cartera_credito,"Ratio de cobertura | Sociedades no financieras, PYME",46.5259,pct_cartera,2024-Q1,"EBA, Risk Dashboard (anexo de datos)",https://www.eba.europa.eu/risk-and-data-analysis/risk-analysis/risk-monitoring/risk-dashboard,2026-09-16,,,tamano_empresa_empleados,ratio,media_ponderada_volumen,"hoja Loans_3, T23_5; muestra de bancos del EBA"
Espana,cartera_credito,"Ratio de cobertura | Sociedades no financieras, PYME",47.3532,pct_cartera,2024-Q2,"EBA, Risk Dashboard (anexo de datos)",https://www.eba.europa.eu/risk-and-data-analysis/risk-analysis/risk-monitoring/risk-dashboard,2026-09-16,,,tamano_empresa_empleados,ratio,media_ponderada_volumen,"hoja Loans_3, T23_5; muestra de bancos del EBA"
Espana,cartera_credito,"Ratio de cobertura | Sociedades no financieras, PYME",48.4035,pct_cartera,2024-Q3,"EBA, Risk Dashboard (anexo de datos)",https://www.eba.europa.eu/risk-and-data-analysis/risk-analysis/risk-monitoring/risk-dashboard,2026-09-16,,,tamano_empresa_empleados,ratio,media_ponderada_volumen,"hoja Loans_3, T23_5; muestra de bancos del EBA"
Espana,cartera_credito,"Ratio de cobertura | Sociedades no financieras, PYME",50.3320,pct_cartera,2024-Q4,"EBA, Risk Dashboard (anexo de datos)",https://www.eba.europa.eu/risk-and-data-analysis/risk-analysis/risk-monitoring/risk-dashboard,2026-09-16,,,tamano_empresa_empleados,ratio,media_ponderada_volumen,"hoja Loans_3, T23_5; muestra de bancos del EBA"
Espana,cartera_credito,"Ratio de cobertura | Sociedades no financieras, PYME",50.0829,pct_cartera,2025-Q1,"EBA, Risk Dashboard (anexo de datos)",https://www.eba.europa.eu/risk-and-data-analysis/risk-analysis/risk-monitoring/risk-dashboard,2026-09-16,,,tamano_empresa_empleados,ratio,media_ponderada_volumen,"hoja Loans_3, T23_5; muestra de bancos del EBA"
Espana,cartera_credito,"Ratio de cobertura | Sociedades no financieras, PYME",51.4629,pct_cartera,2025-Q2,"EBA, Risk Dashboard (anexo de datos)",https://www.eba.europa.eu/risk-and-data-analysis/risk-analysis/risk-monitoring/risk-dashboard,2026-09-16,,,tamano_empresa_empleados,ratio,media_ponderada_volumen,"hoja Loans_3, T23_5; muestra de bancos del EBA"
Espana,cartera_credito,"Ratio de cobertura | Sociedades no financieras, PYME",51.5800,pct_cartera,2025-Q3,"EBA, Risk Dashboard (anexo de datos)",https://www.eba.europa.eu/risk-and-data-analysis/risk-analysis/risk-monitoring/risk-dashboard,2026-09-16,,,tamano_empresa_empleados,ratio,media_ponderada_volumen,"hoja Loans_3, T23_5; muestra de bancos del EBA"
Espana,cartera_credito,"Ratio de cobertura | Sociedades no financieras, PYME",52.1180,pct_cartera,2025-Q4,"EBA, Risk Dashboard (anexo de datos)",https://www.eba.europa.eu/risk-and-data-analysis/risk-analysis/risk-monitoring/risk-dashboard,2026-09-16,,,tamano_empresa_empleados,ratio,media_ponderada_volumen,"hoja Loans_3, T23_5; muestra de bancos del EBA"
Espana,cartera_credito,"Ratio de cobertura | Sociedades no financieras, PYME",51.7326,pct_cartera,2026-Q1,"EBA, Risk Dashboard (anexo de datos)",https://www.eba.europa.eu/risk-and-data-analysis/risk-analysis/risk-monitoring/risk-dashboard,2026-09-16,,,tamano_empresa_empleados,ratio,media_ponderada_volumen,"hoja Loans_3, T23_5; muestra de bancos del EBA"
Union Europea,cartera_credito,"Ratio de cobertura | Sociedades no financieras, PYME",43.0164,pct_cartera,2024-Q1,"EBA, Risk Dashboard (anexo de datos)",https://www.eba.europa.eu/risk-and-data-analysis/risk-analysis/risk-monitoring/risk-dashboard,2026-09-16,,,tamano_empresa_empleados,ratio,media_ponderada_volumen,"hoja Loans_3, T23_5; muestra de bancos del EBA"
Union Europea,cartera_credito,"Ratio de cobertura | Sociedades no financieras, PYME",43.1166,pct_cartera,2024-Q2,"EBA, Risk Dashboard (anexo de datos)",https://www.eba.europa.eu/risk-and-data-analysis/risk-analysis/risk-monitoring/risk-dashboard,2026-09-16,,,tamano_empresa_empleados,ratio,media_ponderada_volumen,"hoja Loans_3, T23_5; muestra de bancos del EBA"
Union Europea,cartera_credito,"Ratio de cobertura | Sociedades no financieras, PYME",43.0988,pct_cartera,2024-Q3,"EBA, Risk Dashboard (anexo de datos)",https://www.eba.europa.eu/risk-and-data-analysis/risk-analysis/risk-monitoring/risk-dashboard,2026-09-16,,,tamano_empresa_empleados,ratio,media_ponderada_volumen,"hoja Loans_3, T23_5; muestra de bancos del EBA"
Union Europea,cartera_credito,"Ratio de cobertura | Sociedades no financieras, PYME",42.6529,pct_cartera,2024-Q4,"EBA, Risk Dashboard (anexo de datos)",https://www.eba.europa.eu/risk-and-data-analysis/risk-analysis/risk-monitoring/risk-dashboard,2026-09-16,,,tamano_empresa_empleados,ratio,media_ponderada_volumen,"hoja Loans_3, T23_5; muestra de bancos del EBA"
Union Europea,cartera_credito,"Ratio de cobertura | Sociedades no financieras, PYME",42.8259,pct_cartera,2025-Q1,"EBA, Risk Dashboard (anexo de datos)",https://www.eba.europa.eu/risk-and-data-analysis/risk-analysis/risk-monitoring/risk-dashboard,2026-09-16,,,tamano_empresa_empleados,ratio,media_ponderada_volumen,"hoja Loans_3, T23_5; muestra de bancos del EBA"
Union Europea,cartera_credito,"Ratio de cobertura | Sociedades no financieras, PYME",43.1346,pct_cartera,2025-Q2,"EBA, Risk Dashboard (anexo de datos)",https://www.eba.europa.eu/risk-and-data-analysis/risk-analysis/risk-monitoring/risk-dashboard,2026-09-16,,,tamano_empresa_empleados,ratio,media_ponderada_volumen,"hoja Loans_3, T23_5; muestra de bancos del EBA"
Union Europea,cartera_credito,"Ratio de cobertura | Sociedades no financieras, PYME",43.0270,pct_cartera,2025-Q3,"EBA, Risk Dashboard (anexo de datos)",https://www.eba.europa.eu/risk-and-data-analysis/risk-analysis/risk-monitoring/risk-dashboard,2026-09-16,,,tamano_empresa_empleados,ratio,media_ponderada_volumen,"hoja Loans_3, T23_5; muestra de bancos del EBA"
Union Europea,cartera_credito,"Ratio de cobertura | Sociedades no financieras, PYME",42.7939,pct_cartera,2025-Q4,"EBA, Risk Dashboard (anexo de datos)",https://www.eba.europa.eu/risk-and-data-analysis/risk-analysis/risk-monitoring/risk-dashboard,2026-09-16,,,tamano_empresa_empleados,ratio,media_ponderada_volumen,"hoja Loans_3, T23_5; muestra de bancos del EBA"
Union Europea,cartera_credito,"Ratio de cobertura | Sociedades no financieras, PYME",42.5231,pct_cartera,2026-Q1,"EBA, Risk Dashboard (anexo de datos)",https://www.eba.europa.eu/risk-and-data-analysis/risk-analysis/risk-monitoring/risk-dashboard,2026-09-16,,,tamano_empresa_empleados,ratio,media_ponderada_volumen,"hoja Loans_3, T23_5; muestra de bancos del EBA"
Francia,cartera_credito,"Ratio de cobertura | Sociedades no financieras, PYME",43.5278,pct_cartera,2024-Q1,"EBA, Risk Dashboard (anexo de datos)",https://www.eba.europa.eu/risk-and-data-analysis/risk-analysis/risk-monitoring/risk-dashboard,2026-09-16,,,tamano_empresa_empleados,ratio,media_ponderada_volumen,"hoja Loans_3, T23_5; muestra de bancos del EBA"
Francia,cartera_credito,"Ratio de cobertura | Sociedades no financieras, PYME",43.0409,pct_cartera,2024-Q2,"EBA, Risk Dashboard (anexo de datos)",https://www.eba.europa.eu/risk-and-data-analysis/risk-analysis/risk-monitoring/risk-dashboard,2026-09-16,,,tamano_empresa_empleados,ratio,media_ponderada_volumen,"hoja Loans_3, T23_5; muestra de bancos del EBA"
Francia,cartera_credito,"Ratio de cobertura | Sociedades no financieras, PYME",43.1306,pct_cartera,2024-Q3,"EBA, Risk Dashboard (anexo de datos)",https://www.eba.europa.eu/risk-and-data-analysis/risk-analysis/risk-monitoring/risk-dashboard,2026-09-16,,,tamano_empresa_empleados,ratio,media_ponderada_volumen,"hoja Loans_3, T23_5; muestra de bancos del EBA"
Francia,cartera_credito,"Ratio de cobertura | Sociedades no financieras, PYME",42.5714,pct_cartera,2024-Q4,"EBA, Risk Dashboard (anexo de datos)",https://www.eba.europa.eu/risk-and-data-analysis/risk-analysis/risk-monitoring/risk-dashboard,2026-09-16,,,tamano_empresa_empleados,ratio,media_ponderada_volumen,"hoja Loans_3, T23_5; muestra de bancos del EBA"
Francia,cartera_credito,"Ratio de cobertura | Sociedades no financieras, PYME",42.2839,pct_cartera,2025-Q1,"EBA, Risk Dashboard (anexo de datos)",https://www.eba.europa.eu/risk-and-data-analysis/risk-analysis/risk-monitoring/risk-dashboard,2026-09-16,,,tamano_empresa_empleados,ratio,media_ponderada_volumen,"hoja Loans_3, T23_5; muestra de bancos del EBA"
Francia,cartera_credito,"Ratio de cobertura | Sociedades no financieras, PYME",42.4440,pct_cartera,2025-Q2,"EBA, Risk Dashboard (anexo de datos)",https://www.eba.europa.eu/risk-and-data-analysis/risk-analysis/risk-monitoring/risk-dashboard,2026-09-16,,,tamano_empresa_empleados,ratio,media_ponderada_volumen,"hoja Loans_3, T23_5; muestra de bancos del EBA"
Francia,cartera_credito,"Ratio de cobertura | Sociedades no financieras, PYME",42.4968,pct_cartera,2025-Q3,"EBA, Risk Dashboard (anexo de datos)",https://www.eba.europa.eu/risk-and-data-analysis/risk-analysis/risk-monitoring/risk-dashboard,2026-09-16,,,tamano_empresa_empleados,ratio,media_ponderada_volumen,"hoja Loans_3, T23_5; muestra de bancos del EBA"
Francia,cartera_credito,"Ratio de cobertura | Sociedades no financieras, PYME",42.8340,pct_cartera,2025-Q4,"EBA, Risk Dashboard (anexo de datos)",https://www.eba.europa.eu/risk-and-data-analysis/risk-analysis/risk-monitoring/risk-dashboard,2026-09-16,,,tamano_empresa_empleados,ratio,media_ponderada_volumen,"hoja Loans_3, T23_5; muestra de bancos del EBA"
Francia,cartera_credito,"Ratio de cobertura | Sociedades no financieras, PYME",42.8955,pct_cartera,2026-Q1,"EBA, Risk Dashboard (anexo de datos)",https://www.eba.europa.eu/risk-and-data-analysis/risk-analysis/risk-monitoring/risk-dashboard,2026-09-16,,,tamano_empresa_empleados,ratio,media_ponderada_volumen,"hoja Loans_3, T23_5; muestra de bancos del EBA"
Italia,cartera_credito,"Ratio de cobertura | Sociedades no financieras, PYME",55.9031,pct_cartera,2024-Q1,"EBA, Risk Dashboard (anexo de datos)",https://www.eba.europa.eu/risk-and-data-analysis/risk-analysis/risk-monitoring/risk-dashboard,2026-09-16,,,tamano_empresa_empleados,ratio,media_ponderada_volumen,"hoja Loans_3, T23_5; muestra de bancos del EBA"
Italia,cartera_credito,"Ratio de cobertura | Sociedades no financieras, PYME",56.4107,pct_cartera,2024-Q2,"EBA, Risk Dashboard (anexo de datos)",https://www.eba.europa.eu/risk-and-data-analysis/risk-analysis/risk-monitoring/risk-dashboard,2026-09-16,,,tamano_empresa_empleados,ratio,media_ponderada_volumen,"hoja Loans_3, T23_5; muestra de bancos del EBA"
Italia,cartera_credito,"Ratio de cobertura | Sociedades no financieras, PYME",55.4833,pct_cartera,2024-Q3,"EBA, Risk Dashboard (anexo de datos)",https://www.eba.europa.eu/risk-and-data-analysis/risk-analysis/risk-monitoring/risk-dashboard,2026-09-16,,,tamano_empresa_empleados,ratio,media_ponderada_volumen,"hoja Loans_3, T23_5; muestra de bancos del EBA"
Italia,cartera_credito,"Ratio de cobertura | Sociedades no financieras, PYME",54.8925,pct_cartera,2024-Q4,"EBA, Risk Dashboard (anexo de datos)",https://www.eba.europa.eu/risk-and-data-analysis/risk-analysis/risk-monitoring/risk-dashboard,2026-09-16,,,tamano_empresa_empleados,ratio,media_ponderada_volumen,"hoja Loans_3, T23_5; muestra de bancos del EBA"
Italia,cartera_credito,"Ratio de cobertura | Sociedades no financieras, PYME",54.9997,pct_cartera,2025-Q1,"EBA, Risk Dashboard (anexo de datos)",https://www.eba.europa.eu/risk-and-data-analysis/risk-analysis/risk-monitoring/risk-dashboard,2026-09-16,,,tamano_empresa_empleados,ratio,media_ponderada_volumen,"hoja Loans_3, T23_5; muestra de bancos del EBA"
Italia,cartera_credito,"Ratio de cobertura | Sociedades no financieras, PYME",54.7019,pct_cartera,2025-Q2,"EBA, Risk Dashboard (anexo de datos)",https://www.eba.europa.eu/risk-and-data-analysis/risk-analysis/risk-monitoring/risk-dashboard,2026-09-16,,,tamano_empresa_empleados,ratio,media_ponderada_volumen,"hoja Loans_3, T23_5; muestra de bancos del EBA"
Italia,cartera_credito,"Ratio de cobertura | Sociedades no financieras, PYME",54.8501,pct_cartera,2025-Q3,"EBA, Risk Dashboard (anexo de datos)",https://www.eba.europa.eu/risk-and-data-analysis/risk-analysis/risk-monitoring/risk-dashboard,2026-09-16,,,tamano_empresa_empleados,ratio,media_ponderada_volumen,"hoja Loans_3, T23_5; muestra de bancos del EBA"
Italia,cartera_credito,"Ratio de cobertura | Sociedades no financieras, PYME",53.8075,pct_cartera,2025-Q4,"EBA, Risk Dashboard (anexo de datos)",https://www.eba.europa.eu/risk-and-data-analysis/risk-analysis/risk-monitoring/risk-dashboard,2026-09-16,,,tamano_empresa_empleados,ratio,media_ponderada_volumen,"hoja Loans_3, T23_5; muestra de bancos del EBA"
Italia,cartera_credito,"Ratio de cobertura | Sociedades no financieras, PYME",54.6542,pct_cartera,2026-Q1,"EBA, Risk Dashboard (anexo de datos)",https://www.eba.europa.eu/risk-and-data-analysis/risk-analysis/risk-monitoring/risk-dashboard,2026-09-16,,,tamano_empresa_empleados,ratio,media_ponderada_volumen,"hoja Loans_3, T23_5; muestra de bancos del EBA"
Paises Bajos,cartera_credito,"Ratio de cobertura | Sociedades no financieras, PYME",22.4720,pct_cartera,2024-Q1,"EBA, Risk Dashboard (anexo de datos)",https://www.eba.europa.eu/risk-and-data-analysis/risk-analysis/risk-monitoring/risk-dashboard,2026-09-16,,,tamano_empresa_empleados,ratio,media_ponderada_volumen,"hoja Loans_3, T23_5; muestra de bancos del EBA"
Paises Bajos,cartera_credito,"Ratio de cobertura | Sociedades no financieras, PYME",22.2585,pct_cartera,2024-Q2,"EBA, Risk Dashboard (anexo de datos)",https://www.eba.europa.eu/risk-and-data-analysis/risk-analysis/risk-monitoring/risk-dashboard,2026-09-16,,,tamano_empresa_empleados,ratio,media_ponderada_volumen,"hoja Loans_3, T23_5; muestra de bancos del EBA"
Paises Bajos,cartera_credito,"Ratio de cobertura | Sociedades no financieras, PYME",23.4470,pct_cartera,2024-Q3,"EBA, Risk Dashboard (anexo de datos)",https://www.eba.europa.eu/risk-and-data-analysis/risk-analysis/risk-monitoring/risk-dashboard,2026-09-16,,,tamano_empresa_empleados,ratio,media_ponderada_volumen,"hoja Loans_3, T23_5; muestra de bancos del EBA"
Paises Bajos,cartera_credito,"Ratio de cobertura | Sociedades no financieras, PYME",23.5126,pct_cartera,2024-Q4,"EBA, Risk Dashboard (anexo de datos)",https://www.eba.europa.eu/risk-and-data-analysis/risk-analysis/risk-monitoring/risk-dashboard,2026-09-16,,,tamano_empresa_empleados,ratio,media_ponderada_volumen,"hoja Loans_3, T23_5; muestra de bancos del EBA"
Paises Bajos,cartera_credito,"Ratio de cobertura | Sociedades no financieras, PYME",24.8494,pct_cartera,2025-Q1,"EBA, Risk Dashboard (anexo de datos)",https://www.eba.europa.eu/risk-and-data-analysis/risk-analysis/risk-monitoring/risk-dashboard,2026-09-16,,,tamano_empresa_empleados,ratio,media_ponderada_volumen,"hoja Loans_3, T23_5; muestra de bancos del EBA"
Paises Bajos,cartera_credito,"Ratio de cobertura | Sociedades no financieras, PYME",24.1545,pct_cartera,2025-Q2,"EBA, Risk Dashboard (anexo de datos)",https://www.eba.europa.eu/risk-and-data-analysis/risk-analysis/risk-monitoring/risk-dashboard,2026-09-16,,,tamano_empresa_empleados,ratio,media_ponderada_volumen,"hoja Loans_3, T23_5; muestra de bancos del EBA"
Paises Bajos,cartera_credito,"Ratio de cobertura | Sociedades no financieras, PYME",26.0920,pct_cartera,2025-Q3,"EBA, Risk Dashboard (anexo de datos)",https://www.eba.europa.eu/risk-and-data-analysis/risk-analysis/risk-monitoring/risk-dashboard,2026-09-16,,,tamano_empresa_empleados,ratio,media_ponderada_volumen,"hoja Loans_3, T23_5; muestra de bancos del EBA"
Paises Bajos,cartera_credito,"Ratio de cobertura | Sociedades no financieras, PYME",28.2921,pct_cartera,2025-Q4,"EBA, Risk Dashboard (anexo de datos)",https://www.eba.europa.eu/risk-and-data-analysis/risk-analysis/risk-monitoring/risk-dashboard,2026-09-16,,,tamano_empresa_empleados,ratio,media_ponderada_volumen,"hoja Loans_3, T23_5; muestra de bancos del EBA"
Paises Bajos,cartera_credito,"Ratio de cobertura | Sociedades no financieras, PYME",27.0154,pct_cartera,2026-Q1,"EBA, Risk Dashboard (anexo de datos)",https://www.eba.europa.eu/risk-and-data-analysis/risk-analysis/risk-monitoring/risk-dashboard,2026-09-16,,,tamano_empresa_empleados,ratio,media_ponderada_volumen,"hoja Loans_3, T23_5; muestra de bancos del EBA"
Portugal,cartera_credito,"Ratio de cobertura | Sociedades no financieras, PYME",65.8053,pct_cartera,2024-Q1,"EBA, Risk Dashboard (anexo de datos)",https://www.eba.europa.eu/risk-and-data-analysis/risk-analysis/risk-monitoring/risk-dashboard,2026-09-16,,,tamano_empresa_empleados,ratio,media_ponderada_volumen,"hoja Loans_3, T23_5; muestra de bancos del EBA"
Portugal,cartera_credito,"Ratio de cobertura | Sociedades no financieras, PYME",67.0652,pct_cartera,2024-Q2,"EBA, Risk Dashboard (anexo de datos)",https://www.eba.europa.eu/risk-and-data-analysis/risk-analysis/risk-monitoring/risk-dashboard,2026-09-16,,,tamano_empresa_empleados,ratio,media_ponderada_volumen,"hoja Loans_3, T23_5; muestra de bancos del EBA"
Portugal,cartera_credito,"Ratio de cobertura | Sociedades no financieras, PYME",67.4358,pct_cartera,2024-Q3,"EBA, Risk Dashboard (anexo de datos)",https://www.eba.europa.eu/risk-and-data-analysis/risk-analysis/risk-monitoring/risk-dashboard,2026-09-16,,,tamano_empresa_empleados,ratio,media_ponderada_volumen,"hoja Loans_3, T23_5; muestra de bancos del EBA"
Portugal,cartera_credito,"Ratio de cobertura | Sociedades no financieras, PYME",66.5630,pct_cartera,2024-Q4,"EBA, Risk Dashboard (anexo de datos)",https://www.eba.europa.eu/risk-and-data-analysis/risk-analysis/risk-monitoring/risk-dashboard,2026-09-16,,,tamano_empresa_empleados,ratio,media_ponderada_volumen,"hoja Loans_3, T23_5; muestra de bancos del EBA"
Portugal,cartera_credito,"Ratio de cobertura | Sociedades no financieras, PYME",64.3142,pct_cartera,2025-Q1,"EBA, Risk Dashboard (anexo de datos)",https://www.eba.europa.eu/risk-and-data-analysis/risk-analysis/risk-monitoring/risk-dashboard,2026-09-16,,,tamano_empresa_empleados,ratio,media_ponderada_volumen,"hoja Loans_3, T23_5; muestra de bancos del EBA"
Portugal,cartera_credito,"Ratio de cobertura | Sociedades no financieras, PYME",65.0000,pct_cartera,2025-Q2,"EBA, Risk Dashboard (anexo de datos)",https://www.eba.europa.eu/risk-and-data-analysis/risk-analysis/risk-monitoring/risk-dashboard,2026-09-16,,,tamano_empresa_empleados,ratio,media_ponderada_volumen,"hoja Loans_3, T23_5; muestra de bancos del EBA"
Portugal,cartera_credito,"Ratio de cobertura | Sociedades no financieras, PYME",65.3004,pct_cartera,2025-Q3,"EBA, Risk Dashboard (anexo de datos)",https://www.eba.europa.eu/risk-and-data-analysis/risk-analysis/risk-monitoring/risk-dashboard,2026-09-16,,,tamano_empresa_empleados,ratio,media_ponderada_volumen,"hoja Loans_3, T23_5; muestra de bancos del EBA"
Portugal,cartera_credito,"Ratio de cobertura | Sociedades no financieras, PYME",66.4617,pct_cartera,2025-Q4,"EBA, Risk Dashboard (anexo de datos)",https://www.eba.europa.eu/risk-and-data-analysis/risk-analysis/risk-monitoring/risk-dashboard,2026-09-16,,,tamano_empresa_empleados,ratio,media_ponderada_volumen,"hoja Loans_3, T23_5; muestra de bancos del EBA"
Portugal,cartera_credito,"Ratio de cobertura | Sociedades no financieras, PYME",67.9716,pct_cartera,2026-Q1,"EBA, Risk Dashboard (anexo de datos)",https://www.eba.europa.eu/risk-and-data-analysis/risk-analysis/risk-monitoring/risk-dashboard,2026-09-16,,,tamano_empresa_empleados,ratio,media_ponderada_volumen,"hoja Loans_3, T23_5; muestra de bancos del EBA"
